counts__tweet_count,counts__nlp_tweet_count,counts__tesla,counts__stock,counts__market,counts__price,counts__profit,counts__loss,counts__revenue,counts__inflation,counts__interest,counts__bitcoin,counts__dogecoin,counts__crypto,counts__ethereum,counts__spacex,counts__model,counts__cybertruck,counts__starship,counts__buy,counts__sell,counts__likeCount,counts__quoteCount,counts__retweetCount,counts__replyCount,counts__bitcoin_stockprice,counts__bitcoin_volume,counts__bitcoin_volatility,counts__bitcoin_volatility_std_10,counts__bitcoin_avg_volume_20,counts__bitcoin_volume_spike_20,counts__bitcoin_stockprice_sma_5,counts__bitcoin_stockprice_sma_10,counts__bitcoin_stockprice_sma_20,counts__bitcoin_stockprice_sma_50,counts__bitcoin_stockprice_sma_100,counts__bitcoin_stockprice_ema_12,counts__bitcoin_stockprice_ema_26,counts__bitcoin_stockprice_macd_line,counts__bitcoin_stockprice_macd_signal,counts__bitcoin_stockprice_macd_hist,counts__bitcoin_stockprice_rsi_14,counts__bitcoin_stockprice_bb_mean_20,counts__bitcoin_stockprice_bb_upper_20,counts__bitcoin_stockprice_bb_lower_20,counts__bitcoin_atr_14,counts__bitcoin_pdi_14,counts__bitcoin_mdi_14,counts__bitcoin_dx_14,counts__bitcoin_adx_14,counts__bitcoin_stoch_d_3,counts__bitcoin_obv,counts__bitcoin_stockprice_momentum_7,counts__bitcoin_stockprice_roc_7,counts__bitcoin_stockprice_momentum_21,counts__bitcoin_stockprice_roc_21,scores__neg,scores__neu,scores__pos,scores__polarized,scores__anger,scores__disgust,scores__fear,scores__joy,scores__neutral,scores__sadness,scores__surprise,scores__Extroversion,scores__Neuroticism,scores__Agreeableness,scores__Conscientiousness,scores__Openness,scores__arts_culture,scores__business_entrepreneurs,scores__celebrity_pop_culture,scores__diaries_daily_life,scores__family,scores__fashion_style,scores__film_tv_video,scores__fitness_&_health,scores__food_&_dining,scores__gaming,scores__learning_educational,scores__music,scores__news_social_concern,scores__other_hobbies,scores__relationships,scores__science_technology,scores__sports,scores__travel_adventure,scores__youth_student_life,binary__no_tweets,binary__is_trading_day,date,bitcoin_change_stockprice
0.09615384615384616,0.07777777777777778,0.0,0.0,0.0,0.0,0.0,0.0,0.0,0.0,0.0,0.0,0.0,0.0,0.0,0.0,0.0,0.0,0.0,0.0,0.0,0.10440574857003969,0.019078229401732552,0.1237562848376785,0.09751523946910363,0.07719016061082651,0.33342553513520695,0.1595641926939066,0.05379165972485163,0.5350743886984007,0.35611113542484685,0.07428156953038723,0.07681325966561964,0.06295857086598888,0.055080639581674695,0.05831548190474334,0.06920537008495242,0.06093407745571755,0.3325505626855139,0.3189110899585654,0.5583418845579602,0.5936409568758185,0.06295857086598888,0.0689504777202693,0.08900120588834903,0.07494227207497524,0.24814891132886402,0.3209279619605938,0.1337963470246974,0.09121662015252652,0.6874895313248268,0.3578013769265336,0.406076909078969,0.3722525263159589,0.39194949242189725,0.4253291067048087,-1.3568400142811026,-0.06334821522475043,1.330334651068226,-0.2620216045594187,-0.6624688246369963,-0.852837058037863,-0.5470195769110474,-0.12136065946083617,1.1527123771988417,-0.2771168148060669,0.058110926248730634,0.2636932198474398,0.12276287442350302,-0.053802142974162866,-0.34206001024876503,0.4019388481172919,-0.12424073508362068,-0.5207622194131307,-0.30594047980842415,-0.4606767231694326,-0.14776585926143193,-0.12269948162850539,-0.5971243952999516,-0.12404877957303144,-0.20791784590942808,-0.23174031433116993,0.8335567322303669,-0.2165404134548717,-0.977580300391114,-0.24847951214377975,-0.2453747459910611,3.9386695860272116,-0.35667776303263293,-0.27854670163046585,0.36153935195192394,0.0,1.0,2022-11-03,0.2504246891926076
0.2403846153846154,0.24444444444444446,0.0,0.0,0.0,0.0,0.0,0.0,0.25,0.0,0.0,0.0,0.0,0.0,0.0,0.0,0.0,0.0,0.0,0.0,0.0,0.35553281496082095,0.10922542231152867,0.39805310587441567,0.4157810435907416,0.09354799810640041,0.5168123087361111,0.2191420660678275,0.050710479662236574,0.5883781571421658,0.5418212305903384,0.07613525676095839,0.07878420302933625,0.06493622427934787,0.055650331888982885,0.057950447481934786,0.071940579028903,0.0626443943666588,0.33970592093129126,0.3217610057763351,0.5732131585954146,0.694892112431201,0.06493622427934787,0.0717294703730893,0.08976029608099989,0.08458775696387748,0.38425926001846633,0.2695861206595006,0.3804946278187268,0.10964131446947206,0.757880008518841,0.4251139557207857,0.4329297667882998,0.42517221326364296,0.42573601238806297,0.51834374923471,2.7444221282519097,-1.4182457867073335,-1.2363587169025432,1.0737036985381796,2.6654936180206033,1.4110721773950696,-0.3493119409918877,-0.6453916767414908,-1.6215962588733694,0.5993782896229142,0.025100535374999254,1.5214317051663249,-0.08265709752640195,-0.017398564909309487,0.026186710305131578,0.9456343399942536,-0.4962358637791604,-0.5807873555280001,-0.4502170968546226,0.6356125790684185,-0.1298369171630106,-0.19867860898650216,-0.6688602912956207,0.08695688666498981,-0.21785992379635089,-0.2934965225207694,-0.21331274693971192,-0.35637727493691573,1.110768713360558,-0.5035511224536523,0.024794397049649444,-0.6568373217944029,-0.38930009182878245,-0.28890736126042466,-0.21642958338611892,0.0,1.0,2022-11-04,4.63751969796804
0.40384615384615385,0.3666666666666667,0.1,0.0,0.0,0.0,0.0,0.0,0.0,0.0,0.0,0.0,0.0,0.0,0.0,0.0,0.0,0.0,0.0,0.3333333333333333,0.0,0.5179161439749977,0.10811049153014801,0.4612853999004064,0.3805287838954297,0.09591221947007333,0.28606814162757427,0.2154317974471926,0.05036803929017431,0.610484444215315,0.25907831940241394,0.07898635712083812,0.07974448610018797,0.06685206586597969,0.056245273079512714,0.057426186377526,0.07464980584008768,0.0644230631018955,0.34624101246659145,0.32547757202472116,0.5834928149972052,0.6918531215334938,0.06685206586597969,0.074700295385565,0.09017819423038176,0.08072023028840312,0.41508786710205636,0.25394286104789165,0.43483724203098545,0.13236257653040467,0.8661842215930939,0.464873696615848,0.42917967759793774,0.417376742486053,0.4332850318932594,0.5400890377817995,0.21183835326508857,-0.06421224932390483,-0.08657395057893404,0.48664747863757907,-0.5410237601192602,-0.8261484980512052,-0.7522957256886931,-0.31524123274393656,0.9473706297304576,0.04966903463515237,0.461189783524,0.4351379707927577,-0.22292597379345072,0.28553024164720237,0.2851053745061408,0.26811929861925754,-0.20835634687122007,-0.12846796323841436,-0.2032488116173473,2.149845476031115,-0.08210091828504312,-0.1690640869905241,-0.19154593913625942,-0.21083232064127497,-0.17834888770690338,-0.24445125769422127,0.7791358311707396,0.5177833302096345,-0.9406932629124044,0.8525022767289716,-0.1452258460686069,-0.25056343786961127,-0.3373544472817072,-0.22990860030484236,0.21330540679487342,0.0,0.0,2022-11-05,0.6405611254872046
0.057692307692307696,0.06666666666666667,0.0,0.0,0.0,0.0,0.0,0.5,0.0,0.0,0.0,0.0,0.0,0.0,0.0,0.0,0.0,0.0,0.0,0.0,0.0,0.14813478176831799,0.10874512020938022,0.17554013461198656,0.16870414232861114,0.08969531538617886,0.2617559564431548,0.21068320245396227,0.04964685776621484,0.618956561589207,0.22760900888981422,0.08058492556278479,0.08094547336119667,0.06816035583344437,0.05656002191962872,0.05683704729579159,0.0759040205975004,0.06555710056811159,0.34723852958978496,0.3286701129403932,0.5772771596697133,0.6264069029673285,0.06816035583344437,0.07629309112089744,0.0909601431571136,0.07857740400955009,0.38292563412051805,0.2879015082197782,0.3507757143491137,0.14477884325169055,0.9086237660103744,0.4280170397109708,0.42176488802285816,0.40316201431147974,0.4167068887834912,0.4930920851892418,2.125843914139251,-0.9771400835485169,-1.0483773608924651,1.4995283477472117,2.124903274385399,-0.15909815419200513,-0.1674897846217721,0.1288884032716386,-0.6631901142005333,0.012696434128114525,-0.9640914654945598,1.7389569219389893,0.05074698663609942,-0.49566684393892957,-1.0668873744042546,1.1414495668530553,-0.49724782095677905,-0.586057152388596,-0.5415390703948403,-0.5221197522037033,-0.20442789402376677,-0.2091796090757666,-0.6590384782258245,-0.25897271982451425,-0.23202145772950297,-0.30862596207459186,-0.49252632971950194,-0.4061918162459329,1.9518005639193885,-0.4759138010633057,-0.3377229538764691,-0.73848312242213,-0.42592180446327355,-0.3344188109153883,-0.4054580100648041,0.0,0.0,2022-11-06,-1.6736843631552811
0.3557692307692308,0.3666666666666667,0.0,0.0,0.0,0.0,0.0,0.0,0.0,0.0,0.0,0.0,0.0,0.0,0.0,0.0,0.0,0.0,0.0,0.0,0.0,0.5079627920944813,0.1418103767300718,0.5359693508746566,0.509171172552895,0.08404625257738768,0.4238881878392348,0.21767580568926914,0.04947031401221532,0.6444847071469729,0.39681034142402966,0.08219110114713057,0.08095946723738934,0.06936657892683507,0.05702621404300112,0.05621203680422876,0.07602189942743742,0.06614110262253692,0.34421547702550875,0.3305595767304268,0.5618208872865449,0.5501548790144797,0.06936657892683507,0.07673108623618963,0.09285501295059773,0.07922169088864871,0.3429440597498464,0.3874766732707249,0.16738055581178352,0.13736680334793588,0.7813041956399167,0.37180040007773774,0.4139005957331331,0.38778365922731645,0.3986495140714589,0.44272455552807055,-0.3534470642358719,0.17328463010419862,0.2245113977570761,0.25562446554441,0.4023061197580088,1.7166887509165536,-0.03879162043208262,-0.5886016572276804,0.545566095153256,-0.696513179494636,-1.0023822499107315,1.3762535102291618,-0.04808827984015131,0.008863071515467804,0.574336809373526,0.9325675429635416,-0.43790589022285303,-0.605325322180817,0.7244644380050688,-0.6362974214414153,-0.1350244222866974,-0.18523422192128003,-0.23537322268621308,-0.23015926912159315,-0.2118872788734144,-0.27489312494194196,-0.3004140587871573,-0.28915804612984514,1.4477217861106444,-0.7486977929912624,-0.2654266116878655,-0.5146724084238605,-0.33632730520120546,-0.31959580340026617,-0.26909953271260806,0.0,1.0,2022-11-07,-1.5466997985227438
0.19230769230769232,0.18888888888888888,0.0,0.0,0.0,0.0,0.0,0.0,0.0,0.0,0.3333333333333333,0.0,0.0,0.0,0.0,0.0,0.0,0.0,0.0,0.0,0.0,0.31171875028799495,0.04421141481251683,0.251485068992659,0.22371670865086749,0.048065780004116154,1.0,0.4751459027049858,0.23496255106423547,0.7519896413613797,0.9086182812736191,0.0761451354314599,0.07669053315172614,0.06879764228641289,0.05663111553553124,0.0552304015316043,0.07011299125281661,0.06371355210540913,0.32048434260307723,0.3268542437979293,0.49545896567002967,0.3552151796891633,0.06879764228641289,0.07813159353652038,0.09013056005963349,0.12746578332408787,0.1930210745085011,0.8811993864404613,0.45235821205357807,0.15991727528658406,0.5364371456449847,0.24679105564426873,0.3261610914126434,0.21426833071390244,0.3436970866856126,0.2946496368270184,0.4807249601055611,-0.9642861508861864,0.42752647813383343,0.8755100979023607,-0.23430351103489894,5.9078902014052055,-0.47316851761519085,-0.21995014359454898,-0.9873550416487951,-0.8815699307981112,-0.5158767349549059,1.438321249352919,0.10169469480988216,-0.13009020550935324,-0.22997037201276782,0.701219399914368,-0.35341141855618285,-0.5994482106499832,-0.44333344278788217,-0.671955879870821,-0.1733542270386607,-0.2018984728991804,-0.6380249167150109,-0.20349743727673916,-0.2156137349222504,-0.27591278440551514,-0.0987401404196585,-0.27609530293476864,1.6821386224132648,-0.5666400148000521,-0.31243996710175226,-0.4869748101317376,-0.21171656401231323,-0.33752780527623494,-0.09964914123954234,0.0,1.0,2022-11-08,-10.006131594948432
0.21153846153846156,0.22222222222222224,0.0,0.0,0.0,0.0,0.0,0.0,0.0,0.0,0.0,0.0,0.0,0.0,0.0,0.0,0.0,0.0,0.0,0.0,0.0,0.1639881137794856,0.03772339953103618,0.13092541724896792,0.22123093529031315,0.0016318022475204086,0.8584626867788822,0.8226438162788101,0.559903605215197,0.8392822112797773,0.6968099018375423,0.05706414015186867,0.06777696308952036,0.06578022159845415,0.05544525406201667,0.05370882588027337,0.05735878401987354,0.0576351406483005,0.27473623279735915,0.3138329995103565,0.38495954812331934,0.14842966449194864,0.06578022159845415,0.09016976513274877,0.07042920603479946,0.16933971922759,0.11211011350292066,1.0,0.6342176624587919,0.19963981855528262,0.2744014553284786,0.13868248359753554,0.2262864759338085,0.0108995869659122,0.2702681660587688,0.09285201858422404,0.058166423618741275,0.8133247482494941,-0.6858389958616637,-0.9405240469039182,2.6020868620570354,-0.13599162656919275,0.38937364850186423,-0.40555180808714264,-0.5098539185844778,-0.4722299112759668,-0.8231253478524421,1.3271201184479435,0.2451483513312152,-0.20411004411168723,-0.5087167638729048,0.7988225406873688,-0.3776343952830407,-0.2747892720053014,-0.43318004620188694,1.4776080297584437,-0.12002476234191875,-0.1105043646458441,-0.5283635619202626,-0.20623945315172112,-0.1719209582215116,0.4595217142717053,0.6573730109116563,-0.3601109883688283,-0.85297036760574,0.9799611037479927,-0.02528212875370895,0.7454339112015567,-0.20502249405121664,0.20994587397250922,0.2870646985082447,0.0,1.0,2022-11-09,-14.349022466876317
0.2884615384615385,0.2777777777777778,0.0,0.0,0.0,0.0,0.0,0.0,0.0,0.0,0.0,0.0,0.0,0.0,0.0,0.0,0.0,0.0,0.0,0.0,0.0,0.34239078278476354,0.0706784227823822,0.2754887314667566,0.2661426961236115,0.03140673915238834,0.6851154777283098,0.9597321698775592,0.7959294620584629,0.8957727101156041,0.5066597083417672,0.043673368765515586,0.06232363887544429,0.06427225560044564,0.05506679243944401,0.05260525020262974,0.05153910488391367,0.054463334886459325,0.2564616160251462,0.29939862678210194,0.3681979170104448,0.2558618541090294,0.06427225560044564,0.09234027893198543,0.06496406126282861,0.19510898126314108,0.06978641672593586,0.82472193339569,0.6342176624587919,0.2365250373047884,0.17312514426853465,0.2260919081377546,0.29710567040154967,0.1537833259515082,0.3236297694618333,0.23848773424447703,-0.9492164215575449,-1.188831912048794,1.9086600770065447,2.005960925342429,1.0399091549958213,-0.9869588557941226,-0.8244369768048511,2.370064385829662,-1.1845254517621346,-0.7118747780840934,-0.7262240804845245,0.6950726265108927,-0.31827132744232356,0.23232203210510105,0.4022712409358864,0.18508643351149012,0.018286840870191466,-0.6017827616832837,0.35735623237849407,1.2584516985128833,-0.04484916349636643,-0.18875676130765112,0.3268111078352572,-0.2376306196605219,-0.03432785124534762,-0.2606083962434333,-0.378922829839355,-0.2909778259056997,0.04930216105214564,0.4838258087704833,0.4961364994531319,-0.6851820305362997,-0.37664405183594646,-0.3345105856152249,-0.27961348004292624,0.0,1.0,2022-11-10,10.742489862358797
0.31730769230769235,0.2888888888888889,0.0,0.0,0.0,0.3333333333333333,0.0,0.0,0.0,0.0,0.0,0.0,0.0,0.0,0.0,0.0,0.0,0.0,0.0,0.0,0.0,0.2629721228242786,0.0765459822335465,0.2622202946042761,0.23219843358658898,0.021764243435784036,0.4446583567658668,0.9681596954152454,0.9309902863949492,0.9400441912370077,0.2836252906115714,0.029571474631285788,0.05585430139964043,0.06220492405318717,0.054129429669722284,0.051415525171440546,0.045004487562413154,0.0507309974839123,0.2370575779480471,0.28358546639514476,0.3518436144199392,0.24130407536320056,0.06220492405318717,0.09533498607604302,0.05744995907525874,0.19781006947943086,0.0523249590254487,0.7524075851958735,0.6342176624587919,0.2707755975721868,0.1697289239855338,0.16739513171603648,0.2333784674163169,0.04166660210294032,0.30364039531331777,0.18456891897445551,0.20365715946530688,-0.21163641335274233,0.04482517237716091,0.26980209304940833,0.5482764536173372,-0.00789867430224021,-0.5948515290156858,0.02877097050962085,0.4767109362302661,-0.8615822419996343,-0.23519153037074328,1.1126362777860614,0.03750044160671153,-0.34936486536560196,-0.7066431778333797,0.8260958824256658,0.16799536685014616,-0.4640836690989777,-0.3834834395739355,-0.6111769753797914,-0.16049355244320948,-0.19286463181336555,0.32587846880784077,-0.18032962067160027,-0.19362697138720547,0.17607513821013102,-0.2759493377232925,-0.3171178506439211,1.0980511414849177,-0.07762773388826723,-0.30814146540236664,-0.5563191645685693,-0.24100657838486125,-0.1688957377331761,-0.2724896897225636,0.0,1.0,2022-11-11,-3.141443647663533
0.2403846153846154,0.17777777777777778,0.1,0.0,0.0,0.0,0.0,0.0,0.0,0.0,0.0,0.0,0.0,0.0,0.0,0.25,0.0,0.0,0.0,0.0,0.0,0.16323094044687972,0.028375618290533953,0.17445103047242702,0.128928874760719,0.017660876075323018,0.21455436601115863,0.9662774170539246,0.9976532763873225,0.948492668245301,0.09128845759912922,0.015790453301654572,0.049554922515931354,0.0595727811116728,0.05314510719362664,0.050221797014850356,0.03878994356899862,0.0469366126398954,0.22020254276135587,0.2672296327123757,0.34540676881033616,0.20852928056047357,0.0595727811116728,0.09798096744361173,0.04921220881178179,0.18710749184535624,0.04605597720052282,0.7264454151226747,0.6342176624587916,0.30257968924905654,0.22665774388934262,0.1361747506314921,0.2175263113656845,0.013636238355034691,0.29557479935183933,0.16287745706072962,-0.6902778437208962,1.8971645816564469,-0.9211313064933963,-1.0013517484697578,-0.6324500924455901,-0.8579502808235371,1.185388951100831,-0.5321020294159955,0.8381060575093712,-0.5422864483146409,0.40060881771912077,0.7873422943408124,0.0244326428796016,0.32400272185365764,0.14313729410032952,0.4370235684493166,0.2093773981756671,-0.16026540073273035,-0.06452496221479484,1.1928211402881876,-0.07786586478480846,0.008436027430217955,-0.4013278226164679,0.10785436271864274,-0.1608359812823129,-0.06642289082479752,0.26386493866991034,-0.1661680054330629,-1.0880065341863636,2.525698737883716,-0.05601285482937291,0.4344888349346842,0.012444765092010701,0.2497782914495787,0.05386089727638721,0.0,0.0,2022-11-12,-1.3802006476365758
0.4807692307692308,0.45555555555555555,0.1,0.0,0.0,0.0,0.0,0.0,0.25,0.0,0.0,0.0,0.0,0.0,0.0,0.0,0.0,0.0,0.0,0.0,0.0,0.30934057231343237,0.054291459913671604,0.2592067852151703,0.2387760387653317,0.009879903002020185,0.19248426919040895,0.9713788731344479,1.0,0.9451606023193346,0.07367255829135673,0.007863400489953043,0.04232515224248945,0.05672725280059959,0.05212722085451199,0.04880205039115548,0.032232079603764674,0.04278138378448193,0.20340362258770944,0.2504519963659794,0.3404036137915769,0.17417557449010726,0.05672725280059959,0.10093254765788456,0.04020286590582001,0.18070269228888658,0.037044441960666585,0.7458990629868688,0.6641678113401605,0.3352053732738969,0.15020308459533688,0.10758972890506979,0.21369275503555835,0.0,0.2716116661937732,0.10225982530793931,0.26783102131116826,-0.22307605659971044,-0.003547244985914674,0.9714890490921222,-0.19323658658284348,-0.511605962272765,-0.7276943613265783,0.7590602246350431,-0.25902962306949673,0.17222609565143548,0.2653842443715412,0.9076756112579686,0.040678047169504815,0.23555030403113755,0.23616943027158904,0.5628398782826809,-0.165273820146325,-0.4045793814008273,-0.30096752810024563,0.5553057464915854,-0.06582087696997112,-0.177128922939067,-0.4309487270465722,0.21624257870193234,1.1686374978111336,-0.23876461721795808,1.10528474020161,-0.2671118280553189,-0.36243785514857785,-0.1664289619720043,-0.09249687846947323,0.7535858877816256,-0.3453071285067314,-0.2250844756780506,0.7896546518288966,0.0,0.0,2022-11-13,-2.6538209918333333
0.42307692307692313,0.4222222222222222,0.30000000000000004,0.0,0.0,0.0,0.0,0.0,0.0,0.0,0.0,0.0,0.0,0.0,0.0,0.25,0.0,0.0,0.0,0.3333333333333333,0.0,0.11686961787322273,0.025775687894969743,0.09189436653655245,0.09502512541001515,0.014502092802574362,0.3897463169683525,0.9763434483106794,0.9724163503191265,0.9472409844165954,0.23589945667137407,0.010535159814120398,0.03383486032109689,0.05342007025277501,0.05126682435716262,0.04750366047497784,0.027455012291978498,0.039315268007316884,0.19403406334087242,0.2349701420651167,0.3557733565726673,0.20480505405641422,0.05342007025277501,0.10167165645596998,0.03279765887132957,0.18689201170252784,0.019790207712550828,0.7439351706179391,0.7023629099059315,0.3694455198967985,0.12441084794126188,0.15972953554413216,0.23886774777918088,0.04355395117698985,0.2860933732448412,0.13857205390632465,-0.8337945191574146,0.35419606378970975,0.5064342404565595,0.14134167564582606,-0.3299764030292583,-0.7950924649104736,-0.0757129415531957,0.06046978337039899,0.5623281237590981,-0.5598302009742325,0.45508864290497464,0.07780983473193916,0.189629861117195,0.11101766947924058,-0.07837441252998023,-0.07959992097827726,0.33071287663653287,0.6176715107103609,1.0998643044172096,0.623829022194993,-0.04473667452114533,-0.08154152500418134,0.22494202012981698,-0.17024409823450995,-0.09229433651433054,-0.07072779072471407,0.8067654223424775,0.14638657734385774,-0.9747169653378076,0.6242714577563185,-0.07853223592812295,0.06385346745316511,-0.26325704679938977,-0.1485405868515102,0.2254064692946343,0.0,1.0,2022-11-14,1.6194463988263186
0.4134615384615385,0.4666666666666667,0.0,0.0,0.0,0.0,0.0,0.5,0.0,0.0,0.0,0.0,0.0,0.0,0.0,0.25,0.0,0.0,0.0,0.0,0.0,0.3691738540995062,0.05426311421583989,0.27816169501871396,0.2267609852228153,0.01915185995884705,0.2751003671528659,0.978507775761577,0.8901086878921999,0.9224190124984055,0.14707978313440073,0.007991154485582519,0.02559005804150538,0.04972472637243103,0.05034569295740643,0.046215874263485446,0.024189378269356798,0.03648949495359627,0.19060799920623972,0.22183149414233655,0.3835669808463449,0.23070656046830842,0.04972472637243103,0.10000527399339504,0.027362314111038843,0.178772125280375,0.013136191053407437,0.7112999849047013,0.7023629099059316,0.4012399417609218,0.12970622270192927,0.19817962984659254,0.33845306899231686,0.22388300767733046,0.27168309462394036,0.10919481382564322,-0.26226486459769754,-0.38669662794391835,0.6131369142436645,0.883410059687278,0.04214124401235312,-0.49331108474169033,-0.540073744803286,1.0096481659445256,-0.712648993216275,1.2577346030396401,-0.7449094906373108,0.7512397289651058,-0.031946096551734554,-0.030697121522370655,0.39626210450358046,0.4364782593114754,0.1253998779314206,-0.45740463860637626,4.5249767011275255,0.36016738142873506,-0.09698904858215351,-0.1356780949522278,0.05751640399843035,0.2865212331031503,-0.19448249145695914,-0.1595226704387394,-0.24577690521397255,0.13261987145598633,-0.7280836671393012,0.7256462942101777,0.41415068298058594,-0.252740695387165,-0.07119858147042725,-0.294660317553381,-0.1939788148370616,0.0,1.0,2022-11-15,1.6031463998783302
0.2403846153846154,0.2,0.0,0.0,0.0,0.0,0.0,0.0,0.0,0.0,0.0,0.0,0.0,0.0,0.0,0.0,0.0,0.0,0.0,0.0,0.0,0.06362381780753223,0.007675385068431239,0.06870190994811495,0.04515483995121055,0.015396396791788836,0.25157500396203963,0.9749787520223114,0.7317353955922211,0.9049411700013581,0.13111189371084658,0.0066692454289699055,0.017609638234995617,0.04628560652782071,0.04938396312630716,0.04475435009078793,0.020798996225216637,0.03356322271305667,0.18700244742791172,0.21052795388255446,0.40533386120489623,0.22111484843490145,0.04628560652782071,0.09893828189458992,0.021752669647448875,0.17162845096528917,0.006286869273634532,0.6977306597190801,0.7124535844016997,0.43180551917707954,0.14929858872581658,0.16253866622179514,0.4430587423181407,0.46479876967180705,0.24518500835910398,0.050411116780549214,0.3454467007875819,0.4807835941944023,-0.6657408669704159,-0.8500600649888602,0.3541756684945207,-0.4543491185657923,-0.5778051956832505,-0.40815061802216995,-1.2017074913970367,-0.46138399715864814,3.995966032072493,0.4712551192200484,0.4443148547229614,0.30091664132750945,0.4868256894679186,0.29300216467288076,0.03587217652861082,-0.113048620277877,2.1923493699754695,0.5271470241530879,0.1265901474679353,-0.13347132667900388,0.10531735295612966,-0.09696855689680356,0.20588740729263436,-0.15208197546794155,-0.13034878972995645,-0.06532246947477649,-0.5158692091164039,0.33745705055194153,0.15374302525800104,-0.49095146617476826,0.4316487123550698,-0.27663416475799196,0.06073672991368444,0.0,1.0,2022-11-16,-1.27437818409466
0.23076923076923078,0.2111111111111111,0.0,0.0,0.0,0.0,0.0,0.0,0.0,0.0,0.0,0.0,0.0,0.0,0.0,0.0,0.0,0.14285714285714285,0.0,0.0,0.0,0.15553276580967965,0.019257752154666727,0.13283215266734133,0.11324014335880359,0.01571191719293885,0.19828862284250093,0.9750033319511477,0.4347558931137442,0.8869888481600556,0.08891099514260324,0.0062646586759237954,0.010269872140366065,0.04256933552070824,0.04830479170798052,0.0434285883599112,0.01798290256165669,0.030879740971989866,0.18565857052752371,0.20118969219358104,0.4286447461107592,0.23517463407391934,0.04256933552070824,0.09654317929495088,0.01710590689827607,0.1599510271695408,0.0028295255685774623,0.6803181813068164,0.7124535844016997,0.46018784106351185,0.15359539810945244,0.19181677769037542,0.3708532747943776,0.29011635687811044,0.260155546458319,0.08173818531121019,-0.4315247097272699,0.2230716797119604,0.2531928613324,0.28190033954492977,-0.34364751627897894,0.029331497572540492,-0.5818437931431926,-0.3265984337453459,1.2917716585061976,-0.8468445285059615,-0.29986133241277313,1.1299304278397295,-0.13536429240740405,0.08797393859742392,0.19440083555352916,0.7721267950888403,-0.2412063874423874,-0.5610848944118876,-0.3475676645010847,-0.5381445836885044,-0.17673484886677648,-0.19718161155634142,-0.14851424862388254,-0.23593418294498122,-0.21605073996197863,-0.2357396554424621,-0.2671655526007156,-0.22544737072508006,-0.11118836953038848,-0.3808086921268122,-0.29247463578657934,2.008457745478875,0.48283449858640254,-0.30562660688736704,-0.23800101987041855,0.0,1.0,2022-11-17,0.1084507073608298
0.31730769230769235,0.2888888888888889,0.0,0.0,0.0,0.0,0.0,0.0,0.25,0.0,0.0,0.0,0.0,0.0,0.0,0.0,0.0,0.0,0.0,0.0,0.0,0.9999999999999999,0.4967095369100355,1.0,1.0,0.015890982519995933,0.18943164622234007,0.9749961756490775,0.1281692720345027,0.8719512593452385,0.08399558530220085,0.0075125060094213825,0.006813988852017561,0.038650633985048755,0.04717201229293666,0.04194458503691645,0.01562995755315222,0.028409808068762754,0.18602283068617265,0.19379915951433663,0.4517474692809006,0.23201854057385699,0.038650633985048755,0.09287876517340748,0.013503332334184881,0.1513336169917212,0.03230457833063094,0.6548448665457082,0.6256949295712926,0.47758224133645866,0.14201407367118352,0.22003728998255934,0.3949260668295237,0.3444952656981927,0.25124333746664296,0.06321281708985632,-1.0233721767295438,0.7687052985626571,0.3290938515576788,0.1619812812087779,0.057269354904912834,-0.8223101029749142,0.3500514693481541,-0.05322862234314123,0.4782462661566445,-0.7349769990841035,0.27540506126792064,1.062533211735195,0.39168489934737716,-0.14530784863381493,-0.5232398292854513,0.6519058190765737,-0.16311107583796416,0.05568295891619455,-0.192894298642528,-0.019465169875679852,-0.08076779670064883,-0.18793772427208116,-0.6031289396914318,-0.22235621511758988,-0.2045983987831541,-0.2821323725731841,-0.29993173365159254,-0.2644675785177907,0.6700254627507083,0.0429643221757717,-0.08017915637427366,-0.7068208248235054,0.8365870289399154,-0.33328625283230573,-0.22118682029735393,0.0,1.0,2022-11-18,0.0614816768100379
0.2884615384615385,0.2777777777777778,0.1,0.0,0.0,0.0,0.0,0.0,0.0,0.0,0.0,0.0,0.0,0.0,0.0,0.0,0.0,0.0,0.0,0.0,0.0,0.46636519814115296,0.17095920266701523,0.5921096172072029,0.5760786997582231,0.01613130434671456,0.09479964924726952,0.9753107764021585,0.013260014419846705,0.8548290781867989,0.0026749079245379642,0.007850716022278326,0.0083713750956671,0.03491893556026143,0.04610031096750955,0.04046137650202697,0.013679137247586681,0.026142659069019913,0.18775675312001203,0.1882679080193272,0.4738010805791227,0.15322459863331736,0.03491893556026143,0.08898803238777642,0.010529682495892478,0.14037545266720391,0.02850471944358407,0.6394210885822987,0.6256949295712925,0.4937341844470521,0.14576740907841368,0.2369579280226488,0.40557251356069485,0.36969123292143413,0.24500847311027885,0.050677860445827116,-0.6380975142038887,0.9178846166952612,-0.14456628084600778,-0.522936246685757,-0.5811782028349397,-0.09946196592611423,1.0261948207495517,0.10898844134141342,-0.47015411600974605,-0.9004282778224033,1.7526446368097979,0.6292940192754148,-0.025975990612191843,-0.08838221789529875,-0.24454678676031874,-0.12278185999241673,-0.12777043026210802,-0.5572718254810554,0.2751160320239533,-0.18195135388694939,-0.15691017379577568,-0.19369304108616683,-0.4634840483073315,-0.2176018964394753,-0.1836323949773544,-0.24578225778908508,0.23088808564446625,0.19354431689393445,0.7932595829461067,-0.014311514467829162,-0.0892776247833802,-0.4414721225553051,0.024367031897242642,-0.3284631419042061,-0.15663385468106023,0.0,0.0,2022-11-19,0.0824632582321127
0.3557692307692308,0.3111111111111111,0.0,0.0,0.0,0.0,0.0,0.0,0.0,0.0,0.0,0.0,0.0,0.0,0.0,0.0,0.0,0.0,0.0,0.0,0.0,0.6247913687646708,0.11366152402219153,0.6326201146932677,0.4368030465916112,0.008805954186308251,0.14061256436946248,0.9786655073951305,0.008779187199531807,0.8277153641394472,0.04787230723523343,0.0057029968160571265,0.005943833007597099,0.030921072389483495,0.04491040934949869,0.03880110692810029,0.010805127403014092,0.023439125153671525,0.186155849405709,0.18349097417714683,0.4827483169906632,0.12636633318058868,0.030921072389483495,0.08509776362476412,0.007027287556948092,0.13536214723853568,0.02015580990626223,0.6733095516531038,0.665593222832353,0.5128531953981633,0.12400775787903932,0.214566833936503,0.4066892520893104,0.3722113179848308,0.2379550319642225,0.030027305099509183,-0.6890764928357231,-0.2647876894844449,0.8963085060381055,0.449042181400837,-0.17778631038751994,-0.5255502752163121,-0.08535845442033978,-0.16499541850267638,0.8046556627664266,-0.254809927356588,-0.3117783910442473,0.013463524283665885,0.15036373720639418,-0.18857389804972693,-0.5197269654461519,-0.02405942861660867,-0.11949980473122059,-0.5989643606211222,-0.19783125261065318,-0.25629639257036624,-0.14408350327568517,-0.19271716223903373,-0.5463577220485032,-0.22002690004380182,-0.2147296528753925,-0.24640154745094667,-0.1883875175136928,-0.06008108089437463,0.857886026693183,-0.3034589341088617,-0.16528040856035145,-0.6888730171458426,1.2546140589221315,-0.3381009434144224,-0.19499906508536763,0.0,0.0,2022-11-20,-2.5115259939095247
0.38461538461538464,0.41111111111111115,0.1,0.0,0.0,0.0,0.0,0.0,0.0,0.0,0.0,0.0,0.0,0.0,0.0,0.0,0.0,0.0,0.0,0.0,0.0,0.5256275894203642,0.09028262235499207,0.481180023452685,0.3848767169271327,0.0,0.28240319922971685,0.9852468811026691,0.010962834769190499,0.8250548592088254,0.17856076390273706,0.002506840015161216,0.003606143540852258,0.026453379713606617,0.04362730970441098,0.03703320973162921,0.006902699891953357,0.020209385242452804,0.18110166929760027,0.17855834780251212,0.4809015911581757,0.12191540259056807,0.026453379713606617,0.08089327679463598,0.002950431542063703,0.13442084297371193,0.009047314488857705,0.761194293171737,0.7353034933705681,0.5378063833062285,0.07436354098227597,0.17524471868140123,0.3737766716780371,0.292078362617052,0.2270932863441289,0.0,-0.133988346766038,0.13993765665253483,0.05423343448997153,0.16321619133610019,-0.15173446652888592,-0.4315174242673778,0.6393805973689172,0.796313910127232,-0.7076331917848926,0.576570791784682,-0.3728235249281199,0.5792576676816205,0.20984942693120986,-0.04581299345713759,0.021687758669663174,0.6195690461886985,1.4296944311841067,-0.46028746844557733,0.24617254107936226,0.9266771367065028,0.04015383456321796,-0.06675820704514214,0.14059045425540703,-0.12817790838833465,-0.15405291682307887,-0.18066241053151116,0.573552683184821,-0.0873339579356542,-0.8575250184476318,1.5294680192200678,0.04644509714655092,0.017347249185848082,-0.17127618202218498,0.3483843228971688,0.08382378959742039,0.0,1.0,2022-11-21,-3.0969374751391165
0.27884615384615385,0.2555555555555556,0.0,0.0,0.0,0.0,0.0,0.0,0.25,0.0,0.0,0.0,0.0,0.0,0.0,0.0,0.0,0.0,0.0,0.0,0.0,0.2898662757184883,0.037690329550232514,0.2450548567940501,0.23164427107372967,0.007024641083186733,0.22343275650001582,0.9894504436032947,0.012381072122847779,0.7974176285411876,0.13100069473685644,0.0007034377649508539,0.002463709411207382,0.022678242688150163,0.042274481882218606,0.035369137328499,0.0047737438962096035,0.01779839950521822,0.1825814279743564,0.17493754758264812,0.49646163896238044,0.17191136030207835,0.022678242688150163,0.07643072642029192,0.0005419549581541783,0.1317089984230712,0.0,0.7127300929729887,0.7353034933705684,0.5609772006494321,0.0800027112781105,0.20752525594241833,0.37959752295597,0.3074122577471802,0.23939250003809903,0.031294348975432484,-0.2669717185607364,0.6166943637225567,-0.22661157121998382,0.1991491766539997,-0.2185194261782196,-0.8225639597504274,0.30895449015943127,-0.5261089253712974,0.5827100071317446,-0.92031722467017,1.3968229094403715,0.7488741277311184,0.021533453925990785,0.431634413755933,0.5582811591477406,0.24011688994737845,-0.18086809887511449,-0.5978262494202562,-0.2792757208788459,1.6063227107710192,-0.11208439720220088,-0.18713657383204169,-0.25292749119789004,-0.22319008268830548,-0.21386355737158055,-0.2739697965966772,-0.10090435888077631,-0.308722637779722,0.25459103220569296,-0.48250537545156796,-0.06671007099726259,-0.5337454057640715,-0.20936091605892504,-0.3041827033505697,-0.004090637665209259,0.0,1.0,2022-11-22,2.5494274188105903
0.6923076923076923,0.6555555555555556,0.0,0.3333333333333333,0.3333333333333333,0.0,0.0,0.0,0.0,0.0,0.6666666666666666,0.0,0.0,0.0,0.0,0.0,0.0,0.0,0.0,0.0,0.0,0.6582179541009439,0.13390192703502427,0.7675116058663839,0.7152400478634359,0.014371330458277543,0.24307046088377393,1.0,0.020364330938099567,0.78598451690495,0.15256866705712102,0.00038797133876422585,0.002946131999712276,0.019255399084941616,0.040806485510955504,0.033828556526488585,0.004199198929165593,0.016172087611002917,0.18935029726462543,0.17352893323844126,0.5227011813375871,0.29803011081352704,0.019255399084941616,0.07094338487413998,0.0,0.12673490642016927,0.06125419273776461,0.6760113065549582,0.5720344673037422,0.5656301976744499,0.1866986234105928,0.24215070398656846,0.4068090637794222,0.372626154337362,0.2616303574085533,0.0838381330837632,-0.03162512747308557,-0.16915602007939162,0.2217205386575184,0.22949743136488607,0.3280916816743866,0.28568189214625694,-0.4433742821036583,0.8811790804264833,-0.8407174352946113,-0.6228868768559225,0.6190942285614859,1.2084234863482495,0.2799469357709423,-0.3603579287448689,-0.4035366844665156,0.8970142219715523,0.7895411493416433,-0.15591491078790448,-0.14834747901081474,0.9499755623974783,-0.11033764340820282,-0.07106971024639228,0.4574132845964808,-0.20942150133786058,-0.20093244002876975,-0.24354677904499664,-0.1665211332934394,-0.3109094805302689,-0.20457255692981133,0.03248391148235918,0.022979245302743614,-0.4045422852167224,0.02879503714446614,-0.2908276267179473,-0.1851629252077466,0.0,1.0,2022-11-23,2.600021570334854
0.2980769230769231,0.32222222222222224,0.2,0.0,0.0,0.0,0.0,0.0,0.0,0.0,0.0,0.0,0.0,0.5,0.0,0.0,0.0,0.0,0.0,0.3333333333333333,0.0,0.3333130584875235,0.046677490523875736,0.33237273705684867,0.21076695802399828,0.014262384563498487,0.18298106681311752,0.9789869590855882,0.02003982949244779,0.7437430613122235,0.10467562507761834,0.0,0.002920385024990535,0.014935320941449226,0.03940541910987183,0.03233862507571533,0.0036948517948763304,0.014657255518344847,0.1958615773223172,0.17383344079113877,0.5430211440958537,0.5123000272474411,0.014935320941449226,0.060758401815689755,0.0030287031973660894,0.11833953377158786,0.08004016868908168,0.654897840470725,0.5180486330330774,0.5643750693996789,0.34849758106979384,0.2147004463493356,0.40576869058188214,0.3701070013537243,0.2599409703354472,0.08014208458459698,-0.8247794227586125,-1.0715227070742053,1.6975301058872634,1.141814829171183,0.4247068884999743,0.3629104584249463,-0.5429347722743372,0.898229756130524,-0.10821102274192616,-0.8291983368427867,-0.7605857919196688,1.4084527872784414,0.03177012293165746,-0.029000619355335315,0.1802146041681973,0.8952628586859792,-0.5249882629859886,-0.32998861958550635,-0.24022184606645441,-0.415123667794,-0.1731881201983284,-0.09782079315619345,-0.6301167310777117,-0.1725588300949281,-0.22262439760771685,-0.2889444242709691,-0.4315670843720577,-0.30541568605986347,1.3261963545375604,-0.6987672766421514,-0.22662199159324795,-0.07780212136794443,-0.3267795441130927,-0.29854195965431146,-0.3201881964286071,0.0,0.0,2022-11-24,-0.0375793004370961
0.2692307692307693,0.2888888888888889,0.0,0.0,0.0,0.0,0.0,0.0,0.0,0.0,0.0,0.0,0.0,0.0,0.0,0.0,0.0,0.0,0.0,0.0,0.0,0.2976693880424857,0.0473168434860799,0.3002955680850722,0.31142486323182367,0.012820351338579838,0.11742857084848701,0.9609230649340819,0.026117571326631412,0.7224041929091144,0.04310092271265446,0.0008333536043039214,0.0022403199883227476,0.010407849343810893,0.038052673621830735,0.030943808732032396,0.0030272804704451484,0.013135669309854936,0.20132363617375076,0.17527779164259563,0.5565412406067348,0.271674881818587,0.010407849343810893,0.047629335200637446,0.008999542077449185,0.10952051317651969,0.07464316320835129,0.6650868259642567,0.5361938759342971,0.5650836712761607,0.49625565301871116,0.19507772046657257,0.4017953539466255,0.36047195241835356,0.2295681243999401,0.017185861700883764,0.1450346352838054,0.42791286046765165,-0.4401536181464924,0.1587774106676801,0.15438683045076101,-0.09611416437112842,0.07988075232496447,-0.07313554017622961,-0.1647235566994663,-0.35585932138211723,0.7498716693011533,0.7569892234306494,0.060725991363386085,0.15890484326672757,0.6499872319291431,0.5670015175438464,3.2227591099491515,-0.26647295384655434,-0.2189764609612708,0.05350779478634233,-0.07822898352312804,-0.17173961069071716,-0.2032134511010849,-0.20687972451618752,0.4912593713523088,-0.18059364979104597,0.05994833016087647,0.256964095344562,0.08019348340987635,-0.36908376938422305,-0.1999892935969856,-0.3799087179242715,-0.22622816111282318,-0.07941366969022025,-0.09572230334753214,0.0,1.0,2022-11-25,-0.4975953615638517
0.2692307692307693,0.23333333333333334,0.0,0.0,0.0,0.0,0.0,0.0,0.0,0.0,0.0,0.0,0.0,0.0,0.0,0.0,0.0,0.0,0.0,0.3333333333333333,0.0,0.2060812741155467,0.014264185053313533,0.17262943151334073,0.12721140504070852,0.011815737926491376,0.11146130446205194,0.9580511507578668,0.031564658433091225,0.7033866053672374,0.04027906909497615,0.0032861970612547697,0.0018557227227155582,0.006164382649490985,0.03683822565405703,0.02956244061887392,0.0022946444193547855,0.011643915259983317,0.20615511769309813,0.17749539496164835,0.5657130697525056,0.33439176039954854,0.006164382649490985,0.03303067319200287,0.017208074233371784,0.10199093276315487,0.08117774471777658,0.6438370878008266,0.5082069014575672,0.5628511062546077,0.5537316410098604,0.1761675375074594,0.3987439991805349,0.35308971744214535,0.22381970626628586,0.005198486114303458,-0.9110683719357305,0.37182114849035597,0.5614422042805571,0.7346460393103826,-0.24168828830284925,-0.4325949955559211,-0.6701230318629889,0.24127065418354804,0.20797739829295875,-0.6103117570779868,0.9488067404173713,0.21958516395001998,-0.09574639052712826,0.25963218181201453,0.3968046258981775,-0.0024992613710648234,1.2103919996642907,-0.15018435983426162,-0.13428504564475938,0.12468325897849586,-0.09249911796189225,-0.1401366570841447,-0.5377983367864052,-0.021954926309062275,-0.2016579869296077,-0.23707967090941343,-0.17962390574638484,-0.06175002850946178,-0.4149121848928288,2.3162097090411424,-0.06789062541633392,-0.17771213595890883,1.1052738144162928,-0.2174401260812293,-0.20206802992797526,0.0,0.0,2022-11-26,-0.3483906188103458
0.3076923076923077,0.33333333333333337,0.4,0.0,0.0,0.0,0.0,0.0,0.0,0.0,0.0,0.0,0.0,0.0,0.0,0.0,0.0,0.0,0.0,0.0,0.0,0.258952788239803,0.029040167428588524,0.23260887025524873,0.17940541111479266,0.011472708346027649,0.13296281728727813,0.9527381883894992,0.03793878344848753,0.6665742595538915,0.07015138247651932,0.00420957677309447,0.0014003908432502765,0.0022100286599108787,0.03566736169245632,0.028655047670550937,0.001617436497536262,0.010234362483308224,0.21082122260225683,0.18029524489653925,0.5726193089240078,0.368215866744218,0.0022100286599108787,0.014109171576190072,0.030914675572363992,0.09322034260509209,0.07681397665013387,0.6301526071163591,0.5082069014575672,0.5607780101631656,0.5787033495185506,0.15468988900898073,0.41585777065703095,0.39498618674005215,0.2338426040804712,0.024292662156702616,-0.5802567480761153,0.37058923606012073,0.2635196108620277,0.027696917267828886,-0.24624805602992758,2.176395090541544,-0.5899069044752294,0.18269993731659698,-0.5114094616911049,-0.8578152221075103,0.7191868897363964,1.0468019568111497,0.18970363850219363,-0.1896912691060561,-0.25897802379580637,0.6686283423964735,-0.21952897908815752,0.013012303849492052,0.022890423867174308,-0.2831405839340803,-0.12476428336607036,-0.17769950026704642,0.25186015474928364,-0.22733038789418608,-0.1634874247279272,-0.04276913544590374,-0.21793134847398696,0.024193870439334644,-0.5847053675800378,-0.03765488449216773,-0.12337044146648772,0.4134510068030399,2.02562638416111,-0.25277673074250595,-0.20949653996103662,0.0,0.0,2022-11-27,-0.1193753713056855
0.4903846153846154,0.4222222222222222,0.1,0.0,0.0,0.0,0.0,0.0,0.0,0.0,0.0,0.0,0.0,0.0,0.0,0.0,0.0,0.0,0.0,0.3333333333333333,0.0,0.7809203379190118,0.1682411651971522,0.9994361717507589,0.707946227426559,0.007505523354040533,0.19718104379872856,0.949139100112282,0.043983496434883,0.5649892757997416,0.17268879862094744,0.002784295496792877,0.0004997117259673556,0.0,0.03439518286457893,0.027642071040422045,0.0003819041219562114,0.008601938827431543,0.21320253845708442,0.18305861840791565,0.5721866487795613,0.4040692833921391,0.0,0.005842455889765341,0.03594570019305182,0.09024603083279435,0.06493760418492264,0.6972404809574705,0.5767922572887706,0.5659366294479581,0.512434683609123,0.12554403200315045,0.4277176658410188,0.4259403754750881,0.23671247974497955,0.02634225051511624,1.6336691458376034,-0.39388678041570296,-1.0941959292969272,0.1611073568063869,1.7414716277585964,0.8024909196928469,2.478801764677834,-0.4752196941131295,-1.4366831600502243,-0.06764902648816568,-0.46281537835586084,0.9893737753829787,0.09151722606417795,-0.22719252880640725,-0.5939033908197172,0.7535907022923086,-0.5361301404629345,-0.1505815863268875,-0.41443908944350105,-0.6867668000888746,-0.18151309024603202,-0.20085121667297273,-0.6194931016353474,-0.23654734119096718,-0.2141179800388284,0.8742691171432848,-0.36049943093635756,-0.25717462540646996,0.6885704063767609,-0.5700478851631341,-0.3237628511260744,0.9278566458490161,-0.07762356605838572,-0.25435554222017437,-0.30914196396333943,0.0,1.0,2022-11-28,-1.3822428939733733
0.1826923076923077,0.2,0.0,0.0,0.0,0.0,0.0,0.0,0.0,0.0,0.0,0.0,0.0,0.0,0.0,0.0,0.0,0.0,0.0,0.0,0.0,0.26679952220175485,0.03833755631738993,0.4144844425168265,0.21281432083260385,0.011478912398859287,0.1605692863106039,0.9546299836753149,0.04647964294177129,0.476681084767286,0.15925099912290674,0.0022064711129825,0.0,0.0005365448211905877,0.033332834544837375,0.02660035530418542,0.0,0.007418229456188252,0.21837225033417085,0.18640579429842963,0.5791113414261843,0.40323820223175655,0.0005365448211905877,0.005262599188157302,0.037671035612452775,0.08661544728976274,0.06346727504175409,0.6598690283990429,0.557123316681652,0.5686953271516777,0.5297794030852012,0.15031813031225827,0.4202390017630867,0.4060522115566623,0.3048878335163832,0.18216831440926246,2.682075364103131,-1.7704834446328923,-0.8837309666002009,1.9442744529793805,0.6530570551181999,0.21224764495612355,2.629722822724449,-0.5235808298022521,-0.05277130733355389,-0.5065988489587434,-1.139267618034414,0.7992904658114439,0.053028722339238804,-0.009019080695802843,0.10414037066681125,0.6962738272960172,-0.475576212465798,-0.5950403960747952,-0.45581669613930276,-0.30904850263695666,-0.13039181292889437,-0.20112507454696923,-0.6527638113664509,-0.2143574944547444,-0.11722864681023237,-0.27613154174774673,-0.4447701027724859,-0.3247250442567261,1.2030398200456331,-0.6883097320084001,-0.10174295236924964,0.32272994263474025,-0.30545438202589853,-0.344811569600321,-0.35146957722310906,0.0,1.0,2022-11-29,1.4038085481754337
0.1826923076923077,0.18888888888888888,0.0,0.0,0.0,0.0,0.0,0.0,0.0,0.0,0.3333333333333333,0.0,0.0,0.0,0.0,0.0,0.0,0.0,0.0,0.0,0.0,0.24630067006522233,0.030084233965389902,0.2581658715242639,0.14034346500601186,0.024107739172415155,0.21284645972919042,0.9827074619710026,0.047148741109449444,0.41692235566597513,0.26285551633814935,0.0045496337293617906,0.0016435591565568397,0.00013884025823385215,0.03259104231604759,0.02573443006543763,0.0017858338512569683,0.0073640468349203125,0.23068792720967285,0.1917909362826854,0.603284399515206,0.49337053938734277,0.00013884025823385215,0.0031717933869541692,0.03926348869395074,0.09017027706049906,0.19052778785201235,0.5922231331349757,0.2612157847370859,0.540695034481078,0.6820128613112825,0.1813345726991369,0.4331855990024716,0.4369363597590772,0.40566977124405407,0.4853185966812656,0.014973221641847823,-1.3533333516347184,1.175679447416074,1.3802624405293908,0.5978052588833108,-0.409076884610156,0.007177673459397179,0.8999849349672252,-0.41804928347951625,-0.45819602616133687,-0.5169293245203619,1.2074336443196874,0.26557539569114275,-0.24860968899633498,-0.4591988991244199,0.8452249972921946,-0.1746695836335665,-0.5685265402731702,-0.32777582205845324,0.6235240681881368,-0.08122232763937727,-0.19580244191025753,-0.5632969561333779,-0.20305285262675113,-0.13188031107604417,-0.25510552889217647,-0.3846058610555503,-0.3446284310449503,-0.42508402793995353,-0.48340934311482003,-0.14305062037356156,1.8224251066215174,-0.09177777085778198,0.5298478065288214,-0.2534926858573396,0.0,1.0,2022-11-30,4.400028931697086
0.25961538461538464,0.2777777777777778,0.0,0.0,0.0,0.0,0.0,0.0,0.0,0.0,0.0,0.0,0.0,0.0,0.0,0.0,0.0,0.0,0.0,0.0,0.0,0.342663448741442,0.06963435624558083,0.39937352416751,0.3627434951015217,0.020592086509039986,0.15453123616127662,0.9827237586830793,0.04659294847887176,0.3802110166952164,0.19376117190005454,0.006371526642910574,0.003855347674384779,7.497230926184484e-05,0.03172811885278537,0.024800830298662035,0.0027098185507818395,0.007023845759700942,0.23909798941827454,0.1979478652742318,0.6124388463025583,0.4842374782227282,7.497230926184484e-05,0.0029482929777855382,0.039391337566143936,0.08513827124132974,0.17861758854425336,0.5659343512217783,0.2586229390947542,0.5144269682669471,0.8357749728680808,0.15728146950369237,0.42483571009982474,0.41658538716534327,0.3488643054102848,0.30368894698113913,0.27825894457804073,0.25637719244464735,-0.4162630959447591,-0.8254196449181334,-0.2503430437490427,-0.3215757889234155,-0.4938241818805169,-0.16157723240556637,0.5645747558029527,-0.08178561487262352,0.20461478944226427,1.2951924065480784,-0.04590405012951653,0.10035641533664219,0.8371690409768211,1.1564716379049338,-0.07899687776697882,-0.5940367639304182,-0.4688631981960176,1.555385911279269,-0.06737215277559457,-0.20021265267201138,-0.3738708175046729,-0.21572499862871355,-0.21127114772651567,-0.2813362364380162,0.21961316406845877,-0.14689052231665123,-0.21471346269584696,0.8543481676850619,-0.03343378575902743,-0.18335305062866852,-0.1198926347257036,-0.31727204906706513,0.7293108257999839,0.0,1.0,2022-12-01,-1.1732697360023692
0.3557692307692308,0.37777777777777777,0.2,0.0,0.0,0.0,0.0,0.0,0.0,0.0,0.0,0.0,0.0,0.0,0.0,0.0,0.0,0.0,0.0,0.0,0.0,0.4451310449299184,0.08050020708107027,0.5991052640033412,0.38082829209428576,0.02271312263699521,0.1250076607016206,0.9834746637413985,0.04494425860307992,0.36888019231215774,0.15223718821361093,0.008704937964196025,0.005540441768547455,0.00035025680251743463,0.030824249154102146,0.02391934472397733,0.0038458596557602864,0.006883824595705357,0.2476215904484016,0.20474718353504684,0.6200584593910592,0.5047207215390501,0.00035025680251743463,0.0037965300496736187,0.038971393471500915,0.07859002849816345,0.16939823996928305,0.5510280004421759,0.26146083817252586,0.49032829656976495,0.9467065106308645,0.17780920389333832,0.4335688460195867,0.43818917742722524,0.3689370321161533,0.3636859217852013,0.021341719650062208,0.36177651672504163,-0.27274021168687757,-0.23750811770744867,0.3031872886092971,0.09575837991226135,-0.5578208976056495,0.37259976954124463,-0.6155577011475212,-0.553570025572962,1.220076506478549,0.6656717400748551,0.008619381736322177,-0.14966999479340887,-0.18264512688458123,0.2106545846346942,-0.12766185713090744,-0.5098756662831669,-0.05177334734039865,0.048959231409376185,0.00559665822151963,-0.1909887118004207,-0.26245892438270296,-0.2120808639593195,1.5579575846832199,-0.25505801749561813,-0.02835901202374904,-0.19054869447890188,0.544337324583361,-0.43812134813415005,-0.1089497307071673,-0.4233101182362547,0.06293313775718541,-0.302115348558381,-0.10680235345160974,0.0,1.0,2022-12-02,0.7162515027905547
0.40384615384615385,0.4222222222222222,0.0,0.0,0.0,0.0,0.0,0.0,0.0,0.0,0.0,0.0,0.0,0.0,0.0,0.0,0.0,0.0,0.0,0.0,0.0,0.43456649860662655,0.0484239004625073,0.5606219780572823,0.22033819829179044,0.019564156766529506,0.09578110220496552,0.982984266052872,0.03776046225457706,0.3566438224914029,0.10997974276010831,0.011208204391532584,0.006098201352483956,0.0008779279796024553,0.029927007739332878,0.022958784129510468,0.004281255530373174,0.00649439407214486,0.25308035876153634,0.21138665958166666,0.6181625126720802,0.4666211744257702,0.0008779279796024553,0.004391717287070662,0.03934058138764307,0.07283610566785008,0.16606841714802212,0.5312082470223662,0.2490538233500388,0.4666695364710751,0.887068888383744,0.1607713719298316,0.42831300628585267,0.42546415943427107,0.37056557705737436,0.3688382658449635,-0.1079814644380042,0.45694804297934943,-0.23592262474626086,0.04197014639367467,0.11468541419053421,0.290732746934604,-0.30703968947040344,-0.19030705061123607,0.5356066632801764,-0.9003177265207755,0.12139703611002897,0.6433273760484484,0.03940885031590473,0.12882623694583392,-0.04523962584259292,0.33786707625012663,-0.3068775172415966,-0.5967997898484604,-0.16529982350280403,-0.44684262036725647,-0.13362515267648198,-0.18741087780831636,1.7445721379981067,-0.22536952375605582,-0.20585371262111368,-0.23502999752585474,-0.23803728614895367,-0.10908540593735473,0.23737055311843913,-0.5074555117262698,-0.21573863276306735,-0.014886261200531879,0.22930028857683013,-0.3170367016991143,-0.2625649337234416,0.0,0.0,2022-12-03,-1.0558102652595158
0.2980769230769231,0.2888888888888889,0.30000000000000004,0.0,0.0,0.0,0.0,0.0,0.25,0.0,0.0,0.0,0.0,0.0,0.0,0.0,0.0,0.0,0.0,0.3333333333333333,0.0,0.44007523565207524,0.038961161669687584,0.42068976595505436,0.2710404509696397,0.023443121490779373,0.10111927944209767,0.9569342148578006,0.03756306105098465,0.3201222970694717,0.13454933431690785,0.013691869158919845,0.007084300964684209,0.0013651026496370733,0.029163824020781104,0.02231818771527111,0.00529744514106012,0.006453814512895284,0.2601519649926174,0.21825281804368868,0.6208512753615599,0.5015847422571811,0.0013651026496370733,0.0055081831001093096,0.039035593778232014,0.06799729164546454,0.16520081519377172,0.5090070512701356,0.2291448050002979,0.4426444433083039,0.9235834035151195,0.17844662816254053,0.43866117705210106,0.451013873028485,0.39046153584852145,0.4329015787728322,-0.10774029484795876,-0.16631324895127622,0.2881154857748803,0.7130039635587656,1.2831384050870243,-0.54246403603231,-0.5363515099797238,-0.46277189552984266,0.20213936097219393,-0.43238289549732073,0.2568325640481431,0.7694623562267863,-0.07504128427691642,0.2497158133934741,0.5423775767490163,0.49804542560579756,-0.24482243234342096,0.2852556207946044,0.0555197094713112,0.6111548391517114,-0.09879982920994802,-0.146123741244591,-0.4717353392706857,-0.16580961339732633,-0.14386050444780113,-0.25329206531468507,0.7550516347163077,-0.28909623000593404,0.11413756286473498,0.21066711721599338,-0.15345465815041637,-0.4040286342473675,-0.12200796674959301,-0.27800790870892056,0.013506821938081255,0.0,0.0,2022-12-04,1.3144481522908036
0.23076923076923078,0.2,0.0,0.0,0.0,0.0,0.0,0.0,0.0,0.0,0.0,0.0,0.0,0.0,0.0,0.0,0.0,0.0,0.08333333333333333,0.0,0.0,0.2885846597076023,0.02604654678536165,0.21377604292162627,0.1962024675424267,0.02072635993818106,0.14849306757233224,0.9548363516122165,0.03860350079510728,0.3041019971354715,0.22732781570634453,0.012989924516802753,0.007933482471122189,0.0014508932823092402,0.028260339061122408,0.021690409458088478,0.005703605287395386,0.0061921152544144875,0.2645810169733413,0.22471939986181855,0.6161117512578554,0.5453928135046024,0.0014508932823092402,0.005718505839237498,0.03896626269390141,0.06734571091225001,0.2011954989444661,0.47050907076687154,0.12560718980978702,0.40964184966997685,0.8642026071028451,0.15511453422346855,0.4417259834793549,0.45968330020781,0.3779387011449605,0.392210381760769,-1.2462700997583152,-0.07422388465409224,1.23955917328844,0.20282409689010067,-0.5715704676093936,-0.9034465891332989,-0.739421983848088,0.23893797065792394,0.6407441937029413,-0.7741727166969737,1.026466723900613,1.1827470231462975,0.2306486198631145,-0.20329190558374363,-0.6257506968196809,0.8602140621674855,1.462120480764665,-0.4115419807089738,-0.23863193271731684,1.3506465893588895,-0.10555865479369893,-0.14616371038944764,-0.07812268507195343,-0.2275972381576745,-0.20336636817796716,-0.2050903957669431,-0.28763523655802375,1.0361549796561913,-0.6336598778282624,0.9700337437891263,-0.099449476267915,-0.5883125541896402,-0.18886380041743045,0.47569497734197097,-0.24714145352016456,0.0,1.0,2022-12-05,-0.908673304822849
0.07692307692307693,0.07777777777777778,0.0,0.0,0.0,0.0,0.0,0.0,0.0,0.0,0.0,0.0,0.0,0.0,0.0,0.0,0.0,0.0,0.0,0.0,0.0,0.06814314237746281,0.008213953327233759,0.09748124588373251,0.04694031394825598,0.022727848740419665,0.12808889647990582,0.9559567573403469,0.03897531120628879,0.2884766383599485,0.19994177250485706,0.01343329000505522,0.009105548322385859,0.0018503660732488991,0.027290672063947863,0.0211730843591309,0.0063815230411256585,0.006114918621789478,0.2696258494083686,0.23100168968330664,0.6139257967643813,0.6777493035823646,0.0018503660732488991,0.006553502609870698,0.03880785867576375,0.06094602080130611,0.19307361079929009,0.4579113152420915,0.12560718980978697,0.3789965841486732,0.8509427737098166,0.1760101946629562,0.4368928266886305,0.4466558785151219,0.37341980594035584,0.37764980685799454,1.621975121860591,-0.1349968591851429,-1.3013930729727463,-0.14473657371985788,0.3186999212544908,0.154908804331789,-0.5288358300648095,-0.6334471136035001,-1.2245091200561862,2.7641630109730637,0.777795004188348,0.8555542352100057,0.02322474345025905,-0.00764847351266507,-0.7141063911564748,0.35020378348906533,0.10888123100579772,-0.5783547926040706,-0.4914984902181332,0.08655463810858531,-0.14841511618790423,-0.20106747915777792,-0.6566948276933082,-0.24189753475912987,-0.2109221281419999,-0.3000299584170571,-0.24058089515818842,-0.20957350519904,1.2069050617833756,-0.24735478047522452,-0.26869126827002454,-0.44643739594730886,-0.4000335478341066,-0.23279814674480784,-0.23707738509555165,0.0,1.0,2022-12-06,0.6755753090715411
0.08653846153846154,0.08888888888888889,0.0,0.0,0.0,0.0,0.0,0.0,0.0,0.0,0.0,0.0,0.0,0.0,0.0,0.0,0.0,0.0,0.0,0.0,0.0,0.09418636613692795,0.006620295204695308,0.0902317960580213,0.06183325061891127,0.018515058250346328,0.12620155229523122,0.9557016780681797,0.03827572038946608,0.27935507510603763,0.20207303448922803,0.012561808695406074,0.009861964562676073,0.00200310233742218,0.026311141897141344,0.02046691752641988,0.006251619944438902,0.005695896262787159,0.2714912973257115,0.23643760992743915,0.6038866989496415,0.5592551768197718,0.00200310233742218,0.006772763400465787,0.038861202685256835,0.058949670678985405,0.17403536881563259,0.4933075273094155,0.19722067524274425,0.3579366547227558,0.72284518423935,0.15533989934984183,0.3956137725626551,0.34638582908392973,0.3726394445241325,0.3754399626046483,0.10986601886869307,0.7835232241350937,-0.7074928802418187,-0.9841617323109308,-0.45476606454668883,0.7565617613990354,-0.5937696336937276,-0.12180428244085752,-0.6538997461528199,-0.7384760289588728,2.7055528565882545,0.9767598201322545,0.5417108203275732,-0.236465778286351,-0.5003954302046455,1.0337186329510446,0.025483292115153225,-0.5316127061445894,0.3562064532611306,2.0148017651213586,0.057702377118916216,0.22778698140398101,-0.49243589503882107,0.1792479632689221,-0.18369439294530057,-0.16804715268040246,0.605315787952892,0.08547887620656035,-1.5553315999264936,0.9791605854584495,0.4892629179057022,-0.5715118442532887,1.8884168983549106,0.48299964795324796,0.6488832654419806,0.0,1.0,2022-12-07,-1.412428087141393
0.22115384615384617,0.1,0.2,0.0,0.0,0.0,0.0,0.0,0.0,0.0,0.0,0.0,0.0,0.0,0.0,0.25,0.0,0.0,0.0,0.0,0.0,0.15294680138503,0.01325318849731582,0.16787945962443576,0.08798451238763016,0.025240592401824913,0.13342652185810294,0.8424338506517048,0.11283958787572165,0.2722684466641653,0.2203772195432535,0.013740186896874118,0.011766881874749113,0.0025125395921243854,0.025560205960695304,0.019942218648884735,0.007264849858261591,0.005862751252353637,0.2771888508211363,0.242038860599688,0.6058477433728097,0.5627506726799948,0.0025125395921243854,0.00793647997841751,0.03854657107977755,0.059390939256133785,0.19361321166317302,0.45137133634801474,0.11731873074583551,0.33012856825565784,0.7674998097632635,0.17687291816182893,0.4207150735972967,0.4059372680675902,0.3835771846426083,0.4097863489995822,1.0373641971439644,-0.46793558876766295,-0.49302121509596136,1.8523781287516026,2.543633997182151,-0.24893407222678504,-0.19023947140434253,-0.6147384645416761,-0.056428495678321006,-0.7569147442932416,-0.5294392530674434,1.5744895094923972,-0.29790888095220686,0.13432119451271216,0.09985494654115062,0.709103667913265,-0.5216558586596932,0.70233535074436,-0.48278703853751526,-0.8202410896055824,-0.18404764591351475,-0.18016632090576562,-0.6577750394045859,-0.23210730526007486,-0.21099784173185923,-0.22362980301106933,-0.135998875508377,-0.39563214437356586,1.3304459039984347,-0.5290270554286981,-0.3352554290170159,-0.32955911912157604,-0.3940013929310467,-0.2857237301351867,-0.25383112086377846,0.0,1.0,2022-12-08,2.287183954169602
0.625,0.6111111111111112,0.0,0.3333333333333333,0.0,0.0,0.0,0.0,0.0,0.0,0.3333333333333333,0.0,0.0,0.0,0.0,0.0,0.0,0.0,0.0,0.0,0.0,0.5461540890739102,0.07293977956495654,0.6793648498867524,0.3285460251500073,0.023489651887016405,0.13194688530067747,0.47962974028527994,0.4274557233055185,0.2769688854640321,0.21444823133556867,0.013749846198618076,0.01305695103208615,0.002913477857726332,0.024803546646520958,0.019345206047560848,0.007829795420472963,0.00587279868389029,0.28090739883884985,0.24733732344462167,0.6022562666741478,0.5345509480954865,0.002913477857726332,0.00870405255825596,0.0384678808309315,0.05408915648449095,0.18728736177528393,0.43615841709839587,0.11088938444346047,0.3036427375252647,0.779282409604945,0.15551658067933039,0.41122480132063566,0.3832446175261106,0.38028391521329,0.39941442633401797,-0.03969957963014009,-0.37276325355490075,0.4002816310518193,-0.002516483924600777,-0.010729232407958247,-0.15455182826312192,-0.10529966416664056,0.034451219467459576,0.7398636178240675,-0.5273960184943938,-0.7048323600121502,0.8697865713841112,0.15382129745902073,0.16202171118750555,0.25232542964977533,0.7089862335428296,-0.36644069748466923,-0.41654766025087137,-0.3215061187574716,-0.22931757717599655,-0.15255039175794147,0.01467330263865856,-0.5238048716154913,-0.2291589761482344,-0.21156169719527465,-0.22383293101809698,-0.2460372075727111,0.6886360935561385,0.47723175001353807,-0.32044912057637825,-0.20984628384844548,0.34351986756228536,0.151561709223836,-0.3300737988902494,-0.2219608703934531,0.0,1.0,2022-12-09,-0.5821360340788395
0.20192307692307693,0.16666666666666669,0.0,0.0,0.0,0.0,0.0,0.0,0.0,0.0,0.0,0.0,0.0,0.0,0.0,0.0,0.0,0.0,0.0,0.0,0.0,0.3953354092317885,0.0539024939489809,0.6141599601625625,0.1819389321592226,0.023412373932240327,0.0648911250779883,0.2503033004632865,0.7039744881104122,0.26738744606122755,0.09156098728915767,0.014307439121852727,0.012982262104704267,0.0037093457570764876,0.023998367124489328,0.018731448524205774,0.008294921049471715,0.005875726635785228,0.2840038079889415,0.2522567889154698,0.5977608407848305,0.5542841358508555,0.0037093457570764876,0.009337352589057935,0.03932590207918185,0.04757198930939585,0.18175660897837426,0.42779200513881,0.11088938444346064,0.2790487518470424,0.8550278449394261,0.14216727763143822,0.41875355403749526,0.40133211180305317,0.37974197817431027,0.39768065586638535,0.9658442716408916,-0.17331247832226063,-0.6762096430915554,0.9101783164258832,-0.31801608232523704,0.03359813711966647,3.30020442622108,-0.6147779053214155,0.060365356287072305,-0.229686432891788,-0.7276611488004492,0.5785970579423226,-0.03836603331822565,0.0674998982211659,-0.37356835087787116,0.6678766039396496,-0.46904996661339254,-0.5322378784878646,-0.47295082273275546,-0.7413474207229694,-0.16323966045642813,-0.19963099470980308,-0.5678739607032353,-0.20523104679420018,-0.2180224081448567,-0.29221239896051926,0.8911396424246993,-0.2669612768175373,1.0303101232468048,-0.5961283491460104,-0.2931593553979529,0.5828123722191842,-0.3957660389606222,-0.3357194139088512,0.6012527354073359,0.0,0.0,2022-12-10,-0.0258430806320042
0.375,0.3,0.0,0.0,0.0,0.0,0.0,0.0,0.0,0.0,0.0,0.0,0.0,0.0,0.0,0.0,0.0,0.0,0.0,0.0,0.0,0.6175005342114676,0.1187133572801988,0.8374985944452475,0.44081674583618496,0.022984226110455197,0.07734659543249467,0.2221885890696682,0.8622347265156445,0.24144053536047969,0.12847625476300445,0.014360660813000081,0.013239200948717444,0.004961699726830859,0.02316944997412429,0.018144882109200233,0.008616989239833117,0.005843116647348046,0.28637399174195033,0.25671340764406797,0.5922708470007925,0.5618320811769622,0.004961699726830859,0.008360974725247217,0.04292348694526432,0.04262043662821212,0.17264658079595135,0.42543993303991323,0.1246708664274031,0.25763485933051944,0.8201292478067713,0.12733068430905603,0.40819675719718185,0.3760723549901651,0.39151103354030126,0.436559250976191,-0.11187130930946787,-0.5061080023110771,0.5776672210228004,0.07951968278411974,0.2679005339321002,-0.7794479137849887,0.3596049244117555,0.7690642779363357,-1.0463512848584344,-0.551992598564775,1.4515073180298685,0.3740432918792105,0.027472696250152202,0.030893043760266012,-0.03835459728030496,0.015407615023787855,0.17599786966163922,-0.5377835776689328,-0.09714295782025348,1.5962980202748407,-0.08319514737168025,-0.16860293589353978,-0.4067367374525269,-0.135173834452735,2.0200133931929,-0.1979251566937685,-0.05692218495011321,-0.258457833928298,-0.5326854253175897,2.111733919948746,0.044834912387361044,-0.6107809256650852,-0.31305403751288385,-0.3103918244147608,-0.1613891337144661,0.0,0.0,2022-12-11,-0.1432170261326582
0.2980769230769231,0.26666666666666666,0.0,0.0,0.0,0.0,0.0,0.0,0.0,0.0,0.0,0.0,0.0,0.0,0.0,0.0,0.0,0.0,0.0,0.0,0.0,0.4749774611297414,0.09282586135489286,0.7114629013862785,0.3051265096587777,0.024768709416397194,0.1256928210766035,0.2170296595758987,0.9475492388222618,0.22907297767462234,0.23594234548655746,0.015658863890973762,0.013459990776600261,0.005928530383207897,0.02223944957037527,0.017607427442286605,0.00918751286914088,0.005960137333716586,0.28943153248515563,0.2609508532347086,0.5896711545860516,0.5835955983149874,0.005928530383207897,0.00844466147131051,0.04474687730382332,0.04106230372672705,0.15434399873521837,0.4744321848093338,0.21409497725388626,0.24698643726823682,0.8367364529339497,0.14794023273969548,0.4192293752196339,0.40237908004953205,0.40958204829050476,0.4990610630013328,1.9500386173230426,-0.6999634186400977,-1.122647078525851,1.3283742930285636,1.7334475216674263,1.1034590650774814,0.14712381936784003,-0.6168603889962154,-0.6158119418309871,-0.28925001235504294,-0.21457499187305867,0.08047877495152934,0.0031860365203270195,0.30976342818734387,0.2595822955416017,0.15652170340031576,-0.26683390298334925,-0.45078291860829156,0.24166696609314944,-0.5599176528688002,-0.12377852091746525,1.4090964642957686,-0.5935805996145935,-0.11189359770552645,-0.2119380182950964,-0.2671763235730041,-0.3022943882207727,-0.2945777832707584,1.223733919134022,-0.20781465108640618,-0.15126774384017028,-0.6762052994507484,-0.264015549946104,-0.27325714508475124,-0.268413757979274,0.0,1.0,2022-12-12,0.5977723618808328
0.40384615384615385,0.3666666666666667,0.2,0.0,0.0,0.0,0.0,0.0,0.0,0.0,0.0,0.0,0.0,0.0,0.0,0.25,0.0,0.0,0.0,0.0,0.0,0.2338230384424593,0.02919449400567229,0.21728912662843558,0.17988288795354873,0.03480219681420188,0.1874302878673171,0.22119686444799846,0.9752650912629824,0.22203252848206764,0.37212212811025974,0.01764376902062026,0.015096703112518706,0.00704175805784879,0.02162317613989323,0.01715599659397632,0.011345831733677536,0.0068962258091184725,0.2977772598762803,0.2661754821480145,0.6013804955199261,0.7109254621420295,0.00704175805784879,0.011202648815416827,0.043814401721316676,0.0492513480448067,0.3271694275325215,0.39895748500592965,0.13368189873154945,0.22879338809044147,0.8682636989521815,0.17592176563307094,0.438915923107297,0.44889022437481874,0.41471619937466386,0.5121982409583021,-0.26217996836978524,0.569768669572013,-0.19147048325332125,-0.06226184260427424,-0.5119178411265501,-0.3970682102805086,1.9532040443391714,-0.0760782772112168,0.6863617940835113,-0.8439152741053612,-0.7964487717252311,0.5381046166599087,0.0151941010352985,-0.021115923393075605,-0.30770369966844374,0.3291207666366293,-0.32977147656315503,0.21332002470827546,-0.10446284965502979,0.2344318518551671,-0.11031525454944711,-0.17830855528052647,0.03220272982430439,0.5808732001135478,-0.19703487002246553,-0.22474356370938461,0.7670996084922888,-0.2990321508282988,-0.43514284313922097,1.6469536128388813,-0.06110901754558393,-0.13733247045620864,0.3604611277147297,-0.32816996228761314,0.4781217542273754,0.0,1.0,2022-12-13,3.34108010083436
0.4519230769230769,0.34444444444444444,0.0,0.0,0.0,0.0,0.0,0.0,0.25,0.0,0.0,0.0,0.0,0.0,0.0,0.0,0.16666666666666666,0.0,0.0,0.0,0.0,0.15885820915604662,0.01792707911756693,0.14181967134114018,0.0922109058603771,0.03540139923548685,0.17775012205327914,0.2158523314584576,0.963813346854407,0.22137062901601443,0.3523110768021945,0.020116543190656644,0.01638113737308433,0.00819357099311746,0.020724836679948178,0.01674728000922099,0.01327216689563293,0.007812407001347277,0.3046990681012912,0.2718768322479083,0.6070350591414923,0.6879503627398282,0.00819357099311746,0.013586411216114591,0.04338479430816383,0.05229067583912474,0.3949195475855688,0.3542054652802782,0.2687393326633973,0.22584885290832013,0.8276227614105646,0.202747403481065,0.45071018922393274,0.4782559454956561,0.4032026111628211,0.4719674447512088,0.5509967677111619,-0.19627839175818204,-0.28198876805640366,0.17142885039729913,-0.3120867053616598,2.2162689014680232,-0.32971410911297977,-0.5078480070959189,-0.3925998118676556,0.49461229025642756,0.18122784265730277,-0.048674792002148894,0.16747375153268718,-0.17006301730684098,-0.35863679014334104,0.06649723504619677,0.23124485220866486,-0.38889649402853127,-0.10352417252353818,-0.35168395360406585,-0.07920666815772522,-0.14877854974146307,-0.21285192000173186,-0.19396902285880543,-0.191386396477978,8.50945193489588,0.053877484368559735,1.580851028834703,-0.4898084138872379,-0.39379620873547905,-0.10867379835146795,-0.6346065482395832,0.1345463419043803,-0.29212758134781713,-0.1439525046986083,0.0,1.0,2022-12-14,0.1930792225645072
0.17307692307692307,0.11111111111111112,0.0,0.0,0.0,0.0,0.0,0.0,0.0,0.0,0.0,0.0,0.0,0.0,0.0,0.0,0.0,0.0,0.0,0.0,0.0,0.13369749413964796,0.030632250790136328,0.2033106838224664,0.14806267389923503,0.027533773951755824,0.1375426511000827,0.23149920905318405,0.9000066622867194,0.2239157713545266,0.26492546489933627,0.020972109650765847,0.017112319234850293,0.008995269215617163,0.019383132432432004,0.016445806246430883,0.013588268429458983,0.00801166478810117,0.30551554645497897,0.2766174018155351,0.5956388913207371,0.4669471513942831,0.008995269215617163,0.014065149545177624,0.04443045323369732,0.05406638072579628,0.34868229981677334,0.4670577588437047,0.07967017255550818,0.2035871886459561,0.6598343716019452,0.18072288343982668,0.4149421386403395,0.3919455686173914,0.3899635726639442,0.430207168069923,1.019370330287359,-0.007796209353442552,-0.863805920765282,0.3873806891565044,2.9719734186247315,-0.7152487468152656,0.38416208632581217,-0.23635650038960973,-0.8274488405602709,-0.6669663798259133,-0.2647024079354009,1.0306581539978568,-0.27125857651476254,0.5096980854936467,0.9910003969185222,0.8192680166908713,-0.13782719713420216,-0.5783719918759761,0.2502883177129077,-0.05476738564694797,-0.12162440951681962,-0.1687437584652738,-0.44921571875143185,-0.22265034530627043,-0.2036779258325611,-0.23016002892819215,-0.4365210483914153,0.21463604332043468,0.9278591831383528,0.3883919331189631,0.008801609711835683,-0.7291820976452499,-0.19413235536515952,-0.03678397482289111,-0.3164539620018667,0.0,1.0,2022-12-15,-2.530276169357326
0.7403846153846154,0.7666666666666667,0.1,0.0,0.0,0.0,0.0,0.0,0.0,0.0,0.0,0.0,0.0,0.0,0.0,0.0,0.0,0.0,0.0,0.0,0.0,0.6155483737546176,0.14543075224757762,0.6692191540969913,0.6416275883223634,0.015013211308931629,0.16452774464670555,0.2763104235293383,0.7694000265993973,0.23063055234270383,0.31546450347536725,0.0193173969597083,0.016283692835933394,0.009169491678642006,0.01794972102155895,0.015904833003001273,0.011764835312860322,0.0071632496669157275,0.29884059303971056,0.278942477515722,0.5669878388078393,0.3714548264130145,0.009169491678642006,0.013839266707239672,0.04503351769377467,0.0632818076623707,0.2798295567170244,0.6369109348375139,0.16368348157285403,0.19159271118587806,0.351273830984315,0.15547611116356297,0.38854563480227144,0.32960560874471495,0.3710597012546625,0.3705764318949359,0.47818920455531344,-0.32091199008016646,-0.11135608679725137,0.6501394054538886,0.47259651568546124,-0.6277874516435245,0.34070439332976094,0.3658417556558528,0.01667608716562406,-0.3734582344482512,-0.4851131801419598,0.5897587826320082,-0.02794187929072497,0.20626290032655167,0.33296566610737494,0.2838962489136721,-0.22747772944130756,-0.5541333311768426,0.01855816862074389,-0.05605219559559444,-0.1567778373374992,-0.16166460046390943,-0.44729011504828814,-0.2385431471257778,-0.21461432862559796,-0.2616756322008644,-0.4104072166339773,-0.20493690426079422,1.1653971615885914,0.04928017488554095,-0.18765790062640644,-0.6242216892977043,-0.23010658545756213,-0.3241905068892588,-0.3136950547420297,0.0,1.0,2022-12-16,-4.131220425223303
0.4326923076923077,0.4,0.0,1.0,0.0,0.0,0.0,0.0,0.0,0.0,0.0,0.0,0.0,0.0,0.0,0.25,0.16666666666666666,0.0,0.0,0.3333333333333333,0.0,0.2246164152770103,0.03234874026994553,0.19502513935071403,0.1588579911536564,0.017589427203152486,0.08034757302635495,0.2782786243988268,0.5446962816127714,0.2239728635921077,0.14430138238365892,0.017827041002939803,0.016184271142020534,0.009502776650073208,0.016452522188858565,0.015385986692403764,0.01065215218457044,0.006590211060272189,0.2951286309492088,0.27998652357772774,0.5517930797033564,0.38684094302155725,0.009502776650073208,0.013457752756182939,0.04612953455031776,0.057832763387940286,0.26728061769772843,0.6161359281197563,0.16368348157285398,0.18045498211580574,0.1519220392266759,0.17067104701836477,0.3950493876486346,0.344975697397776,0.3771698566906045,0.3900753028752431,0.5899383957157649,-0.5245547480464146,-0.04105104748782539,0.7962044950958745,-0.2438864547702611,0.16432817082028106,-0.5008028099188351,-0.15457348839496343,0.30399139171466477,0.05364984491301294,0.21064680658349394,0.1231922113977877,0.06780220233868099,-0.057581695204668694,-0.13346411786879575,0.09572278698868172,-0.22672148103841286,-0.4258086562208516,-0.19739908746214527,0.2856117901018484,-0.05222825048778859,-0.18054845043333975,-0.1386886820789647,-0.1058404390524265,-0.19046133652216132,-0.240619841918215,-0.14516001673183002,-0.20640988815400904,0.083830721735286,-0.20029668494961542,-0.056111299542505974,0.7095587541133067,-0.047198905742947724,-0.289234792243757,-0.15231168686598914,0.0,0.0,2022-12-17,0.8866650272798315
0.4711538461538462,0.45555555555555555,0.0,0.0,0.0,0.0,0.0,0.0,0.0,0.0,0.0,0.0,0.0,0.0,0.0,0.0,0.0,0.0,0.0,0.0,0.0,0.742131117304974,0.3507827349504029,0.9604051210383435,0.8970429714685886,0.01694164909348822,0.04920920534087699,0.2784208373484688,0.21526987558101754,0.20524919409015843,0.08717248465388854,0.014119348103278473,0.015292884661518624,0.010016927941141618,0.014852795792476226,0.014439650726097375,0.00960247370017342,0.006006179789011634,0.29191045439111424,0.280114296648079,0.540924832031974,0.4075497961076968,0.010016927941141618,0.012356766092683158,0.04840406795333857,0.05145685952704411,0.2635178676767932,0.6027212367191997,0.15747356919834465,0.16947143255726177,0.047644610386014905,0.15919430004796387,0.3945110705500359,0.3436522197966234,0.3766498484123519,0.38845489028293995,-0.8555078718326892,1.1314850511485532,-0.127759796063161,-0.3058826083529851,-0.22738425905781842,-0.7751090209875164,1.9754103861030512,0.06130867599852518,-1.531667136187251,2.9935507845692686,-0.47008586900713617,1.3314980724644587,0.02032636280078096,0.06253532061483213,0.41795446796609614,0.4131786256442114,-0.11892864802062315,-0.45413048122556593,-0.22721333714522346,0.3540342420805048,-0.14177998609379197,-0.19562950792129943,-0.58049290295279,-0.23612166779760826,-0.22054797274711116,1.2991033699507444,-0.3550152611978561,0.045330626620165945,-0.06889486985959367,-0.18375690345764062,-0.1143970745826516,-0.5942097710403377,2.185407467092716,-0.3241939936818053,-0.2974295929793504,0.0,0.0,2022-12-18,-0.2209885770431241
0.09615384615384616,0.07777777777777778,0.0,0.0,0.0,0.0,0.0,0.0,0.0,0.0,0.0,0.0,0.0,0.0,0.0,0.0,0.0,0.0,0.0,0.0,0.0,0.1603542470211029,0.053334005231356015,0.3080510176216407,0.17950090648254388,0.011386362929420857,0.10460818911583195,0.2876749758252022,0.07887892772373671,0.19816813664192082,0.21424630748127488,0.00913403740679597,0.013992874799350852,0.010011885148102084,0.013199716096610858,0.01336687868462938,0.007786564875032154,0.005007113780317984,0.28626941866141925,0.27897642513906734,0.5259125607135526,0.31217591957736024,0.010011885148102084,0.012370281863165966,0.048378663962972523,0.05110298272233364,0.23547176772315948,0.6666109595699498,0.25068197919036483,0.16889917918311148,0.04243578447830988,0.14110243799639544,0.3765211865334334,0.3015028679662414,0.3739399887180307,0.38011113951545805,2.9607471624124657,-1.5595268651451841,-1.3130158203860294,2.5330943124751215,1.7684242699835482,0.3423382702969137,-0.71927830540372,-0.6114582114277194,0.3587367157489961,-0.6962220806661017,-0.6208903434457447,0.21610481426254072,0.003576983258231865,-0.10256205943554154,-0.0792767626003251,0.15629781141742366,-0.5482153223983786,-0.543897182806148,-0.2916450264566051,-0.5921657026529368,-0.16478077027075727,-0.1983931006739082,-0.6298453006326661,-0.23135898487715026,-0.21537027665030714,-0.23290836837921328,0.38938772751101114,-0.3681865674640459,1.2831382587812648,-0.5187109836958023,-0.28406245267221303,-0.24705639175943683,0.2070010655780695,-0.33627517462482975,-0.07084816258740427,0.0,1.0,2022-12-19,-1.899375344110854
0.42307692307692313,0.37777777777777777,0.0,1.0,0.3333333333333333,0.0,0.0,0.0,0.0,0.0,0.3333333333333333,0.0,0.0,0.0,0.0,0.0,0.0,0.0,0.0,0.0,0.0,0.28859535008084747,0.04234059875562386,0.5299005670409458,0.24901574660738238,0.019530443534384156,0.153006563489325,0.2902192352862182,0.08690405497744949,0.19059627396924525,0.3301253704387525,0.007472616277604149,0.013575918068073678,0.009762479562920312,0.011785563182347969,0.012371462154070256,0.0076100683800803814,0.004753917620848924,0.28674018314527366,0.27816961784761424,0.5298394339754852,0.4296007834104647,0.009762479562920312,0.012201809271608133,0.048075620344981806,0.054126402165877954,0.25798962665545805,0.5965541937861962,0.16001277767348235,0.15900329881101993,0.09362727600289321,0.16497348216297647,0.37189022241360903,0.2934485051107665,0.38105665682140927,0.40250388589111574,0.3248539913708577,0.46528123595772974,-0.6340911698485205,-0.3380483611518657,0.15634249688956134,0.4096921649258745,0.18014551900892145,-0.43799792672350396,-0.13529949724286192,0.17456222639921828,0.3359426492724671,-0.1175532596544621,0.1477729887948552,0.021264109617205228,-0.16820272474486697,0.03644084695160271,-0.4968468322433833,-0.18179513579413775,0.3206789070536319,-0.7008080301327427,-0.16899654522591978,-0.19430136241224577,-0.5440914031359732,-0.23872981692857584,-0.21906782370532052,-0.2782349389549567,0.21522462753369706,-0.2537057186711902,1.2019941252201745,-0.613207190884267,-0.2981748490284555,-0.3145659104384536,-0.015424647590440472,-0.3384200775699867,-0.19019334423158343,0.0,1.0,2022-12-20,2.838406884258226
0.46153846153846156,0.4666666666666667,0.0,0.0,0.0,0.0,0.0,0.0,0.0,0.0,0.3333333333333333,0.0,0.0,0.0,0.0,0.0,0.0,0.0,0.0,0.3333333333333333,0.0,0.21539000877716505,0.04200045038164333,0.24955905739482434,0.22510717908130562,0.017981134736602622,0.0840371599529772,0.2627952748963487,0.08243033892500641,0.1816762808237564,0.17975141658152016,0.00808873112422509,0.013038537844390519,0.009620215220351835,0.010340574204749764,0.011234814415850003,0.007201994374167686,0.004391662882925584,0.2863717698183127,0.2774431823360068,0.5307927529285796,0.3904012138206263,0.009620215220351835,0.012211194673912129,0.04778259876562663,0.048841619275650186,0.24689636504037876,0.5783045266010161,0.16001277767348226,0.14981426703693507,0.13595117935151846,0.14933797789954228,0.3666241894956396,0.281637786695325,0.3568637660907371,0.3267776258938022,0.5203963132640049,0.3564509003428409,-0.7192627081257225,-0.873244796105226,1.7590179878050247,0.10827805626772641,-0.3538808780831589,-0.5512704512111235,-0.7994146787861512,1.4194199374919627,-0.5849480775245083,0.8211785263924044,-0.23680593978879516,0.6604795380442587,1.7898712784313011,0.2202142630186759,-0.33265647690261413,1.403833410369704,-0.36604300068917084,-0.6091794727582985,-0.1383316372594405,-0.1969666757618105,-0.49230250623736665,-0.22777658835498021,-0.1679560665635738,-0.2697192052608992,0.13451136690121568,-0.3006486262682501,0.2328160233753304,-0.593987344098393,-0.19145825860334842,0.7269764542517901,-0.3509403023574967,-0.2370244745631652,-0.186075629278078,0.0,1.0,2022-12-21,-0.5250676176186131
0.20192307692307693,0.2,0.1,0.0,0.0,0.0,0.0,0.0,0.0,0.0,0.0,0.0,0.0,0.0,0.0,0.0,0.16666666666666666,0.0,0.0,0.0,0.0,0.2353709307616473,0.042076038909194556,0.22973993221210223,0.1554114765175444,0.018204651079552103,0.09775007810234496,0.24781914799015792,0.07440767588801062,0.17822723286078004,0.21432364701895829,0.008216446199591054,0.012333494727297278,0.009374559690104534,0.009028975016422414,0.010525270533277453,0.00689402767262004,0.004074681332292662,0.28637833532049384,0.27686347724560095,0.5325331758953916,0.4318597420238066,0.009374559690104534,0.012121192558600502,0.04739760859848219,0.04609700893940119,0.2280420868557182,0.6099619166658453,0.21613128024132883,0.14707762942745323,0.20863659143989627,0.1666109225179333,0.38645569783124134,0.3253852114455386,0.363244104798769,0.3461141998444782,-0.4104730809935358,-0.20625063620405423,0.5952926684057643,0.39046617868325323,-0.24899054536350185,-0.3095548931847322,-0.3599718979732134,-0.2775512964103042,0.6478731901328381,-0.26542098430076183,0.31393024465723474,-0.20292011524847361,0.045177544015909274,0.27604134183251927,0.1009082721050913,-0.1738437084684094,-0.3723616908246684,0.7487333061931678,-0.24776542932739862,-0.34968577651912586,-0.12868165849726323,-0.18402995645531067,-0.13911580871664467,-0.2268293820054144,-0.20615031162019834,-0.25381412316797347,-0.40111608824296363,-0.3715811835912518,0.874375551862348,-0.32868002802950763,-0.1492347268325426,-0.6489331099792958,-0.11938104758698516,-0.30591997301084967,-0.2819512743218358,0.0,1.0,2022-12-22,0.0761505209057933
0.34615384615384615,0.33333333333333337,0.0,0.0,0.0,0.0,0.0,0.0,0.0,0.0,0.0,0.0,0.0,0.0,0.0,0.0,0.0,0.0,0.0,0.0,0.0,0.21173070630313007,0.059185817072613806,0.14245417891507237,0.17567241037542702,0.0176219132600125,0.08796391599262379,0.2307049792581486,0.07083465696601174,0.17723808240755526,0.19218494715574524,0.00835766306816399,0.01048816672318742,0.009268731616802084,0.007684332132237293,0.009820276692669383,0.006536124658742426,0.003733105578421325,0.2862109775530413,0.2763629222898328,0.5334720044697365,0.3518296758361332,0.009268731616802084,0.012137604126419899,0.047168892744174296,0.04042953522181629,0.2329093737338654,0.5961005206029828,0.19680133078872045,0.1425400288639031,0.18829097001391115,0.15050652981417212,0.41571548383118684,0.3942926770413076,0.35863051457436623,0.3320488679555297,-1.2419479520363255,0.6600273594657965,0.6180379342551121,-0.7342777103453777,-0.05939040987361036,-0.3789976176872233,-0.6183582523334815,-0.14894216093727045,0.6166013604406014,-0.7149446926819479,0.622576109701674,0.5247016809242396,0.050276204879138385,-0.33018804051646145,-0.6806772109994375,0.440235798751699,0.17792193536007564,-0.3684961713491859,0.5435963840578584,0.7889514826156836,-0.06367400776589101,-0.16205766963084334,-0.40564801420795943,-0.2176916383903946,-0.199996705260016,-0.2566535604781053,0.0703133833945398,0.09486561076482608,0.2417098021759049,0.5954254434603348,0.10999372160615997,-0.6987708155852594,-0.2810159482797023,-0.3197404711954721,0.02291008741154627,0.0,1.0,2022-12-23,-0.1983838015767403
0.22115384615384617,0.2,0.0,0.0,0.0,0.0,0.0,0.0,0.0,0.0,0.0,0.0,0.0,0.0,0.0,0.0,0.16666666666666666,0.0,0.0,0.0,0.0,0.10631268997684121,0.010943014124031326,0.09672304949159076,0.06605240959410129,0.01850858149189577,0.038829959637473176,0.23087859541308514,0.06408241296212926,0.1693562810480674,0.0808749231472342,0.009836173112024504,0.008673715317175978,0.008999860664749393,0.005990456249170439,0.009236191791632153,0.006381355094828012,0.0034899794999014855,0.2867615321738196,0.27608350880495425,0.5360950439982749,0.38074336610540427,0.008999860664749393,0.011966590149853684,0.04683011417440941,0.03441180863479287,0.2276237273297766,0.5872353122400538,0.19715381159877668,0.1383629475717681,0.19391374275671797,0.16074390558847584,0.4115743774094975,0.3841667368902899,0.36551672710744987,0.35311733625161024,0.761638027100628,0.2909681074254107,-0.8821953801036124,-0.11257797630819244,0.42746400975696697,1.2612020220819422,0.5137898149639406,-0.5721491538120209,-0.28867963217116127,0.22994276758580368,-0.3626735744937664,0.2941887757026733,0.17058212693031616,0.1529201139516998,0.015344381545037413,0.13831194835134453,1.048622846589378,-0.4499076874930604,-0.07144856928064193,0.5236469044801334,-0.05528010345253078,0.06902573841782136,0.27623320723878975,-0.19397967472770192,-0.1820859089733261,0.6822640989613191,0.4000564109153567,-0.2576270869085312,-0.43111822164720276,1.259789944713823,0.0031904983240977416,-0.17962253818195328,-0.014873446417154037,-0.18231501369092318,0.09876066551403327,0.0,0.0,2022-12-24,0.3024520816182319
0.07692307692307693,0.05555555555555556,0.0,0.0,0.0,0.0,0.0,0.0,0.0,0.0,0.0,0.0,0.0,0.0,0.0,0.0,0.0,0.0,0.0,0.0,0.0,0.07133120828373675,0.005288047406604862,0.08588983663437906,0.0566924166549709,0.018407884942090558,0.05564961457719845,0.23002020286389202,0.0646526508513012,0.15760830151751767,0.12829626183885062,0.009603139803797622,0.007693506899845992,0.008873532662615313,0.004240939408380939,0.0086363162739998,0.006233580153054086,0.003256555563358521,0.2872955984313848,0.27597738379828435,0.5381504817520041,0.3796136927863524,0.008873532662615313,0.011933311496938936,0.04661731926706725,0.02947486086280468,0.21950065724552187,0.5903007711608669,0.21250007888402936,0.13606922338307337,0.1960802890691728,0.14849811836922955,0.4129152824406026,0.38742047031366283,0.3587260239248014,0.3324062606496773,-1.5021427745191254,-2.984095742443424,3.9184328006064986,2.464144749587669,-0.8031976782339484,-1.1563185220359156,-0.7640405634591404,5.124109472494554,-2.489409263729251,-0.7508355423410622,-0.6266380421150354,1.4006450052199726,0.1490423961111101,-0.5455751881224538,0.5390920466824335,1.0103356692893912,-0.010216043729542575,-0.6109673078455682,-0.4024035016112106,4.303301856387332,0.18458255091668532,-0.18656497767019098,-0.6505243835803074,-0.2409414707998722,-0.20804722620936378,-0.26383953571746027,-0.48744563357756654,-0.38071180521301784,-1.3117692528098535,0.284213383245881,2.435196329799204,-0.7427026912423865,0.13981721909966374,-0.356145553079298,-0.368695263016335,0.0,0.0,2022-12-25,-0.0342451024228807
0.1826923076923077,0.16666666666666669,0.0,0.0,0.0,0.0,0.0,0.0,0.0,0.0,0.0,0.0,0.0,0.0,0.0,0.0,0.0,0.0,0.0,0.0,0.0,0.07978385294076808,0.011607563262085898,0.11738711387403017,0.04849573092299167,0.01976606118917551,0.05767825476162391,0.22992051601773772,0.06798768523460971,0.14869886578506378,0.13917886675874963,0.009973674864542037,0.008204008775771376,0.008712152141054863,0.0026624159796386215,0.007979704959399259,0.006335351962407865,0.003152468211920778,0.2886568206872484,0.2761917263684109,0.5419516643984357,0.40112772790367546,0.008712152141054863,0.011801657316660552,0.046447024291442485,0.024937346067507596,0.23370133690340478,0.5748955847850412,0.17680873303917025,0.1302530607843888,0.21893767971885592,0.16098614267233224,0.4298602815223805,0.42934712277747056,0.3656793024024964,0.35364138457030175,-0.2566393534131918,0.47025487527332344,-0.11277145891313385,-0.5558263870483683,-0.19133174694024618,-0.09553600517131544,-0.33235981824747995,0.517487325100442,-0.10352125481307332,0.12366307175479119,-0.17597592508130355,-0.17737855304753353,0.15926333060661485,-0.05962689602820366,-0.3533904633870682,-0.10123794901320167,0.2018197745614376,-0.5905867265652838,-0.2184661041454682,-0.43688858961003424,-0.1412971401750716,-0.19032638448898134,-0.550115679771357,-0.06339788759244873,-0.21491777811628687,-0.25367925730896107,-0.31696500772790315,-0.12313379303514815,1.1164297893747395,-0.4468530487782548,-0.24892476653088633,-0.5919573738095355,-0.33669764190903473,1.585738557415149,-0.26821554436117406,0.0,0.0,2022-12-26,0.4620497716771643
0.20192307692307693,0.18888888888888888,0.0,0.0,0.0,0.0,0.0,0.0,0.0,0.0,0.0,0.0,0.0,0.0,0.0,0.0,0.0,0.0,0.0,0.0,0.0,0.20280756234545805,0.029090559780289345,0.21012320691372302,0.13724275935312016,0.01622951245774662,0.09165307890506486,0.23447075203555617,0.06699083359458313,0.14432726234824753,0.2286272413115708,0.009563653427437813,0.008057940827883081,0.008587618370256456,0.001131578644548492,0.007426554026993604,0.0058308714952456375,0.0027643351832490892,0.2878115988861362,0.27617739215733733,0.5392392458098558,0.34290847911384514,0.008587618370256456,0.011840599514488903,0.046155520597213784,0.02473010404469185,0.2074386205338118,0.6116326923899419,0.24986274971866648,0.13239750796931848,0.19464198140317213,0.14444123219087857,0.40123088548191455,0.35934452694029434,0.3562294606909223,0.32468392716437816,-0.04176531560360785,0.8982426806591306,-0.6669578025004845,-0.6332695947427132,-0.3462617312753724,0.5635468699874719,0.2914472772761266,-0.36372213653044067,0.7074379340527148,-0.2161432380986939,-0.7092335514832273,-0.6188536211443733,0.17316753976995036,0.20095382686293448,-0.047418548477383825,-0.17285646694936382,0.02830825000201344,-0.561810753846682,0.545608965692318,0.3876836141683389,0.1967175869545318,-0.1481782046000235,-0.26015052618217127,-0.1399009534575757,-0.15981616818238695,-0.17088177259784398,-0.26553247467432395,-0.039974054469173306,0.18441517212593098,-0.19850669462693535,0.25942300643884464,-0.20758290485018008,0.3703991679108232,-0.2543013051286726,-0.1398170788126514,0.0,1.0,2022-12-27,-1.1975957353969946
0.5,0.43333333333333335,0.0,0.0,0.0,0.0,0.0,0.0,0.0,0.0,0.0,0.0,0.0,0.0,0.0,0.75,0.0,0.0,0.0,0.0,0.0,0.5149283689697539,0.14124661229541888,0.8088493727209933,0.3103700734880262,0.013356695114691897,0.10271342891485849,0.23160188396819087,0.06405924353143398,0.14044097014802073,0.2606596647256624,0.008678231587066654,0.007672882225698119,0.007940094025857325,0.00034808532237157186,0.006814200575985252,0.004924249867330532,0.00216795296969724,0.2856322844374986,0.27568683794902693,0.5335906269777222,0.17591310007432573,0.007940094025857325,0.011591455287200847,0.04515428762532486,0.023638075608689052,0.18635894504115624,0.6408743830710018,0.30792876730020086,0.14038595847702762,0.1501525949118409,0.1265756208018054,0.3979869463743262,0.3514275966718699,0.35851592662043363,0.33131176237886656,-0.366399427484127,0.9158946430872323,-0.38842966602987844,-0.8834758328124788,1.1765868941851683,0.7429239081525335,0.9010928279952888,-0.5159734191869546,-0.4879286735217487,-0.6674925072305614,0.10094604887289978,0.29769212243746435,0.034843893461228376,-0.23958122212986388,-0.2176062706601834,-0.06800565974031009,0.07698466986097866,-0.5122163580333163,-0.06389033772936442,1.4454839054795572,-0.10462699107189968,-0.048015817312974406,-0.3664835736437393,-0.18075509490572833,-0.19038900072362416,-0.2618695572527478,-0.1633137175720668,-0.2904381461881437,-0.2325878345552838,0.9002495767559586,-0.11687213048459008,-0.02829068286307161,-0.18653897105966685,-0.296286277262501,-0.16671538998719262,0.0,1.0,2022-12-28,-0.9846255365429936
0.09615384615384616,0.07777777777777778,0.0,0.0,0.0,0.0,0.0,0.0,0.0,0.0,0.0,0.0,0.0,0.0,0.0,0.0,0.0,0.0,0.0,0.0,0.0,0.0648738542100963,0.006018736506266761,0.04841373106516955,0.045572993909999956,0.014923457072087642,0.08042372607535092,0.22713060337329194,0.053388765291358366,0.13392146876799219,0.20906213917397315,0.007933991233210647,0.008052800220302136,0.007473343131978616,0.0006481198184957182,0.006353957094776208,0.004418753943136677,0.0017450009051196425,0.28500757551112954,0.2751570624845262,0.5331254093732081,0.19575701584633728,0.007473343131978616,0.011350643246517245,0.04450231659626708,0.0201911788163138,0.175444442313976,0.6175878937258823,0.30792876730020086,0.1478038053770429,0.1318862460230376,0.14177964998555614,0.40127926133168773,0.3593734687609168,0.34971324509944546,0.3051438620123191,-1.3213384574197675,-1.1208940950927437,2.1878059045074814,1.4711243719799145,-0.41009626441542396,-0.43818627587487485,-0.8167476771777248,1.599425526981585,-0.11752537780828405,-0.9091587593784444,-0.12597525832698137,1.2093167097155098,0.3729905560602047,-0.08706842997691223,-0.20291866381615933,0.7703423872683124,-0.21827291428793502,-0.46571696280883806,0.14485060614881365,-0.4025894566728945,-0.0675013100532712,0.19656783110255172,-0.12120464635830762,-0.16430132658302507,-0.1768598048538172,-0.21383650281630961,-0.1214931974231775,-0.20073927711624137,-1.2594040709696592,-0.15722324866263904,-0.19390859969317017,4.055833333546263,-0.2651702845642204,-0.2966058659864444,-0.07239171018793315,0.0,1.0,2022-12-29,0.5423297950882588
0.5480769230769231,0.5333333333333333,0.0,0.0,0.3333333333333333,0.0,0.0,0.0,0.0,0.0,0.0,0.0,0.0,0.0,0.0,0.25,0.0,0.0,0.0,0.0,0.0,0.2953429416442015,0.04684284042789406,0.3733024914461954,0.22082580342712618,0.014229591712817125,0.09324185786879019,0.16945145724966382,0.06291243289601167,0.1375088388814226,0.2391072515173141,0.007066614242251246,0.007483437655294356,0.006972995906424084,0.0002603775211741932,0.005955865403724947,0.0038751527877281533,0.0012961365789426194,0.2842967956532485,0.27457698872054764,0.5325288029238704,0.2514373575093295,0.006972995906424084,0.011081756461369774,0.04381565307103574,0.018743134710943313,0.15780215908419087,0.6312412373980788,0.34963419666986384,0.15899922887914653,0.19133753836357276,0.12504502563270226,0.4010068860808059,0.3586780361669691,0.35151698746058785,0.3103499035284963,0.2654326945238563,0.07392879373415348,-0.2512053203499914,-0.43967779316765654,-0.08481525175161442,-0.43996675834696425,-0.42987260032709895,-0.4993835467415422,0.6663073758772116,-0.41428733389856126,0.7650906257278156,0.2938884560891743,0.12499188367437906,-0.06726620419946538,-0.2059327412569617,0.18949555398413775,-0.3501378400189135,-0.2359920025594667,-0.3078925169945702,1.0132124034636187,-0.13852080796729294,-0.17689793928904035,-0.30261128111360586,-0.15032836924408607,-0.19356431100110044,-0.19907680375006434,-0.17646823224295716,-0.30391068657688153,-0.6609588218237831,0.7272378655060734,-0.07743721293760808,1.3210769202578136,-0.17589265018164746,-0.28654497497379744,-0.16812840407607574,0.0,1.0,2022-12-30,-0.2388838052975517
0.17307692307692307,0.16666666666666669,0.1,0.0,0.0,0.0,0.0,0.0,0.0,0.0,0.0,0.0,0.0,0.0,0.0,0.0,0.0,0.0,0.0,0.0,0.0,0.16393208147833851,0.019747502822759076,0.11146290138627857,0.10799079193150957,0.013268099876728556,0.05197911715718339,0.16577691890055785,0.07475410241636629,0.13429895594508198,0.1344042815045715,0.0057176945228132325,0.006977212296216895,0.006443588076855744,6.859281224336211e-05,0.005369201439273885,0.003254615770746039,0.0008012009463863046,0.2833714553923819,0.2739095087017755,0.5314920455013803,0.400559634320546,0.006443588076855744,0.010827711658905947,0.043054410335843896,0.015042995915068705,0.14951629730297622,0.6121624527009187,0.3496341966698639,0.16939497927395697,0.24004194321426026,0.11323752737083392,0.3964770182964315,0.34784570847329244,0.35000820728949233,0.3057191768046603,-1.174758393674615,0.8324500490753837,0.41228454066858133,-0.9350420186702814,-0.6579023701274055,-0.8664147341948351,-0.7665839725204227,-0.09126335902843363,2.0751893027624733,-0.9340174461279505,-1.0195315660848838,-0.6956033853082283,0.003668361653450217,0.1863080245113503,0.46086108559508887,-0.29527437564353026,-0.32955694666858987,-0.5136859270248796,-0.4087519148342703,-0.2816715895631015,0.1942303701401318,-0.18494846757744696,-0.6407517820958675,-0.2099643573814092,14.958336375296899,-0.24641939522407444,0.8658432375382079,-0.33412286800298197,-1.369709245121277,-0.15313227099821178,-0.15059456241965724,-0.09589471272351062,-0.3102351236507312,0.10167372154962909,0.15242565799078772,0.0,0.0,2022-12-31,-0.331814838708766
0.15384615384615385,0.14444444444444446,0.0,0.0,0.0,0.0,0.0,0.0,0.0,0.0,0.0,0.0,0.0,0.0,0.0,0.0,0.0,0.0,0.0,0.0,0.0,0.12780623833658775,0.009785564795903102,0.09924019725956981,0.09378368562924937,0.014622185539528931,0.034428509498648154,0.16467298787616597,0.08282680275302824,0.12275079363854077,0.09530718113870833,0.005384027566161187,0.0065924209763348895,0.005890728937925527,0.0,0.0048221449484555645,0.002955675014175818,0.0004546356733679535,0.28363161498280226,0.2734327165417493,0.5337538636447209,0.37883395606758985,0.005890728937925527,0.010241396854270446,0.042625128792951494,0.011564010009859751,0.14190575399207822,0.5931308919564663,0.34840033389724395,0.17892074017576448,0.2931305865672498,0.12294933214710935,0.4000427111129604,0.35641234991593207,0.35304932505368475,0.3149650997882186,-1.3267881562961539,-1.9978056825464685,2.9303446633938237,1.8131629485677145,-0.41680173425906347,-0.6967417817263646,-0.7860668553091503,2.5040212954684264,-0.7584246438490236,-0.6567603895128026,-0.46267467940321744,0.16222883899663568,-0.047216634521442764,0.6407303010563327,1.7545600056495887,-0.2937138379132942,-0.18289918166057365,-0.5570737843432335,0.6311959154133641,3.323322144171463,-0.06171553871916624,-0.13263664056402938,-0.169150862517928,-0.18924526141033954,-0.19921729164527777,-0.19992545227074213,-0.4157796582460206,0.17782749599269843,-1.297737032803683,0.9437980945499232,2.0171028261714747,-0.7170928481786302,-0.1435801171044164,-0.31545284930032375,-0.2425069475660451,0.0,0.0,2023-01-01,0.4688563389617872
0.06730769230769232,0.06666666666666667,0.0,0.0,0.0,0.0,0.0,0.0,0.0,0.0,0.0,0.0,0.0,0.0,0.0,0.0,0.0,0.0,0.0,0.0,0.0,0.0344646574417347,0.001464527721305099,0.02956323390037428,0.013582045713343163,0.01572855223569608,0.059533041187112036,0.16205836453187306,0.09038327989564582,0.10656726978692929,0.17637864562189448,0.0058764042806983,0.00638905575776666,0.00485145294095346,0.0001320224267778447,0.004361882277191642,0.0028874857026378598,0.00022501420789006188,0.2846739407986666,0.27328042119305374,0.5376028385094572,0.4130126862687169,0.00485145294095346,0.007091692513493453,0.04415058473507949,0.009819674914207377,0.18725931313150745,0.5606737170331225,0.23898898651713313,0.17646585984431373,0.3398152898930315,0.13565883390014943,0.3994255221625726,0.3550371944256161,0.3518922193848616,0.31169920598192397,2.1246583096017018,-1.6206463183833533,-0.5060207959278541,1.909861075576481,1.654023038260948,3.2701805284943233,-0.005546852594669104,0.1301434875560335,-1.4519523533304053,-0.911505576146635,-0.6345106412753269,0.3215671061025559,0.021627239273532037,-0.012165270686338266,-0.3198032490739213,0.27473752971016224,-0.13388658861539118,-0.5792387462370533,0.6731380519705452,-0.03732724350024634,-0.16845632992444584,-0.1896704831029299,0.46498056656012554,-0.22995309101302674,-0.21682339420096627,-0.2437915330407503,-0.009526908210187753,0.059870806488744294,0.6627729364934991,0.2084980943961634,-0.24083720108911535,-0.7229026456504539,-0.3777949795215603,-0.3339215418469895,-0.24170949130836417,0.0,0.0,2023-01-02,0.3812951558856525
0.20192307692307693,0.2,0.0,0.0,0.0,0.0,1.0,0.0,0.0,0.0,0.0,0.0,0.0,0.0,0.0,0.25,0.0,0.0,0.0,0.0,0.0,0.13108216190803745,0.02239940033101476,0.24293929609818,0.08394766275087429,0.0155782232632381,0.07541623180928222,0.1557339554600341,0.0953817488810742,0.09361841438480403,0.23458426130919596,0.006012327993443756,0.006074307046876171,0.003771336821198956,0.00015631407930655206,0.003927472607743843,0.002804682480005649,0.0,0.2855883008042806,0.2733595920911407,0.540348343965266,0.5326726290383569,0.003771336821198956,0.0024322281165546356,0.04731481674770632,0.007264505255121095,0.175277241180197,0.5370694275928068,0.23805257230088203,0.17408961331531392,0.42888207308602877,0.12105274259505916,0.40772519710025634,0.3748637889395713,0.3345150434206912,0.2619811484607111,0.2859434344462377,0.5003050983814328,-0.6283875474267501,-0.507200853467287,-0.17246825561012336,1.3218620232079168,-0.16386337856271224,-0.5918785843846086,-0.2837354213639301,0.15603972243058387,0.8401250022591297,-0.5133489998925784,0.2531302022577642,0.12744163742859174,-0.08623653409769012,-0.2731945843900234,-0.34591199545115203,-0.45255904812597836,-0.09297686772709936,-0.0911194062082927,-0.12650835504997693,0.16472199164965848,0.7909262122965014,-0.19588731908865153,-0.1986784003851651,-0.2563595629484734,-0.43231150916283734,-0.12169078864985607,0.7751788174924058,-0.37820065151765386,-0.12571618489888906,-0.7245093908309005,-0.21208462007177623,-0.3126781784931697,-0.28649686450099604,0.0,1.0,2023-01-03,-0.0516121662866742
0.07692307692307693,0.07777777777777778,0.0,0.0,0.0,0.0,0.0,0.0,0.0,0.0,0.0,0.0,0.0,0.0,0.0,0.0,0.0,0.0,0.0,0.0,0.0,0.11881686321593705,0.020205758271038415,0.09341236566912438,0.16418547515456505,0.018778798672094088,0.1151717545861749,0.15770868637656987,0.0951349301563237,0.09078770499338132,0.35517932297067617,0.006956703418304844,0.006114146755628658,0.0032942997439488475,0.00014789291153832762,0.0034445109001373653,0.003269106558403456,5.5692458316491944e-05,0.2883355398760891,0.27402686464133624,0.547324031854445,0.42013011082824014,0.0032942997439488475,0.0,0.049138757878689876,0.00791996120983944,0.24632044228900657,0.48868651103252225,0.07312912061698808,0.15484946425288681,0.5891865160446855,0.14040598520800485,0.4226111729664723,0.41125940384185844,0.33895390155696525,0.2752305691879007,-1.1378453449473556,1.826808369903362,-0.457478561098982,-1.0928219153874217,-0.6239106581000077,-0.9738308759157158,-0.2235404580075958,2.1999798468497835,-1.9313912350501572,-0.6775151906592289,2.4572296946916454,0.5715747912404667,-0.38986110590131956,0.39755408949631044,1.9720810078636015,-0.1463796698035141,-0.5160073438950742,-0.5333766617505753,-0.3624321252881584,4.246302456770223,0.09837387526221672,-0.2024561308571921,-0.6365663382745403,-0.23684632073596168,-0.22124820312724003,-0.30025107358516856,-0.34296918756930106,-0.33301932006062485,-0.8516426749909605,-0.781295758348122,0.44585174338745304,-0.6120577706065701,-0.35990083140887774,-0.29264000459315803,-0.09852285632770942,0.0,1.0,2023-01-04,1.0994150293785143
0.22115384615384617,0.2111111111111111,0.0,0.0,0.0,0.0,0.0,0.0,0.0,0.0,0.0,0.0,0.0,0.0,0.0,0.0,0.0,0.0,0.0,0.0,0.0,0.1566091758053998,0.029740936069428063,0.13441601207973913,0.30816355173316856,0.01831625585411617,0.0735658161065594,0.1560607660866979,0.09068198923743007,0.07927780483267774,0.24500823326706117,0.008004656278789435,0.0059584236922197165,0.0034742745200652125,0.00021380332330289686,0.0029790757095047304,0.0035848372479422297,6.910099876239473e-05,0.29036284342910645,0.2750063523976877,0.5510273301270993,0.4439380729651703,0.0034742745200652125,0.0001850653482909359,0.049285111333837894,0.004654731253351335,0.23593423656120804,0.47394957483530564,0.073129120616988,0.1369836115520615,0.6988505776851963,0.12602084945096625,0.41763731681302246,0.39897588419975016,0.35158957922023654,0.31121428410159263,-0.37430423537100116,1.1720341388648787,-0.5967376718990468,-1.1561793431881136,-0.17980426270945435,-0.05420982958278532,1.7582332649359012,-0.5721960381246834,-0.060441494705340486,0.1075122316304462,0.09961447712070787,0.1340827665651487,0.09362456417897368,-0.01333609915920042,-0.16421878312188837,0.0341414847926324,-0.2982097707613504,-0.48184416255898105,2.391225608828481,0.1445998742134771,-0.11797174093183851,-0.17963721513968056,-0.5395547911067381,-0.23517238990110556,-0.21216959705991414,-0.25453528117528973,-0.4174309230266119,-0.248046344442324,0.4037690239742838,-0.5786191890065886,-0.174463889525931,-0.6656660509122446,-0.20004870119717386,1.7790239477117513,-0.30540805773289265,0.0,1.0,2023-01-05,-0.1571581488857165
0.07692307692307693,0.07777777777777778,0.0,0.0,0.0,0.0,0.0,0.0,0.0,0.0,0.0,0.0,0.0,0.0,0.0,0.0,0.0,0.0,0.0,0.0,0.0,0.07503437815143293,0.007771445488860928,0.06027018778211492,0.05649129762288879,0.02032742570582824,0.07990838294882169,0.15096538918870517,0.07907303623088192,0.07922223175913909,0.26450171727066246,0.009189014048003763,0.006398579062836585,0.0036234613265963556,0.00031798988165837594,0.002472509035049586,0.004187854480819819,0.0002474324703859998,0.2932377692480797,0.276421948289296,0.5562001675550767,0.49850043829322854,0.0036234613265963556,0.0005822445079906036,0.04912873768139275,0.005091251635723618,0.259692665071866,0.43204489712718397,0.0021901865351254468,0.11306717168441432,0.8557817713830044,0.14116334223357763,0.42426739830335286,0.4152028928498295,0.3763858307865142,0.3872608499053959,1.5626419975748553,-0.33009410100982467,-1.0836671875574289,1.7977509603396262,-0.6765710062577996,-1.1274252421819144,-0.792477097576351,-0.3417173680823778,-1.9848590684544984,6.85181523688114,0.009940950056860243,-0.5675561875910019,-0.38633570844777587,0.17204471545716513,-0.20043859861440508,-0.5567524670015381,-0.15063254329547937,-0.5858601990010722,0.6587125816872825,2.7320151076218844,0.3086117885116185,-0.1622785219568602,-0.10627754934077119,-0.19211107423594892,-0.20459965735068475,0.2073293014584032,-0.44365931449342516,0.18437049753098883,-0.9792279234829567,-0.3144972344749611,2.6108734570223264,-0.7295314516425041,0.06307640647247428,-0.27335967750443796,-0.22044725350533884,0.0,1.0,2023-01-06,0.6844106816741524
0.20192307692307693,0.17777777777777778,0.2,0.0,0.0,0.0,0.0,0.0,0.0,0.0,0.0,0.0,0.0,0.0,0.0,0.0,0.16666666666666666,0.0,0.0,0.0,0.0,0.07756578480917621,0.007987187744580066,0.05572100942926445,0.06081318646338693,0.020381694124003535,0.020971029927209957,0.13277872902882826,0.06449609977611767,0.075649104133681,0.0863095693954382,0.01015496545163208,0.007153131649808631,0.0038109009223172285,0.00041935938087661606,0.001936625953669946,0.004707162526150888,0.00041703120333658195,0.29560900197319356,0.27807570195396014,0.5590250436411466,0.5147129759692922,0.0038109009223172285,0.0010018240361399644,0.04902276138307099,0.0014002672927341253,0.2523700462257522,0.4230208825123397,0.0021901865351254277,0.09085904895017055,0.8982933241448164,0.14926820821781406,0.42675704177751755,0.4214196921711559,0.3720825005348407,0.373576125750625,0.29206096032695694,-0.5040084032543689,0.2108620077043054,0.7115786401195207,-0.3552443939063697,0.4248519745296378,0.16399594093651054,0.37501201377895055,0.10412020026407418,-0.24032376446103118,-0.5400639587273022,0.24749305707371802,0.210186205863441,-0.07384260354803632,-0.45050562827647406,0.23009563150939774,0.012776754881147092,1.081611949021676,-0.33029166280127453,1.5810433325902575,-0.0720999334464621,0.41536581175607123,-0.5901671476021365,-0.21476215957296918,-0.1707353845427099,-0.11967731954591744,-0.3639977099648451,0.15056738947829612,-0.6636831240196109,0.5019269841616023,0.0073006367947839575,-0.47013711300090455,-0.27121431507652044,0.00938572336696794,-0.24839293974512025,0.0,0.0,2023-01-07,0.0183422648180719
0.08653846153846154,0.1,0.0,0.0,0.0,0.0,0.0,0.0,0.0,0.0,0.0,0.0,0.0,0.0,0.0,0.0,0.0,0.0,0.0,0.0,0.0,0.08739736473698057,0.015075186963498615,0.07248646651566992,0.07761024289102098,0.02275648283041165,0.0390427999140772,0.13415529354925998,0.03204478778047087,0.06735276416132865,0.14947636137798714,0.011645109116054486,0.007994474095825765,0.004430430800162921,0.0005689105176104325,0.001457510252890426,0.00554316098992319,0.0007699808106579886,0.2989045051708153,0.2801231676690856,0.563695005666214,0.5532325395027701,0.004430430800162921,0.0015107374166924425,0.04967252506985542,0.0,0.2941386424678323,0.3981365869749709,0.0921416368519951,0.07952759211079696,0.98043699190511,0.15953099895152145,0.4292588001017982,0.4273169429756203,0.377240063624816,0.3897451228409171,-1.5973330059075215,-0.3358175304330345,1.7768587043208017,1.131625680231633,-0.6983830553744753,-1.0776746643973738,-0.7423967294152867,1.3867481669380315,0.7999757107169203,-0.803595569651627,-0.9430536256895055,1.117658816798441,0.05975398114825592,0.05546985576862585,0.1319005156459357,0.8269034277226103,-0.41344698998141216,-0.5837240947918229,1.9709461631695349,-0.5528504203292139,-0.19705348775961207,-0.19428062346221733,-0.3402808158208321,-0.24825743500248998,-0.22525371366783925,-0.2215756474353326,-0.47056479259608186,-0.21336552869805323,0.7784814470365442,1.9306837887842807,-0.28783638950879487,-0.7328231959491294,0.0006747454888463208,-0.35529321423993365,-0.3944998105821545,0.0,0.0,2023-01-08,0.8025112314249405
0.125,0.07777777777777778,0.0,0.0,0.0,0.0,0.0,0.0,0.0,0.0,0.0,0.0,0.0,0.0,0.0,0.0,0.0,0.0,0.0,0.0,0.0,0.03702211420439723,0.0024125338376767866,0.02425104011051676,0.023024511924622324,0.024596223112397786,0.11695770597726521,0.13549047504742912,0.032673397922527735,0.06279130908303057,0.40521100722358844,0.012852755355627299,0.009107950201711457,0.004706452674205441,0.0009253466005086919,0.0010244718727791535,0.00655777647793776,0.0012485596760859474,0.30257626300228185,0.2825683164868207,0.5684120697871161,0.5919015190698169,0.004706452674205441,0.0025663144754924927,0.04901785546045395,0.0012123133060747554,0.41141166011808816,0.35669350797118826,0.2822937617610324,0.08864482890697184,0.9345385183511213,0.17909749951933174,0.4310563096562374,0.4314960541512375,0.3898585821782344,0.43058906906760996,-1.7779317909110146,-1.4996131559058077,2.9189948456124495,1.0160189252457974,-0.6804003770382059,-0.9883037002539358,-0.5125381851715453,2.4027019179114912,-0.07659500804031259,-0.9134979384380016,-1.0699050382838677,1.0486447881106313,0.1904803196361419,-0.23761146146252055,-0.23686847615694276,0.5533746158564176,1.085560248198389,-0.5335383884836722,-0.32634870588648535,1.7741209067730381,0.18497329678034677,-0.16394613078762735,-0.5811647147600179,-0.16058086484872833,-0.18820226804715315,0.07243375612149497,1.9562474448225626,-0.33183478654315374,-1.2548244501816779,2.583166032105368,0.23367711304082892,0.23380209041709388,-0.24700497713304648,-0.2501852316381042,0.6618185828549853,0.0,1.0,2023-01-09,0.6167530562816603
0.057692307692307696,0.011111111111111112,0.0,0.0,0.0,0.0,0.0,0.0,0.0,0.0,0.0,0.0,0.0,0.0,0.0,0.25,0.0,0.0,0.0,0.0,0.0,0.014052802825404208,0.000902338047642819,0.0396992916004048,0.009686992228702725,0.02895494519682318,0.09217884021328784,0.1423151986904207,0.030545349315117862,0.06382151950667161,0.3236682766292707,0.015061253860514212,0.010792868548606394,0.005304388625024303,0.0015789508737986124,0.0006974089714270604,0.008144193309781611,0.0020512712185195014,0.30796199785737643,0.28570840176096585,0.5766549642006026,0.6431194888261887,0.005304388625024303,0.004827666350088022,0.04762849549667908,0.0027751976431985986,0.40772167839054796,0.31701196973409507,0.3329071935830767,0.10233829418861773,0.9443854488512573,0.19570519042241297,0.44210806078680354,0.4583665330019851,0.38339942789782755,0.40857401060790594,-0.18637749684826854,0.5750899680644721,-0.26445004567130864,-1.2567334773823409,-0.5829020045371504,-0.2545192966882553,0.054677641417212285,-0.6302131570939452,0.5667114823186087,0.9712231036515542,-0.10544565764622896,-1.5168283369184508,0.13859524374636378,0.0756885355856923,-0.07315889614810084,-0.865529899566934,-0.6264124272934493,-0.5177510902576558,-0.5084856543556558,-1.0698416953025458,-0.20107314247069108,-0.2016466688588588,-0.6372127492905856,-0.24302505179912096,-0.20777550044558787,-0.2587422973128778,-0.36824131373762164,-0.36265276117761136,-1.411002731914606,-0.9085953980648457,-0.3661744354119859,6.546465432572006,-0.4146371880371618,-0.257156086938998,-0.28695269096122233,0.0,1.0,2023-01-10,1.4522576515372032
0.11538461538461539,0.07777777777777778,0.1,0.0,0.0,0.0,0.0,0.0,0.0,0.0,0.0,0.0,0.0,0.0,0.0,0.0,0.0,0.0,0.0,0.0,0.0,0.06912358476968328,0.007617118911777165,0.06893483044993816,0.059774312614214634,0.037482620343072204,0.11473660609561162,0.1655470306270077,0.030896508927132832,0.06597091590159529,0.39261820125515084,0.01862252165271361,0.01324829953122364,0.006354797771712495,0.0022664833579636445,0.0003517457096150478,0.010910647114950156,0.003498033134415046,0.3170472497613942,0.2902177148583848,0.5928958741012835,0.8350198806494366,0.006354797771712495,0.009346763177911,0.04456520664036984,0.00947540594833153,0.5292960365887768,0.25646278430073766,0.5227439787182648,0.1346603897260133,0.9443854488512573,0.21500647256340888,0.45516486138689805,0.4888689060673282,0.4005943101322391,0.46244298800386485,1.9351011380194345,-0.6555835819305276,-1.1464778156966637,-0.12096458194832374,1.9207918376473625,3.5394503270927156,-0.15167059881963796,-0.20478881425740247,-1.2070459188928133,-0.8015705935075923,-1.0594048527748812,1.8902702922228916,0.05802494832949623,-0.5928783440980205,-0.6433177103181111,1.2784874160371544,-0.37057543766821704,0.09249985721803222,1.1746026809629737,0.9001514018030217,-0.12443860092065694,-0.17480701377779384,-0.5586319628266165,3.472667543626274,-0.20402445482216816,-0.25322555593137647,-0.2769327596000945,0.3455430061909103,-0.8697684432770212,0.2874437016702969,0.13190525188666585,-0.6910365253688251,1.1750966977997908,-0.2936050168283467,-0.16585839359208202,0.0,1.0,2023-01-11,2.800615102017323
0.1826923076923077,0.13333333333333333,0.0,0.0,0.0,0.0,0.0,0.0,0.0,0.0,0.0,0.0,0.0,0.0,0.0,0.0,0.0,0.0,0.08333333333333333,0.0,0.0,0.0784936354801446,0.007687983156356444,0.09708929690135415,0.047783856363391705,0.05379593864634902,0.26077625176752645,0.21073394555816283,0.060398747298822435,0.08783778661585509,0.7938078249461584,0.02555902545429456,0.01733710365167246,0.008325831474429446,0.0031564208870918375,5.1407358403809944e-05,0.015975777299489513,0.006183432813568757,0.333443197046895,0.2974295477005701,0.6249514450833392,0.9651720823754736,0.008325831474429446,0.01834640714628788,0.03822497869329183,0.025201991495433562,0.7861746317376807,0.17958481652929956,0.7665174759900337,0.18985119400637235,0.9929176787238386,0.2517461443047828,0.4962827462309866,0.5879815827977507,0.4280491767291758,0.5478905694911216,-0.7516389405872446,2.023316815664129,-0.9717914867032308,-1.1406056994609415,0.8742628478743062,-0.1974398288406132,-0.43099565124368966,-0.5076336960687609,0.2394971351011794,-0.7269154970019941,0.6783328345791643,1.40950051502426,0.3317232920945982,-0.5508875134030842,-1.0269675750381262,1.230341604893245,2.39798898743676,-0.32370073861595977,-0.1777395616342891,-0.6229677569624479,-0.12748079392855768,-0.18500969206505208,4.4296332667253315,-0.11188966017473921,-0.1895943102561107,-0.22742628185479843,-0.28606506582557434,-0.3574361068876353,-0.7142670636193751,-0.6601456208335102,-0.2780571330250349,-0.3060706884031508,-0.20200621679667807,-0.19339862830169846,-0.31581679901343224,0.0,1.0,2023-01-12,5.211579598824612
0.125,0.1,0.0,0.0,0.0,0.0,0.0,0.0,0.0,0.0,0.0,0.0,0.0,0.0,0.0,0.0,0.0,0.0,0.0,0.0,0.0,0.07294889522365182,0.009276916995922944,0.08226752124395612,0.05332114079345075,0.07194698602767197,0.21021982332879713,0.2822213124366246,0.1256357826567373,0.1095246643162667,0.5954515965068715,0.035770542048700726,0.023391651945834424,0.011237558749305099,0.004458543953245797,0.0,0.023292837649823095,0.010167327065049192,0.35644594951844066,0.3082557950125795,0.6678233315220574,0.9805055561705288,0.011237558749305099,0.0308308354815916,0.029781950894759823,0.04201733935290379,0.8795448949262059,0.12514275413002435,0.8720469430003709,0.25199909910596857,1.0000000000000002,0.28244894371698925,0.5358418258432647,0.6811006055858844,0.46001560955498344,0.6480453857652265,-1.7379873316957544,-0.12318193011435608,1.7251116681773777,1.4206407216815604,-0.5319772844919538,-0.9993833365916927,-0.6698171795624975,-0.25321765944579083,1.535180664857936,-0.6671755632646515,-0.04272623033153581,1.3265576424214263,0.13967953965979935,-0.5708776965953029,-0.6706190031760034,1.3473058833459826,2.2809558651197683,-0.5345561805159926,-0.3587935275758942,-0.15248283853589628,-0.08548654605379793,-0.16351227234942836,0.14478793292498385,-0.20405848192304774,-0.1569298365128361,-0.13980379955640898,1.7768498891148172,0.9783311185596748,-1.1041279020686894,2.66156433986716,-0.17532775851124702,0.696963512898675,-0.19780145948745734,-0.193019434616181,0.29282176050613656,0.0,1.0,2023-01-13,5.511441660269112
0.22115384615384617,0.17777777777777778,0.1,0.0,0.0,0.0,0.0,0.0,0.0,0.0,0.0,0.0,0.0,0.0,0.0,0.0,0.0,0.0,0.08333333333333333,0.0,0.0,0.07597193617281933,0.009343056957530271,0.10202239249514079,0.07468461207900651,0.09056470089945984,0.2959372624364904,0.31456304815481906,0.1782429044513476,0.13992954777792407,0.7585698158781778,0.04946501886527088,0.03110214957892793,0.015169206239839583,0.006213478688978258,0.00020896290606048362,0.032593309712175556,0.015392029930803852,0.3846335059279379,0.32311336872600066,0.715640362225553,0.9999999999999999,0.015169206239839583,0.045893817477725085,0.02042567420022251,0.05679526263268658,1.0,0.08928775532415076,0.9482580249797287,0.31757910594415195,0.9922446506045127,0.32338714250879086,0.5813411088947898,0.7897629921183411,0.4902710173793281,0.7413261587868951,0.4501906691948107,0.026798969988272338,-0.3785303813672871,0.5367764022918234,-0.5972140822131059,0.6007211653024475,-0.12331968791402569,-0.40742561692535867,0.18571480715720495,-0.4947120480025679,1.2260036626572115,0.09627439677234735,-0.005824699769903219,0.308817671640829,0.6037519258468645,0.1501523807273506,-0.29025953188492626,-0.346261260331174,-0.3081710601518546,-0.327836914602855,-0.10421130461315979,-0.1705042059000071,-0.47963985971743506,-0.18152629237553078,-0.20027682951547868,-0.23964874458601848,0.7679263360282679,-0.34950957443886377,0.6085600971638492,-0.5662174073867209,-0.2033107949146152,0.47933653640189927,-0.28019045571047496,-0.1665456806237007,1.4254863615660747,0.0,0.0,2023-01-14,5.357847423830919
0.057692307692307696,0.044444444444444446,0.0,0.0,0.0,0.0,0.0,0.0,0.0,0.0,0.0,0.0,0.0,0.0,0.0,0.0,0.0,0.0,0.0,0.0,0.0,0.08267750351031307,0.031268454230359184,0.09302041668674602,0.19894434211649567,0.08889792415630637,0.1228847076888315,0.2559451760506716,0.1866703545309286,0.14818046962040168,0.30381774957596824,0.06190865502626458,0.03868330088437694,0.018936031479346693,0.007953466313608937,0.00048201419864801753,0.04018459223845372,0.020092213127299863,0.40479680189385403,0.3394320004001746,0.7329705028324845,0.987621699074689,0.018936031479346693,0.056768383876411144,0.015513483807438888,0.05562842040681856,0.9286470615106295,0.07952414636338942,0.9482580249797283,0.37847482657960796,0.9986983585979404,0.30311290696577675,0.5714351719331174,0.7630094765853394,0.48759873322726094,0.7331383752487494,3.8369299490738875,-2.3424538496528413,-1.4462754557828532,2.7834295315834345,8.563992717844462,-1.1160698231605122,-0.8141702903637082,-0.4927592192748507,-3.09932434150455,0.18306976979935338,-1.2978505002464573,1.6778443867315935,0.25072680519960633,-0.2529210966459751,-0.9570693051856366,1.1660985475356367,0.2295780863992091,-0.28544085523352597,-0.29210880244301973,1.336126887225981,0.12035288884908561,-0.11815355920673967,0.2573853862830187,-0.04438847888789306,-0.17465619893450524,-0.13187383641797665,5.5061820967586215,-0.24631273908610415,-1.5541685357083435,0.8340158587243215,0.4292734681967585,0.0667057053632879,-0.4110547508152698,-0.17181780886967257,2.337302713271895,0.0,0.0,2023-01-15,-0.4552757413617381
0.2884615384615385,0.2777777777777778,0.0,0.0,0.0,0.0,0.0,0.0,0.0,0.0,0.0,0.0,0.0,0.0,0.0,0.0,0.0,0.0,0.0,0.0,0.0,0.1310172824014461,0.013787032473146388,0.13468427224390792,0.09695528935819879,0.09393898978760068,0.1888182046779173,0.2569183264591436,0.1895605477688237,0.16047529356154258,0.45171594061528214,0.0736285016627356,0.046589892192836435,0.02317022983581485,0.009814989918165873,0.0008408558308380387,0.047449830899761125,0.024860109094194116,0.4223341169984045,0.35634219925677446,0.7399872966389425,0.9910633279509221,0.02317022983581485,0.06696029418888116,0.01230645701578803,0.05947332984191922,0.9211779666988003,0.06473261818579923,0.9684258178213572,0.4371038241471953,0.9899532036081989,0.3312601690621013,0.5792816679257756,0.7791394276947428,0.4938830390865909,0.7508894092856335,-0.2731834712092106,0.7266145561089548,-0.3134572769987034,-0.39585544754684676,-0.5052121209971113,0.5462960058194872,-0.5752996664065578,-0.1977057838890876,0.6717691189912379,-0.5100652404192565,0.17070686635249474,0.23650226748679723,0.060364184660515185,0.022553202153197994,-0.1891679897622963,0.359521392619713,-0.18691202271819368,-0.47151979052649373,0.15425860665148558,-0.4714504411360969,-0.16997993317292692,-0.15929907405639315,-0.3877661272081687,-0.13429763023139502,-0.2149034732962087,0.9152637462606903,-0.3933523771522589,0.34389893581560177,0.9794648593502759,-0.3101831741832791,-0.27515225629880197,-0.39646072675464217,-0.25329741054527577,-0.32172239103011296,-0.3361432685491249,0.0,0.0,2023-01-16,1.3832516023570829
0.3269230769230769,0.33333333333333337,0.2,0.0,0.0,0.0,0.0,0.0,0.0,0.0,0.0,0.0,0.0,0.0,0.0,0.0,0.16666666666666666,0.0,0.0,0.0,0.5,0.1421366222328061,0.02014906687537499,0.1669461712688545,0.11385362875162958,0.0937973873949498,0.17304757033312324,0.2560197850864351,0.1813701211314584,0.16937504930117322,0.40153039512341243,0.08193245122915055,0.0544754450887886,0.027553245379729363,0.011762868966249007,0.0011919250910195633,0.0535736932795422,0.029263145761796838,0.4346081862250828,0.37256861284896814,0.7318766705752093,0.9883850864357685,0.027553245379729363,0.07536817298798781,0.011427023258808067,0.059514653623460076,0.8659548173581622,0.05524755894020801,0.9725520243474469,0.491971199299155,0.976952889305592,0.3049960563303502,0.5682513057719658,0.7477934150312167,0.49967601273938844,0.7738114038763235,-0.17207440089464102,-0.3473184388008542,0.49850761821890455,-0.17451711969153902,-0.01377769361009984,-0.14989691931782187,1.6750138159406374,0.3449140596408478,-0.3287543118554781,-0.6085400979081991,-0.27696125667045396,0.771889364361585,0.03891877967080051,-0.11981769018197257,0.009793538398209902,0.5370849278037484,-0.2686406479342193,-0.24494839631787116,-0.14343974805972176,0.29751314957779185,-0.1412618676921104,-0.14859746221549114,-0.3168467151636184,-0.13724826892989023,-0.1950599388214757,0.6874694140695611,-0.3255968107120556,3.3941809372283926,-0.5316606500831209,0.2688800584485683,-0.04295964662229169,-0.3494763044999833,-0.3766541980182409,0.8066380287887179,-0.25662507818689806,0.0,1.0,2023-01-17,-0.038325091993141
0.14423076923076925,0.15555555555555556,0.1,0.0,0.0,0.0,0.0,0.0,0.0,0.0,0.0,0.0,0.0,0.0,0.0,0.0,0.0,0.0,0.0,0.0,0.0,0.15069973408003745,0.030240135303464317,0.3182657863878046,0.1672731587118543,0.08554661071656389,0.21708755907884125,0.2613052426870416,0.16680255904304342,0.18666785628860413,0.4812010009522098,0.08475561391629405,0.06121970987373759,0.031401327381628985,0.013434810108051254,0.0015086473513550303,0.05737756325788701,0.03265936446354839,0.43791535412244115,0.3862767708006519,0.702006723244886,0.8796871125340099,0.031401327381628985,0.08092396980245092,0.012734903906557848,0.07028912204021869,0.717665902824047,0.174322705077264,0.7473357679143119,0.5196586765020049,0.9278334279093321,0.2734731902086507,0.5271270710754027,0.6448434512866505,0.4904993207900822,0.7488726615032667,1.6388946358343488,-0.1530894480191983,-1.301464843482313,0.45399933622681543,1.1530143270348043,0.8419647306329415,-0.13141682210547667,-0.6627817893892123,0.15163302530404338,-0.37541991538158664,-0.5338801420402476,0.2405401889735966,0.23418922664792843,-0.07116695162239117,-0.44221408445477106,0.2477145808318372,-0.6326754734627138,0.21937680477924518,-0.5514296943955712,-1.0291331813269107,-0.21874374382449135,-0.2111834223137418,-0.6934180911373994,-0.25959085896787176,-0.23256660618941033,-0.3146689971616686,-0.49797074328499785,-0.39102121543789903,2.013398096620288,-0.9084411618521748,-0.3775678830900123,-0.6818758762210682,-0.42768531394217635,-0.35211057121444983,-0.4193535389234623,0.0,1.0,2023-01-18,-2.233952436883801
0.25,0.2,0.0,0.0,0.0,0.0,0.0,0.0,0.0,0.0,0.0,0.0,0.0,0.0,0.0,0.0,0.0,0.0,0.0,0.0,0.0,0.11171820962544003,0.011084742613189882,0.12246959985864135,0.08036658646020375,0.0924931727722188,0.13920020676700237,0.2535521560375841,0.14175599691022964,0.19248321240361602,0.296921402650403,0.08515594774600815,0.06851249652686331,0.035665717487952886,0.014978484645432777,0.0019252762356022912,0.06175628151386492,0.03637708427835229,0.4429740882019759,0.3983553775794464,0.6826780232815994,0.8930005529703832,0.035665717487952886,0.08685093160504426,0.014446159473466225,0.06989177974952664,0.6584005642961697,0.15772346302532333,0.7473357679143119,0.5453684767617941,0.9070467967586147,0.2956956366511143,0.5041690123523013,0.5823706994079809,0.49967915372898863,0.7756878299682988,0.41024862957421876,0.5976028104748966,-0.8225657657537443,-0.3608611325104405,-0.3568343771172183,0.9637623883562904,-0.02382183847720941,-0.3537538969385914,0.8752006368041856,-0.6039908065565088,-0.7425177610980647,0.4992937174444565,0.02473254868061587,0.6008120058874592,0.8655128655256757,0.19795615087367682,-0.31024843756207926,-0.22158537188476846,-0.4258425610185179,-0.5547713246073439,-0.1571082156482713,-0.16518953805978104,-0.6363922787503157,0.15477666336805157,-0.19859344775977852,6.720529400175449,-0.20844223349949723,-0.2729171557833101,-0.3525359917222646,0.42928775565260435,-0.26197569150776684,0.2556552859983644,1.0307711915941313,-0.3043096192643783,-0.209651578460835,0.0,1.0,2023-01-19,1.9238045679950355
0.34615384615384615,0.32222222222222224,0.2,0.0,0.0,0.0,0.0,0.0,0.0,0.0,0.0,0.0,0.0,0.0,0.0,0.0,0.0,0.0,0.0,0.0,0.0,0.1239422213588005,0.019690811427095653,0.12468636049668289,0.12213134085624619,0.1202395037098617,0.20647294200722976,0.35085761131476556,0.13711176923403076,0.21203214378631466,0.42429559803958267,0.09166218449708613,0.07831733773542648,0.04149432627368371,0.01722784057624288,0.0026456161232013,0.07009492089157476,0.042108415845460934,0.46141155147671087,0.41207143945589314,0.7021004745752021,0.9275946781316765,0.04149432627368371,0.09747511101058792,0.013910901315486723,0.09423664078342366,0.81164974006137,0.10922465733013129,0.8768124445342202,0.5826144810685774,0.9268251504977396,0.3259510262112135,0.52768719490421,0.6195897107455646,0.5482081410495117,0.9299361173882055,-0.0027936699443085996,-0.9187798103734285,0.8262109852663728,1.1982339052105404,-0.35524770996218313,-0.664584192142748,0.6433284548782219,-0.5007961270756244,1.2737517688129754,-0.8186015133776223,-0.32241052025611777,0.7131097741118865,-0.08180938365011978,0.7765375056120862,1.6243866251118901,0.46972305224957156,-0.15458134561393436,-0.22745178112531209,-0.41714877407338113,0.10299811102595788,-0.11817237513285134,0.12779485321251202,-0.6202635978810616,-0.20444467812284575,-0.201692734826796,-0.23679166328953058,0.34616549267714,-0.29163376760185467,0.39298182765876843,0.0637679529275725,-0.17667359793085544,0.3142856266200399,-0.2649785965631587,0.06622996849839698,-0.0919730511775035,0.0,1.0,2023-01-20,7.539125404137925
0.4326923076923077,0.4777777777777778,0.1,0.0,0.0,0.3333333333333333,0.0,0.0,0.0,0.0,0.0,0.0,0.0,0.0,0.0,0.0,0.0,0.0,0.0,0.0,0.0,0.2332613637746012,0.04517989282176697,0.23815880359179475,0.19956361510736717,0.12200353409438092,0.23852540261242605,0.34960284065252156,0.1225952298613087,0.23785761715248874,0.4602907155216018,0.0974881375017525,0.0873956983216354,0.047345271939375544,0.019469137763445943,0.003340494805937344,0.07744528147566876,0.047560732142086226,0.47505082371206886,0.42604266114319467,0.7051270180239454,0.9258395101915377,0.047345271939375544,0.10666425237508809,0.0150546782796665,0.09771555967903355,0.8472011016807321,0.09304745783845147,0.9104769371443402,0.6206769947636167,0.9630028848789228,0.36003375521131575,0.4863785638338137,0.5275586351430637,0.5528588414843758,0.9465732164808018,0.27859359731977823,-0.47701171371875173,0.20032440718848923,0.8021979152642258,-0.5870340014427341,-0.2869829765666842,-0.4477194485897481,-0.03940801882131556,-0.15942172710800254,1.6310455042058565,0.06093287951556707,0.8390458792128922,-0.05172692768695034,0.16164647189991888,0.25855264429777464,0.5255269448515125,0.4537675729202235,-0.5503476288427428,0.48631082696017286,0.1010772398952435,0.1347555665769335,-0.18737575086675373,-0.2682497347599776,3.3864188373208624,-0.2147327031784556,-0.27988058484624756,-0.23992495028272112,0.08032711248537265,0.19833682734652275,-0.19908994902796118,1.7166112251541672,-0.6975628022379817,-0.37079734742773535,-0.029199185137626815,-0.24308187972445697,0.0,0.0,2023-01-21,0.4457126566322689
0.14423076923076925,0.11111111111111112,0.0,0.0,0.0,0.0,0.0,0.0,0.0,0.0,0.0,0.0,0.0,0.0,0.0,0.0,0.0,0.0,0.0,0.0,0.0,0.07089732658340708,0.003799898270440004,0.04384527653285785,0.043104583343582206,0.12100505655871929,0.17081640503718695,0.34990222649660463,0.11702550293152862,0.251938897398172,0.30894488734893266,0.10313621074968832,0.09461460521709092,0.05308152981802683,0.021758978242847726,0.004064038633111333,0.08349807402368314,0.0525268014200439,0.48317311461364776,0.43900519205533894,0.6931625693627971,0.9162397672667951,0.05308152981802683,0.11407424369205027,0.017997549542163704,0.09900634947531885,0.7689297985060056,0.1123673292289856,0.8595183419853069,0.6507576486135127,0.9657652013606689,0.3340360628034047,0.48801657512017516,0.5314173912289304,0.5488445404423933,0.9311701921085132,-0.030672129838164985,-0.4163285128471831,0.428768525136975,0.12971645667867968,-0.6704739742531193,-0.49595076868527255,-0.7346917627899222,0.525178361392522,0.46980777212175506,-0.7907712103063269,0.6976975934121639,0.33963365487368213,0.09523982754212708,0.3760470027154208,0.22250169937935138,0.189400580051994,-0.30007611317704974,-0.5662169934185677,-0.22033788436284263,-0.03330436904534444,-0.061386772337092936,3.0715142748021727,-0.5007226901323714,-0.2182709445790849,-0.2030602622329197,-0.2609109392302002,-0.4009382123246853,-0.2362539411180654,0.7744876121896929,-0.7298796320648492,-0.11294052782449045,-0.5636300305629223,-0.14741749607489582,-0.2954745380546406,-0.20134941255630587,0.0,0.0,2023-01-22,-0.2511630794474806
0.09615384615384616,0.11111111111111112,0.0,0.0,0.0,0.0,0.0,0.0,0.0,0.0,0.0,0.0,0.0,0.0,0.0,0.0,0.0,0.0,0.0,0.0,0.0,0.04971060422358215,0.01847982022528531,0.032239410148908486,0.030629415756446298,0.12474030542177122,0.18640934999009215,0.34874097939151594,0.12565087742355796,0.26598345130428747,0.32707928851579443,0.11127247766839321,0.1002851164400616,0.05902950327951778,0.024045574602794995,0.0048555484372712066,0.08924344523410083,0.057433161797522336,0.48962603002192273,0.4507937852941245,0.6792380670572211,0.9183130933455853,0.05902950327951778,0.12071919915981288,0.022232061877302867,0.09645383171578052,0.7318929783104893,0.10219747171230986,0.8642077751307036,0.6791740186637126,0.9464280632389405,0.3618956869344101,0.4848159988209327,0.5232091214179013,0.5533303389232478,0.9430885024462992,-0.7343136722661199,-1.1980858610979463,1.722233484149466,1.910520001069287,0.04010950436351541,0.5363247533210579,-0.6412281453825428,1.145395525228809,-0.5242692976116446,-0.6826190186457526,-0.12703763187400852,-0.44586979914623354,0.13129865593554804,0.016033901179787063,0.15034688267196142,-0.3544360000947164,0.019509405655818227,-0.4981864514070794,0.4623809210014653,1.962469322656591,0.13671485645468986,-0.13321028611745242,-0.5684103262285235,-0.1754696675339518,2.446459260812399,-0.21758650472556354,-0.15945810268603608,-0.004749422817523003,-0.6950384321596814,0.49436900957514485,0.3720055482486255,-0.7111556819663729,-0.17361766217769617,-0.08714761476381888,0.0903310013631209,0.0,1.0,2023-01-23,0.9419529327844068
0.06730769230769232,0.022222222222222223,0.0,0.3333333333333333,0.6666666666666666,0.0,0.0,0.0,0.0,0.0,0.0,0.0,0.0,0.0,0.0,0.0,0.0,0.0,0.0,0.0,0.0,0.006105063267963544,0.0010818608005769925,0.04113376062197806,0.01013119037869701,0.1195399115325928,0.18540961829432526,0.35848762731137573,0.13527450505906755,0.27487102450943457,0.31739806089803235,0.11688714317747684,0.10339733326917583,0.06451972857930777,0.026276107561570616,0.005545034314800468,0.09323645999363672,0.06154706942737331,0.48951473267678663,0.46020019297384784,0.6509820965212693,0.8696280103409489,0.06451972857930777,0.1252795869772892,0.027932761819675966,0.09622169833385834,0.6704006787095733,0.11775670037281133,0.8172476826428196,0.7007105127363598,0.9359683726356193,0.3341554393653403,0.472416825705406,0.4995266339668939,0.5447131502880926,0.9163040982993722,4.055879790468223,-2.328224713594823,-1.656112146745353,2.3908242978523147,-0.6982289933955286,-1.0461343009624353,14.540601656073914,-0.7226989689328923,-2.5449728214784693,-0.9380388683377502,-1.313757978858973,0.7778509765228228,0.12085021135102873,-0.37531217113937104,-0.8252617991743074,0.7550532691816524,-0.6389088521494591,0.6534184453858919,-0.5559537382314065,-1.0801539395564579,-0.21677778031565983,-0.21041836990803456,-0.6390506736197681,-0.25760628283070797,-0.2316637033091118,-0.30008633888188047,-0.4491364778803911,-0.40964213640332314,1.7808107215261681,-0.9139409075750969,-0.387828320061664,-0.5200051132516288,-0.43183814599856396,-0.3537330329144113,-0.38952949107991014,0.0,1.0,2023-01-24,-1.2991945703908492
0.2980769230769231,0.26666666666666666,0.1,0.0,0.0,0.0,0.0,0.0,0.0,0.0,0.0,0.0,0.0,0.0,0.0,0.25,0.0,0.0,0.08333333333333333,0.0,0.0,0.2298537151443145,0.030895235875574984,0.20471302587827092,0.18635776326698336,0.1279416989474842,0.22306797047676719,0.3604895380992066,0.13454202734394033,0.29378833308267716,0.37077513821196434,0.11848605128717715,0.10759101091023843,0.07049294943887857,0.02865111541039106,0.006275198311106289,0.09801824294514389,0.06604936824387436,0.49215119982345557,0.46830490354308885,0.6355421930004863,0.8781635230762775,0.07049294943887857,0.12988705386002874,0.034538359714511746,0.1099645353124855,0.665933832612631,0.09084547266517898,0.8617436866141587,0.7253043249165813,0.9307144085338938,0.3663924180381062,0.5132325077021205,0.5822128022898656,0.5535882490693074,0.937833896525939,0.8351656641708485,-0.2505804473997446,-0.49312002981811365,-0.3285134828999895,-0.11627089024488653,-0.9269946759554826,-0.5266787359756758,-0.18867972605536618,1.205366869672519,-0.4598177002035238,-0.32428737103930966,0.8424762854260254,-0.3031049660956581,0.010202531542346734,0.40294330477072715,0.31643483483823237,0.5459156644803925,-0.4934445836204187,0.05070026504588376,1.5725664655948497,-0.11163200851151935,0.22181781363551753,-0.416627270601272,-0.11254221240119422,-0.2076474418042012,-0.2357718853706146,-0.13487537545881045,-0.23817111892624998,-1.1163968912600801,4.500089431238778,0.0719862619486106,0.17789232495445076,-0.3400715536032809,-0.27071494359497306,-0.16302280670287478,0.0,1.0,2023-01-25,2.1266153759075257
0.2403846153846154,0.2111111111111111,0.1,0.0,0.0,0.0,0.0,0.0,0.0,0.0,0.0,0.0,0.0,0.0,0.0,0.0,0.0,0.0,0.0,0.0,0.0,0.10146319261484439,0.008358831338373618,0.0770677718342891,0.07728469050096001,0.12645674867577988,0.18499408199490436,0.3535064201252822,0.12583330467404497,0.30708538959576914,0.2906783702194816,0.11941049953715849,0.11108373155818241,0.07627567530878743,0.031087699201125973,0.007032230383171467,0.10181638388118108,0.07009565900180642,0.49117602437317287,0.47457429553496644,0.6137728109098299,0.8542624556014896,0.07627567530878743,0.13295592404553014,0.042518585442223755,0.10383522026095383,0.6356792393191832,0.0849434264503375,0.8617436866141589,0.7481414362267872,0.9014615443763537,0.33870178907670345,0.49256674572233,0.5386678793430518,0.5518436620123017,0.9333128637757353,-1.2540046817165236,-0.21838593236218576,1.3678108831337374,0.49429048354138827,-0.4588478172935731,-1.0126590995497566,-0.6744478215115762,1.5359355090258884,-0.8330738454814101,-0.7884318762418013,1.6727996228854087,1.1854877835263693,0.25226729678620347,-0.13710629391186066,-0.2831994405550004,0.8797939081355299,-0.4491950812334179,1.3286386527103218,-0.4579963509448998,-0.14878837471822562,-0.15006618100463778,-0.17651169240002276,-0.43169759102797195,-0.24061386648348398,-0.18833577956246722,-0.2772495835248238,-0.40177122780655744,-0.3737482528195205,0.7281961109996314,-0.48802598181858686,-0.2672490482059594,-0.6844638737992572,-0.02265285014456746,-0.2949851958425068,-0.28021066044354326,0.0,1.0,2023-01-26,-0.3680359408276712
0.3269230769230769,0.3,0.0,0.0,0.0,0.0,0.0,0.0,0.0,0.0,0.3333333333333333,0.0,0.0,0.0,0.0,0.0,0.0,0.0,0.0,0.3333333333333333,0.0,0.139291754171058,0.015711390403721475,0.19917754967632081,0.10543412049489752,0.12725874181297253,0.17642033048335587,0.3454076496789946,0.10819507060303547,0.3267552224386686,0.26149592650770864,0.12070870969154363,0.1146778034585828,0.08209914286021497,0.03339057002180934,0.007838559307399406,0.10516412635448252,0.07390838681627193,0.4887087770115306,0.4790474249207314,0.5924666859188226,0.8314197445773228,0.08209914286021497,0.13459419930173078,0.05220931017248642,0.10648762319887721,0.5685043547950465,0.1351607661002601,0.7426918952286514,0.7570514106092389,0.8800160475615826,0.3653686383753487,0.42652577346633935,0.40946891835064464,0.5497803808438256,0.923025550142192,0.6362279517882247,-0.10583984831669284,-0.4350854880753025,-0.19325183592236295,0.02340458771758153,-0.5581346456620568,-0.4834826738074503,0.5614637197781723,0.000360306984759807,0.1835041136523387,-0.30580624801212164,0.22551478615725368,0.1143122114692671,-0.061121698704978696,-0.5074417481863461,0.16483967332612354,0.3093181083800038,-0.5181944343401212,-0.0200374338209582,0.9912525115233576,-0.04339631219981849,-0.17514160361449874,-0.23336643831060935,-0.21818129905058142,-0.19827778642322683,0.29308605359287054,0.5619902844147302,-0.19852447100324613,-0.10263704244092473,1.1906417042669593,0.2306560093346085,-0.4679585568820662,-0.2311473155087327,-0.28512072274442807,-0.09954269305632808,0.0,1.0,2023-01-27,0.1995033911421417
0.23076923076923078,0.18888888888888888,0.1,0.0,0.0,0.0,0.0,0.0,0.0,0.0,0.0,0.0,0.0,0.0,0.0,0.0,0.0,0.0,0.0,0.0,0.0,0.11118958910014458,0.008428120821962247,0.07548069972531445,0.07117732766341645,0.12642729646893097,0.08254134143989564,0.3486079414949823,0.08387770791013331,0.3322593259480552,0.09731149402386195,0.12105891422195075,0.11906878303747714,0.08774791060135756,0.03571419674338633,0.0086526985839529,0.10785798216492892,0.07737009832169817,0.48415323396224474,0.4816244663765257,0.5699764964039815,0.7837713077858302,0.08774791060135756,0.1346798729364756,0.06332196255839495,0.09929706456548061,0.5469053316739897,0.12903212542693882,0.7426918952286514,0.765324958250087,0.8400868954354886,0.3499117477060696,0.42016422389512986,0.39801763471679225,0.5482690413478708,0.9182486198541275,-0.6874066343532305,0.5421422383230897,0.21605078478462383,0.032931703735627496,-0.04968773141779655,-0.3509402364172528,-0.6303140140023347,1.2709835298701961,-0.963928086187988,-0.15092477566690546,0.7657759356117296,0.5798339566703187,-0.25820333351850744,0.14715483392277035,0.2780278448797555,0.07237333467321108,-0.46254257481250693,-0.4863770463659147,-0.24748843519444333,2.9035822938666085,-0.05501684607094685,-0.18534249639381992,-0.594603986736095,-0.17699537189807477,-0.17323407241555602,4.095694319789458,-0.29512863561776864,-0.29748520289859365,-0.9901186406048256,-0.09383039394354246,0.06982726658182195,-0.35462178724094995,-0.2920619893511404,-0.14155025833516408,-0.16366735602326563,0.0,0.0,2023-01-28,-0.2064180955322014
0.23076923076923078,0.22222222222222224,0.0,0.0,0.0,0.0,0.0,0.0,0.0,0.0,0.0,0.0,0.0,0.0,0.0,0.0,0.0,0.0,0.0,0.0,0.0,0.12788856649836086,0.015316125395068164,0.1134820811848425,0.09142523942569665,0.1394033115836399,0.19437148665648266,0.35375668349575207,0.010298253879316764,0.3420549063736301,0.2815382503470632,0.12518238168129348,0.12410738397513676,0.09400346657752767,0.038332477385829844,0.009594719986259603,0.11230436172515723,0.08164587344045104,0.48602193862199927,0.48409690386995813,0.5687357507084178,0.7716956767231811,0.09400346657752767,0.13502533064733502,0.07534288492501628,0.10554870665883655,0.6236729096402482,0.10822060858991922,0.8153510127143276,0.7805119217966396,0.8742843326811867,0.3787221194275745,0.45441591299766343,0.45914095305875857,0.5663584657871198,0.9692856450299399,-0.4001647922724538,0.1056126380758556,0.32365319118104935,-0.23387358133216002,0.25688514046762667,0.05477561019029595,-0.33120824078325756,0.18436708573953303,-0.7003855961769087,0.19546727578330644,0.8912501289877717,-1.1279128541858632,0.12085814108600897,0.2890098128278282,0.0944957620096224,-0.6897512513287573,-0.026121369425093112,-0.48645936982540117,-0.17781963651878926,0.023561331186273703,-0.06405209967350825,-0.16787999577130847,-0.5265678819153231,-0.21502773136867723,-0.21102358187351847,-0.24457159488126856,-0.3799141787128367,0.15222354486307405,0.9115610121736714,0.25055715052143757,0.011388674651487882,-0.45935085810780246,-0.3387339328219847,-0.21349524608102843,-0.2812048070725771,0.0,0.0,2023-01-29,3.228143207915801
0.16346153846153846,0.12222222222222223,0.0,0.0,0.0,0.0,0.0,0.0,0.0,0.0,0.0,0.0,0.0,0.0,0.0,0.0,0.0,0.0,0.0,0.0,0.0,0.11471544622539508,0.011402844333301312,0.1365990394037235,0.06582958706934845,0.12309459518768329,0.19245270071259724,0.4068842957294041,0.04687074762963417,0.35474309517523384,0.26973500056437283,0.12417616549603655,0.12441404831171199,0.09913290464565183,0.04059228359802336,0.010338157903424905,0.11334316674179507,0.08425949880884698,0.47591715999540557,0.4838534826171548,0.5365219609717115,0.624886001935882,0.09913290464565183,0.13125945544830997,0.08981234911308394,0.11511057412305638,0.5303328791990124,0.16374854679792425,0.6716440598019365,0.7797717515801659,0.8203548441790425,0.3501408672488844,0.4052878563583162,0.3716070123066595,0.5353908094876965,0.8711278734462238,0.7803880456609784,0.46853852076617697,-1.0485032042973876,0.18014506360514276,0.6632288385409139,0.15874596558891502,-0.4836418621554106,-0.6432080214038994,0.7997295080265757,-0.7116966912018604,-0.2134999426055293,-0.14122870224007034,0.2245203875754809,-0.06480093156922107,-0.5691047111321337,-0.06145633324345524,-0.5225112189528095,-0.5801925539827367,3.9121766108614473,-0.5283500723866535,-0.14818656003025274,-0.18150693353277692,-0.5729813724463907,-0.2317559104158512,-0.21680126655672127,-0.2661990184920103,-0.4509761687991399,-0.31880301874013095,0.25727619204544355,-0.6254986397114882,-0.07874811991182476,-0.7360941785380973,2.0057126861181644,-0.34029144782458265,-0.2177336443647173,0.0,1.0,2023-01-30,-3.930367092328346
0.3269230769230769,0.3,0.1,0.0,0.0,0.0,0.0,0.0,0.0,0.0,0.0,0.0,0.0,0.0,0.0,0.25,0.0,0.0,0.08333333333333333,0.0,0.0,0.1475391928129235,0.010451688694948323,0.10420863251570205,0.10933496157758348,0.1283156124392964,0.1540247821558814,0.4061720566073639,0.06157635193950634,0.3597144385845842,0.2037893367007797,0.12456204929339826,0.1250920263495755,0.10408217105513207,0.04292966320076991,0.011069380950882945,0.11509405284135871,0.08711024231616926,0.46903405692848466,0.48214560734520895,0.5191515384793366,0.6368207045521761,0.10408217105513207,0.1270454551805631,0.10443473047728313,0.11116495562109006,0.49628279645571405,0.15210139108680917,0.6716440598019364,0.779084450664869,0.8154236152383987,0.3741334954806974,0.430830889893391,0.41722833906958395,0.5368621886159601,0.868214429310044,-0.23677517871620105,1.0032177669122855,-0.5790246142318042,-0.07859127500414681,0.41111708307481876,-0.6528744286566449,-0.1049777446273159,-0.07826673973746923,0.21705400027267088,-0.38731151875255204,0.2879943019808857,0.500802886854742,0.3365432176843303,0.02573893698566536,-0.12741148847069023,0.5021817239340811,0.05541871562621664,0.48772489126854013,-0.24898138186646457,-0.05540587882004344,-0.10137369422149838,0.6191869238111752,-0.22343023544799762,-0.15348314520103917,-0.1395148593978121,-0.010726858044799708,-0.2489894367254607,0.1928835816022336,-0.6435428705425502,1.4185623588056882,-0.1339725990593618,0.694134619380313,-0.09806256447659534,0.31724291560147494,-0.20856613233908144,0.0,1.0,2023-01-31,1.3097316769725251
0.20192307692307693,0.2,0.0,0.0,0.0,0.0,0.0,0.0,0.0,0.0,0.0,0.0,0.0,0.0,0.0,0.0,0.0,0.14285714285714285,0.0,0.0,0.0,0.18041577687741078,0.003540062706982648,0.028699018521195763,0.10685642271458605,0.13851674561636373,0.18785711631350419,0.4088313966034772,0.07110624829271507,0.3504875897001062,0.2649576675868665,0.12689911204303522,0.12697295049820256,0.10869839952503169,0.04527082709656144,0.01196557130489212,0.11827913638917292,0.0905913859560839,0.46764201439463793,0.48047328921530397,0.5195732946914102,0.6744202901465002,0.10869839952503169,0.1252115623002218,0.11568491127238845,0.11565268550811435,0.5367745224750516,0.1312903797957718,0.7332250082068135,0.7848064501026933,0.8091288108236636,0.4021659953611736,0.43524111308903446,0.42415547072037807,0.5397176971613713,0.8626812554536318,0.15333042009081765,0.8701763065696719,-0.8196601200479345,-0.23421542666235048,0.4019481882100336,-0.1949403349353439,2.331611177656873,-0.5379322964925382,-0.025484047178165756,-0.4955968779333046,-0.3827527937239867,0.8051315027236319,0.12038920536841842,-0.5276259675450881,-0.6112359660492941,0.5127541230413201,-0.14404800614578103,-0.4737197116786235,-0.33568304038213015,2.095154494373227,-0.11743477943316731,-0.1799083752485458,-0.04605081581572089,-0.2050862947461838,-0.1997843457165722,-0.21482661841738085,0.03379059512507072,-0.3021073102479421,-0.566824825374128,0.6573295711534979,-0.0846383509474271,-0.630911880087092,0.5915054235142749,-0.27979590659504927,-0.1542048484470381,0.0,1.0,2023-02-01,2.525948288865165
0.17307692307692307,0.15555555555555556,0.0,0.3333333333333333,0.0,0.0,0.0,0.0,0.0,0.0,0.0,0.0,0.0,0.0,0.0,0.25,0.0,0.0,0.0,0.3333333333333333,0.0,0.07545351450935549,0.015594858090413328,0.06209339308948966,0.05235316502033617,0.13412032198011553,0.23522312144234786,0.4160763777619222,0.07840988045226747,0.353651390969428,0.3409378835125436,0.12849611659803284,0.12798045466305125,0.11208607173634427,0.04749922398427314,0.01265662077209928,0.12024001498131687,0.09345197386320475,0.4621012231632986,0.4779173818687795,0.5090927211795329,0.6989892795841052,0.11208607173634427,0.12433987548269021,0.12340087852234627,0.11623040984485715,0.5613710960692493,0.11649714843388317,0.7729248767808068,0.7942200196465093,0.8468359551586323,0.36847758713163237,0.4281050486173113,0.4117713895074948,0.5043795864991891,0.7395297318676085,0.3176576335440753,0.09551144885254936,-0.31655605442378826,-0.5515802447362352,-0.5771347499937605,-0.3707933048482877,4.619970871450596,-0.024939868311601082,-0.40131953085390737,-0.6652490350993783,-0.7149157417639399,0.3239604924587502,0.1265041749040322,0.20524803056736168,-0.2629636510594906,0.30043646378497013,-0.280839340956016,3.0094005276801945,-0.11150432709204687,-0.4005133376013881,-0.10001460322666209,-0.17150621975895722,-0.2977341071584338,-0.1979634258091268,-0.18085918120789576,-0.22310468740466638,-0.2772560686848027,-0.1605557935426893,-0.6796536749552484,-0.2794741560027472,-0.23676138657248555,0.5763483636111721,0.015794347394200776,-0.15689646874356888,-0.20200657959817717,0.0,1.0,2023-02-02,-1.061797692681965
0.15384615384615385,0.13333333333333333,0.2,0.3333333333333333,0.0,0.0,0.0,0.0,0.25,0.0,0.0,0.0,0.0,0.0,0.0,0.0,0.0,0.0,0.0,0.0,0.5,0.12152976046314136,0.022243498992940345,0.10815221756381219,0.08119710677973704,0.13372677368373737,0.19137467706905892,0.419120500151558,0.08446188150292999,0.3404205268327577,0.2776287672492439,0.12731771716733015,0.1295042603636603,0.1144378669603579,0.04989633432057278,0.013204971392241749,0.12183349833130636,0.09606819968348873,0.4556948374698314,0.47446431628358,0.4984512005550565,0.6758731302231019,0.1144378669603579,0.12512373125124093,0.1271752072852919,0.11103540389903631,0.5304864834013653,0.15376258339358476,0.6892332663711216,0.7943173491354253,0.7852360630937353,0.34002506024673473,0.4251747588016893,0.4065616804219481,0.47273597760451147,0.6363075992780556,-1.2458285830197842,0.34502706984267845,0.8865073466855798,0.4429021538135814,-0.6972282586677672,-0.9411385925797054,-0.455771450100419,1.1304929965978476,0.8087742148679855,-0.7119909996860421,-0.919431744437059,0.8216589473865318,-0.18217977596797522,0.21492950759079923,0.44690293794793345,0.6380456382706993,0.1267841365535548,0.12263502586928936,-0.36626975741880563,-0.6701341000744543,-0.14124434675690326,-0.026236346410828688,-0.17410937720975642,-0.22596705467200842,-0.19491163374097178,-0.2423488661174833,-0.3758163736698882,-0.3793383351454685,0.02424699552243468,-0.3067129821458096,-0.2864280720781057,1.8236919480240035,-0.300376301268621,-0.18092666760246728,-0.3172568108898211,0.0,1.0,2023-02-03,-0.096067450417292
0.19230769230769232,0.18888888888888888,0.0,0.0,0.0,0.0,0.0,0.0,0.0,0.0,0.0,0.0,0.0,0.0,0.0,0.0,0.0,0.14285714285714285,0.08333333333333333,0.0,0.0,0.17398127808450137,0.030481073735033865,0.1585208744960082,0.1283240707649613,0.13167647057570292,0.09069161085994482,0.4211383647244338,0.08785801906896687,0.33634696181153234,0.1095763100376514,0.12909923915307742,0.12990541082504642,0.11676876477572024,0.05252979137857655,0.013828471466570458,0.12283943474205444,0.0983214864527478,0.4477223527652616,0.4699492427092391,0.4858543370000867,0.5232570549414559,0.11676876477572024,0.12479694824195725,0.13217323511674045,0.10367457996870501,0.5099472045531342,0.1470418711585892,0.6892332663711216,0.7944077265179902,0.639151697826808,0.32359495731827104,0.42218732031379635,0.4013641494584169,0.4374690627066,0.5340422114941191,0.32978525821699156,0.8197538292477372,-0.9367121572538308,0.3213289958182401,-0.7223057222533423,-1.0458170085138334,-0.6319432888417001,0.3155801539389362,-1.0472645196536328,-0.4839183895377695,4.169736122143514,0.7439167574206691,-0.3409008963442169,0.302025576759943,0.5963292799597065,-0.17585254370568912,1.5827171597132843,0.5317620321369985,-0.08284433332630542,1.6474848916518077,-0.03296536244341396,-0.14831279729903274,-0.2932175394169001,-0.1963711738309142,-0.1902188893192723,-0.2218260507506354,4.894346664711789,0.30662207116065465,-1.551689315093343,0.17972696350308737,0.011986050173571232,-0.5469418871242632,-0.27740757226363943,-0.1683942271256419,0.6672147396670395,0.0,0.0,2023-02-04,-0.5009723012217249
0.21153846153846156,0.18888888888888888,0.1,0.0,0.0,0.0,0.0,0.0,0.0,0.0,0.0,0.0,0.0,0.0,0.0,0.25,0.0,0.0,0.0,0.0,0.0,0.1364741649927631,0.015114555988264881,0.09680657960258943,0.08341230993166293,0.1251109123579534,0.12522371910984156,0.43539143120395907,0.08967456400847251,0.32830001083536864,0.17232263616413313,0.12843397155194108,0.12976085503594081,0.11846724619459648,0.05495688981340158,0.014311613480733953,0.12259417937986572,0.09986622202410839,0.4359948299175307,0.4637590786758078,0.4659854789772273,0.4538260487495709,0.11846724619459648,0.12388933699165044,0.1365778463148381,0.10287723981055373,0.46604817070940063,0.24607424217829446,0.49091439725138136,0.7740088663168275,0.4698411477674103,0.30304142369663123,0.37429063375036825,0.31903785333994716,0.4291100168834007,0.5138555163135229,0.5974674957322753,-1.2725558918344935,0.5813257642021563,2.0566296452245196,-0.747694482551963,-1.0681560253645563,4.042077921804356,0.3379389341113824,-0.6139397331710875,0.49383444685385025,-0.938280975775436,0.9811612833545021,-0.035909392785867224,0.11341855686548832,0.17675287697080494,0.507436963251384,-0.32228909860245725,-0.35044403827347886,0.0073080570979700225,0.9400498831994825,0.056295476252127975,-0.12093576281503826,-0.20548431887639562,0.00014850318956126447,-0.20544944970778126,-0.23127555050231186,-0.21600869916306947,-0.343490591879047,-0.049643184493951005,0.8852153706529424,0.4140130810387211,-0.3808177040247144,0.21842522885676643,-0.2593727053112328,-0.15189321657131025,0.0,0.0,2023-02-05,-1.612309690031044
0.22115384615384617,0.22222222222222224,0.0,0.0,0.0,0.0,0.0,0.5,0.0,0.0,0.0,0.0,0.0,0.0,0.0,0.25,0.0,0.0,0.08333333333333333,0.0,0.0,0.09277597413568639,0.009801312405809608,0.1140908871861597,0.06282003608567381,0.12169783109551391,0.1627100421298722,0.44034274104677384,0.0824443224556257,0.32699194800691445,0.23768078915579444,0.12494251255952482,0.12916355963956894,0.11998747277339855,0.05732156664993615,0.014709053909298553,0.12181667930515122,0.10101496262427606,0.4232874399961238,0.45601343443448555,0.44753536170730035,0.4377871526669854,0.11998747277339855,0.12220806010015728,0.1415100143800318,0.09919122436325582,0.435278001947372,0.2688890460588659,0.4296614723783813,0.7487407390752913,0.3285243631946784,0.2780117007326983,0.40589802705070577,0.37265989849604997,0.4146842659803953,0.47601139803803744,1.878803760699952,-0.9482874663394769,-0.8493934773855707,1.0561337649583604,-0.5084269212662187,2.389727719823518,0.7840312858607917,-0.592743203354118,-0.5492354853111782,0.9996791993197671,-0.5541692220212514,0.2931699289817156,-0.1034395905301782,0.03815383265793757,-0.3340749105252517,0.09206946499046093,-0.4280213285790571,-0.5826773764326245,0.32234836875253287,0.10804863489428444,-0.07036921553322996,-0.19147516220260538,-0.4633978804770165,-0.22272826133991572,-0.17155421905565665,-0.1936641377463522,-0.4677640920427382,-0.26932053157594515,1.140297855929953,-0.39041616433854875,-0.12378110154781245,-0.7120372627723581,-0.15991036941693731,-0.19785028878247193,-0.335423282937586,0.0,1.0,2023-02-06,-0.8518883333286542
0.3653846153846154,0.35555555555555557,0.0,0.0,0.0,0.0,0.0,0.0,0.0,0.0,0.0,0.0,0.0,0.0,0.0,0.0,0.0,0.0,0.0,0.0,0.0,0.21159898124429308,0.025662305103642896,0.22262059659775432,0.1480265014114505,0.13049739374387748,0.19229758108862732,0.44306170476094997,0.06754440234140217,0.32385513927569376,0.2910228020339083,0.12419042446527762,0.12960072730663452,0.1224367304206776,0.06001027761820399,0.01524713025403085,0.12262830028237726,0.10280455181065484,0.4170406141415773,0.44844365596912084,0.4496213697283107,0.47784986572479016,0.1224367304206776,0.11782894524017601,0.15135909855459467,0.09819987587113373,0.43701063722108835,0.24678575868481653,0.46568286423789573,0.7289978417508144,0.31308707370919625,0.30657443029429343,0.41466909498393406,0.38809512899676346,0.4299410412985456,0.5138562436571991,0.21797649533075972,0.6509408034682514,-0.69367201338832,-0.07537045879065682,-0.4700203075153646,-0.14669975884221995,-0.02012818789698403,-0.6001699349060576,0.7541012315466122,0.5372573219797585,-0.2550063471871001,0.5786105069634773,0.0962847483989357,0.01151486484371525,-0.17652435742414324,0.4969194118609702,-0.07722795818027972,-0.5748715741936721,-0.44940169675262925,1.6035502372053156,-0.10169397182706165,-0.18741836037275694,-0.5572577087063842,-0.2183702282510946,-0.16036166820481196,-0.23135680983812176,0.3028655818447297,-0.29851311414555826,-0.1366179016778335,-0.0027947448286682526,-0.1468692373795546,-0.1314267650702364,0.1289693618592112,-0.1513240656828166,0.19134152322395095,0.0,1.0,2023-02-07,2.215198672018692
0.17307692307692307,0.13333333333333333,0.0,0.0,0.0,0.0,0.0,0.0,0.0,0.0,0.0,0.0,0.0,0.0,0.0,0.0,0.0,0.0,0.0,0.0,0.0,0.16332334459263104,0.02853781867257097,0.16891555427047691,0.12010712843982273,0.12482699172040179,0.17631503621206487,0.454141614401373,0.04416455667981055,0.3285514774937832,0.26009751088530536,0.12234290786556412,0.12803509009490538,0.124198520716443,0.062387152220771236,0.01574732543048174,0.12236811308574219,0.10399378577018603,0.4075339519833022,0.4402979481277015,0.4427900616386947,0.46715056869882843,0.124198520716443,0.11191726394611562,0.1615896761252052,0.09884626135212714,0.40504429417593213,0.22317165742067793,0.47649784960088554,0.7117821453843368,0.2688602325248749,0.27992015403714654,0.37576772640691425,0.32143247219090065,0.4343440688867879,0.5285596212192891,-1.2977503814761748,0.7357849816410856,0.6047438519630689,0.16565470929252563,-0.6120926531056239,-0.8082272919049818,-0.06486132898599203,-0.06083044922919991,1.4435339482064686,-0.553608364463581,-0.7789575482386244,0.9063360264385153,0.17515365813412048,-0.10166376305024641,-1.0126700978807368,0.640025041274641,-0.39002986251665783,-0.5546122803833696,-0.2804793761404152,-0.4985547536587512,-0.12971705792809976,-0.19151674255914378,-0.6044594987179521,-0.22955440831177149,-0.20346544307944525,-0.27491863527644955,-0.15692895820625377,0.1417355813525387,0.40192237714118195,-0.648286427309685,-0.24275352952667487,1.3883723632661893,0.08766205897636657,-0.273793615841025,-0.2479220643327608,0.0,1.0,2023-02-08,-1.3965290320121615
0.19230769230769232,0.16666666666666669,0.1,0.0,0.0,0.0,0.0,0.0,0.0,0.0,0.0,0.0,0.0,0.0,0.0,0.25,0.0,0.0,0.16666666666666666,0.0,0.0,0.10230601181126502,0.013687822530735397,0.13306025412429923,0.07616479027915032,0.105273180723292,0.2396717361863578,0.5177902761329215,0.08745678234898005,0.3327522987889129,0.3654919773031026,0.11686181670059664,0.12612089845305846,0.12338304257439964,0.0643576085242899,0.01602033914254508,0.11888251559785923,0.10348179099592142,0.3875291123850332,0.42938364320658834,0.4099507233209225,0.29277639089684304,0.12338304257439964,0.11440878145148181,0.15713313866712514,0.1106169433953889,0.331005815847049,0.41450230640179053,0.11919263588067953,0.658892921802185,0.20376119937219073,0.24570054295011357,0.3386167447949173,0.25669382546305086,0.3891251029401175,0.41292298862281634,0.2263219251909398,0.7645805071851461,-0.7968019030693547,-0.27355213892012,2.9572649218893337,-0.13194641710161262,-0.4315401006452703,-0.6180320276654034,-0.8495344625635703,0.042281909373816894,-0.12049369310285137,-0.004918650774523445,0.059492548667834044,-0.07155135644553216,-0.21121338206247012,0.09203153610866938,-0.20363045493403906,-0.4804364265232369,-0.18459475885224053,1.1114158327083716,-0.15363531446115752,-0.18498494681780853,-0.3274059217245747,-0.24039612511775266,-0.18706200121467642,-0.08879747013758307,-0.19084313910194153,-0.10853211387671396,-0.29064609532230695,1.7723132162400161,-0.153471676175289,0.2316939146441349,-0.3813541032200882,-0.09086085788262882,-0.2318482538844984,0.0,1.0,2023-02-09,-4.883996317743455
0.16346153846153846,0.14444444444444446,0.0,0.0,0.0,0.0,0.0,0.0,0.0,0.0,0.0,0.0,0.0,0.0,0.0,0.25,0.0,0.0,0.16666666666666666,0.0,0.0,0.08628286260670866,0.020893928823952745,0.0729233932501245,0.12292568868799493,0.10234357243508652,0.19133368322775224,0.5138686094933426,0.10443359992383663,0.326780877698277,0.2872179806824562,0.11213551681908229,0.12333125108824855,0.12231181960126525,0.06625688887775477,0.016325676902838593,0.11544392638669482,0.10276603687917168,0.36916938014914746,0.4166161107210416,0.3879689162119647,0.29203868524789545,0.12231181960126525,0.11675417973327928,0.15233551348455,0.10589241950149485,0.3093530938271458,0.4506597047995531,0.04905040592839085,0.6025370656484699,0.04484488146750501,0.2172529110824053,0.3324008240771701,0.24583729099887505,0.3367811510842754,0.288099937313236,0.6787812756411771,0.5322500424893568,-1.0102710025145947,0.3160861953727738,0.2766616775905802,2.355823703158896,-0.6320703715060688,-0.009497693016229507,-0.358479437825087,-0.3970269081522262,-0.40760591295233933,0.463931918741835,0.0240105118951618,0.3485357026970768,0.33832416108503616,0.3758609260609371,-0.022085709702339768,-0.35004312721861736,-0.04720900015497711,-0.2041889509929727,-0.11645683115448881,-0.14809272271069418,0.9729559366021133,-0.22103235548752667,0.0944880495612411,-0.21213311146506222,-0.23488592485153567,0.07128037849757587,-0.09310064527575339,0.553087822917717,-0.21076093629935722,0.0875887576711142,-0.006820740273483848,0.07739068024150159,-0.21270908786250567,0.0,1.0,2023-02-10,-0.7693073387383564
0.125,0.13333333333333333,0.2,0.0,0.0,0.0,0.0,0.0,0.0,0.0,0.0,0.0,0.0,0.0,0.0,0.0,0.0,0.0,0.0,0.0,0.0,0.08332629857622659,0.013977578553015116,0.10548246670843171,0.08984667205877885,0.10617788161422981,0.09699919083111119,0.47645506223359557,0.10024333503179501,0.31744039009770675,0.12856238859640123,0.1089137115645813,0.11985774547490924,0.12150392329391352,0.0682558758883739,0.01666565031338646,0.1131746712492005,0.10241962188120723,0.3562309155388049,0.4035577737056205,0.3845195777687057,0.31651787882369353,0.12150392329391352,0.11783299307091522,0.1495032876977731,0.09904786483119286,0.294717652396688,0.433993492837369,0.04905040592839095,0.5502066277914488,0.0226412100293103,0.23443619330315402,0.34682409621964877,0.27021257601067594,0.34031377555442244,0.2965445900037733,-1.554456194101039,-2.2792170698250147,3.372800437533173,2.023523117942409,-0.6122629795082297,-0.8505368597755986,-0.1718848443019289,0.05501081306410264,-1.9442633130963536,-0.8197408110149692,6.13926135820822,-1.2289537347899104,-0.2945347120240149,0.4401362134422978,0.6554019802677883,-1.147540477302629,0.32668320689135977,-0.2684203386513216,-0.43563563127026544,3.8306970828583857,-0.11176891238582405,-0.19535443190007018,-0.4902932585244119,-0.2357587991358852,-0.21132463713289965,-0.29579670978470746,-0.4037448646821316,-0.1750752935012548,-0.9990257822679307,-0.21023942834730888,0.08712809849917398,-0.5235908995384446,-0.3304639176086592,-0.32014923067024353,-0.3019609257892169,0.0,0.0,2023-02-11,1.0146854341645195
0.4326923076923077,0.43333333333333335,0.1,0.0,0.0,0.0,0.0,0.0,0.0,0.0,0.0,0.0,0.0,0.0,0.0,0.25,0.0,0.0,0.25,0.0,0.0,0.3056324873316005,0.0348384373961642,0.271996530287697,0.15228327977393644,0.10473499618425186,0.10988678112537426,0.4292431606676589,0.0967593193912049,0.3077575794778248,0.15603952416395844,0.10356566401286493,0.11670147832541988,0.1204138831803429,0.07020227753860298,0.01679685351800786,0.11101357391356836,0.10197983304834152,0.3446265053549105,0.39056006323629455,0.38523869131283817,0.3112431348010736,0.1204138831803429,0.11869447124709487,0.14635870896221298,0.09469901483447353,0.31063982050999794,0.4110295147709764,0.09775481384560673,0.506644370109604,0.04974383933299925,0.21571402197097655,0.3593798433290873,0.2905931543198547,0.33955545923187447,0.2946381982076114,-0.016426771254088816,0.10645267051217479,-0.023842552102902793,-0.042400651543852245,-0.4520479539767591,-0.5649889031125368,2.532655680386257,-0.2433999846622996,-0.11875370391939563,-0.37814189403159054,0.2816311672599496,0.8417574721297826,-0.04812709271415025,0.1927377784411225,0.6025441017414324,0.6064119516547826,-0.25596289003149536,-0.5252040879521332,-0.3309501256218735,2.0803616120353334,-0.12015525005461891,0.08320306245859792,-0.4067293282944461,-0.2371677125491982,-0.2029986416273509,-0.2500400470644649,-0.21974560410457644,1.1313950891819806,-0.7121736729591629,0.5112386779243953,-0.13546912680658862,-0.31349151680062587,-0.276049438982992,0.4672313560611103,-0.26002264351921217,0.0,0.0,2023-02-12,-0.3779998514005456
0.25,0.22222222222222224,0.2,0.0,0.0,0.0,0.0,0.0,0.0,0.0,0.0,0.0,1.0,0.0,0.0,0.0,0.0,0.0,0.0,0.0,0.0,0.16389988748074963,0.0323944083386744,0.11476876616387965,0.25719217574620223,0.10508228679001202,0.1635347385826918,0.37644869330440467,0.11503783024399476,0.3049896337498802,0.2537544390456544,0.09946683661848371,0.11362478441279467,0.11962612275488516,0.07215879166935191,0.016904401781679457,0.10924294978137494,0.10160127171609085,0.3352378580665507,0.37809795344158714,0.3915916459865361,0.21342469416732515,0.11962612275488516,0.11941742433125163,0.14397181776269136,0.09180836399583243,0.28596807699603755,0.44529839553270656,0.023928861187201077,0.45856880552330237,0.08047667748624168,0.24084222078357498,0.3685965706452002,0.30624169403356205,0.33377440970626276,0.28202023292740264,-1.5011372140218942,1.5967575126411393,0.06434061489141747,-0.5861382151416017,-0.1451277270769657,-0.8622527760557409,-0.2545496345607856,0.4498914435891708,-0.10221319058638485,-0.5328089845460146,1.0553353683366598,1.1611176032696784,0.1537176079764533,0.11521961784328248,0.21686940740188826,0.8829341150248535,-0.2715616416208638,1.5726730768928951,-0.1029212145530815,-0.6765106977011861,-0.16613642372581458,-0.17567668953145088,-0.519707078801708,-0.20959854545091736,-0.18151562788890793,-0.16821978852701167,0.012752509488454107,-0.21117790054763524,-0.7734601698228825,0.2874501214568189,-0.2957502577261009,1.70468279928869,0.4979871084415713,-0.23284789424015423,-0.1536199680709406,0.0,1.0,2023-02-13,0.0913266568419723
0.2403846153846154,0.22222222222222224,0.0,0.0,0.0,0.0,0.0,0.0,0.0,0.0,0.0,0.0,0.0,0.0,0.0,0.0,0.0,0.0,0.0,0.0,0.0,0.49313708757123687,0.0710358935272599,0.42455463993703113,0.20338342981741575,0.1122852603039049,0.1888191067528231,0.38196579076648407,0.12763303757708175,0.30065594152933584,0.3025275085381361,0.10092248277667776,0.11154198157457229,0.1187730419074694,0.07424724127585919,0.0171693408783703,0.1089476084980337,0.10184497809514603,0.3316685634593996,0.36734361423369805,0.4118481349068617,0.36166346297564644,0.1187730419074694,0.11901916931665252,0.14273250597906884,0.09336689272177072,0.3358545409983793,0.40392041746736007,0.13814219752490442,0.4257233989052892,0.13580931892634518,0.26898959059540095,0.3646833069563804,0.30099802777128315,0.35493892113056547,0.3300309426067872,-0.5166744273957828,0.46251461755416134,0.12873637535848473,-0.05933053394623326,-0.5202660236457146,-0.2620535043445343,-0.6881060916078348,0.7302414769579142,0.16904964959328572,-0.5846562823394794,0.3654727700126465,0.0955878397664217,0.1393778098396283,0.17364867716383334,0.022100310820422076,0.062048435266650055,-0.08688789000971445,-0.4746633765575632,-0.06394983937212753,1.9316175424665307,0.1974898208903648,4.316323294794635,-0.49033932421945603,-0.14013525263821494,-0.0736039107445504,-0.22548739213434862,0.3207006479840202,-0.3104612453151787,-1.151605300566183,0.8758227825642406,0.5620449234497578,-0.49879658283717804,-0.025730744916063007,-0.19670966390145908,0.2240018950544637,0.0,1.0,2023-02-14,1.8924303145655847
0.2884615384615385,0.3,0.30000000000000004,0.0,0.0,0.0,0.0,0.0,0.0,0.0,0.0,0.0,0.0,0.0,0.0,0.0,0.0,0.0,0.0,0.0,0.0,0.3785039695076149,0.039679252681424276,0.313631471575667,0.1806352756994674,0.14871065209452833,0.23888642683612588,0.5260315058828556,0.1438199151881746,0.30747522865861987,0.38667642539453345,0.11054788143295563,0.1140768210309901,0.1199856023893871,0.07723775769398095,0.01792773704350137,0.11478065656717029,0.10507562996041431,0.34964855420564606,0.3626927514252625,0.4842436914384592,0.5523020010737356,0.1199856023893871,0.1226458673893076,0.1410075795446648,0.1246539326378829,0.5870797037369664,0.2972004993724279,0.5052901579160203,0.4331438917610787,0.45928151169078674,0.3031154289925375,0.4678607230042289,0.48211817221068226,0.40275705597138767,0.4390754469037611,-1.4555553479131578,-1.366448726738438,2.51564760427288,1.3259294936465698,-0.7246353578931772,-0.957737081934181,-0.6699298706553656,0.7020868554094303,-1.1593933852615856,-0.6729965928399805,3.884619620604544,-0.16233748926921623,0.07130055418609763,0.1780175250543961,-0.28466644265079283,-0.4161686499806265,0.13967297278805446,3.2727324695175684,0.08240348563459003,0.47879526746964446,-0.12720111549049376,-0.14982035906293995,0.036823976238746496,-0.2309386614550196,-0.1379346543604882,-0.21939611870704204,-0.416228028391626,-0.008996487526777152,-1.0445472881437965,0.41859215425904495,-0.09817854607149391,-0.2844530322225875,-0.28077908997890527,-0.27702015590554263,-0.329163305142592,0.0,1.0,2023-02-15,9.392266116037783
0.23076923076923078,0.23333333333333334,0.1,0.0,0.0,0.0,0.0,0.0,0.0,0.0,0.0,0.0,0.0,0.0,0.0,0.0,0.0,0.0,0.0,0.0,0.0,0.11593685208811864,0.013856321956735017,0.11727466949383965,0.08288274471049711,0.13676628233638838,0.299006732687858,0.5444361783386483,0.16147964749181762,0.3229867429050548,0.47707641889833147,0.11689776487118947,0.11569531789488907,0.12050364489644738,0.08002350061370472,0.018968033115471683,0.11772163179705192,0.10708159558662933,0.35625205434522667,0.36042373329180977,0.5124956186241918,0.4211627931745985,0.12050364489644738,0.12368081183462087,0.1408567147134781,0.1404779425732411,0.6180248797671888,0.24479511097702952,0.5963584852533853,0.4494400741902166,0.6237399135233965,0.2618107090559889,0.48651157653301735,0.5220573338456204,0.3849096040643009,0.39874631782075654,-0.16890937435379613,0.8563589915858765,-0.5168257518054182,-0.7591051736085374,-0.43061881387710105,-0.4762231526992564,0.17726311116225912,-0.3433711146503954,0.6402349089230104,-0.07306175090355932,0.2026748981842101,0.14991776650696967,0.12230611219849448,-0.16073064058673694,-0.3847119915719266,0.26614746635466374,1.2502816591330455,-0.5314933868345614,-0.44561908409784695,-0.44427720312779384,-0.12268591274226784,-0.17638946916482853,-0.3322680533296509,-0.21153491445793263,-0.18394453394778099,-0.21771284416206416,0.6337299075318742,0.6254880272127215,-1.0626890002102183,0.390055850437254,-0.21618127444250174,2.972601308588945,-0.2474322049110158,-0.1961628733745948,0.026258069971422868,0.0,1.0,2023-02-16,-2.8154173176657027
0.5384615384615385,0.5333333333333333,0.0,0.0,0.0,0.0,0.0,0.0,0.0,0.0,0.0,0.0,0.0,0.0,0.0,0.0,0.0,0.0,0.0,0.6666666666666666,0.0,0.2421174164243208,0.02515838158663469,0.20286090630170434,0.1486139426130716,0.15320937442609317,0.3169705144520244,0.5520211580438993,0.17530841698749314,0.35265032215662073,0.47665763257806065,0.12696062021208893,0.11813480347436162,0.12196293447560214,0.0831450491403552,0.02074576321609123,0.12295610586445965,0.11029548247079424,0.37033210088523666,0.361703788033779,0.5545924646135323,0.5280344350230772,0.12196293447560214,0.12777388654982036,0.1390901664213014,0.15386866599378946,0.5196560758435825,0.23188708577300324,0.5530619822013516,0.4601004914061918,0.8253499426678151,0.30526045901954446,0.5339943529759336,0.612017075285861,0.4115988253629559,0.4592981037884334,0.21281021284659274,-0.4748450238743208,0.2579512026752171,0.9569566057006673,-0.44447510977247423,0.4729965022771967,-0.5356191230475734,-0.5056279008772686,0.9827527084853931,-0.0447591571538087,-0.42582058474459783,0.45678713046828295,-0.19774880414886578,0.12873452541908487,0.4864896878640095,0.29566115660448944,0.8230735101265761,-0.2117667700883749,-0.23440534178541775,0.5429623127065966,-0.06728510151200179,-0.15274583940347983,-0.5451250516382998,-0.2250425133197293,-0.20360334524304008,-0.25292239016904017,0.3899482736301377,-0.24304455779314432,-0.4825302764527697,1.7262362148959327,0.014486487582272422,0.8045633737714525,-0.36124810047947803,-0.16603196840323048,0.015389339045467661,0.0,1.0,2023-02-17,3.9880964536483487
0.2692307692307693,0.2555555555555556,0.0,0.0,0.0,0.0,0.0,0.0,0.0,0.0,0.0,0.0,0.0,0.0,0.0,0.0,0.0,0.0,0.08333333333333333,0.0,0.0,0.11995028853563143,0.015163373578975051,0.12281335839236664,0.0763268430244251,0.15453015591517666,0.12576184912305896,0.5489358452505799,0.18388501516040012,0.3439687771328339,0.16527778450258473,0.13722556371357691,0.12132520953060666,0.12278715903106108,0.08631207458917928,0.02218977766311303,0.12760584353984822,0.11338026461503364,0.3813382964030774,0.3651473649187467,0.5802547887317728,0.5307378328725239,0.12278715903106108,0.13054256557706795,0.1375719711894985,0.1446940978331127,0.49944673776001847,0.2227935744945713,0.5530619822013516,0.4699994502495972,0.7774208041526439,0.3258782499925559,0.5278336592645768,0.5982618061828451,0.41527128203678515,0.46786637943944126,-1.1007365226327492,-0.2580768210303588,1.262686506109219,0.36444402767017947,-0.026330320191123552,-0.5544312771226602,4.0256942142114305,-0.27838036680361056,-0.8386257066471583,-0.4929643714349299,0.3523847983923938,0.5456328448891122,0.127969381522915,-0.4777158222413096,-0.6824184924773379,0.5555559221484327,-0.417237761426142,-0.5634764215102893,-0.3384065561591251,-0.37145162125345227,-0.07317699812726969,-0.09715014921813653,-0.00033740334656336753,11.161294930587482,-0.18676398260026822,-0.22881826062781588,-0.3495335144998733,-0.28210624183527,-0.7359112459354977,-0.7406972072053966,-0.1308353484075415,0.5465410739018041,-0.16219111081392948,0.25518135729089986,-0.18002301808944648,0.0,0.0,2023-02-18,0.3080558848008063
0.25,0.17777777777777778,0.0,0.0,0.0,0.0,0.0,0.0,0.0,0.0,0.0,0.0,0.0,0.0,0.0,0.0,0.0,0.0,0.0,0.0,0.0,0.18527940519254774,0.012917764406307233,0.16361621126692688,0.09003042829672436,0.1490562382901699,0.17793157520668645,0.46761485945533743,0.18194934225809237,0.34213134132340817,0.25385867154455033,0.14485889591173595,0.12602793180983313,0.12420174513217652,0.08937724038126788,0.023682681973217323,0.13062610596814583,0.11578496075289901,0.38586978556992424,0.36889840062467144,0.5839016697872518,0.5103979426136283,0.12420174513217652,0.13323953691854423,0.13730706129782422,0.14447159932849418,0.5015891128365003,0.20234921653257396,0.5877747296584588,0.48277654479529075,0.8459018016616152,0.29903094507758987,0.5179535394662549,0.5807236045868289,0.3837892014406207,0.3950261214202416,-0.6247731427034907,1.3040680573263137,-0.4814458045608838,-1.1872537338452853,-0.4812990882018473,-0.5316999691210982,-0.3677645319250784,0.07824394018161222,0.9149409441686479,-0.19755557281924707,-0.4582397911199195,-0.12859366508522901,0.22149154228897602,-0.038046094548834716,-0.3946567905456467,-0.0031615825122316295,2.6624060433308006,-0.48413937520500494,0.4956566830590954,0.4813903818315616,-0.001485066836099215,-0.16010357396594535,0.11531636578676777,-0.2207080636248454,0.11813718902319477,-0.2542004845261349,0.1907556972155452,0.14670023232538826,-0.12764639591673443,0.5285196768802816,0.0650086262936867,-0.6560923344069289,-0.31758714500875246,-0.32040688252315525,-0.12869618140311956,0.0,0.0,2023-02-19,-1.272802384591276
0.08653846153846154,0.06666666666666667,0.0,0.0,0.0,0.0,0.0,0.0,0.0,0.0,0.0,0.0,0.0,0.0,0.0,0.0,0.0,0.0,0.0,0.0,0.0,0.02402003990335411,0.0016377514302766698,0.011568920373315342,0.013746992257640716,0.15780910010128463,0.20812893455626102,0.47360559947498526,0.1793478889222793,0.3489774295979441,0.2996243118435877,0.1467476538378697,0.13198546395080923,0.12580877275964109,0.09260941984493426,0.025326366542236634,0.13464341936733082,0.1187336190387484,0.3935285290902694,0.3735828793985979,0.5949735779877316,0.5809422420527389,0.12580877275964109,0.13713884536377374,0.13605443268664213,0.15050519192777617,0.43835967444294155,0.2542243667351526,0.4550814227069422,0.4809361511607789,0.8715319832252695,0.329484074389196,0.5385557193706093,0.6188122002667819,0.4265530768494292,0.4946762887144694,-0.38481955380448185,0.22840993913827382,0.2064944443870426,0.559182472643031,-0.40932758460150964,-0.9662418211161984,-0.4506044339784103,0.6171638893172661,-0.2658299248693925,0.5722858939102435,0.5137541243094551,-0.43230537444384826,0.06789002911444413,0.08851796226817837,-0.3769096091503602,-0.452819195431872,-0.05913771317043205,-0.5720503634445555,0.7627868516395953,-0.31054226549526004,-0.08332318950059038,-0.16832700694990968,2.4943342670752657,-0.2005554405700823,-0.2035524671334243,-0.10741083782344572,-0.3026403982809986,-0.264397031955794,0.05045939469549016,0.008617086311832353,-0.1286319617983073,-0.7028088443267945,-0.012118309739249261,-0.33224332593104544,-0.20928118425028586,0.0,0.0,2023-02-20,2.0614650916729094
0.33653846153846156,0.3111111111111111,0.0,0.0,0.0,0.0,0.0,0.0,0.0,0.0,0.0,0.0,0.0,0.0,0.0,0.0,0.0,0.0,0.0,0.0,0.0,0.14077009762522574,0.019034136093994333,0.11060671774854224,0.1148896088017791,0.15095358763416372,0.22805411827615313,0.47965765404966476,0.1793511591551875,0.3540637716178969,0.32881006512981464,0.14969281385985966,0.13679480623912244,0.1264864257028966,0.09566187462913156,0.026980905086239737,0.13689783056855054,0.12089829667213525,0.394497112161152,0.37754338965385476,0.5863863237099675,0.5575790344844019,0.1264864257028966,0.13877197843048306,0.1355389028493859,0.15294017547520172,0.4070541444695579,0.22787447649739032,0.4703222822752764,0.48080132164192424,0.8516029481283334,0.2966517067894665,0.5040981613667957,0.5515299374491445,0.4059462655785813,0.44622719229700347,-0.44286005499385794,-0.5731507952232842,0.9331793806973943,1.8758048633411486,0.1102861456677404,0.29370669060697646,-0.49518929560020164,0.036142704576709685,-0.6742585449289982,0.06911172127563608,1.3182546280584144,0.5078539811813163,-0.29477561223951393,0.41993578716310315,0.6194281400764554,-0.19999448556411423,-0.3504349873079294,0.9813297759799228,-0.2631200540646842,-0.5738508368372593,-0.14208858295970422,-0.1705828288464385,-0.6014750726030736,1.420202554283596,-0.1879035431074778,-0.03827552808231979,0.18068248686372548,0.924184577239194,0.3346777306865485,-0.14075490203991223,-0.23141809090007004,-0.3629940912181549,-0.3483044649942498,-0.3342960160366541,-0.17819094043469155,0.0,1.0,2023-02-21,-1.581991113645098
0.3076923076923077,0.2777777777777778,0.0,0.0,0.0,0.0,0.0,0.0,0.0,0.0,0.0,0.0,0.0,0.0,0.0,0.0,0.16666666666666666,0.0,0.0,0.0,0.0,0.14937081009559527,0.01793967720549214,0.1552214351115609,0.09971163292738157,0.14663376018864416,0.21879765191872963,0.4815043020940575,0.173136065641895,0.35198536895709487,0.3151028473552242,0.14832777407494718,0.1412951372325561,0.12716825218425892,0.09862021070576632,0.028530569980466547,0.13808400855350322,0.1225462535549478,0.39168380060237235,0.38009333706460713,0.5696551240677705,0.5046813439977901,0.12716825218425892,0.14006326594604718,0.13542106489231887,0.15332295777779537,0.3666664368868968,0.3137015082633673,0.2951936005748349,0.46258847115886104,0.8381046314980708,0.26492464087628154,0.40423102367475655,0.37024820924166046,0.3811683946181121,0.3893119347557194,0.8084694856176535,0.7782914668603632,-1.3344295088893159,-0.29001311220941445,0.907346396950462,0.817849379658956,0.12005586844275107,-0.36485347495362436,-0.3872270649382229,0.6882900106094599,-0.9052603201433116,-0.20891000800915985,-0.08562488696028447,-0.28777270422421075,-0.48672393804033537,-0.3193515285106365,-0.1612540339512478,1.0359114580347237,0.857617297282656,-0.11595709564304726,-0.09490610994898818,-0.08994384869505026,-0.4739449548253954,-0.21062531430857373,-0.1909719433258924,-0.11078096119899458,-0.4291830969450728,-0.10352310228370977,0.22422475504147663,0.1747916506144621,-0.04305269352392988,-0.5666250546476714,0.11338217827697011,-0.30328722678246917,-0.2937326186482118,0.0,1.0,2023-02-22,-1.012875204423358
0.21153846153846156,0.17777777777777778,0.1,0.0,0.0,0.0,0.0,0.0,0.0,0.0,0.0,0.0,0.0,0.0,0.0,0.0,0.0,0.14285714285714285,0.0,0.0,0.0,0.0721702182667022,0.006990364037498209,0.07297479639535444,0.04824686420703396,0.14242141284520166,0.22122827080559676,0.4799659470361357,0.14015909718360622,0.3557629041177979,0.31631118297652266,0.14581410532265565,0.14530571917326146,0.1276420016947759,0.10141121377743306,0.029976298339262297,0.13838424581072695,0.12372463212050822,0.38600186622409105,0.38088421412515727,0.5487901499699728,0.5120267254427776,0.1276420016947759,0.14082632722611,0.13549201099288577,0.15463498996481018,0.34257878300094036,0.2843388881709974,0.31291371636863896,0.4475067086941189,0.7523627316397226,0.2329073381652449,0.4231823254864196,0.4025030201387708,0.3814824935781304,0.3903420391148766,-0.17377735197048655,0.7863531110726091,-0.45354080773432986,-0.3156576800537112,-0.4182617096692324,1.3013120164258707,0.8117376182477307,-0.37253667336074026,0.17481438147689468,-0.7465491728005615,0.05431519529122577,0.19397835952016332,0.06562961313802518,0.3714604977540888,-0.4951191773726465,0.09730249000443214,0.2937523414054287,1.0103496677816133,-0.04426544762536968,-0.3822058596706735,-0.0400596020736421,0.14730876926930295,-0.10273642584420457,-0.19971520003487014,-0.1406191397931668,-0.17717448709531758,-0.21997100874277162,-0.14467197533261014,-0.08873221739978016,0.2737459055115637,-0.06493237881438647,-0.05013557459350707,0.23658339451536303,-0.02192832354709562,-0.2264831467039564,0.0,1.0,2023-02-23,-0.997780485063493
0.22115384615384617,0.15555555555555556,0.2,0.0,0.0,0.0,0.0,0.0,0.0,0.0,0.0,0.0,0.0,0.0,0.0,0.0,0.0,0.0,0.0,0.0,0.0,0.15390586303076012,0.022457666487668834,0.1492217242542528,0.11160225311191913,0.1293426218003429,0.1889875752483617,0.492564252737836,0.09147808710488206,0.36820081912760794,0.25545381756615526,0.14172173161559343,0.14713784416388348,0.1275148360132088,0.10391742840629936,0.03131268096591533,0.13645416628396734,0.12373675795660033,0.3729945628650442,0.37865747166723224,0.5129970658089227,0.5427234183010496,0.1275148360132088,0.14071462031294713,0.13536689429163828,0.1600205289090203,0.29674911314643476,0.38000258678963283,0.11900929191896531,0.4134753658756941,0.6319440333955695,0.20473985176626153,0.35082375132239857,0.2822589072852423,0.3598370035796811,0.34197623418566003,-0.5017329723082298,-0.6060624363905993,1.0140667061739286,-0.5786896758304635,-0.5457302168587047,0.5601454253806051,-0.5036466130303543,0.22534952737942202,0.4432466673346633,-0.2282285315553104,-0.39006756622814426,0.31952593593344675,-0.3036643927403027,0.49619987808363075,1.2765010277937892,0.24604926139134964,-0.5598707050188951,2.0926386042213814,1.4097322095696316,-0.010284442349558201,-0.12321540451778523,-0.18129523379577658,-0.6190501358396466,-0.23990606406259857,4.738792027100288,-0.2650993286135977,-0.4558097388029819,-0.2655172620088695,-1.3842794401845762,2.5678374424096444,-0.12616636271283382,-0.27575903965166626,0.034382563007687654,-0.3060183340795925,-0.3639959065406806,0.0,1.0,2023-02-24,-3.129201289670536
0.33653846153846156,0.2888888888888889,0.0,0.0,0.0,0.0,0.0,0.0,0.0,1.0,0.0,0.0,0.0,0.0,0.0,0.0,0.0,0.0,0.0,0.0,0.0,0.22502867047514283,0.03469985842898694,0.22180296531894045,0.09291265212339737,0.12894552833091805,0.09475124290889195,0.4923136701782066,0.0895783240293584,0.36434497345292494,0.10533283701369663,0.13572990752456954,0.14501487941358443,0.1277237748094575,0.1063692809499604,0.03264070592388668,0.13475470842110843,0.12371522642896737,0.3617517500137519,0.3744045281368364,0.4889635569221548,0.5627284856412061,0.1277237748094575,0.14082872533903912,0.13565156182094074,0.15075350942582771,0.28297336601550355,0.39451513599905874,0.08157177632211525,0.37800820939113855,0.5333832438905156,0.18782499385925755,0.3466132142769415,0.27563256949596093,0.36265796123949035,0.3482310342926067,1.5298073448491722,-0.048282992478447126,-1.2910391290388277,0.6802283658537575,0.43098696144921783,2.046577590331581,0.780130686435511,-0.3624659968489355,-0.4866102168823229,-0.5822771590305473,-0.3010362159240348,0.8575560397423131,0.16085425440782947,0.031677419993643284,-0.18404251170207167,0.39628745998968656,-0.1889719357517334,-0.5436796685768968,0.6523186917255085,-0.510186771923515,-0.15373627523749014,-0.1863761445687027,-0.4216280463309972,-0.22838605837879414,-0.21417668510088464,-0.26736043075778937,-0.3118083761648385,2.8319650224075286,0.5358493020528173,-0.15417555150975842,-0.24646975207526878,-0.544864801894329,-0.3124219633928063,-0.33481363495997674,-0.31203126377358525,0.0,0.0,2023-02-25,-0.098076681669057
0.6538461538461539,0.5555555555555556,0.1,0.0,0.0,0.0,0.0,0.0,0.0,0.5,0.0,0.0,0.0,0.0,0.0,0.0,0.0,0.0,0.0,0.0,0.0,0.3253520481219164,0.03320855977084078,0.3277336031998458,0.18374466274942738,0.13567961862119188,0.09953575013711954,0.49704436428453935,0.07956577454166065,0.35635119182109865,0.11625358509934204,0.13255916565569809,0.14489816125940624,0.12848560803490078,0.10897191810366791,0.03404560943994489,0.13444128238724706,0.1242508343432796,0.3561556521300086,0.3697719622018375,0.4844607173182277,0.5754376144504779,0.12848560803490078,0.14133170215855095,0.13659049578786936,0.1463734649478513,0.3318615447108037,0.3704975414779681,0.17614405846455689,0.3548420416873227,0.4958172188212108,0.20531116307496666,0.37653522304942977,0.32413292209321504,0.38535184376671194,0.3998908792628511,0.6961861920449011,-0.8524257195274241,0.13871980278828216,0.3532735872032716,0.6780807210101721,0.006285483607368551,0.32274525337186794,0.13506135923155796,-1.5340083151629211,1.2577868480374244,0.6851729356532125,0.3535225323765335,0.16307354471868926,-0.10494858543766575,-0.21194169212827957,0.22825573780705835,1.05500087760044,-0.4676831933164463,-0.3052459268733319,1.6281111889819084,2.159423287990087,-0.16778349630774367,-0.24193899054416781,0.32005684398324696,0.084827908539847,0.2525818352334962,0.4391673394614201,-0.2799030345846214,-0.7382367959151267,0.8149025354310174,0.37482325857360177,-0.4360538389903753,-0.2599805834888318,-0.2651446820031473,0.7008717368191055,0.0,0.0,2023-02-26,1.6648614774302573
0.15384615384615385,0.11111111111111112,0.0,0.0,0.0,0.0,0.0,0.0,0.0,0.0,0.0,0.0,0.0,0.0,0.0,0.25,0.0,0.0,0.0,0.0,0.0,0.06748279679333039,0.005117973219614593,0.0814257947408157,0.02360471862868652,0.1350104331204383,0.15246695040305927,0.4970032807049469,0.05984725590752675,0.3513112087217253,0.20586783703654055,0.130146265003651,0.14294341959693302,0.12873151245438103,0.11150584317603451,0.03543984608405404,0.1340643233848885,0.1246915615757091,0.35075341968058,0.3648783165060666,0.48136395518739944,0.5778094468008115,0.12873151245438103,0.14157803984248807,0.13679789208256804,0.143867876512502,0.33613627723382156,0.34414359086005974,0.21707334730018077,0.3375578616612862,0.5196885089218363,0.18150455335143323,0.353441645106411,0.28755447411448587,0.3900338959311039,0.41103017444415774,0.3983974306755092,0.6457773305423645,-0.8523775302692438,-1.087441228025866,1.7717624086486277,-0.22952957603280716,-0.21935154576113033,1.332988007726564,-1.6438192445794861,-0.6108135568196855,0.0397951093460087,0.7070759342648809,-0.08455657615499178,-0.02698349681565621,-0.12606853673183516,0.24725643864798225,0.034528734632534336,-0.5848787984710945,0.44006180222143587,-0.6501856924602885,-0.1811302477895939,-0.18705260732106033,1.9241505635867813,-0.24161248662629223,-0.22361933953410215,-0.056199798902374885,-0.46314381101592955,0.2846475810542527,0.39833083205944897,0.31632948231078334,-0.24301380654957938,-0.7140454910462237,-0.13951435601568843,-0.33658865373758456,-0.3687506498705579,0.0,1.0,2023-02-27,-0.1627326956935015
0.375,0.32222222222222224,0.1,0.0,0.0,0.0,0.0,0.0,0.0,0.0,0.0,0.0,0.0,0.0,0.0,0.0,0.0,0.0,0.0,0.3333333333333333,0.0,0.14795624024733836,0.03848715861150174,0.13552117970218303,0.10813258808362501,0.12845646489149515,0.13376753209160572,0.48286180210817187,0.024956184654551756,0.34592744507056794,0.17767730318896596,0.1272472644140975,0.14014285393311576,0.12892927352373756,0.11385029582100747,0.036843129639648475,0.13265086125013875,0.12455895742284362,0.3421514086052614,0.35907238770861516,0.4705430330541632,0.5374821897742919,0.12892927352373756,0.14165754010447446,0.13709979649044057,0.13878913948508997,0.3129924187167904,0.3509252860197958,0.179274951271799,0.3176043695796906,0.4775345177152675,0.15993081498495676,0.354180734514172,0.2873142019079464,0.3638353670077665,0.35085407547762426,-0.5352231420058167,0.805358350704645,-0.1428837224200255,-0.16080446030569043,0.1178490632251825,-0.5263672605904102,-0.4044287272959341,0.264827375330382,0.7299207637801186,-0.7050414353573612,-0.5576320249414128,1.0002758460619203,0.19817802933450612,-0.1874491633191867,-0.5948388493564043,0.8350596000712275,-0.23696736688238057,-0.5494901994980107,-0.381717663340684,-0.026840553098162828,-0.12595496422412897,-0.14675083152762058,-0.5407501351140673,-0.18921139944743687,-0.19250180850984722,-0.1778534489420448,1.0659239782201437,-0.2820964211514742,-0.810013301436359,0.04630357066793233,-0.20528454069081867,2.056870620110216,1.0085233085736793,-0.18313207191159692,0.5049636149107227,0.0,1.0,2023-02-28,-1.596393470118429
0.22115384615384617,0.18888888888888888,0.30000000000000004,0.0,0.0,0.0,0.0,0.0,0.0,0.0,0.0,0.0,0.0,0.0,0.0,0.0,0.0,0.0,0.0,0.0,0.0,0.060290018767134544,0.006313216811518431,0.06241787544375371,0.050155324662546866,0.13716903444740686,0.17008137002273752,0.460548458887757,0.028983468041462845,0.3371218031987978,0.24383049138576474,0.12887195896742776,0.138866053694492,0.13066720017126254,0.11629302851083184,0.03845187371639619,0.13290983284845542,0.1251549395839024,0.33999521795454274,0.35395364122211376,0.47869395272419785,0.5480916158612142,0.13066720017126254,0.14126270776766303,0.1409985626038685,0.13949570482092233,0.3276633820116278,0.31968255041565763,0.24191277982146547,0.3055454911254418,0.3966184555922476,0.1858407378910114,0.3861233331846131,0.339878454978505,0.38837778008117013,0.4068360432189696,-0.0745842117248863,0.8824632574333274,-0.6240263750773717,-0.8557524722295837,0.022170968759530146,0.22196389754223073,-0.5746897619498555,-0.22632021289866572,0.5800258610389871,-0.5361627609824052,0.07718464943046302,0.42224280176380363,0.10172736591788353,0.5424541444710564,0.6331330156167216,0.27558943035182054,-0.30346150558505475,2.0139125647827565,0.141895255976793,-0.6969372706861512,-0.15230940968068893,-0.1702698565177703,0.09455462820691216,2.863782534837713,-0.13048562122839244,0.6672521361802872,-0.34765311572048024,0.4766110630684179,-0.8947572102273309,-0.1968729408188338,-0.2625627780319407,0.4946176917779243,-0.0715400862183297,-0.2406123647998328,-0.2519992992913692,0.0,1.0,2023-03-01,2.156606219747892
0.13461538461538464,0.07777777777777778,0.0,0.0,0.0,0.0,0.0,0.0,0.0,0.0,0.0,0.0,0.0,0.0,0.0,0.0,0.0,0.14285714285714285,0.0,0.0,0.0,0.040037168093094225,0.008673783536503747,0.08673959487896166,0.04694176084776736,0.13418307836068133,0.1324569283291247,0.4589296269215932,0.034964193324960015,0.3296718119602069,0.1840302175561176,0.12995922837039536,0.13632839129758628,0.13240205656578774,0.1184758622948286,0.03994321163827308,0.13263031522585023,0.12546044149359015,0.3361284844665102,0.34900860556006125,0.480754400080505,0.34675392186121357,0.13240205656578774,0.13990543904369368,0.1459875836266356,0.13446951519581135,0.3050518795839421,0.3011868046039592,0.24191277982146547,0.29434796113221096,0.3005524697946731,0.1644234968846643,0.3891292363750965,0.3445721055688772,0.41664837331056925,0.47723948628478247,1.812040706289086,-0.7191243553012914,-0.9818193735341327,1.003307662007754,-0.629093473694287,-0.7323787190993227,-0.5776012057666395,-0.6230263751597293,0.9537928789822122,0.9181610326853356,0.01861728004537102,0.6576160717869897,0.057288326073969525,0.6856231842594143,0.7360328818124613,0.5948951206062909,-0.1684049905620949,-0.26328263171302746,-0.5024709364674393,-0.9984181664526498,-0.15274307875539292,-0.17389412740396437,-0.5976040857854473,-0.22036269484530424,-0.19192799335726154,-0.22794728351292892,3.0127325506586686,-0.32777174977062257,0.5307045332067236,-0.5200956096908222,-0.32430711396936435,0.6797962009468428,-0.1845676486790995,-0.13108274602956718,0.8335189919778915,0.0,1.0,2023-03-02,-0.7235050302163204
0.057692307692307696,0.05555555555555556,0.0,0.0,0.0,0.0,0.0,0.0,0.0,0.0,0.0,0.0,0.0,0.5,0.0,0.0,0.0,0.0,0.08333333333333333,0.0,0.0,0.044402280957016954,0.014987000348022179,0.05169550061844409,0.059804697503953654,0.11476142732416561,0.18239482674532476,0.4898673554738645,0.0354227303976199,0.3404773792926826,0.26245633482394165,0.12561679550895544,0.13244100453015495,0.13286975286727498,0.11985204531476396,0.04112060546004742,0.12915043161710416,0.12414107914757011,0.32143278399012487,0.34182196627612466,0.4541659231030129,0.30604931248435274,0.13286975286727498,0.13902841833081997,0.1479147967570867,0.1445282445282755,0.2525571668173534,0.466006582970495,0.03912685523259023,0.2630061059463905,0.19421950409676203,0.13704324135305468,0.3735827923008373,0.3163183591964502,0.38850714231951844,0.4100131792008053,-1.3854733471079845,1.282092255136347,0.2244941789265042,-1.0788778170261504,-0.6992040411293867,-0.9344614905667729,0.2758956252351634,-0.41398005003075156,1.1767926848745083,-0.5479459446251087,0.30191760613571467,-1.0653441838379836,-0.10594240897259163,1.159428938058253,0.9876816857158819,-0.8541107241999535,-0.5014527276167607,4.925239444148426,-0.45275865346991667,-0.48031048471336396,-0.12778659408597548,-0.1727083536256301,-0.5929465641463031,-0.22156101537698478,-0.16779332076438377,-0.003692145101486268,-0.21412601001077955,-0.3114088364223954,-1.5215094948197019,-0.12175025250936974,-0.1994395019661733,1.234303503869047,0.0013677717678057606,0.02242147673726781,-0.19810971697976323,0.0,1.0,2023-03-03,-4.740212916759257
0.22115384615384617,0.2,0.0,0.0,0.0,0.0,0.0,0.0,0.0,0.0,0.0,0.0,0.0,0.0,0.0,0.0,0.0,0.0,0.0,0.0,0.0,0.09424878808645144,0.008528905525363888,0.09825389941047018,0.08793965850277732,0.1145985879814373,0.05133533121041526,0.4884341747999167,0.03563156740498558,0.3330685506365467,0.043730269110854245,0.1213794756644419,0.12900011834198571,0.13340719573282456,0.12081482625287804,0.042297367209390035,0.12617872094144444,0.12290601353361624,0.3095906211833189,0.33346934794439814,0.4403358209539336,0.18134894568130636,0.13340719573282456,0.13786878463301722,0.1503023604622834,0.13365045767331657,0.24458549798748835,0.4583566958430333,0.04255298577090475,0.2342568125346246,0.08963762411720157,0.12531261666964055,0.37415695264564097,0.31726078214118186,0.38168659973566826,0.39314741249346985,0.6275774268506201,0.5923665340220166,-1.0145640584789293,-0.6515636889116703,0.027533500749579977,-0.2755100533384815,-0.35036874878163377,-0.5131550086064264,0.4867613649936,1.2918875547404431,-0.8503547238557206,-0.3261966153362834,0.09463332851202655,0.6092198905482399,0.7847363176107726,-0.4543334220779347,0.047574583623376444,-0.5177532978829856,0.1056212318301621,-0.3893258392019997,-0.013794504829181627,-0.12846185231615276,-0.2245345021165413,-0.13424310086972716,0.8403565719716296,-0.18101775781832535,0.3271641896798996,-0.09363052588574024,0.7399388105871936,-0.4379407317515556,-0.13333697982915635,-0.5443728141086333,0.13231825195685007,-0.22560332899526753,-0.017782952693756845,0.0,0.0,2023-03-04,-0.0417216463115321
0.20192307692307693,0.2111111111111111,0.0,0.0,0.0,0.0,0.0,0.0,0.0,0.0,0.0,0.0,0.0,0.0,0.0,0.0,0.0,0.0,0.0,0.3333333333333333,0.0,0.06139837700473681,0.008702129234335458,0.07905321831879587,0.05444827551281736,0.11603261047879865,0.07025988122122115,0.4889358476661475,0.0356412830148501,0.32126598320020927,0.08023836322520438,0.11880039256392982,0.1261657066835256,0.13400385194721454,0.12138971715388525,0.043507859877859156,0.12390367480842845,0.12188073729822158,0.3010452849083524,0.3249087000713402,0.43786830679740335,0.18348881219761673,0.13400385194721454,0.13649514965337284,0.1530512128728253,0.12546376995489134,0.26958801378405856,0.4420268554763779,0.004762841412541801,0.2036579959872164,0.021671719727889213,0.13930299537109492,0.36116640774307696,0.29593039193217835,0.3865956174819105,0.4050907651734989,1.3473338457803594,-0.7872711118455256,-0.5045357918150922,1.5262906205005735,1.917464700224362,1.3141615161790772,1.1720046232668704,0.10245081108511828,-1.915978838841225,0.10462306148639575,-0.3278448631681846,0.1967766441105246,0.06519778356320736,0.2555820488376101,0.2518921627669587,0.3267063427174626,-0.021397638480441152,-0.5599160046174663,-0.3999604484411816,0.3946985087268926,-0.10709798531932625,-0.17788259264502085,-0.557819835114161,-0.1356054922181282,-0.1831242542123415,1.0776307703360004,-0.1670690152259895,-0.3382479752821992,0.6019556926301274,1.2757262510581209,-0.09482182422286692,-0.6836155716945514,-0.22122564651633578,-0.12512383466955918,-0.1862949777341388,0.0,0.0,2023-03-05,0.3675693528523371
0.4326923076923077,0.4222222222222222,0.0,0.0,0.0,0.0,0.0,0.0,0.0,0.0,0.0,0.0,0.0,0.0,0.0,0.0,0.0,0.0,0.0,0.0,0.0,0.19161130097787424,0.025758365524072586,0.20979711821117053,0.12968270940614904,0.11593215254641004,0.10577057322864952,0.48871441665480386,0.03513002909483464,0.3107574073081072,0.14720423121939213,0.11439180233105845,0.12472529306145225,0.13420256213894427,0.12199996480176561,0.044728956650806284,0.12196185954133026,0.1209231199387627,0.2942903015114528,0.3165752085290412,0.4405626907695346,0.20381399822717908,0.13420256213894427,0.1360909853752731,0.15390596157118558,0.11684009298604368,0.25843525341248463,0.42834220011041324,0.004762841412541701,0.1752448091931944,0.03150830898368763,0.1210723346602216,0.3625603674626207,0.29819622617170866,0.3858316008449029,0.4032116495906988,2.5954730470872986,-1.4476415534486144,-1.0770255190730373,1.62890058796455,2.1946689267445723,0.9513742768131714,-0.6262033964519282,-0.536440994341757,-1.5405981573187288,1.120491086252062,0.23065540514437105,1.2372070311040904,0.21685266515452806,-0.31114163207651574,-0.346690198174956,0.8649704491378181,-0.12767334422133625,-0.3610978299513077,-0.4256446817250665,0.2512007077876069,-0.14990077718556133,-0.19147762975628385,-0.4852694924428168,-0.23243375604725958,-0.12642360330114033,-0.212409214997754,-0.3547309469510342,-0.36483497808506626,0.9726883336031511,0.30434979841504445,-0.21055587607001064,-0.5344486208743182,-0.3336168467147418,-0.3165683261107564,-0.3154304529040884,0.0,1.0,2023-03-06,-0.0256551263286497
0.44230769230769235,0.4444444444444445,0.0,0.0,0.0,0.0,0.0,0.0,0.0,0.0,0.0,0.0,0.0,0.0,0.0,0.0,0.0,0.0,0.0,0.0,0.0,0.2152426782309472,0.043734262232349684,0.43987277721555584,0.16928868973120947,0.11226719355664799,0.1533880089922721,0.4857371659771742,0.03440438118156764,0.2999388344274041,0.23890327874585093,0.10984225705684081,0.12293387919311854,0.1322168476862513,0.12241369006436742,0.04591109321467918,0.11970674580725693,0.11973408784279232,0.28694755071325845,0.3082942309470064,0.44118557797842883,0.09604736681366646,0.1322168476862513,0.13566484127263712,0.15045065440369781,0.11385256087522098,0.23591682589383217,0.4763466261279009,0.07576745072052658,0.15619463831708008,0.041762186024490264,0.0971557426202454,0.36964137202933434,0.30928306948101286,0.3672870819124718,0.35862973634168,2.8335528191355315,-1.521950302806014,-1.2296763341997687,2.073421066117248,0.8151329502491957,3.4669633656311083,0.6166357217108447,-0.49763933433432167,-1.4209413901249295,0.3275015396711522,-0.49419670646922936,1.1039254728713357,0.11807356302001626,-0.10033590911489373,0.3436548671906543,0.7123729150436939,-0.41630479510298324,-0.5509524419544629,0.36639388252846533,0.503277714403391,-0.1351006178710091,-0.18213727167461544,-0.10620326984271392,-0.22853922023609458,-0.21916424928917844,-0.2754884862379088,-0.3869322590544441,-0.016181149903930943,0.7561527741020344,-0.5113018490092113,0.1924218641710465,-0.709461691815153,-0.2052911662219761,-0.3267287082638967,-0.290755718531235,0.0,1.0,2023-03-07,-0.9362039617430652
0.22115384615384617,0.17777777777777778,0.0,0.0,0.0,0.0,0.0,0.0,0.25,0.0,0.0,0.0,0.0,0.0,0.0,0.0,0.0,0.0,0.0,0.0,0.0,0.14122536007204572,0.018136522329323466,0.17084477856488844,0.1149547192797913,0.10351112745451041,0.1513743373688932,0.4933858915699977,0.033425014904136276,0.281258116484437,0.2481223336839497,0.10750679357621051,0.11947867326403117,0.13040485606073504,0.12263295975973026,0.047037064885715685,0.116336330809727,0.11791078006507427,0.2762750846613641,0.299323280785649,0.43300156191897865,0.08906213770736168,0.13040485606073504,0.13704679395526836,0.14528043643222993,0.11193088417361673,0.21255819459167086,0.5154977792307502,0.1537318283216903,0.14655751573919312,0.014148055546160852,0.07347960028921063,0.3268254865031379,0.237393615377791,0.29019160850891756,0.1923495248091364,-0.5070387873345109,1.0417968541444318,-0.36723451094723286,-1.0276364067538521,-0.459105559952468,-0.31326634247034885,-0.45617643398312435,2.401947743215268,-1.213434408901292,-0.04012578782814248,-0.4654294778819848,-0.21006123822842104,0.07693760492677337,0.21072616169496497,0.0704891370413253,-0.19834741445659632,0.6178233159320538,-0.27231818371323385,0.6156599304280382,-0.6543000467341266,-0.1546789462923447,0.12038346901901552,3.0373297169347535,-0.24396565248807947,-0.22284306361259912,-0.2726082839820489,-0.4689002230294916,0.11796653071332276,-0.07422447908935188,-0.16011581117480853,-0.1677657289227661,-0.7085091398870415,-0.2818270970485828,-0.3467058321383616,-0.3684636377921543,0.0,1.0,2023-03-08,-2.257851740628636
0.31730769230769235,0.3111111111111111,0.0,0.0,0.0,0.0,0.0,0.0,0.0,0.0,0.0,0.0,0.0,0.0,0.0,0.0,0.0,0.0,0.0,0.0,0.0,0.12083820390424718,0.0080722248380752,0.16446918220808635,0.07089518225869695,0.07986107353123528,0.22024640712760324,0.5496920006612797,0.06529227656348878,0.26901909697040016,0.3894150775640311,0.10029559055529047,0.11355510062114155,0.12640828748544464,0.1225046192854169,0.04783906365402435,0.10953493945529591,0.11427146566151625,0.2544768326268605,0.28735452945065554,0.3974435503641396,0.04054375604369753,0.12640828748544464,0.13961043803196832,0.13442871257519007,0.12982376840048154,0.15607884600466881,0.7481830735023852,0.4342384000393431,0.1665800566441839,0.0,0.04157954054512669,0.2761774757030415,0.1489569745690377,0.2702175903095585,0.14320048404330718,1.418468953166067,-0.6054573840214983,-0.7217540965677887,0.5555260659065285,0.19941365451906157,0.8818543326862728,0.30873769899101877,-0.07319050286226976,-1.3614726512359294,0.4962591312139691,1.3436037140604136,0.19244749368110312,0.2074488147925402,-0.04530728946526102,-0.1501982213820297,0.0959286957045964,-0.22830617461192795,-0.44643059455251766,-0.35877635936625385,-0.1929536938905797,-0.15443665740623133,-0.19536699318834386,-0.1880912517775169,-0.23757950251553744,-0.20858201781472752,-0.27105344183092506,-0.32382284809504697,-0.17553636949211404,1.03758943185785,-0.15744268113245224,-0.23377855095518685,-0.45322306511153565,-0.046067297314386926,-0.2605176473870135,-0.29898828765662167,0.0,1.0,2023-03-09,-6.239311158608585
0.17307692307692307,0.16666666666666669,0.0,0.0,0.0,0.0,0.0,0.0,0.0,0.0,0.0,0.0,0.0,0.0,0.0,0.0,0.0,0.0,0.0,0.0,0.0,0.11978268314360377,0.020241977773823378,0.31067418437665656,0.09348562432990466,0.0767932034942112,0.3013082470604465,0.5483862800605727,0.0823745173116294,0.29123192321823765,0.517224515017994,0.09214983416871847,0.1080059685163452,0.12217259207881448,0.12215022154987043,0.048456968627984764,0.10326758913361989,0.11064863899530308,0.23614807731042448,0.27375024960596955,0.3780439510320135,0.04585573263045126,0.12217259207881448,0.14036692202398277,0.12516103515417087,0.13022336545777474,0.1339468816291458,0.8142402966061991,0.510909048793271,0.19309111887793717,0.017876398366636563,0.0,0.3162608358979218,0.21013981241668966,0.23692502004125862,0.08041035493716675,-0.15796528989362016,0.6478097557658755,-0.3512947992880561,-0.9949191120779106,-0.4880719249249798,-0.2818285031868243,0.3203848449173762,-0.43395093041930616,0.3872616914820987,0.6420600306693157,-0.029522625849942793,-0.9709777525147009,0.13029545282922977,0.0030926089045555556,-0.08042940258956076,-0.4689204330358361,-0.4015544515796978,-0.6016643642597863,-0.42461387283478036,-0.9147375867049663,-0.18970157024288425,-0.20395587069769688,-0.5379046141550337,-0.2467332684640295,-0.22461846278152062,-0.27383079198414917,-0.16897201287428884,-0.32560995179235863,1.8923833682966014,-0.5328047745311144,-0.33907047309052774,-0.5319103051420591,-0.366958171363956,-0.33942179972704406,-0.27032519153376205,0.0,1.0,2023-03-10,-0.8632183779056501
0.4519230769230769,0.45555555555555555,0.0,0.0,0.0,0.0,1.0,0.5,0.0,0.0,0.0,0.0,0.0,0.0,0.0,0.0,0.0,0.0,0.0,0.0,0.0,0.2521256947053039,0.023504882546451514,0.3042520039194898,0.1620382762796741,0.0845627570197196,0.21862425423414023,0.5204271321102488,0.07762679695269097,0.29638098591286643,0.3602808811035221,0.08563782306582879,0.10235554740291647,0.11865850085363344,0.12134488505431679,0.0492072286096506,0.09926194318002274,0.10793513733303933,0.22703227476732818,0.26086286479095994,0.38654730408058213,0.16023268819354655,0.11865850085363344,0.1393483018449539,0.11934750414591944,0.13024197574221075,0.18720909379199419,0.7511815221999415,0.38494229518638906,0.20469842754992845,0.10099863697338672,0.03170636073846489,0.33570324866807666,0.2453068223229196,0.24792889544076052,0.10467800565837015,1.1124414610127356,-0.5913398325420578,-0.45706801508202316,1.3373474648529806,0.6353371417124857,0.8770029302722712,0.020315913647059182,0.6586920138940537,-1.5577743404176556,-0.3899628954933849,1.0804310378395316,1.0232280369875912,0.10839444766366665,-0.05255545699487984,-0.022956100709999896,0.5456938851310077,0.712202303976678,0.4478627815341668,0.04462409953784648,-0.14855083806346184,-0.141664259809808,-0.14032155408719776,0.9917961159228943,-0.2386015331716242,0.017646673044443152,0.19407557478551513,-0.3730116218676261,0.9579574411927051,-0.2079038742331676,0.28093486871773443,-0.17526466219390896,-0.6894404786000206,-0.14586191151978883,-0.33342923545866476,-0.35808961910344106,0.0,0.0,2023-03-11,2.2051846825845045
0.06730769230769232,0.06666666666666667,0.1,0.0,0.0,0.0,0.0,0.0,0.0,0.0,0.0,0.0,0.0,0.0,0.0,0.0,0.0,0.0,0.0,0.0,0.0,0.030533794911701814,0.0035715579267956606,0.03416542174674313,0.04224078433528713,0.11129295273287254,0.21069497037021057,0.6076871047256492,0.10969678044663353,0.2967056801723368,0.3455361140164873,0.08543557922418649,0.0998969273396702,0.1161239503521479,0.12110311351236724,0.050246109415075346,0.10033642841213197,0.10762780574942266,0.2362358388781553,0.25257621083161674,0.44111824839976993,0.35980635050338683,0.1161239503521479,0.13429919912331767,0.1200691942720098,0.14957021432034806,0.35508153937886566,0.6235286164464813,0.05668009794351874,0.18157304560744086,0.3000435868742743,0.06246589679357073,0.3977045450405898,0.35775491900353446,0.3028804503294956,0.2198310834527883,-0.8470433644601614,0.7512120929744399,0.1844575066567158,0.12003718387612138,-0.08345531536368711,-0.6634592153096612,-0.4788119327484933,0.7124019772909733,0.41155999107830155,-0.30872707044765313,-0.6981000973887505,-1.029177526633317,0.1525701505437481,0.2421452452042737,0.1421502925344414,-0.4264684533714265,-0.1793760547692625,-0.6093829183305467,-0.10501934991204366,2.4003525588480086,0.05864956796344466,-0.2019194294532726,0.04290508237003257,-0.24726457980237107,-0.22664892003852113,-0.2792901660269569,-0.4867748558745134,-0.16351295888235823,-0.2691563752609519,-0.3735723715406473,1.273095663859704,-0.6425274052179413,-0.42148858909260983,-0.29129861799243345,-0.3657514810523197,0.0,0.0,2023-03-12,7.422977009964415
0.038461538461538464,0.022222222222222223,0.0,0.0,0.0,0.0,0.0,0.0,0.0,0.0,0.0,0.0,0.0,0.0,0.0,0.0,0.0,0.0,0.0,0.0,0.0,0.019935948690140513,0.0025337904339568862,0.01579201002361332,0.02759960817961232,0.14678541860099464,0.3883044860516506,0.7176983548924623,0.20209431435685968,0.3169830177729567,0.6403841299705877,0.0944189421383943,0.10333661258817667,0.11589683706975107,0.12168505744917152,0.051738184155100175,0.10717276408572302,0.11027127337494907,0.2647695013947587,0.2522195493268969,0.535178777100303,0.4882844734761935,0.11589683706975107,0.13352875555129695,0.12049611886994244,0.18461714199765517,0.5739619197588386,0.4832904081253233,0.2794175197906107,0.18310425723340967,0.5847332675440154,0.11443353642176701,0.4849433300731854,0.5153222702678846,0.34850762859124174,0.31898259973095927,-1.6259838733415395,-2.141085761984427,3.321251983987529,2.1316372414577325,-0.740290385499728,-0.18625750291365065,-0.29290824318531977,-0.5590296901436201,2.104450638618088,-0.7586283954328966,-1.203945063326407,-0.034878486261005405,-0.1334225707226296,-0.6456045534703361,-1.720943827555593,0.2669591275742433,-0.5255693399434236,-0.4920286849643698,-0.282534724399795,-0.8296624811288141,-0.11660089659558473,-0.1674639262975244,-0.5493954784730767,5.320744160558684,-0.17862658003389972,-0.24986342829842934,-0.10685482810796659,-0.34663039409862234,-0.7647880044805238,-0.8175528501613786,-0.2618878468980334,3.1099347968195112,-0.18659469236247156,-0.29280434867460076,-0.09650089780644312,0.0,1.0,2023-03-13,9.175187888693824
0.19230769230769232,0.18888888888888888,0.1,0.0,0.0,0.0,0.0,0.0,0.0,0.0,0.0,0.0,0.0,0.0,0.0,0.0,0.0,0.0,0.0,0.0,0.0,0.07333817226319993,0.010135161735827545,0.108018890655872,0.07422594493389839,0.15635919250161817,0.4336661685445654,0.721803489309232,0.2491019003647575,0.34417148237274076,0.6807873901841173,0.11029928001935402,0.10782210392169167,0.11642675196469676,0.12239879527777309,0.05329704868166535,0.11455615286988557,0.11350873943263584,0.2930895637256837,0.2581599252588235,0.6098702315912443,0.5165048705436742,0.11642675196469676,0.13542539397700365,0.11938722689730324,0.2133627410507306,0.6913758936752493,0.3907207526419084,0.45823914104079694,0.20299516266200907,0.7658969504845387,0.1718177510395873,0.517391661072948,0.5757759343818148,0.37654177510351594,0.378492709039168,-0.3821742900886307,0.6017609968704651,-0.10994016630066455,-0.9816704501215722,-0.14570407220532822,0.17989199060127256,-0.10812217786385529,-0.5674061914441018,0.4861261885611496,0.42935770311111254,-0.21842455777244585,-0.9783774670769313,0.18177439306668425,0.06290766454590255,-0.005144904219022468,-0.529367071155944,-0.4550708834932422,-0.5753768932443919,-0.3740846311115959,-0.10568067714677543,-0.07722533178811468,-0.19040112824375366,-0.5962792171637291,-0.21108318809199383,0.04855796259441325,0.7395675223447066,3.0629817042202507,-0.33120071903580406,0.25591635159849113,-0.7253460322512845,-0.22668950983257802,-0.6947611756583305,-0.1918951689232701,0.008750976814881309,10.729207809876876,0.0,1.0,2023-03-14,2.266929488309
0.2403846153846154,0.16666666666666669,0.0,0.0,0.3333333333333333,0.0,0.0,0.0,0.0,0.0,0.0,0.0,0.0,0.0,0.0,0.0,0.0,0.0,0.0,0.0,0.0,0.12422103120814856,0.01286422253262511,0.15231233836120348,0.07077508959925224,0.14989954632863672,0.3371818822649966,0.7268056390754081,0.2746683118068998,0.3588437140700016,0.5034651751297107,0.12547551495267872,0.11145973917607954,0.11683421707182401,0.1230841078177668,0.054812015957752314,0.11972489041715484,0.11597348958452774,0.31161999964638337,0.26698584098198186,0.6440966700024742,0.5124498452691811,0.11683421707182401,0.13665705583852072,0.1187928276845232,0.21796927992170767,0.6188375406134352,0.3683015717883743,0.4376879491330915,0.21934271962145524,0.7991710070138266,0.12595458994607767,0.5230202204367997,0.5908272353896642,0.3728904910262509,0.3707810488821298,1.731372347238633,-0.4771605958481964,-1.1124458320261412,-0.041349998701646726,0.7696804346493212,0.58744997525811,-0.357644063479651,-0.5102278794293306,-0.7311914193714494,-0.09072069983499575,1.4626581289197533,-0.05021900057554303,0.06504676864547664,0.7927257101272649,1.356799424974476,-0.3167752833975145,-0.26877269704004747,0.3618427614554938,-0.11431210287027797,-0.6421042120137163,-0.13285763205460466,-0.16677940762277388,-0.4958514693086172,-0.2167716555903011,-0.19211958054742087,-0.23192225839821376,-0.42012572300846535,-0.08840177925770659,0.6593935573689006,-0.6720139838696501,-0.27657043097257267,-0.6524247887366109,-0.1985359258234293,3.1986661743769815,-0.31644864348748475,0.0,1.0,2023-03-15,-1.4956444322371198
0.3557692307692308,0.32222222222222224,0.0,0.0,0.0,0.0,0.0,0.0,0.0,0.0,0.0,0.0,0.0,0.0,0.0,0.25,0.0,0.0,0.08333333333333333,0.0,0.0,0.23782123803615138,0.038472985762585885,0.331286845613866,0.20723218251769196,0.16171233562562293,0.25105194777877526,0.731482232911518,0.2833332406072425,0.3666970516456939,0.3564683655221545,0.14149109013446515,0.1163769719797692,0.11859796319118815,0.12384641740925495,0.05644205200004965,0.1260711447827393,0.11923018930696638,0.33286751814727494,0.27871749495560333,0.6785626896951621,0.5271246458114993,0.11859796319118815,0.141575821586988,0.11668991165519899,0.21632411696789766,0.5684149822659162,0.33955928608787245,0.43768794913309145,0.23452259394094094,0.7489635758028153,0.161533096164431,0.6099401760346208,0.7778722887375069,0.4002350158218626,0.4307694014486141,0.5974557017101861,0.05308244373703396,-0.5337240633395675,-0.18105370006868604,0.0988837549693503,0.4020794085795832,0.6970389561322399,0.10398647536974104,0.16300925966206628,-0.596725719169141,-0.7104877172296735,1.229243209614406,0.07393069448459598,-0.3251253001531607,-0.11705610841474538,1.110661606842617,-0.2835904933025387,-0.1720916263872929,-0.27785334353183033,0.05759088905987322,-0.1409723029373908,-0.11494579937903773,-0.5449272489650525,4.812636256799434,-0.2035678493714056,-0.2369186243956984,-0.3291074147927191,0.08928347567634382,0.03223177422972283,0.9189685164384434,-0.0992727566978291,-0.28421013913238286,-0.3083406590730851,-0.30134768413418495,-0.16868444993697296,0.0,1.0,2023-03-16,2.7766213062754286
0.23076923076923078,0.22222222222222224,0.0,0.0,0.0,0.0,0.0,0.0,0.0,0.0,0.0,0.0,0.0,0.0,0.0,0.0,0.0,0.0,0.0,0.0,0.0,0.09677466524079205,0.015618479505273087,0.13365781568759738,0.05041721347410701,0.2030962314213971,0.39942435470524096,0.7330797833790348,0.2734902983478779,0.40524897281433037,0.552727375324129,0.1605486448008499,0.1261328858812779,0.12263825268926254,0.12557641182246343,0.058606854502409766,0.13835206271761058,0.12565971319790353,0.3731531983896451,0.296958969771791,0.7557780456619301,0.6439515050909292,0.12263825268926254,0.15660881666700943,0.10758339939708228,0.2504180232641335,0.7232124094956465,0.26934726610239623,0.6196178587641492,0.26740828802323463,0.8247950185106526,0.21482854373816251,0.7188921145025451,1.0,0.4931675332889639,0.6431311636887003,-0.5290995572409615,0.6189178313986653,0.008406533632322341,-0.9523813907888571,-0.41714795568733365,-0.9050737410894228,-0.7677138679559499,-0.4808266529903828,0.4210088941777883,2.422405283697734,-0.6293170749974981,1.0571264928643112,-0.19481776530534065,0.31564078252228167,0.26460083709867516,0.8084327814643071,-0.3214305463359406,-0.3848270783409611,-0.3630030766400145,-0.528495884976371,-0.1432286903696335,0.5263633165977871,-0.47576555751193483,-0.18940230412506512,-0.19330502336500008,-0.20169098229787383,0.570685180909472,3.9710369879066914,-1.4114216923861944,-0.06969868071151057,-0.26139413621735674,2.536879224419724,-0.3614304325531274,-0.2982227288596314,0.0896681317889729,0.0,1.0,2023-03-17,9.464577453171527
0.75,0.6666666666666667,0.1,0.3333333333333333,0.0,0.0,0.0,0.0,0.25,0.0,0.3333333333333333,0.0,0.0,0.0,0.0,0.0,0.0,0.0,0.0,0.3333333333333333,0.0,0.42550990930017,0.0633431860879315,0.5929063659582671,0.29357880465843766,0.1951017980248444,0.26738974426301493,0.7241923879642619,0.24543615093043,0.4264884379946635,0.3373661834613896,0.17057870097428923,0.13597060647451137,0.12587602114446278,0.12710784319460744,0.060599018473790844,0.14740855764225808,0.13095345659632734,0.3992558085203184,0.3172903839565321,0.7805675776927676,0.6832565541071778,0.12587602114446278,0.16650169134502818,0.10273955327351031,0.24882950825983668,0.6652631215210448,0.24688251600111719,0.6196178587641492,0.29794500395679313,0.8997719135166895,0.17729916411832258,0.6802543483539094,0.9107275902650487,0.4802037967118957,0.6140827077048697,-0.40559122882470167,-0.24520383577154573,0.6236463627299564,0.10420842933232903,-0.3616270654088064,-0.7432364171777789,0.04115255133072827,-0.25445928126683737,0.7924100045603991,-0.3234763363029725,0.21440111492812858,0.41410539891881937,-0.13624608484259493,0.5594544529584152,0.9176145304416732,0.0899078732659994,0.0282673313590221,0.5009259296287293,-0.39058370987944174,-0.5523842159027688,-0.08346216892665742,-0.11925935720283602,-0.404891445761079,-0.12808591242237585,-0.11108303136788793,1.5922465133356452,-0.26702181396462776,-0.29074723732280294,0.4776445185293724,-0.3702826251315948,-0.11156501095975489,0.07369540033763053,-0.15457479812339245,-0.2089654973359352,-0.27823936636237584,0.0,0.0,2023-03-18,-1.6702594648891012
0.2692307692307693,0.23333333333333334,0.0,0.0,0.0,0.0,0.0,0.0,0.0,0.0,0.0,0.0,0.0,0.0,0.0,0.0,0.0,0.0,0.0,0.0,0.0,0.29071216686124374,0.034613246574501155,0.2865275569048881,0.16222782011566514,0.21382549311780502,0.285394220470169,0.7241004202081833,0.22700281991662347,0.44330843765454375,0.35179190654733267,0.18250820045527866,0.15035967602843864,0.1301704599822026,0.12908069565277064,0.06283131279886478,0.1581985574001245,0.13739972583227733,0.4294456362592698,0.3401922579570811,0.8110567377596738,0.7193006466870836,0.1301704599822026,0.1797065027821277,0.09621996605674715,0.25580767822225964,0.6660303546360793,0.21803540045424155,0.6603333621178173,0.33050570710257177,0.9593289785044777,0.2169784330316249,0.6606302963827063,0.8380959643302512,0.5006622834738461,0.6554256393218885,1.2649335959085266,-0.07027737612643874,-1.0331683910677016,0.49055972357942573,0.10375888201168722,1.5358461058523951,-0.6151308873425002,-0.497027442169695,-0.5970818589035602,-0.15441808968363657,1.4556513918168172,-0.18867036047185212,-0.03962331861723089,0.3285515037133351,0.49852194518692544,-0.17005930500988817,-0.11629313915632981,-0.582018209678083,-0.3844268145326486,0.028268149550904995,0.1706528968253631,-0.16421214383841642,0.11603281226699728,0.6192989804481922,7.741905789608825,-0.21152288846931663,-0.42816689026265936,-0.23263755529073624,-0.7716558969925275,-0.4473447584493216,-0.16989624687659402,-0.6424727789917747,1.2865582822859551,-0.2943887705213516,-0.311200345785444,0.0,0.0,2023-03-19,3.9783493752593824
0.23076923076923078,0.22222222222222224,0.1,0.0,0.0,0.0,0.0,0.0,0.0,0.0,0.0,0.0,0.0,0.0,0.0,0.25,0.0,0.0,0.08333333333333333,0.0,0.0,0.10801000176575475,0.009032829042372095,0.1341011678152057,0.05875569535820168,0.20908801701683066,0.3470209944762996,0.7268233389396788,0.19391033009986028,0.47029254078829463,0.4186058309399549,0.1947952073233783,0.1645694138026591,0.13456387500981093,0.13065369884598954,0.06500895144895807,0.16653741015726525,0.14297766448238297,0.4488859481867919,0.36278739357796946,0.8074184021208043,0.6939756884482641,0.13456387500981093,0.1902811770167162,0.09289289129944234,0.2575567578608979,0.6130585360774427,0.19619423425124585,0.6652487287448156,0.36124831494659604,0.9447305472697087,0.16994039732599786,0.5620261109275781,0.6344007833232871,0.4937203474585962,0.6404366428033665,1.2627206890708218,-0.26534956377128677,-0.8670839801860447,1.0357330003968226,0.9678750238449944,1.9926346106911283,-0.5227584107435032,0.11226149704089819,-1.0000118767976727,-0.07578805017534428,-0.2387497793686677,0.9395363189617149,0.1447893758472315,-0.06903464155330827,0.053964374821831154,0.5085039069696048,-0.20048933787494785,-0.07688851593463719,0.12552472278078095,0.3600340394518137,-0.09798904564547313,1.7032000895982067,0.053513610256910475,-0.23382901244073523,-0.21144332170660055,-0.2561815893420342,-0.19124363878810757,0.35647770597142936,-0.13890205434455638,-0.576134376569411,0.024059483275208595,-0.4044535524419041,0.15927067746214224,0.11461414297586166,-0.23864865060959503,0.0,1.0,2023-03-20,-0.9680894177838352
0.07692307692307693,0.06666666666666667,0.0,0.0,0.0,0.0,0.0,0.0,0.0,0.0,0.0,0.0,0.0,0.0,0.0,0.0,0.0,0.0,0.0,0.0,0.0,0.026292297168292154,0.002795200758404893,0.02126323229402599,0.02682696384053431,0.21621903033551743,0.27072558537162483,0.7240793619259412,0.10080713599047739,0.4830275925732487,0.3058177955319572,0.20611031860216106,0.1787105662056498,0.1388711149266037,0.13275581053525665,0.0672752453539266,0.17478422444807595,0.14873071209842714,0.46656657244259847,0.38475029977821495,0.7999192986971897,0.7074005469756934,0.1388711149266037,0.20081769315646492,0.08943826530313054,0.25374584970688613,0.5673460810040525,0.18030789879726838,0.6652487287448156,0.38979502223033313,0.9665939080818792,0.2078681050616673,0.556038868449605,0.6189313931615118,0.5170717438087895,0.697898696051426,-1.0387438438424728,1.8203029716320982,-0.5415658937420037,-1.2567334773823409,-0.5896197615400091,-0.9335912015906929,0.7788273085973801,-0.5206679367450298,1.4464309178469776,-0.7102014030568046,-0.3695081884355713,0.15807108410652573,0.15103759800294225,0.13032017930696121,-0.2998982822213094,-0.08972263057087565,0.04161324845728664,0.7406071378185888,-0.1098473216100044,-0.27915018819463516,-0.020796160292133218,-0.05199838510235103,-0.46756953385061517,-0.13117968213947903,0.9607757380243219,-0.2099281897921966,-0.2587169112969507,-0.31274460822756506,0.38087722406421964,0.44990820891410643,-0.157057319490089,-0.5597034256800008,-0.021563431029123902,-0.2167672163346367,-0.0360105519576024,0.0,1.0,2023-03-21,1.4714466837708162
0.15384615384615385,0.16666666666666669,0.1,0.0,0.3333333333333333,0.0,0.0,0.0,0.0,0.0,0.6666666666666666,0.0,0.0,0.0,0.0,0.0,0.0,0.0,0.0,0.0,0.0,0.03891172983387037,0.003140073415357384,0.034679453199042615,0.035256600393846045,0.20106307467915546,0.24679333127837905,0.7378680969060636,0.013674437700247616,0.4974951902132775,0.26564206078009883,0.2056882531126259,0.1883527423337289,0.14251524148905947,0.13439794979222136,0.06934285862410089,0.179231290181377,0.15280728206257893,0.4697403759611797,0.40301833382656416,0.7560930743877821,0.6591919344745365,0.14251524148905947,0.20758204974759303,0.08896467023896482,0.27011066753566954,0.4838753020827974,0.23653280957114145,0.5197981549521802,0.4012802435785714,0.9246343037904294,0.17279811427657754,0.5347240847063637,0.5871530251651935,0.47634363682621844,0.6004352787960617,0.04117548347106199,-0.8400321913990056,0.7202370698831337,1.2465657109592418,0.935542132941199,0.7607165287638825,-0.5150775625739116,-0.39367814847596433,-0.07289564927462223,-0.6622413014608377,0.31372841835322196,0.44661027444852913,-0.1821235145879747,0.23347560269710874,0.705694661635942,0.48130318217874596,-0.22038792121763648,0.12111886096051959,1.383379130662606,0.6936287541338197,0.048723653494528285,-0.17724009229387916,-0.4915162165436173,-0.19600498417932888,-0.14951606997586772,-0.2511786460170694,-0.3059301052660187,-0.19237763288932105,-0.5541733048829245,-0.39189231170733535,1.085489130164817,0.7782893908361658,-0.25605865125870403,0.03509047633928427,-0.12413164101014383,0.0,1.0,2023-03-22,-3.0820008681536337
0.13461538461538464,0.13333333333333333,0.0,0.0,0.0,0.0,0.0,0.0,0.0,0.0,0.0,0.0,0.0,0.0,0.0,0.0,0.0,0.0,0.0,0.0,0.0,0.09180966269660609,0.007543105145216585,0.10706632612082952,0.05608037816165629,0.2189793566107464,0.16618903781290498,0.7473058186675172,0.019221561984672796,0.4954445849146524,0.15950354088511237,0.21064502464139184,0.19610706694171137,0.14819382021667915,0.13621424424653655,0.07150292278208331,0.1859861676574584,0.15805992942396735,0.4806944885300548,0.42004084456732815,0.741319468802319,0.72229606068683,0.14819382021667915,0.21681440228065424,0.08971715338105479,0.2758288778308458,0.4290389436381481,0.21005120285935444,0.5197981549521802,0.41194509197336426,0.9368886823973391,0.19824325924362207,0.549683835832251,0.6057139022029904,0.5120102135675162,0.6818535419897108,0.5398163707650004,0.08499724311632526,-0.5084796554769092,-0.256799885949502,-0.23093968752987987,0.7341977510839536,-0.3379308833553296,-0.28673054559990085,0.34044824928437395,-0.3118928958239765,0.16946481944591382,-0.6477701354027874,0.09712218653965363,-0.047783880861749596,-0.4059819322475367,-0.3019777390347387,-0.3622429141891185,0.6420577234037808,0.11199303097799335,1.6341801049039113,-0.023261650310625725,-0.14987741433066382,-0.3378813840658023,-0.20809128895191936,-0.15720987591700789,-0.22786026770064854,-0.271989739791168,0.26559378450200816,-0.7307169762176082,-0.006389780499745991,0.10895297639254628,-0.02641486235134799,-0.16703575949857588,-0.2709339859200831,-0.21481286018992493,0.0,1.0,2023-03-23,3.7591779025402783
0.2980769230769231,0.3,0.0,0.0,0.3333333333333333,0.3333333333333333,0.0,0.0,0.0,0.0,0.0,0.0,0.0,0.0,0.0,0.0,0.16666666666666666,0.0,0.0,0.0,0.0,0.13516490146486373,0.01591453457151541,0.15516360657317718,0.12193456252269824,0.20430670348760666,0.18167256107357915,0.7608643304922478,0.03072582002192474,0.5119368529109887,0.17343383288897857,0.20866900748463207,0.20125709164710898,0.1530817948664861,0.1377985718482025,0.07348387576350168,0.18925153566958203,0.16171303699079953,0.4787175513268836,0.4332242556666527,0.6957825097100953,0.7504107810853418,0.1530817948664861,0.22247027227528154,0.09297475295011481,0.2773749436363166,0.3855646147541616,0.2067416242665697,0.48745775069751374,0.4185079817932622,0.8974281030547682,0.17094924844453674,0.4122884016101221,0.383115337267489,0.5201136759036191,0.7169324120155909,-0.3340480324812391,-0.4765975937355745,0.7536285924239071,1.3120010440850594,-0.5871561094192363,-0.7290282609889184,0.021961885388407456,-0.24019750007430948,0.8884415694808835,-0.09838938959015371,0.03247786689908053,-0.5143733629585744,-0.08850974247989273,0.31446372954800267,0.3901550229509126,-0.2192929193082717,-0.2771076501416451,0.8229309942687106,-0.11071438560440723,0.05011151574462618,-0.008001522473677568,-0.08140430397542665,-0.3747731552145297,-0.1566012864848001,-0.16532724894629158,-0.17782450338888814,-0.15824530982495538,-0.0694914920683024,-0.7821753183468498,-0.24703527743689985,-0.028431548568734442,0.9007635911579986,0.9750037873354472,0.36103157894648574,-0.09562874012063098,0.0,1.0,2023-03-24,-2.967065403073854
0.10576923076923078,0.08888888888888889,0.1,0.0,0.0,0.0,0.0,0.0,0.25,0.0,0.0,0.0,0.0,0.0,0.0,0.0,0.0,0.0,0.0,0.0,0.0,0.02472855360601649,0.001936956018500292,0.021174883138162015,0.02026238075739402,0.20433151969893304,0.0708405912621729,0.7582686240463956,0.03610691636564047,0.5120103332637137,0.029216400754139157,0.20768160040123257,0.2071036100973052,0.15789298533056334,0.1393923432539636,0.07555739277409323,0.19201868361935165,0.1650975912684669,0.47515665459176143,0.4429881793095804,0.6552227235723426,0.7672581517373896,0.15789298533056334,0.22737802059989992,0.09693218458317726,0.26443588542669805,0.3671233151336586,0.19722199696944423,0.48745775069751346,0.4246020937688818,0.8997156213637253,0.18500896891885255,0.4319437015395552,0.4127196308321611,0.5204338823434156,0.7178329717238536,-0.2889888499372354,0.5883832204912791,-0.18290044545724107,-1.076272733037266,-0.6095488559001055,-0.5052802877042162,0.797349395739303,0.21223035718796562,0.03732746062872759,0.472090016415906,-0.2970060353796974,-0.866118683491296,0.03593900591904024,0.22159806982891755,0.20886433204562513,-0.5854422700417566,-0.13148225246209125,7.622930919124532,0.1693750210243506,-0.5979535130680762,-0.17705315219068235,-0.1822981577459649,-0.32339215730539034,-0.2495343567804846,-0.2149254571781409,-0.286260958275328,-0.4733055954019246,0.2585769722169344,-1.5413155413509543,-0.5271325098877334,-0.2948690921029359,-0.6473911430845194,-0.3537975833073328,-0.3147550563220932,-0.3693706060983863,0.0,0.0,2023-03-25,0.0051717173554122
0.08653846153846154,0.06666666666666667,0.0,0.0,0.0,0.0,0.0,0.0,0.0,0.0,0.0,0.0,0.0,0.0,0.0,0.0,0.0,0.0,0.0,0.0,0.0,0.038811338627648524,0.0017432604166502629,0.01894848441038986,0.022926122757848347,0.21305152048296166,0.07519877858145219,0.7413320188315194,0.035915058289460025,0.5081419202939131,0.03570733067639974,0.20702405316507982,0.21261793325888773,0.16318478090335625,0.14122923432721618,0.07788002308301334,0.19581633551705663,0.16895081466247275,0.47543863583414436,0.4508613072142137,0.6327953066704516,0.7690800872314344,0.16318478090335625,0.23270863661667268,0.10136169505768977,0.2550439974361288,0.3853052920231782,0.18557713535573364,0.5260760422589645,0.4342494888776942,0.8760107133582277,0.1995890944384926,0.4074244981653104,0.3759913749128799,0.5328663263462601,0.7455710140801339,2.773312381423514,-1.5063711894889462,-1.1883406180914897,1.572783395264008,-0.35960952927119477,1.9958469501505616,-0.461045535347285,0.1638554888860571,-0.38234907820235164,-0.28075842575856985,0.09490312315142532,-1.3045724821919715,-0.12847615300913076,0.19679264353005896,0.5203596470659859,-1.2126702968994678,-0.31134089528193243,-0.5448445212425387,0.29977287362068883,-0.310046523297827,-0.05715723879253499,15.501846207248825,-0.471718713956848,-0.20233871821441268,-0.18543153140200871,-0.16991757956891326,-0.3587951590864128,-0.14567171829861997,-1.2064281867438655,-0.36787704437893176,-0.06259600407075715,-0.7220491383868582,-0.04971905388811365,-0.23684052980725914,-0.07008596526867471,0.0,0.0,2023-03-26,1.8171608313816143
0.6346153846153847,0.6,0.2,0.0,0.3333333333333333,0.0,0.0,0.0,0.0,0.0,0.0,0.0,0.0,0.0,0.0,0.0,0.0,0.14285714285714285,0.0,0.0,0.5,0.25856424846737525,0.1366672073346068,0.2514770372512168,0.2347507643246669,0.19813881823872226,0.11312314033719367,0.7593380094970825,0.03980340807006891,0.5030469907377609,0.08673496890344289,0.20641700320163398,0.21208545931309514,0.16786371460088606,0.14287770408009004,0.0799975400908351,0.19653934811010115,0.17128835588337804,0.46502100710336103,0.45486966328283046,0.5869538403282356,0.6682245717670845,0.16786371460088606,0.23509630517050012,0.1079273758070931,0.25964009341578936,0.34035283115651105,0.27270281529032203,0.32887690242382756,0.4228406502306794,0.806759529441678,0.18048047398448364,0.3824848677166984,0.3395769807358306,0.5075914228647989,0.68659044952441,-0.09490160375799778,0.3541340033808217,-0.16126102680689033,-0.5435648800244401,-0.6268797619088121,-0.7470456325643192,-0.572728160286356,-0.20210602677884598,1.5245105281784965,-0.21863451579131019,-0.7036956936766608,0.43612085982060456,-0.25326196052213096,0.5868904937301662,0.9415083586836597,0.24123511206492326,-0.1533141036271522,-0.20598785180609216,0.6984316173100269,0.320814708092463,-0.14537654026615449,-0.051630050366698,-0.4070236436277693,-0.2326636609608184,-0.21142793587120282,-0.2659223904540387,-0.12132878713854175,-0.2634368481534945,0.4839284385509471,-0.2713816103958935,-0.21338081199707234,-0.23082218852476483,-0.26482276879662475,-0.22606351613295736,-0.05960169146529523,0.0,1.0,2023-03-27,-3.052194511765327
0.3942307692307693,0.37777777777777777,0.0,0.0,0.0,0.0,0.0,0.0,0.0,0.0,0.0,0.0,0.0,0.0,0.0,0.0,0.0,0.0,0.0,0.0,0.0,0.15633208624599923,0.025851276422520972,0.12547668385459335,0.12568637295571186,0.20037704960643044,0.10955732841482033,0.7575483221853914,0.03898984788620849,0.49775566055374665,0.08351702469302631,0.20255532758699235,0.21265207216564325,0.17314170053601807,0.144653741751316,0.08214890475728381,0.1975249072154847,0.17363739402946504,0.4562869213221089,0.456156301420714,0.5546705526702219,0.6088156647610471,0.17314170053601807,0.23621378839781665,0.11712882054549001,0.25154075911862445,0.3172653336013752,0.2565425707150213,0.32887690242382744,0.41224672862987966,0.749356235188467,0.1991633058298039,0.3704925864636853,0.32290143865959037,0.5176643438466908,0.71345703078797,-0.8551398232676887,0.8905605211868328,0.07456120118689591,-0.35626334990327096,-0.36655688776707307,-0.3248635661861468,-0.42656949780611936,-0.500285875664874,1.3751606103908574,-0.06441402415275492,-0.7629055378830776,-0.10554626316661121,0.15627989106252838,0.12147690229466605,0.34186814724808173,-0.09617310787891069,-0.17887545664984728,0.5651048053219588,-0.01689379392272208,2.4963850552943576,0.11546096863235111,-0.039490396273682137,-0.5091192549814579,-0.19352886949241754,3.503400320790619,-0.23358963636877036,-0.40867237229809006,0.0445982983927204,-1.4032534045294414,0.4320242946067273,0.4433769736736455,-0.6835439452657798,-0.07924234009008364,-0.31962182051726074,-0.2592097275910887,0.0,1.0,2023-03-28,0.4725228944394866
0.15384615384615385,0.13333333333333333,0.2,0.0,0.0,0.0,0.0,0.0,0.0,0.5,0.0,0.0,0.0,0.0,0.0,0.25,0.0,0.0,0.0,0.0,0.0,0.03846654337102857,0.0031384986543667335,0.05216294797037894,0.02574323610650917,0.21923188201391397,0.135083569137351,0.7719291670690178,0.04076589258525239,0.48697955038984053,0.12094317969944084,0.20565366361304765,0.2132327704294194,0.18073567322112688,0.14665675851847781,0.08458655585727698,0.20150755320182162,0.17736790280725473,0.45860917514830013,0.45769612166801166,0.5576736378818754,0.6315656785713701,0.18073567322112688,0.2350299442153823,0.1335479801870627,0.2550259665656728,0.4017006411122963,0.2300992042168137,0.4616920627658136,0.4161269395542764,0.755837660633057,0.2208941903371564,0.4538535333002139,0.4447998190868056,0.5647782571858571,0.8353889902214842,0.3310238593652835,0.11331063947527625,-0.34360698685933955,-0.19357337062491456,1.186760040098023,0.7178531971310914,0.01958990082542672,-0.2060960164313828,-0.26874797895997304,-0.6440371269540903,-0.26042239956725977,1.0096338382164034,-0.22540381719421693,0.19538152969788192,0.4498774144008307,0.7289520963124891,-0.2806451988240302,0.7993992740882546,-0.41302741666224024,-0.7487780074336859,-0.15329736597244975,-0.1734751280178395,-0.5901287543544872,-0.2373945341216178,-0.2089746339482159,-0.27832446897842367,0.2823384164937638,-0.13628800785772321,0.841050350705669,-0.6657396923022993,-0.28948229132611136,0.10969172875593011,-0.376883449580162,-0.2472314801319639,-0.11600347247247332,0.0,1.0,2023-03-29,3.96180637553154
0.057692307692307696,0.03333333333333333,0.0,0.0,0.0,0.0,0.0,0.0,0.0,0.0,0.0,0.0,0.0,0.0,0.0,0.0,0.0,0.0,0.0,0.0,0.0,0.033862678837963796,0.004858137656157236,0.03831461937577305,0.028362124222110652,0.21373625020399661,0.15048374629341799,0.7692766105205668,0.0385563086351379,0.467894918242334,0.1488265878177094,0.2076060030968146,0.2137320354644146,0.1881973631363355,0.1486637203995968,0.08686423786042285,0.2039597272153874,0.18036870261376187,0.45544383204074473,0.4582321286614697,0.5457670432775257,0.6308156917333004,0.1881973631363355,0.22919194057597375,0.15500634885021575,0.25978560143381946,0.411253242707434,0.20476702342225175,0.5139423807988059,0.42512651322646866,0.7829658588892885,0.19732439223941034,0.39647058489326653,0.3603575574374448,0.5957560926182439,0.9468697773959316,0.5731055570807897,0.5422607488043465,-0.9231909034816492,-1.2567334773823409,-0.45974423948956544,-1.0543685528578697,-0.7863212032029194,0.8165927829005928,-0.9975119187483739,-0.8406720104983982,3.3893395423359363,1.723904161855081,0.025301487016730753,-0.05001370220855068,-0.6039024161665084,1.3087544040269135,-0.13793038552150258,-0.4749973037854606,-0.3871781367643819,-0.8660386234754391,-0.1729409963641798,-0.18747222665355562,-0.5894832689686306,-0.23697284620692682,-0.20656798820670327,-0.2819822530334655,0.20622732257338094,0.11782255358541807,-1.5411182457135832,-0.5904999967713979,-0.31694494833723574,5.791690614528097,-0.41851690862677776,-0.2729733528415121,-0.022465002153805567,0.0,1.0,2023-03-30,-1.11074503792854
0.4519230769230769,0.41111111111111115,0.0,0.0,0.0,0.0,0.0,0.0,0.0,0.0,0.0,0.0,0.0,0.0,0.0,0.0,0.0,0.0,0.0,0.0,0.0,0.34292284388995403,0.06780133445246347,0.3562976884648129,0.2394300373444764,0.22150154270420863,0.1202709775643021,0.7674213379681343,0.02935979976028002,0.4554497512024963,0.11120516754247521,0.20936015352274823,0.21429942819546327,0.19565882087875242,0.15128736045665148,0.08925116324875237,0.2073314287337799,0.18378783690300043,0.4557066274019157,0.4587187055425618,0.5451807347117267,0.6253351032027722,0.19565882087875242,0.22118296281897804,0.17893729611864256,0.25688876822022033,0.3761599674710647,0.205430415341277,0.48101037289695536,0.43008197447271457,0.8009767305186655,0.21728652592808184,0.45146632297254646,0.44083550941111566,0.6142412817471161,1.0,0.1270465469656362,0.32708384272582336,-0.3390854513589698,-0.5796361621001432,1.495066268375829,0.6745801254980373,-0.4322991567091226,-0.42958250382586244,-0.3498163267549333,-0.5883636969480517,0.2297808078626985,0.7694562246789406,0.3594819721268997,-0.37515857490588694,-0.8092746476994711,0.830752679657026,-0.1948634455778611,-0.314282152997141,-0.13228709720491647,1.2408584027601697,-0.08560536662458323,1.7890568699397051,-0.6141457838107193,-0.13916917479847712,-0.18515275918997856,-0.09691270460484497,-0.04238355556009839,-0.23985899958707244,-1.048501174937789,-0.3335180119233423,-0.0725013329152106,1.1624350933487098,0.46649835682071034,-0.16051235839130643,-0.04986039626703086,0.0,1.0,2023-03-31,1.5871042968584437
0.2884615384615385,0.3,0.0,0.0,0.0,0.0,0.0,0.0,0.0,0.0,0.0,0.0,0.0,0.0,0.0,0.0,0.0,0.14285714285714285,0.0,0.0,0.0,0.1672830834182112,0.019602624811619215,0.1532311695821888,0.15026630185506987,0.2203243407235136,0.048787911549315686,0.765949097536667,0.024012982976806735,0.4349627836079253,0.014732017294403668,0.2139656732121999,0.2163682737715073,0.20159967313637084,0.1539505578412489,0.09162166075074857,0.2099878170612423,0.18685658595747617,0.4534655573639679,0.45861530424600216,0.5381827886696282,0.5039354785965836,0.20159967313637084,0.21451584016594627,0.19832197166012194,0.24369039101892243,0.3775299383221402,0.19684882325513356,0.4979893174404455,0.4364370946318211,0.731680212906175,0.20586008505942233,0.44852015852573807,0.4364911563464889,0.5989749671272171,0.947369857679758,-0.47054156423531524,-0.17962201439693615,0.6271785059095579,0.4261445755544425,-0.4138297483403213,-0.36368542015823185,-0.2047645310673467,-0.21411814458815137,-0.42855245275779713,2.02474345798205,0.19638376210091033,-0.4575951120099176,-0.0411920961550314,0.4225964877428963,0.27298762850181757,-0.5726134568249841,-0.3923123988851375,-0.5630109894299354,-0.1557716833403107,2.3757999957598894,0.04373157947167103,-0.028775544279590896,-0.18390021658446162,-0.2010393070232089,3.4270849160157657,-0.2674154273997728,-0.4279227140630444,-0.04898782610734697,-0.841650809062318,-0.3132147885309865,0.22083388773513907,-0.4235514826380638,-0.35172622551557003,-0.27773974484899017,-0.31185060144176135,0.0,0.0,2023-04-01,-0.2368427261150496
0.625,0.5555555555555556,0.0,0.0,0.0,0.3333333333333333,0.0,0.0,0.0,0.0,0.3333333333333333,0.0,0.0,0.0,0.0,0.0,0.0,0.14285714285714285,0.0,0.0,0.0,0.2551246515952064,0.019281373569526486,0.25610171397362375,0.15771204674064182,0.21662904323364102,0.06117710811074759,0.7260498778630867,0.036176816008072495,0.3935696038418348,0.042919601320533865,0.21733944440439384,0.21611582746702535,0.20540528051903317,0.15644378829751648,0.09395565357110613,0.2116184245280453,0.1893931680659871,0.44782778871547924,0.4572932114581326,0.5237274450294689,0.5230084399175424,0.20540528051903317,0.21220920913617336,0.2085019506497009,0.2339066327276546,0.3561778919299947,0.244185490715726,0.3931469552608543,0.4315099421165678,0.6929646397895016,0.1929542675771052,0.41809007800459563,0.3914221681463498,0.5470583643564223,0.7838827309471181,1.350840412362799,-0.9175362996843504,-0.39813217684213237,0.9371638422405023,0.4002325906624214,0.5923823032757519,-0.25295125732442475,-0.054414128286712625,-0.860841317626461,1.0018595630590157,0.19939540083908583,0.11443679723372197,-0.05862649989215047,0.23257578095008777,0.18376775111890478,-0.0793436815573734,-0.06127712608979735,-0.48876198889010913,0.27494259723481046,0.3109462761175614,-0.11504182516367113,0.3842059759831761,-0.5569271944009626,-0.22929894019159855,0.04605177865931122,-0.2083417356858333,-0.3780218030317212,0.32638236499352213,0.6083309495988328,-0.32428759712055794,-0.032652132534700166,-0.5503794382475613,-0.18711970967470262,-0.14311157191982302,-0.29382514457666253,0.0,0.0,2023-04-02,-0.745226498561502
0.33653846153846156,0.2888888888888889,0.0,0.0,0.0,0.0,0.0,0.0,0.0,0.0,0.0,0.0,0.0,0.0,0.0,0.0,0.0,0.0,0.0,0.0,0.0,0.3366184727437875,0.05922046181440812,0.32555218222414983,0.1607505357145441,0.20948916698233766,0.1251554348434181,0.7320527512063467,0.04194928209144583,0.3545320878129349,0.15914313034279082,0.21531694230026716,0.2166724739849329,0.2083002021985415,0.15880841973484616,0.0961955095773781,0.21180582726151514,0.19115283442847425,0.4375951477464791,0.45398605752372845,0.5001819117878744,0.4126375948457609,0.2083002021985415,0.20933767644427453,0.21751813184546176,0.2355807232420427,0.3177188763541442,0.30528248287423576,0.2513684317120087,0.41229155057833333,0.5966473518229084,0.17240888768410545,0.4371413899927328,0.4202605842343814,0.4743125798843813,0.5905302400737329,-0.03139686735601371,1.2017661965834534,-0.9316365482526663,-0.9042450987000544,-0.5390700706928377,-0.5491489484488854,-0.5107738855766826,-0.25548616436918353,0.9239909247122386,0.17785633549364036,-0.10070064710361513,0.1030916294360948,0.08315558171353757,0.07139858776508147,-0.20822837478641673,-0.010683746810905675,1.2450656079325704,-0.5256586149053226,0.26810995874678456,1.3346603922242355,0.04390849527985154,-0.08564453431853954,1.6929749253017916,-0.1586225780156761,0.09790289888736069,-0.14996935930394242,-0.034667910953510704,0.10888537454552571,-1.245795251938437,1.730096310371282,0.5347999384090921,-0.6094924322908264,-0.07916475737547611,-0.22705462013845767,-0.11864729102702422,0.0,1.0,2023-04-03,-1.450701847050495
0.20192307692307693,0.17777777777777778,0.1,0.0,0.0,0.0,0.0,0.0,0.0,0.0,0.0,0.0,0.0,0.0,0.0,0.0,0.0,0.0,0.0,0.0,0.0,0.14961398536745946,0.011708347965487538,0.18311246044367338,0.07645417018142674,0.21608417740693603,0.08757041040337857,0.7323749635218897,0.045846737007336956,0.3229474109464424,0.1097089482600072,0.21580435137390747,0.21793482267218772,0.21190644001874526,0.1613140818784733,0.09851389408666178,0.2130657495775809,0.19332622592994747,0.4318455151656606,0.45007637115929805,0.49303505518595675,0.4681444334792,0.21190644001874526,0.2028983312249264,0.23201018476814173,0.2286188296531132,0.29489922269617896,0.28692504092107673,0.2513684317120087,0.3944459012928295,0.5626489954074817,0.18846629243645352,0.4478199201890385,0.4359307181893292,0.46922976071359557,0.5746224279820176,0.1522913417964087,1.1619988367891427,-1.0641880479724315,-1.132745323402091,-0.347145897708697,-0.046715756910004486,-0.33707412818897375,-0.4807957172203147,1.5138313578224238,-0.8583244818329081,-0.5786858018114476,0.19947612525136502,0.1112565383421613,0.12402074211457532,0.16731317049166183,0.20550848968233343,0.37902159611813735,-0.31397865312679135,0.2688563658725846,0.10573050581084344,-0.12208432486443613,-0.19358152822694163,-0.3843975140428192,-0.14379831791372977,-0.2151717911947507,-0.2557711467290786,-0.4664921447158382,0.23295583400050446,0.1146824400486119,0.2587609006321722,0.3055823529939445,-0.7224425049524602,1.5046482943023956,-0.2992457513417657,-0.3509702681003726,0.0,1.0,2023-04-04,1.35971982612757
0.10576923076923078,0.11111111111111112,0.1,0.0,0.0,0.0,0.0,0.0,0.0,0.0,0.0,0.0,0.0,0.0,0.0,0.0,0.0,0.0,0.0,0.0,0.0,0.03593366217904458,0.0028818126128906784,0.04277544857275954,0.022526778492706904,0.21625686824014972,0.10312343714940797,0.7322461466051237,0.04817599872304576,0.30422922394676666,0.14569741076900466,0.21471560300092923,0.21827910790826038,0.21487843749300983,0.16366104840823226,0.10081837500141105,0.21416067664218413,0.19535287200215973,0.4259487259455091,0.44565230885689033,0.4869338548438594,0.43495173810807086,0.21487843749300983,0.19527798315567202,0.24658888311599186,0.22488267565345554,0.3043380433438132,0.265884061446345,0.29759413314366173,0.3826492270778985,0.559664832503153,0.20638086233470787,0.4020297136333505,0.3683115642324802,0.48054686257600465,0.6022423868249479,1.0837096392235372,-0.8242945202547792,-0.23515283600976142,0.8450187955479153,-0.6528117758778738,0.2974358577515204,2.9643562679158553,0.01483286407262061,-0.037348565682556276,-0.5882687029643168,-0.8363402160115793,0.1581941197064024,-0.04200245718495068,0.5300061421125823,1.1341942841190957,0.228247548144092,0.20289452212385714,0.2384196776131221,-0.30090738625021113,-0.14036413706138998,-0.1232569834800962,-0.16173456343224574,-0.5073052190002083,-0.1989057302774671,-0.19290979819761428,-0.16895614408783471,-0.3121551982897922,0.12590970106874333,0.5536083278053531,0.57806676155984,-0.21819511797614566,-0.5983091805487973,0.2196661920553405,-0.24408636892800287,-0.2583836953536293,0.0,1.0,2023-04-05,0.0351267384649967
0.3076923076923077,0.2888888888888889,0.0,0.0,0.0,0.0,0.0,0.0,0.0,0.0,0.0,0.0,0.0,0.0,0.0,0.0,0.0,0.0,0.3333333333333333,0.0,0.0,0.10213840641923735,0.008080098643028454,0.09343324819687404,0.06607700688579478,0.21392087190804027,0.07484198330841921,0.730318155308694,0.05059506171428832,0.2631580774939628,0.11271677723129796,0.2133862990942636,0.21997425254929598,0.21546824553873067,0.16513304837378429,0.10313693621911652,0.21469704765785896,0.19703668266718216,0.4185487799055079,0.4404863012230208,0.4781333710421993,0.5013522517060478,0.21546824553873067,0.19548066300144334,0.24752850471399385,0.2127179673054866,0.29064309123842147,0.2716495931189815,0.2707459089059768,0.36892223244609235,0.5951990023788675,0.1918433412390248,0.40977402713158284,0.37938633449551185,0.45640405317951327,0.5451379163013161,-0.7466266049994094,0.9315340220616286,-0.05796830925124563,-0.5440876633889649,-0.4519822589932359,-0.9062345309281271,-0.5421078282437228,0.9869482748999605,-0.7309436213893337,-0.47054207336574955,1.9100101646842778,0.7603197124603903,0.00051905792948426,-0.05150919743353299,-0.07145439950499927,0.4186970973670605,0.46578565643481196,-0.07235487949763861,0.17183044747301326,0.3024483293709442,-0.03366400251699205,0.3512971812244934,0.025529230249779843,-0.1972862302196864,-0.1671751203201394,-0.02967780680741337,-0.19595651285711493,0.38201174871412785,-1.0441691364220782,0.5995222212244716,0.4531724227148149,1.44170089814256,-0.1819965355789168,-0.06939967567447342,-0.16753497059604172,0.0,1.0,2023-04-06,-0.4749940528704033
0.33653846153846156,0.3111111111111111,0.0,0.0,0.0,0.3333333333333333,0.0,0.0,0.0,0.0,0.0,0.0,0.0,0.0,0.0,0.0,0.0,0.0,0.0,0.0,0.0,0.07143934079472235,0.006585650462900993,0.09170803013509389,0.05339348576901986,0.21185649037242643,0.04865779333901834,0.7189401570834604,0.05547585212739189,0.23548075185348913,0.07262114217151196,0.21239555902103152,0.22120725510424216,0.21638116753021608,0.16682807077914408,0.10546497892309092,0.21480615333779246,0.19842546063767846,0.4102130159999643,0.434521012985401,0.46865281269375075,0.3901075166938852,0.21638116753021608,0.19447380332594272,0.25048719377441314,0.19909380009066197,0.2805527177001638,0.2638064139394526,0.2707459089059768,0.35617573743084385,0.5613006829320234,0.18043243760366146,0.38568135003210857,0.34510216172443264,0.38226599598395394,0.38728037367954526,0.5359062304477934,-0.549502043432444,0.02876263611392514,0.5004589010125655,0.11295400831059334,0.32703898614790006,0.10146348879036596,-0.411227956382196,0.43154024937426416,-0.5707294242199205,0.06640263978270677,0.1138059060979816,-0.03416140941775203,0.26633971251413324,0.3662855939079048,0.039481174634566844,-0.19433952435201393,0.260377457970247,0.07459275239937822,1.6102009647689652,-0.04022215260996395,0.03090035090436491,-0.07850857321382612,-0.20156902853603012,-0.18649323286865582,-0.22032336497889907,0.08965304939522403,0.5860673659266575,-0.5988432339836811,-0.06154816930817801,0.26712719603540236,-0.4938321897436133,-0.29990839502228034,-0.22851915980186083,0.1939911902730281,0.0,0.0,2023-04-07,-0.4217681389550476
0.3076923076923077,0.23333333333333334,0.0,0.0,0.0,0.0,0.0,0.0,0.0,0.0,0.0,0.0,0.0,0.0,0.0,0.0,0.0,0.0,0.08333333333333333,0.0,0.0,0.09590444428306485,0.010235946439229185,0.10292194753666489,0.0639732149962453,0.21223933497325997,0.03556252665451492,0.6390110720117407,0.1006707767238569,0.2038682091232795,0.05775732691414388,0.2129664697507732,0.22045618817141327,0.21629474167278528,0.16816056283545766,0.10777913642300024,0.21496240764986013,0.19974294982585034,0.40265847095675583,0.4280880385267426,0.4631054160892032,0.49209849005418393,0.21629474167278528,0.19437234157426553,0.2504312565251972,0.1856590651998779,0.2780188095613589,0.2567752516589449,0.27943400240789656,0.34523703057101096,0.5290874124231886,0.1902796537806326,0.3895050473807611,0.3504747820441064,0.3965605814879147,0.4155585482183587,1.692101641722068,-0.787483632188983,-0.8159280757096216,1.4509704812160427,0.26457138903886246,3.322531248595356,-0.6114639801533885,-0.10573329020726906,-1.1865259986227346,0.9306442886487696,-0.636196793838196,1.2709419817499688,0.22643073213321313,-0.15409568363147955,-0.13386526860056538,0.9069640091583446,-0.27359685570911657,-0.5474112188031175,-0.2400011607232734,1.2348451842944217,5.995689462041266,-0.15672419312929564,-0.5015371454322572,-0.177170407214467,-0.14032267506662563,-0.0767417693673831,0.08945452380070373,0.6764409134337181,-1.0624069672931118,-0.2796058665488627,2.4972119386989116,0.30976887262128405,-0.1741052709827435,-0.15999835702169704,2.0382413374806743,0.0,0.0,2023-04-08,0.0785492277263211
0.5480769230769231,0.5666666666666667,0.4,0.0,0.0,0.0,0.0,0.0,0.0,0.0,0.0,0.0,0.0,0.0,0.0,0.0,0.0,0.0,0.16666666666666666,0.0,0.0,0.3179974399628024,0.02792208712522657,0.2824683147800106,0.23676918914304484,0.21896326697922713,0.06021531148411068,0.6331545871361682,0.12397519252695789,0.16757714944873056,0.13308637367338738,0.21356414346893654,0.221017620140965,0.21683281976309332,0.16961502100992681,0.1101802912370039,0.21621750320128458,0.2015175537048774,0.39947997622156545,0.42224291858398444,0.4700781726058055,0.5350614139853754,0.21683281976309332,0.19511276158217344,0.2506556572679836,0.18134571819463352,0.3059102350654991,0.23893317804310918,0.34578424611488395,0.34193245000684136,0.5695182005834835,0.20307062447450086,0.4150427336716468,0.3869518932354583,0.37608476111668926,0.37509555344682605,0.0980462600841411,-1.0881053701284367,0.8775086864417175,1.7725776755531868,0.5064632453800352,-0.2896585102661172,-0.6616716165981064,0.6421157596486512,-0.7766310623138388,-0.07862631539449412,0.7436636532847818,0.47422969967233414,0.10066211467227701,0.05254471203189777,0.1852714844372441,0.2595628967707414,-0.23976417311280893,0.10051357979460368,-0.16328565709474452,1.4861186962186406,0.1532267465358658,-0.1707502436153902,0.4993292754161368,0.06890229465716192,0.629418531391433,-0.02900727700480147,-0.2913462310556904,-0.15359400484723085,-0.8590604458213832,-0.24154794795657356,1.553564572615502,-0.2788785352267284,0.15207790439057436,-0.25128169704467496,-0.23383593526182073,0.0,0.0,2023-04-09,1.37848392136819
0.4903846153846154,0.5111111111111112,0.0,0.0,0.0,0.0,0.0,0.0,0.0,0.0,0.0,0.0,0.0,0.5,0.0,0.0,0.0,0.0,0.08333333333333333,0.3333333333333333,0.0,0.22157445113842028,0.032364487879852036,0.21112396189741858,0.1931263591812285,0.2420002104946497,0.12274387303347245,0.6492863103085682,0.12669247122242033,0.14885223055180594,0.30272500822785214,0.21890823530660547,0.22321937458822622,0.2182375728821273,0.17171305908240247,0.11286290418679223,0.22112662091696694,0.20506119193019962,0.40922793893737275,0.4197097537022201,0.5093624778371242,0.6078490767331232,0.2182375728821273,0.20127776507554912,0.246420665751876,0.19408551254717388,0.4144805440749433,0.20293764021472263,0.5199449060434999,0.35685158326944977,0.7285287338913222,0.22332804314851984,0.48900656725137115,0.494898881597178,0.42347769903200516,0.46474186226363945,0.6050752550866453,-0.3426161865966511,-0.20776809518139006,-0.17979160029560443,1.2672129276639725,0.12290496065211433,-0.21664778888339267,-0.40598477323282556,0.4267116103758073,-0.823966129768772,-0.6045014945226947,0.9998860380918705,0.007757292846321218,0.08223823341792909,0.29629684485286045,0.452957979316637,0.05285006813517831,0.3030625550947072,0.9563313927601845,-0.03871971556706351,-0.12295497876971108,-0.042146997132688546,-0.008011590170739838,-0.1489467234312757,-0.11015090597446613,-0.2482568540750212,-0.094623939714748,-0.2528397966377303,0.11856102582561834,0.10792085462660989,-0.10859142289127502,-0.1092172740503826,-0.27101319739774027,-0.2519081021174325,-0.17075984156372134,0.0,1.0,2023-04-10,4.658621825410658
0.19230769230769232,0.15555555555555556,0.0,0.0,0.3333333333333333,0.0,0.0,0.0,0.0,0.0,0.0,0.0,0.0,0.0,0.0,0.0,0.0,0.0,0.0,0.3333333333333333,0.0,0.12610511733421903,0.03049839610593102,0.133667453777328,0.12022866799877882,0.25215931291819305,0.13012421974861835,0.5926385748436779,0.14561984685171983,0.13408946279724074,0.33884657377135496,0.22684619994489247,0.22663875736590905,0.221021681274146,0.17384284043283332,0.11564878401905576,0.22697703525973528,0.20918043732822272,0.4215231066527163,0.42038611446333174,0.547431830434154,0.7615579174831499,0.221021681274146,0.20907652802246274,0.2430619922864436,0.1928982113427949,0.47357758500149993,0.18478809088381917,0.5980028348023718,0.3787670481198556,0.8680224606835929,0.2444667386896009,0.4977422096918467,0.5059046930501082,0.42864468509078096,0.472818863147089,-0.2779274506990173,0.8456766728338466,-0.4093190236633576,-0.19365380387718145,-0.12139084011510508,2.5765362425633773,-0.5000670984591085,-0.35794918379277224,0.03872342070191923,-0.5823499448401263,-0.23083841881330236,0.38789551792000054,-0.0837720031305959,0.2765882157037562,0.3879600707888249,0.13428874618321363,0.09209527227544737,-0.5741563077614096,-0.3675433348902338,2.561910399052106,-0.09315554213725716,-0.18724787597617729,-0.07793504101849581,-0.2321933274024095,-0.21415956435113614,-0.275137607436662,-0.3266535259213445,-0.33635255700823236,-0.40211587291598067,0.8562358287924651,0.04024763502451285,-0.7220895027482577,-0.3552975389855592,-0.21101308734315605,-0.21840527103433857,0.0,1.0,2023-04-11,1.9629666758571809
0.4807692307692308,0.4444444444444445,0.0,0.0,0.0,0.0,0.0,0.0,0.0,0.0,0.0,0.0,1.0,0.0,0.0,0.0,0.0,0.0,0.0,0.0,0.0,0.24369234187125519,0.031646396868115344,0.33334297142306396,0.18657335129417926,0.2504837073306253,0.11719695242017181,0.4863499290264117,0.22195017483114035,0.12789023174986744,0.3122744529588874,0.234864871056725,0.23027507451578882,0.2227382758855534,0.1760895485896769,0.1184020363603468,0.23164756378149493,0.2128563204391874,0.42880958580901996,0.42252901701508994,0.5648270167447293,0.7365044047732506,0.2227382758855534,0.21467715296809586,0.24008877006137203,0.18868880690304862,0.4389703312330696,0.170689506202363,0.598002834802372,0.39911712262380394,0.9428311211047296,0.2248716700390434,0.4932120077047105,0.4993466981447624,0.4516469080970873,0.5206112517222635,0.07638546669558918,0.3067084159338529,-0.2761632873655613,-0.5959860603530751,0.4466678802100894,0.38598110000720476,-0.3303627724277402,-0.2565980723475463,-0.5516696325526761,-0.06522034826797245,1.142909272712592,-0.17601698319525363,0.04408653729703542,0.05539272978062903,-0.0671703582600886,-0.21271815764680052,-0.4435604224000164,-0.04578081384664707,-0.2245917255808837,-0.8033200574562964,-0.18835437407146138,0.031769532144114015,-0.2069742215990321,-0.21555501477804945,-0.22157758046673284,-0.28282827577167774,-0.3592029103816548,0.1733776601788464,1.335063269149279,-0.6813460788386744,-0.3286340900039057,-0.5467289688489627,-0.2443628655776135,-0.30972178045251725,-0.29618079916394724,0.0,1.0,2023-04-12,-0.3175315803583212
0.576923076923077,0.48888888888888893,0.1,0.0,0.0,0.0,0.0,0.0,0.0,0.0,0.0,0.0,0.0,0.0,0.0,0.0,0.0,0.0,0.0,0.6666666666666666,0.5,0.15613904513831928,0.016095632085440233,0.17937930702134836,0.11460312269852546,0.25502176744772687,0.10695416090989837,0.48198302499914836,0.2609136128061177,0.11843571226183905,0.2958261304998979,0.24374612842890836,0.2351657145610308,0.2255016150283019,0.17853620715650725,0.12121027500527193,0.23635739450527044,0.21663429378569937,0.43569282870966874,0.4257565080663705,0.5776917159574146,0.6898647452476449,0.2255016150283019,0.22053837697227635,0.2388960034975935,0.18333639451778055,0.41955084012378807,0.15848623007844034,0.6062624987860926,0.4188666955184722,0.941100626359653,0.24324366129763786,0.5100604221883229,0.5242619159270439,0.4288189518471171,0.47250434569695543,-0.5025414797029042,0.0931278823904159,0.4266738403134861,0.006854282582919219,1.507367906856956,-0.8327659844714266,-0.21770872592469362,-0.045224338251020235,0.36444802172739166,-0.8932013749754252,-0.5801661019808138,0.521514413611758,-0.07292939761916564,0.14532861639933808,-0.1359660075553294,0.23541933737591125,0.24976037777310592,-0.3589541005084567,-0.22395325108677305,-0.4063150719384172,-0.16212874485569756,3.268514434852747,0.9060632158395472,-0.2375774869541511,-0.2000493171867403,-0.25782307468570187,-0.39751571546737,-0.07438756676824122,-0.14390457927899325,0.32351195162173013,-0.27263264916341073,-0.0463788379415552,-0.17442132625525955,-0.27212120330155753,-0.308304261952177,0.0,1.0,2023-04-13,0.8627134839524819
0.6826923076923077,0.6,0.0,0.0,0.0,0.0,0.0,0.0,0.0,0.0,0.0,0.0,0.0,0.0,0.0,0.0,0.0,0.0,0.08333333333333333,0.0,0.0,0.39553348833145757,0.03860841520778184,0.461331984000771,0.20878036499487074,0.256533783752114,0.1524601898341705,0.4729787400951584,0.2801111161790231,0.12876347735870344,0.4047627132934604,0.25154543785959776,0.23951039205768215,0.22834598804756268,0.18111208263314887,0.12399870991338063,0.24059513894870305,0.22025715457283462,0.440426569317298,0.42937913679539647,0.582378587866929,0.7538503986915462,0.22834598804756268,0.22569191893762158,0.2386702000740883,0.18408669645512082,0.44081821221027884,0.1417083545926935,0.6546323606507088,0.4422013237850808,0.9214144259475981,0.2670494637511067,0.5188262264280527,0.5375952132538243,0.4564356957414114,0.5286489457828041,1.3215089884343836,-0.4381588212376234,-0.7748531545631522,0.5701158101948659,1.5319959363703644,0.9638142172235579,-0.3129281548264431,-0.38227549600088945,-0.8186426564545649,0.060864510241623454,0.0969002248370011,0.7140743505931696,0.0747754293379327,-0.19063303130171638,-0.4289398589042678,0.5828054600509065,-0.2962903706619356,-0.37976088274821257,-0.2170918393328913,-0.19488030578140286,-0.0844827705598323,0.04874794060537571,-0.32058651764175244,-0.18087138193758828,-0.19128597460734836,-0.021978310238769713,-0.39863612277058935,-0.17161444894752806,0.9329326905189586,0.28064455490873885,-0.17982657374378985,-0.4317481547561452,-0.24034581114837555,-0.1693169590215447,-0.26242339853826896,0.0,1.0,2023-04-14,0.2849851088919886
0.701923076923077,0.5888888888888889,0.0,0.0,0.0,0.6666666666666666,0.0,0.0,0.0,0.0,0.0,0.0,0.0,0.0,0.0,0.25,0.0,0.0,0.08333333333333333,0.0,0.0,0.4472543742365445,0.0312936504062096,0.5027645254043982,0.20030587455670618,0.25361556092350057,0.05815095371369112,0.46790094016719974,0.28042604120889664,0.12660632474184255,0.15628627464817524,0.2539566826313459,0.24352307564279757,0.2305562228769127,0.18391731412341955,0.12675834414728898,0.2436935865620668,0.2233709096904371,0.4408526992459406,0.4323709175132997,0.5748958698447587,0.6869806490274311,0.2305562228769127,0.2296835672298922,0.23850947681755047,0.17323810331095357,0.423954287451646,0.13569319396255664,0.6546323606507088,0.4638691928897887,0.8964782093930229,0.2545049951280254,0.5107352611151244,0.525741853729484,0.45141383503545884,0.5190640285486839,0.15699924663403356,-0.21760065149093147,0.0920073433552998,0.9617605197521932,0.8300042269869822,0.18221398798228416,-0.3262817881312414,-0.28980526168938064,0.44490395796885873,-0.7027536511489832,-0.43432851632099106,0.23298091754951653,-0.0681082906331546,0.1550328935187316,-0.1069140500608012,0.035615730057763466,0.2015158102404213,0.10945005117316152,-0.19758067414773828,0.33203953744150416,-0.11861571169881245,-0.18114663531685923,1.273813704945192,-0.19327746055548975,-0.20840359802923922,-0.16243736948589724,0.20092470049814323,-0.23932064122973482,-0.3101263041266361,0.7875587638301251,-0.11676759081902768,-0.47382427369295654,-0.1707143570974706,-0.14580155842165066,0.49599266787814283,0.0,0.0,2023-04-15,-0.5484641300179338
0.25,0.23333333333333334,0.1,0.0,0.0,0.0,0.0,0.0,0.0,0.0,0.0,0.0,0.0,0.0,0.0,0.25,0.0,0.0,0.0,0.0,0.0,0.17248302841808402,0.01163590895991761,0.16630363195348014,0.07118745595999612,0.25356074709408727,0.06619354250036155,0.31065946127969124,0.3327936266819453,0.12066807129501164,0.1827050847250905,0.25424760806233254,0.2477807802103334,0.23357602751509843,0.18673027194278008,0.12949374813839476,0.24630619615042976,0.22624949428586943,0.4395598694998876,0.43448013449317774,0.5644274599079793,0.7024366584441528,0.23357602751509843,0.23217871206470636,0.2416601072261368,0.16396266209163984,0.40490050892681484,0.1451074623810326,0.6213161467806204,0.480548389738118,0.8457530325026855,0.24100017223941372,0.49412045436202284,0.49998555663628874,0.43644091211080666,0.4881598843458985,-1.111370930444736,2.0705155138813587,-0.6863980450347087,-0.9826840506821681,-0.49368490504124196,-0.7889519243088974,0.1861194611564804,-0.6149399512274939,1.522923842423635,-0.7230552324065435,-0.14833740345408347,1.0562168043839526,0.34619148604336153,-0.22856654413433689,-0.5574727971876902,0.687419718095889,-0.3148105794531262,1.4863263437129641,-0.30428017687454595,0.7823617602722899,0.06251962407306438,-0.1639929345959708,-0.5123169334304423,0.08790916982428659,-0.13907304785239735,-0.13649334652877892,-0.07613172821286111,-0.2658113895574236,-0.6040232069988793,1.0396526941591804,0.11471791622578674,-0.11667971713247499,-0.07196367129771748,-0.10582719817118956,-0.09043111310926444,0.0,0.0,2023-04-16,-0.0103587756803302
0.23076923076923078,0.13333333333333333,0.0,0.0,0.0,0.0,0.0,0.0,0.0,0.0,0.0,0.0,0.0,0.0,0.0,0.0,0.0,0.0,0.25,0.0,0.0,0.12972595904014209,0.012287860010046975,0.17264388864793664,0.08051706400938749,0.23837107820558,0.11033671755260888,0.32620042283324,0.33582239500281164,0.12076669157831318,0.3022852186200451,0.25173313259912616,0.25062870243999985,0.2356462287180645,0.18904834149388722,0.1320503683832473,0.2459802278765983,0.22766174316425852,0.4281566459700319,0.433660694834093,0.5296895968621497,0.5759648091272086,0.2356462287180645,0.23207315391717293,0.24588876464035697,0.1676746415072322,0.3573427617642875,0.286592368632162,0.3257797901470027,0.4655126105967331,0.7278383339720237,0.22222427462847527,0.4004264594342181,0.3665795791508369,0.4359683095089272,0.49132259179605325,-0.8657018386185479,1.8835961423031258,-0.7511851909530325,-0.9813589394986133,0.36535643100788817,-0.9352047581720132,-0.344092101498618,-0.19208975677142098,0.7708171797356479,-0.5904070215883298,0.01195164551530358,1.318470877913529,0.022817566447071135,-0.05829286854404735,-0.2617112204837489,0.865228947300049,-0.48431089541851025,-0.4063135209602562,-0.04572236101312328,-0.2507723970620897,-0.15454743274440041,0.2219057723153906,1.6079684329893684,-0.21642923797182384,-0.19046344429263348,-0.230674654984593,-0.40696824379271135,2.0863365756710737,-0.5543847138645202,-0.6546078855468672,-0.2973334991719463,0.1436455461605595,0.11344783426921791,0.08788640366568609,-0.27791247514525136,0.0,1.0,2023-04-17,-2.8708571396173888
0.46153846153846156,0.4,0.0,0.0,0.0,0.0,0.0,0.0,0.0,0.0,0.0,0.0,0.0,0.0,0.0,0.0,0.0,0.0,0.0,0.0,0.0,0.3015008423891239,0.03782575899542847,0.3050069876150547,0.18814468416354016,0.25499534909088895,0.1244870293632018,0.31490931517986986,0.34604003974275527,0.11942585462809888,0.3423760402337626,0.2517276483801873,0.2552211103561159,0.2375948921079385,0.191756778801419,0.13477410921872268,0.24848062155334832,0.23034083908705688,0.4274145204989691,0.4328419988911613,0.5296984183503113,0.723574494995757,0.2375948921079385,0.23506449816768432,0.24634842496298642,0.1763028180055904,0.325744735617548,0.24943874849105377,0.35080656025336965,0.45413563214192687,0.7271731334614872,0.24268984115900483,0.41627268338582823,0.38804652549619034,0.4605159575649978,0.5378974571320942,0.09250274597319726,1.0145749996831557,-0.8861506200543817,-0.38733040043242434,-0.6596947380024306,-0.9871902277621385,0.7890699133610651,-0.2328174771200274,0.7773186884613367,-0.25385939648731204,0.13146899065612927,0.3525597456029229,0.03510122566248717,-0.0751423018582538,-0.4655071497556611,0.15077036879592529,0.3792816736632996,-0.5644766658360877,0.8517160251781608,-0.24238888471877448,-0.11034007568786236,-0.17910863684451367,-0.3619358080783775,-0.21466539038736998,-0.19203910341347988,-0.24995205982022436,-0.4489399082206383,0.26008325755057277,0.7938383837887771,-0.6494284847974199,-0.08080110482425458,-0.2953842580657958,-0.1036292245430489,-0.3245767540031452,-0.3191051385115348,0.0,1.0,2023-04-18,3.2348662229154
0.3269230769230769,0.2888888888888889,0.0,0.0,0.0,0.0,0.0,0.0,0.0,0.0,0.0,0.0,0.0,0.0,0.0,0.0,0.0,0.0,0.0,0.0,0.5,0.17059611610138553,0.010065872252238917,0.16278894189838242,0.07806167553857217,0.2275088384317212,0.16927831933814083,0.3817862740145985,0.31658207359334556,0.12180403265026266,0.4603858773812228,0.24570232455696134,0.256138987075826,0.23834532657799168,0.1939927027234059,0.13715390630125968,0.2460061585530396,0.23055391953575727,0.40944888075804164,0.4282375884140699,0.4847946794590154,0.4815189985283268,0.23834532657799168,0.2348876249690715,0.24803918062910396,0.19243506845355007,0.2644100783266515,0.28752662307211974,0.20948535441512797,0.4289753492338434,0.5545613019348351,0.2168758094107408,0.35300977158745145,0.3030376881646931,0.3814413117144836,0.3848231572657854,0.5064643351302752,0.400631945268967,-0.7438351857514415,0.1228617505499534,0.05930515386129354,-0.2611199919213166,-0.15692148822200436,-0.3036008038418363,0.3882207227305872,-0.5581049477259994,0.6394299042975098,0.324677381035028,0.25535772079987795,0.2217385040297877,0.12284218003239501,0.07318270403008506,-0.23617727207811745,-0.5480521383268994,0.16082983740240106,1.002930248806831,0.35600497247268315,-0.17246284628077094,0.23853684799868524,0.3279163091606322,-0.18312115562774245,-0.2567681082312034,-0.4092105008936082,-0.15312399682391217,0.017170651665923645,-0.37440335011693004,0.757337727570689,-0.46465362798714077,0.05169276864676483,-0.3083530990130572,-0.2627578096636167,0.0,1.0,2023-04-19,-5.18092051895368
0.42307692307692313,0.35555555555555557,0.0,0.0,0.0,0.0,0.0,0.0,0.0,0.0,0.0,0.0,0.0,0.0,0.0,0.75,0.0,0.0,0.5,0.0,0.0,0.4440096616398565,0.04615309511398907,0.4971824651020834,0.22053497662533839,0.21744375127031823,0.14084995132269776,0.3870240249869039,0.2528915539404248,0.1244080004549287,0.37991874014719834,0.2381933744443358,0.2535013867274086,0.2381242274995956,0.19580475581471507,0.13936453825274608,0.24223153698287864,0.2299208733631561,0.38829836692896286,0.419904463536818,0.4405670399172015,0.4366436123082198,0.2381242274995956,0.23497261267961395,0.24750358632066255,0.1940239640698474,0.23276464093968846,0.3629701296816572,0.049702441998135706,0.38910952046584424,0.41527324584287867,0.19445636928090582,0.31721724065155504,0.2559840511108739,0.3736442121973467,0.37053414425409514,-1.2316691545305272,0.47170589645928956,0.7671555461294961,0.11918116541351854,-0.611770031487429,-0.9210742392891093,-0.5674236485573785,1.1902763179148788,0.1298561973453237,-0.5416365752848261,0.12871723764717738,0.5902056994559732,-0.03892800576349953,0.18986170456921656,0.09047457739685404,0.2821725939739758,-0.04438580203220824,-0.11013044167432891,0.033738650763781936,-0.3687487818204049,-0.07159458870730293,-0.17626707372702188,2.513333549220608,-0.20651282550575495,-0.19597775447773094,-0.23993656503734118,-0.281080269897616,1.3955815317952596,-1.2389047998450387,-0.35621920491579256,-0.017612873387138267,1.3159182266265632,-0.31173617115729246,-0.24011892498706092,-0.24942500692242914,0.0,1.0,2023-04-20,-2.0008250880993006
0.4519230769230769,0.4,0.0,0.0,0.0,0.0,0.0,0.0,0.0,0.0,0.0,0.0,0.0,0.0,0.0,0.0,0.0,0.0,0.08333333333333333,0.0,0.0,0.18537008904835156,0.024711149465289906,0.17051226446918222,0.14459011507191816,0.20053027607609003,0.13573953936397212,0.3921684837575241,0.19280013641164725,0.1354104557790333,0.35184788405280826,0.22718471424344538,0.2479559306696288,0.23704569758435523,0.1973024209511131,0.14127679163737317,0.23621311701879816,0.22793940284195374,0.36092148099473936,0.40721960049129835,0.3889494885493066,0.373270297804121,0.23704569758435523,0.23622428399047085,0.2439373662457845,0.19804516122367977,0.20031865359190726,0.4636895869495502,0.11960497857773467,0.35931092912539575,0.1337656747077754,0.17264715628730265,0.2720560872442994,0.19631716648941822,0.3315335462924282,0.292822893464829,-0.936969223171801,-0.35342854082657077,1.1948929132023096,0.8075358296116961,0.254003652418934,-0.3209674792358381,-0.5782662798676109,1.1321689963797963,-0.3747295075380469,-0.7994841222100305,0.07130776019347936,0.5728773641969529,0.10113375185037601,0.11499863351581655,0.4059458090650996,0.29577685254731206,-0.40023647667201917,-0.5700447371504329,0.8080910540800734,1.2226781185962117,-0.1215606112688129,-0.19047350982537448,0.5262977467786786,0.0660325581400899,0.054445548805293835,-0.26087253841929564,-0.39948178587376526,-0.2656695413868506,-0.6384774256225133,-0.5274198492576984,-0.16574105263187766,-0.3548216916931049,1.415931534253414,-0.31318123042731444,-0.31168375722557295,0.0,1.0,2023-04-21,-3.4308522518338824
0.42307692307692313,0.3888888888888889,0.1,0.0,0.0,0.3333333333333333,0.0,0.0,0.0,0.0,0.0,0.0,0.0,0.0,0.0,0.0,0.0,0.0,0.16666666666666666,0.0,0.0,0.26266505106865023,0.02968581943475529,0.262348802467351,0.18349145533493555,0.20996527690485944,0.06857709963148104,0.3706232397615674,0.17607273479764884,0.13634681635274412,0.17613199985853528,0.22128791928291186,0.24360386080352864,0.23668260534121166,0.19945147157084692,0.14310837482890848,0.23269623011178958,0.22688307035494854,0.3442607437826061,0.3934091179315278,0.37559810552694817,0.43006109071432763,0.23668260534121166,0.236498457658111,0.24290447085819483,0.19281318988629081,0.1821815390769631,0.43711667013325906,0.12108842468807901,0.33179402197051655,0.07556539347083756,0.18643659639540977,0.3023340219581241,0.23577011998742195,0.3496417003363302,0.3260830353845823,-0.37414429437288227,0.6927340590930711,-0.1937190420048946,0.02522318926307202,-0.488428150305668,0.012737522566860022,-0.5841189746449519,-0.1736315756287425,0.9948571024045973,-0.1586484047278153,-0.47456072809514527,0.0037635111184910197,0.03455618716362955,-0.06240452927102676,0.008310173398584707,0.050292565275644276,0.09485844841212586,-0.5118777058836443,-0.19779838141356346,0.8027207441912972,1.8635384740304304,-0.18510146725790633,1.9782229106831373,-0.20505710978048322,-0.10906914427011716,-0.19588668703192827,-0.31914481924753824,-0.15262350732908422,-0.6309774139900358,-0.3580303843454748,0.6226328234217212,-0.5059957156547956,0.3025605651927655,-0.2586595735109881,-0.21717618535296995,0.0,0.0,2023-04-22,1.9818587979846256
0.4134615384615385,0.3111111111111111,0.1,0.0,0.0,0.0,0.0,0.0,0.0,0.0,0.0,0.0,0.0,0.0,0.0,0.0,0.0,0.0,0.0,0.0,0.0,0.14973710897655895,0.011404419094291964,0.1340658281528601,0.08405618021422795,0.2060188516281165,0.0655832240420065,0.3519347717316299,0.15464298889145647,0.12880882535276203,0.17432229066946858,0.2111208284001162,0.23834047544904674,0.2364935163899773,0.20151511474401068,0.14468079473047102,0.22906135926322874,0.22557941514405838,0.3284243578307393,0.3788793599785428,0.36706651811949925,0.4092272877151081,0.2364935163899773,0.2367293866882249,0.24226615483997788,0.18256346706715187,0.17148017331443965,0.42064523077986293,0.12108842468807901,0.3062426081838433,0.06457244056597088,0.17300465077932303,0.2927956244837612,0.22300828546681734,0.34921318792180145,0.3250414132023078,0.11242467736587036,-0.11481551437795488,0.04583224071899634,-0.09954120352073166,-0.45512048785986914,-0.5432173702367168,1.771071543928491,-0.04120130722850628,-0.12443219441824688,-0.012863789874661675,0.10834365963976693,-0.6054217010947827,0.13429376530435172,0.17479839754226373,0.10962687370126552,-0.24087835261619045,-0.028404000062646415,0.4085820300521572,-0.25527332081272114,0.22828430123725169,-0.061907557560238274,-0.11236860909896855,-0.4050397898074839,1.7048090344342468,-0.18166332491535603,-0.22459861977785803,-0.18035037283048602,-0.23600952737957226,0.2558573739533396,-0.031604098664776155,-0.07211206898808324,-0.6688131247501312,0.022177840340461556,-0.08087633029650688,0.10611311374141318,0.0,0.0,2023-04-23,-0.8128524647254443
0.2692307692307693,0.2555555555555556,0.0,0.0,0.0,0.0,0.0,0.0,0.0,0.0,0.0,0.0,0.0,0.0,0.0,0.0,0.0,0.0,0.08333333333333333,0.0,0.0,0.12151194317439942,0.014098835149295216,0.12010666152635215,0.1038078054441041,0.20486615906492656,0.1088507373404334,0.35207478316069873,0.12537939287686017,0.1315015391327313,0.28606508828167687,0.20642040695558178,0.23279087468486986,0.23588227415211038,0.2035203676143828,0.14602134359799124,0.2257932024474168,0.22427723291934204,0.3150346949960811,0.3643120539973694,0.36662114728172457,0.3770863112570122,0.23588227415211038,0.23728073410152944,0.24042505488462879,0.1823775147805552,0.149051375483158,0.44222365372462735,0.18905802094103955,0.2895363355459896,0.09655238440893328,0.15440619198480432,0.32720046200189795,0.2657428147071522,0.35942943109582026,0.3438199818416639,-0.9606813783009508,-0.5068820619834633,1.3453989807964815,0.294960135525493,-0.700423314574204,-0.8591321125837179,-0.5727887234175245,-0.11335959321868308,0.5281860861298092,-0.6626248501835891,1.7354381775399996,0.10885415262109494,-0.10085493586951105,0.13263589786696475,-0.08422254074830456,0.007789547091096465,-0.13894753411042166,1.5037357617384814,-0.31221319284496285,1.4715859330129433,-0.13912584784972756,-0.16909768743932474,0.13081284182574693,-0.23670566784531663,-0.20526614930118933,-0.2370028907952396,-0.3877037169633869,0.10933770757213598,-0.858579564510387,-0.35126714459042424,-0.09873365876425627,-0.12857796162544535,-0.3710467291732785,0.08432281456602923,-0.3161817093826819,0.0,1.0,2023-04-24,-0.2393679129772508
0.5384615384615385,0.5111111111111112,0.0,0.0,0.0,0.0,0.0,0.0,0.0,0.0,0.0,0.0,0.0,0.0,0.0,0.0,0.0,0.0,0.0,0.0,0.0,0.22801411080117218,0.033218008336784684,0.2471141952998249,0.19029911753598802,0.21851902952592261,0.1091154255931999,0.36243391854008755,0.07873444481783852,0.1322597375335238,0.2859259282025969,0.20664362528101093,0.2290211690201877,0.23600553375862698,0.2058360764068356,0.14754156415159458,0.22530783529707382,0.22419783408839228,0.31230194023808283,0.3520574575215381,0.3940530370405101,0.33796616123065715,0.23600553375862698,0.23725073272095015,0.24070384511393134,0.18705020640637243,0.17535100881613896,0.3969658165349691,0.08466143330173015,0.26324107309084327,0.14850694153278016,0.1730362568329611,0.31991751541635566,0.25957680233480135,0.3714726250541384,0.36643565667130074,0.25969064305972167,0.9784905192063416,-1.0068879503943298,-0.49208721998877436,0.7992368953140624,0.7940111182926267,0.6631666747089769,-0.6142897674384199,0.19352599819487026,-0.7348959614176113,-0.4678296628320377,1.0673512293110576,0.19886438215597307,-0.04643400616486248,-0.1435366440863446,0.914761008242096,-0.11851966141730033,-0.4156547850495713,-0.36955546747662554,0.2791381392362337,-0.0528671421318983,-0.10856688441354398,-0.5409918810314848,-0.14576122499825012,-0.19778599234453226,-0.2545329673535076,0.020773130324749797,0.07505841062473333,-0.08988611132358734,-0.05165762440164464,0.3846160482894116,1.0719242795851083,-0.14842985189360908,-0.23521072239552387,0.14194686335819925,0.0,1.0,2023-04-25,2.841955147295372
0.14423076923076925,0.14444444444444446,0.0,0.0,0.0,0.0,0.0,0.0,0.0,0.0,0.0,0.0,0.0,0.0,0.0,0.0,0.0,0.0,0.0,0.0,0.0,0.08227606156327907,0.008517882198429333,0.08284580662779303,0.043638489263282176,0.2205279495562782,0.23335181716849068,0.3392611180911608,0.06880468979651023,0.15231683605264676,0.5746998756886282,0.21079496672538617,0.22547312825832572,0.23636553717494746,0.20827986251210912,0.14902622313479674,0.22523262479687084,0.2242900472044536,0.31119615252685046,0.34201069089592867,0.42024091101151323,0.2893067394773634,0.23636553717494746,0.2371477679957647,0.24153557994683167,0.22015725572496925,0.3100171318733549,0.3133359091174749,0.22968775049301413,0.2538026609861493,0.2319748981681367,0.2065012152394201,0.392211254244584,0.35468219999307127,0.37460587851326954,0.3722628264367622,3.9700596306124023,-2.379091250256088,-1.535768808536034,2.240033994049012,5.043287169011356,3.5225947539492983,-0.5523618401850827,-0.7211662693465137,-2.5063055481822087,-0.8578664907747988,-0.7564406921132601,0.4549056737882002,0.337052371949028,0.08639578923914427,0.07753483717273213,0.6369988904991821,-0.4016607450288337,-0.5684932144532912,-0.4564068699204593,0.644253915396071,0.017204237580999072,-0.19701701776074823,-0.18264825214187436,-0.11436949060535834,-0.2121114507382719,-0.1378874023670486,-0.3717743386215501,-0.3153845308655744,0.7716828075723366,-0.6172265661068277,0.16329197753350463,-0.5084208672253828,-0.11317015417958759,-0.32025971448765334,-0.18434861183096948,0.0,1.0,2023-04-26,0.4066170397882152
0.25,0.16666666666666669,0.0,0.0,0.0,0.0,0.0,0.0,0.0,0.0,0.0,0.0,0.0,0.0,0.0,0.0,0.0,0.0,0.0,0.0,0.0,0.07724630239035517,0.008409223690074439,0.0905675228503044,0.07391486153895126,0.23887272019167805,0.19199387660711206,0.3658976062826961,0.06202555301682381,0.1704539186136648,0.44529651911518914,0.21679589815805428,0.22552700944148923,0.2378375851133614,0.2113353998253707,0.15072769375649464,0.22823251742063583,0.22588882443892028,0.3208526084100884,0.3360960923789139,0.46925406193163666,0.39340799382584624,0.2378375851133614,0.2376815991352747,0.24384882123764856,0.22795912883494396,0.26611709078851686,0.276647392604343,0.2296877504930142,0.24503842117464775,0.408907179268701,0.23502767987413398,0.46184423778459666,0.45406559474520514,0.40989454767248595,0.4383007439644738,-0.052984100937668796,0.3494271749063917,-0.1951832942898126,-0.9577128599993479,-0.4236654907730112,-0.3426999704127167,0.010573971061902237,-0.5777897819886628,1.3664710114795724,-0.32424624915563083,-0.5854181759733951,0.22308199393087935,0.13196103178887647,0.22454928867323876,0.17567514571610873,0.2947150561083081,-0.36666673547165063,-0.5146309112499867,0.9624574861505119,-0.3057609523981102,-0.14525700738119982,-0.19713778811559676,-0.17509017428152762,-0.22780689996439635,-0.15464916275267468,-0.2815386013856457,-0.14179712156450225,-0.3417563357125401,0.9781572214329638,-0.6960703891254219,-0.2252133423245418,-0.22843338493887144,-0.2933701276948508,-0.3427341897505912,-0.2009601270887868,0.0,1.0,2023-04-27,3.698050833184285
0.14423076923076925,0.11111111111111112,0.0,0.0,0.0,0.0,0.0,0.0,0.0,0.0,0.0,0.0,0.0,0.0,0.0,0.0,0.0,0.0,0.0,0.0,0.0,0.044685514409087156,0.004385709358962044,0.06861998618540471,0.036953813520697175,0.2365422802365551,0.10745339758580749,0.33549097659980676,0.05097390617253428,0.1795506556789965,0.23587790746876358,0.22313229395590423,0.22354497203149742,0.23916179284743722,0.2148721879474234,0.15249859919396047,0.23038171027248916,0.22717691864048123,0.3268391525690337,0.33268045793977924,0.49889518501139396,0.35732283883353655,0.23916179284743722,0.237867248711443,0.2462652935470549,0.2194575574724043,0.24822060643155003,0.26169079015860286,0.2296877504930142,0.23690019849253924,0.5262515476790276,0.2165960754631162,0.49758747381312485,0.5098297909359079,0.4094405583423113,0.4377855448249265,-0.6417494554277188,0.6624885366428811,0.07356029069256975,-0.7273448731819203,-0.36508650872843035,-0.5599630688325754,3.006012731629687,-0.48161064620633387,-0.35025057807204546,-0.43028081029782356,0.7661842127553105,0.20330031934204476,-0.10844193444455756,0.450045858868865,0.7612624874302613,0.025158134581419484,-0.23039894267001243,-0.1509415103835359,-0.12663303883367838,-0.7599933883415649,-0.12207149869336098,-0.18502212508017832,2.703097683452354,-0.2064489743338333,-0.1936500102894417,-0.19210822217894036,0.050900229164647016,-0.30946969193556895,-0.4645359415084169,-0.7117568077971039,-0.25565475885423145,0.9456410666652922,-0.1607603950394985,-0.18264443526716578,0.005409581222268369,0.0,1.0,2023-04-28,-0.453030993708059
0.4711538461538462,0.37777777777777777,0.0,0.0,0.0,0.3333333333333333,0.0,0.0,0.0,0.0,0.0,0.0,0.0,0.0,0.0,0.0,0.0,0.0,0.0,0.0,0.0,0.0978158092925885,0.014883066122639236,0.12295150434517212,0.08721765564659768,0.23494054378352636,0.04690657127312351,0.33229601137396947,0.05426394580690078,0.17786662947647816,0.09561000089651527,0.22937547218461657,0.22434320879870345,0.2400323553773901,0.21844207132036336,0.15416924858859904,0.23193277196085177,0.22823745946528867,0.3303048421803818,0.33070982588719033,0.5160348846050271,0.3446623603702236,0.2400323553773901,0.23810525618194317,0.24772184264094216,0.2062456566309942,0.2380453256355714,0.25318701776377595,0.22968775049301413,0.22934327743058125,0.6267786338080508,0.20539428280252503,0.47053626676465493,0.46788498547162094,0.406054164387995,0.43137068686881963,1.0307247060177414,-0.2557040115539178,-0.6655394268427147,0.4371015094887956,0.42653887322648565,2.018235089896258,0.5862767265487325,-0.3191610354493476,-0.3508510531250493,-0.5886913492948234,-0.4763686271055862,0.2504045949232266,-0.08222367738806091,0.2788333648521917,0.5473107543101496,0.24125401229926016,-0.3101997633796043,1.575175810925534,-0.2961467336915764,0.45501718842665567,-0.02625771387454505,-0.17334394334172146,-0.11908760390361563,-0.17910787302744263,-0.19669495964824762,-0.2487673245821627,0.6330614533465881,-0.32837698968708057,-0.4623620824321079,0.02433496775683885,0.30596448503164564,-0.048179038595910495,-0.30541826676333167,-0.3111817250705009,1.2811452082057355,0.0,0.0,2023-04-29,-0.3127901120300924
0.2884615384615385,0.23333333333333334,0.2,0.0,0.0,0.0,0.0,0.0,0.0,0.0,0.0,0.0,0.0,0.0,0.0,0.0,0.0,0.0,0.0,0.0,0.0,0.139305516490638,0.016423182371495565,0.14218913144748044,0.16367182582802442,0.23529516335279632,0.08200704251102761,0.32725215955735043,0.05318473305065743,0.17271198005663987,0.18153307805353824,0.23285805028055756,0.22626062247379203,0.23966701384423883,0.2218445762891303,0.15551864287202855,0.23330442938350665,0.22924869688048316,0.33289071384325003,0.32970178207629974,0.5274524943257374,0.35740795792155,0.23966701384423883,0.23760453857766944,0.2475671916135594,0.20301139577205757,0.27796908600707915,0.23390503507755625,0.3199483511594356,0.23164843754439918,0.6395939421565595,0.22078737358485023,0.48107819158206744,0.48409458792080345,0.3951858750395677,0.41027119037800863,-0.24592025192439332,0.30798059245156334,0.014038228639893917,-0.1753851229592651,-0.4905273024845041,-0.12769502775826638,-0.09931574297166675,-0.27042015096047317,1.1206872002826702,-0.37337076356720234,-0.580205066477918,1.2062138615995481,0.41803590786094624,-0.2186758821400277,-0.6008913377205358,1.0706774265976422,0.14678292582392963,-0.251734676164457,0.43059273555775024,0.057021033432953776,0.4793389985041599,-0.09425831643076034,-0.062346391417888385,-0.10191966765206664,-0.1323533005686438,-0.1464899292374094,-0.1527934715128413,0.032992227194094385,-0.33486270432128473,-0.437938478651166,0.3255049248969623,0.15507039470199419,1.075901598044238,-0.015357372468356991,0.1080633950862877,0.0,0.0,2023-04-30,0.0694680667924441
0.20192307692307693,0.18888888888888888,0.0,0.0,0.0,0.0,0.0,0.0,0.0,0.0,0.0,0.0,0.0,0.0,0.0,0.0,0.0,0.0,0.0,0.0,0.0,0.07289667213595992,0.0071856344003388885,0.09967873034231282,0.07139436259012376,0.21474863572622577,0.11722924177663957,0.3664727853691979,0.04114101783536238,0.17108030940701804,0.26654686113524784,0.23165831546907983,0.22778781130930476,0.237628598025172,0.22417989676861788,0.15660637476063344,0.23103384222311357,0.22848999401307485,0.3226349315159441,0.326640780072202,0.5031016094846587,0.28735859369228833,0.237628598025172,0.2356118761560156,0.24579177681875325,0.21548071146699938,0.2300864461023986,0.41485811692464536,0.013789352459727072,0.2021682101844861,0.5172280592062942,0.2011884493074496,0.43354361371106936,0.414383659287967,0.32081712960781716,0.276484591248796,-0.6911369051133034,1.776467718392602,-0.818830746093134,-0.6318548194792938,-0.18379118161251862,-0.6885026271010234,1.9465585886520964,-0.27018723472965317,0.3437935888996849,-0.6775400231982714,-0.09447249057606072,0.2998797744548409,0.38142749812669896,-0.24473704812996838,-0.8519133496759186,0.2923458489250647,2.2377872168174657,-0.5729615361751268,-0.0017828452177697377,-0.4736659720835564,-0.11122920824915755,0.29569487464196426,-0.08373798330355042,-0.20982454165332803,-0.20380155181024387,-0.2394541754044369,0.20961771819925462,0.937109367606527,0.34944300081236906,0.5851796063052219,-0.21941691923987164,-0.4802835009872622,-0.37152668997080296,-0.3030137099098164,-0.02030210055890779,0.0,1.0,2023-05-01,-4.022160164248023
0.34615384615384615,0.3111111111111111,0.0,0.0,0.3333333333333333,0.0,0.0,0.0,0.0,0.0,0.3333333333333333,0.0,0.0,0.0,0.0,0.0,0.0,0.0,0.0,0.0,0.0,0.10591382846472845,0.01178708601502007,0.11791399611263714,0.0841155030941946,0.22502800132773548,0.09767398779238551,0.37466673935985806,0.04282875302475978,0.1686099640953794,0.22209859564449952,0.22878427338300683,0.22940569305776676,0.23624157919267286,0.22594607819551432,0.15782637530169696,0.23082920533026768,0.22863551164304635,0.32031421812722993,0.3236818073720603,0.50431181621915,0.38724131626705727,0.23624157919267286,0.2334523975469383,0.24549911679976516,0.21385995667741647,0.20529191625057513,0.3830291420692252,0.01378935245972703,0.1747937133502811,0.4661324317150654,0.21845230808847238,0.4252751031809252,0.401564771245166,0.3210223409283625,0.27842327860357263,0.12007618960870439,0.25481523011822665,-0.2719972626241806,-0.38799622842121306,-0.09076472947421076,0.9061736715555423,-0.5285125808182056,-0.41826919896381065,0.5231469247317113,-0.10325051914792019,-0.32955297884631085,0.10895971805439256,0.10568355730037826,0.28229515041867786,0.43171101177916865,0.1923216134469148,0.223579244902731,-0.4277032487770868,-0.04075169554070411,0.21743557901862406,0.009324126366011504,-0.1385573981064497,0.8715199051546257,-0.1769002197893737,-0.17067005962323534,-0.16262669110237715,0.48457497021241447,-0.09620878174339786,-0.9877563369914235,0.7739902052650436,0.014173493847580425,0.7107747274524064,0.7967425829118878,-0.17954781456734137,0.8523836998060091,0.0,1.0,2023-05-02,2.0966033026897257
0.22115384615384617,0.16666666666666669,0.1,0.0,0.0,0.0,0.0,0.0,0.0,0.0,0.0,0.0,0.0,0.0,0.0,0.0,0.0,0.0,0.0,0.0,0.0,0.045787974509726576,0.006253375893873707,0.08357026970587762,0.05035499679511758,0.23071374304227832,0.12134121807447848,0.37162668768057827,0.04635363369766498,0.1704304355192847,0.2769636513883894,0.2275743202332739,0.23205816235731408,0.2349170947086292,0.22762449449509886,0.15906925158752483,0.23160555613572137,0.22923930873786874,0.32157253929288526,0.3215912506562023,0.5146124144960246,0.3374799945994671,0.2349170947086292,0.23049203559503056,0.2462428758912229,0.21471969879317954,0.22489819979653836,0.34955424894663556,0.05601488646295339,0.15373567800760124,0.4715405967510002,0.2385422376978794,0.434287047754734,0.4143177535004925,0.33358339100539236,0.3000185262512367,-0.8479107308353332,0.0612512128146477,0.7656017781378952,0.7961697960574488,-0.5794760682815726,-0.7432253057621807,-0.3233830018975348,-0.09061911060301141,0.3012412486026348,-0.9296791490190038,2.014933989771734,1.1519979466027803,0.3194035321642559,-0.1303970996227844,-0.17488713707860779,0.8630340395025462,0.9439898318003598,0.26641909256254787,-0.15908369169222847,0.7431015330142273,-0.021498650313373346,-0.17493958794771877,-0.22152234728551787,-0.20523544574390934,-0.1892545693850146,0.1911161325799285,-0.33231785373380884,0.14973986521720664,-0.22071617503844135,-0.007994493607526049,0.7224581197720562,-0.264789454863116,-0.18262536570490992,-0.20716121594662518,-0.23297865945152083,0.0,1.0,2023-05-03,1.135862564681589
0.31730769230769235,0.24444444444444446,0.0,0.0,0.0,0.0,0.0,0.0,0.0,0.0,0.0,0.0,0.0,0.0,0.0,0.0,0.0,0.0,0.0,0.0,0.0,0.15189545847140196,0.008593470725980564,0.12877291054246381,0.08080933771068666,0.22794571283331344,0.08989432955368104,0.36918220132840485,0.04838184089738462,0.16251364201177745,0.20843322390138508,0.22612225473931608,0.23453712882820094,0.23335940101336516,0.22938624218947706,0.16034065508927142,0.23180021401307543,0.2295700250018487,0.32071733731679924,0.3197308030371802,0.5173418223020264,0.4358144540760357,0.23335940101336516,0.22675311729911068,0.24741070348961874,0.20746833359333589,0.21927610095315486,0.3301550917042768,0.07515285179536535,0.1361583965994576,0.5813099855767958,0.22220733701381823,0.38253925921618426,0.3419188667943368,0.3211166287828421,0.27901901615647434,-0.8240417045922744,-1.2919952938807806,1.8823140656896304,1.6214181003461117,-0.7266344026941218,-1.0406527028601062,-0.7842907415443725,2.673085270476614,-1.734448742427249,0.47442626614155153,0.6765208724805325,0.4387261288283779,-0.1588300143375623,0.3608155800376477,0.5143473887415124,0.1715747176294343,-0.13573779645594844,-0.34326144341920706,3.817223865306616,0.11309386111495973,-0.06587499641532817,0.6574694074174047,-0.4664761321304405,-0.175816515029566,-0.20229540389866468,-0.15957080417496644,-0.2535262262851747,-0.1636605707449732,-0.6831087038859404,2.3962214101950594,0.7615726320661652,-0.25899988291658604,0.15555443715467918,-0.2213290103845869,-0.16880955415625232,0.0,1.0,2023-05-04,-0.5467695268338013
0.25,0.2,0.0,0.0,0.0,0.0,0.0,0.0,0.0,0.0,0.0,0.0,0.0,0.0,0.0,0.0,0.0,0.0,0.0,0.0,0.0,0.034202067469034474,0.0034392780035810066,0.03999325333718857,0.04060434098791405,0.23993034075845399,0.11090313514659036,0.38017156423670007,0.052865855709825,0.16918865815640563,0.2532301794082585,0.2270844768740659,0.23683690997543744,0.23261372701423655,0.23115186882270017,0.16165407881425564,0.23396632836971326,0.2308649436498284,0.32677267269556076,0.3195736119473681,0.5375447683409876,0.5476330848643944,0.23261372701423655,0.2243997580402038,0.24861167943413914,0.20386806191494283,0.23746889873492844,0.3067372205170693,0.13948927275354728,0.12648143361403447,0.7100550620804771,0.24105086975653833,0.41762570326704923,0.3901988365185103,0.3389865911153968,0.3099782389874237,-1.2922188493200155,0.7408967092212599,0.59544548689918,-0.7906830731195769,0.2529291100371151,-0.5744474452371121,0.14982384561216294,0.6777824826839308,0.05888988639190074,-0.6649748626328441,-0.4708109773715327,0.5878447834300786,-0.004731382635924342,-0.022108338120364387,-0.1948652667289858,0.36865179927667846,-0.10536998625137385,-0.10117833847815358,0.270929386013298,-0.28814164649262264,-0.08763281306754535,0.24773845593480223,-0.39961019264968506,-0.2043469896699788,-0.18158588996167427,-0.2473099415602476,-0.3378074001569093,0.34677261619656047,-0.007267238165830332,-0.3399687940441782,-0.1989986932076924,1.1015467968253951,-0.1966134541501103,-0.24989579713667764,-0.23830826066268318,0.0,1.0,2023-05-05,2.3803407820215394
0.42307692307692313,0.35555555555555557,0.0,0.0,0.0,0.0,0.0,0.0,0.0,0.0,0.0,0.0,0.0,0.0,0.0,0.25,0.0,0.0,0.0,0.0,0.0,0.1571892821512668,0.014456305894172912,0.15571619038439913,0.102091782623605,0.22893900896221453,0.09310728086704778,0.3906848277205268,0.057495526375815335,0.1725941976664341,0.2079334879990118,0.23003027377309399,0.23774033880517992,0.2312721490405637,0.23173522167381216,0.16285600991971028,0.233963668567212,0.23115718679810043,0.32484695925171025,0.3190245222926689,0.5328963167288089,0.5745557927229584,0.2312721490405637,0.2206998623007868,0.25016394681213877,0.21059211286271867,0.20135444086889176,0.3289626663930949,0.047123217229675524,0.10795592544798072,0.6976336341176299,0.2243323150550236,0.3946116655813432,0.35835722775663065,0.32521102505962934,0.2858876410970924,1.4685414652936486,-1.324850343657076,-0.16188811374993292,2.033718089997985,-0.12806632272880378,0.3170167197076041,-0.6991924390036298,0.37058069665112997,-2.1559771325882404,3.0672643258816863,1.1209605485898788,0.6062811583414224,-0.02859796648542206,0.8381531595560298,1.6017629325981948,0.4760820617538058,-0.24416395307332966,1.5438005237746937,-0.2907397963721904,1.5335559090263349,0.8589010574120524,-0.1466268331997241,-0.45254165802900703,-0.20770617886861917,-0.10473952466328365,-0.18628891879199572,-0.05576435341544684,0.1912090211115585,-1.1627175555496647,0.18068041331586107,0.3435190280270845,0.04865448852937789,-0.07450649780649467,-0.1425266215053828,0.0839308285968954,0.0,0.0,2023-05-06,-2.1323001096775096
0.7596153846153847,0.7222222222222222,0.1,0.0,0.0,0.0,0.0,0.5,0.0,0.0,0.0,0.0,0.0,0.0,0.0,0.0,0.0,0.0,0.0,0.0,0.0,0.3177228079604697,0.030709414078678207,0.3787094597850706,0.22854356542083795,0.22109129118866844,0.0525260846292683,0.39596475192505787,0.06468109579646092,0.16527910855328873,0.11598679457955773,0.2292130473106762,0.235830441987188,0.23033061593158954,0.23232188635844703,0.1639564955987297,0.2326508680986506,0.23078036649035366,0.3185135595870617,0.31719295565239725,0.5176843901097762,0.4889525303747211,0.23033061593158954,0.21930731509531637,0.24988173346772075,0.20472293614463677,0.18363687978087578,0.3130280470515202,0.04037513405400265,0.09005671190939007,0.6496592893172654,0.21245950417319448,0.3745076148934787,0.3305438458283714,0.3119135874207787,0.26288264679828593,0.47353074178088367,0.3218396791376217,-0.6477964438499427,0.11654873664969427,0.7119021042288397,0.5400215556514046,0.5229520633661577,-0.48117236351854914,-0.34892549601954315,-0.3925570190278725,0.43312085891624347,0.1692662478050356,0.0050558486533560975,0.39122212265714507,0.44411239892429555,0.017961064078140986,-0.045969437980458494,-0.026640527363635192,-0.21588811424556517,0.27855618784751685,-0.06252744927970015,-0.07898223121784215,-0.4994837256127046,0.23403664182664108,0.12011118968238432,-0.1928256688341291,-0.08087308391975409,0.04862723371271091,0.24215893418099954,0.6399066606558589,-0.04631242582232168,-0.27870434937500455,-0.2103779835495924,-0.11081698529640413,-0.17102195523414607,0.0,0.0,2023-05-07,-1.5556145829018653
0.5865384615384616,0.5111111111111112,0.2,0.0,0.3333333333333333,0.0,0.0,0.0,0.0,0.0,1.0,0.0,0.0,0.0,0.0,0.0,0.0,0.14285714285714285,0.0,0.0,0.0,0.14580968702642105,0.038159608325446404,0.22009702343662152,0.11096272352788827,0.20781458404084113,0.12134061306640315,0.41160865147008885,0.06961523098878472,0.16488097564184565,0.28245394720136313,0.2244593829457598,0.2327448105937187,0.22775985204671823,0.2321862012161559,0.164911020920945,0.22932285898624677,0.22933616581829713,0.3056501531930702,0.31289989164139304,0.48848767328931,0.4383883347170425,0.22775985204671823,0.21419472980134774,0.25060387184114247,0.2114236279725315,0.1526457122681531,0.4494392806812677,0.19017604651664452,0.08890776099404823,0.4110558176152775,0.19236964680695468,0.39232605289326855,0.35422183036144506,0.3151777736130582,0.26586264310015095,1.8253176987009652,-0.7326336249129207,-0.9824545404614876,0.7051702108689273,0.04298510645440209,0.25265618929850564,-0.22899410555805333,-0.5846754033683084,1.0361091361166068,-0.7870379740817315,-0.2605063390948089,0.41529810982439935,0.0069931326387319285,0.09999962738309769,0.29040661841534,0.5073226905417542,-0.26287834167663504,0.06059612802031644,-0.21512772674427216,1.033485638631634,-0.08725693302922193,-0.13667096943203239,-0.43902676592055656,-0.2076118681953434,-0.16570561063138856,-0.19039596392016284,-0.33770528887813345,-0.08542187004824514,-0.5832233865983453,4.94376995540954,0.0449265150725604,-0.6054575173840997,-0.24002711159435788,0.01578937694913847,-0.19052759806532274,0.0,1.0,2023-05-08,-2.6733637409259936
0.5576923076923077,0.5222222222222223,0.0,0.0,0.0,0.0,0.0,0.0,0.25,0.0,0.3333333333333333,0.0,0.0,0.0,0.0,0.0,0.0,0.0,0.0,0.0,0.0,0.2644813086196479,0.0432807310670423,0.421086533982298,0.21889129878040842,0.20719503096274033,0.07740032017773774,0.4073825954825212,0.06423652379673525,0.15325516015757176,0.18518104025214827,0.22015172357059803,0.22976467515910298,0.2266530026230158,0.23214347056113932,0.16570609487800114,0.2264033874118368,0.22794783149491943,0.2951585090456742,0.3071590230918665,0.47131473635050586,0.44567772566186814,0.2266530026230158,0.21397114483745294,0.24866197101498405,0.20033804717975334,0.1430068192478744,0.432736003261627,0.1901760465166446,0.0878408780012308,0.2334334240541282,0.17752663828796988,0.36561264128630633,0.3169907078524167,0.2857537392027028,0.21802155244668633,0.14370353242582085,-0.22334552823078413,0.10885518408818565,-0.08808423145304851,-0.06611870149157544,-0.007675112418425055,0.46050384827871005,-0.23956977024345857,0.29270961933079703,-0.16166243147561996,-0.15504566561971542,-0.1926421253752667,0.04415817379440535,0.32911017677569043,0.822363728017413,0.00785148394585392,-0.28086631621864505,-0.10894330489478314,-0.06546358496912907,0.14100796783639843,-0.04770823745535356,-0.1615092485015616,-0.3170533092692963,-0.12502732619136078,-0.19907039475745433,-0.21852940699410592,-0.1830033036487665,-0.3239637396858425,0.005361840600383247,-0.034539703480880875,0.22431515968840726,0.7702766357374494,0.06145711608774739,-0.2675422521656859,-0.1881392804804603,0.0,1.0,2023-05-09,-0.128178292725789
0.5576923076923077,0.4222222222222222,0.1,0.0,0.0,0.0,0.0,0.0,0.0,0.0,0.0,0.0,0.0,0.0,0.0,0.0,0.16666666666666666,0.0,0.0,0.0,0.0,0.15254781699506387,0.018575880645715,0.16613817807977124,0.11095404213081997,0.20654892317499224,0.13482912121329507,0.35910646490297926,0.04670112234386754,0.152493312266306,0.3288837456422898,0.21322203435332437,0.22667705196326599,0.22605937022706712,0.23192518579767923,0.16668486283659623,0.2238251668742846,0.22660903457934772,0.2866292440882192,0.30069130806235644,0.46269334552540964,0.37004918457992864,0.22605937022706712,0.21422975620955081,0.24718928540504842,0.20899013993525162,0.17567813432476886,0.3822216276651055,0.06499005799181035,0.07392073370599272,0.15030301823323922,0.15582613705094306,0.35009318408506396,0.29600808367672354,0.331552915728296,0.2936448493015121,-0.5487520466344653,0.723344468323714,-0.06167155236639484,-0.11241144296935174,0.3900523645123384,-0.2058962974936439,-0.4955340348017852,-0.03643443492737767,0.3453689870873224,-0.5894278679356666,0.12450167681912823,-0.0746696291617704,0.0792589550550151,0.2503325099276471,0.3011032700307285,-0.16023475864149966,0.09850476688901838,0.29543976956690565,1.674629413132568,0.9044893027963881,-0.11245618477366819,-0.17007243064768193,0.0827795911955838,-0.22629468607777828,-0.19100064415641785,-0.2295083872475911,-0.4080428274032618,0.3213508280936204,-0.492560048554647,0.8363726812516985,-0.03723295226382303,-0.5979244114086247,-0.22207243563195422,-0.2815372511845592,-0.3203316028906067,0.0,1.0,2023-05-10,-0.1338437104577927
0.3076923076923077,0.24444444444444446,0.1,0.0,0.0,0.6666666666666666,0.0,0.0,0.0,0.0,0.0,0.0,0.0,0.0,0.0,0.0,0.5,0.0,0.0,0.0,0.0,0.0949543527206324,0.020922274521784457,0.13371403787769265,0.09303563858186485,0.19571109055403135,0.10023791618705372,0.3563944887149916,0.05015642862080454,0.1480011016803254,0.2469304091537664,0.20632421021718833,0.22463223616468225,0.22579678465683617,0.23180437466607512,0.16747528960203528,0.2198337038442258,0.22447531547895766,0.27382335545854214,0.29270196968503753,0.44464481680398205,0.30787358161439604,0.22579678465683617,0.2148264587971837,0.24598844527300773,0.20560004404843574,0.15649450335572335,0.37121551022070165,0.08672724383001083,0.06323994684238654,0.11265118876344928,0.13825612317040625,0.3303139784816868,0.2677757615279606,0.33023433992743384,0.2898690835888723,-0.5683941477820283,-1.693330092528924,1.9888643476448058,1.67033224247704,0.35716606504130083,-0.8335626409782086,-0.40487647648612074,2.247647146901506,-1.4770678092049039,-0.6924580868681557,0.4043390606561363,0.8173410183966625,-0.4209788881832179,0.7981259938275551,1.414375939350958,0.13643849188898102,-0.5687554041301282,4.873352844584243,-0.4729202740304007,-0.8769620550399368,-0.17736726507110348,-0.04888168112838538,-0.594253450875343,-0.23307105746554424,-0.20781551767328962,-0.24940507329347913,-0.3954393754912199,-0.34106427634948394,-1.1463152181154248,-0.7103512880209046,-0.32405167764934134,1.38380322314501,-0.38519855805110725,0.575858878767391,-0.3329760965018208,0.0,1.0,2023-05-11,-2.2481076150133283
0.5384615384615385,0.48888888888888893,0.1,0.0,0.0,0.0,0.0,0.0,0.0,0.0,0.0,0.0,0.0,0.0,0.0,0.0,0.0,0.0,0.0,0.0,0.0,0.11687883371222718,0.0314054584365458,0.14866432139816554,0.22859854760227047,0.19229378235449773,0.12301837108139851,0.35665301206298017,0.05434272834127323,0.15488984743436637,0.29688533942537165,0.20034610021171745,0.2211162656177787,0.22483390836745043,0.23120199723967988,0.16810599674133997,0.2158856298545922,0.2222177308201551,0.2621167483675366,0.283736991798188,0.4330724012420892,0.16838676229771296,0.22483390836745043,0.21638122670638915,0.24230647639573083,0.20888237760938133,0.13152350366316634,0.47378201073319315,0.2584556328395897,0.07105853572430171,0.14753875248909099,0.11796592706884512,0.2925636042163689,0.21857224149416724,0.35326355217771205,0.3316883911117706,-0.6398643728976378,0.279743927874963,0.393802324716226,-0.5523494817957455,-0.5674930110467559,-0.616700478065895,-0.4186938737850101,0.22850214885011602,0.8192638050113946,-0.11621536880711794,-0.40805515189580494,-0.4356631817065627,-0.01578781273184459,0.2443049852149671,0.32983977374773493,-0.44627674369680803,-0.33691000520691466,2.810896784675348,-0.3615392206997679,-0.027497975065562515,-0.13882017611371758,-0.15836375606166578,-0.28560995076839085,-0.22655483860232917,-0.14101624225531442,-0.21267065461964216,-0.3224692017198676,-0.26266780205951434,-0.5278746320768749,0.26641917028527373,-0.15720769644987748,-0.4587403413782838,0.6943300017335065,-0.2229451268486294,-0.23800421439370997,0.0,1.0,2023-05-12,-0.7251596524522896
0.3076923076923077,0.2888888888888889,0.0,0.0,0.0,0.0,0.0,0.0,0.0,0.0,0.0,0.0,0.0,0.0,0.0,0.0,0.0,0.0,0.08333333333333333,0.0,0.0,0.1440538853792926,0.03207630661856297,0.19878881339051932,0.1433197373009247,0.1919287999717068,0.04106937981048183,0.35325421151170167,0.05867161200530956,0.15178797938706176,0.09564442813823311,0.19704835090863337,0.21695038899762936,0.2240661760957111,0.23092258898739798,0.16878398537725492,0.21248400068917211,0.22009726458007867,0.2531751891250539,0.2745993531053775,0.43102440853749513,0.17538091995804608,0.2240661760957111,0.21760522212388345,0.23938857559466925,0.19557122563723617,0.12498390510202895,0.4610115700143953,0.25845563283958983,0.07831865397179438,0.1410265497565012,0.10746114526738904,0.31860894450245647,0.2515882796890626,0.336541330711654,0.3006959756754406,-0.17892151520125663,1.1061319036333606,-0.7178740396461095,-0.3954477212442787,0.023625105408382318,-0.5202143365180405,-0.4523257585702031,-0.28533976515563675,0.9250491869387093,-0.8429295036187805,0.2636669836176312,0.6119604465391667,0.22627666400675053,0.07866681987685568,-0.20911607409347419,0.5424328713825106,-0.0707591020838955,-0.4144197298528926,-0.34129031571356283,-0.5183904438456503,-0.12317894794587592,-0.14222694998483373,-0.551547595779256,-0.2020232571236318,-0.19190241025153684,-0.22490795876045536,0.853961311682797,-0.10320813811860408,0.6415365015876573,-0.23695662461736144,-0.24078671141096786,0.5433093251602862,-0.2951177897221367,-0.2207614355032222,0.2899761721088036,0.0,0.0,2023-05-13,-0.0780157321161101
0.25961538461538464,0.2,0.1,0.0,0.0,0.0,0.0,0.0,0.0,0.0,0.0,0.0,0.0,0.0,0.0,0.0,0.0,0.0,0.0,0.0,0.0,0.16263436846865809,0.01841368026367798,0.26982956644659695,0.12376923110313066,0.19448674458945664,0.041207398247653536,0.3542459811698966,0.06179388418986697,0.14322870528206202,0.10089822451861948,0.19441022223028148,0.2133565733953277,0.223500627320668,0.23070036141841482,0.16949658967378378,0.21003286964525697,0.2183448935317041,0.24819720220302888,0.26619491268307316,0.4397211402633775,0.20342089606074884,0.223500627320668,0.21834947999983573,0.2374184048146205,0.18645387778038192,0.1310476722794578,0.44121100556180604,0.22416022901994007,0.08151809226547646,0.21172751495296677,0.11798240765717005,0.3441133776185413,0.2858914283594566,0.34764007563037624,0.32131051664333243,-0.6502238787445503,-0.42678949585584847,0.9974647834485362,-0.053870622503532195,-0.6548430168558507,-0.1778333059909016,-0.30348816884679425,1.3856226072387776,-0.5636604933779836,0.060650058375673485,-0.11457553022559165,-0.6115714950735074,0.014615419436075335,0.2374002996483367,0.2143539029652058,-0.4475128969746088,-0.3494932504137168,-0.3733393792110397,-0.3836921216876891,0.25972367451044465,0.8249224377640507,-0.07351275247462158,-0.3737131808016668,-0.23617687327661047,-0.22211143611247403,-0.2777693679010632,-0.09798193940359864,0.28062518299941014,0.30244861666793327,-0.671597677500966,4.799487240827119,-0.27470800227159553,-0.3350075004452789,-0.33305137114893185,-0.16850514307597297,0.0,0.0,2023-05-14,0.5471927993601522
0.028846153846153848,0.022222222222222223,0.0,0.0,0.0,0.0,0.0,0.0,0.0,0.0,0.0,0.0,0.0,0.0,0.0,0.0,0.0,0.0,0.0,0.0,0.0,0.005972355186299414,0.0005149468439427606,0.006187653607055081,0.007152024284761399,0.19906042687803627,0.07990458991612465,0.35836403376022274,0.06353715575228466,0.1395325017422979,0.20280427200558715,0.19285567614448795,0.20896675081927935,0.22244037590498655,0.23038453838694234,0.17028688130925318,0.20872262955292303,0.2170996443538425,0.24755045492291256,0.2593291834737147,0.4579723543767956,0.23699908306088166,0.22244037590498655,0.21850271517773717,0.23513972975128433,0.18543909358784988,0.17922096863969522,0.40680684515315413,0.08996373418148959,0.07062890833570529,0.2495911934968711,0.13312444751905828,0.3878649473271382,0.3473441857232946,0.3574112871112284,0.3398326724112694,-1.8559692154172844,-3.143861767787721,4.372577557399312,2.844590014408602,-0.7788854414322864,-1.1423760563454832,-0.8692199810555217,4.866056203628103,-1.8525593501072397,-1.0345132631761376,-1.1373745279004697,0.7666156398183118,0.2550264022259988,0.4911014455736802,0.8657810280075326,0.39569896841477686,-0.4649980041970671,0.4264060064239656,-0.3763086894421164,-0.758040780312554,-0.1872704129956311,-0.17664569415411657,-0.6474357401195293,-0.24070428191721746,-0.21853936086545087,-0.241037331159595,-0.4551654488917195,-0.3842692318013329,1.1960742969100213,1.5746228561182576,-0.30475800909350775,-0.5597760931593446,-0.3970387418585561,-0.34292662009801933,-0.3891314227494769,0.0,1.0,2023-05-15,0.9730726801279844
0.375,0.33333333333333337,0.5,0.0,0.0,0.0,0.0,0.0,0.0,0.0,0.3333333333333333,0.0,0.0,0.0,0.0,0.0,0.0,0.0,0.0,0.0,0.0,0.1582097827236933,0.022476563619556644,0.19807077570558848,0.14134471946788824,0.19633698403777317,0.06511509619754483,0.3581614359248805,0.06283553225579265,0.11824460808374262,0.18183411587690046,0.1929856061366641,0.20546497918704737,0.2211222696718813,0.2303438653162287,0.17112223399206916,0.20715915649937805,0.2157219590748754,0.2460720955796333,0.2535116068470917,0.47040487391008357,0.31134844492677716,0.2211222696718813,0.21854335140523612,0.23247759537510237,0.1757242510516563,0.16830109692921486,0.39086471736894024,0.08996373418148967,0.060517523258060535,0.27514429302182686,0.1197484003933913,0.3827082822629738,0.3397506831577908,0.32946753129967055,0.28859866532703904,0.5785468240728284,0.16280817402795233,-0.608931675780434,0.4462604964259924,0.30445664724815685,0.9209652330000055,-0.5287986377538094,-0.2663264081705425,0.18324269661973447,-0.03630670393190587,-0.43391664610207487,0.42720555154025724,0.058799137142416434,0.25579572423529806,0.2881259747908245,0.34609487638493586,0.30612198683018066,0.2052962035076261,-0.19549991353855284,0.051218123098174514,-0.13609721830849464,-0.18316122880219307,0.12957764799567756,-0.2272600738948446,-0.2064755901150433,0.40740201198401915,-0.44045537876019253,-0.19709760142269397,0.242615210929814,1.8807297028342131,-0.22463723353610743,-0.6409044252176469,-0.2827912032698041,-0.3284796832722406,-0.3468477641853822,0.0,1.0,2023-05-16,-0.5738415341494774
0.5096153846153847,0.45555555555555555,0.1,0.0,0.0,0.0,0.0,0.0,0.0,0.0,0.0,0.0,0.0,0.0,0.0,0.0,0.0,0.14285714285714285,0.0,0.0,0.0,0.20544108049937065,0.01879792194539674,0.20591778709459785,0.1325374421421058,0.20265768669788864,0.08629880834403289,0.3488620471617543,0.06057852564459892,0.10487044481883487,0.2537541483159467,0.19513706168817524,0.2034850324372613,0.21914900153821537,0.2303953464756185,0.17207174631224675,0.20689175980163826,0.21496776569277748,0.24920472835950397,0.2495462039165983,0.4923741807032568,0.2834593856404284,0.21914900153821537,0.21568732137486346,0.2318149641902274,0.17519991172385824,0.14651824755800402,0.4079690551242746,0.1536703746905661,0.05770813326940738,0.3175819339479156,0.13565396492437043,0.3997840381753131,0.3647436501590183,0.33682495043925575,0.302454274309291,0.1121969888485166,0.232201700624852,-0.24585546561134952,-0.2550867353488133,1.0077372846734798,0.10063728207762071,0.6220364240525712,0.0314847069017214,-0.6852081539604423,0.24614704908318136,-0.4775909452191372,0.3565606819936177,0.06197278413213875,0.13304099185512253,0.6557872218444973,0.2721519433393331,2.7918102902085637,-0.4099047520378465,-0.07658404293987192,0.6686074370950845,0.0036846439752437152,-0.006817898810819778,-0.3110739743697228,-0.20561359286529984,-0.12503849828660946,-0.20383268999086676,-0.2794114113818481,-0.09583887742882699,-0.6204799158647895,2.319921791591171,-0.0027833010918851676,0.0991378228878177,-0.19216657058612424,-0.15557187876086834,-0.23807077596575224,0.0,1.0,2023-05-17,1.3394867282656264
0.6730769230769231,0.5555555555555556,0.2,0.0,0.0,0.3333333333333333,0.0,0.0,0.0,0.0,0.3333333333333333,0.0,0.0,0.0,0.0,0.0,0.0,0.0,0.0,0.0,0.0,0.2199708951516454,0.05538749356316445,0.26734775834096347,0.17356717158636617,0.192768835542746,0.08702844701831358,0.3272603625790532,0.051811071863444476,0.10228596639371659,0.2586886275004579,0.19531144569760817,0.20186897406670207,0.21676389416202313,0.22979799220192704,0.17280207742194686,0.20501408685843653,0.2134536346039158,0.24651256291372592,0.24578205278150073,0.4947613015467104,0.18056996805688405,0.21676389416202313,0.21327388126035912,0.2298308475267002,0.1782541945205584,0.12221200531431786,0.4004629798027626,0.19483774763446474,0.05935126522546724,0.28490512747963714,0.11966127526095849,0.40211000584687734,0.36791191857050365,0.28864845195164224,0.21876158909033586,0.458639404323355,-1.204947219750981,0.6499172870384177,0.9092615026043166,-0.3604454009507323,-0.5650399067380898,-0.7011711063367889,0.9007364049390084,-0.6021990358278745,-0.8234248303381799,1.9033418355603053,1.0801543981109982,0.04993619445799622,0.012526039526641906,0.14586820416223778,0.7028048836291096,0.2552359992454103,-0.4352644008881933,-0.05116914233286402,0.5693267500680304,-0.04264851764993487,-0.133061565028404,2.3913527353014055,-0.21608269012971337,-0.17033979344453037,-0.13124007453633063,-0.0031219075341357688,0.22547194410294008,-0.575288921879052,0.30571555700351016,0.02722957977575383,-0.5186423566179554,-0.3169786054088671,-0.25363762557617453,-0.23019679104495416,0.0,1.0,2023-05-18,-2.067950762275983
0.38461538461538464,0.32222222222222224,0.0,0.0,0.0,0.0,0.0,0.0,0.0,0.0,0.0,0.0,0.0,0.0,0.0,0.0,0.0,0.0,0.0,0.0,0.0,0.18931397663084407,0.026396143725286095,0.2850031323791624,0.16793583868806727,0.19377972118407077,0.052153291183461535,0.26509846858261255,0.077814329172333,0.10294986197408032,0.15850060779135033,0.19516467384598102,0.2004280405256284,0.21452114214013385,0.2293475105118809,0.17361076792230024,0.20359410213016377,0.21213505674659489,0.24560944275572913,0.24257219559408483,0.5013359839405187,0.20462001777753006,0.21452114214013385,0.21054326232556447,0.22849055227346632,0.16920612932349538,0.11277816781516681,0.3839825358003889,0.19483774763446488,0.06087703061323724,0.2716234028879215,0.13148957139942086,0.4129635747396853,0.38423700067451483,0.29434992974071594,0.2283129375368956,-0.13052292996260098,1.1720874202952118,-0.8170907565690716,-0.7220818031055215,-0.04768131467758781,-0.163373358945845,-0.27064089275970526,-0.47370164756209104,0.8991850464520359,-0.4539460379459269,-0.06404091036747962,0.244306192890435,-0.027437075128292254,0.07577907965076064,0.08910356937297671,-0.09400422198447289,-0.006473682911731838,-0.5789391954686115,-0.17508316888717468,1.0672298134007405,-0.02636621837809224,-0.09482957069107768,1.1517403341154362,-0.247406937472406,-0.2013664885288893,-0.1965747671417314,-0.3976467175081238,-0.22232073113505585,-0.00527332919451265,-0.2705718574446774,0.132612244543448,-0.6040985670790393,-0.2527976853617255,-0.2185027853057258,-0.3292556154975303,0.0,1.0,2023-05-19,0.2158596853085281
0.21153846153846156,0.17777777777777778,0.0,0.0,0.0,0.0,0.0,0.0,0.0,0.0,0.0,0.0,0.0,0.0,0.0,0.0,0.0,0.0,0.0,0.0,0.0,0.0906290522812089,0.007276970537796626,0.10498610508730502,0.05847644375250494,0.197959002971213,0.015077591647009086,0.2590937248847265,0.1044698463941292,0.09448091997143163,0.05724943800540443,0.19493602791290532,0.19950540032268266,0.21248678655885134,0.228816081270037,0.17469780457120954,0.2030905065299829,0.21125893093986253,0.24795598890318385,0.2405201598529079,0.5150693258065071,0.12686675311307802,0.21248678655885134,0.20704090176764206,0.22844294990095215,0.1585815721044268,0.10985236531577963,0.37185188280356796,0.18567849924361837,0.06134782668405825,0.27013732831646275,0.13889071017079613,0.424101633733491,0.4010885421955645,0.30421438207951423,0.24558632400947555,-0.9568681518125058,-0.8845042113009294,1.659589727264484,0.7464967658359765,-0.5474405303794533,-0.7109682557887428,-0.1841959284618426,1.9007060497599362,-0.7984254900584031,-0.17203243151532635,-0.09984707728523567,-0.3075367113343916,0.1323748783579308,-0.11880492977575698,-0.3285582243413937,-0.39078452818181664,0.05205184348475662,-0.5532553748305934,0.38670765740207796,-0.31691102957568185,0.14751361364372362,-0.171820480586592,-0.04383468490558191,-0.20483349215079844,-0.11482202849960182,0.1675838616029818,-0.2459091587028863,-0.29541985376459395,0.879749629262047,-0.14818230511448663,-0.04770685729253473,-0.48936236547322054,-0.13976279545873346,-0.3093120181933571,-0.17270084013859788,0.0,0.0,2023-05-20,0.8905016115201336
0.08653846153846154,0.044444444444444446,0.0,0.0,0.0,0.0,0.0,0.0,0.0,0.0,0.0,0.0,0.0,0.0,0.0,0.0,0.0,0.0,0.0,0.0,0.0,0.006496552108872727,0.000552741107718376,0.017485101119624757,0.011417484044315638,0.1914008078051757,0.029176547601479856,0.23181928949301223,0.13333657868084434,0.08333914082160024,0.10612891710622212,0.19391132106430997,0.1990424344212755,0.21121462082042053,0.22816318607076919,0.17574228447493068,0.20156918446266187,0.20990666970635025,0.24659398723790144,0.23857911734401865,0.5163858569597086,0.13766334268870342,0.21121462082042053,0.2066352701323223,0.2263803473390139,0.15342968436046694,0.09725430445002059,0.37651612662824885,0.220860638336542,0.0654186783919995,0.29599591012961984,0.12980603481069908,0.4017578396866114,0.36735395106260366,0.29241868646839575,0.22453516796573486,0.7240453026756989,-0.5415666859302997,-0.14793577552190282,1.4695267168932864,-0.7166143357391447,-1.0769333841609303,-0.735738363478673,1.0953882654212277,0.812763728210952,-0.7469394112489854,-0.5125918623464321,-0.3058882101662796,-0.05202834512829166,0.5514173653239137,0.6596566050086533,-0.42084511944351316,0.017947690765737146,-0.5713908601612285,0.6794654392711879,3.7977248058957462,-0.011961868451809543,-0.07592973300213658,-0.3724022476824461,-0.22723771862043668,-0.17615601371184247,-0.21398871731727956,-0.4056258144701065,0.08479219010827645,-1.4077935198185465,-0.20334683173400894,1.4094306808535975,-0.710135273613181,-0.14052682586523393,0.5119364371035134,-0.23854316214229454,0.0,0.0,2023-05-21,-1.3850552916312877
0.21153846153846156,0.13333333333333333,0.0,0.0,0.0,0.0,0.0,0.0,0.0,0.0,0.0,0.0,0.0,0.0,0.0,0.0,0.0,0.0,0.0,0.0,0.0,0.052082638305475076,0.008040729618262188,0.07371853565290026,0.05195382075519473,0.1931016386624983,0.050374208753481246,0.2202339906794542,0.1538020330914998,0.07735404636396845,0.17578191673286725,0.19192756938974354,0.19912920597331357,0.2094750318157057,0.22763209847717897,0.17676174254608656,0.20056594657909793,0.20879488998750456,0.24713226523468088,0.23714461500051123,0.5223941143491702,0.19656733314723648,0.2094750318157057,0.20457156835954154,0.2252788921094715,0.14744412550762387,0.0863246411353607,0.3877505299851892,0.2612300147283655,0.07336818747852714,0.3464998166594972,0.14142189320732457,0.3947164381471732,0.3569729415322697,0.3303805122767905,0.2897635171481508,0.45189513442983087,0.4058862991058519,-0.6989400972019,-0.8449927064435828,-0.6824348505627165,-1.068089920242624,-0.37596525894856103,-0.46334397289987594,-2.39376729297882,7.970583416076267,-0.40774814473590654,0.10832220299337621,0.39307562308301003,-0.15810917359055104,-0.7007875442904761,0.06805767629896194,0.1876509505766718,-0.5885917347856653,-0.045905660413299014,1.6889768434134471,0.07519476045130322,-0.1700426626661753,-0.14046055592699172,-0.2049323700522124,-0.2025245707224486,-0.19011347117288907,-0.44674300381593646,5.800673281463269,-1.4341268380020338,-0.4245204153548287,0.6838208056351975,-0.7211191663322434,-0.12323666752630821,-0.23237484887720786,-0.24448355179122652,0.0,1.0,2023-05-22,0.3642513457661867
0.23076923076923078,0.17777777777777778,0.1,0.0,0.0,0.0,0.0,0.0,0.0,0.0,0.0,0.0,0.0,0.0,0.0,0.0,0.0,0.14285714285714285,0.0,0.0,0.0,0.041316940936179325,0.004270751806644547,0.05576116813647535,0.04214094826900177,0.1996369606447443,0.0736049198057192,0.22491562355988937,0.16198241495749102,0.07131371678946422,0.25456232009198265,0.19335333186202946,0.19995713670596232,0.2077817343509265,0.2274097031619811,0.17787477052512413,0.20080843593232495,0.20830461097984848,0.2519572841299946,0.23705771506080003,0.5383785172731956,0.3624108336737121,0.2077817343509265,0.20093512770570493,0.22606087143194525,0.144222893091359,0.1360783102363337,0.3618107016087011,0.11517348903805795,0.06566485510977127,0.4071172409061163,0.15581169828232544,0.4174098082829147,0.3908523075867923,0.3239918557629656,0.2795004540924494,-1.2156700123633803,-1.914265101854291,2.759655521314486,1.5427437391533192,-0.5804010490379911,-0.7920525809234229,0.021566636926970587,1.96266868006863,-0.601642461335698,-0.4059137910092711,-0.4121750549057565,0.669871821917081,0.22072308219510858,-0.20482562590898726,-0.1890330580246763,0.5170806513644124,4.087945814392068,0.18042303690995137,-0.1503317012601436,-0.545937819495083,-0.03752036878453758,-0.06155432166483814,-0.10159375147997082,-0.21088804793279073,-0.15401142950573027,0.0829159905040326,3.9720806104108113,-0.2438979266650247,-1.4614499274531825,0.9125044734070428,-0.1423749773094947,1.3433958978724347,-0.36764467189107525,0.06471807597084524,0.4718966145730299,0.0,1.0,2023-05-23,1.394530375431691
0.3076923076923077,0.22222222222222224,0.0,0.0,0.0,0.0,0.0,0.0,0.0,0.0,0.0,0.0,0.0,0.0,0.0,0.0,0.0,0.0,0.08333333333333333,0.0,0.0,0.09633218209072489,0.013854747195744366,0.11139382840987583,0.09306168277306973,0.18408779757402788,0.09649662920621838,0.2541862587449084,0.1544231573731476,0.07214914113733537,0.3252623360885831,0.19134137361108838,0.1988401895915391,0.2053920243813081,0.22668744413346492,0.1788013619239499,0.19841694664770299,0.20656788439464208,0.24727665792507034,0.23595923555866738,0.5263798036541757,0.25158759158757327,0.2053920243813081,0.19789330727530535,0.2247834326725891,0.15078168054817181,0.10792239241489204,0.457609972050113,0.29135868293415174,0.07670853117128285,0.38703933224472364,0.13868842624150246,0.3638064424600599,0.3114316607275348,0.28775763240114577,0.2148960699982906,-0.7480551844223231,-1.5666141438449543,2.044639497088049,1.6251933589451828,0.2794145198311378,-0.6560781002635011,-0.7859689040219718,1.0695743035712313,-0.05923288120236083,-0.9162454275950914,0.034135505109367234,0.4650857637434694,0.30998570788342855,-0.1895151023440341,-0.6782562619039406,0.1268302382581933,-0.26750149521326605,-0.599822274017789,-0.3059160828743753,0.4467577572333648,-0.12425801515085884,-0.20235345041399871,-0.1809083167147456,-0.2491193259017584,-0.22470926698055138,-0.2957651384615964,-0.4929187307918102,-0.20773037187035417,1.0820428028523923,-0.6000207226818521,-0.08378168942263949,-0.6874736899618322,-0.3687328844768514,-0.28650247010048735,-0.38399337425891417,0.0,1.0,2023-05-24,-3.2723027651064163
0.3557692307692308,0.32222222222222224,0.0,0.0,0.0,0.0,0.0,0.0,0.0,0.0,0.0,0.0,0.0,0.0,0.0,0.0,0.0,0.0,0.0,0.0,0.0,0.04688748554188457,0.004281775133579101,0.05701572614974378,0.040837291809246556,0.18655547663189814,0.07495911480209949,0.2307106006854951,0.14295899132771914,0.06760095166753102,0.26343223192203635,0.18897410166061268,0.19749703743654606,0.20248375926710505,0.22601699021459726,0.17967241690423597,0.19680547521913921,0.2051633811732328,0.24565187367628835,0.23472326956365117,0.5247490262878909,0.28703469038733254,0.20248375926710505,0.18986929873584824,0.22815229709600732,0.14889426509734538,0.09190915699574398,0.46704361253848004,0.33711030711544565,0.09168869538756458,0.3656410122100601,0.15323993384483492,0.39409248159085863,0.3557385151831465,0.2966915956541268,0.2303425104553887,0.3064945726031876,-0.006969072533935737,-0.22026622478682373,-0.637543903388887,0.41930849354918115,0.03546811045530268,-0.36556736054153033,-0.27625658330845204,0.11003335677647026,0.015820834055208174,0.09698543307248218,-0.3887836746868291,0.06998106981757438,0.001513515988899289,-0.14185419207741765,-0.2779391218739513,-0.32398046753580756,-0.6012619547119572,-0.35246471480220337,-0.21081148782449025,-0.15706324493793494,-0.19645982908379273,-0.29845730971650564,-0.18424235176545184,-0.22076735861526345,-0.25425012924529605,-0.26600989623194515,-0.18883096065440988,1.093697306476065,-0.5469269470412222,-0.2590139283025412,-0.005346521695627007,-0.3432431329328115,-0.31299314389829364,-0.25509268051281186,0.0,1.0,2023-05-25,0.5368887301425707
0.15384615384615385,0.14444444444444446,0.1,0.0,0.0,0.0,0.0,0.0,0.0,0.0,0.0,0.0,0.0,0.0,0.0,0.0,0.0,0.0,0.0,0.0,0.0,0.03511677020968983,0.007766721205888976,0.04906108942540922,0.05270042090306786,0.1907980602108441,0.06493368359444174,0.23324581068608857,0.11941666867080328,0.06403599546024866,0.23572699134187647,0.1888489765518681,0.19690210364408428,0.20040555274627514,0.22549503555597045,0.1801660258939437,0.19615042365697793,0.20421291707342787,0.24746924559845004,0.23413401642889717,0.5324199230638683,0.39745699261220424,0.20040555274627514,0.18349274972992896,0.23129176807163898,0.14469612752331562,0.1319259386816654,0.4389044037005704,0.2197462776464014,0.09347724871642382,0.3373356378511904,0.16659431874558472,0.40201342124871187,0.3677218733393763,0.2834809423945997,0.20987536937213971,-0.11536879750381845,0.6280756172936977,-0.37319042101223915,-1.1183081398319863,-0.5367712261357065,-0.39209997195485874,-0.11080559314264,-0.6170111683268534,0.9457159365305503,0.513390486388539,-0.2613474929652618,-1.0130537030126614,0.15386851900767592,0.09191780468034275,-0.14054451495683165,-0.6220030255866497,-0.5253148643734593,-0.47101437456024886,-0.36508141725818866,-0.632309306191223,-0.14525676511714386,-0.19565227207899807,-0.6059833919551036,-0.2201045491861628,-0.19538577080429084,-0.2811200867515404,-0.42441591985138966,-0.14294789330525812,0.39876092133713964,-0.661572841191399,-0.2939255582266998,1.99310039226003,-0.2154667022550751,-0.2568415748848141,-0.33643640734133373,0.0,1.0,2023-05-26,0.9181223884829448
0.5096153846153847,0.4222222222222222,0.0,0.0,0.0,0.0,0.0,0.0,0.0,0.0,0.0,0.0,0.0,0.0,0.0,0.0,0.0,0.0,0.16666666666666666,0.0,0.0,0.18761592757481016,0.027788232441021264,0.2760830803334779,0.17808583876041226,0.19339967181583173,0.022530469932019077,0.19019328195621982,0.0978746643062373,0.06024048962648773,0.1021705194581055,0.18891084561791005,0.19590770363488536,0.1988967044916573,0.22507840705268983,0.18083023287213118,0.19603061209695766,0.20354748375026782,0.2510109729761278,0.23444120508614194,0.5430529456533788,0.4454576433512287,0.1988967044916573,0.17823130924907937,0.23429089480613713,0.13498033072262722,0.12475912714624815,0.4258299570059516,0.2197462776464014,0.0951380482360788,0.44407573455384836,0.17488539527721847,0.3981465281930944,0.362044547932735,0.3066752892647839,0.24870440760415896,-0.8562555606802871,-0.1841135054405396,0.9795315062973833,0.25444343787389617,-0.5588375540071184,-0.8138735335217393,0.19924346686808303,0.7924452938969457,-0.05569629623569922,-0.4018616950729094,0.35942320568473846,-0.19203404271683144,0.10975671848605457,0.07206093810318888,0.14749350047848733,-0.20125320567118102,1.4184644918009892,1.604706708971813,-0.2082902214990468,-0.2988952501825456,-0.004617448037778095,-0.16648210384424553,1.3964750517544868,-0.18609346238464067,3.661679303936846,-0.23577580313399688,-0.14797165962963532,-0.12952270692123521,-1.1477187509234437,-0.14888792858620578,-0.21032076302981514,-0.4412418945223727,-0.052259939398312014,-0.11728605367405402,-0.12453805387245111,0.0,0.0,2023-05-27,0.5578834405180588
0.25961538461538464,0.2111111111111111,0.0,0.0,0.0,0.0,0.0,0.0,0.0,0.0,0.0,0.0,0.0,0.0,0.0,0.0,0.0,0.0,0.0,0.0,0.0,0.15836559184179524,0.03638957697195508,0.23546013846722247,0.12508880345751108,0.2146452802966356,0.08106591566512256,0.25328398541427455,0.059224263973992844,0.055144316386419506,0.299999872283239,0.19202644101169686,0.19825744460437428,0.19926889233609557,0.2251327168133877,0.18155076466027875,0.19947719825877813,0.20468404790038702,0.26667702963135187,0.23813088379129616,0.5831738920541739,0.5874191875712466,0.19926889233609557,0.18006967054195666,0.2329353717523197,0.1473791121691178,0.29867548749233286,0.3635747652825919,0.14347337315849737,0.0888025962452253,0.6638392268599985,0.19016610742066953,0.4662940640075156,0.4650055573596247,0.35631874622863124,0.33843611184671457,3.938128232414492,-2.2959697501811296,-1.5768301041599453,2.3604988736678525,-0.6000692494641402,-0.5273639785316654,-0.8302278436314967,-0.4795912277877887,-2.6946567556473506,8.690684717578403,-0.6735342824402422,0.5509823860194808,0.18837313567326383,-0.3772628276928277,-0.6024126794608141,0.3399961187495642,-0.45133176061230834,-0.5663201116217252,-0.2874025915233892,-0.26393106381319503,-0.06766867303210736,1.1074329571968249,-0.5582027102328979,-0.1437343918390945,-0.1367997162066862,-0.1723319275482947,0.053144826648057995,-0.2551424653330884,-1.2828369315996886,-0.5587417064538388,-0.14496183095480675,4.27385860477887,-0.3085080959400819,-0.09734371580609516,0.1668846505649091,0.0,0.0,2023-05-28,4.53058267244435
0.40384615384615385,0.35555555555555557,0.0,0.0,0.0,0.0,0.0,0.0,0.0,0.0,0.0,0.0,0.0,0.0,0.0,0.0,0.0,0.0,0.0,0.0,0.0,0.21559263435740963,0.024715873748261858,0.2467736494626765,0.16564250296252675,0.20871536478850616,0.08666218674648074,0.256261460961808,0.05615413248630229,0.05631626998523684,0.316791735184678,0.1971389077470342,0.19986167664837612,0.19935173158823738,0.22490138939699716,0.1821862589186839,0.20140325886399385,0.20524721987724753,0.27590160503502553,0.2431104996391107,0.5984743063135018,0.5191063688436784,0.19935173158823738,0.18038507011080135,0.23274048649218176,0.14892480373126082,0.30169694091789057,0.32986355961859526,0.19472439028120875,0.08821298735021377,0.7560321839957796,0.17421715238346835,0.447590991297193,0.4364732881465012,0.36885495922123,0.3616123350916237,0.003984395233109122,0.33986953467062103,-0.23862710061187678,-0.22949113308287225,0.04016982262629424,0.5858861143999348,-0.7084467663348354,-0.39658417746217883,-0.10367949886065321,1.0581708242534869,-0.050371481574517055,0.8449127344803302,0.37136914045527714,-0.08645174862155447,-0.5307680506112233,0.7568376631774699,-0.3735538489579964,-0.5230645923561085,-0.1383997801995339,-0.04333815218305315,-0.12328537818126685,-0.11613618191276703,0.7685942755983345,-0.22239539565885577,-0.20924868970004978,-0.2524768819261848,-0.4360768711295928,-0.2895702052989278,0.7788257960110417,-0.1471470970128817,-0.17069533369066858,-0.5742594211279279,-0.20243046628101385,-0.3454904199063358,-0.3126646663751244,0.0,0.0,2023-05-29,-1.20973437068298
0.0,0.0,0.0,0.0,0.0,0.0,0.0,0.0,0.0,0.0,0.0,0.0,0.0,0.0,0.0,0.0,0.0,0.0,0.0,0.0,0.0,0.0,0.0,0.0,0.0,0.207955538757647,0.06967991349102373,0.2560943300757714,0.05518418831479184,0.048072591685239835,0.2717510920440009,0.20158137276191895,0.20093540091914325,0.19942837461290974,0.22413289397147312,0.1828770409245014,0.2029061133456413,0.20570599178748478,0.2829730148445042,0.24864872676199362,0.6051001980998649,0.49134534280478626,0.19942837461290974,0.1806585952804869,0.23258100524996445,0.14250293188926583,0.2827354480549176,0.31302161642736726,0.19472439028120883,0.0876654933762745,0.811769712847571,0.16029602681658783,0.4297104751343955,0.4090721046396649,0.3686156041804012,0.36116235375383365,-1.8656830594922043,-3.4038426894272673,-1.7364815273117937,-1.2567334773823409,-0.8470977957092418,-1.208558777295969,-0.8839002153115504,-0.7377272160931758,-3.2572707578057543,-1.059388974690937,-1.380933912491096,-6.8897159099290946,-10.937089278756611,-10.66487759901222,-9.185352453197654,-9.438910766103538,-0.6763511867315631,-0.624636995681546,-0.5775136240447825,-1.0915743526466986,-0.22853448223532602,-0.2161972631979875,-0.7091519254915294,-0.26598874092956537,-0.23782559497994693,-0.32330843099514156,-0.5301359544637015,-0.4135783919922747,-1.6778542760906345,-1.000775988850076,-0.39679608418476486,-0.7476128686515695,-0.4354104603505198,-0.3773658476761975,-0.4453810267421046,1.0,1.0,2023-05-30,-0.1569067146993119
0.0,0.0,0.0,0.0,0.0,0.0,0.0,0.0,0.0,0.0,0.0,0.0,0.0,0.0,0.0,0.0,0.0,0.0,0.0,0.0,0.0,0.0,0.0,0.0,0.0,0.19953104859997628,0.09084182027230073,0.21918829315315258,0.05681235633213266,0.04688365332811753,0.34551600046276676,0.2033942644799966,0.20180866712406237,0.1996365147347543,0.22294490835380426,0.18336636373549908,0.20277088998744625,0.2054357825922875,0.2838313057069572,0.2532679897480691,0.5942000297756764,0.44998128361190726,0.1996365147347543,0.18089905327632683,0.23272015428844162,0.14624840864759503,0.24501037430482797,0.42370872079276234,0.0014602029186803443,0.06719638202115791,0.658046892376488,0.1438479875925227,0.4471731542942298,0.4369628649194603,0.35534294545950756,0.33597258329665597,-1.8656830594922043,-3.4038426894272673,-1.7364815273117937,-1.2567334773823409,-0.8470977957092418,-1.208558777295969,-0.8839002153115504,-0.7377272160931758,-3.2572707578057543,-1.059388974690937,-1.380933912491096,-6.8897159099290946,-10.937089278756611,-10.66487759901222,-9.185352453197654,-9.438910766103538,-0.6763511867315631,-0.624636995681546,-0.5775136240447825,-1.0915743526466986,-0.22853448223532602,-0.2161972631979875,-0.7091519254915294,-0.26598874092956537,-0.23782559497994693,-0.32330843099514156,-0.5301359544637015,-0.4135783919922747,-1.6778542760906345,-1.000775988850076,-0.39679608418476486,-0.7476128686515695,-0.4354104603505198,-0.3773658476761975,-0.4453810267421046,1.0,1.0,2023-05-31,-1.742420455507676
0.22115384615384617,0.16666666666666669,0.1,0.0,0.0,0.0,0.0,0.0,0.0,0.0,0.0,0.0,0.0,0.0,0.0,0.25,0.0,0.0,0.0,0.0,0.0,0.07700054668356973,0.009306837454745306,0.07829020288178883,0.07820781238922175,0.192555272954889,0.08224257689867262,0.20946075753573473,0.059568303832602226,0.04172407362758998,0.32426108241802487,0.2032189746898873,0.20174998218224777,0.1996507627146462,0.22163728121116594,0.18385427607746507,0.20149153258058722,0.20461010598096968,0.28065225579483977,0.25626453771447943,0.5749524159155901,0.37124976875318416,0.1996507627146462,0.18089706568603764,0.23275069421761413,0.14417852314997026,0.22073336988189374,0.43246210946319397,0.05000375958364647,0.053203028756099946,0.5278725411289575,0.12842677197877128,0.42402710651760556,0.40123446502667676,0.3619329743065887,0.34824616399217556,-0.48456855781959685,0.14771501939349962,0.3645155112097113,-0.42533112774337145,0.4039563237542871,-0.06268342280465088,-0.6487076074011452,2.9860815750258993,-1.8591676003858641,-0.6285953183495938,-0.616524713920618,0.8747524971757912,-0.025028978453070595,0.2003117236115148,0.44098061353695833,0.5455961541972955,-0.3743024236829685,-0.03697355511799273,2.1850890321076437,0.7442465742971349,-0.12252656301935173,-0.167653034585981,-0.6009230033084936,-0.23598841192701353,0.09581261676225009,-0.28818023806233756,-0.38353543929694645,-0.1189267757753971,-0.41619468997612935,-0.0600899884794588,-0.10097947731508926,0.6094245049426203,-0.3814538759551882,-0.16966458803553983,-0.29514179642143024,0.0,1.0,2023-06-01,-1.4683709247646393
0.5673076923076923,0.48888888888888893,0.0,0.0,0.0,0.0,0.0,0.0,0.0,0.0,0.0,0.0,0.0,0.0,0.0,0.0,0.0,0.0,0.0,0.0,0.0,0.22948176388209474,0.04362717848498544,0.44723467142145756,0.22292091391960736,0.20005345030131844,0.08363658343412911,0.21377397691369626,0.061480763906374754,0.04711032996242884,0.32060733849512757,0.2001898388922232,0.2017947171846866,0.20009345493513941,0.22039647323386785,0.18448079218874824,0.2016611768516295,0.2044641702612237,0.2827413096058967,0.25912102059379144,0.5732910529041685,0.48274777197204677,0.20009345493513941,0.18119803515076877,0.23328639205794865,0.1433024185816552,0.19600916563025766,0.418388688721831,0.07445516880571296,0.0427345927270005,0.4642188658346558,0.1440144439609896,0.4320066152094675,0.41312868641821443,0.38055863547035795,0.3846007309274976,-0.06848763730603885,0.7760061985396475,-0.5399893441486673,-0.8078343201839459,-0.13239143976531814,0.22668987436287896,-0.3059026215519234,-0.3890805535407572,0.3732137619729531,0.4610781525709662,-0.24023287295819076,-0.1921455667147077,0.13770668497692737,0.1055101196805973,0.04355021095385443,-0.057063883132493026,-0.19289807569427675,-0.4152455250789304,-0.07547787322870378,-0.2237701372001609,-0.006655156129404509,-0.17816535717976825,3.8423771175184824,-0.21304274541609186,-0.20532487847918318,-0.21943769402383717,-0.4437438505569293,-0.18518193634448904,-0.6827149879873944,-0.26613093635651475,-0.1487537591281137,-0.719023090813417,1.0882631601231534,-0.21904085562315856,-0.30134934939327856,0.0,1.0,2023-06-02,1.601855426947596
0.5865384615384616,0.5222222222222223,0.2,0.0,0.0,0.0,0.0,0.0,0.0,0.0,0.0,0.0,0.0,0.0,0.0,0.0,0.16666666666666666,0.0,0.0,0.0,0.0,0.16237558770941304,0.013042170524568634,0.17386150065057104,0.10298886032066187,0.1970085557126927,0.026873041768171423,0.2139888017960182,0.05907834302224571,0.04529652703856099,0.12888791657543902,0.19775960810832927,0.2031825311140903,0.20023086222290187,0.21905280143098044,0.18512100040416968,0.20129623198037522,0.20407784890073127,0.2828189036344289,0.26142326468250604,0.566717024748626,0.45269304136865063,0.20023086222290187,0.1812740901706666,0.2334724461410861,0.13542786485539232,0.18643663306952257,0.4016038544424595,0.07047049556501048,0.032602356853421444,0.4438994345771206,0.13520482700700676,0.41816694463981385,0.39206986365845,0.3759857617778094,0.37566963510974344,1.0256231116468641,-0.10538332772078988,-0.7873712945581246,0.5882109680397468,1.268956471727426,-0.23227638464555148,0.1781278060576167,-0.12388306698111935,-0.29382180429385446,-0.14538793360904742,-0.33646720249629075,-0.26637823326689075,0.04106478123516469,0.4941104844572783,1.5037832164312197,-0.13713856062611546,-0.19129304231275596,-0.34727136064977543,-0.07687978079164438,0.5198002964855885,-0.05555310824485149,-0.17336051897543736,0.3893560344012021,-0.20540940186965925,-0.05603852495336283,-0.09604712433814856,-0.2527373017789036,-0.22050242230499958,-0.13201470888698189,-0.27896268156425286,-0.014167461914871792,-0.5748190902721825,1.4326982620094848,-0.30546243641701454,-0.2378613942017941,0.0,0.0,2023-06-03,-0.640233260391676
0.3557692307692308,0.2777777777777778,0.0,0.0,0.0,0.0,0.0,0.0,0.0,0.0,0.0,0.0,0.0,0.0,0.0,0.0,0.0,0.0,0.0,0.0,0.0,0.06987461420961953,0.00642974912482658,0.0972258365058712,0.055119636886098625,0.19777540391324044,0.03545392998369341,0.19402442052089525,0.065475256897748,0.039671946886064985,0.16396821604803136,0.195646301491398,0.2043876594200948,0.20016084448101856,0.2177923132831014,0.18592359286480054,0.2011154942666455,0.20378340687150215,0.2835305313812282,0.2634214997404452,0.5631110629109449,0.43393357725539883,0.20016084448101856,0.18118977442786932,0.23342953990023585,0.1296369519438515,0.18766420209003082,0.38120380907641815,0.04195541133539726,0.02024875537029075,0.48594914369554015,0.14503907580757547,0.36797319894371877,0.3190880101657286,0.37292952073035684,0.3696273194001675,-0.8876937896023454,1.7147399975154607,-0.5892773304424791,-0.8196754365971818,-0.658628970898362,0.409917472069022,-0.7236815049805865,1.3934429266191064,-0.14121716947065577,-0.7086682007798787,-0.347725886317227,-0.4526242979022173,0.02631396411730434,-0.008874457881459182,-0.3871672805222088,-0.2376436914570561,0.22856463557717605,1.1229322275296014,-0.06615655954410414,0.1300257423810742,-0.10100775320482822,-0.16159317746296434,0.3657092741024339,-0.21444759623427084,-0.18483267590665045,-0.10175416869190552,-0.345001666142397,0.05545975260676235,-1.0587848045790387,0.3391151652943875,0.07913533519329032,1.3035877601645083,-0.1817772643257561,-0.1894574959801687,-0.29438003820438546,0.0,0.0,2023-06-04,0.1622799291266075
0.3557692307692308,0.26666666666666666,0.2,0.0,0.0,0.0,0.0,0.0,0.0,0.0,0.3333333333333333,0.0,0.0,0.0,0.0,0.0,0.0,0.0,0.0,0.0,0.0,0.08577820326282479,0.018456198810425546,0.10662939938637495,0.11912178987257156,0.1740571054088177,0.14237142166436603,0.2515752358546509,0.06934711004786867,0.04944760366002485,0.5154357526997847,0.19035813453408246,0.2025895195573693,0.19894686867376155,0.21599766578526042,0.18645266987339193,0.19700166393408097,0.20155407890554228,0.27052917547837185,0.2621619511319517,0.5244693043203721,0.33518919391900703,0.19894686867376155,0.18318506033211857,0.22874744132687763,0.14802774749256037,0.13686085750240917,0.614408242172223,0.3749462639516862,0.043169536416094834,0.3325606330980631,0.12243795903465249,0.3243736079410587,0.25469569385779206,0.3246534412391227,0.2764425098317945,-1.041177576457528,-0.9042782254517594,1.7524143280095548,0.9734199248368357,-0.5380819569862151,-0.6435239827312431,-0.358501824832219,2.7764603286343914,-1.2781513791830141,-0.428301028265969,-0.3226244279306413,0.3784630491569147,0.13443851856382155,0.015413841691347364,-0.05247553084005719,0.5718759123798934,-0.15164552081351287,1.9960929109163732,0.1292968717275646,-0.2818999239930413,0.04950267503943571,0.006176023243456451,0.08161649899546922,-0.17931015181035406,-0.1385532996899641,-0.2351345733271378,-0.3106602352102876,-0.31504134684465973,-0.4442148619544389,1.000309048630199,-0.06599432446518422,0.0226912010965044,-0.17344537198299426,-0.23716584832422055,-0.19257838756727153,0.0,1.0,2023-06-05,-5.011119223804861
0.1826923076923077,0.13333333333333333,0.0,0.0,0.0,0.0,0.0,0.0,0.0,0.0,0.0,0.0,0.0,0.0,0.0,0.0,0.0,0.0,0.0,0.0,0.0,0.06868183888673647,0.007550978950169838,0.09335453713074068,0.07153471184272782,0.19986484027759732,0.14603474483024523,0.33392388391516825,0.1079656481328377,0.05700631174809026,0.5112380596877437,0.19187553653573391,0.20328394094896934,0.19879469333905342,0.21512845876425019,0.18720544615100054,0.19783055981038405,0.20161895573712402,0.275657775159838,0.26228175147896815,0.5408302646567409,0.47211856290646426,0.19879469333905342,0.1828845505028998,0.22878776438508275,0.1688081487910772,0.1197521098295874,0.5088982575608675,0.3177085311927637,0.05854148765980727,0.3810771798771016,0.14547650809731283,0.38949109441545515,0.3497314865720492,0.37333767487895847,0.3703759732191966,0.3033026436798137,0.23332835064812368,-0.4195077769090171,-0.5041325116872618,-0.30489987534738544,-0.11908655782654243,0.10202893211875046,-0.563618652677385,0.41823545888784824,0.7508936727530042,-0.15270135143131613,-0.7932673920652903,0.2693885922971939,-0.04934044099966364,-0.27708668349361637,-0.3976607437664166,-0.3978816991675486,0.3483714397036119,-0.47849765670997624,-0.9323468896200456,-0.19053070388386104,-0.06985444029720281,-0.6099651306097598,1.5946032219681672,-0.22971169714573664,-0.30777835867742354,-0.2876970680231928,-0.3777194547208922,1.5384496736791862,-0.9084928685794418,-0.33814881283211934,-0.7218430825060541,-0.35026082320291624,-0.36303982435559,-0.30989483487285285,0.0,1.0,2023-06-06,5.7402171630208665
0.42307692307692313,0.37777777777777777,0.1,0.0,0.0,0.0,0.0,0.0,0.0,0.0,0.0,0.0,0.0,0.0,0.0,0.0,0.16666666666666666,0.0,0.0,0.0,0.0,0.09728399394310484,0.015073612202507964,0.16290781167172666,0.07764641537880553,0.18428291844440198,0.12492267095039114,0.3422774552290021,0.13953333314504318,0.061801270926347546,0.432751850051397,0.18860171258004638,0.20002273071223947,0.1983323165805737,0.21353225657733227,0.18778332306929257,0.19592979002665795,0.2003935598257393,0.2709259056814544,0.2613373672059144,0.5282075832895696,0.3679406043208471,0.1983323165805737,0.18313705387620105,0.22758251964381498,0.17487062939579734,0.09709872921401608,0.4540780699750182,0.3118001620247944,0.07220521382584688,0.31698465469676035,0.12495892221485594,0.371948123042094,0.3231066272181111,0.33596408662290916,0.29870495109126305,1.6093764801990893,-0.761758052955529,-0.762807443253003,1.0445781351065977,-0.4881499016805198,2.4859136022950956,1.0194894134179149,-0.2482543804955517,-0.43986015224285585,-0.6505991463156704,0.015786934801916827,-0.7181679439945685,-0.14832227740693585,0.4465787906736198,0.6925506022571768,-0.4375457634101543,-0.4008349885565462,1.2409314732339782,-0.3429311742237215,-0.6801934511777805,-0.16935993035753893,-0.034574463621006815,-0.09233039160170005,-0.22919917036036505,-0.20698192225945636,-0.26364538766721485,-0.3287093615483479,-0.2969014860310269,0.7209286941104516,-0.5939616116301948,-0.29657257464805875,-0.24998877160432126,-0.21698587925488122,-0.32049426210933274,-0.29125960426932285,0.0,1.0,2023-06-07,-3.277624957004588
0.4711538461538462,0.43333333333333335,0.0,0.0,0.0,0.0,0.0,0.0,0.0,0.0,0.3333333333333333,0.0,0.0,0.0,0.0,0.0,0.16666666666666666,0.0,0.0,0.0,0.0,0.12133463043195374,0.012724068804457204,0.15597963150370264,0.10927419179810544,0.18711414818056354,0.05783544539846187,0.3436446668720521,0.1618849978128894,0.06252026434218647,0.21458400880471595,0.18654772044459328,0.1977025518977425,0.19796912589616633,0.2126204212418859,0.1884712713436767,0.19479425487416652,0.1994925028946531,0.2692023294125656,0.26020295957519046,0.5259536470355088,0.4491533303597617,0.19796912589616633,0.18315769234977686,0.22683824049783696,0.1683998417404466,0.08606756948724945,0.43037711277964763,0.3118001620247944,0.0848929595514551,0.4072689337355909,0.1374657164318005,0.39598523893241605,0.358587146269181,0.3576690227578656,0.33984883462597987,-0.08172478404596714,0.5261030583699252,-0.3178207785062934,-0.9591781850284707,-0.38542395760426174,0.30997012607936164,0.047623981721907,-0.1406861230075574,0.61905894286057,-0.09963766509307548,-0.6235681114831372,-0.34452924538088053,-0.08437514879653099,0.38740737390907787,0.5851116744834357,-0.16781614141314805,-0.4587128720617759,0.02976754796068086,-0.23812649185067888,-0.7021807751722783,-0.15546696487128356,0.7403540205670863,-0.4751810134596509,-0.23521616110511734,-0.17934248603294015,-0.2014352018270941,-0.42358504243696693,-0.050357647049620605,1.0342313058237953,-0.2280599449567945,-0.2524469671694563,-0.5089666386775802,-0.25159641223482104,0.589948879626514,-0.32468081473859006,0.0,1.0,2023-06-08,0.6157244440365472
0.5,0.45555555555555555,0.2,0.0,0.0,0.0,0.0,0.0,0.0,0.0,0.3333333333333333,0.0,0.0,0.0,0.0,0.0,0.0,0.0,0.0,0.0,0.0,0.38248054259910985,0.046868036603744466,0.5623134628050054,0.16365156923486507,0.1866282208557588,0.05001156241203628,0.343647561737793,0.1780071052690883,0.06694064682720532,0.18478732859844366,0.18423366310885336,0.1954117924435826,0.19735173943753515,0.2119248177024649,0.1890513379271862,0.19375226875078017,0.1986181032113043,0.26793133645611245,0.2590160263392297,0.5253306217013534,0.4348703855164322,0.19735173943753515,0.18291036360216778,0.22589474950218214,0.16010461359744627,0.07752264162337655,0.41201793980459145,0.3118001620247944,0.09667443772523421,0.3168565748957175,0.12589316112701798,0.3764160797648416,0.3298104340190259,0.3551149328811239,0.33490957796339293,0.10810121426557556,0.032917562149057986,-0.07452617377719123,0.13156334465976371,-0.431054216286647,-0.22456106441411441,-0.23767514372097107,0.23811639968099488,0.5010415675248594,-0.6404262842757824,0.15392384547920618,0.32199598798815776,-0.14589128923066463,0.18271607040831742,0.34981844779785,0.3994585079997735,0.39594745313222696,0.25210630668641754,0.7615141823815657,0.2357336867077722,-0.06500022505402907,-0.16372054699163222,-0.2637621640423571,-0.14884703637634888,-0.14120086868966636,-0.22145634429324326,0.32240413883959773,0.2536919352051826,-0.26358335889825124,0.5348369498331896,-0.03328908645160552,-0.25601436927334065,0.033415008452159986,-0.17542721605993358,0.569642554492901,0.0,1.0,2023-06-09,-0.1050308177586778
0.4807692307692308,0.41111111111111115,0.0,0.0,0.0,0.0,0.0,0.0,0.0,0.0,0.0,0.0,0.0,0.0,0.0,0.0,0.0,0.0,0.0,0.0,0.0,0.1036837183035041,0.008832834396559462,0.11738550752574173,0.06656316512161914,0.17564783137248052,0.12793942448657739,0.34497811503660236,0.18335376909470177,0.07943764277677587,0.4112752084552784,0.18456388385308842,0.19284650477303122,0.19649339848334668,0.21136314258694916,0.1895376443014365,0.1910368897280284,0.19690262098668948,0.260942525366454,0.25653010329108344,0.5099228304316988,0.3662883956795484,0.19649339848334668,0.18381297855114387,0.22316312823048284,0.163813342129763,0.05819064738177393,0.5247671987817547,0.4707181150419446,0.1240277558767634,0.2578748541043774,0.10501534892895847,0.35696606388185537,0.30039168418893547,0.32924719669586505,0.2851288332674874,0.38258534814559964,0.1994001345549174,-0.46261801939823444,-0.38088633929988186,2.3610416876068405,1.10854529530742,0.3766755058612034,-0.2439014446733338,-0.9296311402441616,-0.6599872002578483,-0.729680749139112,0.21145720151791475,0.28507012856087,-0.3107067500306869,-0.5650518552743296,0.4421928934793483,0.4240859699119416,-0.5258717916471103,0.14014594053631343,0.42651535440108107,-0.014144518211821886,-0.13694203259945043,0.20812587209720246,-0.059153724196483716,0.004584894671546726,-0.2128211370257705,-0.1002226958696976,-0.06771602627311975,0.154534140622381,0.19780339155603346,0.018819439277880726,-0.5555233374678471,0.20091861031852315,-0.23977168350990283,-0.18597484052565738,0.0,0.0,2023-06-10,-2.375852931180167
0.5,0.4666666666666667,0.0,0.0,0.0,0.0,0.0,0.0,0.0,0.0,0.0,0.0,0.0,0.0,0.0,0.0,0.0,0.0,0.0,0.0,0.0,0.25900759176241617,0.029531492857671527,0.2510786628756847,0.19359804842193906,0.17719990131465418,0.0475222185904511,0.3446556904758953,0.17786141998392993,0.07907676518147186,0.1654243463561788,0.17985884151182224,0.19119718989345635,0.19562695191264812,0.2106235249031257,0.190269934395903,0.1889984532464664,0.1954422531560382,0.25682253555469375,0.2536356520956383,0.5050771292858451,0.3650231084559542,0.19562695191264812,0.18425294174244788,0.22094244523077583,0.15781959448814492,0.048772348462302606,0.4974029129837052,0.4707181150419446,0.14942726558889763,0.19015586810793744,0.11629065517366288,0.3588906540364759,0.3033937532549913,0.34308616420837695,0.3112156416159674,-0.4882202778762942,-0.18876623265468995,0.6508469584368806,0.6344802531931396,-0.23620667918813862,0.15063855768656972,1.8108996834153879,0.031495982943795776,-1.4071391828698028,-0.7961711780560468,2.5199494276917047,1.3335132702401091,0.41265374936756805,-0.3746061394487844,-0.4607589668900318,0.8984324594766767,0.34865648469755006,-0.534211784384855,-0.24842847724869965,-0.4762462873041089,-0.10240489616570093,-0.1791374950212566,2.0204350642237054,-0.21992375717174223,-0.1828980680297179,-0.22106883092582202,-0.2738676366225772,-0.3312304544027916,0.40616906358214205,-0.3962636749195931,-0.22441962221525094,-0.5863542935183677,-0.11429291122931136,0.17690159628400162,-0.18548807795380992,0.0,0.0,2023-06-11,0.3439979419507688
0.2884615384615385,0.26666666666666666,0.0,0.0,0.0,0.0,0.0,0.0,0.0,0.0,0.0,0.0,0.0,0.0,0.0,0.0,0.0,0.0,0.0,0.0,0.0,0.03514441772670319,0.0038187954023278115,0.02726294315133407,0.049631547039426564,0.17654247624371877,0.05583886158001685,0.34465607734952697,0.165205739572448,0.07682873064978499,0.19314483330228382,0.1782519936683808,0.18867188472631263,0.19436859023973108,0.2099581503088595,0.19099642389649707,0.18716383398243414,0.1940358249028254,0.25371562052599306,0.2506370863978255,0.5038421892535386,0.2396825493800995,0.19436859023973108,0.18401302944411785,0.21871846027600633,0.14993193863459092,0.04157809123525458,0.4765004429571247,0.4707181150419446,0.17301252460730798,0.12953786922625277,0.10402227023479949,0.41541319743312227,0.38831282665521205,0.33906214936522344,0.3035307632687408,1.76878438887356,-0.7816004714754888,-0.8901759395657171,1.5795422495347695,-0.2594176548407509,-0.5355482432928124,0.21848456745626874,-0.4890546441881301,1.0111811018932355,-0.7945877879650174,0.2504109040909972,0.9133357238671592,0.5907717222011725,-0.2860508290951132,-0.6748743232099829,0.7788268860824973,-0.1772177595075004,-0.2014360489529285,0.023107476130167184,2.933953839044171,0.042635713875562004,-0.17751534658136472,0.08068707706482925,-0.20796692171479364,-0.19933719030906324,-0.22888610795284198,-0.2623095901686988,-0.0383433067585654,-1.0747754980421418,0.423368741366216,1.243591327527964,-0.6554135628391328,-0.07674414272586622,-0.29297740284794915,-0.1861115372241176,0.0,1.0,2023-06-12,-0.1452109670044499
0.20192307692307693,0.2,0.0,0.0,0.0,0.0,0.0,0.0,0.0,0.0,0.0,0.0,0.0,0.0,0.0,0.0,0.0,0.0,0.0,0.0,0.0,0.018767134548669028,0.002733785079769518,0.01638314619375773,0.018358261000415262,0.17682571511722295,0.0775312462796025,0.3437074853761778,0.14183298757399032,0.07442893913812507,0.26302593207390906,0.17611620529200595,0.1865040531631238,0.1939728972218432,0.20932518920792892,0.19170941679163667,0.18565876404201231,0.1927569429729316,0.2519834257617872,0.247857438991261,0.5064388588386445,0.26336045312796097,0.1939728972218432,0.18435285967980009,0.21754607521140779,0.14709538837588393,0.0766128195848764,0.44447029120633763,0.3498173343678386,0.18242624014662207,0.1520319354761736,0.11888091245628107,0.3528522785359446,0.29474379516826754,0.32839389452114853,0.2837454117837862,1.5510968979235182,-0.1473485881661554,-1.226949822093721,0.9681726956147662,-0.08672490080168567,2.8345207055960584,0.05758584822784812,-0.4135996479576435,-0.4870214678034721,-0.4353973209930604,0.14098058230885221,-0.6612714515784394,0.11272476341106781,0.15414047876753834,-0.1371323699477311,-0.5412420982652872,-0.04219026579788317,-0.46843922568894497,0.4039149157610629,-0.20622676555911026,0.005524205720671728,-0.08242335609143546,0.1806643770464732,-0.18631873096380425,-0.17957289260798068,-0.13389308601067576,0.03132073411339062,-0.13562025921702914,-0.552892326421298,-0.19212593726732463,-0.06981563843385079,-0.6851052237646414,3.707118202408253,-0.2848458327482569,0.3217122380264799,0.0,1.0,2023-06-13,0.0626523139658274
0.5384615384615385,0.5555555555555556,0.1,0.3333333333333333,0.0,0.0,0.0,0.0,0.0,0.0,0.0,0.0,0.0,0.0,0.0,0.0,0.0,0.0,0.0,0.0,0.0,0.2145341645282848,0.021582099376867076,0.3396061233996755,0.13074618054701484,0.16296698600210585,0.07860675120288935,0.36005612352513927,0.08031220995459942,0.07489049411468987,0.265799061877441,0.171204340670835,0.18276529366316696,0.19268761836412718,0.20807120468851997,0.19226105011053762,0.18207086911721237,0.1904294847959505,0.24314555172540742,0.24369085818901293,0.48998793669503427,0.21543084295982154,0.19268761836412718,0.186201543660016,0.21288947220465787,0.15384000194284475,0.0543123323798437,0.5523203168254355,0.5025588625661839,0.20694300766510143,0.12353485510037408,0.10389384569786553,0.35707584948911264,0.298392410568306,0.33127836997065035,0.28695224177992273,1.5281389133382413,-0.6537400133262764,-0.7802513741210093,0.5105773511833227,1.1565623922646489,0.654559496436703,-0.26728164664056403,-0.5819950899765681,-0.06049287325838936,-0.00660729915170987,-0.38284915993126795,-0.12967335256299517,0.20732625589496417,-0.08191889053685744,-0.1755028899888947,0.04146390370461037,-0.358998419534121,-0.3353635834937076,-0.3808893139431978,-0.7809765200573556,-0.07220872387977793,-0.15451949414884622,0.7990618589662584,-0.23526199514185017,-0.21628725411227692,-0.2887283475350206,0.06441281478697153,-0.36635382180470866,1.2066267634072423,-0.663925221333352,-0.2666731515983034,-0.711503863784135,-0.32163031084008986,-0.17879157111578048,0.8182901435439753,0.0,1.0,2023-06-14,-3.0636253390914137
0.17307692307692307,0.14444444444444446,0.0,0.0,0.0,0.0,0.0,0.0,0.0,0.0,0.0,0.0,0.0,0.0,0.0,0.0,0.0,0.0,0.0,0.0,0.0,0.139022037282861,0.013558692129502045,0.14853741988337912,0.1119509558941622,0.1708509054465704,0.09243438420089298,0.36879996001478654,0.02477539389956697,0.0783703051016563,0.3040140899747276,0.17020854096335614,0.18242091689205903,0.1916007469448201,0.20694983740242062,0.19294813083452522,0.18035155348483023,0.18892483328521598,0.2414522148797906,0.23998534098035768,0.4954567799034064,0.29995221973998254,0.1916007469448201,0.1865311403042314,0.21035706841809715,0.1562590555629807,0.03797915510070307,0.5217019908588559,0.5192125018751771,0.2314285997382156,0.16619473225383424,0.12053205075068596,0.36946006703104795,0.3178111574928851,0.34052038287034564,0.3056368410372381,0.3810290714314025,1.2567422099446925,-1.3505944721115377,-0.3843846562803623,1.5492113897795947,0.2222330367899147,2.965120488304525,-0.6617831284559053,-2.607232915500916,-0.8978239139103597,3.3181980803224564,-0.16758746786345882,-0.012787187707519725,0.6952133538747446,2.8025297901992654,0.5511976142524697,-0.23612716037916223,-0.5446671127408628,0.4992646393783524,-0.23960750513997978,0.05532701502974621,-0.11311598109576514,-0.09771374679380407,0.14790660254069815,-0.13819107151757506,-0.2105271536958038,-0.281026602292238,-0.26882148346589224,1.0016229614390713,-0.6667484798533903,-0.014240434043151246,-0.7021309829257933,0.010174666058767922,-0.2744919871556775,-0.04327060352273176,0.0,1.0,2023-06-15,1.7979087727655774
0.17307692307692307,0.15555555555555556,0.0,0.0,0.0,0.0,0.0,0.0,0.0,0.0,0.0,0.0,0.0,0.0,0.0,0.0,0.0,0.0,0.0,0.0,0.0,0.06424742291350025,0.009221800361250171,0.07421168457745009,0.08860812607703583,0.1839594214038971,0.09672135423238534,0.3844103959804652,0.036993810004553644,0.0877580751812522,0.3045560982108914,0.17161175798849465,0.18071252163931717,0.1910863709104892,0.20571027136269365,0.19389164346401133,0.1810858383748648,0.18861305509637066,0.24840606414827993,0.23854961788500942,0.5223796345669742,0.4001330980866187,0.1910863709104892,0.18610075436563273,0.20982653390015432,0.16384019111506037,0.12680436435709852,0.4613194633794804,0.2549963382129353,0.22687643032559396,0.3035691115297098,0.1376821568922164,0.40278024948570373,0.3687246926400657,0.3556487847802069,0.3358049900120928,1.4206827298718838,-0.050346363895214505,-1.1906863376117622,0.9539259591534103,2.157107521303881,1.5663032981505316,-0.4827865282651876,-0.4385699183108631,-0.4293362441689246,-0.8610494447513425,-0.7044266017753013,-0.1977125441710306,0.09177466206980185,0.19264169360030878,-0.22514628543415974,-0.32521802794967797,-0.3366267647480639,-0.5805567609579836,-0.34501613979000995,-0.891939735503112,-0.18201649838946446,-0.18879858968589208,-0.27525354585454737,-0.23146262023104125,-0.1706051873958638,-0.28464595927484315,0.04726685554362784,0.11725614171938603,1.6192426894591214,-0.28566437895111735,-0.3379576154040269,-0.688157373356388,-0.33325443742401556,-0.3387399471444638,-0.13895121368900576,0.0,1.0,2023-06-16,2.936568555264208
0.5096153846153847,0.4777777777777778,0.0,0.0,0.0,0.0,0.0,0.0,0.0,0.0,0.0,0.0,0.0,0.0,0.0,0.0,0.0,0.0,0.0,0.0,0.0,0.12843574157951862,0.010720972824349584,0.12507991582734967,0.08150819017468418,0.18715706522734915,0.05066900003354515,0.3769788459880655,0.04107710065095391,0.08391179059023926,0.17060824992861223,0.17381525347042703,0.1810212326992811,0.18958860565626445,0.20459549157817186,0.19515003091126037,0.1822411551347778,0.18858816868729616,0.2563071256466356,0.23913795928457798,0.5463878007292071,0.3747070467258701,0.18958860565626445,0.18217237195473301,0.21132911811615607,0.15899760662924778,0.15914226251148927,0.43426770724992214,0.16039428178419435,0.21287872026087118,0.5064161035454987,0.14933321590281845,0.43753081976094144,0.4229410081011834,0.3566658255794515,0.33791661681476554,1.985642340112694,-1.2917815807153548,-0.6570148940116876,1.8389922299064896,1.8290660875540157,0.00639536902490847,2.9685231709242688,-0.14648862569945567,-1.4295419632693267,-0.39132277914568553,-0.56260729092857,0.7193703889718358,0.11337599462893878,-0.16084644441420737,-0.4076238007769947,0.524323367456176,0.09078920717606631,1.891886281293787,-0.4037556497083866,-0.558114055546803,-0.13046295096997493,-0.18474525182076343,-0.22242439064631506,-0.21518909681378762,-0.20280172071883223,4.51807881163708,-0.11609961246757164,-0.33531809565618254,-0.4101675445801441,-0.02391630647651567,-0.23956924113492015,0.08109643284400692,-0.3125775867930592,-0.22751434571294793,-0.24118473310141436,0.0,0.0,2023-06-17,0.6959002900740696
0.33653846153846156,0.33333333333333337,0.0,0.0,0.0,0.0,0.0,0.0,0.0,0.0,0.0,0.0,0.0,0.5,0.0,0.0,0.0,0.0,0.0,0.3333333333333333,0.0,0.35531790159523713,0.030610204136267218,0.37034520424718487,0.16479751364787965,0.1841121365505211,0.037255623470934744,0.3776230642406895,0.043241669661466156,0.07766011343572468,0.1351094830239718,0.17532785058864686,0.1806987877226247,0.18824803624119957,0.20344813440148984,0.19640868741907025,0.18271023513838225,0.18831392720968393,0.26123951144169527,0.24069293720613424,0.5578534285768598,0.37242333317260035,0.18824803624119957,0.17906402971348007,0.21220952588978564,0.14983003044824977,0.1495724027919626,0.4185138912653602,0.16039428178419432,0.19988084662934297,0.616659675857052,0.13928382940572592,0.4262635078490025,0.4051922522618018,0.31521761764780126,0.26144339907354164,0.6314271708865505,-0.19127376376565378,-0.3588844387815851,-0.2257142107383412,1.5956686260973556,0.018740912699580864,0.11344112180264654,-0.45897184542491604,-0.5528606705763485,0.1569052979521482,-0.059385015393140644,1.010522888895553,-0.19201880050752512,0.5370663457280173,1.6874655695704897,0.8077217698077037,-0.007680995714982287,-0.2725149125986229,-0.3276176801463996,0.09524415127892542,-0.08020792385099916,-0.17342248153336048,-0.42336405041135844,6.066320228071172,-0.1744986586314637,-0.04064788586972105,-0.06651651804447173,-0.3199012480787992,-0.6612403224187614,3.613720774654879,-0.07879359834458652,-0.1480575134024235,-0.3321224100181505,-0.31170330685590786,0.04816066802001124,0.0,0.0,2023-06-18,-0.6580854145875503
0.1826923076923077,0.13333333333333333,0.1,0.0,0.0,0.0,0.0,0.0,0.0,0.0,0.0,0.0,0.0,0.0,0.0,0.25,0.0,0.0,0.0,0.0,0.0,0.017069822759755486,0.001105482215436752,0.012065281994442035,0.013318710002271632,0.19309730946079712,0.06594869049918378,0.38432452262075256,0.04543449986542309,0.0771879817999663,0.22395404816961884,0.1815826412086865,0.18139363017538707,0.18743844785854058,0.20249559598568573,0.19768160093825804,0.18460765110773653,0.18880125275038845,0.2707673784904003,0.24403146616281374,0.5790087769946588,0.4170344930030372,0.18743844785854058,0.1764075442716842,0.21362896330867293,0.14745461498437884,0.18079088028068213,0.3888980193385486,0.0643694116563538,0.177893745797796,0.6966397997778608,0.15275941485972666,0.44989765875926224,0.4421960421823721,0.3406680093815543,0.3083441331215415,-0.2838124110655959,0.4783226196480331,-0.09500095016874824,-0.8554471523434936,2.5385873432185924,-0.6937598482695472,-0.6549224649678186,0.07365944456238796,-0.655305326590691,-0.6251219841443407,0.0241106606291566,0.42340700310055535,-0.20478479540149397,0.45216380846128784,0.7391421322268186,0.12712172113603656,-0.27025838479672826,-0.3736833730088345,0.16680806176287385,0.5127567979272863,-0.10913265791307387,-0.08126665325276551,0.7342817968027164,-0.20973899652866965,-0.2028410818756476,-0.16601486816141295,-0.37185013315405757,-0.3147059718781247,0.11999003212401405,1.1710969614209985,-0.016183204183569028,-0.6864149500638859,-0.11653498676092951,-0.2458456023417317,-0.257007071267019,0.0,0.0,2023-06-19,1.9547852547670663
0.13461538461538464,0.12222222222222223,0.1,0.0,0.0,0.0,0.0,0.0,0.0,0.0,0.0,0.0,0.0,0.0,0.0,0.0,0.0,0.0,0.0,0.0,0.0,0.018046947449934337,0.0012440611826140088,0.017114034664996065,0.009373015034732823,0.2188661837788733,0.14851745857591453,0.43777523381399197,0.07497855525354587,0.08448598932062326,0.4649699421663322,0.19155019143904584,0.1860356976788397,0.18849197183540467,0.20258854200870163,0.1989432399004264,0.1905164965447122,0.1913783436036129,0.2935218247121232,0.251704484275587,0.6304217315468669,0.6370602454321186,0.18849197183540467,0.18116421051037063,0.21030123160924746,0.16524728198014443,0.3402363326214504,0.32323968175789686,0.25159611004138666,0.1768143119414578,0.8132381972397906,0.17609442129438335,0.5123633298693218,0.539795405008289,0.38593531166818307,0.3939376843527274,-1.2673961211819638,-0.7740061300254903,1.8472728161267529,1.0620179736845212,-0.7601993844896648,-1.1444193792840138,-0.7762322859786438,3.699860999903742,-1.8054494079488497,-0.8709125235499626,0.510303117038475,0.4764461809668565,0.07136206794078934,0.28945301877579516,0.548026444221275,0.24028380597848353,0.724332437137134,-0.24271648153824013,2.1686465210802877,-0.21988468950940185,-0.09921124282366055,-0.1504981238218287,0.20461293914943962,-0.2245388349931339,-0.20913024697209137,-0.26805758623176734,-0.3510599279818025,0.05816199977325464,0.2404138601178154,-0.16050506357288827,-0.13639578869936755,-0.47023237318281225,-0.18496052420070355,-0.23272767906339442,-0.2695805535729836,0.0,1.0,2023-06-20,5.498705349618893
0.5865384615384616,0.5111111111111112,0.0,0.0,0.0,0.3333333333333333,0.0,0.0,0.0,0.0,0.0,0.0,0.0,0.0,0.0,0.0,0.0,0.0,0.0,0.0,1.0,0.21463406422309309,0.04887428210583339,0.24284612789745072,0.1289057243685369,0.24853321447913446,0.24648310331836293,0.4968369856770656,0.12583550674139546,0.10526822307238129,0.7070261292195963,0.20495514395411302,0.1936975828854,0.19154207223685682,0.20311912867208198,0.20013655707000855,0.20047061113148062,0.1962119898583286,0.32864063422252476,0.26556319790123206,0.7037925189278832,0.6485086847628645,0.19154207223685682,0.19542398248747028,0.2001104502097089,0.19576532320154366,0.5567075544141508,0.2525139123888456,0.5472869457869266,0.20635154021115582,0.9109083537577705,0.2111273681931587,0.6190456138310482,0.7169092629912475,0.4509328564613122,0.5197580074200852,0.761121780748561,0.23685454601006167,-0.8362110184940325,0.07656811188224953,1.1698620823200976,0.27458751039411305,-0.21610998205811618,-0.5318950895970233,0.23525829869770268,-0.29534303439793086,-0.5370339137588848,-0.2934159118038007,0.13981194907395542,0.23523301989816234,0.04110319900889588,0.015760359200476748,1.547366983922541,-0.5392281226375099,-0.14134594466447828,0.3811741562067761,-0.02044730102858026,-0.1392802776358938,-0.00447331871575178,-0.22447770467637426,-0.18938860359480303,-0.10794052882642735,0.3744883140630217,0.2243199632718978,-0.3100559468335763,3.293114544779171,-0.13198402829476483,-0.615428047820071,-0.16360817909740005,-0.25288847787612423,-0.021106800553391432,0.0,1.0,2023-06-21,6.000562340273241
0.25961538461538464,0.23333333333333334,0.1,0.0,0.0,0.0,0.0,0.0,0.0,0.0,0.0,0.0,0.0,0.0,0.0,0.0,0.0,0.0,0.0,0.0,0.0,0.06050468637701161,0.00914463707270829,0.039227025203604646,0.05204931612294594,0.24652582841788562,0.13480391883410967,0.4958090238613839,0.1487470988077949,0.11174270015740803,0.38123897651129074,0.2172795779628161,0.20121446927328407,0.19407423785942424,0.2034760572209316,0.2011940482307134,0.208558094862401,0.20052198423856477,0.35467493781829473,0.28237338705270626,0.7388010451017403,0.7281142179345557,0.19407423785942424,0.20499190853681276,0.19423646329299388,0.1928758743490278,0.5139089631969918,0.23301501326301208,0.5472869457869265,0.2337789664615897,0.9290984051097823,0.18942987633694108,0.5948018770832321,0.6725343195227027,0.4594106782245777,0.5387311132261405,-0.9677022421857763,0.16826605214498383,0.7838435673770459,0.8860275558887593,-0.3583831915351761,-0.9108425504187674,-0.21686032958506446,0.9268602541496628,0.5196463981422339,-0.7402863043931134,-0.5404455052656112,1.016700502527559,-0.09922365482891177,0.008636767872338467,0.04869003480605271,0.403942137489628,-0.459657801610635,-0.5845827023553201,0.04637006922558483,-0.2786175651934505,-0.16890499515720214,-0.19143271200613796,0.9860011131198064,-0.2384014348006285,-0.21944197599476314,-0.2288830143500585,-0.3078167199944808,-0.279812694941662,-1.2196073795655031,-0.6230545315333299,-0.24127678743703085,-0.0485652651278337,5.245153118623269,-0.2913087869210168,-0.26447337948811733,0.0,1.0,2023-06-22,-0.3830368929937155
0.11538461538461539,0.12222222222222223,0.0,0.0,0.0,0.0,0.0,0.0,0.0,0.0,0.0,0.0,0.0,0.0,0.0,0.0,0.0,0.0,0.0,0.0,0.0,0.019606758920901437,0.0008298990420728894,0.007530560776187493,0.012125017905381454,0.2601949248632105,0.16526644049405356,0.4784947899830988,0.15003985644958198,0.12925435836210755,0.4379782770247937,0.23307369684564533,0.21016912575142283,0.19751710775896902,0.2042040234681371,0.20248761304747376,0.217684056336311,0.20564038382750766,0.3823875766173874,0.3019137113246132,0.7711841721124187,0.7548450966000105,0.19751710775896902,0.21693527356158604,0.187463858969239,0.2040697246860011,0.553338952744645,0.19984853748516399,0.6254198053665184,0.26731701381048295,0.8975960982988727,0.21476485524999145,0.5961758681877571,0.6662670757733068,0.46994043869387414,0.5561524766379274,-1.1580650123515315,1.690732147879927,-0.3247452766441564,-0.899770394693776,-0.1220687602925215,-1.0752606934580902,-0.7810181036023701,0.26640966612075134,0.27482321224346506,-0.39067623188334405,0.9802457601486748,0.580625565822746,0.24185090777035073,0.14957340745213302,-0.38026257865803437,-0.019729605503327207,0.05612966522437355,-0.5143820564627622,0.5779882203735551,0.4513456049699874,0.045847278665019864,0.019447434493295664,2.8098386286925594,0.033658567472001175,-0.1817662152444239,-0.0890945942663617,-0.3125208876302858,0.40112217622246094,-1.2056216271634785,0.16984853091984609,0.9794572665608452,-0.37203435610083135,0.5530580188724713,-0.21866513623437375,-0.2264980727015949,0.0,1.0,2023-06-23,2.618280743799839
0.34615384615384615,0.32222222222222224,0.0,0.0,0.0,0.0,0.0,0.0,0.0,0.0,0.0,0.0,0.0,0.0,0.0,0.0,0.0,0.0,0.0,0.0,0.0,0.2696843255658556,0.025348927666503415,0.29822659148956676,0.12831249556887026,0.2576332646314021,0.05997336055850457,0.4802804311026678,0.14873724744612912,0.13235693327935796,0.15674769098648744,0.2464707945439098,0.22033719628695897,0.20077861541779307,0.2046036341948863,0.20361259163317158,0.2249782326811665,0.21016831255953156,0.4016853396174258,0.3217882700991467,0.7751486492801977,0.7377720115915264,0.20077861541779307,0.22625494025791854,0.1833200874764755,0.19481041095275414,0.5267380694996632,0.18967510270547075,0.6254198053665182,0.29845948634874087,0.8947315827237505,0.20200277557736257,0.5820597283833895,0.6427079102710707,0.47076500663039633,0.5590214885066082,1.0242570691732025,-0.9872248842774163,-0.04437604563439923,1.524867613271382,0.5833707316975868,-0.31656306992819405,2.7336336239402024,0.9253002349747794,-1.2940098768211046,-0.6571228787745652,-0.5874357392348677,-0.35759807662661636,0.3228685095201043,0.04367149307851736,-0.42518129712229874,0.008738215460252073,-0.18512383706404056,-0.4120217379782786,0.6076736174614826,0.6253901556262906,0.08672942042644327,-0.1459949194219088,1.921849494184601,-0.10280039673776356,-0.18690939161659215,-0.1380789640053653,-0.42203154041226615,-0.10079443508237214,-0.49207544941876197,-0.22120857555821472,0.626160563799221,-0.7180897157712053,0.4423589369244547,-0.26586305354416556,-0.2696718805954897,0.0,0.0,2023-06-24,-0.478159948282264
0.1826923076923077,0.2,0.0,0.0,0.0,0.0,0.0,0.0,0.0,0.0,0.0,0.0,0.0,0.0,0.0,0.0,0.0,0.0,0.0,0.0,0.0,0.10247754929460125,0.01046586154386418,0.12010987422292901,0.06976660063981896,0.25643888219671196,0.06486193435775198,0.4807660942329217,0.14305027502278214,0.12254924258145558,0.17752299124693788,0.25427055686493744,0.22953016972153467,0.20526739588401066,0.2052243929129159,0.20423820421270544,0.23095076907526418,0.21426230579340705,0.41496336814404516,0.34060687575043963,0.7626236046949317,0.806895175889362,0.20526739588401066,0.234182332937046,0.18319788925804137,0.19001466337542405,0.5219908801459133,0.1758361837350958,0.6457445527124032,0.329476678411166,0.8950762344873829,0.18865695815250016,0.5865954447160956,0.6514339220871732,0.46741845671082316,0.5522270464843688,0.8385771266545007,0.17207145746387936,-0.8517162883728117,1.5184455041295308,-0.7067167512638448,-0.7173918339069237,-0.3672569700154327,-0.0893802110898218,1.6616760815233274,-0.81049144869863,-0.6591825274511239,-0.024238795706401958,0.013931961832010188,-0.031318099122226495,-0.07353131450831693,-0.11135283696084976,-0.3821052478873752,-0.5640039765148807,0.13246919019393338,-0.43330178051438245,0.057114481196553095,-0.17470372554692548,2.743231820356213,-0.18325591457264603,-0.19515305419278356,-0.06137397506858385,-0.4212872259322776,-0.2953216946462213,-0.8885412059890088,-0.6367870372736109,1.5654677079953232,-0.5619989243853011,2.8521557941232305,-0.31474404270349915,-0.24150117026494755,0.0,0.0,2023-06-25,-0.2240147837737516
0.2403846153846154,0.2,0.0,0.0,0.0,0.0,0.0,0.0,0.0,0.0,0.0,0.0,0.0,0.0,0.0,0.0,0.0,0.0,0.0,0.0,0.0,0.06974055447156809,0.0049998661453157945,0.07904839927393058,0.0463181471583617,0.252788887927791,0.09820418121630561,0.4830360022897041,0.1369063463805497,0.11649698510778464,0.274103963414409,0.2551539973100791,0.23692311767165813,0.20815109711683322,0.20593990746633256,0.20491476918642593,0.23539491351127223,0.2177519254631009,0.42194948509957486,0.357197544469278,0.7361972332983309,0.7759138298587585,0.20815109711683322,0.24032090069261264,0.1819280541111184,0.18493116795735132,0.48702247168625445,0.22581645157684957,0.5391645241777279,0.34727055146768193,0.8720773594461003,0.17132978971712065,0.5556264622415213,0.5994790288122112,0.5016620488302896,0.6321321326215654,1.5960330652695325,-0.34402289912260664,-1.1021266913105432,-0.050735810796494675,0.03026983330783102,1.9308208656237704,1.834475029251422,-0.3879010567708419,-0.3984571957963991,-0.6290617995236102,-0.5897427228122151,-0.3268576289612793,0.1484294300631517,-0.012070537843130558,-0.3951445043899138,0.16085440881421628,6.297947028513383,0.05476283814574238,-0.05931881872104427,-0.830626829376018,-0.06216948909554081,0.23307308902799928,0.37249963413005044,1.0953940609546176,-0.1935217608096369,-0.23514676448249286,0.37677817366685407,-0.23345501050051326,-0.11038243640975456,-0.5572105759967801,-0.23829873110709898,-0.4752339415712204,-0.29267468903151644,-0.27534442665780934,0.0474339477539174,0.0,1.0,2023-06-26,-0.6861189753050945
0.2884615384615385,0.24444444444444446,0.0,0.0,0.0,0.0,0.0,0.0,0.0,0.0,0.0,0.0,0.0,0.0,0.0,0.0,0.0,0.0,0.0,0.0,0.0,0.14908917405561917,0.011410718138254566,0.13841260662136765,0.08654195357478228,0.26006743498634133,0.09763794576876544,0.45302770832206496,0.11819550207266591,0.11304450264844293,0.27642537159625935,0.2579651159447916,0.24475439395309456,0.21228040909284274,0.20711941882224788,0.205457103324579,0.24037084315384144,0.22158351553418904,0.43026508844109,0.37229812960274133,0.7185228091862814,0.7964510728801298,0.21228040909284274,0.24728455023994705,0.1821903102229549,0.18192471588426923,0.499828235472044,0.20821227447659504,0.5769019798780561,0.3676910358918841,0.8796364872644751,0.18858934477057,0.5103063954210212,0.5231580305112894,0.47004473118189505,0.5564315550974821,-0.27133086974040027,-0.473984900486863,0.6947525994578326,-0.038474177099790244,-0.5787477514101261,-0.49058159895396464,-0.3251382117793778,0.11083601216992817,0.6101292438163144,0.026190809115593426,-0.07977883465797159,-0.5826651940646898,0.004136182032833347,0.29465621013917714,0.24944388211836105,-0.36313571733304884,-0.014635376842492772,-0.43388030245159875,-0.32145506492456316,-0.34494966404388466,-0.07187706747924547,-0.13628521611736283,2.2750170539795453,2.7086586320598203,-0.15980772637274518,-0.04002204176392614,-0.2833538970982748,-0.13278351241986672,-1.0173122564625943,-0.2698122574453624,-0.2190399346818471,-0.39706466339127083,0.0006593896386891474,4.049934761815548,-0.13578005761338466,0.0,1.0,2023-06-27,1.3776598074988875
0.10576923076923078,0.08888888888888889,0.0,0.0,0.0,0.0,0.0,0.0,0.0,0.0,0.0,0.0,0.0,0.0,0.0,0.0,0.0,0.0,0.0,0.0,0.0,0.09821614533894196,0.01836013838999586,0.07234028882142225,0.20418211834769864,0.24956206460310892,0.08129705152810135,0.458637969214836,0.09098062535879643,0.1160132253711886,0.22820090274260857,0.255757827506277,0.2517843469059355,0.21568304251886394,0.20807577615760903,0.2059317905204081,0.2428268737418237,0.22426461904097944,0.4292127018221652,0.3841472476262521,0.6799559735726836,0.722140025225114,0.21568304251886394,0.25169979470416454,0.18391342377812342,0.17934894761339198,0.46009758775175214,0.24552163046040895,0.48697775401813426,0.3773653546700275,0.8582810619680424,0.1732810330173642,0.41184324353138024,0.38213472284426314,0.4787071151674083,0.5803703966937988,-1.7870407598681821,-2.6994600130828825,3.9364771942998953,2.4257992426226886,-0.7277828182527188,-1.1474468513298626,-0.7999615741453987,3.9590247664779836,-1.7531960655546415,-0.9594102414787782,0.034540538396035915,0.768625766894071,0.5355458409459987,-0.7177807791772707,-0.8779020482376445,0.7523524894381816,0.3230117449172799,-0.5746049888083561,-0.31112519192347327,4.08671451131464,0.04951673508682819,-0.1822489976681654,0.15427407601243456,-0.2287220392825717,-0.18893010513891928,-0.19959167906876968,-0.42147256090537255,-0.24822303681262609,-1.5272762523942898,1.627780771914241,0.44385008497295825,-0.7334043795211025,-0.28836120138841875,-0.33323854694999633,-0.3059084896530811,0.0,1.0,2023-06-28,-1.961401038928634
0.038461538461538464,0.03333333333333333,0.0,0.0,0.0,0.0,0.0,0.0,0.0,0.0,0.0,0.0,0.0,0.0,0.0,0.0,0.0,0.0,0.0,0.0,0.0,0.012611322727254294,0.001349570168987602,0.01816137374905627,0.01250699937638631,0.255829589667525,0.06906210396003543,0.45979894649207365,0.050559992019145565,0.11842379245946263,0.19245084086163755,0.2553834004191889,0.25852239829269,0.21945365496095215,0.20918819595295451,0.20639635056458094,0.24595171498026897,0.2272641764134547,0.43056115795580513,0.393922978196167,0.6553627698335593,0.8289261277995701,0.21945365496095215,0.25648628808799273,0.18594390528348953,0.17614818057585113,0.4374050151808079,0.227057329601727,0.498059239202281,0.38749316933603695,0.8639907895097415,0.18712838681322563,0.4321251736392225,0.409617623901527,0.48457064475326184,0.5906110817765788,-0.2974585680612065,0.5973212621646649,-0.18276445240796851,-1.2567334773823409,-0.5415198543502907,-0.136775977975873,-0.043399978817007995,-0.6326643985241707,0.7043093997473882,0.7946877471124635,-0.26620629257946593,-1.258806399154072,0.1460551025971092,-0.011536556754783133,-0.18148468572713597,-0.6442466181288511,5.125624512506485,-0.4676182471512101,-0.25285459369373675,-0.4307200671811626,-0.0354077247946509,-0.09172166211918918,-0.47908431035559496,-0.19701218022172293,-0.16754602009004876,-0.14228796245610634,6.042528376728913,-0.20855056777346137,-1.1956658691424242,3.9909203963430997,-0.09296555194586519,-0.5257296155495075,-0.24824161455729715,-0.11920315826166344,0.9028676591279233,0.0,1.0,2023-06-29,1.1935868224670187
0.27884615384615385,0.2888888888888889,0.1,0.6666666666666666,0.3333333333333333,0.0,0.0,0.0,0.0,0.0,0.0,0.0,0.0,0.0,0.0,0.0,0.0,0.0,0.0,0.0,0.0,0.1350763065325676,0.019081378923713855,0.13390358697572807,0.10810799079193151,0.2563863522768576,0.18525333362114,0.45127214743210997,0.044037846873604354,0.12567602845033984,0.4969271287543034,0.25537249566901504,0.26255242593628897,0.22385289845432788,0.21055782763678083,0.2070451923057225,0.24868878942046463,0.23008747578337002,0.43046295127941714,0.40172197351142536,0.6319159930279165,0.8174711499517192,0.22385289845432788,0.26016174763243344,0.19048755580623977,0.19067831818160202,0.42563501300714934,0.1903430880115061,0.5516900686738029,0.40243667140994177,0.8395006412416505,0.21484997264830508,0.3999866485996654,0.3664118355126306,0.48634984086234356,0.5943776006523913,0.12157155260034362,-0.18483080010066752,0.09645938600105941,0.9742459375060581,-0.30051868483654715,0.9012859948731557,-0.24666206344650113,-0.4760535091895275,0.36255503159000574,-0.628015324429733,0.6504670550502385,1.3504474624589307,-0.016068056426738347,-0.49295062340193085,-0.5145925585786214,1.1027564491954283,-0.1473988758143814,-0.32807186697533464,-0.48611228146794994,-0.6400852650289302,-0.18174018406062747,-0.1929597351025256,-0.6283500073654752,-0.21941377587149818,-0.16276999423982955,-0.22752052754155025,-0.08046374920136531,-0.3160805113013894,-0.6972987956383317,0.2704905585800134,-0.31924170642803856,1.5745614547041735,2.8994389403851697,-0.32919047246744926,-0.011648621945926451,0.0,1.0,2023-06-30,0.1047791829879685
0.2980769230769231,0.2777777777777778,0.2,0.0,0.0,0.0,0.0,0.0,0.0,0.0,0.0,0.0,0.0,0.0,0.0,0.0,0.0,0.0,0.0,0.0,0.0,0.1689069142507959,1.0,0.33479511027581,0.5463579368949247,0.258355525463248,0.03304057027056582,0.44424583573228527,0.04462842574719095,0.12384358790076713,0.09091842461759068,0.256528080748932,0.2636074367844447,0.22827486887795478,0.21204904916399664,0.20750700337453754,0.25133362263939935,0.23286409340998188,0.43005165040481913,0.4078707519553171,0.6123421696883015,0.7986631710192255,0.22827486887795478,0.2633670702910819,0.19561185984161406,0.17853039042448104,0.41152893493017306,0.18397701331797342,0.551690068673803,0.4163127804785677,0.8538716705367234,0.22439604554479153,0.41109178862143203,0.38108008587758135,0.5084463537007895,0.6449274781522647,0.795854203827809,0.7053910441666764,-1.2617087607668698,-1.120145491499121,-0.4391257527866731,-0.5499927056141668,-0.461886527187435,-0.6818949960458417,1.5308483548047536,-0.2110106198964787,-0.34269369026224916,0.5819953551929047,-0.4815611795383378,0.43279993377226145,0.6920988503074578,0.4734847152897479,-0.3895141280603279,-0.37847248753664986,-0.45827469389454784,-0.5476052969156323,-0.158276491915327,-0.18594082596393607,-0.6499107670748919,-0.22832814628116432,-0.20435591412464318,-0.2151513613133193,-0.09017297122228256,-0.37466621097646174,0.8820732065363083,2.1011735160522482,-0.2418151586316977,0.03816910694709911,-0.35010244446975325,-0.304678291855965,-0.038244134209393,0.0,0.0,2023-07-01,0.3701979825757595
0.17307692307692307,0.17777777777777778,0.0,0.0,0.0,0.0,0.0,0.0,0.0,0.0,0.0,0.0,0.0,0.0,0.0,0.0,0.0,0.0,0.0,0.0,0.0,0.2151157454083925,0.30771459661709843,0.271871235121199,0.2376908641317952,0.2588911874753127,0.04576971731158579,0.44169388996759584,0.04171714218370536,0.12256948512949387,0.12600789258968675,0.2562839020925391,0.26493559550065976,0.23276184768330732,0.21356060107074487,0.2081471804061198,0.2536610126990488,0.23547922634620572,0.42856828452923457,0.41246368084658797,0.5938876714860132,0.7933820044748138,0.23276184768330732,0.2656963616786607,0.20186309669264835,0.17086868508343767,0.40660187519157387,0.1736710678151299,0.5668568829561048,0.43076419877697036,0.8546724083173449,0.23546208806569413,0.41533215326338135,0.3867214811580551,0.5067120039432216,0.6404408396502057,-0.24076903907315264,0.4829934465470615,-0.13782870528575702,-0.07182652556963,-0.5642157141389286,-0.7527679309118946,2.478104734317692,-0.38689614091376356,-1.8030872968936131,0.2902800716548309,3.5226290647697285,0.900229743224057,0.018545270437109566,-0.2608366953092391,-0.04494274119461247,0.883273885645667,-0.03951099171709574,-0.5913566698740893,-0.38616861725303614,2.5901821020750955,1.7012120035780955,-0.19379352872737235,0.7139002480830605,-0.23402049061058505,-0.2076962596514463,-0.2722545456560622,-0.3907235588233725,-0.3101628342960002,-1.1359405903280893,0.1364592151450942,5.95620556478485,-0.7269636616710895,-0.38068530495483927,-0.31303898259837615,-0.2705738477284586,0.0,0.0,2023-07-02,0.1003312450677196
0.07692307692307693,0.07777777777777778,0.0,0.0,0.0,0.0,0.0,0.0,0.0,0.0,0.0,0.0,0.0,0.0,0.0,0.0,0.0,0.0,0.0,0.0,0.0,0.00784882288545953,0.0009212351795306268,0.004913819414325414,0.008633649384416603,0.2682403201223085,0.08745907974992911,0.44280588951923483,0.04218364762192615,0.12382570708838866,0.23720796149046597,0.2601613439520785,0.26579974847746707,0.23774280475018772,0.2152254514723257,0.20889671476383653,0.2571916252644458,0.23867192427532952,0.431373785104743,0.4167547676354152,0.5903074123744961,0.834961747912878,0.23774280475018772,0.26835898018112175,0.2087149511231487,0.16922841700495955,0.4588225404046611,0.15802895335099826,0.6359535862638084,0.45131982301778684,0.8995339018052311,0.25150619898060245,0.4471932064599389,0.42941768915787204,0.5237867142421891,0.675411530696842,-0.41739832942151484,-1.1618300134063957,1.4053360758529998,1.0286553098540119,-0.46559212170006775,-0.6349004277760982,-0.7863384902808324,4.603810836899482,-2.3339344314275667,-0.5778610637738062,-0.9756215350159222,0.9063630556385149,-0.34618167037204894,0.6077653605924564,1.828958996276606,0.25060162968482563,-0.47070970057010586,-0.13211385812927143,-0.3818231906387189,0.4907201704534055,-0.0880481939719327,-0.1601824340559375,1.1407820516467098,-0.18366741015848856,-0.2093361303351321,-0.2258837892409136,2.95472116116899,-0.3588855306235785,-0.38684937516986934,-0.6352654726160368,-0.11606449396948115,-0.7018664826451867,0.0918815746129886,-0.2751475429818946,3.246401358041407,0.0,1.0,2023-07-03,1.749367929268808
0.11538461538461539,0.1,0.0,0.0,0.0,0.0,0.0,0.0,0.0,0.0,0.0,0.0,0.0,0.0,0.0,0.0,0.0,0.0,0.0,0.0,0.0,0.0865686764937001,0.006521085262284317,0.08456459929641945,0.04488282284307073,0.2616280610673102,0.06580653308920625,0.44816081246755723,0.038215683498022464,0.12220602691132756,0.18035892984526503,0.2613650557068384,0.26622882810881593,0.24311860415384656,0.2166377999605637,0.2094664295121308,0.25907483541406257,0.24108263230001864,0.42824977424070443,0.41950087408364994,0.5719818378547703,0.7623811412831157,0.24311860415384656,0.2668361440150266,0.22111819976730712,0.16535414350103195,0.4251761968892527,0.14547672090266262,0.6359535862638085,0.47040718838425943,0.8854062559270433,0.23804758834387396,0.4131466343024712,0.3837821323906057,0.512020567199902,0.6514122416924899,-0.22979286513251196,0.3188529954607142,-0.00968136247930138,-0.8619798268802573,-0.5837437926513516,-0.3501214342951774,-0.04756584479240492,-0.3223869523960217,0.4695790842993332,0.9273389617035858,-0.2489896088818528,-1.4410959934129877,0.10489558614972275,0.10300036472440016,0.06455560341605988,-0.791360980700731,-0.6062185843252048,-0.613162874486128,-0.507922671375152,-0.3762200161133126,-0.1803101956591447,-0.2086534069360253,-0.6968691955901539,-0.23567193766887715,-0.23037068279950196,-0.12808981349083143,-0.509618132548918,-0.4017572527465376,1.9316452712907657,-0.8029744415355449,-0.30361995907153816,-0.7441490951704893,-0.4018561088770057,-0.35681539951430247,-0.4094193162122417,0.0,0.0,2023-07-04,-1.21598433108826
0.07692307692307693,0.07777777777777778,0.0,0.0,0.0,0.0,0.0,0.0,0.0,0.0,0.0,0.0,0.0,0.0,0.0,0.0,0.0,0.0,0.0,0.3333333333333333,0.0,0.09331307323286593,0.014259460770341582,0.08393009172248726,0.07955487583431843,0.2570306193016777,0.0629101543935856,0.38641402820660564,0.06474727576628762,0.11847016793320794,0.1756263874486229,0.2614987998848313,0.2662923863759085,0.24781432487292032,0.2180078463930583,0.21015712356353022,0.2599005592822357,0.2429354926586677,0.4216843497061994,0.42025445743149625,0.5483477956607846,0.6553944911595915,0.24781432487292032,0.2640787187291545,0.23357816765014333,0.16148716661811957,0.3935405948492836,0.2144096631536169,0.4812048806818275,0.4721484048560738,0.7647073219111862,0.224934830231589,0.4276270551172208,0.4033820200649198,0.5278235838761138,0.6936403983514483,-1.7706107869291463,-2.567215445906736,3.810391925164592,2.6656928362323216,-0.6546671293006222,-1.1010726189495739,-0.8355488190166281,2.8119953719749677,-0.7472947279811978,-0.7974361886068291,-0.26497082290114654,1.190135278066659,0.8332208642128756,-0.9825950053203009,-1.135891696654774,0.7663620353288749,1.6424386231077457,-0.5823346520343544,-0.35782462640272816,0.5936022917357093,0.13362393623022348,-0.19056792337556974,-0.6441691070948082,-0.2173921775678797,-0.18689340161569523,-0.28944868856196365,-0.42489566440776166,-0.34857899936838244,0.7850911252067219,0.15137526481660757,-0.06829576539356146,-0.714470341645113,-0.32883531857509074,-0.32079062772194544,-0.34077354851066743,0.0,1.0,2023-07-05,-0.85586975402272
0.10576923076923078,0.12222222222222223,0.0,0.0,0.0,0.0,0.0,0.0,0.0,0.0,0.0,0.0,0.0,0.0,0.0,0.0,0.0,0.0,0.0,0.0,0.0,0.09975580484195265,0.03183064390402147,0.10831124604436734,0.07881261638497945,0.24647445749691188,0.13899231935505527,0.3404009124548524,0.10362195380278975,0.12381893962337484,0.3757405203507793,0.2590323944851756,0.26561415570134767,0.25122061548475916,0.2189969288603651,0.21069776258017114,0.2588363952474682,0.24378024886730748,0.4090413647895199,0.4180779694880701,0.5135931529086771,0.4141493111117348,0.25122061548475916,0.26091073072714605,0.24394688819750626,0.1753713719647051,0.40785063377837105,0.17901767175545596,0.5578356972922041,0.48167983759875044,0.48442478473544986,0.20273720733389555,0.3863919486544245,0.3482203640792419,0.4963583133909577,0.6232238608828657,-0.04054202788300638,-0.5447153545642661,0.545680685637169,0.88468863763243,1.6753814307069756,0.5918420554171586,0.22281806198180648,0.6621045029916006,-1.6007742133765506,0.2080167703849502,-0.5313626352716904,1.1545973580582771,0.2765176305803873,-0.48085623440628467,-0.21371341944001038,1.0323496071324736,1.6824035249249514,-0.5527503759207429,0.13060342113784218,-0.37883146467230966,-0.015500997450531719,6.255465624426954,-0.05865591012086068,-0.20867355176242272,-0.18741162443781417,4.4845216051180365,-0.1612507812221176,0.05263460466991855,-1.2206415309986223,0.4958221987698185,-0.09091187427783202,-0.588107552891146,0.7600571031756834,-0.2339277244055163,-0.027980158243584692,0.0,1.0,2023-07-06,-1.9821224171432168
0.1826923076923077,0.18888888888888888,0.0,0.0,0.0,0.0,0.0,0.0,0.0,0.0,0.0,0.0,0.0,0.0,0.0,0.25,0.0,0.0,0.0,0.0,0.0,0.10124668183716644,0.009525729232445745,0.08415819317944516,0.07363560993325453,0.25403041434636087,0.07085611253556728,0.3098314314949173,0.1454472653117655,0.12637332312381497,0.19037900928097784,0.2580233406588935,0.2649657215114691,0.25486437985765964,0.22037979556663395,0.21110588627219007,0.259197775255075,0.24518577685819248,0.4022860436344054,0.4148517316388258,0.5011416869445439,0.4891004882540355,0.25486437985765964,0.25718171506859594,0.25542597463132916,0.17089651206948603,0.37815527951570804,0.18632657746801543,0.5181964332582777,0.48643642872736226,0.3400684557621694,0.216798781181734,0.4035470777226956,0.37105646885982263,0.48688369276142657,0.5968095510571925,0.6483663829083113,0.502363627768158,-0.9576454886792964,-0.5140743300781647,-0.5003112680909131,-0.5417837414542745,-0.634022684407832,-0.5966377032325322,0.21818920567007877,0.035845783417943713,2.064364210830849,0.18620153546838017,0.04413229126947495,0.06405780139048153,-0.24098409718851244,0.11777919116039681,-0.414774617793817,-0.498487334758744,-0.07871606246298578,3.5822696972049046,-0.0014276492658569725,0.36891311882372413,-0.600202578139727,-0.03901482655393865,-0.2061316922125088,-0.2830225889776569,-0.360149300882854,-0.3571094437834967,-0.9525655847138668,-0.5104984307561559,1.1253800240106153,-0.3159460403136403,-0.32076319111393486,-0.24450162210547416,-0.2043661135944327,0.0,1.0,2023-07-07,1.4474667943441766
0.17307692307692307,0.16666666666666669,0.0,0.0,0.0,0.0,0.0,0.0,0.0,0.0,0.0,0.0,0.0,0.0,0.0,0.0,0.0,0.14285714285714285,0.0,0.0,0.5,0.12042017344700517,0.025662305103642896,0.08317671437521083,0.08433109112139053,0.25316256280218663,0.019164007765755546,0.3107213384543456,0.1661106876835466,0.12408409406002566,0.053502313956284395,0.25489333061481195,0.2653524497126974,0.25862676781076843,0.22172025325971073,0.21156828543622774,0.2593586292318926,0.2464155962235311,0.3953346571133169,0.41074259208281905,0.4906692682374776,0.37837892183576105,0.25862676781076843,0.24974654342863084,0.2713622987021595,0.159815422643589,0.3649487487046047,0.1799274877893067,0.5181964332582779,0.4908532633467876,0.2905701729147535,0.20890968918354758,0.3965934879589252,0.36187552453355926,0.4799465263970511,0.5814445957580037,-1.3433488252013055,1.256489792745434,0.2079610302134078,-1.0792481293642469,0.46730352905492584,-0.7515477837844259,-0.7775987411535159,-0.3770073328780282,-1.7834102228602915,-0.9315795405708901,5.802794805827543,1.1724152032071808,0.35986007728594027,-0.4196756360135085,-0.5715197886190986,0.7922253335951497,0.007608935250623465,-0.49113816517647196,-0.3557517880940674,2.6567684070339666,-0.01000540766474238,-0.16378468003836702,-0.5764397173602152,-0.0802646434770512,-0.12122888541845533,-0.12187555512532734,-0.39453351549230525,-0.2077985076177422,-1.1801003725552441,0.7014723841768219,-0.002633288993906556,-0.6625870380475779,-0.19793448760719115,3.9889143439034638,-0.2421032497773072,0.0,0.0,2023-07-08,-0.1638790260079625
0.14423076923076925,0.13333333333333333,0.0,0.0,0.0,0.0,0.0,0.0,0.0,0.0,0.0,0.0,0.0,0.0,0.0,0.0,0.0,0.0,0.0,0.0,0.0,0.09906719735153989,0.024440290574897994,0.11185645671694537,0.043174034520128544,0.25104537864109944,0.022629998546560788,0.311728043764014,0.17361283255033297,0.11860274788070727,0.06566529579447923,0.25269645865407536,0.26483857934747396,0.261784215624273,0.22291857989288005,0.21191478106666906,0.2591411718144985,0.24737965580353366,0.38758425109819516,0.4057514797200529,0.4802078675516659,0.3808903150680515,0.261784215624273,0.23935745096920275,0.28946301427525506,0.1504361215638504,0.3576843967635126,0.1723593841058946,0.5261821459184819,0.4957793906620902,0.3408860610302115,0.2006067280794146,0.39009132257568063,0.35328965728397643,0.48152958515554356,0.5860716453142915,2.872356637255903,-1.834851378869856,-1.0015474467103838,1.795773306441962,2.7731712158422592,5.898335293682023,-0.5953263237304399,-0.6655601383704285,-2.12804243463534,-0.40425543004167597,-1.2497857155993644,-0.7537752053023679,0.09848662904380191,-0.3654755131133601,-0.5871830244404151,-0.22248289260421195,-0.16824447309375087,-0.0427107402791758,0.06266000577208121,0.22571833651029152,0.1950567193347448,-0.007845018917997625,-0.4421383403989543,-0.18084825676711858,-0.13353270566505465,0.8643435693296765,-0.14351662443331842,-0.33433060799387465,-0.11272670378936991,2.6165729204652513,0.08047119868556904,-0.6994978032211218,0.489506731797257,-0.29421375582609083,0.6545968692771381,0.0,0.0,2023-07-09,-0.4004505286051452
0.375,0.3888888888888889,0.0,0.0,0.0,0.0,0.0,0.0,0.0,0.0,0.0,0.0,0.0,0.0,0.0,0.0,0.0,0.0,0.0,0.0,0.0,0.21880441568938835,0.02730950509986347,0.17647021027099094,0.11692684331380501,0.25529062109983036,0.0835555897662521,0.2910883140697742,0.18077482480234516,0.11038277457701964,0.24015959255293245,0.2523352503037329,0.2647208872605205,0.2637688936576231,0.2243607741262043,0.21232487213910323,0.2596661145959666,0.24862252475924068,0.3829864258933532,0.4007478327327559,0.4800591898048479,0.4284328431416191,0.2637688936576231,0.2327324887769499,0.30094844855017616,0.15505444890805936,0.4039059458123735,0.15050756431421702,0.609696812955569,0.5089792188942623,0.3547581931475077,0.2161847287211618,0.3775816118966826,0.33746054032064354,0.47344159510154527,0.5659196666371464,0.3904565655094531,-0.12725611324873226,-0.194964512953798,-0.12552000877747305,-0.1608557037382443,-0.18007715370528946,-0.6676318100460177,0.20742223630550294,-0.449879429904297,-0.8415939586171567,2.263455549759784,0.3253710057679889,0.0008953425873621928,0.00916774074589934,-0.2971262422270814,0.0773985390744663,0.3958745163857339,-0.3768044847720081,-0.2511280402289474,1.8354301783370823,-0.08750174789477139,-0.1338336410100172,1.6081332021713453,-0.22582372345077398,-0.17351968858702113,-0.23010973111167166,-0.16522493633547902,-0.10981993565658132,-0.960190089186801,0.5739667074512781,-0.02677047266455271,-0.4594802471520808,-0.33398206457486607,-0.05465094118329029,-0.1320699673283759,0.0,1.0,2023-07-10,0.8061862007427312
0.3076923076923077,0.2888888888888889,0.2,0.0,0.0,0.0,0.0,0.0,0.0,0.0,0.0,0.0,0.0,0.0,0.0,0.0,0.0,0.0,0.0,0.0,0.0,0.1871790968059991,0.05762522893087901,0.20124491992353782,0.1615318614506904,0.2588943576781333,0.060008699378791046,0.2910249006674963,0.17894360210498209,0.08678716918125332,0.19596706680971077,0.2549135125405069,0.2647787630326233,0.26433344687573457,0.22584592293265743,0.21282056764748358,0.2607121122323391,0.2500706280176978,0.38053888860728335,0.39620686387475174,0.4855471836091914,0.48353195834155205,0.26433344687573457,0.23284229149344177,0.3019437506274247,0.14769800768519226,0.38248366801195743,0.1420102589847957,0.6096968129555689,0.521236202252708,0.41785277311977886,0.22895102815283863,0.4026211689710783,0.36991257861926513,0.43562006682862536,0.4851180977057876,-0.9163818136445882,0.3787886946931424,0.56038345226377,-0.9712188760888161,-0.39816293322432067,-0.15508951211204472,0.19812204849210002,-0.3317391910015505,0.963619828766138,-0.2802072619257126,-0.5476324321308121,0.04312601348803858,0.3762615369648332,-0.013243578718494287,-0.5143803231120188,0.13130824222386345,1.163915860708584,-0.0954107251866511,1.9851677215024865,0.07502320024869748,0.11021600741474503,0.05262852352512742,1.2831011219718202,-0.08271259556072082,-0.18339265560583298,-0.2326724296835015,0.07021322035694486,1.1186347452247671,-1.1616117945307787,0.9798522700718133,0.4085397677680889,-0.2756871873609454,-0.13927872902849656,-0.12392206927562952,-0.03635771538001956,0.0,1.0,2023-07-11,0.6788889103658935
0.07692307692307693,0.07777777777777778,0.0,0.0,0.0,0.0,0.0,0.0,0.0,0.0,0.0,0.0,0.0,0.0,0.0,0.0,0.16666666666666666,0.0,0.0,0.0,0.0,0.04032691407139424,0.008645437838672035,0.04865628965672337,0.04131910934653677,0.25489226636691775,0.08335719823433027,0.2940740064807793,0.16624737824321856,0.08027733999004696,0.27375305160912355,0.2550924254533216,0.26434924037170376,0.26478931350913015,0.22709320914564995,0.2133530636841816,0.2609288475967439,0.25108130249375865,0.37539248760819915,0.39144273622436077,0.48290021589564197,0.3909218928840893,0.26478931350913015,0.23232253315745827,0.3034405160321639,0.1466069852332053,0.37478896022892405,0.1280601922722907,0.6329621232460134,0.5350205760572672,0.4601986299611593,0.2133967171661244,0.404080381779867,0.3717738136541526,0.3781686913834628,0.37764854611639165,-0.0029122559133660866,1.5551447482511425,-1.2546231141509083,0.03399716824785922,0.056016440730700987,-0.052463552591556176,-0.22435661391020598,0.11295970615458888,-0.14940028767366853,-0.7342675868762447,1.068779961334714,1.082570384470514,0.03763210468772264,-0.39913883413659856,-0.39569985305803723,0.8926653073053822,0.04662060567145104,-0.5820422931729257,1.036509250760623,0.2906200518789669,0.03902134262331069,-0.10473347751043165,0.275070760436871,-0.11054778681770142,-0.1834710814885913,-0.10227469005377725,3.9118393103343885,-0.24855566942246943,-0.9231243354105697,-0.233504296413464,0.06315594258865626,-0.6316958438642881,0.6991652483436506,-0.2249254807585028,8.327115614399634,0.0,1.0,2023-07-12,-0.7488490028050299
0.25,0.24444444444444446,0.0,0.0,0.0,0.0,0.0,0.0,0.25,0.0,0.0,0.0,0.0,0.0,0.0,0.0,0.0,0.0,0.0,0.0,0.0,0.07274602388770045,0.006291170157649323,0.12002955680850722,0.049240884171353416,0.2738185135583695,0.16148775272447957,0.3144911390350268,0.13643215702127828,0.07979920238166202,0.513254518817736,0.2593804194808302,0.26494839209859106,0.26553162936099695,0.22911871390879351,0.21403018277073604,0.2642728765136428,0.2535784771806316,0.3814889007399519,0.38897163138540325,0.5100985946078517,0.6164421328138258,0.26553162936099695,0.23557639188484042,0.30120708241901334,0.16114085160889913,0.4341577280625134,0.10231055320895929,0.7312631296294195,0.5579730825275999,0.6064601996029243,0.23828048826364734,0.4763422042443417,0.4695140432772062,0.4138888394473859,0.4403305900136754,0.09082171109095945,0.5303316239480946,-0.47731018870416575,-0.7771735051974307,0.2070607263738127,-0.42108804432275443,-0.0723302234065949,-0.5024925960208741,0.7019471144983391,0.028758350864652737,-0.3334372891472959,-0.32199749921783716,0.03990987252234401,0.21747905464242526,0.30361454809508404,-0.11519485375457426,-0.5406909346700287,-0.41551267541818765,-0.446338637534401,0.030242141693838664,-0.1859518964978808,-0.19867144774251771,-0.617347417860338,-0.20282397076281505,-0.22461690634961834,-0.28690524749602897,-0.41072211924135443,-0.18736910644736562,1.4354082325404123,-0.7335008692506866,-0.2770959367937304,-0.6837350381813321,-0.24246798128653302,-0.3553787621798153,-0.3312021503331096,0.0,1.0,2023-07-13,3.568093437476372
0.576923076923077,0.5555555555555556,0.0,0.0,0.3333333333333333,0.0,0.0,0.0,0.0,0.0,0.0,0.0,0.0,0.0,0.0,0.0,0.0,0.0,0.0,0.0,0.0,0.17627663638587723,0.025953635886913264,0.1505726631648274,0.142733742998815,0.25388734616100794,0.13713313894470502,0.32588558290763026,0.07660082522218147,0.0895626425362451,0.4221245686776473,0.259970386986833,0.26411696472759477,0.265327523473584,0.23063860618811488,0.21447152004998593,0.26377398274744984,0.2542464077373839,0.3737866320858519,0.3853015290122416,0.4958768481656948,0.41362765486865205,0.265327523473584,0.23547038245889967,0.3009227840189595,0.17596618572546757,0.35931706000514163,0.13319302416081416,0.6088891785801773,0.5666470900530134,0.5080189411554138,0.21630486749547084,0.40897085434424324,0.3782641755332163,0.35655496027985983,0.34031883712866934,-0.5108754798508414,0.17657851317007536,0.36401088254132485,0.4992023477524255,-0.3088494025813269,-0.7235452946918683,0.5390625049624239,-0.41678736792353016,1.3627654052968836,-0.7408224773172508,-0.654720062854463,-0.11704798225185978,-0.024560082471685767,0.12344654729311627,-0.054412346538021544,-0.143066110635406,-0.32513643978901924,-0.4513657733820592,-0.10328410802226154,1.6336936667092898,-0.027497369172161376,-0.1261354229574643,-0.36792097163485904,-0.004791565267178856,0.08401412915347901,0.12499271715202738,-0.040907848781535694,-0.3208852173166771,-0.8298877107972303,0.049703517108887596,0.4336791273814241,0.7098714109348447,0.23321536310775565,-0.30549987636463544,0.015246108792027861,0.0,1.0,2023-07-14,-3.6280934592069833
0.40384615384615385,0.43333333333333335,0.1,0.0,0.0,0.0,0.0,0.0,0.25,0.0,0.0,0.0,0.0,0.0,0.0,0.0,0.0,0.0,0.0,0.0,0.0,0.0283470606327251,0.005669139566342319,0.037660835622379644,0.026136792773605082,0.2532195582765516,0.02358318200352636,0.32376924069172264,0.04187589730772399,0.08433942084360199,0.08855571893432689,0.25954045252767205,0.263707620049851,0.2651521104284824,0.23204765592395676,0.21493242238974508,0.2632403229085792,0.25480977123465803,0.36653415362457364,0.3807711076706933,0.4856722915434029,0.4149082274123803,0.2651521104284824,0.2354184665107037,0.3006338079779696,0.16166247912659792,0.35312466599308406,0.130732203676072,0.6088891785801771,0.574701525612326,0.4469214025312019,0.20788808808941917,0.409461213346521,0.3789192116377874,0.35978657324665597,0.3457767824721807,1.58243142953937,-0.9215732237481109,-0.6040284090057321,1.1696802397953567,0.41495710308579065,0.26476878192956604,1.2823833647954732,-0.08010942226764098,-0.24712084697440997,-0.16376396876969218,-0.6731083335621615,1.0545507834562913,0.08568580945996294,0.11532722776395338,0.4320135654380553,0.6051510330201371,-0.3362533013982885,0.1002698297921034,-0.06956526226954698,-0.2419579684531702,-0.07296825207073884,0.7940819637442555,-0.41236456795361903,-0.1955461268549111,-0.19113918113570538,-0.19641192866204732,-0.13214254972978406,0.35723563820338955,0.629761978367838,-0.34285329445242424,-0.08118694488683109,-0.6353404587522349,0.05605530624716308,-0.25372593201173266,-0.0847804688265476,0.0,0.0,2023-07-15,-0.1261344778969442
0.5673076923076923,0.5888888888888889,0.0,0.0,0.0,0.3333333333333333,0.0,0.0,0.75,0.0,0.0,0.0,0.0,0.0,0.0,0.0,0.0,0.0,0.0,0.6666666666666666,0.0,0.03907380572249536,0.00550221490133335,0.034499542190737795,0.042349301798640784,0.2524049525044816,0.028025298589880614,0.3111046815679879,0.03192048008335134,0.07545931083072574,0.10830300001662686,0.2581933089875292,0.2643446123603203,0.26513119073124314,0.2333795908781629,0.2154079823332773,0.26265272739185624,0.255264201295857,0.35963156840685956,0.3756293494937369,0.4784210026825836,0.3972616031704892,0.26513119073124314,0.2354255197992023,0.30058425718057286,0.15226364754746957,0.33773619118280407,0.1583532451248103,0.5355208359411788,0.5746030105142343,0.22699131482713908,0.19894088176178215,0.4126538523301703,0.38320695587377024,0.36043460593435306,0.34686244819441436,-0.15595654876036838,0.3971086484704149,-0.14223295098328478,-0.7559229951704527,-0.4660311030414668,0.10992789889726028,-0.024958162558357047,-0.27103916613942153,0.4290781304538542,0.10181791238621497,0.06895541008219218,-0.5570575820453393,0.06077837267683825,0.20682879889232594,0.11293623374269054,-0.2709602439874326,-0.39064223236127393,2.494069379330617,-0.3361488752264428,0.31181260243085007,-0.002870640873905304,-0.16003017562657706,-0.15935360603367352,-0.1940378023644273,2.4413449460674235,1.394475310813141,-0.19971855913809783,-0.3356021186278571,-1.1612791781651828,0.3959816521614381,0.19059369123049263,-0.27046814380870904,-0.07000505446067642,0.0216875452962028,-0.18988074692951196,0.0,0.0,2023-07-16,-0.1540603578530031
0.44230769230769235,0.3888888888888889,0.1,0.0,0.0,0.0,1.0,0.0,0.25,0.0,0.6666666666666666,0.0,0.0,0.0,0.0,0.0,0.0,0.0,0.0,0.0,0.0,0.11298360575967818,0.014276783141238739,0.10179750373475976,0.08300573116896459,0.2506030160389253,0.06958378774117283,0.3124733533557522,0.03209100745790335,0.07190946791102906,0.24123336609363272,0.2573028982770265,0.2639764767554567,0.26461549781283666,0.23419127018127445,0.21585791875606575,0.2618546121586924,0.25553631491174983,0.3525091165762558,0.36995018774928995,0.472046663239897,0.3829660908709316,0.26461549781283666,0.23514096105940357,0.29988499192366075,0.1493107308210076,0.30945668315063257,0.2246344501783877,0.3756835529320415,0.558003207777128,0.20656667164556747,0.18503123443609315,0.3978321269449139,0.3634281072618445,0.3635880431599891,0.3522423767554659,1.81331576001116,-0.6815976626585056,-1.0145370844419666,0.6708507817859718,-0.5063543331027582,0.8405431084114258,-0.33970286049907905,0.22551207153686773,-0.6122037610307962,1.8007096030587129,-0.6693623161001475,0.2170775292899749,0.20421806075811938,-0.0689012856643403,0.07301350266921015,0.2891041001445643,-0.30287247833846437,-0.49492318995206447,-0.43528990159940284,1.139889492365989,-0.10942541653504564,-0.1729513606727184,-0.6212921224803252,2.8212080241140804,0.6599657486732702,-0.27645127179222906,-0.19679446679794246,-0.36495544765829313,0.1714735167090436,-0.05060702535563209,-0.17983273818521586,-0.6409740993883537,-0.29368799735431667,-0.21095440676454638,-0.1633543700594738,0.0,1.0,2023-07-17,-0.3413127287481665
0.44230769230769235,0.45555555555555555,0.1,0.0,0.0,0.0,0.0,0.0,0.25,0.0,0.0,0.0,0.0,0.0,0.0,0.0,0.0,0.0,0.0,0.3333333333333333,0.0,0.08595563888312387,0.009076922350110312,0.09999839365171156,0.06697553148236302,0.24555336018063345,0.06869290569592959,0.3143093074877318,0.03241225722296212,0.070314597810235,0.24030141192108334,0.2514353005904823,0.2631591750711039,0.26439707336500307,0.23502281971604505,0.2161697723395678,0.2603360035829115,0.255371688803996,0.3434118631845787,0.36340697514374726,0.4617978412789837,0.28676214504099484,0.26439707336500307,0.23548351061429768,0.29906130703218053,0.1470763531254216,0.2814475895296753,0.23238743568450784,0.32720306410200095,0.5375819403041183,0.1631160446974853,0.17122796608798563,0.37662253352095476,0.33546988117107435,0.3425517888110272,0.31639067574796426,-0.5201574425965191,0.27757223032116035,0.28744836773469457,-0.5766366552541423,-0.5584054958365358,-0.25879146759996213,-0.3938070188557564,-0.23042667676922843,0.8987787677185425,0.0035357304333160687,-0.1985535560641783,-0.5198702397971661,-0.006997372207440824,0.17908521853830486,-0.040585880931520296,-0.375232489297983,1.1148221873042798,0.20218516794552077,-0.43302717512209665,-0.46502973223396654,-0.018393222319518943,-0.16312690371319502,-0.0756111182520282,-0.20648416654784915,-0.16106530323294452,-0.19657166906453313,-0.024722175442937307,3.094930614415426,-1.2295992156904212,-0.09792141392569984,-0.15786356785484207,-0.1635687715879562,0.15500973421762307,4.424837335021966,-0.09500596646640781,0.0,1.0,2023-07-18,-0.9597533349379406
0.3269230769230769,0.32222222222222224,0.1,0.0,0.0,0.0,0.0,0.0,0.0,0.0,0.0,0.0,0.0,0.0,0.0,0.0,0.5,0.0,0.0,0.0,0.0,0.16232447052240168,0.012205972438533141,0.17179252405506562,0.07533571685912842,0.24655449659607998,0.0598042644350529,0.3085395380888022,0.03231239251799383,0.06914315377484018,0.21356483683761773,0.24991306539975316,0.26267681106502155,0.2638916963480853,0.23589411971734858,0.21622318585828948,0.25921821445303267,0.2553018483106794,0.33638059155365085,0.356626694340471,0.4589858890426486,0.33192388766295167,0.2638916963480853,0.23567241965500968,0.29784316897438895,0.1395209559100487,0.26574884137024946,0.22136533515184878,0.3272030641020012,0.5186193347934663,0.1369278032031664,0.1839698542292869,0.38888551901104057,0.3514904648905351,0.3621859403023516,0.3497593251100201,-0.8608738224303539,1.8033149544015101,-0.6880198108871585,-1.0007310391085433,-0.6189102067085629,0.11090159373674546,-0.4250706768634435,-0.5386478559532968,1.1183487556876246,-0.22006425331679283,-0.07566439325696286,-0.3668476332269276,0.07654348524414605,0.3255783054071205,0.27454455445313936,-0.5083262429401534,-0.40931869991292474,1.0743152347139733,-0.16209704010397283,2.2387985901965894,-0.07316486647299876,0.6949886985045364,-0.5469263356231121,0.930165571758252,-0.14663722501362278,-0.27130241492443347,-0.29092611143581815,-0.2655548349331476,-0.7994797115507353,-0.41898594271214,0.09104014469300255,-0.7103858891345914,-0.2049883211729148,-0.22960320459993636,-0.09003272414442445,0.0,1.0,2023-07-19,0.1921230152500008
0.125,0.11111111111111112,0.0,0.0,0.6666666666666666,0.0,0.0,0.0,0.0,1.0,0.0,0.0,0.0,0.0,0.0,0.0,0.0,0.0,0.0,0.0,0.0,0.010950874294358566,0.0019227831695844363,0.01700159028480555,0.010452402070223821,0.24442681326866234,0.08203350577680388,0.24188976616497682,0.06459253147030213,0.05608219594159711,0.3018535718271064,0.24808776873225652,0.26150993341955725,0.2632400504722847,0.23690755847334005,0.21613249765697828,0.2579170749176934,0.25506165297940825,0.3292333490735543,0.34963126467384625,0.4564339300147332,0.3447024785933974,0.2632400504722847,0.23591552756523865,0.2962730134568519,0.13570077300757494,0.24371417594151856,0.23874016057187034,0.26415097378483904,0.4944990511018327,0.0969778179805141,0.16857360350544992,0.3372820225149059,0.28600959157508427,0.3478607592330262,0.32519569768002743,-0.410654823871504,-0.29346035724980685,0.6688131989784263,0.06361432433290412,0.19430298399541182,-0.011494212646761412,-0.23498078640062514,0.7691773945446256,-0.742673049816522,0.5736792623153045,-0.34398723536282594,-0.6404238664218652,0.12746672985241728,0.020648020259758777,-0.041362887236968224,-0.3392129865656443,0.21568103886910964,1.1389339232526394,-0.27055193213001166,0.09241772197221144,0.05110484653437735,-0.19126861592964428,-0.4677381762937467,-0.2326919339044982,-0.20465677977598157,-0.18686612818017384,-0.3147676847994019,-0.19167694600376184,0.20209648573272646,-0.05096039121878885,1.9551367583404606,-0.4807409589324154,-0.24611076414292873,-0.3321710012531114,-0.25966966892650883,0.0,1.0,2023-07-20,-0.4075299643919727
0.09615384615384616,0.1,0.0,0.0,0.0,0.0,0.0,0.0,0.0,0.0,0.0,0.0,0.0,0.0,0.0,0.0,0.0,0.0,0.08333333333333333,0.0,0.0,0.07952568657078998,0.0039306034326640074,0.06480651534865789,0.0318375768484503,0.24646409468339092,0.049635340912664576,0.1390297886531442,0.15646832919193573,0.058182021179977256,0.19261479403678733,0.24685449880651894,0.26017480339505566,0.2625921156463895,0.2381244503033974,0.2160853548884729,0.25715633175885827,0.25500732018569944,0.32449241648723176,0.342992704012992,0.4606668832680539,0.43585949467468643,0.2625921156463895,0.23570644534650537,0.29522532970414656,0.12747452237537077,0.23153151336249023,0.22915901834348476,0.2641509737848391,0.47210164481674444,0.10523464743972945,0.18010123472778972,0.39112701693455526,0.35443242471745645,0.35038704553515887,0.32957668340977886,-1.1981929475319897,2.437603060359516,-0.9167115061983311,-1.2017407607523212,-0.6508741513530323,-0.9695577788197747,-0.6200075862208265,-0.6387608793818568,1.9157197273405902,-0.8659470952057884,0.13045531715632205,1.2776676104415947,0.3754712041160057,-0.07854999384226775,-0.5165659651427008,1.113914611288549,-0.07359540668699327,-0.2565829586762308,-0.309594195540304,0.29207425397271825,-0.025664096497639146,-0.10487615101587615,0.06104757458756826,4.164338396395248,-0.1308844474587485,-0.03744673046718465,0.09478456247765837,-0.022263107673334216,-1.469071479989697,0.38899563648591096,-0.023681336385420207,2.021259132268934,-0.37067437313030815,0.2685557943505926,0.16885610097299852,0.0,1.0,2023-07-21,0.3918114071041367
0.13461538461538464,0.14444444444444446,0.0,0.0,0.0,0.0,0.0,0.0,0.5,0.0,0.0,0.0,0.0,0.0,0.0,0.0,0.0,0.0,0.0,0.0,0.0,0.026479317261155863,0.007073826370002693,0.03802387033556616,0.034698097182452585,0.24407403446232045,0.022365818074399073,0.13924559195198888,0.202451690329296,0.05522060041950713,0.10546695750803374,0.245499139552585,0.2590128210432778,0.2617847654094443,0.23911813347995897,0.21595695782958102,0.25611349173922654,0.2547598384406114,0.3191228958046792,0.3365014536864946,0.4624141847960117,0.34922271223425594,0.2617847654094443,0.2354835468118614,0.2938770172278326,0.12012862068729237,0.21865262856789924,0.2349437727476084,0.2335149943998909,0.4481399060945731,0.08274647689553417,0.17182981904392358,0.38690570185002954,0.3487567698228899,0.3429486586636578,0.31693521284923737,-1.076916468643579,-1.0890734263771065,1.9401524132950387,1.2617027194903627,-0.5933696609013887,-0.254740296151871,-0.566955837360201,-0.40819096744315475,1.377189068563891,-0.45970611364966746,-0.23091972612598352,0.4549091098561722,-0.5066501151821058,0.6062067303965504,0.8165265084491485,-0.15086428089216347,-0.507732967607503,7.321489693168849,-0.4707470374715069,-1.0056932888051386,-0.18221899749115567,-0.17192231437607242,-0.18830725294073947,-0.24129834541818773,-0.21144124104236908,-0.26301907178431233,-0.1205335428992066,-0.38048756989593996,-1.3066129780090001,-0.4848899824421927,-0.3419699573892952,-0.028755973944783984,-0.38325513297104086,-0.3107787771091907,-0.28562393718839796,0.0,0.0,2023-07-22,-0.4578641136054662
0.9423076923076924,0.9222222222222223,0.30000000000000004,0.0,0.0,0.0,0.0,0.0,0.0,0.0,0.0,0.0,0.0,0.0,0.0,0.25,0.0,0.0,0.0,0.0,0.0,0.3995966903095944,0.12777610678139326,0.3796620243201131,0.43327839938188456,0.2495322715142363,0.034215449718997974,0.11853439903346524,0.23717505702437122,0.04848339865075854,0.1509837540454138,0.24632512661248201,0.25640424462384487,0.2607654098380152,0.24030375910845153,0.2158748427852757,0.2561426010172921,0.25498097869644226,0.3178741716857548,0.3310339417356888,0.4745571185276113,0.4093958995280813,0.2607654098380152,0.23313061627190684,0.2945343707904679,0.1182978637067502,0.2587960257837973,0.2161806972102763,0.3277876299302606,0.43562639247823565,0.12903318055858037,0.18151618265024427,0.4022805328060951,0.36930227804341803,0.35134830468576317,0.3313590764680515,-0.37506893978946976,0.5826285067550658,-0.10026809450238094,0.004167749081498214,-0.524378712891339,-0.36668506733250356,0.06562532361071934,-0.3102316735846858,0.8979842176408578,-0.4762560777985775,0.1344045026178435,0.5093610995594074,0.17994733302947652,-0.13712002233645684,-0.11930566383515293,0.2831037870400331,1.9254474641395245,-0.5066037199439116,-0.14939156671529463,0.8691014873420646,-0.04318809617016089,0.1818074410910819,0.5556134112142539,0.3386236308729663,-0.07098557641542365,0.07740086691069856,-0.11276132528425617,0.46161186423968253,-0.8021624569472294,1.2912941379634453,0.2832465414249524,-0.22940448881907563,-0.32171734440022637,-0.23100810838137953,-0.165187311821497,0.0,0.0,2023-07-23,1.0504447141318265
0.13461538461538464,0.08888888888888889,0.1,0.0,0.0,0.0,0.0,0.0,0.0,0.0,0.0,0.0,0.0,0.0,0.0,0.0,0.0,0.0,0.0,0.0,0.0,0.11391096491923298,0.03191410623652595,0.1102870544391435,0.07049728489306689,0.23369138160762526,0.08854944674242438,0.14924345621091106,0.2415321920805799,0.0513611813639572,0.3306144685683017,0.24365485687294258,0.25423500342111277,0.2592432088617911,0.24111449580095307,0.21564116828586988,0.25352184168614583,0.2538789069644996,0.30751452090108217,0.3243825314285143,0.4605144689330575,0.31212950330600775,0.2592432088617911,0.2334230057299858,0.29118041905258746,0.12747047831621183,0.21180462839533265,0.3603372228917491,0.019546602889057477,0.3921709318995643,0.103383397570027,0.16534187253952792,0.3678708493479119,0.3230267013332468,0.30836525800263076,0.2594983046473508,-1.6081384342412848,3.2117616124960313,-1.1974213550253388,-1.220854585590995,-0.7462069868518042,-1.116299893390065,-0.07555559355061921,-0.5724363979665478,1.7511869298389882,-0.4669193617749291,-0.21568010462216,-0.38504451958507796,0.28184670077640794,0.08805462802231699,-0.6161323870515463,-0.5347298987848988,1.7904709040905946,-0.2749421034426644,-0.37336051274996723,1.9472221291080867,0.0076213657079130855,-0.1030367852986642,0.4706021155724905,-0.10806799265712043,-0.18020283034815351,0.17440344078131734,-0.17820572639336285,-0.03841934670741374,-1.613395257149009,4.8738047030532385,0.08306707059127989,-0.6331229058297206,-0.14793458192714895,-0.05048877700466642,-0.21852729849173033,0.0,1.0,2023-07-24,-3.016908602087709
0.2884615384615385,0.2555555555555556,0.0,0.0,0.0,0.0,0.0,0.0,0.0,0.0,0.0,0.0,0.0,0.0,0.0,0.0,0.0,0.0,0.0,0.3333333333333333,0.0,0.016864616744589656,0.007261222927890119,0.023573161132796814,0.02302740572364509,0.2345723230215101,0.04342375377010895,0.14957343561418712,0.2357095211348984,0.04889546269168102,0.18175836556867309,0.24160915121539578,0.2522321106686843,0.2580195115153925,0.24248051478533933,0.21541846849887647,0.2514513911813417,0.25293114549608847,0.2998335637316939,0.3173728696641054,0.4562651179194182,0.2911404730777103,0.2580195115153925,0.23369824277112655,0.2884384008443947,0.11942351658144572,0.20092768360583402,0.3473192746560353,0.01954660288905751,0.3518194327907982,0.10566376598066622,0.17612778683883468,0.3824068313718138,0.3422111388185344,0.32115129600139225,0.2800580520851143,0.3931274189929917,-0.7786269196964828,0.3505221442792782,0.4131632487664206,-0.5021143080387545,-0.17626458638538584,-0.6251586244109825,-0.5778730284069283,1.6157650376662742,-0.7475812938561197,-0.25195131849811814,0.43810507958670575,-0.006477319766387542,0.8422441560304967,1.875288933934374,0.548194741060256,-0.3900912474089762,1.930860867171441,-0.3450615239721724,-0.6547298167111893,-0.15958685594290595,-0.08577229049050213,-0.08432886237558736,6.914990088062968,-0.19044752213132946,-0.2501827842440649,-0.32121205894646865,-0.2924800388899196,-0.9262305003866599,-0.3372748427671374,-0.2919695770636306,0.5281371175404214,-0.09678906803917817,-0.16765340385420519,-0.26548858562281397,0.0,1.0,2023-07-25,0.1729950120429757
0.13461538461538464,0.15555555555555556,0.0,0.0,0.0,0.0,0.0,0.0,0.0,0.0,0.0,0.0,0.0,0.0,0.0,0.5,0.0,0.0,0.0,0.0,0.0,0.005246515706308659,0.002999919687189477,0.005373235024818081,0.007696058501041044,0.23679903257681678,0.07184839845116481,0.14953260642969907,0.22399175791056816,0.04039938264583118,0.29013156567483744,0.23960276917674356,0.25055588448873894,0.2574923214003323,0.2433142357871642,0.21540003125388285,0.2500713266276184,0.2522372861887862,0.29511938906964996,0.31072880561951366,0.46060160562914665,0.2799570961650071,0.2574923214003323,0.23414817215829437,0.28687963543732925,0.11711907776604301,0.24035176873997677,0.32262351475383255,0.11951180666727913,0.3246747961542418,0.07428615246399466,0.19030784815842483,0.3854107293457263,0.346349421940611,0.3327957006134353,0.29938652602215693,1.148718601561605,-0.7766502533082658,-0.33397834008310595,0.7064821758438122,-0.5821162540920639,-0.8680623946905521,-0.7552302611054429,0.15065335179068384,-0.3230619036616314,3.3291921323532594,-0.9741002977447754,0.7117227383934568,0.050022529984227106,0.18545992354106353,0.48068564519255813,0.735494560821549,-0.3968476491598182,-0.041735310201156964,-0.19771856192357085,1.821155405062355,0.6274307576432687,0.6698849315958019,-0.5800100571319441,-0.21824522702417856,1.1473592977232698,-0.24707289407116037,-0.38346908742455266,-0.3279218309634167,-0.8551632520266441,-0.3051958072110533,3.381635357776375,-0.2167782669540737,0.1168804209188608,-0.30590429877423125,-0.2332824521512608,0.0,1.0,2023-07-26,0.4365152978824893
0.3076923076923077,0.3111111111111111,0.0,0.0,0.0,0.0,0.0,0.0,0.0,0.0,0.0,0.0,0.0,0.0,0.0,0.0,0.0,0.0,0.0,0.0,0.0,0.10605268043906223,0.02002781027909489,0.1247136684175863,0.10183857520911316,0.23428083480303197,0.04785803752280434,0.1421560182056461,0.20160501076611223,0.03748931299874306,0.20993790718267363,0.23756978690713487,0.24880272494234684,0.256416215369039,0.24444284617013862,0.21515708755818974,0.24848304676665361,0.25138707925761633,0.2900312468971305,0.3042950090754125,0.4630956650343547,0.28523332554012204,0.256416215369039,0.23427183864919715,0.28460317895853376,0.1130712373870053,0.22102861096841409,0.30655135262165023,0.11405698943394038,0.29890567735408236,0.08148338727817993,0.17899244224523225,0.3844535726358789,0.34491530665691006,0.34651129703442884,0.3222296840226978,-0.5019466376000398,0.28230741171766915,0.26700807145996575,-0.17178895360824392,-0.6158649041475966,-0.6213064073358052,-0.5571060690436793,0.6574419294759078,0.6739513757726846,-0.5312299916519837,-0.28370465286573693,0.14793295395993333,0.055796038190333595,0.2787696078726568,0.4100246600756175,-0.2577329222510494,-0.27101724156456164,-0.5634573588604364,-0.3788889339297599,3.1354871226151793,-0.004791001618771428,-0.18989227993144842,-0.4552475744519376,-0.24256924124189333,-0.19214285603354403,-0.07490032162716959,-0.40432323322685515,-0.28670962954919105,-0.4804194714460027,-0.2281855463558936,0.1206025592002409,-0.5214354628949044,-0.3194811144239245,-0.2922397653932348,-0.3131226571648669,0.0,1.0,2023-07-27,-0.4915119656712763
0.25961538461538464,0.23333333333333334,0.0,0.0,0.0,0.0,0.0,0.0,0.5,0.0,0.0,0.0,0.0,0.0,0.0,0.0,0.0,0.0,0.08333333333333333,0.0,0.0,0.09742149426105129,0.014920860386414853,0.10506481615343839,0.08168615881458417,0.23617549117903847,0.05179689589708079,0.13079658101438302,0.1626529074157957,0.041618527169715674,0.21872222189876162,0.23479703657575984,0.24779545144578702,0.2554906316021758,0.245550315143717,0.21525873168165133,0.2474555206807773,0.25075615472260565,0.28726759322660944,0.2985404275258284,0.47115208146238696,0.09428443548723942,0.2554906316021758,0.2340870483550162,0.28297681590632767,0.10805457117912347,0.2048332206531404,0.2900312869634737,0.11405698943394035,0.27497720989679153,0.1366205952920933,0.19077818172158367,0.3841039965470171,0.34457376731759665,0.3368511253525906,0.30605797288443376,-1.2334695173916164,1.0351447779580565,0.29484597199109275,-0.27153738754532036,0.5800193661148132,-0.5020832153866837,0.4181199654152396,-0.43441296019065245,0.47574681170524413,-0.5864765349818536,-0.09303496514500377,0.38449001373009983,-0.1027411740697279,0.30128437252444135,-0.0369265199634817,0.04521107180569206,-0.24361133908027047,1.452989600299988,2.6389401694080843,-0.022410923415228882,-0.15021816017359707,-0.18317760426330637,-0.11189433612987532,-0.2247441755842201,-0.19668429184047942,-0.1937336618148176,-0.3271731040926073,0.013369387696673805,-0.6578789402278152,0.4238513153473292,-0.08397475810192061,0.12107205742160057,-0.3501844137605191,-0.2640841099277376,-0.25262658397293464,0.0,1.0,2023-07-28,0.3716332707559111
0.2403846153846154,0.23333333333333334,0.0,0.0,0.0,0.0,0.0,0.0,0.0,0.0,0.0,0.0,0.0,0.0,0.0,0.25,0.0,0.0,0.0,0.0,0.0,0.18680407359744453,0.09847295426736608,0.1923618138884873,0.22522727174075033,0.23683298442637868,0.010123087021048395,0.12494379933375543,0.09241335950676147,0.04003596064669093,0.07514962960825951,0.23544920573914668,0.2467512673616034,0.2547162331852362,0.2466835947194927,0.21548613223249835,0.24669587531150222,0.25022620678013346,0.28563904794919276,0.29357875309187104,0.4805570415469065,0.21450507726395693,0.2547162331852362,0.2339100661017231,0.2816415928876331,0.09837964694013511,0.19933081527538626,0.28441857270658577,0.11405698943394031,0.2527579186864501,0.18488476357993489,0.1975877100330261,0.39157359537503483,0.3545811987236127,0.3394539005681352,0.3104763563604819,-0.5418900285953244,0.1819687458191036,0.38750520699606544,0.1913805925953756,-0.5691211776830839,-0.8095940462376204,-0.2933254265929187,0.126409441573479,-0.36524444270595674,-0.6695759301025554,2.731043646706929,-0.008402652238850498,0.30602092484570426,0.4611022024185198,0.283570966785378,0.10839143840997796,0.4429563301374805,-0.07022681128090832,0.13669978327921584,0.8808800202032455,-0.005908635949675105,-0.14305250699242802,1.6256704484185436,-0.22069801311424292,-0.08390079405886766,-0.20729264194067865,-0.4206845481472641,2.8668462393109815,-1.3985896351159195,0.03102520428812041,0.07721513502900981,-0.4187151220087319,-0.0419394152501712,-0.038620249231093036,-0.299443230165097,0.0,0.0,2023-07-29,0.1284885528077373
0.04807692307692308,0.044444444444444446,0.0,0.0,0.0,0.0,0.0,0.0,0.0,0.0,0.0,0.0,0.0,0.0,0.0,0.0,0.0,0.0,0.0,0.0,0.0,0.0011446072043531199,0.00013385468420530475,0.0006457520119512312,0.0015742266683836542,0.23540864297849085,0.02944961862886098,0.1248290123935431,0.028873621176368526,0.03318964223761686,0.14930443994503612,0.23562281841972227,0.245782628972732,0.2536329130809537,0.24803258438517667,0.215895192239277,0.2458152368875482,0.24961800986482036,0.2837109070937773,0.28918554313489997,0.4872998057498694,0.20672730390054841,0.2536329130809537,0.23320959145620984,0.2802896303204226,0.09418347764929737,0.1832505895817937,0.32244125312726657,0.02518355737294338,0.22294668824164654,0.23449097183148832,0.18847042764391242,0.37470429321880877,0.33211531780779363,0.3406361341537598,0.3123368562986828,-0.6628392178364961,1.0925684901921449,-0.26914204924399415,-0.8894551418498319,-0.5989042331287271,-0.9249040401680035,-0.4190186616772852,-0.1519690560593897,-0.14981476927349852,-0.8148819431551401,3.1290436837331663,-0.2714275051151811,0.19605807872856348,0.14001919484348266,-0.10440561072019665,-0.16225303134147265,2.610539565422915,-0.5682947988925515,0.7047476220051019,-0.03522461627702139,0.1537749495975492,-0.12986406962109173,1.5109231218007004,-0.1181611703654801,-0.1662765778283895,-0.15659823776556406,-0.25752080726258986,-0.11019307484960163,-0.4421827837864332,-0.4427796740028997,0.049260438170832706,-0.7101167188782342,0.8400572048235924,-0.12501715095876195,-0.10091415968206914,0.0,0.0,2023-07-30,-0.2779902682116475
0.25961538461538464,0.24444444444444446,0.0,0.0,0.0,0.0,0.0,0.0,0.0,0.0,0.0,0.0,0.0,0.0,0.0,0.25,0.0,0.0,0.0,0.0,0.0,0.306553825476339,0.10914668426199614,0.2850545355243924,0.2381075711910732,0.23461980788741355,0.05565315178841675,0.12386675528737884,0.03068349287314709,0.03263851146549088,0.2438281003551665,0.23517043050676395,0.24451043843848458,0.25231025254636297,0.24932873245428028,0.21618434518726526,0.244938347747851,0.24898978777876296,0.2819386133610517,0.2852813652149074,0.4931003928516735,0.20730987232964895,0.25231025254636297,0.23175823503306386,0.27931804341280014,0.08980303879138014,0.17878024106593055,0.3049811840836063,0.04423789144714972,0.1972328023440294,0.21868882399647577,0.17622421805122723,0.41159710319730114,0.3818921120341498,0.332046225594947,0.2979001281829622,-1.076159615515879,0.1799800182092882,0.8720044225147269,0.3273128851386878,0.12680925553030983,-0.7977262818352515,-0.7164688744906189,1.1693219982080794,-0.4954970222060216,-0.8039213950568846,0.8504306516548155,0.621121507065589,-0.06402211096231467,0.2240496581793021,0.1268430108479411,0.1249196858309761,0.11520245679285489,-0.4590779974073735,-0.015696918465343192,0.8674509703038286,0.23166663938607704,5.033737257963175,-0.5948903033273273,-0.17909274298881725,-0.12105603416287729,-0.1803592496898537,-0.4194721626953832,-0.23052995743571347,-1.1989416461810831,-0.4120815945298427,0.101224615908076,-0.7212477380399499,-0.07324647086084012,5.441635289522797,-0.15576680356190012,0.0,1.0,2023-07-31,-0.1543869827375643
0.21153846153846156,0.22222222222222224,0.2,0.0,0.0,0.0,0.0,0.0,0.0,0.0,0.0,0.0,0.0,0.0,0.0,0.0,0.0,0.0,0.0,0.0,0.0,0.04015513083235123,0.00848638697861632,0.056141872680834655,0.032161682338999874,0.24239730396407444,0.11385775465433429,0.13344271169497385,0.030482585339284572,0.03649791028073493,0.44452324373689195,0.2368553382458372,0.244330341425883,0.2516294327662263,0.25081528324973873,0.21661099847641674,0.24549518764273942,0.24904972337447845,0.2852771748153429,0.282891951319782,0.5110675606454443,0.34975932508625995,0.2516294327662263,0.23065739391661905,0.2792209344639915,0.09833301878075719,0.13966154647034779,0.38301790249424617,0.13604639240815777,0.18283779401857264,0.3357234780465446,0.19542055777221568,0.4285006611366136,0.40531729414025053,0.3391681286809926,0.3105042821832539,2.4578478755461584,-1.0248772471191063,-1.3082598276822874,2.2705147803466876,-0.12497160540135094,0.36894711423692395,-0.7142346946680553,-0.02378921905615572,1.2711744365048256,-0.9793794812312037,-1.0515042660126628,1.0203381116453307,-0.02844345884968565,0.08594158485174064,0.8216233733155534,0.8153920524623249,-0.5439477605307125,-0.5812028968252061,-0.5115344283158151,-0.3538873260957356,-0.1909254516787758,-0.2098006392164133,-0.4594972451500765,-0.2576065284739414,-0.22717477701926833,-0.30719288049381244,-0.3665556836789553,-0.3958560924560292,1.7201348619523564,-0.8033941767843691,-0.2640116813941166,-0.5804586625226535,-0.38554063520841936,-0.33547143000548296,-0.3602668071256537,0.0,1.0,2023-08-01,1.5245275282999904
0.16346153846153846,0.17777777777777778,0.1,0.0,0.0,0.0,0.0,0.0,0.0,0.0,0.0,0.0,0.0,0.0,0.0,0.0,0.0,0.0,0.0,0.0,0.0,0.033566788966994145,0.005464420637557735,0.06208857404462435,0.028732530497024452,0.23325580255772305,0.12213025608192993,0.1299065196311167,0.02710965128101688,0.031517795366713036,0.4847297247614873,0.2362492365215368,0.24258209181878293,0.24941927037478728,0.2520890879847337,0.2169439575221227,0.24443975126101541,0.24835106977707272,0.2827687376345598,0.2804289810840744,0.510195082099717,0.3002469253497073,0.24941927037478728,0.22387690847856173,0.28255867216515923,0.10668823413004778,0.16797517091089736,0.330221175863071,0.006513700572074399,0.1560925968551204,0.35448638764483636,0.1752364102391748,0.4006370071741636,0.3667467849882543,0.3303984857172804,0.2950119107766078,-0.9239082613898761,-0.9581624417063117,1.691761032032046,0.614934278105884,-0.48708061513484197,-0.570609597018818,0.389803233992097,-0.3144278318712582,0.9346680076526361,0.03875382031199673,-0.5586950672298613,-0.12685012355670694,-0.047922275529737185,0.4062899585966564,0.621367897610562,0.2200689916788824,-0.05559717939620352,1.6333315090543328,1.719666827154309,-0.4888889648088083,-0.11511771407473274,-0.17481691204779648,1.1877321546905162,-0.22186781137470826,-0.18413829283167085,-0.19875127450778118,2.118144441758525,-0.3378934244318355,-1.365200004899357,1.4915956990903418,-0.07966876085317424,-0.42781753930482447,0.5366796969540969,-0.2085288723454407,0.7708116254363018,0.0,1.0,2023-08-02,-1.7649890828436932
0.2980769230769231,0.3,0.0,0.0,0.0,0.0,0.0,0.0,0.25,0.0,0.0,0.0,0.0,0.0,0.0,0.0,0.0,0.0,0.0,0.0,0.0,0.08717557021160671,0.012254790029243312,0.09341718471398969,0.06302115511775591,0.23372216325436668,0.06553844990760802,0.12640999985894902,0.024999448353691934,0.022458535783293904,0.2949041317579393,0.23560345735776528,0.242585398064257,0.24832051913806552,0.253686255097125,0.2171222627163829,0.24362457081438554,0.24774264181340283,0.28128055856166617,0.27813145292851416,0.5121574508682908,0.29950180144501803,0.24832051913806552,0.22233643296270483,0.28213296279420014,0.10251950698974387,0.15291577142843132,0.3111247625508722,0.006513700572074378,0.1312577709176289,0.39016074376496906,0.18866300943856706,0.40795220432622137,0.3768332426806684,0.29889942051068535,0.24473847745973867,-1.5337804376959812,-1.6234046322112392,2.802479290748037,1.2216506389690058,-0.6264025362290798,-0.8559278156438507,-0.7618124712596229,2.315758838588426,-0.4376891018538984,-0.8026936472642302,-0.29743886013273874,0.9659145027939426,0.26076382610777615,-0.30922566559944603,-0.16640566858933653,0.7002119288950398,-0.2433903459432375,-0.37589786043390444,-0.36875401353753123,0.2409870572413797,-0.12357874322173093,-0.1866000513034192,4.809586240170384,-0.23202345508236322,-0.20999726487254017,-0.26468391694594945,0.16183592587220952,-0.3740961436044842,-1.5119356183980044,-0.6640576617789515,-0.13242669728450113,0.9365230630042705,-0.38464825432514144,-0.31999558640700637,-0.08961186366699712,0.0,1.0,2023-08-03,0.0916600600986194
0.375,0.32222222222222224,0.0,0.0,0.0,0.0,0.0,0.0,0.0,0.0,0.0,0.0,0.0,0.0,0.0,0.0,0.0,0.0,0.0,0.0,0.0,0.08778541299799475,0.015196443559778715,0.14130724623712912,0.06968268046815881,0.23189677410557885,0.058995169080515934,0.12480083668339376,0.021016708895269475,0.026939404233311287,0.2639136266298691,0.23487442421229593,0.24229801832891323,0.2471586930546288,0.2550642525462999,0.21725559841585007,0.2426299671761411,0.24702869284458623,0.27927944904340823,0.27585351902042055,0.5123898653739472,0.3003558996388451,0.2471586930546288,0.22074509095049105,0.28164002237438174,0.09865853074877313,0.1382182534132504,0.3116597468738276,0.037307497303708644,0.11137730799150158,0.26171566975431027,0.17601773424063016,0.3988343174769162,0.3642412346074203,0.32979425238456367,0.29384666190785824,1.3145096547940955,-1.4273557069652991,0.06353481330652468,1.833271693521115,1.0811594154326518,0.10392874371734608,-0.5783552566089813,-0.5152572633213567,0.9490079979846158,-0.8613308646084493,-0.9433012291584317,0.8741987754397061,0.017796037452828595,0.35186496514302557,0.7533804087047958,0.665723385022481,2.378670658895664,-0.5837552025528949,-0.4484661182829907,-0.2641267969984172,-0.11732599821035207,-0.1750294854223605,0.8602648577562916,-0.16386407063156844,1.6963018127936613,-0.2935730004891633,-0.4352020285653094,-0.03618255147772229,0.45814300844506933,-0.5879343223376758,-0.28520263381352245,-0.7319441005350816,-0.39663891444794813,-0.3178206691911607,-0.3716020508717846,0.0,1.0,2023-08-04,-0.3584394213347663
0.4134615384615385,0.4,0.2,0.0,0.0,0.0,0.0,0.0,0.25,0.0,0.3333333333333333,0.0,0.0,0.0,0.0,0.0,0.0,0.0,0.08333333333333333,0.0,0.0,0.05146271953510884,0.01088159844539595,0.07448155108990731,0.048827070911098155,0.231338886585568,0.011148857458122337,0.11173407548586622,0.018962732234435134,0.024803937718781505,0.09037920863020897,0.23419333375496948,0.24171154603511208,0.24601085491755714,0.256133756242419,0.21716724020703226,0.24169521361721752,0.2463216047499978,0.27763443892146195,0.2736695431713528,0.5135043361326793,0.2691650234496533,0.24601085491755714,0.21902185653648815,0.2813250853569645,0.08988346837414883,0.13308856960851012,0.30480847461305316,0.03730749730370864,0.09291687813152616,0.23826748025971412,0.1690857201176128,0.39585540115944967,0.36014886411835334,0.32998178109698945,0.2940892866406266,-0.1441043929124487,-0.011690438293473602,0.19091733598017727,-0.36441245481053,-0.26591986504994686,-0.42610706285878525,0.4873145013347621,-0.5585395606319415,1.0862733370924864,-0.32422612065851597,-0.5103246356429377,0.48455284686649647,0.004065174663011062,0.038597423829344,0.17855162493890017,0.26288621731971473,-0.4640489773530696,2.99982498416019,-0.4490098798738497,-0.6644875752276865,-0.15548961434300443,-0.18126936267983304,-0.10705255429854554,0.1268092361784599,-0.12291773439709125,-0.25297499111196614,-0.3180824805009475,1.6842434637176105,-0.781010181596713,-0.6141916948836382,-0.30133364465432466,0.33468665137025505,-0.20726389403236245,0.017902076054284292,-0.278807650182753,0.0,0.0,2023-08-05,-0.109942707663313
0.5673076923076923,0.6222222222222222,0.0,0.0,0.0,0.0,0.0,0.0,0.0,0.0,0.0,0.0,0.0,0.0,0.0,0.0,0.0,0.14285714285714285,0.0,0.3333333333333333,0.0,0.2463617403583585,0.07035559677929883,0.397243506337044,0.14552625905578231,0.23133414832543842,0.01705623915706212,0.10244802554228888,0.02320796071827709,0.018157345572015565,0.1182645933478786,0.23189671977366094,0.24139504351294566,0.24496094169195237,0.2571309720927037,0.2171061582624325,0.2409034770201593,0.24566650265746354,0.2766080025750634,0.2716967171542256,0.5160088611925715,0.28910316873097497,0.24496094169195237,0.21737102861055113,0.2811220039630414,0.0827332165967108,0.1393325226628349,0.2951979815483561,0.008641881822900674,0.0728144064827656,0.2226268194540948,0.1614483138176266,0.39933486966342946,0.364912183732685,0.331363700188122,0.2963848024558737,-0.3075004937627152,1.0715875664417052,-0.5726186410595951,-0.8952409694958584,3.3685512522721153,-0.23167322395919762,0.16623588454821692,-0.3776822899980251,-0.6155853728904175,-0.5374458569073148,-1.2296297372563012,1.2704556523293842,0.114701550789592,0.3288019921211066,0.5853152938029634,0.833985453281608,-0.62450610447603,-0.5440650019198341,1.1576947320404487,-0.9742811353189926,-0.20786897425783324,-0.20582433692027421,-0.31225773570613113,0.29478133357677566,-0.22524427160240107,-0.29711879026560295,-0.46542543591824853,-0.3959499402848484,1.1572469280030098,-0.9601740598309988,-0.3558939902165229,-0.7196346328058636,1.3854986904813535,-0.3658085218983306,-0.39322470117702957,0.0,0.0,2023-08-06,-0.00093479508384
0.3557692307692308,0.3666666666666667,0.1,0.0,0.0,0.0,0.0,0.0,0.0,0.0,0.0,0.0,0.0,0.0,0.0,0.0,0.0,0.0,0.0,0.0,0.0,0.08457264864318888,0.0072029567712360455,0.09385893049330955,0.0459318249888227,0.23375529698707165,0.07290952534865539,0.10389946441520365,0.026996123134705643,0.01869089704786317,0.32885665728810565,0.23200041043186898,0.24113509133557126,0.2443180942362727,0.2582515745176222,0.21709225746644778,0.24063787201756542,0.24525966496217116,0.2774849391669417,0.27031123658867257,0.5229755795117935,0.24607447310437278,0.2443180942362727,0.21644653393939828,0.2808993699291183,0.08225789269246477,0.11984363249371122,0.33937565316126117,0.1185087281564477,0.06549510027821676,0.27413563603145863,0.1757550828142227,0.4072025875314631,0.37579553006509236,0.3385697701621576,0.3087040799277448,-0.6789302709875238,-0.6470429048075408,1.2086731848916503,0.18129083444179478,-0.5961095523944809,-0.5278122143681849,-0.06751354928020137,1.4991821150599742,-0.5575822676957887,0.2548031341479935,-0.4822236940349983,-0.2438339709308446,0.16876293754542449,-0.06279564440788805,0.05944660771720795,-0.054275132756020666,-0.5192972505091724,0.7029071725499468,2.9944037937778054,-0.6879106486645008,-0.137645678537616,-0.14739268851175177,0.5301915222885674,-0.10343443070470003,-0.10398061086089141,3.587423632602096,-0.023164102291374004,-0.304134843522046,-1.357095879024324,-0.6011310494918254,-0.22876496248053158,0.14991512745200475,1.9346366858513928,-0.22266136804998987,0.02604741383012375,0.0,1.0,2023-08-07,0.4776645775930843
0.33653846153846156,0.34444444444444444,0.0,0.0,0.0,0.0,0.0,0.0,0.5,0.0,0.0,0.0,0.0,0.0,0.0,0.0,0.0,0.0,0.08333333333333333,0.0,0.0,0.057616811066576075,0.0037825758995428467,0.06409490305688079,0.02986111211590244,0.24396389548045838,0.1076829961532331,0.11976604330476304,0.026701624197238583,0.02474924948983173,0.44692271373620535,0.2341265041244423,0.24190101989672713,0.24417693875095825,0.25939979350971903,0.2171939259772706,0.24211794055330332,0.24572514557948993,0.2843599256697878,0.27071420611132063,0.5441890373824415,0.5839533310299623,0.24417693875095825,0.21596709555730198,0.28116538673350994,0.09217133636608214,0.28679052493244045,0.2861516065616574,0.24206988298480192,0.07146025271298306,0.452523335792385,0.19421410326868593,0.4131612556733008,0.3839743731486711,0.36460572379044853,0.3539397648209575,-0.1328745124551015,1.0645272842356794,-0.7244915491086045,-0.5102493315812732,-0.25366964479368337,0.5583685082298114,-0.3177792510719903,-0.3551193732308947,0.5690361029869478,-0.248779316932718,-0.08834750426215508,0.5051411641227352,0.17610131546312371,0.004745311949191577,-0.13779946848322233,0.6413089159718698,0.28521042041532724,-0.5038882974394439,-0.2866658874425877,-0.4103697967796231,-0.1346091009102072,-0.16318016642846073,0.49533623187546755,-0.24066391171635956,-0.10034694025076357,0.32142097949236526,-0.34107709859221325,7.168248433020809,-1.0623066454870067,0.6583481781959758,-0.21871925519482507,-0.6455191739263676,-0.2559021252408198,-0.1443640687320447,-0.31111693571490523,0.0,1.0,2023-08-08,2.0044635853149417
0.375,0.3666666666666667,0.1,0.0,0.0,0.0,0.0,0.0,0.0,0.0,0.0,0.0,0.0,0.0,0.0,0.0,0.0,0.0,0.0,0.0,0.0,0.03297599224788198,0.003516441292122888,0.04232406470370906,0.02689786191659203,0.24040348500736952,0.11480028151950772,0.11835111286690297,0.02636332215830317,0.02889540517759545,0.4640077399652525,0.23589242262275695,0.24243751406126884,0.24395771748610295,0.25988595820533117,0.21749481084525246,0.24277572630923167,0.24586242176953127,0.28786973205358035,0.2718081555831109,0.552385002222218,0.5061603627159268,0.24395771748610295,0.2154005981731143,0.28137565053726704,0.09477002609064102,0.24928056007150456,0.2554777054712932,0.24206988298480178,0.07699932283098038,0.5694383804234878,0.17490521773448275,0.4268405924679721,0.40307904754689655,0.35682211889529764,0.3403067795884612,-0.4827002117294715,-1.4396527877111236,1.698041173399548,1.334148675117571,-0.48578787428014925,-0.29134574831235144,-0.27318029457980203,-0.3390929908701205,1.1723786903935005,-0.0791588701847541,-0.6181061039601446,0.8880647855126175,0.25517580704352605,-0.10233158153718228,-0.5512762214782189,0.6111841473019759,0.42637479091891034,0.8268779340965171,-0.1854112152092246,-0.5400362585382437,0.17953957883595068,-0.17052661125611315,-0.39004382811695815,-0.1898347554703353,-0.10607558478811199,-0.24899282900679418,0.3497674900883872,-0.2704161697239357,-1.0671334400387373,-0.5199141539808916,-0.1586287183134502,-0.162607288646966,-0.07466517626002135,8.427310058536742,0.08627214699131354,0.0,1.0,2023-08-09,-0.6853508270246889
0.038461538461538464,0.044444444444444446,0.0,0.0,0.0,0.0,0.0,0.0,0.0,0.0,0.0,0.0,0.0,0.0,0.0,0.0,0.0,0.0,0.0,0.0,0.0,0.035107308614978586,0.003388885651880186,0.03962379323084831,0.032368588969127504,0.23810137234841722,0.05748810194472002,0.11643439015141932,0.026133032566636516,0.029889057103356126,0.2542188460546884,0.23729625529569892,0.2428114676329745,0.24350205330738195,0.2596504786853882,0.21764813778436354,0.24294786701663312,0.24579961118978072,0.28943282852320423,0.27302693649883053,0.5538656734437398,0.4491844872906863,0.24350205330738195,0.2141446382849561,0.28190207522330163,0.08988649579554718,0.2327984593373283,0.24811102861181614,0.23093579580653575,0.0809927935831703,0.6105219641359745,0.1624398993129883,0.42005502314270576,0.39363532448418465,0.3565244810474432,0.3397077082584861,-1.8574532676165592,-3.2583853759964576,4.47025022669463,2.844590014408602,-0.7692167825088883,-1.1567851872101826,-0.8346064989353165,3.659413512093907,-0.9837102124174417,-1.025801774687671,-0.8428435589066311,1.7916480271042936,-0.10868322614657636,-0.033342146195819294,0.41030267309284896,0.7832270846793541,-0.6171808867908524,5.790216511496777,-0.536474279268377,-0.9047188382917559,-0.14798866683718126,-0.16570210381721504,-0.6860577476274503,-0.22614667289713522,-0.1420584064516635,-0.25226411384745967,-0.11122184961406589,-0.389102651158965,-0.9235134227133083,-0.3851420237130368,-0.294059257737182,0.5281733052398724,-0.39974098128057267,-0.2654191534352035,-0.20793107783345735,0.0,1.0,2023-08-10,-0.4461964714047806
0.5288461538461539,0.4666666666666667,0.1,0.0,0.0,0.3333333333333333,0.0,0.0,0.25,0.0,0.0,0.0,0.0,0.0,0.0,0.0,0.0,0.0,0.08333333333333333,0.3333333333333333,0.0,0.11721330722916215,0.03364476856525101,0.13937641559442918,0.11657958743107333,0.2375450187975131,0.04279377152872959,0.11494475808107163,0.02241727032700178,0.03247391549983428,0.19790559459325818,0.23858557747719739,0.24229028544913328,0.24314630329660858,0.2594477535375567,0.21772825626337844,0.2430006148423824,0.24569555555936,0.2904654691688715,0.27422897048357325,0.5536670319959938,0.47813785363167716,0.24314630329660858,0.2132621408986337,0.2822013589263955,0.08401917028327811,0.2198075599818068,0.26597538614489824,0.17917171935562892,0.07935471578753567,0.5240565254979934,0.15172921031100373,0.4231654482469478,0.39802314155899265,0.3520988267007848,0.3320237710793684,-0.9766451825196505,1.3032283365463415,-0.1627478225125303,-1.121382857747824,-0.5158625632120094,-0.581464133914234,-0.4778256293702338,-0.4196860527486056,1.6291005237820881,-0.34902049491515436,-0.727469174349199,-0.07858243165354069,-0.33577620145641573,1.0671400647489915,1.9705893848061702,-0.28749279664652005,-0.38351378553242294,1.0544509958580155,0.6621427674100259,-0.7419269289590449,-0.18089050338298107,-0.13204199231225608,-0.24461254961170242,0.7457715811049933,-0.21320757713217212,-0.22155407807827673,-0.4207738000972378,-0.2909738156596473,-1.163721531536452,-0.34113126770223806,-0.2849102928879688,-0.3370513812997702,4.96626672253175,-0.2960955196184532,-0.3556987998159551,0.0,1.0,2023-08-11,-0.1083159880198691
0.07692307692307693,0.06666666666666667,0.0,0.0,0.0,0.0,0.0,0.0,0.0,0.0,0.0,0.0,0.0,0.0,0.0,0.0,0.0,0.0,0.0,0.0,0.0,0.09407614470243468,0.0032093628989460126,0.04861773729780091,0.030413827729250376,0.23786353896047174,0.007594363795186687,0.060313813992748266,0.05004506450978789,0.029105406871333256,0.0740419572948225,0.2394384124424544,0.2427852007392523,0.24251050274950814,0.2589436638507934,0.21784457438211824,0.2430984397139952,0.24562548481854068,0.2915781778280772,0.27543520857416876,0.5537168984266984,0.45867289617859075,0.24251050274950814,0.2105311739353053,0.2840505312564992,0.07558127440525737,0.2143918362742186,0.26103393076331183,0.17917171935562873,0.07783364354873201,0.489842197990295,0.15823678732284385,0.4253135364985343,0.40104091139718784,0.3567206183980325,0.3400402179502048,-1.7834767349992804,3.427311333941356,-1.220275427419748,-1.2200059485454298,-0.4950945821403212,-0.7450531989502137,2.422997001831634,4.628767001041475,-3.180974636414465,-0.8121076085139004,-1.238435640903163,0.488531104080589,0.016175742784347767,0.31582310350138393,1.1412817980630916,-0.1880760900967244,-0.6539074953335992,-0.6199336460355483,-0.5390298788313909,-1.0179564520198514,-0.20864959297331387,-0.20576376826820653,-0.6857968438613509,0.6563797043792994,-0.22434851377634868,-0.2375707795157495,-0.5194688501087454,-0.4041412499067699,-1.6444219444702064,-0.9457458697737094,-0.37550853781953547,-0.7431913219728246,10.969284810091592,-0.37088874948154965,-0.401495574475275,0.0,0.0,2023-08-12,0.0620796551602742
0.08653846153846154,0.1,0.0,0.0,0.0,0.0,0.0,0.0,0.0,0.0,0.0,0.0,0.0,0.0,0.0,0.0,0.0,0.0,0.0,0.0,0.0,0.005919517709340547,0.002185768255023094,0.006038263216230543,0.009985053528047424,0.23554138243852518,0.017584916814306108,0.0,0.10407003174166783,0.02012588469614754,0.11842038511961193,0.2376899726806287,0.24298060240975178,0.24261130474621195,0.25844498051680237,0.21779309985852247,0.2427934200888498,0.24536903277453143,0.29120931915344506,0.2763191114657574,0.5498935632330183,0.41499155130617316,0.24261130474621195,0.21054739613148576,0.28423209825991796,0.06904513630401225,0.20524519254875623,0.281747834862369,0.12850999503033603,0.07118877189239542,0.4553578697501608,0.15053625236407742,0.41963350990936255,0.393117528824055,0.34344452785516827,0.31709752587877715,1.3208940231986672,-0.7083993787732275,-0.5469847609442924,1.55912516403399,1.4997241181415308,2.5923042522278017,-0.01472178473335285,0.2080515029447961,-0.9938250257798872,-0.9146341089159706,-0.9880927973140112,-0.21760512101004706,-0.12489709761674173,0.18543067979918362,0.03997601660877138,-0.5394648566881359,-0.254704267622169,-0.5631639234009713,0.9314616219336069,-0.07627590670635526,0.028037989559284295,-0.17538816830693948,-0.2245255300744364,-0.2180741982660994,5.134838447121478,-0.21962656623822072,-0.4624231508978801,0.11364656496066676,-0.9325393269568647,-0.2898316923486632,-0.09243255819186454,-0.7275351053607081,2.886264956534998,-0.23323368299568367,-0.316708251961662,0.0,0.0,2023-08-13,-0.4523080645381871
0.1826923076923077,0.18888888888888888,0.2,0.0,0.0,0.0,0.0,0.0,0.0,0.0,0.0,0.0,0.0,0.0,0.0,0.0,0.0,0.0,0.0,0.0,0.0,0.0693171173887768,0.010889472250349204,0.0704447978410679,0.052240306858448375,0.2377322652931394,0.0763894399636959,0.0015657671213749058,0.12847114348713717,0.024297209588954788,0.3321340233590095,0.23713545091999982,0.2436073903944888,0.24278348223128599,0.2580227132783786,0.21789622881247828,0.2429011986918001,0.24531231917873014,0.2923014987419572,0.2772663316995009,0.5506445932892359,0.4675683772899297,0.24278348223128599,0.2107050458472322,0.2843942078145349,0.06985288464645963,0.23348337487764215,0.2548289412657687,0.21993052822104572,0.07446063525048102,0.4578801725108243,0.16525855309216952,0.4190691249953421,0.3922655731752043,0.3742130803138244,0.37109272280849886,-1.139978064787536,1.2251776895466573,0.05051033192810866,-0.23773557495979145,-0.0608967180518838,-0.3151718148518972,0.9973707051350679,-0.25336245849043654,-0.05833364368036902,-0.582779409051258,0.8321848821645531,0.5736177929441394,-0.22376032543298294,0.4817246884190978,0.6535641708862217,0.19973254666650264,0.2995930714765215,-0.5787890680246734,-0.20733354005677196,1.225844527472828,-0.09545631724577233,-0.18550131219036128,3.40245027552329,-0.24258796614707673,0.6819658794204336,0.037436486274824946,-0.41567466661840746,-0.2590639797342501,-1.4788253287867672,1.1786672110663616,-0.08860315909623329,-0.6752757836183402,0.294834144860011,0.08631287383237501,-0.31971625032714196,0.0,1.0,2023-08-14,0.4286776125049352
0.1826923076923077,0.18888888888888888,0.0,0.0,0.0,0.0,0.0,0.0,0.0,0.0,0.0,0.0,0.0,0.0,0.0,0.0,0.0,0.0,0.0,0.0,0.0,0.041021051065209674,0.008234425220112217,0.04831574381957496,0.049346507835684304,0.2335767429830501,0.06430529512342628,0.00422733926899721,0.14263171415184991,0.023342740311560112,0.28892079484912514,0.23619617758785477,0.24384775773571604,0.24260790759392126,0.2575890346804884,0.21804266052500476,0.24229843380723165,0.2449169870668904,0.29084494301852093,0.2777039077985908,0.5445995185897394,0.418056611061998,0.24260790759392126,0.2106345727782295,0.2841260502096717,0.06705722210085073,0.21398015600617415,0.24958117341652528,0.19902068976819828,0.075339182817731,0.38920239240983806,0.15197920317885427,0.38386245150091297,0.3440806110276636,0.3656191001018262,0.35565507666677393,-0.6809274986380034,1.4149993079707175,-0.5240082223539776,-1.0360798049899627,-0.3833422374296033,0.3286769895942319,1.203556219810119,-0.3085130437062037,0.6096512150677785,-0.3502192070912645,-0.898776157381513,0.07783602502249902,-1.031676747590398,0.814843416156592,1.9350185460975224,-0.4774899166099013,-0.6501447888879683,-0.5273339089943436,-0.47125609888534425,-0.808720045454734,-0.19666595222485037,-0.2086462639575668,-0.6875417823820741,-0.24488029271832176,-0.0673805306270164,-0.313476006080374,-0.5198998920465587,-0.40553492654659246,-1.5185027633781611,-0.8985611998700606,-0.2794914076883672,-0.7442042380706708,10.373360684513916,-0.366722890078462,-0.4268407414217704,0.0,1.0,2023-08-15,-0.8096168172366025
0.3942307692307693,0.4222222222222222,0.2,0.0,0.0,0.0,0.0,0.0,0.0,0.0,0.0,0.0,0.0,0.0,0.0,0.25,0.0,0.0,0.08333333333333333,0.0,0.0,0.09431735392864457,0.008987160973643226,0.09220760445279745,0.07427513951728539,0.22539874461672715,0.08462070829527177,0.015505248730544818,0.14801717054749686,0.02799451800606187,0.3558779095744867,0.23367471770646425,0.2432102381834434,0.24212394433794382,0.2568064531897995,0.21824889084721266,0.2404226960560995,0.24387627573051646,0.28507503846449606,0.2767855489973283,0.5285162808892686,0.22241571337533358,0.24212394433794382,0.2115896865431593,0.2820775957673329,0.06770269252041893,0.18664097230214194,0.3492931528760942,0.0,0.05559970944605874,0.24205382997198333,0.13627401822496932,0.37254467497193955,0.3283308080309244,0.3478650053856338,0.32395868546164563,0.023912905070850397,-1.4847001013097352,1.2780993426428586,2.03601473661946,-0.6491090099756571,-0.8284533774326502,-0.24782766493676683,-0.3581790634149766,1.5299944866429174,-0.5780732449949746,-0.23450010015067288,0.24089162227064234,-0.08346897174454196,0.07020451599759264,0.5113351161214112,-0.005746446037948047,0.02418201573301586,-0.4399939865641847,2.252065925932744,0.4178507589628801,-0.0647901438605969,-0.1441594035049275,1.6661242407610557,-0.1713136796153023,-0.20420534620735747,-0.08797282815378608,-0.2541724989037223,0.08505711492062322,-1.1869214114078082,-0.14007893003935837,0.08017478805374043,0.12290156602106467,-0.3773430513514786,2.0664501650126654,-0.15659187846207734,0.0,1.0,2023-08-16,-1.6063173634291772
0.34615384615384615,0.3666666666666667,0.1,0.0,0.3333333333333333,0.0,0.0,0.0,0.0,0.0,0.0,0.0,0.0,0.0,0.0,0.0,0.0,0.0,0.0,0.0,0.0,0.1383929026734903,0.02838191733449656,0.16060430822610958,0.12444348627543468,0.18984267016298,0.2268993935694404,0.20523234352567438,0.18984063824598796,0.0501511751751014,0.7987430631384976,0.22370600694461334,0.23849359891745397,0.23959938283865612,0.25545839843994506,0.218045379116109,0.23289775500201332,0.23997937267720532,0.2601119321893822,0.27056312901547824,0.4656028794250375,0.08383620153037108,0.23959938283865612,0.22239789228351142,0.2647554450762783,0.12203000404213625,0.07222478570830221,0.9494909724261774,0.6830936237943328,0.10782151756553432,0.1594789048751596,0.10357953468558656,0.2910387205648829,0.21590276846063813,0.29149075670743785,0.22260271879511337,-1.0201265419959873,-1.06549465568717,1.868997384151334,0.9861970398499837,-0.5872931299628158,-0.61879681523854,-0.4774224971466397,-0.16315766769558937,-0.3406756646610762,-0.26617454943000535,2.782837567424285,-0.12451259133660715,0.17728054680758823,0.053206717647767444,-0.036165939318418924,-0.2209539989240666,1.0875027799067079,0.30826897187313185,-0.2971121752280126,1.22996664776725,0.11769683746710558,-0.11300591502672672,-0.48285095490499275,-0.19719062942071125,-0.0187366562177513,-0.2126636951954285,-0.3097371789062638,-0.3016675978647776,-0.6356152524990675,-0.11513009354037802,-0.04902602892970641,-0.1818941152760908,0.053445390534769474,1.5094289629417827,-0.23596274913674034,0.0,1.0,2023-08-17,-7.097917151940503
0.5480769230769231,0.5555555555555556,0.1,0.0,0.0,0.0,0.0,0.0,0.0,0.0,0.0,0.0,0.0,0.0,0.0,0.0,0.0,0.0,0.25,0.0,0.0,0.1580442662551733,0.2204051230124548,0.21447641077538432,0.28241597492812526,0.1791090792648709,0.16448047762318885,0.2150671785568164,0.2232578555995385,0.06968284280144507,0.5435028129564449,0.2119911562546854,0.23152756671044533,0.23645414917138663,0.2537265749774142,0.21772355949745292,0.22473801349635608,0.235485636447119,0.23479317966278962,0.2600192770446276,0.41434480068729473,0.0542978012708889,0.23645414917138663,0.22969931632797408,0.2501962498302371,0.13055784900434636,0.04774080399048569,0.8352074297069378,0.6830936237943329,0.1563131965336188,0.09772417176113822,0.07833840649841606,0.26609416062553404,0.18134997080077772,0.26994252105364613,0.18457359401994977,-0.7409233141089278,0.30706972582968145,0.46214551026104617,0.33360792777873893,-0.23420069894107262,0.04606074153109256,-0.014435223898086862,-0.2918664504981258,0.972574426869679,-0.29478190586420006,-0.8049959462252383,-0.1803490277028196,0.1311145353198739,0.0302209042472988,-0.5050554798381055,-0.10441401697313657,2.567235923523098,-0.5323028302323454,-0.346921294530045,1.370738576489941,-0.015218569488393691,-0.15468794043824693,-0.5961799684730636,-0.20601429007422326,-0.14296796896387007,-0.2322083301130192,0.1967337110194876,-0.09707991504404113,-0.4326110247856405,1.452264589472169,0.14914984449251806,-0.5054022609791813,-0.15720651326545368,0.030615276731399015,-0.1454293417070761,0.0,1.0,2023-08-18,-2.306411031148714
0.19230769230769232,0.18888888888888888,0.0,0.0,0.0,0.0,0.0,0.0,0.0,0.0,0.0,0.0,0.0,0.0,0.0,0.0,0.0,0.0,0.0,0.0,0.0,0.042913001373897273,0.011006004563657351,0.04263408992337719,0.0545900716649328,0.17992324189031017,0.04663215488888233,0.2162343730440875,0.24989658978420354,0.07185704117250566,0.16932745127223686,0.1999905105321329,0.22503140580790498,0.233430886087293,0.25200056184363123,0.21753839665713204,0.21796958002483352,0.23139193581564005,0.216182129420667,0.24749285874279175,0.3908288593615736,0.07097638558474686,0.233430886087293,0.23360605889057945,0.23974612203256812,0.12527209025578528,0.0389735023173248,0.7942844169860113,0.6830936237943329,0.20134118414684,0.14921677177510662,0.08950743148281148,0.2673089876647432,0.18314555028780163,0.2702098541685062,0.18527448028300733,2.260353036892749,-0.9079975128098368,-1.2280941796518594,2.5683364709211767,-0.8030119544274619,-1.0980127420498618,-0.836794888613093,-0.6699279452687542,-2.651091033132466,10.100133082630368,-1.171706872126708,0.8599082470792478,-0.017824139008218574,0.5474737898533306,1.9876803982500773,0.5697166142090846,-0.5567840910704371,-0.468381214832368,-0.48898808461747023,-0.7633101833693391,-0.1545428631368906,-0.20301547841520487,-0.4406391773643941,-0.18980174233963415,-0.20560574862585237,-0.24982847655601176,-0.10437201315386439,-0.387106827741275,-1.1291627807293119,-0.7004395611050043,-0.2883424014724635,5.215360787512849,-0.3524350027134304,-0.2426675138813016,-0.12645584601291562,0.0,0.0,2023-08-19,0.1790757445262913
0.06730769230769232,0.05555555555555556,0.0,0.0,0.0,0.0,0.0,0.0,0.0,0.0,0.0,0.0,0.0,0.0,0.0,0.0,0.0,0.0,0.0,0.0,0.0,0.04376835411136395,0.027496901657750896,0.04358022906526593,0.08453944465102954,0.18155299884568826,0.03260043527152629,0.21607135957630003,0.27106440126630216,0.0689400574431501,0.12768135405115044,0.18919083799307662,0.21895756558970875,0.23053940613725155,0.2502668870169144,0.2174124267403864,0.21251460947587358,0.22773592287624395,0.20351154589114273,0.2346863023734208,0.3875060397129697,0.09138509953730334,0.23053940613725155,0.2356761855253135,0.23164968329654317,0.11672674428793313,0.03604221537118629,0.7708137150114455,0.6784940906705508,0.24267783765785744,0.11362151961133689,0.09900094847535335,0.27699518631052017,0.1956578115024664,0.2754212212470031,0.19412409468923808,-0.39132913288776794,-0.84661099325037,1.1166308811244783,-0.6244857936403512,-0.6443066995506971,-1.1325471288695907,-0.7437246946928451,5.411463214499167,-2.43845170979082,-0.8955338991122472,-1.2855602427130775,1.6122465920424716,0.15324054558715394,-0.1965247350709741,-0.1456852222892462,1.191549306100722,-0.2717735915280364,-0.5858654838392853,-0.37312635264665245,3.262259659511738,0.08959419661966653,-0.15903433530828034,-0.6264490802852394,8.418853468373095,0.011148364812244594,-0.2332263940833404,-0.30876786827441294,-0.36524469222711536,-1.5052786753155476,-0.16531532887879674,0.29528988011821583,-0.6950515477609316,-0.34668260947429463,-0.26830124634300445,-0.14204335072268098,0.0,0.0,2023-08-20,0.357825614760654
0.23076923076923078,0.2555555555555556,0.0,0.0,0.0,0.0,0.0,0.0,0.0,0.0,0.0,0.0,0.0,0.0,0.0,0.0,0.0,0.0,0.0,0.0,0.0,0.053866578981030484,0.00933990743554897,0.07132025765826547,0.05447431970402224,0.18041080544882876,0.0707398701308416,0.21617552030476944,0.28787560561589487,0.0634841205036962,0.25508828409640205,0.17985173679464211,0.21282080052686397,0.22716191423851706,0.24849533771114812,0.21727734154758516,0.20770812163354108,0.2242564977969113,0.19403181003694484,0.22235709151884675,0.3931680087188098,0.08654855558309094,0.22716191423851706,0.23595018986315092,0.2246347622509674,0.11103781046821186,0.028584646712681905,0.7744034042557673,0.6966101747033335,0.28293293960446664,0.11921103818121175,0.08495325497029693,0.2688257668992551,0.1851850464153084,0.274818267576716,0.19278811084535574,-1.0020327628288086,0.33101033767476895,0.6779757978645993,-0.948376622299402,1.4284838974961298,-0.5464261873299333,-0.5207481548486461,-0.5138738001988817,0.38755180387044347,-0.5258296218925189,-0.10414324918414572,0.8756903276160597,0.03678857133633397,-0.10152060849173207,0.2462191643885142,0.7255690897690064,-0.48000853413939465,0.6508135472854505,-0.4721919228776137,-0.7747049608611648,-0.1899730313185942,-0.18389289791654526,-0.3836800468676882,-0.25180702830570834,-0.21868692207774953,-0.25682493827591146,-0.399794523971859,-0.38514824285943916,1.2034044639608996,0.4003765703598217,-0.3162499086630024,-0.5958671622776871,-0.2502001249239329,-0.30998094263114334,-0.3351899114780769,0.0,1.0,2023-08-21,-0.2498831574187843
0.23076923076923078,0.23333333333333334,0.2,0.0,0.0,0.0,0.0,0.0,0.0,0.0,0.0,0.0,0.0,0.0,0.0,0.0,0.16666666666666666,0.0,0.08333333333333333,0.0,0.0,0.022520561458402834,0.003303848558385051,0.029396173678376946,0.028615331636602508,0.17879666089013674,0.08070159751443359,0.2094890058467252,0.29319511929353054,0.05824193037474237,0.2944058465372653,0.17755868224833515,0.20647644864962417,0.22419456950700167,0.24647631272265508,0.21709332531304182,0.20337153522629842,0.22090164528151718,0.18688632096415517,0.2109229032692646,0.40378419781434755,0.05536654049075737,0.22419456950700167,0.23654155718140452,0.2180722773711885,0.11034598145725776,0.01678570443499175,0.7958381226052206,0.7324407721045151,0.32401333516645603,0.11520384631948376,0.06971604554708977,0.2750547215247132,0.19225633014424126,0.258792822303632,0.16696672292991752,-0.2624758221957265,0.037270293966204786,0.2567078947261844,-0.4345730627862253,-0.5909602983039112,-0.3028601056313334,-0.016559868557425497,-0.0938323883312785,0.4241923459366229,0.5118816650129521,-0.18569608469630683,-0.880490642378774,0.10919775838796685,0.13381409586216628,0.03419215869907664,-0.5480183500552608,5.082488139225036,0.05635486893840725,-0.2580402343366907,-0.5567299053583579,-0.06479177656862577,-0.09078731805835724,3.0748691790183926,-0.21157111060745096,-0.16968109057313618,-0.15384272463532603,0.5249926033393744,-0.34199529376807614,-1.149710606753972,0.5146868720758317,-0.24705288051142146,-0.2491237743220343,-0.1933014166499117,-0.18048391004666997,-0.06644562547772319,0.0,1.0,2023-08-22,-0.3540188223894902
0.42307692307692313,0.43333333333333335,0.1,0.0,0.3333333333333333,0.0,0.0,0.0,0.25,0.0,0.0,0.0,0.0,0.0,0.0,0.0,0.16666666666666666,0.14285714285714285,0.08333333333333333,0.0,0.0,0.16291293256229936,0.01941522825373179,0.2651920389378825,0.12431326531941031,0.18577765203018687,0.10253352479362962,0.19940188105196754,0.26938329712851355,0.06292311540687293,0.35841966421357263,0.1789430194075009,0.20113134447705133,0.22158219097091425,0.24476413018732474,0.21693754244670216,0.20086792457589436,0.21837121353636074,0.18663635036208265,0.20172060069799258,0.43025740672372076,0.024161394484184306,0.22158219097091425,0.23576921535633039,0.21376769274091117,0.11670647710976391,0.12146538109119659,0.7057718066512169,0.4688905782832291,0.3349394088758405,0.1420868497549586,0.08756017483695455,0.3122096300191615,0.24165695131651166,0.286303470549209,0.2129992750358592,-0.7745500254742379,0.5331208113611274,0.30239158243393177,-1.047402141905079,-0.4511092698479227,-0.564527913989147,-0.2722300152849538,-0.3616699484551966,0.3839498137428572,0.22165648565102156,0.8570877803596173,-0.662304541627987,0.012397462216893345,0.06225473330262863,0.21951877444779672,-0.4515480750815637,-0.43649738783657793,2.150193065048979,-0.44029623829304815,-0.891641719635028,-0.17009702900523901,-0.15906126877427187,-0.5456659705819675,-0.24678144426369458,-0.09907122028938604,-0.1936392805124151,-0.19006176876095965,-0.3159593824029922,0.3293815354100849,-0.5860444796085689,-0.3303227475010995,-0.015798815594778234,0.28243106578859806,-0.045641009562311194,-0.2760373598588605,0.0,1.0,2023-08-23,1.5365306423789304
0.23076923076923078,0.23333333333333334,0.0,0.0,0.0,0.0,0.0,0.0,0.0,0.0,0.0,0.0,0.0,0.0,0.0,0.0,0.0,0.0,0.0,0.0,0.0,0.054323807473504765,0.0037636787676550393,0.08081056334634475,0.028775937482365913,0.1810780820102495,0.06634060757051283,0.19995957418360188,0.2302671289494614,0.0638525730933284,0.24047160901205894,0.17918275407745043,0.19504613926887565,0.21881320538586724,0.2430496422957596,0.21675858319140573,0.19796466798055729,0.21564051916950516,0.18501686072152762,0.19400274018117764,0.4478649145828399,0.014552492899060687,0.21881320538586724,0.23505088297416116,0.20909078980727147,0.11609053524618713,0.10323963877947787,0.6530115588119484,0.4688905782832291,0.3450850487488405,0.15181131947100962,0.07403779111424114,0.38783938081585917,0.3460932020965213,0.27748857406866456,0.19729376921531944,-0.4556667658724117,0.15993219136514805,0.32812012414656955,-0.9239239624656459,-0.387520443633558,-0.39315946909445704,-0.1377670297275048,-0.13321510364129924,-0.20228946173327353,0.2886173879213467,1.2738801649221334,-0.874133137683402,0.07296137512479409,0.043321467108461846,-0.1781823611763232,-0.5396217141191879,-0.30193648370254733,-0.5942592659364176,-0.26017942034539976,-0.013059633336115142,-0.18077831267095115,-0.19184723221131716,-0.5061066374926563,-0.22408946380930495,-0.20736107528258618,-0.290040592646343,-0.08803948477382953,-0.026274712700052775,1.1792903032797248,-0.429179612568847,-0.27004537735132045,-0.5228559192231755,-0.4024121239613998,-0.13529808643731936,0.3407210029288932,0.0,1.0,2023-08-24,-1.018731988472621
0.3942307692307693,0.3666666666666667,0.0,0.0,0.0,0.0,0.0,0.0,0.0,0.0,0.0,0.0,0.0,0.0,0.0,0.25,0.0,0.0,0.08333333333333333,0.0,0.0,0.16760784958472813,0.016191692505869923,0.2359500746951954,0.12062367156538611,0.17907611597317774,0.062245221238822014,0.19791312862553778,0.16665572805345305,0.0703180697591261,0.21997976657978874,0.17866857493897703,0.1891922467562377,0.21596553551296171,0.24152824953424273,0.21648201412188772,0.19517374276522553,0.21294694159325317,0.18390747843289668,0.18758457211339863,0.46328104008408605,0.015579564227657577,0.21596553551296171,0.2340147311107183,0.20461977447119511,0.11210997765248033,0.09072062742922885,0.6473486324918047,0.4905367991767491,0.35674166642282357,0.15799573661632493,0.06100443173890602,0.40924072307441145,0.37860672880158835,0.2771872717329433,0.1961697967371447,-0.30990646986024645,-0.29908580593023515,0.5824974197614842,-0.034766311185556724,-0.25444606965829925,-0.06540027258948657,-0.15263658139973285,-0.5675229869109355,-0.47196316246640324,0.2171378355998247,2.237117163638501,-0.6769553948646306,-0.020957028103080845,0.16123848440453553,0.08734411142663942,-0.42421651812529315,-0.18345428790203663,-0.3162223252415054,-0.35645914226677805,-0.5337196605905588,-0.053194755973941577,-0.1428557495347588,1.0977180848883565,-0.15641270459241188,-0.16510846484853076,-0.012704152160567543,0.506808709312492,-0.3274479975940495,-0.21446283750887693,-0.031191978098272975,-0.21508510126688182,0.5558695491567582,0.4578081167832466,-0.18949243406526922,0.9876372826791353,0.0,1.0,2023-08-25,-0.4384352975912553
0.38461538461538464,0.41111111111111115,0.1,0.0,0.6666666666666666,0.0,0.0,0.0,0.0,0.0,0.0,0.0,0.0,0.0,0.0,0.0,0.0,0.0,0.0,0.3333333333333333,0.0,0.06469383815487598,0.007335236694450699,0.11206206929786516,0.056112209950906704,0.178391863486976,0.006190713633716961,0.1980623226310006,0.019814104480941223,0.06894319660093354,0.044087958981104,0.1782494603130516,0.18414325476137383,0.21308084058059007,0.23982084930498687,0.21631339830615748,0.19269792215153486,0.21039643927417423,0.1839746821514041,0.18246481130375858,0.4786819214680218,0.015525565758787524,0.21308084058059007,0.2325039024111651,0.20061600363129095,0.10197042617208736,0.08734153137342032,0.637129629435678,0.4905367991767489,0.367565668548665,0.12299676537091754,0.05466446262741198,0.4055680853741008,0.37290535298090327,0.27697164861353807,0.1956016458648638,0.02937275360970417,0.180791455648279,-0.12776233639996168,-0.5110135517956608,-0.5579491413300492,-0.21799550992903008,0.14564362141482742,-0.4424395885981305,0.2531852386475349,0.6861053564916315,0.3617878863725016,-1.0347615473174863,0.10041623328156744,0.09120940182732533,0.0025346676336050764,-0.59117574142729,-0.3696231029938593,-0.3979999511657504,-0.004368860938268577,-0.8026926516366841,-0.17353272160200842,-0.1983476253326771,-0.0446695116790734,-0.23971196299492703,-0.03563362762549414,-0.21382869285343822,-0.36266377915585796,-0.3229616009664837,0.4126008763070766,-0.7109037468525543,-0.30821698183547414,1.6232912805472637,-0.38167696002529794,-0.10737879725613604,-0.3121461088845054,0.0,0.0,2023-08-26,-0.1505128143219347
0.10576923076923078,0.11111111111111112,0.2,0.0,0.0,0.0,0.0,0.0,0.0,0.0,0.0,0.0,0.0,0.0,0.0,0.0,0.0,0.0,0.0,0.0,0.0,0.013530080437071608,0.0017653070705193718,0.019558896759995503,0.01296132582296027,0.1798095918236038,0.013923788573311537,0.19779771738506918,0.02129703286204531,0.06147941530159459,0.0733267065787946,0.17845973588178504,0.1830656054682942,0.21014147174180464,0.23816504180943782,0.21614955401760805,0.1908397542163341,0.2081518218647252,0.18618211604607451,0.17885427109840324,0.49658333673128524,0.03008159443468672,0.21014147174180464,0.23008710521974934,0.19753575308045185,0.09401952253513667,0.09406011691818758,0.6199675152115526,0.46420178041561583,0.3748965925825385,0.11688813556011789,0.06192782738934821,0.40504840007947346,0.372122218416488,0.2793988774103169,0.1999820039888109,-0.06970492019281592,0.26871300247349905,-0.11217973014354528,-0.7253334945574449,-0.5231998531312336,-0.18389524743919233,0.19550516961313893,-0.6344308544052675,0.6347097212675696,0.8206839858575199,-0.3035160776038208,-0.9789593475391841,-0.03479502845182966,0.42558170009111757,0.8471503577062677,-0.5128540307800096,0.17818274386213104,-0.05926588332052715,0.2868986839965586,-0.8780805736351328,-0.09126599761599169,-0.14060326833414352,-0.22213641115047972,0.482556436159151,-0.13549812707522477,-0.054099882937166964,-0.03372428892577725,0.8557932696769813,-1.424501681490897,-0.17160217081473522,-0.2549824470078612,3.2309681581676273,-0.34915737482114173,1.6811684065865082,-0.10423211795597648,0.0,0.0,2023-08-27,0.3123232199134795
0.125,0.13333333333333333,0.0,0.0,0.0,0.0,0.0,0.0,0.0,0.0,0.0,0.0,0.0,0.0,0.0,0.0,0.0,0.0,0.08333333333333333,0.0,0.0,0.049681973683741644,0.00322826003083382,0.04549981526994683,0.02282339289254022,0.18009681901678548,0.049899418042697145,0.1976027717540627,0.020929796784988908,0.054167749578863694,0.19780887611785292,0.17728044482322902,0.18317169823557783,0.20666151177441194,0.23656350944807442,0.21594006298524626,0.1893154245169602,0.20609716788999394,0.18938551081926402,0.17667005317835638,0.5135014648406313,0.03769417012484921,0.20666151177441194,0.22537125797491037,0.19600160943498401,0.0888817512423218,0.08447618839461798,0.6157378808598926,0.4814457000770706,0.38348486679286065,0.12501816371322727,0.073486991692016,0.40855193118230415,0.37753891339566276,0.2757576561330672,0.19419429454473044,-1.6894527879529906,2.512445667147759,-0.5357066905131977,-1.220124372273383,-0.6879764476416926,-1.0063723042747095,-0.6317533662118092,-0.6389560913288508,2.603677156808048,-0.9815759780706328,-1.046701580766348,0.8418535088802606,0.4367311439401273,-0.3344792169452574,-0.3544347708834052,0.6721728953593301,-0.1797766245440111,-0.5169998760563229,-0.3229597534334946,0.30448328918933015,-0.03336911330607252,-0.11476036884058828,-0.6170114401915912,-0.18818253008327637,0.027850958494818414,-0.11440437270451473,-0.16974116689765495,-0.25231802844594575,-1.6041670691413532,-0.507334545773795,-0.21003844105381053,-0.39280546770659364,-0.3300401625028812,14.148383772851956,-0.021747605512558374,0.0,1.0,2023-08-28,0.0630786687421336
0.27884615384615385,0.2888888888888889,0.0,0.0,0.0,0.0,0.0,0.0,0.0,0.0,0.0,0.0,0.0,0.0,0.0,0.0,0.0,0.0,0.0,0.0,0.0,0.052970799429797606,0.008642288316690734,0.07165919714712544,0.0490325306417144,0.20839261768845346,0.21148113238538768,0.3067028036659867,0.08958229979259007,0.06640129562144806,0.7006427180390469,0.18295070262132396,0.18622958352915497,0.2049173183188885,0.2355048738599193,0.21613934610780416,0.19275093694437045,0.20652903853589039,0.20957795564211196,0.17936165944790594,0.571335391385782,0.28995131406620833,0.2049173183188885,0.2212243693690305,0.1972640539766624,0.11956661914209017,0.3795903245636467,0.46020609153436054,0.12298949268770701,0.3544375960306646,0.2918891249039861,0.10434040225254537,0.4818616464064598,0.49162682717430345,0.3066207872785733,0.25178974003006277,1.3480725384230094,-0.29274401877021194,-0.9211748156392551,1.0180207928138463,1.638862958332615,-0.07016621757024676,0.41400072864792353,-0.547604241382449,-0.5852994625814165,0.8554421544812705,-0.7290370527474318,-0.10310801872157323,0.024988710921463864,-0.14142764815393874,-0.22249734189384326,0.16826836098595702,-0.5340500154484678,-0.5039483554484291,-0.5025824402242026,-0.7958213530588372,-0.17985162174483801,-0.19939418318307583,-0.5728990225735509,-0.2454768426440488,-0.05376590234215004,-0.1634543029465819,-0.27699397625155775,-0.27597751219993366,0.06863043332387499,-0.6198696611395994,-0.30094746335140465,2.9281120273942087,-0.3729940642918945,-0.24224923818630553,-0.3059157421902964,0.0,1.0,2023-08-29,6.2101924766441385
0.08653846153846154,0.07777777777777778,0.2,0.0,0.0,0.0,0.0,0.0,0.0,0.0,0.0,0.0,0.0,0.0,0.0,0.0,0.0,0.0,0.0,0.0,0.0,0.012516583902288513,0.0022755296314901806,0.014434645719884984,0.018623043610998175,0.20088554332120506,0.09688859032068539,0.31124292172003043,0.12275701653757652,0.07138685050983387,0.3275920381139928,0.1874781482623208,0.18830608509554925,0.20288951929724863,0.23419543228804146,0.21623063719667213,0.19440424575593723,0.20630960512194624,0.22208478073263466,0.1842643665618287,0.5975620638097489,0.26018400172068534,0.20288951929724863,0.21669481757239584,0.19839957609755732,0.11971862052156539,0.3416670800444327,0.4221063884365074,0.12298949268770695,0.32746513032291114,0.4368675233001475,0.08717032668388014,0.44635118260153794,0.4354896808267773,0.29988638924283184,0.23910803862636854,-0.0674371430987231,0.549302955254258,-0.3502472895315785,-1.116460157582274,-0.342142207446165,-0.09214812453304125,0.0016961820462162887,-0.63553673387587,0.5197107671299742,0.8040818372700855,-0.19261404382538325,-1.323549863488674,0.1518772005720414,0.055375197394126496,-0.0884287872163842,-0.7351031168815966,-0.3972477203851739,4.984577746439462,-0.5022196838310573,-0.768624009814805,-0.11109381385540767,-0.1334134287921261,-0.5882373163205914,-0.22168543675775165,-0.10727819435040777,-0.20673153105693587,-0.2878625734540767,-0.3384077371686932,-1.5122772220306515,-0.07564726464288356,-0.22412827520071968,1.6020788859571893,-0.1930017071184562,0.14951606368819834,-0.2720350844025859,0.0,1.0,2023-08-30,-1.5512708305083889
0.5865384615384616,0.5777777777777778,0.1,0.0,0.0,0.0,0.0,0.0,0.0,0.0,0.0,0.0,0.0,0.0,0.0,0.0,0.0,0.0,0.0,0.0,0.0,0.13543216079599288,0.0507403738797544,0.1907827735209548,0.09321505412127623,0.17704814063769658,0.13064983059224977,0.35731174114175124,0.16797963798579874,0.08250374836548666,0.41440910313103146,0.18719920319606126,0.18794490249196505,0.19959319314917234,0.23243824529005958,0.215965711293144,0.19182241083525814,0.2041399037999832,0.2189558311985365,0.18749868358384458,0.5777726812824049,0.20595744234939298,0.19959319314917234,0.2115143833828857,0.1977590911395084,0.13916759273437396,0.2632890290202743,0.6154425682627176,0.16874197121069137,0.3071446797059053,0.4322036576802154,0.06596886868793805,0.39944407041585356,0.363436884899091,0.2631396029114414,0.17310696732346642,-1.382849659967521,-2.0512658695845567,3.0259763066424443,2.314467037604798,-0.6121536801254569,-0.7762236713483079,-0.5064880810138771,2.267634890584647,-0.48527200372339613,-0.7119223746590368,-0.4657588225320223,-0.0953737607994837,-0.10890314866516577,0.634252934257769,0.7698339546722734,-0.3145071624804561,0.646593033098713,0.5391780231137374,-0.4028753822625424,-0.6770455768543138,-0.06242717872914774,0.005182964408749618,-0.4459765246125053,-0.21851731704021352,-0.15616770579704398,-0.006450226275377873,0.5083984267081108,-0.27108906075132816,-1.4507509446270743,1.4949375768282085,-0.19859632293078436,3.4862052791368683,-0.34429145541654527,-0.14000310222004395,-0.03351937503402118,0.0,1.0,2023-08-31,-5.00340578984273
0.20192307692307693,0.2,0.1,0.0,0.0,0.0,0.0,0.0,0.0,0.0,0.0,0.0,0.0,0.0,0.0,0.0,0.0,0.0,0.0,0.0,0.0,0.015510134166641782,0.0036865154791131576,0.024684754148394453,0.021797541138970356,0.17476617410634587,0.10444795344940253,0.3531646226088403,0.19223332002529006,0.09475915197243381,0.3181724238341983,0.18615223395678,0.1875119893733389,0.19615517287490425,0.2302023221375507,0.21585638555064157,0.1892566984015977,0.2019426649332116,0.21611465172415167,0.18946155009997284,0.5626915437548882,0.33937997281256715,0.19615517287490425,0.20537761480424066,0.1979268044458966,0.13929878820634534,0.2338326619750949,0.6468790888877679,0.23765887689239237,0.295393570083996,0.27236738851669373,0.047896140152930755,0.39875778504445986,0.3623021170712241,0.26019509966069165,0.167654346741661,-0.14033489031066726,0.2894912027038528,-0.06582803157570868,-0.7581934944995145,-0.24725529448448463,-0.4409595015320045,-0.19140180709265645,-0.19029701245463315,0.5960448554125829,0.3220315779117527,-0.3356893159531172,-0.5372348535690767,0.08371558506641318,0.013417380590199823,-0.12139284396991677,-0.22613350004433136,-0.3418151072103313,2.0581932941596928,-0.2979824030122186,0.030591863327703275,-0.1448422776774882,-0.17681067031889997,0.059927129342027395,-0.23612427558409702,-0.19087309410863443,-0.20084455992019987,-0.26656090973907426,-0.33073630446261343,-1.340062701690819,1.1549349488810494,-0.19985204691822323,1.8075069421130667,-0.3447057419827198,-0.12148473710970704,-0.2869101863225984,0.0,1.0,2023-09-01,-0.5042060225742162
0.17307692307692307,0.18888888888888888,0.0,0.0,0.0,0.0,0.0,0.0,0.75,0.0,0.0,0.0,0.0,0.0,0.0,0.25,0.0,0.0,0.0,0.0,0.0,0.125913305005073,0.013398066508455679,0.16787464057957047,0.0741854317475797,0.1759542843117997,0.0419598840929974,0.35362092431874514,0.2031891609974722,0.09784344717484186,0.1332608287965884,0.18529228012151966,0.18645686502173947,0.19290841840396722,0.22844312757133906,0.2157320527854506,0.18728412248526222,0.20000620042865885,0.2155439896020899,0.19090639252598962,0.5565470713516272,0.41338031861003677,0.19290841840396722,0.198608152017536,0.19919481986366122,0.12900424937760002,0.2256369774661514,0.6314511092081585,0.2376588768923923,0.28448182543508044,0.1365166241167453,0.05850725582384997,0.403346973819057,0.36942588902581286,0.26167892641440793,0.1704175635181209,-1.2006660198351322,-1.517438082828716,2.4123053983117,1.252936675139956,-0.5957311687774989,-0.6854662613792893,-0.1562215699843634,-0.03982230830284348,0.9975670603352735,-0.19881875591210277,-0.3247388281682879,-0.3745281945943446,-0.19288902967907917,0.4572537578855908,0.47011867953888264,-0.542370370958838,-0.502281653607563,-0.441086858401938,-0.5085859314136844,-0.8830269879837941,-0.11927875856657749,-0.177561585062947,0.4128147709071309,-0.2275973096465663,-0.21120198246074595,-0.23563422474612908,8.957253683620024,-0.3557826485834859,-0.9132708239234911,-0.7713747059668851,-0.28100242657403574,0.4080879738860897,-0.3993146766398364,-0.12040007286959245,10.484050368148994,0.0,0.0,2023-09-02,0.2638461507599166
0.21153846153846156,0.15555555555555556,0.0,0.0,0.0,0.0,0.0,0.0,0.0,0.0,0.0,0.0,0.0,0.0,0.0,0.5,0.0,0.0,0.08333333333333333,0.0,0.0,0.06309212533590197,0.008869053899344427,0.07984836072157164,0.06077122637755685,0.17771299693674897,0.0319488863125821,0.35499662792987985,0.2047001130045845,0.09222014582426682,0.10814334492734044,0.17892346020602085,0.18609542245865512,0.18963811603978675,0.22673870676108882,0.21557858871740587,0.18590872053680713,0.19835826684681818,0.21708968108438226,0.19240206160168205,0.5571499447550922,0.4204297920516087,0.18963811603978675,0.18958447553593877,0.20298396411293917,0.12045460461600797,0.2365732422413303,0.6118022675412362,0.20472484425874946,0.2709479962646768,0.15891457196834113,0.06792297226752386,0.40418273137567384,0.37075266371373333,0.2686423258585924,0.1820296247503936,2.063353111895076,-1.024074569422826,-0.9524246256396658,1.100804002542832,0.08836476839013228,5.221974493101362,-0.20862338707533248,-0.5711453924368226,-1.0519009856926735,0.021276436093271064,-0.7180799307298582,-1.7295150324887383,-0.07839445884304545,0.06941561477182588,-0.08140409235853331,-0.987101025738066,-0.04446306292908774,-0.5767788885984512,-0.2373946633146064,-0.20627315412305572,-0.09143732356428382,-0.1852769636869632,-0.13555842305582827,-0.22746325982715432,-0.21061965603353403,2.913059448470544,-0.43493330777292927,-0.18239669747285847,0.034198097690773165,-0.1384429127445262,-0.1085078494867208,0.3084611641578284,0.679891309253606,-0.30875790674668874,-0.3202795292854067,0.0,0.0,2023-09-03,0.38953327054152
0.42307692307692313,0.3888888888888889,0.0,0.0,0.0,0.0,0.0,0.5,1.0,0.0,0.0,0.0,0.0,0.0,0.0,0.25,0.0,0.0,0.0,0.0,0.0,0.09283729018452935,0.019109724621545567,0.13616853806242268,0.07004295844649293,0.17497022608574125,0.047064943332384916,0.3549373585772163,0.19538235203774817,0.09003863174431068,0.1544652665895343,0.17354366787216285,0.18565441032010804,0.18644479102909883,0.22499076119447542,0.2153624447329019,0.18428688279708727,0.19660613112883102,0.21766496530917917,0.19372506374323917,0.5551018793619906,0.38859497444111113,0.18644479102909883,0.1795162372923398,0.20811577367357936,0.11546053179854233,0.21921347309675232,0.6184223802220443,0.2368820010045533,0.26170212668655835,0.16044658083362845,0.05670226862109384,0.3967561611532402,0.35923267892415095,0.26022377573241184,0.1677751668181194,2.184792495653885,-0.8757832213758904,-1.1869064292368805,1.5218712934863219,2.3434271765699983,0.7823086741348606,-0.44484046395355464,-0.6098922452050378,-1.433417859390548,0.5287347770132981,0.5608451469674554,0.8480950927387011,-0.10835521064065341,0.3279034681504954,0.8045464893393716,0.6219320161032962,-0.4769088510063175,1.095535415014411,-0.3511945960439043,-0.8973075835163146,-0.1866240745650268,-0.19220830527395202,-0.4865154353849365,-0.2423069298198199,-0.22366781553752288,-0.2926053819280976,-0.3619893317118224,-0.38604013725965336,1.1108016960390013,-0.7259001591768132,-0.33409578428392095,-0.20185630608368582,-0.31311732604504844,-0.17421985064126094,-0.3193014293633298,0.0,0.0,2023-09-04,-0.6051329012069284
0.2403846153846154,0.24444444444444446,0.0,0.0,0.0,0.0,0.0,0.0,0.0,0.0,0.0,0.0,0.0,0.0,0.0,0.0,0.0,0.0,0.0,0.0,0.0,0.05951908311494866,0.008059626750149996,0.12612082951825615,0.052536921258281695,0.17440415739716125,0.05070826749118016,0.3547489005521719,0.17426381752897666,0.08574750891825281,0.16906741748513193,0.1729948001643497,0.18522609226025277,0.1836662213512032,0.22327071305452822,0.2148904893213397,0.18282002645541928,0.19493708408261473,0.21873591149481347,0.19501889555865254,0.5547558794994247,0.393286748118439,0.1836662213512032,0.16916500914862675,0.2143930493707546,0.1078452863978694,0.20826890626150102,0.6142477093799686,0.250709370018379,0.2545447955701284,0.14880832972436087,0.04504652073835924,0.32601529545780017,0.2570116789675071,0.2663486472862955,0.1772253116164455,0.8148537553272029,-1.8017395354006935,0.8299932965197552,2.616594052016291,0.2499362892186011,0.5310770752688616,-0.6464904348703785,-0.07065525023295112,0.36439051161181185,-0.8307283939116588,0.09538358316290148,0.40959672753812315,-0.09068729843231445,-0.3397082729614687,-0.846264935506995,0.09802922073674118,-0.5518914362465335,0.09905330708169664,-0.25337666114071294,-0.8725320480829255,-0.19123877007222598,-0.2039935013463366,1.7203032140399015,-0.24644702640972208,-0.16802979713341082,-0.2981649859261759,-0.4530439560998603,-0.3894500490348844,0.935527735362115,-0.7940354653392684,-0.3464480115836155,-0.6345437992305752,-0.29523630285542724,-0.3114785664669233,-0.36953652246620117,0.0,1.0,2023-09-05,-0.1256511352147993
0.6442307692307693,0.5888888888888889,0.1,0.0,0.0,0.0,0.0,0.0,0.25,0.0,0.0,0.0,0.0,0.0,0.0,0.25,0.0,0.0,0.16666666666666666,0.0,0.0,0.18219541682809742,0.022882851955144508,0.2504473679983294,0.1585425670601751,0.1739373535538869,0.06529516199210633,0.35317953321775986,0.13561442926730152,0.06529885967725305,0.23539817890624026,0.1728227442943115,0.1845953572847946,0.18279957975535943,0.2216541143129656,0.21448260630459215,0.18150088520861074,0.19335316007710673,0.2202405668874446,0.1963847350289181,0.5556099885196589,0.400737729911561,0.18279957975535943,0.16833878447672074,0.21361434218965625,0.10612018447351286,0.18634472879267894,0.617892519396552,0.2896446099171507,0.25192001431466104,0.12046104707683507,0.03164897220829754,0.34327110310806896,0.2807038624445871,0.2795066598867824,0.19829827263112015,0.33946926906988484,0.46928449617125656,-0.6506665361049417,-1.0336273646266003,0.13341012036661715,-0.19971545125886114,0.9650238569958455,-0.5410588506933186,0.19732265053397624,0.4702164157633285,-0.5122970658015374,-0.20141326304694265,0.034717906115794867,0.15279106216033259,0.3865213611377045,0.025411611213007487,-0.426717415168113,0.7853597830627989,0.039615857954604365,-0.24875281056238935,-0.14333671962318623,-0.1862010145307991,-0.2135987550049922,-0.23079358838381647,-0.18643003142550169,-0.23219960812495632,-0.39435771124102065,-0.3470915583851789,0.22502292896176349,0.7209869020592333,-0.227635574330669,-0.0744340896202674,-0.2679606124782816,0.5334939052451872,-0.33325128161241796,0.0,1.0,2023-09-06,-0.103747525162412
0.4134615384615385,0.4,0.0,0.0,0.0,0.0,0.0,0.0,0.0,0.0,0.0,0.0,0.0,0.0,0.0,0.5,0.0,0.0,0.0,0.3333333333333333,0.0,0.02678270268118247,0.010201301697434871,0.045604227908695165,0.04050450492162869,0.1824363264337392,0.05065167003534284,0.35198439164098416,0.05022586088642166,0.05089549079782338,0.20395383007218926,0.1741683593295631,0.18484664292502934,0.18298087327293372,0.22020676534619116,0.21418331221219922,0.1818039966613128,0.19258770640289197,0.2272681138513204,0.19902229851649528,0.5706943702657927,0.41651725859423405,0.18298087327293372,0.1684806834646539,0.21381248519589058,0.10933374895258326,0.24572168244964826,0.557058090168088,0.14223893938389728,0.2342583555934153,0.17651603834008694,0.043297961868080215,0.42252804002947003,0.3993651438070546,0.3546800803209207,0.3338532620132449,2.3796214589581637,-0.9271322744209236,-1.3197835949763417,0.6988025515992597,1.860364250054496,2.227129480370175,0.33860070759667177,-0.604806237667855,-0.8653893054838553,-0.22618472705354675,-0.9204272161348471,1.119234145647594,0.03544870750096795,0.7526394430404398,1.5229282683175447,0.9120927053162493,0.11473466545449079,-0.5312530752710691,-0.47751607269321045,-0.6022009324654217,-0.16711360765588915,-0.1995484210712452,-0.6071146236642516,-0.23757022869940775,0.4522594568388561,-0.27513933844659494,-0.20455732753437156,-0.3875212865264136,1.3931499919568675,-0.5439969610050577,-0.3125096887776248,-0.18594779261622585,-0.3546398834549797,-0.27890492275719614,-0.30153994264448436,0.0,1.0,2023-09-07,1.8908652030005024
0.38461538461538464,0.35555555555555557,0.0,0.0,0.0,0.0,0.0,0.0,0.0,0.0,0.0,0.0,0.0,0.0,0.0,0.0,0.0,0.0,0.16666666666666666,0.0,0.0,0.0873039775684021,0.01146740953391799,0.15952002313141536,0.06733002186265162,0.17659752869054862,0.0482678268349803,0.35349478108070853,0.035018312079398164,0.051102461132527116,0.19571365105412303,0.17393679791493533,0.1814315439869974,0.18279966333756453,0.21867564484317897,0.21391434360378192,0.1810854104972413,0.1913972677375611,0.2302265797525563,0.20178271992156138,0.5721516327714229,0.401694572698715,0.18279966333756453,0.1684354161088769,0.21350443128722646,0.11108596971479774,0.21501160486512633,0.5066054570635503,0.1407671537035854,0.2177062348614261,0.19298372601600533,0.031933623586920534,0.4138101938860613,0.3857806515432367,0.3630323206666529,0.35007696765610347,-0.08304901254147919,0.5088214609472224,-0.3020875701536573,-0.7223400974927118,-0.2428875525494913,0.5436272633748835,0.16378983934511107,-0.6200283783747054,0.48671294189942604,0.2930308656986961,-0.3490864286893701,-0.5210218010271768,0.24877300757817272,0.3928904306135714,0.421612821205397,-0.14662555734701266,-0.3387089305546916,-0.5398708891829684,-0.48025098897901813,-0.9544084231788068,-0.12347249811701239,-0.16098312641308346,-0.6013301544356744,-0.21559175741922654,-0.19602087920141895,-0.3008076461777885,-0.46057967446410675,3.09292165979703,0.6744553767359418,-0.8762052846325102,-0.3396920797488917,0.42771708773474704,-0.39634266206501034,-0.2922442779425263,-0.3736422440783559,0.0,1.0,2023-09-08,-1.2749181613965876
0.40384615384615385,0.43333333333333335,0.0,0.0,0.0,0.0,0.0,0.0,0.25,0.0,0.0,0.0,0.0,0.0,0.0,0.25,0.0,0.0,0.08333333333333333,0.0,0.0,0.1673419419099863,0.01406261564651025,0.2243297511766501,0.09449121949031518,0.17642340615283536,0.0013209539262963033,0.3538496434568882,0.001440556588888801,0.047144500773284165,0.040251613690394414,0.17423846533863063,0.17880407473628396,0.18252016444379077,0.21709460599069447,0.21372514605442805,0.18044829800852535,0.19028064506848769,0.2332488713597632,0.20465545870408208,0.5734838700927177,0.4163821560994737,0.18252016444379077,0.16830906841213028,0.2130936800031622,0.10079021218293431,0.21032403710012004,0.4991440098931892,0.14076715370358536,0.20233640846743617,0.21164884571954773,0.026175145663298816,0.41047134119411655,0.3805331231477147,0.3613459582501989,0.34670435068341704,-0.3480208475360198,1.2139130214043055,-0.6557168264671828,-0.8093776545087144,-0.214346824031287,-0.4833895373504425,0.4616623358644963,-0.5716221337030741,0.8612397031133506,0.010899194201619587,-0.36917802628919383,-0.2651134686251843,0.24783837579006138,0.09232698391682005,-0.2533676691011626,-0.1692008771266826,-0.1768267689427868,-0.5817565111184153,-0.2949047528163969,-0.9210094858883544,-0.17034409072799409,-0.09930957385447191,2.88929852765723,-0.2504954827487227,-0.16596939126556398,-0.2632121020982065,-0.46043103770280797,-0.032805597115344656,0.5420655328945618,-0.692094406423586,-0.32127346820047287,-0.4520636320685757,-0.34314323220782017,-0.2598764608881335,-0.3669901654739326,0.0,0.0,2023-09-09,-0.0385111388643943
0.19230769230769232,0.18888888888888888,0.1,0.3333333333333333,0.0,0.0,0.0,0.5,0.0,0.0,0.0,0.0,0.0,0.0,0.0,0.25,0.0,0.0,0.16666666666666666,0.0,0.0,0.05913779313587107,0.008377728470261426,0.07351613576855734,0.052908774432706876,0.17531598272239468,0.02259678895597094,0.353692347649058,0.0,0.0410526987782677,0.11782548935511848,0.17442775227075413,0.17861802428498813,0.18224256007999878,0.21554252028875948,0.2134350204105343,0.17972426579429457,0.18915537570611746,0.23574540316815723,0.20750247164720265,0.5731787265419405,0.41310451527716874,0.18224256007999878,0.1682330079182484,0.2126294044339041,0.09554823785196818,0.19583799098353155,0.5209647565153738,0.18692099302269277,0.1928312905844884,0.1581897725853652,0.017876150069877195,0.4034463991406979,0.3695670559361894,0.3566753648812002,0.33739699543840274,-0.36953670843775516,0.05986585219976791,0.3344540056775499,-0.6191209039870791,-0.6069525760681143,-0.4797039072795885,0.46998603212486395,-0.31157102113787505,0.22451720681445259,0.3922773606353843,0.5103931067207482,-0.5104387386398038,0.055289586591845706,0.2003204346688382,0.27442532315603163,-0.20665797583484594,3.925245639533165,-0.2831208572950647,0.44671167195453165,-0.49085657903282504,1.580794142357826,-0.019294076119615217,-0.2706607106963824,0.13706054780542876,-0.01800813121550324,-0.21828798252707915,6.932731478705154,-0.33671724501825234,-1.256179902516071,-0.33891791810296107,0.6788799852704231,-0.4643120988789531,-0.3759413947861498,1.438401599308774,2.7883947735422665,0.0,0.0,2023-09-10,-0.245026110248403
0.19230769230769232,0.17777777777777778,0.4,0.0,0.0,0.0,0.0,0.0,0.0,0.0,0.0,0.0,0.0,0.0,0.0,0.0,0.0,0.0,0.0,0.0,0.0,0.01731901904643591,0.003817220641337161,0.03330120636756462,0.015723456990188574,0.1636298310972183,0.08154784656391584,0.3634991061471451,0.006211288869965768,0.04115977920440808,0.3227438312787324,0.17228800110392017,0.17742187373524326,0.1814161568150609,0.2136034317579079,0.21304354848882212,0.17716006412584506,0.18714938324462532,0.23166579882936453,0.20888324733421598,0.5557871524264499,0.3312957877732253,0.1814161568150609,0.1689942471110904,0.2101222115278828,0.10242684078917864,0.15824704518531207,0.6355685195058717,0.352180203050842,0.20107342193620614,0.1133114466245443,0.002537891232615941,0.3815260399930419,0.33510677122611904,0.33868366011840134,0.3012355176595217,1.1447754008957296,-0.8082783468581639,-0.30381081916454344,-0.21444630172363946,3.3200876515884357,0.08701787570722817,1.5163092481044822,-0.483815548019725,-1.4667459205363842,-0.6922947018365554,-0.3333991633566819,1.4160314377131755,0.11637364864592305,0.23032737868883466,1.1940598894906136,0.9884482577245015,-0.5335027955267341,2.555426856965147,-0.3893737681356627,-0.5900538943400282,-0.1819012904321841,-0.19755397576076345,0.22465939243564673,-0.25288136810409856,-0.212947082354982,-0.29003295708848875,-0.38946571027771354,-0.18923809263169003,0.2835003280931226,-0.4824111686021016,-0.24630094052577187,-0.6294378168900819,-0.37561421993472077,0.04463605530497602,-0.3634914866381298,0.0,1.0,2023-09-11,-2.592003689674205
0.057692307692307696,0.06666666666666667,0.0,0.0,0.0,0.0,0.0,0.0,0.0,0.0,0.0,0.0,0.0,0.0,0.0,0.0,0.0,0.0,0.0,0.0,0.0,0.003419567782065805,0.0002031441677939331,0.003169325173084028,0.0023787027967120656,0.1753354811741511,0.11724401679774432,0.38469711909952664,0.024774973933848175,0.04302117657141161,0.44313118696221093,0.17081392797009154,0.17735540831543034,0.18084718859913906,0.21228615536053513,0.21278036888028573,0.1769451702416429,0.1862576677728806,0.2360479155141887,0.21095120497084172,0.5639380678105265,0.41379123599684964,0.18084718859913906,0.16839154913517912,0.20967962345537883,0.11578058663810088,0.22204567206327847,0.5365414742271494,0.15916399066192483,0.18879171689334212,0.15747973433282458,0.0221385797745981,0.41160420500598977,0.3823196185731547,0.36141191903180275,0.34680744882898185,-1.5515217392594118,-0.4173371236943951,1.8040287291283508,1.2040108289004767,-0.6298674377770572,-0.885538433030133,-0.7156731156904762,0.7173157652935908,1.1525689192573267,-0.8069654544900631,-0.7402062676034169,0.11470356237149175,0.1721435224623259,0.22619908824729157,0.20245451004493834,0.13642603981219914,0.06598547313011471,-0.43068568098530746,0.25224091184374126,1.4800763545427613,5.927299202051258,-0.1609841640781209,-0.3883504037379005,-0.19127974275871848,-0.17170382942350088,-0.2036479734583819,-0.1592925825279773,0.009146608152224964,-1.1492608530535637,1.8819366993807876,4.102587642067051,-0.6056862472378651,-0.03218579648549557,-0.20929382413679762,-0.17456335655663968,0.0,1.0,2023-09-12,2.6654161568650414
0.14423076923076925,0.15555555555555556,0.2,0.0,0.0,0.0,0.0,0.0,0.0,0.0,0.0,0.0,0.0,0.0,0.0,0.0,0.0,0.0,0.08333333333333333,0.0,0.0,0.11202368396897432,0.005791970923613068,0.11750598364737443,0.04930599464936561,0.1822291383397256,0.06810501691382634,0.3911524376905722,0.036949123380429,0.04324443673871539,0.2730535885684198,0.1719830006903924,0.17784048541995817,0.18090990682844565,0.2111046048877901,0.2128762120100821,0.17791456100999825,0.18600071365525134,0.2442186442155912,0.21440177290499512,0.5803377121123862,0.26098148749074424,0.18090990682844565,0.16847401891685393,0.20971014627328904,0.11437250757475399,0.19849485588367038,0.49785414282557017,0.15916399066192485,0.1773872764963969,0.2795643477916445,0.035871649146415274,0.4296448042916982,0.41070352728534776,0.36126289652521626,0.34669185527111224,-0.20481756738046303,0.5435715718446176,-0.22127382043939758,-1.1536018877965404,-0.5674482256617241,-0.25353281957731927,0.04423117983280348,-0.5186237006686055,0.4957569741315774,0.8851574172899208,-0.0799470044564381,-1.375899800911652,0.13338882824800324,0.09046130227081249,-0.03741540240988683,-0.7928667559509415,1.1713599188399462,0.08560292929348776,-0.17769932511526196,-0.11665704714608577,0.05533823576522658,0.07118947215253706,3.3574611861196164,-0.14047925549177526,-0.18916194626901406,-0.22028781020309846,0.31302791131151336,-0.2899163456013895,-1.1426157102679055,1.6988353557401938,0.07362589148659361,-0.4222946398011452,-0.4206308134465341,0.22642634594879468,0.047730409689152244,0.0,1.0,2023-09-13,1.528956036711282
0.3653846153846154,0.3666666666666667,0.1,0.0,0.0,0.0,0.0,0.0,0.0,0.5,0.0,0.0,0.0,0.0,0.0,0.25,0.0,0.0,0.0,0.0,0.0,0.17700296737728158,0.01774913112562341,0.23039853501036095,0.10613152605938365,0.1876631727679578,0.07460927210703294,0.39568977445747155,0.04610171108550878,0.044808926337373794,0.29320459445821995,0.17431627755985868,0.17920383020373248,0.18137779444031343,0.20999545383519652,0.21273310857269434,0.17964228532911508,0.18621108654377155,0.25441794953805036,0.21940437865667023,0.5987469979363851,0.3456870937379085,0.18137779444031343,0.16921816351490965,0.20979100787248584,0.1132210720190124,0.2518850286845569,0.46090673381796865,0.03443231637602118,0.15391489426659494,0.5650695036126535,0.050381382523390306,0.4221325946115486,0.3985118520644326,0.3785543932730705,0.3812203635070087,0.25303541177630834,0.23509424559804798,-0.37556598630693205,-0.9439112542484371,-0.49289002380997515,-0.3662322243535986,-0.15543065065238465,-0.5055068496134851,0.7006293957223826,0.5836280204020177,-0.0705478787271301,-0.6165422620041577,0.3283920882276567,-0.18293882054875882,-0.33597112864260426,-0.10710892486382667,-0.20512075231009144,-0.5260132829593702,-0.323917774284219,0.8373403599884822,-0.053047902587839986,-0.18698138687132226,-0.58868347991196,-0.2346719259614162,-0.16380239053052675,-0.2609291247962188,-0.11404388093905184,-0.2831075071087068,0.12475362610409818,0.7372381207100761,-0.057683306626666764,0.30134589451692295,-0.2865536499896585,-0.1501859763616882,0.08305216595258261,0.0,1.0,2023-09-14,1.1870739692642074
0.07692307692307693,0.08888888888888889,0.0,0.0,0.0,0.0,0.0,0.0,0.0,0.0,0.0,0.0,0.0,0.0,0.0,0.0,0.0,0.0,0.08333333333333333,0.0,0.0,0.08348407373998283,0.007884828280187774,0.11697749506047901,0.03955967954069622,0.18886778166335944,0.05409548699656728,0.3925070242818304,0.04996319401541937,0.050870573968164606,0.21555876269974583,0.17712951204161992,0.18075736282239696,0.1819486014647469,0.20897033824981165,0.21278688070556617,0.18130537267563313,0.18650525328098727,0.26363725604185806,0.2254331778597538,0.6109190522152295,0.5483782858379707,0.1819486014647469,0.17009508945854546,0.2099248616172416,0.11208750305994365,0.2385068076843354,0.42634471260886886,0.014604052535334226,0.13007120676013217,0.7649932215865455,0.06244159354437184,0.4393960889253393,0.42576519326909185,0.384025938990116,0.39233277687462426,0.0276899137379047,0.46821949214403824,-0.36801158460201894,-0.9769943326149654,-0.4501584970552921,0.3074275245978337,-0.015411660939580615,-0.6341923179174294,0.41815482756418065,0.8420937587433192,-0.19633820446855355,-1.4316068449744748,0.13609270425806877,0.1418907773550841,-0.001379760452709461,-0.8318949646758256,-0.5401994109881748,-0.07655932517915913,-0.47571941926396333,-0.9123701802409393,-0.17295653216754217,-0.17513584139700003,-0.6082772509496912,-0.2374332521644943,-0.19477072433592654,-0.25326438366655707,-0.408946304510532,-0.3290128772047754,0.6031506530450635,-0.797176454742893,-0.3232303072738347,1.2046221260271492,0.25314318078561987,0.4550430395535292,-0.34288603346275554,0.0,1.0,2023-09-15,0.2600617162704433
0.009615384615384616,0.011111111111111112,0.0,0.0,0.0,0.0,0.0,0.0,0.0,0.0,0.0,0.0,0.0,0.0,0.0,0.0,0.0,0.0,0.0,0.0,0.0,0.0002603781713391585,5.3541873682121896e-05,0.00026183477101505146,0.0005440342162796452,0.18816246266809217,0.018219558874229887,0.2685583605579611,0.09990028793425806,0.05141414079958975,0.09454888140182029,0.182222270970835,0.18228527661538912,0.18240372885997314,0.20788653303467391,0.21279917553383532,0.18259481386596338,0.18671944295089432,0.27087591706925673,0.23184751912711354,0.6154921070585496,0.5654462994047819,0.18240372885997314,0.17077943405532908,0.21004852042429023,0.10495147925907002,0.2262391501858087,0.4105749746497823,0.014604052535334202,0.10793063978984524,0.88775599800236,0.05466527686587552,0.438094118515986,0.42374641231531157,0.3839899921091361,0.3923110073196122,-1.4223960586330375,2.4163629126457615,-0.6962291437000692,-1.2567334773823409,-0.7476719972406215,-1.1381574133955004,-0.8393537311810959,-0.6399886383409849,1.023559637947112,-0.9733627652726414,2.4046556091024582,-1.5087636843128613,-0.1563898393276306,0.4931611015473973,2.3836978512389613,-0.5335057752783917,-0.23256268324485338,-0.5329557506249872,0.11901014739571102,2.8297883487703075,0.16372787981370157,-0.10250401070647154,-0.6039097355371531,0.06470998818373565,-0.0941196433458174,-0.19987665905913224,-0.3869455460590369,0.03365324730014744,-0.7942385586767691,-0.2554080185587777,0.5598535738808662,-0.7069318029508362,0.6189156891447137,-0.243742669436018,-0.05788388149946136,0.0,0.0,2023-09-16,-0.1518755875352329
0.6634615384615385,0.6222222222222222,0.2,0.0,0.0,0.0,0.0,0.0,0.0,0.0,0.0,0.0,0.0,0.0,0.0,0.0,0.0,0.0,0.16666666666666666,0.0,0.0,0.2578192400422552,0.033405404894672114,0.44168473808491154,0.20916089956636422,0.18756741900749646,0.012695948052104368,0.25365530637575007,0.1363992327931482,0.04670658641836897,0.07929568197056204,0.18476151387441053,0.18283640540137042,0.1828107834856043,0.20677445411810408,0.21281019062532136,0.183586508638015,0.18686867720211392,0.2765442592367697,0.23822508498256503,0.6150559005038699,0.5492040498851156,0.1828107834856043,0.17134770447264264,0.2102090010705765,0.09626590673241976,0.21852855603563764,0.4082259127622162,0.024115311195557605,0.08835388431086477,0.8759775648525084,0.047548526821315606,0.4393499689442084,0.42582655255345003,0.38055549448075776,0.38530446713133354,0.17831218949435046,0.016816317285241404,-0.12443324040012253,-0.6754887570121606,-0.42566953797776574,-0.20897675840146152,-0.2486184109481712,-0.3851062587285029,0.817743247475713,0.19026954364389737,-0.2472571716019643,-0.19372183509963692,0.17733372876220257,0.15693583866845695,-0.034657112116920595,-0.006219324224622009,-0.315001353297539,-0.08314598382379594,-0.35167323944626927,-0.6793719690460971,-0.006450683315569629,-0.16157351596953876,0.8202337189970944,-0.24726728177908622,-0.22027219952434007,-0.2908818801519381,-0.43243612900573636,-0.28480301282449577,1.0084117354792959,-0.7777173357918786,0.13841432418266544,-0.4473009888754079,-0.3118103161270075,-0.20864253461640722,-0.34604665028032544,0.0,0.0,2023-09-17,-0.1283250116151157
0.15384615384615385,0.15555555555555556,0.0,0.0,0.0,0.0,0.0,0.0,0.0,0.0,0.0,0.0,0.0,0.0,0.0,0.25,0.0,0.0,0.0,0.0,0.0,0.11734245185307789,0.02396628751671215,0.1763063627455705,0.06863801902094098,0.19140875035632826,0.09048081893238077,0.25517382782376785,0.15942926573515653,0.031395768479375114,0.37098189006834625,0.1866671207364068,0.18442727333022235,0.18188537431268054,0.2057812380147181,0.21299503762932281,0.18506712801780778,0.18732375666997364,0.28349083890545546,0.24485423023521052,0.6180399753621545,0.5679654536812803,0.18188537431268054,0.16702639283511012,0.2132950536323534,0.10396247317772937,0.3370422546464243,0.353863439755692,0.20474948834687084,0.0888317390844679,0.8243526152538684,0.06395345938086638,0.4774080604024704,0.4883551803186869,0.386620047401023,0.3974672226497223,1.1332760523359222,-0.25416613512769093,-0.759510155009049,0.10020678033336947,0.3377089505636953,0.9651522604883137,-0.13684195508496877,-0.598088562733757,-0.14672915257350186,0.2489418068203022,0.16012763743090855,-0.5693962683211959,0.11504518360038397,0.13088165257464815,-0.22107461307516202,-0.4401381044204182,-0.5451000210353327,-0.5847085988723029,-0.5213535575612301,-0.844139124062702,-0.15956162867744675,-0.20438269579268645,-0.6777984814017655,-0.25431051127765414,-0.22712530000052605,-0.30727287363563077,0.09339205324512007,-0.3712505482299953,1.9844888132800016,-0.6394241930036072,-0.18723886673893825,-0.7275271887927861,-0.41651038879522156,-0.13019775336701514,-0.16539107807666684,0.0,1.0,2023-09-18,0.8294723552398242
0.06730769230769232,0.06666666666666667,0.0,0.0,0.0,0.0,0.0,0.0,0.0,0.0,0.0,0.0,0.0,0.0,0.0,0.0,0.0,0.0,0.0,0.0,0.0,0.0036504552685907125,0.00026613460741995885,0.0035403916277127207,0.003044276571947802,0.199381980891006,0.07457699573651635,0.261822358554312,0.17267884038646006,0.028572562878841495,0.3182823640526701,0.1890998424171607,0.18689324548750175,0.1818034488926475,0.20498580931852323,0.2132551932050485,0.1876514699943585,0.1884028968315417,0.2937562652444241,0.25241423347183617,0.6290812209395369,0.6534057507258765,0.1818034488926475,0.16659266821323032,0.21362654101331424,0.10744569152376042,0.3079695950373162,0.31576402477749377,0.22348346143075654,0.09121034477404638,0.8364959876582807,0.07845933868163257,0.46825984465253023,0.4711624418847286,0.35194259155141266,0.3296294984298875,0.8893496564418574,0.019950218892451327,-0.7696432491520891,0.2084359351353948,1.713990845305978,1.5364845378560423,-0.7498405150770937,-0.5562693404765169,-0.1549927154766591,-0.8102070292527032,-0.39167212856219996,-0.17392979809029582,0.25896358315206003,0.031054906725015867,-0.2294480399857982,-0.30843430518749154,0.17021412579507,-0.5544165875662079,1.0990516560514958,0.027984896788530177,-0.04187006534910281,-0.13103979619017198,-0.14875885642188766,-0.16339211051487196,-0.16558367009811029,-0.2020496011080573,-0.3495888075774794,1.3027721207342244,-0.21175338915325032,0.5109576632667778,-0.008792510373759993,-0.6998794861895605,1.209270735194481,-0.29033919824632,-0.11620826188378167,0.0,1.0,2023-09-19,1.7075246134672373
0.21153846153846156,0.22222222222222224,0.0,0.0,0.0,0.0,0.0,0.0,0.0,0.0,0.0,0.0,0.0,0.0,0.0,0.0,0.0,0.0,0.0,0.0,0.0,0.07927341833777475,0.03589825154287208,0.2064478820297817,0.08936485452148862,0.19800127234215353,0.0699441613476029,0.26190986062835286,0.18114833677656594,0.020891149309358953,0.313928712542185,0.19099587489435138,0.18932986418966957,0.18294513352204322,0.20398365111072997,0.21350686597694313,0.18960764591305518,0.18928819590682106,0.3010795667261704,0.2600721447934144,0.6302425443944323,0.6390648093602419,0.18294513352204322,0.16924617413909238,0.21286955836790966,0.10511521699502914,0.28141334529824785,0.29332788205689486,0.2234834614307566,0.09341905005722645,0.84396856658608,0.06450665964820623,0.4479792513557353,0.43844442122390026,0.36239632843908987,0.3492496858594509,-0.059607175984644684,0.4537440614025999,-0.2769439923334835,-1.054492431770356,-0.5243124919211127,0.1187470611404156,-0.020958988500172766,-0.5558063575548027,0.45277466658276017,0.8670634079847078,-0.19486695613919003,-1.3642474193749479,0.12035608230094841,0.11479679346152666,0.04119396062477044,-0.7496649351884296,-0.6209728717169252,-0.534055644734674,-0.4187337675243084,-1.0132934322202236,-0.2031253319390057,-0.2007406773306951,-0.3114353691748195,0.4786856277042646,-0.2186858823003542,-0.27912181882388565,-0.4427424324240855,-0.1152300096616158,0.9413782005203072,-0.9271132040001151,-0.36419208192042896,1.2304390952212736,-0.33331880192370494,-0.28874286326527365,-0.3532388184966258,0.0,1.0,2023-09-20,-0.290724465500225
0.3942307692307693,0.37777777777777777,0.0,0.0,0.0,0.0,0.0,0.0,0.25,0.0,0.0,0.0,0.0,0.0,0.0,0.25,0.0,0.0,0.0,0.0,0.0,0.07430927593856254,0.03653130546111364,0.08378552037652803,0.07185447663474324,0.18815114538490485,0.07073886552322908,0.2742100743891771,0.18096291257636934,0.016625757812438385,0.32422723330832065,0.19099352552572213,0.19196368963323235,0.18367444769756502,0.20296549699325434,0.2136396927401638,0.18961792433873886,0.18929530803279676,0.3011019828883081,0.26620340167937007,0.6121343401080646,0.5366406563722007,0.18367444769756502,0.16986453323478812,0.2136125203951817,0.10768595273232943,0.2449301300220646,0.3787631339854852,0.047101033421189986,0.07725284952713979,0.8103119684181719,0.050459086101938055,0.4105175447259379,0.3805581339409234,0.3862635450814022,0.39700755560441475,-1.0152451815443428,0.49970982200955394,0.5480148725525189,0.3233699207870192,-0.43026093133233795,-0.6056406581036364,1.6764360589216512,-0.41957075047937364,0.19869241623899958,-0.5317733601154823,0.7096991402569062,0.372892415807885,-0.19530822534940445,0.06190120638042344,-0.6626094503543771,-0.05581059473327854,6.803549296620318,1.827545367521117,0.0480208847716681,-0.5958323908494338,-0.027723334623265383,-0.0007975556769565555,-0.4092531938713179,-0.19156211268287077,-0.18805762845818555,-0.24063033581604987,0.3354169347645133,0.9855084629529199,-1.036237541137148,0.3365342635007255,-0.03442105166752763,-0.43507299283059536,-0.29423460417513964,0.063768118217083,-0.15391850050999556,0.0,1.0,2023-09-21,-2.080107760178318
0.6057692307692308,0.6777777777777778,0.1,0.0,0.0,0.0,0.0,0.0,0.0,0.0,0.0,0.0,0.0,0.0,0.0,0.25,0.0,0.2857142857142857,0.0,0.3333333333333333,0.0,0.019700023211626505,0.0044786202574104315,0.022585256935408735,0.02831871723676919,0.18835945838959667,0.046168522092711835,0.2684173200963871,0.17084240495427577,0.01715829932696747,0.2298863300315263,0.19115794594771507,0.19336259028610842,0.18435037513263125,0.20194151792694776,0.21393750040289117,0.1896614092355569,0.18931907860271086,0.30123807007012304,0.2711383237418776,0.5979441770479748,0.485621967557319,0.18435037513263125,0.17044496209476834,0.2142927416906758,0.0999041945622056,0.23437496094177845,0.366703755781967,0.047101033421189945,0.062241377606345016,0.7221129858523462,0.061572749343335786,0.4080756086960227,0.37683542046719287,0.39051283867865777,0.40583660913003666,1.147415258612577,-1.4444869337846213,0.2289502732084095,1.6435320836210465,0.5110005822816606,0.20700771741030796,-0.42183726730226606,0.5992819392626147,-1.596861859715477,-0.08679769425557235,1.9119148178169632,0.7638021202355116,0.042404797105494205,0.04719502138257155,0.2253895304347603,0.4214678933485482,-0.056401658280009766,-0.43568987592478853,0.18628498615396902,0.1759516150495633,-0.133006245305888,0.09965773720565911,-0.2502047041587097,-0.22386337006191537,-0.18262649954668758,0.1470489304138412,-0.34931859068325116,0.04443684270066731,0.468464929316414,0.02816655512301931,-0.17476425236374105,-0.336839044197612,-0.052887856469180414,-0.13149720039900653,-0.2575920184015994,0.0,1.0,2023-09-22,0.0449251424063046
0.019230769230769232,0.022222222222222223,0.0,0.0,0.0,0.0,0.0,0.0,0.0,0.0,0.0,0.0,0.0,0.0,0.0,0.0,0.0,0.0,0.0,0.0,0.0,0.0013281867173218329,0.00025668604147605496,0.0026038905755545916,0.0016682751366234865,0.18835635636318088,0.018243039902239626,0.2654328001975561,0.1498592293592678,0.015424025149487236,0.1253967683963494,0.19052429575331276,0.1940207125441203,0.1849303056190944,0.20095867361818426,0.21414280760350202,0.18969768611734877,0.1893408324807508,0.30133904211119705,0.2751084584530105,0.5865004828864532,0.5449047613673507,0.1849303056190944,0.17097849825202122,0.2148358697707488,0.0904487877431346,0.22899920432884419,0.3605619041799385,0.047101033421189806,0.04830215367989277,0.6449372054291718,0.05379362882816374,0.4097967529193865,0.37945705484797665,0.38848021124202053,0.4015929665238378,1.9067534614850297,-0.7028595389395793,-1.0810933631871205,2.2343270277652185,-0.6761756515672243,1.6440530563606994,-0.7581085074854959,-0.08540604629626318,-0.8962825616598654,3.413497323445724,-1.2892026840431183,1.67794056902826,0.7877891874400164,-1.1607112910073847,-1.787062307238578,1.935263769811524,2.640745361726759,-0.5993650855994086,-0.10307048892808658,0.4522652628138037,0.0014713540118490853,-0.18612886743290402,-0.5914249325749074,-0.22104717473398738,-0.03550140279821427,-0.27909303304465033,-0.44357043352364156,0.23795793529681,0.5736200210406588,-0.12804841901048772,0.0520712119537394,-0.7366031302550679,-0.3751964055948604,-0.30651481672290865,-0.31658123420143314,0.0,0.0,2023-09-23,-0.0006686879658768
0.07692307692307693,0.07777777777777778,0.0,0.0,0.0,0.0,0.0,0.0,0.0,0.0,0.0,0.0,0.0,0.0,0.0,0.0,0.0,0.0,0.0,0.0,0.0,0.0021174311696632274,0.0004913254290830009,0.001996690922525822,0.0018679472691942073,0.18272658747693193,0.025177391655085375,0.2690495008854322,0.11049700060025623,0.012654475969834905,0.15496051389843712,0.18706678230702517,0.19349047571458994,0.18535293068084002,0.1998613409789452,0.21412834869675534,0.1887882241678009,0.188896534021126,0.29814782993199224,0.2775830301228421,0.5687610649519801,0.48500308576875584,0.18535293068084002,0.17096439165565352,0.21569065853656327,0.08894293818790931,0.20569031844906277,0.41631729756332514,0.05539351988925177,0.0362150537202475,0.6015314887893151,0.04518648707988193,0.39745656659132067,0.3606166379866572,0.375872860651625,0.37597386118841714,0.5604206609021302,-0.49584329072255495,-0.0385262841231943,0.6675328801767066,1.287383200562329,-0.09940339138932289,0.11829259789833031,-0.5985191969779208,0.36543680056867767,-0.20349757022649087,-0.8604571359418509,0.32537278083166615,0.023315409785304983,-0.017895144593404973,0.10445256747280615,-0.004053153789926568,-0.4609676566960329,-0.0037086926288813615,0.047809095756491206,-0.40558921693649375,-0.09065009685575519,0.0931172797263184,-0.496990255155664,-0.16808828595209394,-0.1802627611862371,-0.09277393454795864,-0.04245907263035354,-0.294043456243658,-1.1311768736430465,0.056762904919029696,-0.16327458370704223,-0.15788068639628328,5.507004317933654,-0.2552630315588888,-0.06651524957548514,0.0,0.0,2023-09-24,-1.213588594546644
0.2884615384615385,0.2777777777777778,0.0,0.0,0.0,0.0,0.0,0.0,0.0,0.0,0.0,0.0,0.0,0.0,0.0,0.0,0.0,0.0,0.0,0.0,0.0,0.016204516916164,0.0028597659590215694,0.020129150402390245,0.013911938801938266,0.18345358656890742,0.05865374474825679,0.2690038331648952,0.015463191307219652,0.01365985977628889,0.2828830031027044,0.18404681046229754,0.19290893898989075,0.18584601182670002,0.19878052595550583,0.21408491360676485,0.18814008652933206,0.188545122047374,0.2961006256835897,0.27911264289827586,0.5575525633404179,0.5056923283350626,0.18584601182670002,0.1709008217560103,0.21674161626441363,0.08592385341102603,0.18721618146941826,0.44970617072582453,0.126606416791457,0.03234633299146791,0.5479668773926529,0.05779099327637671,0.3898232919607025,0.34920684302880595,0.3817935097150226,0.38810484246044097,-0.0031178950556596833,0.29961185592631584,-0.19834589147715695,-0.40843134354086885,-0.1705205945170745,0.6882608318082074,0.10166785156502878,-0.47641380479573836,0.15622317613660294,-0.01567932344724329,0.2237350178927877,-0.3807404801711175,0.09650238430692197,0.32445173596581817,0.7355100634492768,-0.15117822286686405,2.065174470549563,-0.4937220797537985,-0.2473192547803974,-0.27174303763739044,-0.0649458431245854,0.11539524635314169,1.471880742295741,-0.2196636789122564,-0.1731018705143624,0.39959038976926253,-0.13618767541948656,0.10789575331508479,-0.40507992987631886,0.24174593672809955,-0.21153297363336215,-0.3860082463087274,0.05513448986737535,0.9207101842584551,-0.20257334145592495,0.0,1.0,2023-09-25,0.158641781768809
0.40384615384615385,0.3666666666666667,0.1,0.0,0.0,0.0,0.0,0.0,0.0,0.0,0.0,0.0,0.0,0.0,0.0,0.25,0.0,0.14285714285714285,0.0,0.0,0.0,0.12502932172776582,0.0344809666512865,0.37783078727129615,0.08353240259110764,0.18203585823227958,0.04094907989427959,0.26908737696425,0.015563599338999938,0.010579219570572479,0.21880302733117246,0.18277733053874046,0.19225088263710416,0.18628727943494217,0.19761305539210122,0.21406056262653372,0.18735490517424364,0.1881027817782755,0.2937290910728469,0.2798149898025994,0.5477400615432473,0.6212935056052746,0.18628727943494217,0.17069720257917664,0.2178492830482225,0.08100560376633088,0.17400920122229285,0.4291860698233163,0.12660641679145718,0.028753949457601152,0.40891681178556927,0.047300576319466714,0.36680591224737824,0.315433209283707,0.3803402785266711,0.38518636376652243,-0.156077813794086,1.7318539138639375,-1.2648440843937052,-0.7916277989111851,0.3085715379454495,-0.1279339284241112,-0.1536967669636642,-0.6725790016036253,0.11309580980849118,-0.48058601972002096,1.3568544393353452,0.45953555365401455,0.21954818272742121,0.6551088099206822,0.38188932490496963,0.27742352773424656,-0.5106391585987026,-0.461643461380007,-0.46146049576858217,-0.8718591320325062,-0.1984817742706327,-0.1963405704620174,-0.6545243532969461,-0.22315444569177575,-0.21337172469035018,-0.2998805108340492,-0.22021210614715223,-0.34749424442746135,1.9637396930663893,-0.5970828219827633,-0.34590605019913884,-0.6958758699610106,-0.3349663510141471,-0.2762259447585484,-0.27960564337077853,0.0,1.0,2023-09-26,-0.3088789439622763
0.3269230769230769,0.33333333333333337,0.0,0.0,0.0,0.0,0.0,0.0,0.0,0.0,0.0,0.0,0.0,0.0,0.0,0.0,0.0,0.0,0.0,0.0,0.0,0.05592035942263628,0.010202876458425523,0.07893916759031692,0.05380729902927512,0.18440018186055968,0.056195104228682756,0.2697233437453873,0.012379193145162646,0.011280659998856885,0.2771652801085508,0.1819554194918871,0.19191069084780887,0.18639428508864508,0.19626851484849644,0.21395856108830047,0.18708535727187597,0.18788825785744084,0.2933241045547845,0.28028783762633763,0.5450178893621686,0.5470550651950156,0.18639428508864508,0.17076816596473965,0.2179808037268166,0.08420617599393947,0.24228494175249904,0.38367105200952667,0.03658764017230365,0.016120839734293735,0.3061955335485397,0.059611499694185,0.3759850417527866,0.32895480065822,0.3851711786982273,0.39504878458832526,-0.03476362785919109,-0.8461139875523525,0.7939800091816178,1.5120153494413309,-0.32143052376135667,0.43144512251287126,-0.42914892266510185,-0.24862607738014142,0.6762434684342397,-0.48666974133462065,0.0020274917851199423,-1.032668681099835,0.011973261956881207,0.19851329027627443,0.12191089030518036,-0.6308264161901354,-0.5143413268516179,-0.5843677251364129,8.638074301928311,-0.7667376496289923,-0.18535417117812983,-0.16442646024660887,1.169006383960359,-0.2380589609805891,-0.21823359069010267,-0.28406492454523247,-0.4837479170949831,0.046143022555078156,-0.39362143318177817,-0.7663489710252519,-0.30789239781712774,-0.7098760063618491,-0.11656772081773098,-0.3159305901118511,-0.3792502684140227,0.0,1.0,2023-09-27,0.5167086436411061
0.42307692307692313,0.4,0.1,0.0,0.0,0.0,0.0,0.0,0.0,0.0,0.0,0.0,0.0,0.0,0.0,0.0,0.0,0.0,0.0,0.3333333333333333,0.0,0.11768429804121641,0.013279959434156881,0.18233177517549354,0.07776361423922748,0.1960733799688349,0.07696401906083383,0.18246898259139305,0.07230248723838115,0.014911742945456469,0.3511134885753325,0.18355740584060476,0.19241171701688276,0.1874554763397881,0.1952678448112501,0.2136912428246006,0.18880667409724589,0.18865263235198665,0.29986371410251106,0.2821037426910542,0.5609483804546102,0.5955654863435872,0.1874554763397881,0.17202978751094744,0.21864962671690552,0.09148533099316856,0.2935264775719107,0.3316847636942587,0.18142279278595314,0.01934896843709641,0.3737314603264541,0.07440241010772275,0.42873903125648044,0.40834227399258594,0.39058752443137323,0.4051964330107805,-0.6200430459809007,1.2169879207147192,-0.41247296278927414,-0.9092854370918665,0.04228402775327136,-0.5429894509658629,-0.1376982866164126,-0.45946654801059217,0.6619157760779608,-0.005435561430371943,0.029535615858048005,0.0926193012809567,0.20308557717543926,0.12800305102633636,-0.08349562402921971,0.02889814700306758,-0.5169642259406908,0.13539208198805558,0.3473150883430155,0.16889981310048122,-0.17330476764536795,-0.19493778508933435,1.7531051534570443,-0.19985341903343204,-0.22613911313897983,1.2314352601975895,-0.458168372049719,-0.38008701633979336,-0.8671802703469762,-0.6810104951280755,-0.229236661662548,-0.717621571457581,2.4896519031452247,-0.34864518845689824,-0.36564462971178635,0.0,1.0,2023-09-28,2.537992888096885
0.9903846153846154,1.0,0.0,0.0,0.0,0.0,0.0,0.0,0.0,0.0,0.0,0.0,0.0,0.0,0.0,0.25,0.0,0.0,0.0,0.3333333333333333,0.0,0.5267823954865489,0.08655358832913135,0.988834273047082,0.41066770071751746,0.19415656626128697,0.04456453424866035,0.17566571932359099,0.10155509334166662,0.020383584847776054,0.21948494637683974,0.18593016908643084,0.19185045713319743,0.1884217126338179,0.1942758721843913,0.21305350332977757,0.1899430697015167,0.1892022544878013,0.303887381574924,0.28444100459993543,0.5671323838675233,0.5099055273501857,0.1884217126338179,0.17275952749843482,0.2197358936639368,0.09008028621606974,0.26590406107123427,0.3065790378814155,0.18142279278595308,0.022346516518270382,0.5002147884709475,0.06348027680882895,0.4235303141121628,0.40038973828766977,0.3972798099398826,0.41934107697450773,0.2490016173956272,0.09919384224860799,-0.2576081271137052,0.1367140311669817,-0.5144689651043337,-0.4728855352771897,-0.06198582414158827,-0.21094491415747021,0.39988313691854255,0.1960484009308983,0.44865954607119396,0.3833454247243779,0.019925105254361593,0.15071474909282495,0.28023951525350327,0.26370437723633045,-0.4862950638933382,-0.1645114218435061,-0.5028017708208621,-0.1111164456712416,-0.13228359220377742,-0.19627893959186174,-0.6128776236269337,-0.23748261250339445,-0.05625683784146802,-0.23207634498864096,-0.1722554542289035,-0.3632630613624458,0.8336043382178164,-0.6768749066447475,-0.2870348743862433,-0.1660089119504755,-0.1786371237935245,1.1248179280600845,-0.1444809262401226,0.0,1.0,2023-09-29,-0.4064392478456136
0.21153846153846156,0.24444444444444446,0.0,0.0,0.0,0.0,0.0,0.0,0.0,0.0,0.0,0.0,0.0,0.0,0.0,0.0,0.0,0.0,0.0,0.0,0.0,0.07869650681609595,0.012709895955541348,0.16248534207186802,0.05800620141130578,0.19513735201991778,0.0,0.07824609872169297,0.17879192101240404,0.01752429207540565,0.05410560250686623,0.18835561621612779,0.19154284449365677,0.18950173031230866,0.1933185976311958,0.2124508096726313,0.19106842405973018,0.18979207608576448,0.30757465156123853,0.2871214004676451,0.5712024207265987,0.5103452546109776,0.18950173031230866,0.17333335573179426,0.2212255701662842,0.08302733495288846,0.25498709194120556,0.29665671867813137,0.18142279278595297,0.025129954022217627,0.6490086439505294,0.06908102147375295,0.4259418376907525,0.4040656041135796,0.39925049008162733,0.4233543500583909,0.2568367712800426,0.22310067237048076,-0.36891293737365266,-0.7267006063451713,0.2482120417370203,-0.23192843322828657,-0.07727938114305054,-0.5990607320373322,0.28586787419541926,0.6333030579324376,-0.12413482924393596,-1.085932661641001,0.13058328246996684,0.08167639775880717,0.03326381087902208,-0.6050839869686592,-0.5988998902036333,-0.5970957779788693,-0.5141198220243942,-1.0085896953698292,-0.1984275877533512,-0.2080134445715573,-0.6356334985639721,-0.2471935749452187,-0.03562544216189803,-0.30075204311128045,-0.44239011596419126,-0.3921219397291266,1.4399887219043495,-0.9326363927273073,-0.36804392394918817,0.8314368827773432,-0.38604113319021677,-0.2762442329179841,-0.344471891632465,0.0,0.0,2023-09-30,0.2088135244859179
0.2884615384615385,0.24444444444444446,0.1,0.6666666666666666,0.0,0.0,0.0,0.0,0.25,0.0,0.0,0.0,0.0,0.0,0.0,0.0,0.0,0.14285714285714285,0.0,0.0,0.0,0.14906152653860583,0.025435539520989203,0.3985896262027533,0.09346102703821117,0.21286686469071564,0.03671209899153748,0.12408089144750811,0.19576994035304723,0.011850984720660845,0.20062631296700884,0.19475586247524918,0.19419755090946628,0.19218453521439305,0.19275434399473784,0.21189573733598344,0.19498143266564177,0.1918008447711282,0.32067076712290415,0.2921446851865753,0.5989922786985201,0.6613423244153783,0.19218453521439305,0.1755267197865769,0.22405117866400237,0.09325133953473834,0.4072078948809188,0.2484979591594301,0.43633973051430525,0.05404292194049698,0.7508680636103504,0.0790655064738206,0.483195783831638,0.492717198125849,0.43139293465799333,0.4887497749661903,-0.10955279713710064,0.514005916633378,-0.28249669356737483,-0.971630194461516,-0.43596200092118154,0.03801318134254244,0.4206790287067453,-0.5892848900511748,0.3816822077835124,0.5954374379762095,-0.07622778102360961,-1.1061731035453617,0.10968084177748615,0.10203331096542774,0.08471388320612475,-0.6175614590688083,-0.6561963967731677,-0.35991586138606263,-0.5523402686736629,-0.991071607721109,-0.22116163160460095,-0.21361022930879156,-0.5412759328195969,-0.26047679719355527,-0.23375324864203487,-0.0018173077263258176,-0.5135208863600195,-0.4079214927902955,2.1599780707249705,-0.9714868445595737,-0.3845733398601178,-0.7309694936191927,-0.4183606514567942,-0.36651607683607307,-0.42840453532668343,0.0,0.0,2023-10-01,3.7668241913332734
0.42307692307692313,0.4666666666666667,0.0,0.0,0.0,0.0,0.0,0.0,0.0,0.0,0.0,0.0,0.0,0.0,0.0,0.0,0.0,0.0,0.0,0.0,0.0,0.06073287055076188,0.01141859194320782,0.12283102822353942,0.06868142600628244,0.20496119697313808,0.12723653025558918,0.1367149378890587,0.20017855274644253,0.013115390984909298,0.5486618098139954,0.19902414869663554,0.19598073760882945,0.19379876762793513,0.19206405293176715,0.21127798948059728,0.19697221258078318,0.19300861924464457,0.3261205871077144,0.2973613672552314,0.6012862351012003,0.5677514273550871,0.19379876762793513,0.17681947898074224,0.22578206789068422,0.10397593006569748,0.4245879474740004,0.207063667859927,0.5212545562451077,0.08966085629756537,0.7517604762378244,0.058271625891668455,0.4620369892274753,0.4599412570307969,0.4378437711326071,0.5056513771313218,-0.2100039894953781,-0.26906083289766347,0.46695875651688945,0.15222730722088654,-0.4826222887392458,-0.3717782910534182,0.33520491485738513,-0.4568857016563786,0.7534547665353107,0.1935973349200896,-0.22417510829104492,-0.21358358204179473,0.19363763388627783,-0.005926540687623527,-0.3016617890689484,-0.15843817747631925,-0.48639642591258714,-0.580642072556669,-0.42517063017260304,-0.5250393791408541,-0.05690457374021516,-0.18816400364981153,-0.49965148604456333,-0.20771822219692274,0.4475417559629358,7.36052229297394,-0.4725002730209241,-0.36295652885926877,0.633422705000208,-0.7661372375973481,-0.23919430137744133,-0.7175823448693307,-0.32197838781731686,0.7535658591908497,-0.34359625495084417,0.0,1.0,2023-10-02,-1.6186709920936293
0.5480769230769231,0.5222222222222223,0.2,0.0,0.3333333333333333,0.0,0.0,0.0,0.0,0.0,0.0,0.0,0.0,0.0,0.0,0.5,0.16666666666666666,0.0,0.0,0.6666666666666666,0.0,0.26123684177866674,0.4177053527700833,0.4169421553981334,0.1823831303092169,0.20320180258414144,0.05346271572303656,0.13770102221523867,0.19804047107257103,0.011262622166858555,0.26656231255322665,0.20050394664739524,0.197575281584698,0.19494151653740888,0.19128459167456696,0.21065361505939417,0.19836290405989826,0.19398178359106671,0.3290825119652415,0.3021858439204483,0.5966341439652023,0.530402275765052,0.19494151653740888,0.17807157733478585,0.22662359413852678,0.10066801208795799,0.39456999780160884,0.22626649638639137,0.46161681068464006,0.1165751430554639,0.7245552323384303,0.046286973202433135,0.46119956065704937,0.4588988045603315,0.41486766487316157,0.4552057512307191,0.032249562195677164,-0.03270030825638282,0.04921642866712646,-0.02517933227641655,-0.16406993298126848,-0.5174716402701285,-0.379535554972962,0.32872208775462397,-0.7481856958114879,-0.3207363041385855,2.188525523859355,0.39942110536787656,0.09290277378355484,-0.1085751744510762,-0.11365711894063203,0.49744944608825176,-0.23494763990917225,-0.42567256853036595,-0.22946824453364803,0.06280642552061284,-0.0701465107809711,-0.14901297544897865,0.0603537341978816,-0.16545368187731077,4.674645517921428,0.7584889464941458,-0.316933470518137,-0.32587908694285017,-0.45210905101290205,-0.2781758510683418,-0.18315913007553633,0.28827126008624976,-0.12403923450493658,0.05475835009920761,-0.1783105307172857,0.0,1.0,2023-10-03,-0.3661597010505724
0.25,0.26666666666666666,0.0,0.0,0.0,0.0,0.0,0.0,0.0,0.0,0.0,0.0,0.0,0.0,0.0,0.25,0.3333333333333333,0.0,0.0,0.3333333333333333,0.0,0.14227424542860592,0.3995263118940123,0.3098661911875733,0.09854398502169626,0.20964927926887628,0.051135988070454046,0.13977048860582708,0.1870411033635818,0.008292421775981634,0.26206761308469934,0.20372009784908052,0.2004670381120563,0.19613948542370263,0.19074447348659368,0.21014766566503695,0.2006163559987924,0.19541476134446228,0.3348215424083182,0.3073070577619684,0.6001538516884932,0.5245205037415762,0.19613948542370263,0.18061701743860709,0.22610141215716056,0.10002585403452809,0.3907859515545865,0.20636032626775438,0.49294171896210703,0.14480228192866174,0.6356782953309527,0.05799379460063081,0.47120742946107635,0.4738722297873279,0.41410632389396157,0.4522305891590427,-0.25759553741695235,0.34251667645828593,-0.00446038133408521,-0.9596418074449087,-0.5497311440767716,-0.26777641865974805,-0.01847841722058,-0.2178221426071908,0.32725987909555265,0.8314633319951729,-0.16935822885911705,-1.3415649995682069,0.11338821061195493,0.08995436647878934,-0.045217221303874976,-0.8005314527158466,-0.5870392295661785,0.6180672902888945,-0.5022581988712499,-1.0128534597689018,-0.20295678727751207,-0.19681146210537298,1.18507202206875,-0.2504966870457235,-0.21979726176924774,-0.29165348111057093,-0.44070592977649475,-0.39263555652887705,0.5755638718296625,-0.7286250709468474,-0.3627534101094819,0.3784536406153764,-0.42394720908146954,-0.21473023290719834,-0.37178384931296077,0.0,1.0,2023-10-04,1.3467601347721292
0.2692307692307693,0.26666666666666666,0.0,0.0,0.0,0.0,0.0,0.0,0.0,0.0,0.0,0.0,0.0,0.0,0.0,0.0,0.0,0.0,0.08333333333333333,0.0,0.0,0.052093574434427026,0.0049557728375775765,0.06406920148426581,0.04151588768008473,0.2029562993506624,0.05759287711229027,0.1484305513759845,0.16635413478002792,0.008734965285129404,0.28676033352510766,0.2053432426682848,0.20256181739429396,0.1969071341132369,0.1902378768403467,0.20947785559062504,0.20140541158343056,0.1961894395798393,0.33504937272542423,0.31145411362520725,0.5885990091083398,0.46915480426276335,0.1969071341132369,0.1816297794140413,0.22647117148599277,0.10205635358275093,0.40025267220399174,0.18366908182391176,0.5427384167871138,0.17615630230919088,0.6191480402322536,0.04551596512308653,0.4261916542552116,0.4040256217286992,0.39341336807500493,0.41025426378630603,0.01683836133524872,0.1437722076756131,-0.08529609552086376,-0.8368754863445339,-0.3074826433473326,-0.4053451879646982,-0.13173751994628333,-0.44588099060289416,-0.18689066205844862,0.21549268543051456,1.76362184595984,-0.6671810989219346,0.088516579924842,0.24674956701857254,0.2947584606532333,-0.3517437697260754,-0.3759894925626778,-0.5409324407996514,0.08277736954554162,0.12421156908688709,-0.14054809777861493,-0.18822307569300673,-0.33858409372362774,-0.236888409270003,-0.21398719457632284,-0.2661089390234824,-0.3588674359731422,2.8918048898157735,-0.6509903725390246,-0.6081420421051751,-0.12758705095286285,0.9582984387885755,0.403720423065061,-0.30470246387749944,-0.2938953305974501,0.0,1.0,2023-10-05,-1.379463216164356
0.3653846153846154,0.4,0.5,0.0,0.0,0.0,0.0,0.0,0.0,0.0,0.0,0.0,0.0,0.0,0.0,0.0,0.3333333333333333,0.0,0.0,0.0,0.0,0.13407165720322878,0.019495541064254975,0.23326265400864216,0.11233438426467844,0.2122184389052063,0.07180297352353521,0.15763165456445255,0.13391429290562568,0.015515161822089257,0.33024492604001576,0.20520863516808469,0.20580371739998254,0.19821788511229543,0.19074296838752985,0.20903988256786665,0.2036198288803232,0.19767083608751906,0.34021083982090744,0.31590642291606014,0.5922197311901481,0.6279328649649643,0.19821788511229543,0.18417049573064992,0.22617819198246386,0.1100597035334636,0.3689478659625859,0.1549342298738297,0.5715305503803132,0.2082444607787694,0.6934896409446875,0.0596906023156738,0.45359143478425795,0.44537672598728134,0.407162352052119,0.4372113218682614,0.6766345402203358,0.5653779368179076,-1.0361963175668139,-0.41151495635750274,-0.43509483151935363,-0.5633521750784741,-0.4923342834418688,-0.6166557194555929,1.425723077768233,-0.5141153252971371,0.08261175658062328,0.6102217251162102,0.23253983569819112,-0.2318471557059683,-0.3426596453004885,0.6502107987931997,-0.5317580251954194,-0.3944258694649898,-0.4753264574946822,-0.743995841048253,-0.17141246471819804,-0.10546266916662177,-0.6414160896062411,1.7010856565809478,0.012836051209270942,-0.2649885472594941,-0.11240748383310986,-0.3887296578128044,1.253237170235886,0.10954709103145498,-0.3233012541079116,-0.672206257545868,0.11752173065716298,-0.32445817290387746,0.6461216324297335,0.0,1.0,2023-10-06,1.9356844476223989
0.38461538461538464,0.3666666666666667,0.0,0.0,0.0,0.0,0.0,0.0,0.0,0.0,0.3333333333333333,0.0,0.0,0.0,0.0,0.25,0.0,0.0,0.0,0.0,0.0,0.1427790276503432,0.03712499035458893,0.15279103015115736,0.15228617357295918,0.21260663535381213,0.010750111008199788,0.14866241101403577,0.077084595850716,0.015268944635802778,0.09685019775480296,0.20679576105258085,0.2088333623044772,0.1995822104474253,0.19149911369036748,0.20853295568009012,0.2055583944600528,0.1990745246936781,0.3440318981323917,0.32030826787684286,0.591621155391485,0.6252829208620013,0.1995822104474253,0.1863953348272443,0.22635136106112708,0.10071824927485719,0.3594845366153122,0.15084412509355968,0.5715305503803133,0.23804060792909232,0.717872856303741,0.0665750026834433,0.45213898958139603,0.44305588536767965,0.4090282743740502,0.4410129146518302,1.179943810212162,0.24714565384461257,-1.2233626350308433,-1.1574868214669485,-0.5383536728854266,-0.8047245878176246,-0.559678004113407,-0.6570552505610852,-1.0331680245298425,6.109276273359808,-1.172304277495319,0.7403320189320168,0.0788355197283334,0.2589848254088001,0.9294594668486207,0.6031294933798879,-0.5256540634035186,-0.5992725132349037,-0.42924485227039283,-0.7265453296992813,-0.17061127354177305,-0.19981437357368784,0.6898295690805583,-0.24837372042153325,0.8223504318999996,-0.2601038258794292,-0.5044321079002198,-0.3332775740866028,1.4025886229307776,-0.6667272367596448,-0.31269179709468664,-0.732665828331682,-0.3727249625688142,-0.36524786546488863,-0.4067162804670587,0.0,0.0,2023-10-07,0.0795881766130657
0.3557692307692308,0.32222222222222224,0.0,0.0,0.0,0.0,0.0,0.0,0.0,0.0,0.0,0.0,0.0,0.0,0.0,0.0,0.0,0.0,0.0,0.0,0.0,0.0614322912922732,0.008683232102447652,0.08930653944388223,0.06121542452755114,0.21201759121683383,0.022749191260857317,0.14111102208375625,0.06733447683156765,0.006698498903914968,0.1520646904483171,0.20862584137427448,0.21054592423202462,0.2007051355152374,0.19222358419879643,0.20801259055660948,0.20710035023674395,0.20032564179355433,0.3461924247227988,0.32430470047983456,0.5868124117597914,0.618617145003811,0.2007051355152374,0.18827921869149156,0.22643385500358437,0.0959323275465221,0.3375435587622562,0.17548786320677415,0.5003065068291793,0.2583522926574547,0.7925826391836372,0.05825780894419341,0.40723993469009634,0.3757187952800997,0.4090385116734878,0.4411389033005977,-0.042383110150812635,0.4612915832784827,-0.29885804435798013,-0.49990116437638554,-0.11309744717446463,1.9267330073235824,-0.044859787932467914,-0.5089470909275163,0.4846084032169262,-0.3044597046168175,-0.9785025901555596,0.3357510732038584,-0.4040400809491266,0.6543663912456094,1.0756110839989783,0.2414330642334687,0.19087864708799906,-0.5526422104620694,-0.11979345090887343,0.7517335186867405,-0.13680050223437482,-0.20114785155711906,-0.6588284213786576,-0.23251858695159283,-0.20716195066691817,-0.2629419545075047,-0.31857260836161955,0.05590996998355225,0.572965040376321,1.1448778959338801,-0.12170043914873954,-0.6913785507152851,-0.32209142448995354,-0.33122422340482527,-0.2640374370465891,0.0,0.0,2023-10-08,-0.1206700034343422
0.20192307692307693,0.18888888888888888,0.0,0.0,0.0,0.0,0.0,0.0,0.0,0.0,0.0,0.0,0.0,0.0,0.0,0.0,0.0,0.0,0.0,0.0,0.0,0.05422390777869649,0.004815619109409669,0.06254317061025172,0.03823287268875889,0.20588433958155883,0.058740276502006826,0.1486515155253692,0.05876295134832478,0.004694593971514033,0.2981192236309819,0.20784427294957658,0.21180560009624944,0.20105943305302465,0.19277281916269412,0.20739719868024942,0.20738084387518702,0.20097810662754417,0.3438116490913234,0.32697847175808264,0.5711238440582415,0.6092264237470051,0.20105943305302465,0.1888797292581541,0.2264529107333087,0.09769533491744632,0.2981019328489314,0.26960810531198165,0.2836293991829857,0.25483428394661983,0.7360376881717982,0.045642970112147685,0.41158415284028066,0.3820619825961061,0.392018361527205,0.40710700409714073,-0.29972458545539915,0.9758962105300866,-0.49915477854793094,-0.9805082795115031,-0.4735645719671436,-0.2367028855096566,-0.22411171896214147,-0.5852114541952611,0.9240928796049558,0.3697984438728141,-0.23824571258412863,-0.49547242961880245,0.1417456978725139,0.07707723254709867,0.02832177664048626,-0.08884199764043334,-0.27247550415201016,-0.485277984839827,-0.4255535026287208,0.3527447479768535,-0.13686151429928195,-0.19015367045793224,-0.5883900449909809,-0.2289071044620788,-0.200208385082885,-0.2712970001637213,-0.15720732915403757,-0.26214811724124615,-1.1329600877041024,1.1018828218861372,-0.21192071284882785,3.31246020837194,-0.34869121979905354,-0.09529393248350039,0.10009554743886104,0.0,1.0,2023-10-09,-1.2579594744121514
0.3557692307692308,0.3888888888888889,0.0,0.0,0.0,0.0,0.0,0.0,0.0,0.0,0.0,0.0,0.0,0.0,0.0,0.0,0.0,0.0,0.0,0.0,0.0,0.08179044828667108,0.01943570014661025,0.10202560519171766,0.07999039258724443,0.2025218452114385,0.04084220548963303,0.15076807777876794,0.02349428729282546,0.001012167578601758,0.23196111339883202,0.20775408408457546,0.21259876582250142,0.2013057479540009,0.19327193494334877,0.20673608849716396,0.20705665622799946,0.20130484390292286,0.3395070707384713,0.3281711972349481,0.5535566203937942,0.5749633443135098,0.2013057479540009,0.18918750340472978,0.22659113703171396,0.0941303229895502,0.2757645522482263,0.25288161217535365,0.28320773456124554,0.2515240111799867,0.6462262236070777,0.03516531487824759,0.40765493096958405,0.37627089085317955,0.3726756240710087,0.36902551320756,-0.48041097046532044,1.1182867307739837,-0.45563774951009417,-0.8514744029790197,-0.41118386350639735,-0.4971228287245724,0.17099969957153938,-0.5577539702365518,1.3213631628581342,-0.2919680215006103,-0.5727473704479382,0.026201645151662907,0.26261313759645355,-0.08204042131397311,-0.5995470535462697,0.20930031938471277,0.2718055396836613,-0.41918644075510514,-0.4229334667335926,0.04414180191513403,-0.06805411244380645,-0.17381613883579267,-0.34542616024671635,-0.19572330152730333,-0.13374440802366822,-0.08407770779727268,0.46520669558058775,-0.31483659260360597,0.1257546736954642,3.11186498404419,-0.1661795760627331,-0.2500205687432936,-0.24048138642333028,-0.16882935320591558,0.3338506586603514,0.0,1.0,2023-10-10,-0.6984500217130485
0.3653846153846154,0.3888888888888889,0.1,0.0,0.0,0.0,0.0,0.0,0.0,0.0,0.0,0.0,0.0,0.0,0.0,0.0,0.0,0.0,0.0,0.0,0.5,0.07358564825993286,0.024919017916055792,0.08426099946990506,0.026148367969696138,0.19348635811446224,0.07317285706221496,0.13839942890835083,0.016659856934693518,0.0013201535685135601,0.36248340332272316,0.2038654685712239,0.210517112664322,0.20159645057801956,0.19360352765795724,0.20585936005711902,0.20527343913595303,0.20086197479597218,0.33045390343097086,0.3271351860150918,0.527120762701936,0.5074780806478478,0.20159645057801956,0.18908256750843944,0.22728758660393922,0.10033508927654429,0.2307825461569316,0.40819334613379143,0.00443030398602458,0.21965747814912712,0.45943720747080724,0.020827101810460658,0.36970595671305573,0.32099906485622653,0.35961387698511993,0.34381535733528057,-0.9876951134527264,-0.9878941389083815,1.7744148537312994,1.660271960151146,-0.24243978427965934,-0.4276392410866988,-0.15266988169470752,0.03051871870710692,1.081182828026664,-0.5253541990501922,-0.8809276683878597,1.122320792728277,0.012683146862828792,0.7117545519886879,0.17018205372457923,0.9198140824529977,-0.21524179292566115,1.7887002188339547,-0.4157867818831905,-0.5360022686833181,-0.13145263048372272,-0.18686803870095503,-0.5413708798586079,-0.23724425558452167,-0.17437061037420165,-0.20907134976628988,0.028036376525631616,-0.3564778843501055,-0.3423346899593359,-0.2380663505312583,-0.21886592366611937,1.3960075886377135,-0.32332856358017176,-0.22014776732416003,0.3711076228276589,0.0,1.0,2023-10-11,-1.890032673516828
0.2403846153846154,0.2555555555555556,0.0,0.0,0.0,0.0,0.0,0.0,0.0,0.0,0.0,0.0,0.0,0.0,0.0,0.0,0.0,0.0,0.0,0.0,0.0,0.11865491020516546,0.02198366342948299,0.21420975695950395,0.10373690736804639,0.19145269004918503,0.03573544162420073,0.11769897457231704,0.02747385819210768,0.0,0.21265865782062543,0.19947409524761472,0.2090661688517907,0.20176499316586383,0.19373163113303155,0.20503633018806888,0.20342494549222484,0.2002841386089595,0.3218446250263216,0.3244137671942069,0.5071295293009236,0.4818379949053695,0.20176499316586383,0.1889867250616884,0.22773124511730652,0.0956072725258464,0.21432528730199413,0.38812989260239084,0.005385519740983068,0.19016578270341267,0.2741447327715582,0.01095923809908017,0.3811259992871455,0.3370671869582133,0.37295150765755813,0.3698199802518313,0.4631242011841881,1.0693261555175664,-1.2671399528026546,-0.38016358607904877,2.1103424317890385,-0.5924494592783699,-0.5655100354341623,-0.6158334195625683,0.2787145546057972,-0.43961416796375374,-0.5004843945696389,0.2361020410552486,0.2428242573051492,-0.2138910619955427,-0.7944384791649752,0.33200677086797376,-0.38045365742323456,-0.5797696195062428,-0.34829725098287767,0.048862747558622896,0.3327183186704189,-0.17847088338712985,-0.5889526664227679,-0.14730919193935998,-0.1546628213868971,-0.23473871448589448,-0.14612048839048833,-0.2468146046444898,1.190947361694811,-0.6954636349361157,-0.009396961879152574,-0.7013830670677116,-0.019418980546611824,-0.3097801910449932,0.7159783202595995,0.0,1.0,2023-10-12,-0.4335954136668429
0.19230769230769232,0.2,0.0,0.0,0.0,0.0,0.0,0.0,0.0,0.0,0.0,0.0,0.0,0.0,0.0,0.0,0.0,0.0,0.0,0.0,0.0,0.1073546941736114,0.006317941094490384,0.10399338184505164,0.04451675726669107,0.19329532782837278,0.08652145165008074,0.11043635118611411,0.038715498581942266,0.008639633250544093,0.40066505024557736,0.19558751774078487,0.20800211800355145,0.20203410557762014,0.1940074128352685,0.20428883077575233,0.20216855153352536,0.19990111781173242,0.31592952947418973,0.32093629457726464,0.49816169986222925,0.41436666747953277,0.20203410557762014,0.18886110689800356,0.2284084078522371,0.0920422711425019,0.23337674822138021,0.36532523103445047,0.04742690972626437,0.16712275844729801,0.1384015670133793,0.0268913881554822,0.3629406902055698,0.3114958059004982,0.3757402410907284,0.3753158845239395,-1.2325633130970148,2.5345819902058717,-0.9672241700836535,-1.075563577963613,-0.5446089057042183,-0.9360185442517731,-0.5827794390766313,-0.5375330118080057,1.8378425076857905,-0.6753841031298627,-0.24683122644249647,-0.32251931588138466,0.1872023269680449,0.05876291823770605,-0.5583571460491948,0.07231073461588813,1.4932788749422259,-0.45546569598323494,-0.33018036341299406,1.0714017060583687,0.649372421672298,-0.15711711263396141,-0.36070915920701063,-0.20868842574000007,-0.15718917242016975,-0.14402370637359413,0.047638536631059214,-0.2666159028860858,-1.2312660572991383,2.056110717509591,0.6263623617644509,1.0888226902885305,-0.3549119558439103,0.7149176652904667,-0.09268317545346048,0.0,1.0,2023-10-13,0.3945769916393171
0.2692307692307693,0.24444444444444446,0.0,0.0,0.0,0.0,0.0,0.0,0.25,0.5,0.0,0.0,0.0,0.0,0.0,0.0,0.0,0.0,0.0,0.0,0.0,0.07810140937211506,0.009234398449175377,0.09018360560936822,0.05451917358887508,0.19328366966316174,0.0005009971257074544,0.10564158105781812,0.04851859894452665,0.005517196843163874,0.06479993115390605,0.19297172929364587,0.20624429383176174,0.20260933502939338,0.194328122052352,0.2036649992731846,0.20110350206772482,0.1995455071578302,0.31111715969905096,0.3170963952519746,0.4938628246744581,0.4277815177544083,0.20260933502939338,0.18823504844512684,0.2302631449247235,0.0839257074277329,0.22576926393294638,0.3566383880248477,0.04742690972626423,0.1457256644951917,0.10436931514050483,0.02123082012528954,0.36196064060653793,0.3101296637461476,0.37572564130573494,0.37528719672043587,-0.7204888562789243,-0.9517899043793626,1.502568174383895,0.4377861750548111,-0.506152253115488,-0.5167759940299468,-0.35917472282844626,2.0464929831805905,-0.9345205436072138,0.11308443992744754,-0.42913119084166057,-0.21507225201263563,0.2075857746066971,0.1602081760047823,0.45064622545906496,0.0374979627223557,-0.5478124032635008,-0.4194899736427478,-0.4822987950515927,-0.8128842591054036,-0.12475875713258949,8.413790209836408,1.985751388671849,-0.23568711135859138,-0.21584489458590733,-0.161220946250753,-0.40192426260703334,-0.35815305291072885,-0.3398221199558374,-0.7715890832308037,-0.2879096015881894,-0.6816391933337189,-0.3113112026077137,-0.2686171407501353,-0.03867470039898739,0.0,0.0,2023-10-14,-0.0024866332556272
0.22115384615384617,0.23333333333333334,0.0,0.0,0.0,0.0,0.0,0.0,0.0,0.0,0.0,0.0,0.0,0.0,0.0,0.25,0.0,0.0,0.0,0.0,0.0,0.07256846538954798,0.00953517779838965,0.09565482787978088,0.06948011453656533,0.19848375675851876,0.015546446247237486,0.10970036753535212,0.05206326174713243,6.259940984978951e-05,0.13035451153482464,0.19213345758332584,0.20576389965963854,0.20342829204855017,0.19478165933973063,0.2030135376897626,0.20107070831980894,0.1996452313697657,0.3102464537900898,0.3138330652579039,0.5007017235053629,0.46267646120278416,0.20342829204855017,0.18759669585425925,0.2326155755920719,0.08243309148583476,0.276669679686948,0.33039111020114054,0.16057609742826348,0.13754321599898595,0.1787135207644467,0.028687944167973045,0.3761498872650534,0.33062488271622115,0.39420518828662154,0.41239069544955426,1.1857405985256824,-0.533441443522383,-0.5720107575747879,0.6601856560764532,2.2054775260329587,-0.6030511823836581,-0.5062883652767456,1.3228178104832273,-2.0381655679775683,1.1811998723886454,-0.9401606931515936,0.02217692955826362,0.2085420070906222,-0.12770272440761393,-0.4829590981333166,0.14561235391291238,-0.3030582041674855,-0.5688384387869586,-0.3234025978087005,0.9280444912977177,-0.10186147573558692,-0.19051059030378031,-0.6085457941919619,-0.22588943068288458,-0.21532615289977067,-0.24959365771664857,1.6636173901939713,-0.3082888566428388,0.16154636357044527,0.3418083329837093,0.014959948994460997,-0.4139435042551107,-0.12774504866093178,-0.3121358291362832,1.7269708924366278,0.0,0.0,2023-10-15,1.1091823470242623
0.08653846153846154,0.07777777777777778,0.0,0.0,0.0,0.0,0.0,0.0,0.0,0.0,0.0,0.0,0.0,0.0,0.0,0.0,0.0,0.0,0.0,0.0,0.0,0.0033007448978350515,0.00022204129968174082,0.0028737570880118224,0.002759237368205541,0.22221681545456834,0.19798036061764834,0.1866571153325633,0.06696426218724745,0.01993260867900995,0.7971308983528572,0.1980976482873094,0.20683782164608172,0.20561765361521933,0.19573892388971154,0.20265060018023973,0.20500632310108996,0.20169548273695198,0.3232231730000742,0.3140751219412296,0.5422803915888963,0.5109455774698513,0.20561765361521933,0.18996717651687256,0.23426016219656992,0.11626736150906249,0.5765238237168483,0.23217572462640026,0.5898714041716835,0.17428373329017705,0.3650820428313023,0.057929246475922014,0.4493526576054272,0.4375275781140985,0.4334616253085586,0.4905683220999807,-0.4816595915584191,0.9362376675417753,-0.301378729299765,0.23763563101694182,-0.5819155356936788,0.6354331518095119,-0.6587814532510644,-0.5359630807560594,0.9507187455565996,-0.8549525869966242,0.6120135835053802,0.6088145906029808,0.3421957221468104,-0.20523709198103204,-0.1777997726823741,0.6635323812161077,-0.23055431177699737,-0.37076507089233945,-0.13143809158504288,-0.5785889617647806,-0.053344615654702277,10.507368216084503,-0.42081457450616294,-0.17350810776844236,-0.19050332293543035,-0.16685950837383262,0.9942284842163227,-0.2814780533347474,-0.5838689883141925,-0.07445135437522397,-0.16077282466552226,-0.7043935589192108,0.02889441232350002,-0.3029312833941054,0.688335120404267,0.0,1.0,2023-10-16,5.006744695824206
0.17307692307692307,0.18888888888888888,0.0,0.0,0.0,0.0,0.0,0.0,0.0,0.0,0.0,0.0,0.0,0.0,0.0,0.0,0.0,0.0,0.0,0.0,0.0,0.005906738412587705,0.0007102172067834405,0.0062422694488619025,0.005819429834778545,0.22040659555583586,0.08394550573417661,0.18736742913837712,0.07996471063975949,0.023444015658543177,0.36165225975630566,0.20410822486889846,0.2076756125327303,0.2075795545689949,0.19664884245533792,0.2022912628049658,0.2080341563452613,0.20344452531202778,0.3320857807978149,0.316217067480078,0.564815665266051,0.5494810742656053,0.2075795545689949,0.19147128755619414,0.23644025712640448,0.11317596100157988,0.5367186177865565,0.2156592388556158,0.5898714041716834,0.2083999279177116,0.5387498449951044,0.042304686514417655,0.4531573053966561,0.44356845059502376,0.43279189652603056,0.4896375641341363,-0.15231499643442933,-0.6049337659715037,0.6973439364975277,0.6273222621991573,-0.6444130355593581,0.3898829967365133,1.147591296640581,3.4176945733846407,-2.026949041890363,-0.9478718864657292,-1.1233104930911595,0.17319445582161316,-0.11191143864124617,0.2745918971761594,0.3842049336833535,-0.14451091281116232,-0.12502781072661134,-0.5304876712984196,1.2267053141373858,0.32894660006115184,-0.08958196153376176,-0.16750124693621243,3.2792223269689034,-0.1762133413198672,-0.17931182497357212,1.1187383335794918,-0.40481205591614067,0.009270204536249384,-1.0268003032516555,1.1208412417164906,0.06240843646430679,-0.7164656109314483,-0.10518020107629761,-0.2982300700090893,-0.2740756972502918,0.0,1.0,2023-10-17,-0.3636770306356673
0.27884615384615385,0.2888888888888889,0.0,0.0,0.0,0.0,0.0,0.0,0.0,0.0,0.0,0.0,0.0,0.0,0.0,0.25,0.16666666666666666,0.0,0.0,0.0,0.5,0.025166367397654727,0.060929077489264065,0.04158032544616323,0.026317655212527834,0.2188810803233096,0.06504374182703065,0.18701428826302807,0.08975322955362475,0.0219356791154319,0.29389286238363105,0.20941960245604557,0.20841281739981726,0.2088222900843275,0.1968856000783203,0.20186424490477217,0.21034141174023874,0.20493815823407652,0.3377892150384068,0.3191844311742862,0.5746062506337456,0.5517807382525057,0.2088222900843275,0.19327900151368016,0.2368472886070312,0.11423851713868953,0.5353408299936182,0.19385744918376183,0.6239586240570194,0.24359984991306455,0.6466265425823666,0.028937159714221172,0.4715643580106982,0.4725672240054366,0.4261544620025763,0.4757591591254886,-0.14927747044115092,0.7978470197413331,-0.4853498279319146,-0.5853367763613978,-0.5267446521065509,-0.3989493858598333,-0.2740226000035267,-0.5564429906130136,0.9768357876365513,0.22490169889664555,-0.03217369864786378,-0.49177329536685493,0.1928044116068509,0.035671655963976555,-0.3078545880931902,-0.12239719636695201,-0.3192547095561643,-0.2837080484507076,-0.15091171868568623,-0.6612778122326906,1.3880656047391613,-0.17598503720206563,-0.16761443721211877,-0.20732737358606093,0.05351816402668839,-0.2495074794066308,-0.2522133432028418,-0.3606198302113475,1.0572345319290295,-0.4527859323327468,-0.05447256099988569,-0.252898427999321,-0.331670906924953,-0.06349023447309725,-0.2186531220522435,0.0,1.0,2023-10-18,-0.3075979201948686
0.17307692307692307,0.17777777777777778,0.0,0.0,0.0,0.0,0.0,0.0,0.0,0.0,0.0,0.0,0.0,0.0,0.0,0.0,0.16666666666666666,0.0,0.0,0.0,0.0,0.0545508857465745,0.17778264203950445,0.08547379242767417,0.0456019319002276,0.2257133787246155,0.08021099504438095,0.18428783375479185,0.09618250574373949,0.02644621678130929,0.34248212781488163,0.216151725339701,0.2105426472777619,0.21054174320714836,0.19744604249000158,0.20147509218114756,0.21343468205668187,0.2068847981019915,0.3458001303562452,0.323319391581166,0.5884555404951588,0.5582590643398377,0.21054174320714836,0.1960687306752958,0.2370817377566632,0.11521999779009943,0.4838651933100243,0.1738529458061507,0.6244018731505707,0.2763312714469696,0.6713969535296637,0.04411578698343632,0.49329497354033186,0.5058787400430885,0.4178941828523606,0.4568345569136917,-0.5666666465469102,-0.9916813332868926,1.3971116546124087,0.43878298721766884,-0.3967344931949912,-0.3836725039431957,-0.32989733079357936,2.02911481338952,-0.974040583471343,0.13120826000293337,-0.5822676782489571,-0.6729262714468436,0.028673502622035676,-0.0017641850307836386,-0.10011539685420845,-0.4938140527157588,-0.5915413132861466,-0.4914481858810841,-0.4418022591597014,-1.029341587073059,-0.21311758120879615,-0.2092911068561666,1.2794493080557352,-0.2578504982582511,-0.23303560605084547,-0.3119388175762628,-0.5183461318869114,5.411544388248232,0.140106682752014,-0.9540634627901149,-0.37733338938641053,-0.7421846191423843,-0.41179731796610647,-0.3694038119973845,-0.4256198650844085,0.0,1.0,2023-10-19,1.3818840741083749
0.38461538461538464,0.41111111111111115,0.0,0.0,0.0,0.0,0.0,0.0,0.0,0.0,0.3333333333333333,0.0,0.0,0.0,0.0,0.0,0.0,0.0,0.0,0.6666666666666666,0.0,0.07823153701885793,0.24465959179045602,0.11516232149454644,0.082730820261802,0.24252325987183687,0.1425723043345902,0.21211867173389898,0.11106892046611574,0.044486654301808065,0.5272660233904378,0.22529393954002447,0.2148391846686622,0.21312368481891186,0.19892402206947218,0.20133002616085827,0.21885927408182987,0.21007401284884303,0.3613147040828079,0.3300379866277214,0.6191009719463834,0.702151188007419,0.21312368481891186,0.2028105064869557,0.23452590909576654,0.13116128909440167,0.6002349926890658,0.1381998120643548,0.7528592332212517,0.3199920755344656,0.7566062813575795,0.06674089087472868,0.5299799094009734,0.5607063122279204,0.44984851705156004,0.519488379071253,-0.568262469331,-0.8083251574800064,1.244323698571522,0.6627684803929123,-0.6493506378535866,-0.8677467090811161,0.43281521574122667,0.2016044233693519,1.322391036845497,-0.9316859365130244,-0.8736333397525563,0.2926439328098933,-0.052378483375714165,0.27862840982736115,0.6232403116258503,0.16783532859283493,-0.4847543640642203,-0.14116689098151075,-0.5099615450093474,-0.9543717567254413,-0.18994823888085108,-0.2023862267833256,-0.49919423747224123,-0.24433832650541842,-0.21613282149447155,7.544047370524848,-0.06961198376032768,-0.31537478332983465,0.19850425170771163,-0.5952113947495934,-0.3457913629415784,0.681886534440427,-0.30609341514777805,-0.3029965605246136,-0.30344493573513254,0.0,1.0,2023-10-20,3.35358308702054
0.019230769230769232,0.0,0.0,0.0,0.0,0.0,0.0,0.0,0.0,0.0,0.0,0.0,0.0,0.0,0.0,0.0,0.0,0.0,0.0,0.0,0.0,0.0029400983981274394,0.05716854824359033,0.002852874560262156,0.0036924875530469532,0.24663283128512958,0.05463578709771797,0.19451343254636266,0.11504335218275404,0.046754634586798155,0.222270045383553,0.23036249006538162,0.22054762801025024,0.21496350931871844,0.20054627878312908,0.20101118739738943,0.22413560196320864,0.2133660181628289,0.3751651046356589,0.3384576479781413,0.6392779389248173,0.6786723069482867,0.21496350931871844,0.20918558028626005,0.23091503819985715,0.132674500556136,0.5730430166294253,0.12203029604342791,0.7684041975180699,0.36213976674995974,0.8596983688670348,0.07886561837424333,0.5400811043262381,0.5759455824238917,0.4551873268747607,0.5295327172305775,-1.8656830594922043,-3.4038426894272673,-1.7364815273117937,-1.2567334773823409,-0.8470977957092418,-1.208558777295969,-0.8839002153115504,-0.7377272160931758,-3.2572707578057543,-1.059388974690937,-1.380933912491096,-6.8897159099290946,-10.937089278756611,-10.66487759901222,-9.185352453197654,-9.438910766103538,-0.6763511867315631,-0.624636995681546,-0.5775136240447825,-1.0915743526466986,-0.22853448223532602,-0.2161972631979875,-0.7091519254915294,-0.26598874092956537,-0.23782559497994693,-0.32330843099514156,-0.5301359544637015,-0.4135783919922747,-1.6778542760906345,-1.000775988850076,-0.39679608418476486,-0.7476128686515695,-0.4354104603505198,-0.3773658476761975,-0.4453810267421046,0.0,0.0,2023-10-21,0.7932597562652743
0.20192307692307693,0.2111111111111111,0.0,0.0,0.0,0.0,0.0,0.0,0.0,0.0,0.3333333333333333,0.0,0.0,0.0,0.0,0.0,0.0,0.0,0.0,0.0,0.0,0.032017913624979,0.01632869671205653,0.04292483896358408,0.033243963173513635,0.24795027213038057,0.04500518261507904,0.19419198199162035,0.11090236004448774,0.03634946160275512,0.20122012755656737,0.23608031550180825,0.2266160127403442,0.2173058783273818,0.20217145489650384,0.2009415562833522,0.22882019652483382,0.21652285659231324,0.3859343635119533,0.3475608234825144,0.6473853492487253,0.6815845271205786,0.2173058783273818,0.21509311764919392,0.2288340792018212,0.12784948631884446,0.5385951854180642,0.11294694202838451,0.7684041975180697,0.40127690859291865,0.9216213723265468,0.08984036887756153,0.5305646806834647,0.5595867913397983,0.42718255443189557,0.4708627056404589,0.24524357313435755,0.47568056767158684,-0.5708935639193548,-1.0117374338722187,-0.32160771327482196,-0.03171554771839622,-0.22710834703627697,-0.5984355052782729,0.07001426909760454,0.3097986182244309,1.2216043182310417,-0.5952944889922784,0.056760185949479305,0.2569910079643431,0.32991237255536504,-0.2708329441894104,-0.2505262262989988,0.11494027298880823,0.03942448716182475,1.0603659281742588,-0.11201076016180875,-0.1001372204194536,-0.5944063941074973,-0.22311051613351654,-0.14321427111559634,-0.25064010856465596,0.78663011112464,0.10419783527998555,-1.0453749881402505,5.602714790254094,0.2250898678997896,-0.28667814028718047,-0.3108726643241247,-0.30675823722621326,-0.026624513206716625,0.0,0.0,2023-10-22,0.2523007395046406
0.16346153846153846,0.16666666666666669,0.0,0.0,0.0,0.0,0.0,0.0,0.0,0.0,0.0,0.0,0.0,0.0,0.0,0.0,0.0,0.14285714285714285,0.0,0.0,0.0,0.06688978827285715,0.01765307070519372,0.12977527187444782,0.06781328629945321,0.3019213389164128,0.2906213601351565,0.4070434468530586,0.22376066123858904,0.06635841549412472,0.953360685795725,0.25331874413155403,0.23828349305888824,0.22268486314174518,0.2049752282258716,0.2015127398704284,0.24179712170354856,0.2238983244062553,0.42470651270113413,0.3633667903357392,0.7268895986726669,0.8246263946888055,0.22268486314174518,0.23662704451968114,0.21497881186980644,0.19771318064085724,0.8560012639938566,0.05513437125647895,0.9708235621730044,0.45852483000135635,0.905323246170597,0.1301438032190545,0.604678487752555,0.6562455264588151,0.5327660473449506,0.6737801883591847,-0.6776229106626387,-0.0011304624098454111,0.664182658541697,-0.20871416838183562,-0.4818699568803843,-0.36740528116605364,-0.12933904249156672,0.1794679682388352,0.6055814016790765,0.08449879807999963,-0.5844458447900277,-0.13979043116626086,0.2114972413922566,-0.26628285916261724,-0.5120464699061222,0.05711642162524652,0.6726485633718331,0.04009683323822167,-0.388333849368755,-0.7854863030664674,-0.07505967569604477,-0.14666569923075876,-0.5681932093273485,-0.2235915399505351,-0.1255182697748223,-0.22208913945957948,4.9283418138771085,-0.019321459316438992,-0.1462770702696543,1.1169967301438528,-0.24211770817186595,0.0650244444404434,-0.39170909178829744,-0.15551615103074604,0.9987869947514406,0.0,1.0,2023-10-23,10.3098905213463
0.04807692307692308,0.05555555555555556,0.0,0.0,0.0,0.0,0.0,0.0,0.0,0.0,0.0,0.0,0.0,0.0,0.0,0.0,0.0,0.0,0.0,0.0,0.0,0.0020891692633829033,0.0003511717009150936,0.0017573450275488731,0.003177391326994949,0.3161507772323192,0.3484372372184506,0.4042142688086011,0.2674974646626856,0.10397753538597751,0.9999999999999999,0.27209275406418215,0.2514806043676861,0.22848786791198783,0.20816211775053034,0.20226036281872306,0.255153878599681,0.23190135203466217,0.46192586818319037,0.3841936338245402,0.7864440451093844,0.8805343929332509,0.22848786791198783,0.2566532413955704,0.20368254487870335,0.22239766074797562,0.795631245919419,0.03652296312839967,0.9898346098001691,0.5136471143967434,0.8887493053579311,0.1773509504874542,0.6439919283348966,0.713308770358068,0.5600486248456698,0.7270857164996014,0.2592107572298663,-0.6330163204299687,0.34906432043063346,0.8699175545553508,2.506021496882071,-0.4041333600050985,-0.7325778234151097,-0.09448635428102675,-0.6677658207442173,-0.8178813896856121,0.40072966966723844,0.46207806718146854,0.24490808941521658,-0.17827747409693573,-0.729420268417684,0.4405036023740099,0.8793084895010563,-0.526731607800747,-0.29954900100410725,3.854084224610873,-0.05725019087139351,-0.16311626687947592,-0.2334614359172046,-0.22944851210459966,-0.18488520662833832,-0.19186354609768524,-0.3530173213546876,-0.2663677567970196,-1.5658637623079943,1.7097211530530185,0.050300528129482484,-0.7172765971539744,0.18653736017725447,-0.04835915767767942,-0.2565799697690673,0.0,1.0,2023-10-24,2.464145540134477
0.038461538461538464,0.044444444444444446,0.0,0.0,0.0,0.0,0.0,0.0,0.0,0.0,0.0,0.0,0.0,0.0,0.0,0.0,0.0,0.0,0.0,0.0,0.0,0.0010590842183917917,0.00012125659628009959,0.0010264565563105393,0.0015018816928145523,0.3266452393907927,0.17528522432879004,0.4047519454427897,0.28163884900536257,0.11886977863412831,0.48152989349155134,0.28955573846113697,0.26524638257522376,0.23522737414245887,0.2115986782787896,0.20315220022862301,0.2682082995896317,0.2401773279797655,0.49533817258544954,0.40820026035578916,0.8241606098901331,0.9125956003306573,0.23522737414245887,0.2752612222531629,0.1958603532066393,0.2291999725880735,0.708037318372824,0.026844847587030957,0.989834609800169,0.5648320927638883,0.8899477204161751,0.20388225834959406,0.6734530714988376,0.7564742999717876,0.5669542068146212,0.7352142548337519,1.2234085519471765,-2.5628404896573036,1.1009769674793037,2.844590014408602,-0.021107461938005737,0.8011618940098796,-0.7681486114723206,-0.2650647882509942,0.7764132808419615,-0.31101299877663513,-0.7204474242311314,0.2672498512628422,0.2091788707930023,0.1638734086922625,0.05797408500660679,0.4502349421316896,-0.12980489953320604,0.765158001864837,-0.10106841308974547,2.067843310516236,-0.06011951801433562,-0.14111365781319965,-0.5430179618619175,-0.17839256412711588,-0.14275166025828456,-0.15670937526109657,-0.027862784617655224,-0.2328132736474426,-1.2706748865480098,2.6690041406374,0.08241673534823671,-0.1788871343126442,-0.12332293617825107,-0.14853523719072192,-0.06230804751561672,0.0,1.0,2023-10-25,1.7736456610143003
0.07692307692307693,0.08888888888888889,0.0,0.0,0.0,0.0,0.0,0.0,0.0,0.0,0.0,0.0,0.0,0.0,0.0,0.0,0.0,0.0,0.0,0.0,0.0,0.034366723792580704,0.004308546070420162,0.03764316579120685,0.03540997174205254,0.3206034464024803,0.12401779204693236,0.4093011635668513,0.30118712541103765,0.12547679937081282,0.3334050184256059,0.3049113887324952,0.2758140547993491,0.24113300671624072,0.21490939375004842,0.20403240166880365,0.27824538331957976,0.2473418368393125,0.5157957883254375,0.4319028357000474,0.8205541480222275,0.9299260356196649,0.24113300671624072,0.2890584090475447,0.1918634587409223,0.22876259199362803,0.6482487469679203,0.020238902194272657,0.989834609800169,0.6123610012476659,0.9067318121925977,0.18347272278995952,0.6418984822348675,0.7068134992943446,0.5680653609689231,0.742605682441541,-0.3052843109804384,0.8960726834943219,-0.4269868950212772,-0.34365561292359914,0.5898656440532789,2.3443332152350913,-0.12171422327238092,0.024976519661091257,-1.9790000486741106,2.1302010514558196,-0.4469080953342509,0.6065276230514663,0.5164937721755963,0.02661432549505403,-0.7248102952969071,0.34412116761379397,0.9009509150884819,-0.5924726068041895,0.09612909806923516,0.35288530036223476,-0.05258656467529049,-0.17040282320901878,-0.16709593644519408,-0.1810817383969339,-0.11373940838798607,-0.1295641419222062,-0.39625280334917506,1.1213858649717676,0.24556874088649838,-0.13276037675660676,-0.13695883885242077,-0.702825509648807,0.07908325137416533,-0.13638376513946474,-0.27725559680334244,0.0,1.0,2023-10-26,-1.0033147199696724
0.3269230769230769,0.35555555555555557,0.0,0.0,0.0,0.0,0.0,0.0,0.25,0.0,0.0,0.0,0.0,0.0,0.0,0.0,0.3333333333333333,0.0,0.0,0.0,0.0,0.1256822946406947,0.020501813337280735,0.21689075225290347,0.26017857633769476,0.31629517485756464,0.09754296996184386,0.41429021723045445,0.30803607280324663,0.13645916482030493,0.2512927276925533,0.3190991905027481,0.2861134122052776,0.2467827402961975,0.2179310093929982,0.2048503333799475,0.28601882940549234,0.2536202204107036,0.5268760433454849,0.4533007098439804,0.7932172476859671,0.9147209455302615,0.2467827402961975,0.2999783799264956,0.1906362669438333,0.22360173572046943,0.6048244308531989,0.06579568314777914,0.8869844954915745,0.6458724156480984,0.9054898004312195,0.16622450866462635,0.5901375762379163,0.6255214957572304,0.5449094621381042,0.6918739109814506,0.09604951549743557,0.6475158831871294,-0.5806040621673154,-1.0936640861090603,-0.517990288533997,-0.37017325177132177,-0.11223611812126916,-0.6315114656188664,1.0686916723488866,0.32340739936582263,-0.3297574269271662,-1.1498487945337657,0.16655412986567347,0.05654802556711738,-0.23974837322011933,-0.6170713619137809,1.5857834221445521,-0.3814833167555316,-0.39726839867528363,0.33923387277414385,-0.04250384178466085,-0.1606349858160762,-0.4916996770920219,-0.2271217913582789,-0.19724479751443813,-0.1815819836274165,0.8567528934524337,-0.29389106095644746,0.2718831464900624,0.479916308486125,-0.07656148893115461,-0.27828683294413653,-0.3782475179123674,-0.1318474964762014,0.28195257815524005,0.0,1.0,2023-10-27,-0.7226928505637331
0.38461538461538464,0.35555555555555557,0.0,0.0,0.0,0.0,0.0,0.0,0.0,0.0,0.0,0.0,0.0,0.0,0.0,0.25,0.0,0.0,0.0,0.0,0.0,0.047864610232063426,0.03307155556465417,0.13412205034295535,0.045351618284758505,0.31943278935664066,0.04248726989444445,0.4084417919383785,0.29918982259667287,0.138956729659604,0.10673443676959281,0.32273441387188956,0.2969136346786178,0.25263553034254793,0.22115525092111116,0.20573001748823272,0.2931203347331733,0.25969238337209316,0.5348017791727454,0.4721613532849064,0.7631222302284246,0.9181037346667514,0.25263553034254793,0.31006965674265013,0.1907560472910681,0.21314916996117328,0.5971910275067565,0.060963331525724196,0.8938431221783046,0.6776985307091247,0.8869306822380962,0.17689859873563418,0.5877552954009857,0.6203533275281066,0.5496009372712967,0.7004034206240477,-1.199739792765376,-0.18200313397937248,1.288167598338611,-0.20318339529275298,-0.5879707171269737,-0.826660123072071,0.26583202299511466,0.21752913389607278,1.2881176368035707,-0.5546387476960511,-1.1887734878732445,1.242595736006227,0.056914047941823975,0.3837924464249454,0.10914023951759923,1.0038544237812521,-0.5251121372480102,-0.5448953138407955,-0.3376314283799736,-0.4126318080494488,-0.19200774481734725,-0.18293325556526926,-0.621741352028776,-0.24371825071076966,-0.14757167362097168,-0.2907419795250897,-0.4293103374889606,-0.30330985288645534,1.094203181719549,-0.39405033420003543,-0.2930104318776788,0.3822251920245388,-0.33636252536884703,0.05917118090386911,-0.35324695320058946,0.0,0.0,2023-10-28,0.5301518539129857
0.17307692307692307,0.18888888888888888,0.0,0.0,0.0,0.0,0.0,0.0,0.25,0.0,0.0,0.0,0.0,0.0,0.0,0.0,0.0,0.0,0.0,0.3333333333333333,0.0,0.05887065668259532,0.016298776253234167,0.06432621721041556,0.06505115513222491,0.32726762178969027,0.05128527963296479,0.4059062318710237,0.2738002353315396,0.1380134089644721,0.13007211846887495,0.32504217320136414,0.30782153896745407,0.259249406946643,0.22456027977787868,0.20667769635858613,0.3004376988254542,0.2659611092936239,0.5428901360616449,0.4890279617591299,0.7394702552374478,0.9234836496177724,0.259249406946643,0.32008268533385337,0.19247537540921034,0.20861468160514518,0.5981206485309536,0.0537813529569868,0.9084594645512754,0.7087609578399986,0.9016186438030803,0.18862324683026888,0.6037295190103722,0.6413218457098933,0.5639750363453213,0.7277939519104502,-0.787518347043764,0.7204713655732358,0.1565213962295074,-0.7947211968737213,1.0126007960515795,-0.13871192560835433,0.3395921432847389,0.31411225237149737,-1.1710864593027324,1.2988116210156069,-0.6629476165690574,0.9205118004444902,-0.008110092413601016,-0.08978620732544151,-0.0709036710584359,0.6949872259274458,0.011597953898184854,4.676464922121491,-0.39725417070598146,0.5625753043591379,-0.10480271495739277,-0.16780652156782036,-0.5685975282150408,-0.22948881918347638,-0.12590120893482792,-0.1997795417742818,-0.3950059615848125,-0.33771567414177156,-1.2887247241956388,-0.22341539023721604,-0.2073010975081609,-0.2103763736203107,-0.10991271067653732,0.28335843534498933,-0.30968987511149537,0.0,0.0,2023-10-29,1.3168432293093613
0.16346153846153846,0.17777777777777778,0.0,0.0,0.0,0.0,0.0,0.0,0.0,0.0,0.3333333333333333,0.0,0.0,0.0,0.0,0.0,0.0,0.0,0.0,0.0,0.0,0.1278407670133911,0.04368229511965822,0.1968371002200697,0.12903739222407265,0.3266372627514378,0.1042895714219279,0.4069242127689926,0.2451753550948021,0.14604174410490425,0.2590762876016967,0.32504051732106515,0.3168561934050205,0.2660121508875075,0.22797607747994203,0.2076460133333492,0.3065240461627506,0.27171348220507946,0.5461038339568275,0.5032277277565571,0.707837865324864,0.9151442307794476,0.2660121508875075,0.3283164920299633,0.19651691726623638,0.2032074145214659,0.5717171574963851,0.04740859750332847,0.9127664929045828,0.7380494789521863,0.9219058803807484,0.17056943047139073,0.46990061311167675,0.4529097629421277,0.5733649084221215,0.7503438101243037,1.3164569821582204,-2.197029224878953,0.7091857744012939,1.864085113384884,-0.11360152580970422,6.644097989614834,0.1908556890814592,-0.569189335573564,-0.93678945823797,-0.8588396255212543,-1.1978174309517684,0.6790957381467537,0.18492902989030283,-0.12577784053066549,-0.5655087443081481,0.6959320422545225,-0.08506403895487653,-0.5766090883990022,-0.4083605207642902,0.36042714589658265,0.5017871446129323,-0.20317549918481173,-0.5937223260401628,-0.24216225111498105,-0.22213973931523964,-0.27135170144051285,-0.4448903339557589,-0.18658465056697743,0.9924105385936958,-0.28502682481563557,1.6772784008034138,-0.740479919617775,-0.25614670138983087,-0.3548300065763896,-0.280392098313608,0.0,1.0,2023-10-30,-0.1045708641776443
0.5,0.4666666666666667,0.0,0.0,0.0,0.0,0.0,0.0,0.0,0.0,0.0,0.0,0.0,0.0,0.0,0.0,0.0,0.14285714285714285,0.0,0.0,0.0,0.18563231038749162,0.08563235314960072,0.27101665783175105,0.15126032181938934,0.3295243289630838,0.09173833722617633,0.3888537263952697,0.18235031558460538,0.148390933777465,0.2251552884301785,0.32689241421951826,0.3257595390037861,0.27342452544433915,0.23172083859012044,0.20858417513587357,0.31215616543810226,0.277277928692696,0.5475018722051359,0.5148948765271636,0.6777975699886508,0.899205240027629,0.27342452544433915,0.33493222465602185,0.2036908916213745,0.19633578834614057,0.5381388717645158,0.04648790795226479,0.9030539482879927,0.7642428311911246,0.9426757180986498,0.18712452152958714,0.4421002905725913,0.41790381721905034,0.5840288589471146,0.7735104109994964,-0.06610855041635902,0.5434809939198826,-0.3465508486278284,-0.5867209251874999,-0.2934015231968159,-0.08841229168497802,0.4567301189257352,0.119623775268184,0.19204954938052457,-0.3453629173690934,-0.06606823844263106,0.21160412146213228,-0.020103622515502288,0.24073955876369407,0.7585397442989749,0.27823793802404456,1.0634393817776988,-0.5716420836683331,0.893065031875113,0.13614537855740022,-0.10162847958543655,-0.04383608723110996,-0.555277539907254,-0.2304509439188783,-0.20874017330676528,-0.2769059786846917,-0.34500728601211206,0.48261687502502065,0.4357891110274457,-0.4691824545195273,0.5501796024266543,-0.20630705133436705,-0.3953576526395441,-0.24709801347049945,-0.30643667876569913,0.0,1.0,2023-10-31,0.4794395311462418
0.42307692307692313,0.43333333333333335,0.0,0.0,0.0,0.0,0.0,0.0,0.0,0.0,0.0,0.0,0.0,0.0,0.0,0.25,0.0,0.0,0.0,0.0,0.0,0.23901438199259462,0.11063010911518904,0.3103577337638347,0.14462773445921406,0.3429540580513565,0.15057983928805463,0.3806161158135738,0.025614241113217688,0.16292281071039197,0.3554024081644211,0.3324265643181678,0.33596386107469206,0.28167946249242326,0.23550451759158259,0.2098656282294713,0.3191645370651774,0.2835381108412481,0.553576300364827,0.5255639597864368,0.6659591514515629,0.9238828128994473,0.28167946249242326,0.34188775435732327,0.2121498952521545,0.20371380028484365,0.5734256081434915,0.035418197095183956,0.9386124912008116,0.7922377893898744,0.9655312404036004,0.21070579395727007,0.44929467342625173,0.4256687948118375,0.6223624266913386,0.8562895176774427,-0.15819356969594725,0.5032650447097233,-0.2295047207638298,-1.1047753589261007,-0.4739790542946948,-0.22590796016669057,0.03493689764649323,-0.6167149306821688,0.5270982397848268,0.9289405564606228,-0.13785638058514377,-1.41328213488865,0.14122604979749095,0.07270098818240646,-0.07693595632880597,-0.7969492080389385,-0.6262773588257533,0.040571128672598336,3.0418139320595086,-0.9725217396921548,-0.2038583051796569,-0.19288475099774943,-0.11656611495060211,-0.23769674905406987,-0.21546174314096692,-0.30347280769969415,-0.4755215408869861,-0.39405328996079414,0.8827661994353974,-0.8937751611161378,-0.35233521287123964,-0.18569228314515276,-0.27279901254139793,-0.32638648534826825,-0.387369859450991,0.0,1.0,2023-11-01,2.2195613001625203
0.16346153846153846,0.15555555555555556,0.0,0.0,0.0,0.0,0.0,0.0,0.0,0.0,0.0,0.0,0.0,0.0,0.0,0.0,0.0,0.0,0.0,0.0,0.0,0.11857417945548644,0.014344497863836717,0.20934412799383162,0.08333417735804831,0.3342447268746701,0.13783923582270713,0.38844882854043994,0.027941264588278822,0.16941632488467387,0.3173682342155423,0.3355013925051072,0.3394357044117909,0.28935944869608443,0.23893598802254784,0.21103460481343528,0.3236402604541639,0.28861607916718995,0.5504044715522279,0.5334019514126982,0.6323785424756372,0.8687810682813853,0.28935944869608443,0.34554610192647467,0.22322382760304094,0.213636514678693,0.5456184377573944,0.024639181046706732,0.953810398424608,0.8198027789379821,0.9504959961321228,0.18864585914959053,0.44275649769542136,0.41838956629062507,0.610971395240377,0.8361359597847786,1.155732126278934,-1.2780600083631934,0.08144413353308366,0.8538635396749639,-0.5984258861572217,-0.40244507081470204,-0.35506280666452517,0.5486577581725457,-0.41524788114389694,1.5017968479253416,-0.270046288290156,-0.9022630700382843,-0.18965525240594197,0.7001632208055344,0.5843461104284895,-0.5857975402405122,-0.6223759830144211,0.7423892148377838,-0.5284851653838547,-0.10075667655928554,-0.1652932665276233,-0.20349067893748798,-0.6634133875531103,-0.23041220631577725,0.007315347970105822,-0.26013313967789164,-0.3836557176134917,-0.3829303864876,0.45692413076069494,-0.5409953126456958,-0.287141363043838,0.6260176227013751,-0.34243450862325675,-0.22946439990146145,-0.27528757262553527,0.0,1.0,2023-11-02,-1.4081557224217889
0.25961538461538464,0.2777777777777778,0.1,0.0,0.0,0.0,0.0,0.0,0.0,0.0,0.0,0.0,0.0,0.0,0.0,0.0,0.0,0.0,0.0,0.0,0.0,0.05431201119957906,0.006858084114283554,0.07249289190882367,0.050582160018404564,0.3306508076986501,0.10405727058011832,0.3917769969369512,0.028807412055688222,0.18251985498351883,0.22548916039865252,0.33620371219703565,0.3409931474071623,0.2968442463049231,0.24216366911753978,0.21213531597559931,0.32682723521366325,0.2930214129309124,0.5429915593839401,0.5380427365293275,0.5944553116047877,0.8402891677408795,0.2968442463049231,0.3466558679158635,0.23681358538043928,0.20932160166135433,0.5064193684230327,0.06055242016489684,0.8599421058011898,0.8357039296910987,0.9093110062095164,0.17061978150895807,0.4445073859645869,0.420770095992425,0.6016947151221316,0.8161535186485818,-1.1009630732384286,-1.0607934678329682,1.9380959411039131,1.056216058136859,-0.5476471076155186,-0.545286269959451,-0.1887260018855343,1.1940191496024388,0.1856150322832033,-0.5314438040924321,-0.6186870358194174,0.3121053861757341,-0.05639157874536061,0.6280550690348884,1.2335212714490476,0.10866178296488763,2.4345861723198268,-0.41030649018659027,-0.3820491642334889,0.8644690789620048,0.02933786667531755,-0.16310241151406904,-0.5749926991915278,-0.21743903562429256,-0.12333899910113837,-0.20389150987197316,-0.03679089861820475,4.58891482830103,-1.4602926556890705,0.3588650811483366,-0.01839113780816888,0.01946380783523043,-0.10293660473786795,0.22810370171559538,0.09963988942549169,0.0,1.0,2023-11-03,-0.5893770145759425
0.25,0.2555555555555556,0.1,0.0,0.0,0.0,0.0,0.0,0.0,0.0,0.0,0.0,0.0,0.5,0.0,0.0,0.3333333333333333,0.0,0.0,0.0,0.0,0.05634441089469454,0.01019657741446292,0.08024834144539218,0.05518764116313358,0.33675716374225406,0.03721690435300678,0.3816874445671743,0.032079642163930666,0.1852619341504533,0.06950824700129733,0.33830451479478624,0.34207926552170537,0.30437842428052064,0.24550199807806466,0.21333717751710501,0.3305436528379258,0.29760418378557313,0.5379665930174435,0.5406507074877324,0.5703433624993327,0.8290062237561847,0.30437842428052064,0.3470802976298601,0.25128203350152695,0.20207799919584662,0.5160784965799753,0.05465823393946659,0.8768313234975263,0.8522136372183639,0.8654421313559046,0.18066454461039427,0.45178381559627373,0.4291959520284033,0.6121342012236597,0.8365409401029986,-1.07839960575176,0.013049119200739577,1.0144426457774012,-0.12044322621445462,-0.44137537860879217,-0.8308940096295326,-0.6136028852545117,1.222466840817484,0.41919032014684543,-0.5061143842537705,-0.764347092184038,-0.3372471768946973,-0.27292003785990815,0.4689833519308502,0.5488085394089182,-0.20939416502840177,0.06857260584807824,1.2642150752398633,-0.4404692853049095,-0.9076599835302185,-0.13323190500415188,-0.15201369269157292,-0.10705596969489246,-0.22944584442929697,-0.17930252913946515,-0.008144801369330702,0.41444200943777315,-0.32922226909686336,-1.2551460638128211,0.31672493085062775,-0.29601970597574,3.29079500958237,-0.307130207054951,-0.2201330822843958,-0.08310989087040649,0.0,0.0,2023-11-04,1.0073356782761111
0.375,0.3888888888888889,0.0,0.0,0.0,0.0,0.0,0.0,0.0,0.0,0.0,0.0,0.0,0.0,0.0,0.0,0.16666666666666666,0.0,0.0,0.0,0.0,0.0680389419577858,0.019459321561470008,0.09766758228519107,0.07614308678647959,0.3361840047075808,0.06230415843577467,0.3806048431755632,0.03293233390308611,0.1680940973822654,0.13776717017457274,0.33968700501054166,0.3437527676190009,0.3105882162133381,0.24884331030498547,0.21451009605817029,0.3335925977336132,0.3018002060386215,0.5309956050139629,0.5412046259107188,0.5459794972667148,0.8181236716687006,0.3105882162133381,0.34844246001038054,0.2620539679212464,0.1973882235366911,0.4907474584667557,0.04797823289338145,0.8813973150447685,0.8680156649516989,0.8599451654155902,0.16762414762689692,0.431175703592897,0.4043670365335671,0.6022830108409511,0.8122821187893768,-0.07322825331109842,0.7386175287618738,-0.5042556485804657,-1.0583123006725226,-0.4162215848344817,-0.19923227226630782,-0.17567975645036346,-0.5334239118030467,0.7778365554482264,0.43489922531909136,-0.22652190794959468,-0.7761782848155316,0.0845548246769817,0.056819733263099796,0.0025722998841698555,-0.360098249512837,0.157018800618027,0.6441190404028282,-0.10133345497679334,-0.45280649101152914,-0.036449092722888446,-0.06285850087895953,-0.3399712446032875,-0.20829512009390821,2.4844898797405253,0.02549809747332059,0.16004713551339,0.774066031182195,-0.9992461378552059,0.27024344155267915,-0.24323775841455558,0.8493788579381677,-0.26306963831876895,1.3495652821513748,-0.06824754688501629,0.0,0.0,2023-11-05,-0.0936082917772807
0.4903846153846154,0.5444444444444445,0.0,0.0,0.0,0.0,0.0,0.0,0.0,0.0,0.0,0.0,0.0,0.0,0.0,0.0,0.16666666666666666,0.0,0.0,0.0,0.0,0.05001546417784947,0.0044109055348124536,0.05938508987518674,0.042643022399451336,0.3359748394978297,0.06477371000491872,0.38096755238683855,0.02913884126897466,0.1656681873527989,0.14528532103435343,0.33823818051306637,0.34586655323596277,0.3168852456796669,0.2521933330234209,0.21567285026684802,0.33613754410023505,0.30566815625574845,0.5227905176125378,0.539844005622829,0.5232704563195613,0.8148500043251102,0.3168852456796669,0.3477660235038718,0.275321275040817,0.18873324095461502,0.4656220035360872,0.04341994254786258,0.8813973150447685,0.8826889764183671,0.8220987075909425,0.15428886494847194,0.4322080559241534,0.4056060733943404,0.5614291479414245,0.7155508126089049,0.1757095618917777,-0.19016626862620964,0.05202223716364212,-0.3269713726015817,0.25678228033582823,1.059645876471839,-0.12918687398257614,-0.23344679699616175,0.013269018823700355,0.24192291497398888,-0.7583322369210658,-0.13888393111210623,0.22738583917588892,-0.13220470610296045,-0.3758176162128197,0.11432719034834755,-0.26692350572978807,0.3910584528225684,-0.24879862021450982,1.6869442596809667,0.4680534676691037,-0.1858123881861622,-0.5340639905696634,-0.18015930241535505,0.11339770451470481,-0.2293663802125573,0.18854955615020685,-0.25245782765336156,-0.9625644519062211,0.5528740005191077,1.9585466578189503,0.2592539095922798,-0.21630049336250387,-0.268166583109231,0.2814654086960882,0.0,1.0,2023-11-06,-0.0341928541615743
0.2884615384615385,0.32222222222222224,0.0,0.0,0.3333333333333333,0.0,0.0,0.0,0.0,0.0,0.0,0.0,0.0,0.0,0.0,0.0,0.0,0.0,0.0,0.0,0.5,0.0696205028088034,0.006807691762582734,0.1279536729153615,0.05267437671186299,0.3430641629450162,0.11880530877867304,0.37954111448807326,0.025889674438857656,0.17247092645505172,0.26896831039189567,0.3400690180107941,0.34840479047289,0.3236516765244666,0.2556166731493204,0.2169354543288584,0.3394748601068563,0.30983444194529836,0.5179452431219564,0.5376903545942185,0.5138640298727785,0.7077007994259313,0.3236516765244666,0.34539021221880944,0.2914559539565889,0.1964513944546903,0.4834631436816489,0.03243329509635312,0.914770654091693,0.899761061535321,0.80238537435448,0.17407598517972667,0.4425078508406286,0.41751429953319324,0.5766149019947262,0.7448722629358808,-0.4517497027846126,1.0585387812491902,-0.4312824299328278,-1.1015394141920896,-0.5632272399393559,-0.20871925457367707,-0.18293570381146637,-0.5483209922619667,0.7792782293376772,0.4803309799147094,-0.07136116766105248,-0.69432442594026,0.10793321636566577,0.08076252497801614,-0.12011886530240422,-0.25278990291581377,-0.28322714613415445,-0.5388055186662081,0.23199514320687328,0.10015374173866874,-0.06971944329585678,1.3307186990274094,-0.5498900427643088,-0.23672681887399416,-0.11601085189289012,-0.26982063926023425,-0.4677264823913745,-0.322205595009733,0.6781944060057427,-0.46932618208198146,0.5800435457223104,-0.11706110361141289,-0.374385102720429,-0.2740108537262453,-0.33395656754727016,0.0,1.0,2023-11-07,1.1593090279608864
0.5096153846153847,0.48888888888888893,0.0,0.0,0.0,0.0,0.0,0.0,0.0,0.0,0.0,0.0,0.0,0.0,0.0,0.25,0.0,0.0,0.0,0.3333333333333333,0.0,0.051587809189862624,0.004801446260493813,0.08827687019099481,0.04776359977023236,0.3467592559056746,0.10526206258643248,0.37002531850127984,0.024554669983616165,0.17564077224609384,0.23410425301220633,0.34341299043401846,0.3504983797996691,0.3302471687582095,0.2589434422411154,0.21825064673723182,0.3429158144591636,0.3139969492081402,0.5138188306868927,0.5350603091051196,0.5082133416684756,0.6646435673419486,0.3302471687582095,0.34169104553503077,0.3087588816956431,0.19408094930162684,0.45722583878030487,0.02615281407276318,0.9200424106312293,0.9161581898953409,0.8087957063594237,0.1922459253468456,0.4186481130661416,0.3893948848043443,0.5855230974996908,0.76255082946286,-0.06452255803230733,-0.11843671772914763,0.20878778087662012,-0.29323971809090027,-0.4369806285127593,-0.22820687463636882,0.511425069742617,-0.5037696192422952,0.5526122994424051,0.4444139917314184,-0.27571829575326934,-1.0285347978768988,0.13443359660456677,0.15606924934401806,0.010315914828413656,-0.4965824840590383,-0.1717482152332998,-0.5283536268602118,-0.3431212707906013,0.24612891073377485,-0.13432078869826328,-0.1837120319783417,-0.37788880676619113,-0.23542455409717966,-0.20720630434668227,-0.14881016640751038,0.04702128390625389,-0.18913416983043288,0.12640335845582504,0.7796812272500163,-0.062279081037169275,0.7326044526048976,-0.36232709249384476,-0.14152004178676722,-0.07758834958783213,0.0,1.0,2023-11-08,0.5973294692089626
0.13461538461538464,0.13333333333333333,0.0,0.0,0.0,0.0,0.0,0.0,0.0,0.0,0.0,0.0,0.0,0.0,0.0,0.0,0.0,0.0,0.0,0.0,0.0,0.046888222809004926,0.004900656202904804,0.06172875202801471,0.03051511069504712,0.36487297670540086,0.2853346005517895,0.3727006557752828,0.01630547330640641,0.19370525045740986,0.6252977033577812,0.349249586361632,0.3546052639202852,0.33691370400888465,0.26271026197852415,0.21968706432128815,0.3488523387334765,0.31934545632316985,0.5186655987395442,0.5340217558474705,0.5270906106658352,0.7002764482055666,0.33691370400888465,0.34120201067753014,0.32254601414241063,0.22025492685757236,0.5911668254975786,0.011426123591385742,0.9953194995832232,0.9391588678909358,0.8148393753021502,0.23191807512917584,0.48439181196549497,0.4657812482465363,0.6047731757626817,0.7921880933818567,-1.3432808871055633,0.566740674440992,0.7880819928184779,-0.13367206765035136,0.04397341179768673,-0.811502874208841,-0.584298136009218,0.3778694737773527,0.9873650516402948,-0.7660429073486787,-0.7792279476556319,0.31758234117483625,0.3284003073563647,-0.023369702673064617,-0.28855940177962297,0.45284738005068215,-0.1529397726295011,-0.5281182055694197,0.08461111153351353,1.370328032484431,-0.06525319075929056,-0.17424818381956936,-0.3143446338261084,-0.1875025437227987,-0.17968177297664356,-0.003781780799300562,-0.03048383092871037,-0.0993008163014277,-0.5656254908673762,1.0826406922518301,0.7629750699246316,-0.6394506729834313,1.2117010699726678,-0.26109260496392345,-0.11128685705516125,0.0,1.0,2023-11-09,2.9107827327892632
0.19230769230769232,0.2111111111111111,0.1,0.0,0.0,0.0,0.0,0.0,0.0,0.0,0.0,0.0,0.0,0.0,0.0,0.0,0.0,0.0,0.0,0.0,0.0,0.11204789090609268,0.012612260774121007,0.20421666425714424,0.08476226717578238,0.3757086617696124,0.15291126754703366,0.35419744476275195,0.02639470912940774,0.20614057352465956,0.31410438723514206,0.3574545581599206,0.35956590629910307,0.3439467286549942,0.2669440256193592,0.22135777808256907,0.35568508475017097,0.32519169288497557,0.5262660708411014,0.5348617534267824,0.5493727863332751,0.7923898476122396,0.3439467286549942,0.3403975940685778,0.33741972548490423,0.22160978257899006,0.5352781015796961,0.0054411418409115175,0.9953194995832232,0.960516640315417,0.828831054960935,0.2557777401407244,0.5197589863362873,0.5075510035204589,0.5945790940152864,0.7601165684134839,-0.9749028025793675,-1.2301602354776533,1.966636513633663,1.020323233347925,-0.605222231719886,-0.4761570095369889,-0.4211234147648823,0.6882349156041921,0.42749047487706987,-0.117745176141793,-0.47159801461448314,0.3072500399443999,0.23735797139175155,-0.2682972432191388,-0.14182257949814162,0.31396927693735477,-0.3284648960439269,0.4930676270255828,-0.41133615113472016,-0.2676358008251607,-0.1461082183359167,-0.19640764488492632,0.1465888673140643,-0.24444624941407717,-0.1974772718224829,-0.04426637332501956,-0.2421522712762301,-0.39293275923507365,0.6863887555392094,0.47166174418721063,-0.24711424076321215,-0.4540443646086876,-0.42112850067401175,-0.31524880779820913,-0.2931660625723112,0.0,1.0,2023-11-10,1.6919893031732691
0.3076923076923077,0.2555555555555556,0.0,0.0,0.0,0.0,0.0,0.0,0.0,0.0,0.0,0.0,0.0,0.0,0.0,0.0,0.0,0.0,0.08333333333333333,0.0,0.0,0.11871094250631253,0.013275235151184929,0.18971776460572182,0.10229000785666435,0.37263833738201757,0.07560268873297896,0.35446550759534,0.03271155243317171,0.21001223990460136,0.14230583196982138,0.3650655784325129,0.3627542839389664,0.3507406747617048,0.27110378009196406,0.22298701294007628,0.3609539023334603,0.33035158130189907,0.5278717671470724,0.5358867377097413,0.5515669809995583,0.8007691130982633,0.3507406747617048,0.3340071485102019,0.35818223265494814,0.21337564097978917,0.5054902635492514,0.0022512377869159383,0.9953194995832231,0.9803488575667206,0.805059218019773,0.2411493842754584,0.49726680626316033,0.4802921891026283,0.5823276640797709,0.7354878374174534,-0.40459372473186966,1.309653302068177,-0.6851229319988943,-0.9344469389169677,-0.5008878776010511,-0.4214376442722098,-0.2852546974879524,-0.5838954129534507,1.0106804169830397,0.1625142910688206,0.004726321651020116,-0.14465595125577427,0.4710853382612791,-0.15951664907960578,-0.36403786546014305,0.17447259574973956,-0.4073853968923772,-0.25772796294680167,0.33947657807393533,-0.48789785075127123,-0.00023172531023449034,-0.1903728156202945,-0.03925196125073525,-0.21981422312178153,5.661151701433211,-0.19480011062736927,-0.31058407665303167,-0.13201293714836715,-0.3046720301020013,-0.6147967265738803,-0.2846138211780002,0.5704681877268473,-0.2841046761664389,-0.24307626568209767,-0.2706077324005142,0.0,0.0,2023-11-11,-0.4714533850007529
0.13461538461538464,0.11111111111111112,0.1,0.0,0.0,0.0,0.0,0.0,0.0,0.0,0.0,0.0,0.0,0.0,0.0,0.0,0.0,0.0,0.0,0.0,0.0,0.05465312012059723,0.005823466143426081,0.08997478033187155,0.04854781930540142,0.3711804531429962,0.05467598550552421,0.357273582644124,0.03346420400367605,0.18015680753908928,0.11250008300960478,0.37090227342988796,0.3667215368553746,0.35451443360946866,0.2752306955498722,0.22462055796386216,0.3651686694583128,0.335008984195093,0.5256976342755426,0.5362287773821163,0.5434663262369868,0.778473980029152,0.35451443360946866,0.33714891316988077,0.36209253152889925,0.202203571817879,0.48446784236367646,0.0,0.9953194995832232,0.9987644878715026,0.8217163479479059,0.22901985674035452,0.4950983316431029,0.47788083130844167,0.5775919824262795,0.726261624437912,-0.6661049518046523,1.3756736939965248,-0.5043248010422549,-1.231251808535636,-0.6188514624533132,-0.483367086301197,-0.30143725462004584,-0.6448479864002119,1.3937724238835725,0.2087913326920076,-0.509367983526087,-0.6041671921138976,0.21899328915222055,-0.031754532430693094,-0.33945859875882717,-0.16837601282504286,-0.2765462288225046,-0.5499549284609644,-0.48449411300498,0.8608091180625725,-0.14662800232363815,-0.13335873262709985,0.8073534498723501,-0.23740741088477896,-0.22157603789083063,-0.2931885426774903,-0.41064752669863364,-0.3877111969790428,0.5144192299696786,-0.32393410101985504,-0.22786700900218748,-0.7117852265293577,-0.3067558000235788,-0.35622962324480395,-0.34409726909984995,0.0,0.0,2023-11-12,-0.2249209321512735
0.14423076923076925,0.13333333333333333,0.0,0.0,0.0,0.0,0.0,0.0,0.0,0.0,0.0,0.0,0.0,0.0,0.0,0.0,0.0,0.0,0.0,0.0,0.0,0.007071128951337052,0.0016928680649494422,0.010071803768493084,0.007751040682473562,0.3615434456269737,0.12076705842532345,0.36938105160894064,0.028164592289091867,0.15134848003840437,0.29506484468507405,0.37397134141783867,0.37003970385245316,0.3569877685039565,0.2792671550157309,0.22614762137119204,0.3671256539506313,0.33852636682765785,0.5158429019145597,0.5343360064774716,0.5169584240387377,0.6519870301653796,0.3569877685039565,0.339069176542337,0.36481353629536756,0.20245320182346493,0.4389088712402922,0.054853232168077526,0.8417137769975838,1.0,0.743325873720765,0.20899848673069665,0.47199055008270685,0.45119558537567894,0.4690542142948298,0.5199165719376246,1.5887805980153842,-1.7032441510080032,0.04773601937247794,1.8744835466509628,-0.27227777226968497,-0.25847504622188155,5.290030380368645,-0.1797210977541914,-0.981833728667027,-0.7968931395568275,-0.06279209146895938,0.28632612753872355,0.542453261440247,-0.09312233714204372,-0.814919044989827,0.16430660952356993,-0.44788465610818984,-0.5705222313092212,0.1951552633594938,0.3753733288965229,-0.11422054390160238,-0.1700609954737117,-0.4704282977359938,-0.18390201018917735,-0.19744201776987277,-0.21019238393525091,-0.43146559418764663,0.07378564370223384,0.7478403475722339,-0.3783764170806319,-0.09219016243046671,-0.7192004684446232,0.42954594774404076,-0.3259875870029805,-0.26465186575836774,0.0,1.0,2023-11-13,-1.4901395821212304
0.21153846153846156,0.2111111111111111,0.1,0.0,0.0,0.0,0.0,0.0,0.0,0.0,0.0,0.0,0.0,0.0,0.0,0.0,0.0,0.0,0.08333333333333333,0.0,0.0,0.04085602610810326,0.01139182100636676,0.06263151976611568,0.04591301529517473,0.34470612347684326,0.16299507330627536,0.39808921065294023,0.03576243251242115,0.14979334138315167,0.4026890861896622,0.36978487974302005,0.370893498724669,0.3579718616717552,0.28290713245258764,0.22747726908817678,0.3659697718749308,0.3403941683641873,0.49590665775044745,0.5284391306964135,0.46946427775764543,0.5264518336069529,0.3579718616717552,0.339367556903504,0.36642661924357706,0.21793256854113402,0.36722772800422243,0.2556523800205931,0.3855615340228939,0.9540349162853198,0.5890900777943441,0.183934728593099,0.4133459862498958,0.3833324823045991,0.4160433838136895,0.4340573240226928,-0.2609032025172717,0.46995875700484185,-0.10866907000304782,-1.1305878050308276,-0.5483451350356718,-0.2887866629946335,-0.03780735213787665,-0.4720146763817697,0.4972767185750458,0.8029001572505258,-0.01836541959852029,-1.185747251853263,0.12209731928261185,0.11190939205235599,0.04111818779859535,-0.7262613159129184,-0.42861752157116695,2.342820180262948,-0.46425517278479544,-0.5788380831104541,-0.15817323616347448,-0.1853379633122077,-0.4531165023524966,-0.2356915847558726,-0.18004292831783403,0.29565976180728804,-0.23403100109465066,-0.3408789028205765,-1.3654667436913601,0.7690510698809689,-0.2755853943780074,2.6739394742176272,-0.2906190463035875,0.03161093422167219,-0.24784579772874712,0.0,1.0,2023-11-14,-2.6428838121854925
0.22115384615384617,0.2,0.0,0.0,0.0,0.0,0.0,0.0,0.0,0.0,0.0,0.0,0.0,0.0,0.0,0.0,0.0,0.0,0.0,0.0,0.0,0.026469609910737837,0.011968183528944895,0.03978924710455721,0.022564397880002838,0.3855978538067787,0.1938623812383456,0.427460641211481,0.05936286492559741,0.15863115145666748,0.46675325444782195,0.3718377891875085,0.3762010222731597,0.3615132471303494,0.28750216757638086,0.2292581069782007,0.371820537764527,0.34549707307617733,0.5017824006071067,0.5250133165816925,0.49877444017170713,0.6710226808701537,0.3615132471303494,0.34570971857481075,0.36623006792920104,0.2471136137831752,0.41679074778921765,0.2043218250185829,0.5194716090662431,0.9251835617252376,0.6622784121254696,0.21268430874948963,0.5045154970656163,0.4868961265404227,0.46791182474394827,0.5115616504522802,2.6657689670130296,-1.1741292816339337,-1.3706174826475956,1.416536776258612,3.3797455742529436,2.6108403822104473,-0.4256470886893427,-0.6537875598581823,-1.2192343644837635,-0.7365100721088003,-1.0874051332085672,0.4468937398767183,-0.09954776737537538,0.12599194269134328,0.4837046343048855,0.23904024194551923,-0.4678933373744839,-0.6123571554313497,-0.1901786606214709,-0.7891023650237541,-0.1728523490529758,-0.20768627062039988,-0.5101547225869087,-0.24110510171820856,-0.21776102723739416,-0.29107412037190966,-0.4680901239368423,-0.3067064952646625,1.8449784109701568,-0.8103459543321925,-0.28634031940452054,-0.7286905589325318,0.02263026907202067,-0.3555496694069278,-0.37676316243544405,0.0,1.0,2023-11-15,6.592844558740318
0.23076923076923078,0.14444444444444446,0.0,0.0,0.0,0.0,0.0,0.0,0.0,0.0,0.0,0.0,0.0,0.0,0.0,0.0,0.0,0.0,0.0,0.0,0.0,0.0113904083759443,0.0012109912018103451,0.012489357942589112,0.008454233845005231,0.35547697278014434,0.1819107635902988,0.4843115079156254,0.11025369898252965,0.169306660397903,0.4227970998264495,0.36827524056482147,0.3782957393115734,0.36364816696339686,0.29136390935643536,0.23056595319370032,0.3717410716254184,0.3477370923831084,0.4866262427127016,0.5189408304606653,0.46738129955592916,0.4714797353398298,0.36364816696339686,0.3455239748123718,0.37067850501297867,0.27054860536635467,0.33990313668254907,0.16716585193567776,0.5194716090662432,0.8983930182051613,0.6258639263111754,0.1853618545214213,0.3862917713765695,0.35330506796561706,0.4268244234510006,0.45004303162274834,3.034283891840708,-2.247314455063227,-0.8009402096663925,1.9571889521696466,5.103127456960181,0.5049522612059967,-0.6573979235631374,-0.4496335300962866,-2.1771769636429683,0.2494825802864308,-0.7034929232850243,0.4877827669862973,0.052678363918507005,-0.10769062868440933,0.304798475118555,0.10220740022909655,-0.2855915769505599,-0.4169540641445463,0.03307023663563168,0.46182499412582323,-0.09628161911664718,-0.16955761454651966,-0.2662445600394716,-0.20353234632794903,-0.1866614853743736,-0.22652161368484577,-0.3751631605281349,-0.2928813799486483,0.37437441294816265,0.3158799220940885,-0.10083765104465876,-0.5322206492877943,0.6563903076504648,-0.3084355461869379,-0.25065819291308167,0.0,1.0,2023-11-16,-4.5559292055657234
0.08653846153846154,0.06666666666666667,0.0,0.0,0.0,0.0,0.0,0.0,0.0,0.0,0.0,0.0,0.0,0.0,0.0,0.0,0.0,0.0,0.0,0.0,0.0,0.007240946144725781,0.0016660971281083814,0.006457520119512313,0.008805830426271066,0.3631897694487043,0.15056889822826813,0.4821658879134787,0.13696745210025854,0.1829828078949247,0.33265704845978966,0.3666164447843087,0.3804574233817933,0.36603237722392123,0.29513625240727986,0.23200601368983653,0.37296184941477056,0.3504474695175523,0.47710872186228803,0.5119905693878438,0.45696969115676467,0.542932847969088,0.36603237722392123,0.34598801515654715,0.3748814768870447,0.2620582645138991,0.31700358359308883,0.15609963247644493,0.5194716090662435,0.873516084936519,0.707902245006849,0.20894182049247512,0.3786375255226472,0.34541763983239127,0.4473365978685244,0.48242266728277705,2.5949430996747522,-1.4368601258403444,-1.0856150493938888,1.2905672982993437,5.746633172608501,-0.16772569839680299,-0.6852764761831868,0.3590473366844395,-2.15581099683207,-0.7782680347032827,-1.3067446436182593,1.2542573355860465,0.30628538483044365,-0.3494505670297367,-0.8249178046808403,0.9142237350852775,-0.24349579682025543,-0.6046722661140896,-0.24480764412958655,-0.08164041135240713,-0.1357461392321438,-0.20023185581649533,0.006955859156593249,-0.238676442954696,-0.21411582359472703,-0.2878445279089899,-0.4528768573144431,-0.37153605668190975,1.249709121713277,-0.43231774474107576,-0.042838182122217336,-0.7353614630981806,-0.1656296649170359,-0.34700403931339985,-0.33085337766713424,0.0,1.0,2023-11-17,1.2222842746045792
0.23076923076923078,0.24444444444444446,0.0,0.0,0.0,0.0,0.0,0.0,0.0,0.0,0.0,0.0,0.0,0.0,0.0,0.25,0.0,0.0,0.41666666666666663,0.0,0.0,0.12081301394430168,0.010653258101751606,0.16416879507814883,0.10006757020718154,0.36299812557497213,0.05767002780082737,0.4830050452762633,0.15239360192192414,0.18379070428787433,0.11738371689096976,0.36691842357011156,0.3822016344631371,0.36797924452507724,0.29894753797270573,0.23347082615839165,0.37396281117364555,0.3529412678661949,0.4675327457238081,0.5043252379091608,0.44848798063581435,0.5561825133523174,0.36797924452507724,0.34668289896880705,0.3779535584006262,0.2504111972697845,0.3143565492354556,0.14784926587312824,0.534603557312217,0.8519789343141332,0.5716356317476904,0.19645477855924143,0.3856932142301531,0.35295674139045335,0.44165571101127415,0.47303308799761956,-0.4986232781473899,0.6435185208524301,-0.039828042066794404,-1.1499140082644637,0.942143667007752,0.14342436329229738,0.17291873456243828,-0.5269114766163445,-0.1950912870339811,0.22290218822189425,-0.12100091191078709,-0.23954478043925478,0.273258401222464,0.008742761971376576,-0.34224465057071524,-0.2028270442444605,-0.23128084142294833,-0.44870252843241926,-0.4094863674572088,-0.985748305278908,-0.19571478477349946,-0.1901165565418102,1.3030536151984837,-0.2500208561704511,-0.22297171410738992,-0.25750694079892444,-0.48365290036607533,4.4219606911559906,-0.5115299575693901,-0.8114930374123328,-0.3296026560920618,-0.4108685576555605,1.2389097073668787,-0.2399248017879293,-0.39446089134488954,0.0,0.0,2023-11-18,-0.0300039994658884
0.42307692307692313,0.41111111111111115,0.2,0.0,0.0,0.0,0.0,0.0,0.0,0.0,0.3333333333333333,0.0,0.0,0.0,0.0,0.25,0.0,0.0,0.25,0.0,0.0,0.2223683649491906,0.03090783396350019,0.32604533114869966,0.13818179713600712,0.3769753793697348,0.06673172163320326,0.4746759074601371,0.15799539207305524,0.17903830833215176,0.14126992636522362,0.3736172377846763,0.3835015491288682,0.3707220447339652,0.3030521947390907,0.23510609149063666,0.3771439463562681,0.35640342662353147,0.4662381981127316,0.49790838748708205,0.46329666915963824,0.5814752150102462,0.3707220447339652,0.34893306143455866,0.3808335291847131,0.2489198125492615,0.3555951302110111,0.1334253088902969,0.6051552861710399,0.8392668797414639,0.6800002667979058,0.2100238646645305,0.42352496686797375,0.39426156849301597,0.4521368443082418,0.48745743963653015,-0.5489787403735384,-0.7107727952218114,1.1448406595775147,0.47335289053385404,0.44583842406046675,-0.14509589085918062,1.1351732712111346,0.32895381170689575,-0.5726959647153087,-0.09097249886349672,-0.41860625307153554,1.0479889219992236,0.15489480499110372,-0.09869681590352396,0.7513148846891051,0.7730501635505952,-0.40988882685043676,0.27253236417233145,-0.3409002512996372,-0.8874409732203746,-0.16151268384924303,-0.18883650187779957,0.4115827644646998,-0.24488593422957905,-0.19616918525368401,-0.22323295097960028,-0.3449146689662085,0.4812178454578829,-0.24211976603609345,-0.6205663912273373,-0.3227042386659307,0.5247271114430255,1.3105164627818724,0.6736893983341063,-0.2924692833257787,0.0,0.0,2023-11-19,2.1889527372586093
0.5480769230769231,0.4666666666666667,0.0,0.0,0.0,0.0,0.0,0.0,0.0,0.0,0.0,0.0,0.0,0.0,0.0,0.25,0.0,0.0,0.08333333333333333,0.0,0.0,0.138566774836041,0.023594643922918598,0.2206640643824394,0.09351311542062092,0.37855332225750826,0.13687189264645394,0.47518504624286373,0.15160712026343962,0.18474929890944256,0.29921883816258366,0.3721548548827019,0.3838070930766116,0.373393514031659,0.30679225972473595,0.23675612756801967,0.38009918876775267,0.35973930526230985,0.46425498057589765,0.49233892902691334,0.4733478938499426,0.5856841694061404,0.373393514031659,0.3510534131369069,0.3837198127934008,0.24332946979794517,0.3553864484450715,0.12248151202548743,0.6291266180489259,0.8299386376907808,0.771991194692505,0.231968290378038,0.45101297692614006,0.4250048071080788,0.45590498483192854,0.4933182379515674,-0.6025664397995627,0.01063266004028251,0.5864586306519368,-0.29633582230881556,-0.399309187704741,-0.543271338806197,-0.2976315214291338,0.6438034250604793,0.13828527923964698,0.1619557543425954,-0.3654160703547034,-0.28458750294411744,0.27151779789768304,-0.13761165100927758,-0.3610285611970669,-0.11659268981773274,-0.3661600227533391,-0.5204563383052131,-0.4356677506962192,-0.9139309285137356,-0.18086175181935685,-0.1991780924371972,-0.06923024607789699,-0.24222712536726487,-0.21957289633872354,-0.26363439146314455,-0.27712638716043847,-0.37815074367563667,0.6269192202687582,-0.7274679835849482,-0.3162946914133465,1.3714634464947222,0.10689069383672843,-0.2681934380771406,-0.2883332029696409,0.0,1.0,2023-11-20,0.2418253725124275
0.4711538461538462,0.4666666666666667,0.0,0.0,0.0,0.0,0.0,0.0,0.25,0.0,0.0,0.0,0.0,0.0,0.0,0.0,0.0,0.0,0.0,0.0,0.0,0.16229473408188064,0.05896692529491337,0.17676256565948628,0.1459617758087083,0.34952619529216367,0.17456242547641182,0.5247418939903793,0.15206112207241915,0.18778394403024865,0.382393971945542,0.37091952572120795,0.3813246263059759,0.373751613631086,0.310055546877489,0.23809296276013292,0.377752318580932,0.3604334211133167,0.4440035684637843,0.48343141865362826,0.43375404435081955,0.46859507298632164,0.373751613631086,0.3509888737121864,0.3845039976873958,0.25612709601447864,0.300930661546921,0.2417369018734846,0.3348012792138124,0.7908781702747597,0.6613169633135282,0.20552329091477484,0.4211355842223545,0.39220049949366637,0.4014481358052223,0.41031885111249905,-0.9398214655612087,1.2462627260252315,-0.14810947609354835,-0.7059400735734763,-0.2679009146320078,-0.06994347877329127,-0.20552459041442178,0.8123525872017944,-0.7086453650932439,1.2779201523587833,-0.6399509522157281,0.9661749451539411,-0.12138004717401081,0.3672862624828634,0.744595599784827,1.0318931582636157,1.5416990319984367,-0.5481669673475741,-0.3906326057523013,-0.038726940640042486,-0.04100262941824158,-0.16767689158906857,0.9384011430243195,-0.03674063217466191,-0.20425967380374999,-0.06499294547657056,1.2145611305612412,-0.352888974016834,0.14742076883118016,0.762781212507811,-0.07065203518628767,-0.7157706375294339,-0.3255691476303062,-0.3208185142785111,0.23317392633889958,0.0,1.0,2023-11-21,-4.437779006078834
0.3076923076923077,0.3111111111111111,0.6000000000000001,0.0,0.0,0.0,0.0,0.0,0.0,0.0,0.0,0.0,0.0,0.0,0.0,0.0,0.0,0.14285714285714285,0.0,0.0,0.0,0.06627429310521304,0.014201194613687507,0.09074743385860923,0.05673148294177821,0.3777746113625353,0.16774466125018006,0.38534598375336204,0.13967479127767293,0.1915680377325019,0.36250528760856393,0.3739472108545077,0.38203290244051497,0.3761234500104945,0.313996204787292,0.23973540557268602,0.3804839224315832,0.36340654006685463,0.44289062742827456,0.47606074836804757,0.451983064366263,0.5344217623231079,0.3761234500104945,0.3526970282679695,0.3872651950923612,0.27504324486579973,0.2682222955250513,0.20357485394936106,0.36490963611773897,0.75771738947868,0.6586728172427627,0.23115419069823173,0.39014663313276154,0.35822490915207617,0.4267340327502842,0.4466085007760153,0.10980655532100189,-0.45248493023827624,0.3322288531766268,0.865573251876669,-0.4725037966797615,-0.43728965118408064,-0.5923698809464131,0.024395717885700524,0.39834648639346365,-0.6476835766465329,1.185274569303027,1.3362245266891362,0.4208700867190435,-0.3329268644698063,-0.48538179557909567,1.1673315039558412,-0.0011318081592382062,0.024087687747299732,-0.15018080609448306,0.43987713183991334,-0.0434244593919707,4.559802546250103,-0.40452816369827393,-0.16727909563258592,-0.03177263831967295,-0.1497423246273475,-0.21520993818678386,-0.27566651464236475,-0.9882130662236597,0.012878826929830898,-0.20049239412757458,-0.2784821389765912,-0.33947226020664606,3.704474020881386,-0.12728012056323912,0.0,1.0,2023-11-22,4.5192824521265385
0.5096153846153847,0.5,0.0,0.0,0.0,0.0,0.0,0.0,0.0,0.0,0.0,0.0,0.0,0.0,0.0,0.0,0.16666666666666666,0.0,0.08333333333333333,0.0,0.0,0.10021303333442694,0.02633315328566007,0.12338361203476138,0.0739032863428602,0.3752837182388501,0.07816007716156328,0.3772163061736684,0.1360294092879099,0.1882911271010563,0.16164203284391032,0.37649759202983774,0.3835087401212392,0.3785553875674996,0.3177350955494345,0.24139737146750329,0.3823793064155429,0.3659539359381155,0.438955798839922,0.46929920406635345,0.4592081295119676,0.5124441632647706,0.3785553875674996,0.35302247004433923,0.3917207669526415,0.26464489110572537,0.25086319401345614,0.19220604695547674,0.364909636117739,0.7269252358823204,0.6296750176822555,0.21622046066164402,0.45786814397655506,0.43313120597006666,0.4373448772844446,0.46378697595317864,-0.10639306497968729,0.7563215428652537,-0.48917590329851546,-0.8117375016698054,-0.5078276063643238,0.21420539067073224,-0.10805192867942873,-0.598244429345439,0.7694753125168016,0.21746924381304417,-0.13822139569942993,-0.6700969285656881,0.05407276792110628,0.05177589153321969,-0.186641283118531,-0.35764267679115397,0.03516376807280568,0.8316317183292209,-0.44443968888376406,-0.13795744392463063,-0.14686000302485422,-0.16637696788297301,0.6501268899631899,-0.22645002884568471,-0.1978652572779408,0.588924035222936,0.2555774926460706,-0.3193497932096153,-0.8212914599768071,1.2455306520838478,-0.19536603769962557,1.0182682733457076,-0.32392812246854,-0.2799481811499761,-0.15486152094423924,0.0,0.0,2023-11-23,-0.3812712499291715
0.5576923076923077,0.5555555555555556,0.0,0.0,0.0,0.0,0.0,0.0,0.0,0.0,0.0,0.0,0.0,0.0,0.0,0.0,0.0,0.0,0.41666666666666663,0.0,0.0,0.22817004279712755,0.052612764697638016,0.23170449616885933,0.12381697878700626,0.3828000986853459,0.15477375443921887,0.37414075521486057,0.14504162128532172,0.20316622517136515,0.32115345524756095,0.37770675262147874,0.38760040013478875,0.38106415388741033,0.32179473631099736,0.24324340397075783,0.38523831019860605,0.36893271718729154,0.4386592473555596,0.46382477660396293,0.47447509112599456,0.4880204550225692,0.38106415388741033,0.35459786944938393,0.3949049347466395,0.26326180369624663,0.3034047380949421,0.17467997255715903,0.4657741336101514,0.7087500152750239,0.8128436366668913,0.24030252262507568,0.4573867248981559,0.4319413874916918,0.4563029598475666,0.49302770746000274,0.3437540742296065,0.6747423622546882,-0.8273595917282205,-0.9496693989161673,-0.38204206488505604,-0.04891073945124887,-0.382855150076439,-0.5555860877477075,-0.3487441501137037,-0.2369314342694962,2.714393789858074,-0.2172004982963707,0.09919937390232508,0.11736466796518409,-0.1805187588425041,-0.033838605121132036,-0.3303684015742642,0.07478905121600572,0.6869805812946549,-0.6036963940295388,-0.16273964575337413,-0.1871220686087297,-0.3652002109694876,-0.23828578334325035,-0.2103351244566978,-0.26233303775735073,-0.2959121650954971,5.409531035769456,-0.9927051885670858,-0.41023428238203935,-0.23745357935616987,0.1368339514789122,0.8081909933793504,-0.2299954886224977,-0.2736883550069148,0.0,1.0,2023-11-24,1.1549062275727495
0.3557692307692308,0.3666666666666667,0.0,0.0,0.0,0.0,0.0,0.0,0.0,0.0,0.0,0.0,0.0,0.0,0.0,0.0,0.0,0.0,0.08333333333333333,0.0,0.0,0.18014519984424002,0.02740556552029316,0.22786693010778597,0.09839206057300115,0.3841354699250443,0.033154632249626066,0.37028031379499193,0.159688176670509,0.19947777944996306,0.05421269179509615,0.37886555746864375,0.38744332601425907,0.3836769113294942,0.32567544495548145,0.24552210624515336,0.3878804710094987,0.371801012544332,0.43763153173041885,0.45921930806755096,0.4847821294320566,0.4605444614752534,0.3836769113294942,0.35560674955234,0.3989408215658731,0.24521569778892027,0.2957574210104975,0.1705560689905913,0.46577413361015135,0.6918730247111058,0.8121773820395506,0.24986221550276855,0.461129461627758,0.43610187406693474,0.44816198013568376,0.47952163364467076,-0.6162514201158995,1.450364221211148,-0.6122039711495366,-0.8500925970759339,-0.3412179759090531,-0.25151669104962304,-0.5355285387171608,-0.5489013278091365,1.0774228304852262,-0.6389614240967258,0.4751836998728455,0.5413602514835907,0.09404164079373079,-0.10895816513776097,-0.33343899571759084,0.21598830582287087,0.8716983702290727,-0.5657804483601502,0.22376765314358313,0.9176538113970177,-0.1329823572859801,-0.16317861857912108,-0.27759277149949985,-0.23651425380248645,-0.19769154704650707,-0.23359600553903478,-0.344205530964931,1.3578672185580234,-0.7356899451323932,0.5748400312376593,0.01448850620850821,-0.663406631581157,1.590686078439495,-0.16329070855684386,-0.3203062358577037,0.0,0.0,2023-11-25,0.2028397355865463
0.3076923076923077,0.3,0.0,0.0,0.0,0.0,0.0,0.0,0.0,0.0,0.3333333333333333,0.0,0.0,0.0,0.0,0.0,0.0,0.0,0.0,0.0,0.0,0.04525456174814881,0.004316419875373415,0.04793664562350409,0.03036608004537477,0.3785910919857358,0.07402364568702019,0.3708704308853016,0.16538754638661787,0.20064822336977203,0.14445591991799395,0.3848991748461876,0.38992600514617654,0.38599896614755946,0.32942223671823095,0.2478616685791395,0.38919024785057127,0.3739994451650373,0.4320523569151405,0.4543084423891222,0.48115970270137565,0.45121048397285113,0.38599896614755946,0.35489785491717746,0.40435657796842067,0.23575560859019534,0.27721467821728696,0.22413611184190754,0.33700182234092846,0.6629016634288745,0.7956764713532921,0.23542241095659455,0.4132816522182458,0.38302370015679066,0.43967933055506986,0.46694588035856155,-1.2473770875719592,1.5964573523816632,-0.1647334276506254,-0.8042041304056126,-0.6023134834597094,-0.6021135132228441,-0.6223448911914929,-0.6093285835742728,2.372150265833895,-0.8248431897742518,-1.1976476803032012,-0.15776334821132587,-0.2645092783438192,0.2741404938513424,-0.1096230566630802,-0.36231657632336967,0.02995423915478974,-0.27007203263256446,-0.12367131446882208,1.0424947444092914,-0.09795985419864911,-0.1603273812726569,-0.6060925903274673,0.33355695473614716,-0.16238917607981707,3.974122102069684,0.487127551452193,-0.3007825643442392,-1.2989640815800148,4.935830512507731,-0.15098881378077122,-0.16888172076262484,-0.19826235499605058,-0.10424134884741204,0.07318616113451122,0.0,0.0,2023-11-26,-0.8404730932136117
0.07692307692307693,0.06666666666666667,0.0,0.0,0.0,0.0,0.0,0.0,0.0,0.0,0.0,0.0,0.0,0.0,0.0,0.0,0.0,0.0,0.0,0.0,0.0,0.03205600575953074,0.0031337743713947814,0.07030504553997398,0.02108132588083625,0.37466494918940385,0.12028503795338044,0.3726303179195096,0.16477525101461904,0.20083546143012435,0.24698398059866594,0.38425363628040804,0.3911585500259463,0.3877208152935926,0.33309369965789654,0.2501456357250428,0.3896428642216592,0.3757111346007907,0.4239093965570917,0.4485896524402176,0.47157661867376705,0.44410076890691097,0.3877208152935926,0.35410035495258746,0.4086821315627875,0.22986448591847342,0.254913336053026,0.26761782239750465,0.22911902399163048,0.6248573270533403,0.747637452878564,0.21545859833655134,0.3997910564333113,0.3684298110796544,0.4333368582216624,0.45749213407584527,-0.08774001275100715,0.5038043428925763,-0.293628178639939,-1.124693507723414,-0.5414631634053378,-0.23610233471174275,0.1397765143611057,-0.631571548808949,0.5177135419306936,0.9189374330258864,-0.07398766050841651,-1.4261952336048405,0.1293437899699932,0.1227022945677178,0.02828025624619925,-0.7940821008088045,-0.463421700388445,-0.6037873074699949,-0.4891712571626575,-0.8814465291155573,-0.1826394304039557,0.0027745036844731277,-0.6571475110496564,-0.2535091059876398,-0.22850484321279324,-0.2898439469084905,-0.253865838693618,-0.3843919319928404,2.0386755952306586,-0.59229274987015,-0.32466813462961447,-0.7038101725080904,-0.394365451792179,-0.33034272505481327,-0.2813667866115431,0.0,1.0,2023-11-27,-0.6002091789647501
0.2980769230769231,0.3111111111111111,0.0,0.3333333333333333,0.0,0.0,0.0,0.0,0.0,0.0,0.0,0.0,0.0,0.0,0.0,0.25,0.0,0.14285714285714285,0.0,0.0,0.0,0.15727922873995026,0.01806723284573484,0.2726197934236101,0.1627631729348765,0.38473399058228197,0.14398009919640925,0.37376393734018265,0.15744292553548364,0.20573466204021937,0.29490482074504615,0.3862154298499844,0.3934931913760164,0.3897899652181569,0.33713089936163837,0.2525285803763685,0.39170735283725383,0.3781267013244141,0.42196791296516567,0.443587816887659,0.4800806758920272,0.5051038463040662,0.3897899652181569,0.35453635058421257,0.41229179811440225,0.23713952088112666,0.30770241696849276,0.23613590278833466,0.3528903972130044,0.6023138061187754,0.7425259267079697,0.2382518050410547,0.4956163459239211,0.476350462612423,0.4384213060537223,0.4638810725393922,-0.5419477722105062,1.0054277055717373,-0.3050949910935776,-1.1133949277453192,-0.3157257141599057,-0.26148961363117784,0.09285213597070985,-0.35555719917917505,0.6595151190561623,0.20077334667432067,-0.31728045964052654,-0.3063602880783446,0.12586059783911474,0.1352588813915385,-0.271036263491244,-0.19453753724906112,-0.30240332650656954,0.35816899646478106,0.38778488580252535,0.22386555327119542,-0.14344058277932842,-0.16070584227832824,0.2394846616826517,-0.2366827306030274,-0.166319470881912,-0.0972967607255001,-0.39107721685030356,-0.3354970223985771,0.13080531301470674,0.4150355089187566,-0.16605234538716898,-0.5015849877961955,0.1365408112155406,-0.2834220241885794,-0.3133516973387485,0.0,1.0,2023-11-28,1.548599794884531
0.0,0.0,0.0,0.0,0.0,0.0,0.0,0.0,0.0,0.0,0.0,0.0,0.0,0.0,0.0,0.0,0.0,0.0,0.0,0.0,0.0,0.0,0.0,0.0,0.0,0.3852123162379578,0.1354671716015111,0.37351174660217634,0.14682606240053314,0.1867711333173457,0.2939958606448152,0.3867161850357778,0.3943779177673519,0.39089820582122825,0.3412547984655944,0.25493053077806305,0.3935341070460043,0.38040279777228453,0.41934455270409554,0.4390096453557921,0.485105909144855,0.5649157190206866,0.39089820582122825,0.35609808402246784,0.41271212387161665,0.23008617944124238,0.28545709948735126,0.22123802667537198,0.35289039721300425,0.5813805366795365,0.7696870348243666,0.26002849498152014,0.42755144174235943,0.3984626938366402,0.43293236856092765,0.45518532620415786,-1.8656830594922043,-3.4038426894272673,-1.7364815273117937,-1.2567334773823409,-0.8470977957092418,-1.208558777295969,-0.8839002153115504,-0.7377272160931758,-3.2572707578057543,-1.059388974690937,-1.380933912491096,-6.8897159099290946,-10.937089278756611,-10.66487759901222,-9.185352453197654,-9.438910766103538,-0.6763511867315631,-0.624636995681546,-0.5775136240447825,-1.0915743526466986,-0.22853448223532602,-0.2161972631979875,-0.7091519254915294,-0.26598874092956537,-0.23782559497994693,-0.32330843099514156,-0.5301359544637015,-0.4135783919922747,-1.6778542760906345,-1.000775988850076,-0.39679608418476486,-0.7476128686515695,-0.4354104603505198,-0.3773658476761975,-0.4453810267421046,1.0,1.0,2023-11-29,0.0724437306538705
0.23076923076923078,0.23333333333333334,0.1,0.0,0.0,0.0,0.0,0.0,0.0,0.0,0.3333333333333333,0.0,0.0,0.0,0.0,0.0,0.0,0.7142857142857142,0.0,0.0,0.0,0.20572394531788069,0.03290463089964521,0.27714808924871087,0.12334094884776158,0.382668586400597,0.1124816506162871,0.3744602410082072,0.12862138676488802,0.18165535727920898,0.24574640251862717,0.386411672894646,0.39481993679128685,0.39127743500209866,0.3455252369692005,0.25732157882984363,0.39465502542202896,0.3823004435464364,0.41446403275603716,0.4342742051913688,0.4832404886150228,0.4220304735319944,0.39127743500209866,0.356826442948926,0.41263502068553676,0.22081142792218855,0.267753729566073,0.2213779663314446,0.32983908606476714,0.5595617137872597,0.7978866825243948,0.24099647391685086,0.4274219381721549,0.39839750914385386,0.39768348526998026,0.40209063252843985,-1.195246638322251,0.5047635281813433,0.7064334625052769,0.28761474537670845,-0.652859462883617,-0.7898652277592402,-0.5065090424016608,-0.12683062728784322,0.8633544274809789,-0.4901188693293632,0.7681370206501864,0.943579103541565,0.44713771567774396,-0.8404426138892364,-1.5151701419194408,1.0774413801219738,0.26237328566125706,0.677626770446865,-0.3066677818405016,-0.3573431740182374,-0.11796446649992909,0.07254618679729388,2.86984347983971,-0.23430097878774384,-0.16309207569613837,0.3438216446678974,-0.36155573206595837,0.6980380152046837,-0.9711475675292258,0.9055184596107306,-0.12467390690079123,-0.5297566352511393,-0.06919005564671243,0.05100210235214295,-0.2340583222624181,0.0,1.0,2023-11-30,-0.3849759600254798
0.125,0.13333333333333333,0.0,0.0,0.0,0.0,1.0,0.0,0.25,0.0,0.3333333333333333,0.0,0.0,0.0,0.0,0.25,0.0,0.0,0.0,0.3333333333333333,0.5,0.08034061249449045,0.010456412977920276,0.12244871733089169,0.09850202493586618,0.39970293836043425,0.15996308639593637,0.3777654045984046,0.009374563357441064,0.1923299303693051,0.34404374046648883,0.39079430685001065,0.40020940250335474,0.39275211856604597,0.35022610071750576,0.25983053457657446,0.3984481903490172,0.38546281163586077,0.41922617978480914,0.4315327336375477,0.5068916765321265,0.6361135946683513,0.39275211856604597,0.3608392325871798,0.41099047827473484,0.225821459427078,0.32590431086152166,0.19608989927350298,0.4477049844725854,0.5514748114617798,0.8378685029193425,0.2656981867429682,0.45075062775811275,0.42322897273446347,0.40826059324917574,0.4162304722359579,0.5690834094074353,0.5846713931919195,-0.9552292917285521,-1.20355835373754,-0.19804628248767592,-0.16564493722011106,-0.36793483001160293,-0.020578337124310363,-0.40007819767541725,-0.4149747043856239,1.950774937045409,0.8085815440945695,0.20916046967394733,-0.36117515435118897,-0.7921754327532459,0.6988754744327067,-0.5880994738822788,-0.30877400770754954,2.4412185086503633,-0.9829076628510349,-0.20145532266229438,-0.18272998995344122,4.497162198142964,-0.24791969822951296,-0.2258012962674944,1.043588151311481,-0.5013021270623975,-0.24849366054664537,-0.5050928706247628,-0.7624395871314315,-0.3240234642456146,-0.5140033920557195,-0.4141009849240162,-0.3462274114355426,-0.40964555917220224,0.0,1.0,2023-12-01,2.5879947957747618
0.3653846153846154,0.3111111111111111,0.2,0.0,0.0,0.0,0.0,0.0,0.0,0.0,0.6666666666666666,0.0,0.0,0.0,0.0,0.0,0.16666666666666666,0.0,0.0,0.3333333333333333,0.0,0.14519173430170912,0.01814912041724867,0.2838288917803158,0.11508638713532707,0.41344873326109477,0.08976550027822142,0.37699222652148456,0.004495319589429756,0.19676999467096543,0.1820898918315148,0.3988454799200188,0.4040411469535438,0.3950552132252353,0.3551956561973047,0.26255582101105124,0.4039533059066997,0.3895249217071602,0.42958145821473565,0.43161599594993705,0.5403968737204485,0.6522241595727601,0.3950552132252353,0.3677758843288241,0.40765927406137,0.22478147262410164,0.3782869543729387,0.17814862668669673,0.5338851749637722,0.5528664129333208,0.8891349678975939,0.2820177041036376,0.48116876053052016,0.45574310604528656,0.4369548129092811,0.457011805960009,0.3039877299946632,-0.08139676484613229,-0.1553958856595675,-0.3914167829144646,-0.4104751882594127,-0.2762531502049734,-0.3150029857229963,0.0665002621929799,0.8330036810968918,-0.17857919782084974,-0.6021546780583592,0.20829861716816572,0.01778264878379725,0.05625607766390978,-0.23652358373989313,0.14376498935272863,-0.1410311934199941,1.2163703099960406,-0.13180128256648332,-0.7146877656356174,-0.15856009422436504,-0.16481301169634557,-0.24842073985552032,-0.2370675010604562,-0.1942119390970429,-0.09933833251977868,-0.14260810108919902,-0.35745840885721575,-0.03748393121162766,1.3501402757788892,-0.2871147051198108,0.5323236563869255,-0.17403234576594456,-0.20448584639280282,-0.2987071502728478,0.0,0.0,2023-12-02,2.03568745759426
0.23076923076923078,0.2111111111111111,0.0,0.0,0.0,0.0,0.0,0.0,0.25,0.0,0.0,0.0,0.0,0.0,0.0,0.0,0.0,0.0,0.0,0.3333333333333333,0.0,0.0729861272132298,0.019399480643825285,0.1104974860649286,0.10877501146667863,0.4222112420334806,0.09183885967949298,0.37616349510097846,0.0041636589375357354,0.19310955469638255,0.18935722807263566,0.4066254282887511,0.40908161520592307,0.3983608522883395,0.36036327224900194,0.2654073552182764,0.4100747983576151,0.3940090183725788,0.4413104562028357,0.43426103525942716,0.5707830437122833,0.6744101248455716,0.3983608522883395,0.37564426131475875,0.4052563028500637,0.22021242059598656,0.4028023906623438,0.16428577787347212,0.5817071368551564,0.5590977652099931,0.9680272986622865,0.2985847984072296,0.5162351524156761,0.49430095396209006,0.4543944015001366,0.4819091208998944,1.5816054955429728,-0.23579773914412236,-1.180121778215361,0.16053489862818815,1.0983962316490823,1.98749387450954,-0.3953909012616598,-0.611110705815069,-0.3535425658804024,-0.349210151460457,-0.25400037394531594,0.1553847632890592,0.08039768860330884,-0.052317992946660404,0.008526683008912333,0.06660839734761252,1.4438805096652625,1.6974757612746911,-0.3802621164121162,0.1392758385188822,0.021697046678940537,-0.17526658191021402,-0.46319797201435176,-0.21318200968456924,-0.08052828914581486,-0.1496413256921146,0.27012693249596886,-0.007643697747011795,-0.7926257525831998,1.1519041730737798,-0.10889689402203462,0.2204463203552259,-0.3540256832001065,0.16318804297717612,0.19907762413628888,0.0,0.0,2023-12-03,1.2717964611113295
0.2692307692307693,0.2777777777777778,0.0,0.0,0.0,0.0,0.0,0.0,0.0,0.0,0.3333333333333333,0.0,0.0,0.0,0.0,0.0,0.0,0.0,0.0,1.0,0.0,0.038558456005366316,0.007728926942113361,0.052346071675260626,0.06313980087768925,0.45714735435069864,0.3037529855034121,0.4160655319406015,0.03463520406605183,0.21092040745884447,0.6366611585494392,0.4215585106453555,0.41706722687963366,0.40448749850093,0.3662021240092647,0.26867665172236344,0.42108876890506747,0.4010430959498938,0.46916301184099607,0.44249999809935525,0.637134608079357,0.7215212686702375,0.40448749850093,0.39099399457799505,0.3999294555361819,0.2456491759409577,0.5646332354300435,0.12998521341265518,0.7499796270981418,0.5822635509373383,0.9760223640761022,0.34045626174663113,0.6114871170683868,0.5985833784262471,0.5304518360073043,0.5930162376367814,-0.5864230851162797,1.8323445041667377,-0.9604625010825028,-0.49011065570432705,3.752385309151582,0.5835786110155046,-0.6671927437332982,-0.5782315658549911,-0.5283235972754398,-0.9675192396574418,-1.0928446831687002,0.9648466962707153,0.5794873948730928,-0.06599318713210137,-0.3939849883682332,0.8489094027871696,0.022754336854809404,-0.5378429974381286,-0.27625892425130866,-0.5327230180820588,0.3423852621274415,-0.17208395112410177,-0.49832384418736686,-0.16569825005901265,9.836219096263193,-0.11704612623178194,-0.3457995864975213,-0.17369349184091304,-0.7248030369039921,-0.5537878256859516,-0.19054432689354428,-0.3604202922649275,1.3511016399177613,-0.2934722258244859,-0.28013027180837485,0.0,1.0,2023-12-04,5.006972516793251
0.3653846153846154,0.4,0.30000000000000004,0.3333333333333333,0.0,0.0,0.0,0.0,0.0,0.0,0.0,0.0,0.0,0.0,0.0,0.0,0.0,1.0,0.0,0.3333333333333333,0.0,0.06340755278556107,0.020945895936644216,0.08788974025348176,0.07389605184530329,0.49380860241353,0.272572843130327,0.45043946759298603,0.06940658397281968,0.22088006390543932,0.5540597203806038,0.44463020221288235,0.4288471781267191,0.4103836361362151,0.37233280570595423,0.27235929081380406,0.43653062210356136,0.41058058606859,0.510331171964985,0.4581413188588362,0.7249366713887322,0.7732563782086245,0.4103836361362151,0.4154999149372142,0.3837149913535965,0.28060266951904755,0.6455931494827782,0.09721888442586321,0.8432823142771683,0.6134111317567967,0.9806710173049525,0.3786045479446787,0.6766650106919819,0.6650294225471918,0.6217392310880725,0.7340549747352625,0.16296394997703084,-0.11788416419044072,0.002740416714509629,-0.21083888581013202,-0.3537591647438319,1.0140077759188415,-0.22696258481581424,0.19316534320106749,-0.2237297210066796,0.2400160747337543,-0.22196604525375452,-0.24025370554659733,0.09899956224804395,0.03903679969110379,-0.10649548074399412,-0.05870532967147282,1.0539526050461483,-0.09518028560542158,0.13388958580271637,-0.10369278376526861,0.03552194980325298,-0.16527819286117468,0.5093559195141214,-0.2238404310396487,-0.2028348180466478,0.07163868380613568,0.09033865793857176,-0.3152703470099697,-0.6567914890886839,-0.31976815753739746,1.2772366333102911,1.359736199485535,-0.3706180099974484,-0.1459534222155235,-0.09244278653860541,0.0,1.0,2023-12-05,5.003682455553493
0.375,0.34444444444444444,0.1,0.0,0.0,0.0,0.0,0.0,0.0,0.0,0.0,0.0,0.0,0.0,0.0,0.25,0.0,0.14285714285714285,0.0,0.0,0.0,0.10330021652306545,0.011903618328328218,0.20994008320884133,0.09478204629210298,0.4879757019293497,0.2162441423832066,0.4537190466008063,0.08818540407036755,0.2252244502704621,0.4293011871346348,0.46295485293668864,0.4405961392722623,0.4176031661147309,0.37837268283703823,0.27597015190382057,0.4486227253215969,0.41893039668263493,0.5368156121418981,0.4764765489241948,0.7568901108191073,0.8867183402870288,0.4176031661147309,0.4319574961014983,0.3792950317430946,0.2710973234263494,0.6099902355896063,0.08980816494709862,0.8432823142771683,0.642333885374865,0.96235757549152,0.3471823930296263,0.6611961016584645,0.6482685698400948,0.5420105614030312,0.6004891667956895,-0.5056999639249751,1.18530902690818,-0.489159652356569,-1.170165825270955,-0.529537375305376,-0.5259409721282539,0.06962668642101633,-0.5921609377439684,0.5424467128902408,0.7449995339332789,0.2350784969231675,-0.6083094733833617,0.1511975063768488,0.02952408770226933,-0.2508851325344002,-0.4111945735288422,-0.06176667770108241,-0.5433513451644663,-0.47912345350830193,-0.2959638190499131,-0.19031136842045224,-0.15600184420582394,0.09695401854282201,-0.24365733899332329,-0.22160119728790492,-0.23621711337956383,-0.4191148654294172,-0.1915977608350236,0.8554723686110937,0.5967108752254034,-0.31188985031837724,-0.08304897686338304,-0.3815331437832261,-0.2884235826543267,-0.3093730573010635,0.0,1.0,2023-12-06,-0.7581629055975703
0.6057692307692308,0.5777777777777778,0.0,0.0,0.0,0.0,0.0,0.0,0.0,0.0,0.0,0.0,0.0,0.0,0.0,0.0,0.0,0.0,0.0,0.0,0.0,0.1558048173770911,0.017646771661231117,0.3081682810466965,0.11819866798430982,0.48005578534318094,0.1962373233609971,0.45927087239872477,0.10100952486773583,0.2310031207781161,0.380968658103982,0.4767818921705255,0.45191613062849917,0.4239709079839362,0.38426821819778006,0.27915626831555806,0.45753189807428934,0.4260083307815911,0.5502834066442299,0.4941054085717537,0.7485115940251961,0.8098596855696135,0.4239709079839362,0.44374845195266005,0.378500589143089,0.2694098987568722,0.5595797232314867,0.15439597947205155,0.7044238687277391,0.654849141213553,0.9311754094430328,0.3181492243598385,0.6480189880641155,0.6351546328371129,0.5798932226402065,0.6669656372593588,0.03572230510800702,-0.28845041841330515,0.26120215642857153,0.023050390390892763,-0.34679571094206363,-0.281391159303734,-0.1637407953753978,-0.10941657613266147,0.16791673747543445,0.4445938250725542,0.2302993832281728,-0.49292334217425204,0.15957598450160304,-0.020597806126442658,-0.08729308712197273,-0.24025054731582676,-0.4219171509727374,-0.5562754499836693,0.04788896570236986,0.25551892106578755,-0.14080560028321631,-0.17612857353145844,0.8838302833834473,-0.22912747043534826,-0.20864587006525892,-0.20862509411034677,-0.4476494659159812,-0.02267124728267878,0.24023615421162733,-0.4208240846272143,-0.09140515512592207,-0.32162224817639956,0.22823099549251713,-0.16059068362712453,-0.3436346156327443,0.0,1.0,2023-12-07,-1.0372985662227885
0.5576923076923077,0.5444444444444445,0.1,0.0,0.0,0.0,0.0,0.0,0.0,0.0,0.0,0.0,0.0,0.0,0.0,0.0,0.0,0.0,0.0,0.0,0.0,0.04268764339077504,0.005414028285856914,0.06646426678232374,0.05097571668550047,0.4953087560234919,0.16795466085876043,0.46257094925379294,0.10834456152594582,0.2449580262658159,0.3094011059122274,0.491956294313263,0.4637929259429043,0.4311801889267275,0.39035383464305234,0.28260931879010553,0.4676176380365104,0.4338203029235342,0.5668399960563948,0.5118481932130832,0.749862899869127,0.8474072886386007,0.4311801889267275,0.4569353030823576,0.3777861030818794,0.275821728428977,0.5624287065354776,0.1346470553604863,0.740532474920666,0.6701998215684731,0.9203842486093916,0.3438051999025078,0.6436527960823416,0.624113766334208,0.5927594140402468,0.6816757164264742,-0.11541701947191457,-0.35745494944180706,0.4558319424587734,0.14396638198329825,-0.15050036451755636,0.12879559740315677,-0.13797910872372093,-0.46165382792164933,0.555558662623917,0.15124911311796183,-0.1966921002263474,-0.3905377511126966,-0.0029090295633918952,0.3155103147138355,0.23813148695931655,-0.2344511343856824,-0.46194339835501735,2.06498149685736,-0.30883061353182223,-0.695043985489964,-0.15225349038892036,-0.029223796645897974,1.0212075223899182,-0.07629878962474952,-0.1946254339510557,0.161787072988372,-0.1356004849902623,-0.23763184886772348,-1.1439118986593546,-0.19140889852679152,-0.2534991945638291,1.6707962697080148,-0.2397963154153153,-0.13474554806197495,-0.13615753246925488,0.0,1.0,2023-12-08,2.018673414826888
0.4326923076923077,0.41111111111111115,0.0,0.0,0.0,0.0,0.0,0.0,0.0,0.0,0.0,0.0,0.0,0.0,0.0,0.0,0.0,0.0,0.0,0.0,0.0,0.04834358810458822,0.01775543016958601,0.11329092573851862,0.08849671481465941,0.4876185939213066,0.10590269627273308,0.45830236167121874,0.10806825971442957,0.24991453955147538,0.18112686687353446,0.4982818561250543,0.474792346960007,0.43720886565067496,0.3958864079775624,0.2862517471205638,0.4748674872460326,0.4404191925702315,0.5723206615238117,0.5272472560973711,0.7220631624979094,0.7904575805069884,0.43720886565067496,0.4669171033140071,0.3783796478015819,0.2656272957382726,0.5322589931445725,0.1260349485178053,0.7405324749206661,0.6844540247551847,0.9072855348666403,0.32555876256394334,0.5911129469982828,0.5652984506753473,0.5799643020715292,0.6634365454641187,0.4129626097855806,0.8961977427295412,-1.0761811853219843,-0.17503788992897587,0.3647390350761077,0.5566924836172937,-0.21271641752286236,-0.6752128420658513,0.6399605229578033,-0.537382939692109,-0.16629795116876805,1.1593672204976913,0.3215649111055848,-0.27536560783017816,-0.09287374146288947,0.9159672156455955,-0.23504781354649626,-0.2979812533599522,0.6913557389371826,-0.27661523965520374,-0.11657350315354152,-0.15301750843004822,-0.25092568623910216,-0.21495233137863615,1.4520870713912164,-0.1716270015655771,-0.38929019825353023,-0.3605144949626639,0.7687870383748052,0.40173033262892016,-0.1753853355307417,-0.7259446603447178,-0.29517417025373316,-0.2602348233580328,-0.2915706540911702,0.0,0.0,2023-12-09,-0.9976252913108664
0.38461538461538464,0.35555555555555557,0.0,0.0,0.0,0.0,0.0,0.0,0.0,0.0,0.0,0.0,0.0,0.0,0.0,0.0,0.0,0.0,0.0,0.0,0.0,0.17704695764879616,0.020103398806646123,0.27040303278556854,0.152448226318234,0.4885560876629257,0.06747511336238424,0.456232225957243,0.10210456760041438,0.24113339326474623,0.10856852546801952,0.4971914801774234,0.4861656849348012,0.4432026458753121,0.40134737753222355,0.2899319338829113,0.4811585342235953,0.4466066163132793,0.5740652756461423,0.539950031447024,0.6900815140300641,0.7932734633064062,0.4432026458753121,0.47570181487682156,0.3802675880987539,0.2505849683718296,0.5140494669574688,0.1254080708046444,0.7318272202764065,0.6967909739074669,0.9177701326507647,0.33921661603469344,0.5719337189030597,0.5435197324084976,0.5577138807426741,0.6257058795802299,-0.26582586650497697,-0.5254997338349987,0.7331091888135841,0.4529611639236048,-0.5253337789572272,-0.46153367675635276,-0.3655886270074197,0.3374924995093366,0.10313269483821184,-0.00796285726520353,0.5235347781949473,0.09763585161066127,0.4144084600857038,-0.3708184501043224,-0.5248544794284227,0.11643105730306648,0.13855938790231728,-0.23573810350826774,-0.3811653251701463,0.5578340540225626,-0.06649925907372081,-0.1982294322056943,-0.6065691653866802,-0.23912509991572653,-0.2020771949754973,0.5626527230394932,0.0010494640712545799,-0.3821457185459028,0.8162314773518348,-0.3999388394403529,-0.16271944677245515,-0.7120807658306151,-0.35547826529206217,-0.3172037469754863,0.1277535955509111,0.0,0.0,2023-12-10,0.1228442184156186
0.46153846153846156,0.4666666666666667,0.1,0.0,0.0,0.3333333333333333,0.0,0.0,0.0,0.0,0.0,0.0,0.0,0.0,0.0,0.25,0.0,0.0,0.0,0.0,0.0,0.148225219868415,0.01325633801929712,0.22062069297865164,0.09630129077905411,0.44429719287914504,0.31058505816270715,0.5307852067415483,0.12219314491351382,0.25834506574071325,0.5777246822945203,0.4881242051752451,0.4909555375834041,0.44836648452166317,0.40577954570164493,0.29307910967542206,0.4790905995554922,0.44868447142718687,0.5466485560353952,0.5440851317970576,0.588457200411875,0.6063837335009042,0.44836648452166317,0.47534352168803046,0.3909236153132764,0.29636933747651556,0.38884677676587664,0.47921605318108795,0.11246079024259922,0.6442772693785127,0.7836943014124486,0.29652934446552837,0.37782557991280985,0.3483370328194245,0.4795000987085065,0.5156425976447976,0.5834221735935272,0.31373476862122723,-0.740289450344717,-0.3364032763944317,0.9624363711890406,-0.09624557429723801,0.4022469660403676,-0.5506200044577231,0.11376068596886164,0.10607594375551664,-0.5839851170651713,-0.10279716850360328,0.2753389627226321,-0.045599439160697454,-0.175955974288432,0.17021891754249552,-0.23642381452790584,-0.5184907706134047,-0.3890911077656125,-0.5816898064957018,-0.10623837961159631,-0.18080881004859217,1.5670721622359634,-0.20207546486498343,-0.2038942918764723,-0.2362811149272492,2.882659408523425,-0.20777689281188527,-0.01070516746016202,-0.47536836528948057,-0.23503732397371532,-0.38027155714584004,0.006765722945208349,-0.29713156433106036,3.1420584285022164,0.0,1.0,2023-12-11,-5.792335792051162
0.4519230769230769,0.4444444444444445,0.0,0.0,0.3333333333333333,0.0,0.0,0.0,0.25,0.0,0.0,0.0,0.0,0.0,0.0,0.0,0.0,0.0,0.0,0.0,0.0,0.0577867511378182,0.00435263937815838,0.08707371532295632,0.14082094184476796,0.44789936140013886,0.171107919423325,0.5302106490301556,0.12413025556756983,0.2587706368165341,0.3035900503070367,0.48144881388285793,0.4946558670141516,0.45218740973644245,0.4090747292584847,0.29624790586327543,0.47794236210353064,0.4509055806567594,0.5244569625878747,0.542514751158417,0.5207824124021253,0.6406020950150334,0.45218740973644245,0.47666765449547105,0.39699805179239017,0.2970504376195608,0.3497291458842798,0.43920573822085385,0.11246079024259942,0.5955145437444836,0.6655661194361244,0.3225618461981006,0.2967972848030819,0.27531485911084475,0.5351771640284099,0.6044386721874396,-1.0457177578946217,-0.5622572506463187,1.468826499144506,1.045600579158925,-0.502549700928593,-0.37682250418437757,-0.3842894505130523,-0.3558505856550753,1.3317231012836235,-0.4563314471649749,-0.372006104002965,0.6993398144278725,0.4706391235260706,-0.33015848752674787,-0.764860198410291,0.6764579236315841,-0.05908166862858862,0.20233874660331824,-0.3073370482106689,-0.6173824686863981,-0.13324838112433168,-0.15463256451287977,-0.5285654791950317,-0.2182807961947888,-0.20225701486419992,0.31164528091272964,0.1470490630498797,-0.3594023867371714,0.6911997227529503,-0.39571552756377626,-0.2611297481465336,-0.5266792926470332,0.2823449331427594,1.2946530670250058,-0.12819138550007786,0.0,1.0,2023-12-12,0.5004157345118276
0.09615384615384616,0.1,0.0,0.0,0.0,0.0,0.0,0.0,0.0,0.0,0.0,0.0,0.0,0.0,0.0,0.0,0.0,0.0,0.0,0.0,0.0,0.033875826768276815,0.011794959819973324,0.06294797037893755,0.05076012865830455,0.4730409787063783,0.18886563176471985,0.538880957156158,0.11281390213129681,0.27277880376250296,0.32579069468297406,0.4768262188123747,0.5001154705316473,0.45751396250487053,0.4126162350504559,0.29974373536781296,0.4811693657818134,0.4550362797445581,0.5191051150673114,0.5400819300069359,0.5105526913683789,0.668809106557737,0.45751396250487053,0.4799402725718315,0.4038408834576191,0.3238573407697969,0.40221695297704474,0.3703971569634611,0.25505287066396853,0.5649620742624757,0.6167670994016228,0.35071477149645136,0.3727162880901332,0.3448326390649894,0.5298758715809891,0.5863881300990825,0.8442587277118299,0.1829241733313178,-0.8659795290041534,0.3003325958306558,-0.2881580605809719,1.9345730792295326,1.0509710119554467,-0.6868296534389934,0.41962606968969013,-0.47983328641608425,-0.9507219770764718,0.32393491537801095,0.16664086885369903,0.43315779402604243,1.1083645529932065,0.4179693588385325,-0.19215804515879117,-0.48467321329543084,-0.09877663847899144,0.2824513197392504,0.01752134771047917,-0.14068402108387185,-0.5388525348065112,-0.17383904673964828,-0.1869877062033057,-0.1876822334947153,4.428596922562364,-0.2768103135223599,-0.04213641180175511,-0.24638610418691065,0.18145001100809796,-0.6792678718468388,0.2194822289220681,-0.2915291375506127,2.8638610720077904,0.0,1.0,2023-12-13,3.475299863154757
0.08653846153846154,0.1,0.0,0.0,0.0,0.0,0.0,0.0,0.0,0.0,0.0,0.0,0.0,0.0,0.0,0.0,0.0,0.0,0.0,0.0,0.0,0.010924455555879132,0.0009417070724090851,0.01663052383017686,0.012873064952765965,0.4753662713429432,0.17813766566564315,0.5201600256945313,0.10268424462068271,0.27573516462572933,0.3028663612710367,0.4742827442147018,0.5020723577753474,0.46255766566179257,0.415973336966942,0.3032734752984486,0.48428822559580315,0.45905283157168913,0.513774099463367,0.5369637360032631,0.5024232343477005,0.6689525106511719,0.46255766566179257,0.4830520964669786,0.4103055534844912,0.327210807305618,0.3587096448912458,0.3356245297748762,0.2550528706639685,0.5365919240291823,0.6901396672918955,0.3775866853845471,0.3978274481062484,0.36797626464932526,0.5380939800374988,0.5988142425452123,0.27757587457771954,0.2548329121500731,-0.4143467471941834,-0.5088823043153947,-0.4571397611860043,0.13511407789399216,-0.0768652009236652,-0.6234161356946462,0.7462571545345118,0.5277377468666702,-0.3762167636052851,-0.9688243588112522,0.1538219974194704,0.09226576737858457,0.024646736976294117,-0.5142087836003276,-0.4722225274748392,0.2650590999843587,-0.4718747960900358,-0.9144043607471554,-0.20303025181650558,-0.06874331089542356,-0.4939265740623027,-0.2503893323463326,-0.22404225820535595,0.38306727125810225,-0.49408602246080935,-0.34760699449510774,-1.3511797551587486,-0.6581469987231333,-0.34275906921429683,-0.7345719839484729,8.520185644998222,-0.36110378056533093,-0.4023144613538747,0.0,1.0,2023-12-14,0.3106275665913482
0.25961538461538464,0.24444444444444446,0.0,0.0,0.0,0.0,0.0,0.0,0.0,0.0,0.6666666666666666,0.0,0.0,0.0,0.0,0.0,0.0,0.0,0.0,0.0,0.0,0.0785760865197711,0.018284549862444627,0.16864408140973125,0.08407354300836453,0.45626876502277736,0.12588515674744014,0.473320035154977,0.09793879547719456,0.2874688547084814,0.19647347629302309,0.4675801795020241,0.4980402175031344,0.4664880315585158,0.4190357303296201,0.3065847108678331,0.48373802350849077,0.4611963676324357,0.49609472505426766,0.5305826578552624,0.46372097713116,0.6081123828962197,0.4664880315585158,0.4833794680347207,0.41773262888733015,0.32595815898120645,0.324192945990425,0.3159976283928362,0.2431650074864049,0.5090204100573202,0.6884094007812257,0.3569541704207675,0.31363391863934026,0.290960033572604,0.49268131973215035,0.5329514665240389,3.1850752768515975,-1.7243402282117655,-1.3771121049870962,2.2135440400919397,1.8958822327570042,3.6026721181315784,-0.501996703566607,-0.6779999418287179,-0.9067982383203724,-0.5776007751896793,-0.8455377536989208,0.780252143537572,0.20951881884265972,-0.25471119486689336,-0.6137346752208463,0.7800653568865369,-0.4019006934441065,-0.38487398522015565,-0.41840189447607223,-0.7927169515345309,-0.11273154126331317,-0.16155947048828823,-0.3968652915530693,-0.1819203153372977,-0.2005921077051372,0.8929092544356634,1.0358917149602478,-0.36125892014290395,0.7867869545225009,-0.4453980937248999,-0.25669611002914555,0.43437987846795306,-0.30675659868621075,-0.3142877827682492,0.5228262609591061,0.0,1.0,2023-12-15,-2.543267802098337
0.4326923076923077,0.4,0.1,0.0,1.0,0.0,0.0,0.5,0.5,0.0,0.3333333333333333,0.0,0.0,0.0,0.0,0.0,0.0,0.0,0.0,0.3333333333333333,0.0,0.13944215666361068,0.01122489634135779,0.15862368078646813,0.09320781962371931,0.4616855167324072,0.07967142169019892,0.4223320795738046,0.11003909790475581,0.288183498064992,0.11045238693249819,0.47118984287270466,0.4952163982789561,0.4710156424598293,0.4223176480848954,0.30985979757117965,0.48417705231603675,0.4636279908337894,0.4831606937562559,0.5226344589014953,0.44513278649019106,0.5929093133176537,0.4710156424598293,0.4828338800892104,0.4273393866758724,0.316153472839855,0.301919946224041,0.29781888403500145,0.2431650074864049,0.4834182899405911,0.6158832101495377,0.3720683679912873,0.34575915911911503,0.31984036194318055,0.4996455916734459,0.542259137165799,-0.5830310810544551,1.7576970446923725,-0.9007386854457498,-0.773950589741068,-0.03783373539434241,0.13548717886848557,0.21356663024909764,-0.362385152452271,0.5052926368078123,-0.4863246006269419,-0.012816772053493913,0.12088349262956052,0.28729163628292814,-0.16061291613942374,-0.5010333758870711,0.19874210850058,0.032417373434196296,-0.23448442933813635,2.425668396970232,-0.2968347219566619,-0.02508063245072422,-0.08192753468070749,0.27246335958889506,-0.15344185967997723,-0.18266940896494904,-0.22058384781738571,-0.3660381984576291,1.211957784266015,-0.32993238039080736,0.7219257656398502,0.27683770558659704,-0.25675153814332446,-0.10390724202900302,-0.2749089735735833,-0.24630720496045255,0.0,0.0,2023-12-16,0.7401888090740938
0.10576923076923078,0.07777777777777778,0.0,0.0,0.0,0.0,0.0,0.0,0.0,0.0,0.3333333333333333,0.0,0.0,0.0,0.0,0.0,0.0,0.0,0.0,0.0,0.0,0.03362810501583711,0.004762077235727548,0.05663020256051917,0.04019920912472708,0.44640609360705596,0.09983636288888825,0.43446843468401064,0.11672576765709755,0.2855960176521609,0.14913502829660985,0.47087985358904544,0.49160209713576014,0.4749246410301705,0.425183835317773,0.31302416285532586,0.4819969115643606,0.4646189820840167,0.46208793689665717,0.5116433968480854,0.40904027901890305,0.5144979878707481,0.4749246410301705,0.47968709666723724,0.43868159997469797,0.30977918491741674,0.27706051435992757,0.32779430728663084,0.16492557808755234,0.4515641629650001,0.44825773214915826,0.35454630302781687,0.3060112549464098,0.28313043501427276,0.48303417734050547,0.5205773394676567,-0.20361009811182093,0.5597332706126517,-0.23595943512086137,-1.2347064692135328,-0.5744349550937629,-0.25732107454508646,0.04235676735952442,-0.6221559023127439,0.5754916473245706,0.9419038417564082,-0.10638235742083696,-1.5145358164446372,0.1384229231006995,0.07491330502922332,-0.07435932540961764,-0.8668024471479968,0.5847567461835602,-0.44591294198287,1.4408555729181998,-0.6283609073315968,-0.05138110861827301,-0.09389594334985046,-0.3946555473228596,-0.19806209966729088,-0.1435882518453657,-0.0667197199314706,0.16463058135288955,1.2138460933190007,-1.406794024999332,0.8316075260103806,-0.20510604101624147,1.7569542570973333,-0.36505098038420286,3.4160606186085096,0.06865495541185893,0.0,0.0,2023-12-17,-2.072563201266564
0.21153846153846156,0.16666666666666669,0.0,0.0,0.0,0.0,0.0,0.0,0.0,0.0,0.0,0.0,0.0,0.0,0.0,0.0,0.0,0.0,0.08333333333333333,0.0,0.5,0.06940952153452812,0.005582527711856533,0.08035275408414053,0.04890954418324693,0.4683774399163476,0.17502413280618478,0.44685260427877016,0.11971159899129831,0.2895241855479893,0.28600529847819023,0.46991174387989915,0.488709414273845,0.4794821669313718,0.42836912817548006,0.3164482543377204,0.4838213387164417,0.46734914412896095,0.45648464076466355,0.5016187536768623,0.42050332536161006,0.5482040037371905,0.4794821669313718,0.47809413291997765,0.4495408311900933,0.32493993860444037,0.2315204710024839,0.36535132718099717,0.044481392150201395,0.4095456066993891,0.4457253724064069,0.3810464343168314,0.46834255983608025,0.4367078037564646,0.5272244110266417,0.583745549270531,-0.6907069995690057,1.9020367182584916,-0.9248415041347463,-0.4620476841264451,-0.6102817591205999,0.6706424184713178,-0.6661860643579686,-0.3870119876232856,0.9178445065847041,-0.5935056262332065,0.17513346778825342,0.3463052995636755,-0.3486479512835135,0.9368681665590242,0.793759663636183,0.9341027615250344,-0.36744449293790143,-0.27595822301099815,-0.09118320874362776,-0.8984111067223653,-0.15307520133958716,-0.18268442143195987,-0.23327023334811484,-0.2270534211896878,-0.18624034264082967,-0.1813173376788952,-0.293834861236875,-0.31415249693357034,-0.3980523737242468,-0.6618808321369408,-0.30929711373470287,3.2435373211389305,-0.28695745619661894,0.1466683661850307,-0.2391647370876455,0.0,1.0,2023-12-18,3.0433584522719714
0.14423076923076925,0.14444444444444446,0.0,0.0,0.0,0.0,0.0,0.0,0.0,0.0,0.0,0.0,0.0,0.0,0.0,0.0,0.0,0.14285714285714285,0.0,0.0,0.0,0.015584106634384195,0.0019023112767059779,0.02106404510625994,0.01517942277390893,0.46221627004333043,0.15695605812305402,0.44438800276106827,0.12247206397281028,0.2922432894895739,0.2507049578531696,0.4671819190608894,0.4859809599108162,0.48367792304565205,0.4314295732197381,0.319813074537149,0.48433618431749487,0.46936879184293984,0.44674801384178997,0.4914586000571646,0.4188959865777601,0.4471065673484377,0.48367792304565205,0.4745549454530758,0.46189913078816663,0.32638850863129465,0.2578807613061581,0.3329391422081095,0.1302553010316013,0.3793872821948837,0.41403571284909474,0.356703786526243,0.4444124723802305,0.4130300326326941,0.49952995672297995,0.5419324913172113,0.1456936581813761,0.2346894243079891,-0.27821932492246315,-0.7488045840122589,-0.5580480606841927,0.32511739791604954,0.45031412271247306,-0.644971627659034,0.5654657116436591,0.4615965142337288,-0.3131887908838685,-1.0783901537812774,0.058940430087964214,0.26922285778342736,0.26304589479060597,-0.5998948855288311,-0.46385196362657405,0.21491125332156993,-0.48850847498338995,-0.6634843973844932,-0.17756741409873972,-0.19610498819048905,-0.5735172308506546,-0.242490691635722,-0.20672112592289474,-0.21033239181218924,-0.37026653028783824,-0.3841043929800696,1.3808193104287085,-0.46458234321921466,-0.31765212936481163,-0.5620032414197004,-0.26838995012239797,0.31289620978561894,-0.3161432744327823,0.0,1.0,2023-12-19,-0.8282083715112631
0.20192307692307693,0.18888888888888888,0.0,0.0,0.0,0.0,0.0,0.0,0.0,0.0,0.0,0.0,0.0,0.0,0.0,0.0,0.0,0.14285714285714285,0.0,0.0,0.0,0.06348201676471704,0.013309879892979243,0.11560567362215475,0.06729819007340121,0.4863316961053803,0.1982885713913881,0.45922284296005733,0.12202414190849434,0.3031008988990196,0.31766438184658613,0.47342271961532617,0.4857420388231463,0.489326271018387,0.4349692091800503,0.32359778233201486,0.48879904066450436,0.4732282944457948,0.451444702108366,0.48436296769480786,0.4552453893456587,0.41872515104051666,0.489326271018387,0.47060179640097993,0.47761172698451987,0.3377253630837487,0.29555382540435454,0.29381440750274557,0.24128824410694935,0.36285083521643935,0.5823953039960217,0.38598189185111775,0.4418972623947867,0.409502336067979,0.5398631715130391,0.5976563755015998,-0.6218844868695569,0.26049854269914274,0.3937419975633463,-0.6874500244487082,1.7228131088056897,0.23258392365836733,-0.13625739337373652,0.09667828542423483,-0.05078348960593543,-0.822091298292726,-1.1642012379954911,0.6493490029453399,0.44698460102989845,-1.1527194352243517,-1.535277584489652,0.7569433153221716,-0.6106701114189177,-0.5922267168254709,-0.45925471881392443,-0.8252325301419571,-0.1927495362510507,-0.2092589563354718,-0.6819644932954628,-0.2334410434988072,-0.2260743687610454,-0.3020047290132946,-0.3504212526175337,-0.39295889724646926,1.9752360055112996,-0.7826614954551159,-0.3090814737532288,-0.46030841998896693,-0.3412082075252723,-0.3583769082068555,-0.32691848102635257,0.0,1.0,2023-12-20,3.268761340528425
0.08653846153846154,0.08888888888888889,0.0,0.0,0.0,0.0,0.0,0.0,0.0,0.0,0.0,0.5,0.0,0.0,0.0,0.0,0.0,0.0,0.0,0.0,0.0,0.018114407391446936,0.0020188435900141254,0.032894800250590335,0.015858018644747104,0.49011732733153723,0.150636975396924,0.4061062168159263,0.12648306949082955,0.30192081610824084,0.23261096955110738,0.4793249138778603,0.4906635627892895,0.49425272877279314,0.43829114748865355,0.3272896026653246,0.4932074949759498,0.4771142124608024,0.4556045404209855,0.47960093460671027,0.48292506026186816,0.4417506953250019,0.49425272877279314,0.4678557669307794,0.490516622008405,0.3264847329746108,0.2758683029307819,0.27769434826940287,0.24128824410694924,0.34749556302216955,0.6819406724063496,0.4095699868215572,0.4454765739738597,0.4127774800061396,0.5506632897538476,0.6135944798460438,0.9931923879559118,0.0006569168438711288,-0.8472588036327595,0.1380478179787438,-0.1290395532752335,2.834914445275591,-0.0462622367332001,-0.6722337378778102,-0.2513530993997115,0.39199637554153705,-0.5869018710901808,-0.3779838146695554,0.04334877850846838,0.19855687390673044,0.2816624099844234,-0.12931908468364967,-0.49228076651088104,0.9724838212294584,-0.4820212662670503,-0.1328824726569939,-0.10556286737256387,-0.18000095974442093,-0.6366928272183987,-0.22342814950487874,-0.1914797200158792,-0.23484660918479963,4.523491661344575,-0.33536115411095974,-0.3417311983504074,-0.010203600607645925,-0.21197648094947114,0.09451962854914489,-0.3490836048964622,-0.22899537973395143,1.7528104851437882,0.0,1.0,2023-12-21,0.4968869731800662
0.27884615384615385,0.23333333333333334,0.0,0.0,0.3333333333333333,0.0,0.0,0.0,0.0,0.0,0.0,0.0,0.0,0.0,0.0,0.0,0.0,0.0,0.08333333333333333,0.0,0.0,0.0501885990732798,0.005554182014024822,0.05895619488217435,0.040906742985792895,0.492364421631862,0.13810621036831425,0.3750689182510142,0.1335790372260081,0.3080376251487277,0.2062663925909931,0.48886545928343367,0.4954395387265447,0.498552650603186,0.44186040681489563,0.33092692724077755,0.49731298485442105,0.48089766399198647,0.4584039978016735,0.47640672331394174,0.5015215655953484,0.47188995404474876,0.498552650603186,0.46586934341122715,0.5013128307965726,0.31634021170438076,0.26748551343886107,0.2616145660791789,0.2569396037476674,0.334853600706701,0.8445482896132956,0.43166180068590165,0.49779250720750035,0.46421436367597835,0.5254310222978852,0.5729706097663174,-0.4273338806672546,1.536626569859354,-0.8554907755039581,-0.8063470902979027,0.11663041608149533,-0.039910158822302595,0.4268932627920677,-0.5636769151834086,0.6762963665528443,-0.09800925462695581,-0.5871000950892229,0.07575586938109141,0.0713737373197277,0.21106519459920872,-0.24721072169654568,0.12127919855045552,-0.039810888933265925,0.5484445042734916,-0.269769571390592,-0.8401769855182972,-0.1259143867726699,-0.15139574789776702,1.3613823371863192,-0.21965248306304216,-0.18193828177917992,0.171555406744188,-0.1532659362283726,-0.24567228767788063,-1.0318185164984945,0.10232479768786952,-0.2901878018695948,2.191773857250219,-0.3522580064275409,0.4561117294230316,-0.181579429959514,0.0,1.0,2023-12-22,0.2934864092908329
0.028846153846153848,0.022222222222222223,0.0,0.0,0.0,0.0,0.0,0.0,0.0,0.0,0.0,0.0,0.0,0.0,0.0,0.0,0.0,0.0,0.0,0.0,0.0,0.0009161772748960667,0.00021574225571913824,0.0010087867251377444,0.0020835352963901304,0.48785523422216903,0.07193850742975508,0.37599884345393564,0.11920659406736864,0.3055195269593711,0.08913996178443863,0.4929088783755035,0.49703073252012236,0.5021294303395564,0.4454090056555225,0.33444763585184745,0.5000338375261455,0.48402886390226213,0.45618701770332404,0.4733639872597407,0.5033182685690566,0.4101605354160215,0.5021294303395564,0.4629142656439586,0.5117773609038623,0.30192937732095665,0.25313221121263196,0.2605534227915549,0.23872177107733322,0.3212330603467025,0.8743996888792678,0.41747097957935164,0.4734638829581824,0.44025232271585857,0.49428159576696973,0.5273255978437005,-1.5661515211965793,-1.056971005543237,2.3552776761019163,0.9399927333621297,-0.6717400567001968,0.9027864556643171,-0.6201874692581205,-0.6523411556558881,1.9774722236217974,-0.9363748452325988,-1.2795114263230303,1.022476173165644,0.36072571257441327,0.24688064198256798,0.019353664770837227,0.8376665793776759,-0.6683431889010374,-0.5225149273041613,-0.5644296867179406,-1.0831429877020038,-0.2214604467653684,-0.21329754931505454,-0.7037185528508808,-0.25685069482559447,-0.22808121897639128,-0.3099224898188822,-0.4849516691493681,-0.4090249006436638,-0.1644246036719594,-0.970469493049418,-0.3895218446289016,-0.08445918382492403,6.044451262382649,-0.3569333175559144,-0.402560113996607,0.0,0.0,2023-12-23,-0.5872083923035065
0.08653846153846154,0.06666666666666667,0.2,0.0,0.0,0.0,0.0,0.0,0.0,0.0,0.0,0.0,0.0,0.0,0.0,0.0,0.0,0.0,0.0,0.0,0.0,0.015133513545993118,0.0024204076426300397,0.02489679212246799,0.02120720613832649,0.47522916859300524,0.11876850025840449,0.3851567040272077,0.09467240117714545,0.28211244895849663,0.18642603775551758,0.49561024186732344,0.49701600636364757,0.5031146639401086,0.4485347547628424,0.33780613572675156,0.5002275750906584,0.48588650629117397,0.4453571764858098,0.46854903394987324,0.4822973542372897,0.3938758439592177,0.5031146639401086,0.46288155345280974,0.5137698672405602,0.29797602941241497,0.2287051902379904,0.3057780790780843,0.12743783174500667,0.29709178082529875,0.8243816640629877,0.39768825460196155,0.47996730160178375,0.447923890425375,0.45778515794000874,0.4773450245918898,-0.027491753500688564,0.2981824259738338,-0.17511645657343558,-1.1529499217591752,-0.42762514307964383,0.003798205392732493,-0.2728870149723431,-0.5033259603585745,1.023523306590113,0.16560628341070352,-0.5711953926907831,-0.028573997354039704,-0.03296686648468408,0.0674726871781598,-0.0326589133916064,-0.09717794902070376,-0.4917027804761096,0.525551708977149,-0.5035528648071258,-0.9192146614104709,-0.16345790318339873,-0.19591820024808848,-0.6289483827701806,-0.23542173760669569,-0.20556895804330047,-0.2784306963285409,-0.40711594652473737,-0.37975881862760485,-0.36426982545679804,-0.7919120681969256,-0.31824780559005317,3.156315243500271,-0.10138401905095289,-0.0015869345751423553,-0.31486017887694334,0.0,0.0,2023-12-24,-1.653939964043194
0.06730769230769232,0.07777777777777778,0.0,0.0,0.0,0.0,0.0,0.0,0.0,0.0,0.0,0.0,0.0,0.0,0.0,0.0,0.0,0.0,0.0,0.0,0.0,0.015932956860166107,0.0031495219813012882,0.039021412622684847,0.014072544647701673,0.4856491139410948,0.13887421284167156,0.386852019704378,0.08512351052450375,0.2651948449571031,0.2357441002723039,0.49546854380276634,0.5001717389485307,0.502670073474869,0.4519086528461819,0.3412951147814991,0.5021316125192559,0.4884661632798309,0.44126969538079286,0.4637985050555412,0.4830615156940833,0.428572439765902,0.502670073474869,0.4617629877691584,0.514161757259157,0.29126674178951584,0.2085521149546506,0.28817787699432273,0.12330980964046084,0.2742485277709625,0.7860944368292827,0.41987177456626834,0.451654646228831,0.41896950430160035,0.4159519461164397,0.41944198243251113,-1.0184142568569805,0.2463005973710999,0.7640335613160013,-1.094872425156903,-0.3618284388017707,-0.3662556516627698,-0.7359419954808082,-0.6027103171489505,0.3506257836714409,-0.15497811452159588,1.7843137490773513,0.8576346793636772,-0.3231915161938081,0.7294448029106702,2.031084431911049,0.48441659708912715,-0.23572804602189068,-0.5951186276022854,14.723566438823893,-0.4437577753330651,-0.1699673956709924,-0.1229790299711309,-0.28394750737658064,-0.2374734900465736,-0.22321379093789442,-0.2929759024972071,-0.48146546177608107,-0.3624846489631174,-1.0568195075545503,-0.4225668419135749,-0.12897078622903999,-0.7415367869825755,-0.33032691281993554,-0.2975492719198742,-0.38966381591915034,0.0,0.0,2023-12-25,1.3879063861056418
0.19230769230769232,0.18888888888888888,0.0,0.0,0.0,0.0,0.0,0.0,0.0,0.0,0.0,0.0,0.0,0.0,0.0,0.0,0.0,0.0,0.0,0.0,0.0,0.03291971419102812,0.003702263089019664,0.03925754582108493,0.028230456366574886,0.4665773783019218,0.21727430307476103,0.40233407029411283,0.08518338680281064,0.26532519670864985,0.3874127366831894,0.49058185705383334,0.5006971720194102,0.501504131432178,0.45485676332902364,0.3445673957389087,0.5005577874394771,0.48928136716935183,0.4254058083991311,0.4565106643807545,0.4529655365474059,0.5037804943461489,0.501504131432178,0.46033022631952086,0.5134800033606528,0.3029164104928704,0.172775804457944,0.3766059474150488,0.06292300155914926,0.2468000614953419,0.6684030018176691,0.3883266096055007,0.42001065772607443,0.3889771275576741,0.3208518549928414,0.30343594051549033,-1.186263856178124,-0.9575598314211882,1.9283485364197845,1.7058639040586263,-0.6432758708344044,-0.8020011231678026,-0.5549031082966649,-0.11913666751605458,1.4675083808169473,-0.6201695377710571,-0.286627558110387,-0.9769668865665754,-0.13127308267134366,0.4104325583295771,0.2546246134009213,-0.9334073496421457,0.13742291632334458,-0.43637241119627634,0.10665958476547474,0.09801463479082896,-0.05994551173717183,-0.16081086786975923,3.602728600908434,-0.2085963106524654,-0.18133791739593016,-0.22571151515014445,-0.3669045543199906,-0.08074268348634694,-0.4969754565893363,0.0224011960091569,-0.05137861144907698,-0.7139513532233728,-0.15763949925946782,-0.3252907495649888,-0.27438060640375184,0.0,1.0,2023-12-26,-2.505525320099556
0.19230769230769232,0.17777777777777778,0.0,0.0,0.0,0.0,0.0,0.0,0.0,0.0,0.0,0.0,0.0,0.0,0.0,0.0,0.0,0.0,0.0,0.0,0.0,0.009177132480634757,0.0032566057286655316,0.014481229820249627,0.018686707189498983,0.4826770999291392,0.17534349415694783,0.40587126644734206,0.0824057143201233,0.26268138855755874,0.3085075131699676,0.4885708541184494,0.5045930276083048,0.5016469604189763,0.45800826686664337,0.3479834453889411,0.5019147038244194,0.49136436974125813,0.42089596602381363,0.4496889763380516,0.4584947426948074,0.5464950420997166,0.5016469604189763,0.46057958363678514,0.5134794018094266,0.3057018850449427,0.15507177598908178,0.3417688923736484,0.04841884628056389,0.21981418086553528,0.6991303727449262,0.41486487538622985,0.4003640470684486,0.3704190567392875,0.3582766297460789,0.3478666599537375,0.02573882205277817,1.5732801956499425,-1.2957699410942545,-0.9158135199209347,-0.2117822791363715,0.6945760289405603,-0.019632871109779165,-0.6278952939160127,0.45087765636982585,0.16534706926058845,-0.15709958429238016,-0.8153583503923815,0.3004515997171929,0.2305130413263668,-0.31611213276602557,-0.3857034261770618,-0.36149693125276594,-0.5332909817763717,0.06399939807548086,1.3408909026830353,-0.010001130542868273,-0.16766891685971225,0.08835009909732729,-0.10246301540090355,-0.17897771137902668,-0.10347859360695859,-0.3490976687284978,-0.1847731156280267,-1.1250741141467935,-0.34099033848534865,0.19229978222622027,-0.10844657286649415,2.8454911871594533,-0.2550959384516118,-0.15075432828905494,0.0,1.0,2023-12-27,2.169436492022258
0.09615384615384616,0.1,0.1,0.0,0.0,0.0,0.0,0.0,0.0,0.0,0.0,0.0,0.0,0.0,0.0,0.0,0.0,0.0,0.0,0.0,0.0,0.011120077098480332,0.0022093896698828536,0.014185661735177421,0.018546357936894926,0.4684527748435885,0.1553820106827758,0.41493834542145813,0.07453905070233717,0.26109050377088494,0.27091342302477467,0.48454307389586965,0.5046011193054232,0.5001836440349192,0.46075527272242484,0.3511391579573122,0.5006874359946238,0.4921196068905969,0.4077448938852899,0.4413405765694606,0.440385858867734,0.41598043071501023,0.5001836440349192,0.45780617430238196,0.5137346775832261,0.3077285847150682,0.14306674627674337,0.31045855693479596,0.025378696420209276,0.19237622891429051,0.6073969848559644,0.3907101823964545,0.3562213765778339,0.3296944130805583,0.3475190893642951,0.33472522231105983,-1.3812554318027415,-1.8936507457551028,2.8919576981055632,2.1250932722040967,-0.6385836729520131,-1.0011673039027758,-0.7982732037914221,1.58356064662264,0.2620426042644244,-0.6013490435115678,-0.4934620289266789,1.1046136302361418,0.09445785485717409,0.26861124765737254,-0.016058346336176112,-0.07093743098318954,0.07515300427940963,0.2199252162643433,0.043093268871138304,0.017421970018669797,-0.08686071840021398,-0.055432491145439355,-0.5330178381362035,-0.22331583399958937,-0.15654410405563543,5.586282661523528,-0.08357810048368101,-0.284682779952632,-0.7011192894793575,4.172963449373787,-0.1178610467450146,-0.5381922478560157,-0.1915634087887029,-0.2434665607256598,-0.09220516210617768,0.0,1.0,2023-12-28,-1.876027694786908
0.40384615384615385,0.41111111111111115,0.4,0.0,0.0,0.0,0.0,0.0,0.0,0.0,0.0,0.0,0.0,0.0,0.0,0.75,0.0,0.0,0.16666666666666666,0.0,0.0,0.09022392399857314,0.012119360584047357,0.19531588839092093,0.09068732067489181,0.45922959810435515,0.18184597186729273,0.42018560506298797,0.06676722638841259,0.2707000133096409,0.3141752512928115,0.481221703531085,0.5042803219594016,0.4986367974524917,0.46288519873472894,0.3542028925927688,0.4981087304168755,0.49205801303059143,0.39087421209398815,0.4309531117298208,0.41619976540861375,0.3811385302775422,0.4986367974524917,0.45612967848031877,0.5125746477412023,0.31369320903355624,0.11819716145646036,0.37709484671048477,0.17392937451173837,0.18224075125849087,0.5682004577832944,0.363395464857307,0.328107571848163,0.3039507939090089,0.30575416498129304,0.2856213117584845,-0.4606401959814565,0.45393772201133414,0.0853120140761153,-0.6245701115872658,-0.4976755451405986,-0.25909359184897773,-0.039842567170687244,-0.4994463929340731,0.6558271948631914,0.4302286899156449,0.004205126892974129,-0.7717565942387861,0.08206957553239962,0.2236731642217647,0.2920788832997369,-0.43942944946415896,-0.5587295038371919,-0.019307649012597496,-0.4949932573231355,-0.8969862037255248,-0.19117288391405612,-0.20388154889525112,-0.6494870696853028,-0.2455682514287289,-0.21681601605129583,-0.2773332847213338,-0.3623357721696889,-0.3570880872841836,1.2278993739700013,-0.5124116044611048,-0.34855549886493264,0.4657530414251371,-0.30640466546152667,-0.14556959956544258,-0.34150362873801393,0.0,1.0,2023-12-29,-1.2396896798793966
0.22115384615384617,0.2,0.2,0.0,0.0,0.0,0.0,0.0,0.0,0.0,0.0,0.0,0.0,0.0,0.0,0.0,0.0,0.2857142857142857,0.16666666666666666,0.0,0.0,0.12468084013554409,0.018205811812912094,0.2501662570478531,0.10949701432285827,0.4602331547821701,0.09398760897637856,0.4191389190423911,0.044756209602888196,0.2740547814244516,0.14413395503856646,0.475945573549789,0.5014770871339558,0.4970935504770294,0.464793182654406,0.357393921258756,0.4960943403094414,0.4920837724318711,0.37721316986410586,0.419639981892713,0.40522011573559913,0.4490106628649495,0.4970935504770294,0.454002779890976,0.5119348324484121,0.3064063246623364,0.1041861091044807,0.3534867045041823,0.17392937451173834,0.17282923629239122,0.44847386282308777,0.38021913830569387,0.341619389508473,0.31602421260678987,0.320588709864115,0.3026721480075265,-0.815205348737576,1.4173087371545157,-0.40460203080252594,-1.150336331918048,-0.5905722076002452,-0.6085929759320264,0.808586615089752,-0.5894576741671587,1.0989132587050314,-0.04834076024743331,-0.479699555005417,0.2693844588053838,0.29648524068479776,-0.03366437897497646,-0.3649066834827621,0.19031796751352764,-0.49889453839583203,-0.4221387986968803,-0.47629633524846426,1.9440584548221327,-0.09582056461932034,-0.1959383847980337,-0.6672153134786213,-0.23382280366371933,-0.20004298481425448,-0.28307247982007117,-0.2898258359210122,-0.350936145130986,0.09776366401000622,-0.7579333202058458,-0.005068782107304639,-0.09402106520845678,-0.25947858187446243,-0.1544386770598318,-0.2726314280930694,0.0,0.0,2023-12-30,0.1365815113727686
0.17307692307692307,0.16666666666666669,0.0,0.0,0.3333333333333333,0.0,0.0,0.0,0.0,0.0,0.0,0.0,0.0,0.0,0.0,0.0,0.0,0.0,0.0,0.0,0.0,0.0048055070904822125,0.0007133667287647417,0.005233482723724158,0.0061854954111581996,0.4621230728980469,0.09736230985766003,0.4089096779173077,0.04516390923263375,0.2470745647077537,0.16575381350848079,0.47502089885463855,0.4984702344532444,0.4980648388510104,0.466813134863948,0.3606046721038265,0.49470546812166033,0.4922635369404727,0.3667365821797174,0.4082863706008333,0.40473995045672917,0.4368167424008512,0.4980648388510104,0.45276772319524555,0.5152693002761086,0.29648842583630186,0.11856908513185149,0.3342074193051524,0.11382398903693437,0.1578821641491096,0.41470824558912195,0.3974457800609521,0.3771982813288771,0.3484782899044235,0.3222138811498395,0.3046871531750947,-0.3490182828572445,-0.9729687268619943,1.1846798157623466,1.3636969861567043,-0.13982375865203944,-0.7429432396010947,-0.6585194272654871,1.0888620414797399,0.014621933714743449,-0.9700117808674972,0.35489717468000853,-0.013273957454154576,-0.018385570354146882,0.38292803006091586,0.844740906458089,-0.05126529488942951,-0.2470986627253855,-0.35555714119036386,0.10344875507175559,1.8586604951947832,3.945226932802338e-05,-0.1631763123816246,0.6088791171460421,3.589951094156627,0.22446371644797927,-0.214837548355283,-0.41373740416889565,-0.2881799393059603,-0.9723400471367886,-0.4239929382268248,0.1910346719214182,-0.7062012781998845,0.33173662163937734,-0.22594229274370067,-0.24126620987478206,0.0,0.0,2023-12-31,0.2568622223877659
0.08653846153846154,0.08888888888888889,0.0,0.0,0.0,0.0,0.0,0.0,0.0,0.0,0.0,0.0,0.0,0.0,0.0,0.0,0.0,0.0,0.0,0.0,0.0,0.010183379222067681,0.002181043972051142,0.01668513967198368,0.008188004334910936,0.4953215050111789,0.11521781354671246,0.43699388402306505,0.04883748571916341,0.24000249017134975,0.20640589261157777,0.4776457663377757,0.498787853702841,0.5006487548601961,0.46961538924364704,0.36420481674758554,0.49907432635743737,0.49516876779113933,0.3770335724304965,0.40146710741452807,0.4585235047997005,0.6000457977495341,0.5006487548601961,0.455025324113371,0.5178254844339361,0.3082192707964127,0.21069723611389624,0.2937232050226698,0.1177704749305767,0.14441034122318386,0.6015683619474097,0.4168045225098824,0.433028690805798,0.4007544687544575,0.4543833498700619,0.4693804457639568,-0.4069478062879512,0.4800352630742623,0.014837335071736452,-1.2567334773823409,6.749207347247108,-0.8462157303770161,-0.5717412520425029,-0.4803311101062297,-2.4149041763232733,-0.7446755868225606,-0.09247640304861016,0.6943728047567992,-0.3567459381877919,0.18379168765005285,0.35326359359668014,0.2673444117435045,0.0890181721866298,-0.5882048017215441,0.1641045148046645,-0.7857915509747616,-0.16930191871536943,-0.19665093011609652,-0.24112460200260022,-0.24486064489925802,-0.091580179624189,0.09445256011757942,-0.4623150010709629,7.614820871129387,-1.381555736913042,-0.4382235383954387,-0.296740040839739,-0.5264123180404194,2.2976839065404713,-0.35062966447496535,-0.37111112562875875,0.0,0.0,2024-01-01,4.50049945064126
0.3076923076923077,0.2888888888888889,0.1,0.0,0.0,0.0,0.0,0.0,0.0,0.0,0.0,0.0,0.0,0.0,0.0,0.0,0.0,0.0,0.0,0.0,0.0,0.048305250214329694,0.005439224461707325,0.05439898478788171,0.042888995316386284,0.5091206138603483,0.2991704642409714,0.43931603928660967,0.04763359548447632,0.2539599515996709,0.5613469453926391,0.4860880526732693,0.5010719603906375,0.5026146454712274,0.4729466705547212,0.36803282690122907,0.5050754703228677,0.49899718608531257,0.39223701653476784,0.39935392679896,0.5143440641816733,0.5764834625083173,0.5026146454712274,0.4609484799791545,0.514979594635167,0.314761413373168,0.3325897959102021,0.26211193751519424,0.3373516168190116,0.15457958482848433,0.7322435345659347,0.45812879340192625,0.5135956190028359,0.4780840448873732,0.4717829199267521,0.49083763087358345,-0.5718244737603225,0.06043824289608571,0.5167826660508501,-0.7876694113779061,-0.382252224588705,-0.30474168446222283,-0.3215906503003704,-0.5548649077969673,-0.5185161678298166,2.430065437503006,0.5571599501282712,0.4306770093308263,-0.02090505078787108,0.4747897299045128,0.9811232993934327,0.09524748927586353,0.29796648420118965,1.2898485449963168,-0.4793841579053043,-0.04321816632829935,-0.12264319490716803,-0.15845172865803503,-0.5119646192859084,-0.21492379444456153,-0.15792090633926031,-0.12990085661775522,0.4855486647190867,0.044231541205358584,-1.023205909235881,1.0152388334889615,-0.2539333668076108,1.423391695334119,-0.08595913146840457,0.0438499814203619,0.1416787364111222,0.0,1.0,2024-01-02,1.7900939051301412
0.4134615384615385,0.4222222222222222,0.2,0.6666666666666666,0.3333333333333333,0.6666666666666666,0.0,0.5,0.5,0.5,0.0,0.0,0.0,0.0,0.0,0.0,0.0,0.0,0.0,0.0,1.0,0.16456428803404402,0.025744192675156728,0.2781408124909643,0.11535985114297827,0.4722980604238953,0.3608189675178064,0.44664438561581876,0.04850992785739199,0.27707559546618976,0.6473501312451483,0.4888009507158895,0.5007571311289156,0.502447466202017,0.47582682227523204,0.37142044888375236,0.504004084105373,0.4995042552505728,0.38175023174122913,0.39535803321570046,0.4920125199657443,0.45542194503509437,0.502447466202017,0.4608157067959006,0.5147990664697775,0.37724796015936346,0.23537462429403722,0.5142236625946058,0.11629416826477086,0.14119118442648787,0.7136488963229214,0.40944316105576894,0.3838823365652412,0.3550087707041825,0.36605023000768844,0.35715287138293994,0.8316140446206115,-0.8012743349762542,-0.02669408989842684,1.0509296242932047,0.08054916264516734,2.333850966293987,-0.039450309864852,0.6166407742824837,-1.1515743571048922,-0.27935734692527997,-0.1919471008001947,0.21443609270584973,0.17629783494752826,-0.13951967143941107,-0.41323995208989395,0.31428219343182057,-0.6225122695048189,0.08230872151501373,-0.5324030226420625,0.6745172598288764,-0.13362254873406096,-0.1916829830312684,-0.6482410339156929,-0.20161884065800384,-0.22393670130682244,-0.05172927629759556,-0.4266336896296483,-0.40085081812978535,0.6606392749195312,-0.8989652018465173,-0.09911391796574089,0.04392925056947713,-0.38344689617109706,-0.338641876931704,-0.27845350198499186,0.0,1.0,2024-01-03,-4.692812036242189
0.5096153846153847,0.5,0.0,0.0,0.0,0.0,0.0,0.0,0.0,0.0,0.0,0.0,0.0,0.0,0.0,0.0,0.0,0.0,0.0,0.3333333333333333,0.0,0.13634624914738128,0.021991537234436243,0.34584196745538365,0.12085228168818447,0.4955412375636651,0.2209804040489861,0.41770256835858655,0.038725494857928096,0.289108506594664,0.3712894208721726,0.49613059871306603,0.5018196405271611,0.5045873266720755,0.47830859058648184,0.3750972985755192,0.5069790808401886,0.5018912639471516,0.3860939920622388,0.3931162234133109,0.5128183465485252,0.46642604542598143,0.5045873266720755,0.4628010886597344,0.5167840965286825,0.3857737204976432,0.20143440326561668,0.46240785341193114,0.11629416826477079,0.1287590983389197,0.6171842636711683,0.4414308663444697,0.47571574116731347,0.44183289109917645,0.4017435051605877,0.4006537673237094,-0.3561435837655583,0.444823775828682,-0.0014567966231279065,-0.7042083588014907,-0.4445478591857894,-0.3230359269304166,0.2922221940869012,-0.5073304692019056,0.25985249673259536,0.5353036024751437,0.45674482101672087,-0.8569670963431235,0.12831384518475533,0.13042927884684638,0.015907494541710317,-0.5429872449199972,-0.5476377283008133,-0.15789264110082557,-0.23709548601833721,-0.9894614664509865,-0.20445045972506176,-0.20098743953091036,-0.5430845353019332,-0.1723506550675742,-0.22521859771719413,-0.24167096693429505,-0.2469517245960557,0.20402665384338167,1.4568551530230307,-0.8827199614356814,-0.34027168286616455,-0.38763436539109697,0.08288068490397128,-0.31522861617392206,-0.2860645084722171,0.0,1.0,2024-01-04,3.108057856532498
0.16346153846153846,0.15555555555555556,0.0,0.0,0.0,0.0,0.0,0.0,0.0,0.0,0.0,0.0,0.0,0.0,0.0,0.25,0.6666666666666666,0.0,0.0,0.0,0.0,0.03905967476935519,0.003916430583748152,0.0736976531251506,0.03135865311018284,0.4952405114423444,0.23759061576127394,0.41645156687850937,0.0349468576808812,0.30909086829684185,0.3828661252256806,0.5030054881994204,0.5048983372263582,0.5064156558326107,0.48146349367812197,0.37874289206565004,0.5094461652355378,0.5040766480806427,0.38835193017958314,0.39181914654576316,0.5240241679714981,0.44980699094520626,0.5064156558326107,0.4646498936831804,0.5183064578683259,0.3836515778287634,0.17817457682084759,0.4268975740983384,0.11629416826477086,0.11721501840046367,0.5703406920230288,0.4074597589333455,0.49758480019103035,0.46367002300367643,0.43381742963049047,0.4418540639231945,0.05804571975058981,0.3808198549891187,-0.32192830949045137,-1.0459888774964452,-0.5062964050638893,0.10694106066903938,0.05549165545142794,-0.6048569737498647,0.4356239711672846,0.9108351321349256,-0.18559760841825418,-1.2962274115182806,0.15730134474273988,0.07074928024333509,-0.10067231850441702,-0.7425918509036914,-0.5769048734035309,2.4097822728552827,-0.46532285936135465,-0.8299998524441071,-0.19380702815729936,-0.19585225901646522,-0.4481555834314009,-0.24790310458377499,-0.20268885454847535,6.634353354058207,-0.4683224454597983,-0.37681701705828197,-0.06849708035439431,-0.6612696611183624,-0.33473323912851916,-0.3380006110673297,-0.3886826031233358,-0.3404086403963498,-0.38411676873308015,0.0,1.0,2024-01-05,-0.0390006772731488
0.31730769230769235,0.26666666666666666,0.0,0.0,0.0,0.3333333333333333,0.0,0.0,0.0,0.0,0.0,0.0,0.0,0.0,0.0,0.0,0.0,0.0,0.0,0.0,0.0,0.11367503944071898,0.0117351189023286,0.12363420236775738,0.16675516868677953,0.4922124564256901,0.09467893951697096,0.4144079405321023,0.03238546319005898,0.30843827188590434,0.12856695521582068,0.5023600770090484,0.5059225263974365,0.5089115319191164,0.4843759419313051,0.3822160665110542,0.511028020329519,0.5058503454337269,0.3873680682527537,0.39056519900760867,0.5245357406556382,0.4335766503421077,0.5089115319191164,0.46388828770088036,0.5241272162958088,0.3661139397514986,0.16733844319207447,0.4103542807616124,0.11629416826477082,0.1064955156004685,0.6504971417522,0.39055353467312925,0.4877032600309706,0.45405792526518673,0.4194076163413823,0.4233573374580552,-0.5517482018595149,-1.5309230336316724,1.8372127223790238,1.2965508703153688,-0.3698549601839056,-0.5543073867074522,0.30383492569024384,3.297684076019782,-1.7603809368060448,-0.8875970928105075,-0.5175900410561415,0.26998950597868415,-0.525662589667541,0.6413310534143645,0.8250766871816915,-0.19571238977659536,-0.5894954427705905,-0.17806057462806013,1.2886730344174204,-0.9314097017041358,-0.1826917440454892,-0.2039650801885467,-0.6716992738846398,-0.25438548104389924,-0.22913315489876693,-0.29877967361938046,-0.42822923592427103,9.415025399150307,-0.7424603485406482,-0.9243802939272253,-0.2566153028044127,-0.6644503358140696,-0.3910283941095704,-0.34084433866415753,-0.2147669178587031,0.0,0.0,2024-01-06,-0.3928567037593367
0.06730769230769232,0.07777777777777778,0.0,0.0,0.0,0.0,0.0,0.0,0.0,0.0,0.0,0.0,0.0,0.0,0.0,0.0,0.0,0.0,0.0,0.0,0.0,0.019602581073886082,0.0027227617528349634,0.037119496249176744,0.018233827642436407,0.49140790667331957,0.12316770922089135,0.40625903205054437,0.03489727462852495,0.30187660078089407,0.18305195892261905,0.49868307450621024,0.5083881287531733,0.5101664054280083,0.48727455496916744,0.38570228579603805,0.512232155240766,0.5074262845858892,0.3851452013466936,0.38907337983816054,0.5217142586012279,0.44519563012787966,0.5101664054280083,0.46481749581997606,0.5255590756825861,0.3513714733747966,0.17701129488872647,0.392015999064369,0.07528399312749755,0.09230607605452784,0.6338602761552644,0.37024550631343933,0.4810990792546811,0.4475345228445867,0.4441068462288988,0.4560317634338582,0.2863635237803561,0.18632688306196635,-0.3646644190563883,-1.0795137438776519,-0.4500805510470939,-0.10561990673489077,0.023287133147475405,-0.39360233236677017,0.1796458367325797,0.7182220656251063,0.2734196794763777,-0.950926318897927,-0.0056348278609102565,0.23762370376090602,0.40670763171005125,-0.5965642122654835,-0.6110922318797481,-0.5970822097994171,-0.20035416970122816,-0.9203627011225147,-0.21223843764678088,-0.2089676482403171,1.0795678616047746,-0.23740572924297867,-0.23090215036127937,-0.3080842775359454,-0.5129785217870625,-0.3992244858287667,1.5887105769580414,-0.941998673556651,-0.360311133585058,-0.7327169303955247,-0.4281474184364968,-0.3317183393716305,-0.41458325640970844,0.0,0.0,2024-01-07,-0.104793133683223
0.5480769230769231,0.5333333333333333,0.2,0.0,0.3333333333333333,0.0,0.0,0.0,0.0,0.0,0.0,0.0,0.0,0.0,0.0,0.25,0.3333333333333333,0.0,0.0,0.0,0.5,0.1432378535549116,0.020772672227672644,0.3235506722567587,0.11727988679458223,0.5442457111715135,0.32917995467340766,0.48859471125669907,0.06580038203732798,0.32366901312741814,0.5287136725186158,0.513618775135082,0.517519678517679,0.514635987990411,0.49105037298288107,0.3897966938903341,0.5220748240418374,0.5132444656521644,0.41309002472611855,0.3940231394573095,0.5981201707113105,0.6137895671399315,0.514635987990411,0.47815628042755426,0.5192344555181962,0.3975891963149981,0.3221024407436196,0.3163644949276755,0.24008732217584938,0.09615139581939619,0.7420776427841181,0.41515316843778804,0.5292354727490233,0.48872527149046824,0.49677589050835985,0.5179430440350064,1.3863305926538612,-0.5478631957260172,-0.7411555334562858,0.62626226974927,0.2894733713384358,3.7184973268236523,-0.32239932237404245,-0.5478389289528512,-0.826423910805695,-0.06569784870449683,-0.13988121529759007,0.2001759837022027,0.1406823074387978,0.13145445933400265,0.16387687498454423,0.1334529103876806,-0.623529429909309,-0.2365719298924654,-0.4846906681705812,-0.639707645703726,-0.2086092881610409,-0.20823606762811844,-0.6799637996575311,-0.235027703431312,-0.2304620751706639,-0.30305214587056484,-0.4751130882242777,-0.39341204149453624,1.9047769324441517,-0.8180237090748829,-0.3412067511960873,-0.7158505437732365,-0.3190586163018043,-0.3501759707515216,-0.4034692096796119,0.0,1.0,2024-01-08,6.889378335779228
1.0,0.9333333333333333,0.1,0.0,0.0,0.0,0.0,0.0,1.0,0.0,0.0,0.0,0.0,0.0,0.0,0.0,0.0,0.0,0.0,0.3333333333333333,0.0,0.24119091740973975,0.04439723660941361,0.548500473872745,0.24889565394793767,0.5297460897636111,0.3034464709975507,0.49594298410888626,0.08583029344000039,0.3369752055642026,0.4700384309438315,0.5207194021493715,0.524986037566092,0.5170015315584684,0.4944632697526998,0.39351311267562405,0.5279818344372031,0.5174354901940059,0.42529567931013124,0.4006661618129763,0.6182045767352944,0.5395396552414466,0.5170015315584684,0.4846823197543763,0.5164949283672653,0.41523227997831175,0.3200425416582214,0.275793091642353,0.3003767762845187,0.10594886912131535,0.7877761931271133,0.37331830556634027,0.45987486445989245,0.4242877211657971,0.48254755661837334,0.501625093228502,0.20627977368582964,0.35594265522098145,-0.43496391121026917,-0.6466981754681673,-0.06322881617931697,0.28908212197217,0.23987321777419943,-0.44547040374265984,0.22258488881585178,0.471216554702961,-0.36226078688161356,-0.7495660284530883,0.1371912627953219,0.04147000476492113,-0.09030489804727033,-0.36504997387566246,-0.43911827624616134,-0.37565346527695936,-0.46199106358100794,-0.702201485341866,-0.12361342064510601,-0.20212142689793508,-0.0234135319634966,-0.2108366378938664,-0.20874276218813226,-0.30210517116491964,0.9160141592994054,-0.3734952056366751,1.2628557296001937,-0.8006018026814126,-0.2865623605018477,-0.7261867053654679,-0.3130700964239671,-0.3314772899907838,4.339653410178991,0.0,1.0,2024-01-09,-1.7687130611972357
0.25961538461538464,0.2,0.0,0.0,0.0,0.0,1.0,0.0,0.0,0.0,0.0,0.0,0.0,0.0,0.0,0.0,0.0,0.0,0.0,0.0,0.0,0.08726576255599697,0.016374364780785397,0.2366665060318378,0.0810393947329964,0.5382640497721843,0.39400784023667157,0.4208846238325491,0.0831853616924077,0.367770224989206,0.5857200705903465,0.529650710980335,0.5331643121820466,0.5196249280865672,0.49872367734045925,0.397422150836924,0.5344025526993452,0.5220187774882217,0.43838140232138856,0.4088572630890786,0.6365669046390756,0.619590970888448,0.5196249280865672,0.4921759900378431,0.5131648572956056,0.4414405106802638,0.2643042564806134,0.297763960243591,0.1929622804092009,0.10395253210554356,0.8613425427808854,0.4259669747317538,0.5710051365293478,0.5316050106267476,0.45593278840653756,0.4651350111621264,-0.16272114096050921,0.550710766382435,-0.2653220538147226,-1.2044640336506913,-0.5565523949720113,-0.21383910589755303,0.036838527419381574,-0.6025247033037981,0.5375230935113885,0.903841845952363,-0.07538667853838706,-1.4482152698644275,0.1329861740861562,0.08242445843105395,-0.05414765042930282,-0.8265917024051366,-0.615810569810722,1.8385254614274333,-0.5234164548776896,-0.9793134550292573,-0.10992828067106014,-0.2011360436275319,-0.6656403857139244,-0.24734605654861716,-0.18191369296468515,-0.30179711662566805,0.2640633057813348,-0.3902104510272061,1.1314694105846532,-0.9381123831050212,-0.3513821558616613,-0.7147516111704231,-0.390331451237655,-0.2597148793732827,1.6785188556393713,0.0,1.0,2024-01-10,1.0577584004972662
0.5288461538461539,0.5333333333333333,0.6000000000000001,0.0,0.3333333333333333,0.0,0.0,0.0,0.25,0.0,0.0,0.0,0.0,0.0,0.0,0.25,0.3333333333333333,0.0,0.0,0.3333333333333333,0.5,0.2422944834110597,0.04408858345524608,0.5080092525661414,0.2025731660910418,0.5337403407882813,0.35634436973307004,0.4227065218533319,0.08426732343701221,0.3953850685381247,0.4968997752612995,0.5382715351788321,0.5372908653510424,0.5218794001909906,0.5022443148877416,0.40129876859992664,0.5390800197049046,0.5258893680767736,0.4444432173185277,0.4167427355540886,0.632941729997113,0.5713773874567754,0.5218794001909906,0.4976675904982158,0.5113832723169192,0.4681927182097272,0.2993078707895405,0.25458908751530474,0.3104565045053956,0.11423383651835017,0.7612112561454543,0.37781564784159927,0.5029480861126888,0.46458829540321056,0.44175412868541325,0.44766343456280444,0.486430909848943,-0.08747234465335886,-0.3151618087702629,-0.3197213046404326,-0.3709987017300548,2.399083310804772,-0.24601693547586323,-0.6339096116137911,0.11072175229289852,0.2527156321106761,-0.495737043989808,-0.7020946006561272,0.21394417841866342,-0.09292796168920722,-0.2629904783210126,-0.28738475266408897,-0.08039157014976726,0.3462679290617633,0.0703048293534081,-0.8671933285136443,-0.12300990170128287,-0.19856968145209078,-0.6205347608201072,-0.2408207043350438,-0.21749059633343878,-0.2915533919391333,-0.19017754326882189,-0.1670090618586567,1.335855741838325,-0.7246221308894468,-0.290633408425579,-0.4553570374184036,-0.35447688667510996,-0.31294694330541106,0.24821361237784617,0.0,1.0,2024-01-11,-0.5558733892443213
0.3653846153846154,0.37777777777777777,0.1,0.0,0.3333333333333333,0.0,0.0,0.0,0.0,0.0,0.0,0.0,0.0,0.0,0.0,0.75,0.0,0.2857142857142857,0.08333333333333333,0.0,0.0,0.12375913335724535,0.012506751787747414,0.2754517854561226,0.09795220312154101,0.4723851898691568,0.33434008324946624,0.5266690490687619,0.11441197995676118,0.42858814578338333,0.4338814515223081,0.5343225861807412,0.5333451268293248,0.5210364755101827,0.5044362008115066,0.4043801844721743,0.5327917147581034,0.5244116117083664,0.4119700991289908,0.4159124266008172,0.5295606722050769,0.43299394743763375,0.5210364755101827,0.4976139341076637,0.5097715704989225,0.517901259486842,0.23215869006444306,0.47738930616639863,0.08274698443037998,0.10026245290648889,0.5817782810304393,0.3322918219893578,0.35330278385887554,0.3273429523427238,0.3332263070210308,0.31807780396719026,-0.11631183559862404,0.4945451146880135,-0.2600190425472383,-1.1223049512624697,-0.5225575997612251,-0.18006912140337783,0.006816570644692839,-0.5986802141226089,0.5508423313293318,0.8478333776543091,-0.09543855584374251,-1.3483295257310803,0.14021725724962564,0.09115625997107202,-0.011750973402222321,-0.7605046696038643,-0.4817933529637583,0.6169030759153042,0.40475172091869416,-0.8230408335016294,-0.15981886411081422,-0.1972287682582966,-0.5763978429804876,-0.2232835972973072,-0.194906256911369,-0.297039000768996,-0.43621390024150136,-0.38557618957871914,0.651771665608294,-0.8021784255538608,-0.32355893501619304,0.3658929898724205,-0.39161245938141487,1.2414393928116607,-0.33763986608649954,0.0,1.0,2024-01-12,-7.581464687080208
0.057692307692307696,0.06666666666666667,0.0,0.0,0.0,0.0,0.0,0.0,0.0,0.0,0.0,0.0,0.0,0.0,0.0,0.0,0.0,0.0,0.0,0.0,0.0,0.024491767982528733,0.00349596939924443,0.0440798033829695,0.030944839849927585,0.4721969548156617,0.13435257765424505,0.5264893399542476,0.1340198369124215,0.43056008259036993,0.14047476921880897,0.5193658969152595,0.5333342671127399,0.520871257636718,0.5064541693066384,0.40753788920811496,0.5274394065434205,0.5230277898840707,0.3851532660160754,0.40935293479913565,0.4616047478045075,0.4644673099060769,0.520871257636718,0.4976691710384434,0.5093807653292417,0.49111845715988633,0.22213435895007688,0.4629324268642253,0.08274698443037984,0.08728902526690346,0.3772433680723408,0.31064822415144566,0.36026322477926326,0.33355069364903484,0.3405993729421428,0.3266757270166544,-1.1365655609888985,0.3761014442336741,0.7616265328940676,-1.1710796426093688,-0.34870380424660247,-0.7092658604824934,-0.646107366735315,-0.5756933230199018,-0.7150020532040258,-0.5761985666500796,4.456532599644063,1.6047440104452317,0.17628907032780958,-0.2901506821957046,0.08292429607606082,0.9847921990369775,-0.594401945593344,1.2845080767302202,-0.5159324608872256,-0.8787048725425965,-0.16581665209225044,-0.20048862182812333,-0.6673571039995461,-0.22660569856470264,-0.17677947771837194,-0.180486365638076,-0.14835742182591946,-0.2343570803537894,-0.8694672374216262,-0.7397250060271231,-0.2933416389208301,3.701775313289841,-0.4160745406778498,-0.243466342038347,-0.11361117578600528,0.0,0.0,2024-01-13,-0.0251676988218596
0.3557692307692308,0.33333333333333337,0.1,0.0,0.0,0.0,0.0,0.0,0.0,0.0,0.0,0.0,0.0,0.0,0.0,0.0,0.0,0.14285714285714285,0.0,0.0,0.0,0.04738747552733952,0.004347915095186428,0.04887796572052752,0.03925004304526047,0.4539389727434995,0.1072507308341692,0.5255607122987926,0.14217896850900746,0.4265585939842933,0.10228479334849107,0.5036290049725058,0.5288657829887786,0.5191434500081542,0.5080298541308581,0.41037283281333325,0.5198614915639017,0.5202402384858209,0.35259297063951367,0.3969474899457018,0.39226376949301756,0.4182245491593457,0.5191434500081542,0.4985457194125436,0.5049533397885808,0.47713051767002346,0.20471122026256033,0.49499029502117653,0.14575690255767654,0.08175006540252,0.17693263421549554,0.2922408198934605,0.3174846028610096,0.2940637268666704,0.33098934076095937,0.31442411841080836,-0.8985615029942514,0.12775989559250497,0.7554317315851686,-0.41954905145373145,-0.17505623711822882,-0.4148186533763483,-0.18218813896383226,-0.21558908033857402,-0.044278673811113826,-0.20661454389979478,1.3988451294760411,0.12250287869742708,0.04403446416642678,0.13752462230259724,0.7426658248233589,0.06203422867612067,-0.5033704290609777,-0.5360797774692732,0.26039984517024833,-0.7037786293629144,-0.1728647605616192,-0.1976885170166642,1.2146818361225726,-0.23317628540494037,-0.17727213309968173,-0.2723836603981737,-0.3929968557977201,0.18749360387208258,0.01688156681758914,-0.7717083571169605,-0.2883318964661866,1.2600608517562497,-0.24070556704680693,-0.28782278860209626,-0.32876055726009895,0.0,0.0,2024-01-14,-2.44177193838242
0.5673076923076923,0.6,0.30000000000000004,0.0,0.0,0.0,0.0,0.0,0.0,0.0,0.0,0.0,0.0,0.0,0.0,0.0,0.0,0.0,0.0,0.0,0.0,0.15472459816791576,0.040554819792226034,0.32403097039500106,0.14862551780916264,0.466430185444082,0.14947082984527846,0.5296875305492169,0.14415051198099169,0.4179790572490333,0.16800701509779992,0.48871692540533457,0.5257712763582891,0.5191354298312315,0.5100126590181069,0.4133497228555487,0.5155354119340865,0.5186896641561465,0.33373870215818047,0.382878329763355,0.37252983603214873,0.4455887906738365,0.5191354298312315,0.4985508405308326,0.5049315897074891,0.4693553563535775,0.2004458089794155,0.46244468069573985,0.11801088322420676,0.07374107939459817,0.16198487911137133,0.3156896670564515,0.21859450694314594,0.21422589484680066,0.3345236520588547,0.31927900449599844,0.3703556825240989,0.521837520509972,-0.7227838603407443,-0.5404274032373105,-0.5914176731892271,-0.41814697547745433,1.6810588761009368,-0.6119438797254474,0.121628318006613,-0.16824123111672618,0.8684452516954412,-0.3955619173907146,0.03907018462469571,0.07349277492050942,-0.2505271602899594,-0.017062639756123484,-0.46890904489560964,-0.4383693158470538,-0.24528412125938256,-0.394434865647634,-0.1431420965484344,4.607907023336198,-0.6203666184263313,-0.2383047042120524,-0.2185679687244095,-0.22904031204886244,-0.07848173568836823,-0.3694759436560532,0.816059242291565,-0.5811246852122526,-0.20504337946185755,-0.6549600865933661,-0.3185337673785627,-0.2971471219171592,0.026500068384192256,0.0,0.0,2024-01-15,1.712351907901466
0.25,0.23333333333333334,0.2,0.0,0.0,0.0,0.0,0.0,0.25,0.0,0.0,0.0,0.0,0.0,0.0,0.25,0.0,0.0,0.0,0.0,0.0,0.05749921696087925,0.0041164252295607835,0.05977221981269979,0.03520306511192491,0.47765215801756655,0.16480280556875015,0.5248691408059699,0.1365935782522673,0.4166452874486086,0.19144184913829837,0.4770735110898425,0.5242073600052233,0.5188616331012263,0.5123374045607672,0.4164651347095555,0.5137489252644776,0.5181797300339377,0.32510146563742887,0.3697242456353341,0.3833838863939377,0.3970897851564008,0.5188616331012263,0.4984801295623828,0.5044687767190781,0.4595789653085083,0.19755972875711947,0.4338017892321555,0.09022489534319028,0.06343436964789184,0.17567807489842308,0.3409692839722678,0.28163851593253186,0.2666198719352202,0.3862153832408661,0.38200380792215277,-0.3576657112536944,-0.13523150960111172,0.4878321516548971,-0.3169288939014382,-0.43023302740812136,-0.14228154132662899,-0.1376001017242398,-0.5462450286896123,0.7159796598204831,0.4921415555867009,-0.1919094603985958,-0.7280225370746334,0.11702863756254323,0.13705979107373267,0.011944541372825647,-0.42470318676372953,-0.5368626206921927,-0.2624957003609743,-0.4503686332498858,-0.2467048814750818,-0.1771927797063229,-0.17674223517903492,5.325657897091616,-0.23872920536311296,-0.21348341635455736,6.575053530886998,-0.4203062265426214,-0.3655060891081212,-1.5138563983260542,-0.6641455375111083,-0.2887197782972415,-0.418234413055856,-0.1516268614958769,-0.2805236178658003,-0.3277302600829971,0.0,1.0,2024-01-16,1.5124600939588229
0.13461538461538464,0.12222222222222223,0.0,0.0,0.0,0.0,0.0,0.0,0.0,0.0,0.0,0.0,0.0,0.0,0.0,0.0,0.0,0.0,0.0,0.0,0.0,0.007170414256878364,0.0007543105145216585,0.009416413666811238,0.009386037130335262,0.4704563430261717,0.13654657105202941,0.5114670206469965,0.11355998013672454,0.41426193835836633,0.15034011633559813,0.4766730994196016,0.5219569601788161,0.5189708026053494,0.5142724279390856,0.41956808462189876,0.5110355990176023,0.517113933237572,0.31388495978852493,0.35673521193550717,0.3853416096360476,0.3445490842029423,0.5189708026053494,0.49843307153857425,0.5047390343468281,0.4413506038609498,0.1845670785819729,0.4148251747906533,0.09022489534319025,0.05386385345452166,0.18364498936897855,0.3190637044548248,0.2431238199509357,0.2343293423795429,0.34646499652106316,0.3335359769086652,-0.5056829247703122,0.43626159195886705,0.14088592302111508,-0.6046775404619756,-0.5129927890176388,-0.3472720071956024,-0.05157421463870948,-0.31062891351695954,0.20438978811694689,0.5382324769838827,0.5655974243345335,-0.9965844253043171,0.15360183803464716,0.034011388326269036,-0.1384757658560971,-0.6210403836272674,0.07184624662792802,-0.5785826346433629,0.17731832423867377,0.5465491703225678,-0.06231221335898238,0.5601503854070847,0.7807408888090764,-0.20498157851676393,-0.2116921889823074,-0.24721155878559606,-0.3475672101914291,-0.35858587993754837,-0.07353048863034096,1.913830062289582,0.31922476649276144,-0.7255937285783746,-0.166081669271489,-0.3351983345683395,-0.25308506997690033,0.0,1.0,2024-01-17,-0.9553782672285682
0.22115384615384617,0.24444444444444446,0.0,0.0,0.0,0.0,0.0,0.0,0.0,0.0,0.0,0.0,0.0,0.0,0.0,0.0,0.0,0.0,0.0,0.0,0.0,0.24747489083224308,0.06595886409340222,0.43847204150803976,0.17442228919759295,0.4446153039836752,0.1749688389955581,0.5320824548636164,0.1169430586289939,0.41339173789080885,0.20823282208043525,0.47094739086072596,0.5112556944014095,0.5181745056506799,0.5156133403936893,0.42240740196045246,0.5044243166269406,0.5139952674537602,0.28996107043518815,0.3410847069743255,0.3537729296660763,0.3638539855106788,0.5181745056506799,0.49963423173579163,0.5017904580525723,0.44816514299221544,0.1568909953007801,0.5017169008971246,0.23733576937687836,0.06017086021102536,0.13627184879777748,0.29257017572231336,0.1908747272696587,0.18787108870194213,0.3266427928190463,0.3086748675211283,-0.9257494905244701,-1.3141732891379048,1.9928835765421589,0.674739554141952,-0.322708185016998,-0.49305487051099894,-0.654589040389621,-0.053740740443905366,-0.8559681753542739,2.103958123591527,1.0058246464942138,0.9892651641651619,0.16397941760923854,-0.16150320942074323,-0.008269175445489203,0.5894599244387604,-0.19301177193336855,-0.4409040390715776,2.426105196755262,1.5686801389992762,-0.07234438421915951,-0.08770111626557942,0.4036047847811286,-0.2174828193325946,1.1655789586035037,-0.22055022930716284,-0.3716784222563345,0.47394956942028715,-0.8299707784119549,-0.19889277077540707,-0.09374436586282713,-0.7060987068008323,-0.22556294540047112,-0.2575173992363844,-0.22230872350628783,0.0,1.0,2024-01-18,-3.4639725632667706
0.06730769230769232,0.06666666666666667,0.0,0.0,0.0,0.0,0.0,0.0,0.0,0.0,0.0,0.0,0.0,0.0,0.0,0.0,0.0,0.0,0.08333333333333333,0.0,0.0,0.0021343883134314215,0.00025196175850410304,0.0019420750807190015,0.0017710050019316109,0.4508346965063428,0.17966744745597327,0.5139500270286804,0.1172486825897197,0.4242332668965412,0.20973304198761,0.4703029703679689,0.5027798503699845,0.5176624067670917,0.5171520641093037,0.4254256313787512,0.49986877809629754,0.5116206972691757,0.2749492538790608,0.32526419927193434,0.35175646523559784,0.32049442042468,0.5176624067670917,0.50024068974552,0.5000833341874447,0.4467012316958242,0.13608809665470356,0.4899246650723228,0.2658164958123626,0.06896891468442146,0.0881220695648287,0.3196247587119436,0.35650093718809484,0.32879609144456423,0.35299325257267405,0.3408629729476283,1.9850965170822281,-1.0698409860415075,-0.8432069116882027,1.587028188042846,-0.16290044971031586,5.547570443835764,-0.368301884056346,0.19830029041608244,-1.3077182411252068,-0.14084327887446285,-1.2091679391301686,0.11795043116621658,-0.2995157684392858,0.5421001631811462,0.684721799752257,-0.05847780436901199,-0.14984403749926722,-0.5087513608367065,1.111991936562864,-0.8947649377900637,-0.1282353734646718,-0.17908204740848593,1.5231168694955788,-0.2224395412420043,-0.20457720115940572,-0.2250842329074105,0.8331463163874191,-0.2704344252093886,0.1910796972958306,-0.4934355756007366,-0.2657293469634589,-0.017483694470843362,-0.3471423342501338,0.3864060424918978,0.2867904190300795,0.0,1.0,2024-01-19,0.863620644230223
0.4519230769230769,0.4444444444444445,0.2,0.0,0.0,0.0,0.0,0.0,0.0,0.0,0.0,0.0,0.0,0.0,0.0,0.0,0.0,0.0,0.0,0.0,0.0,0.04175905545268631,0.005198286030137776,0.0524745795383355,0.054501810794738495,0.45165813112282704,0.0550364855842092,0.513301555911642,0.08673914759997095,0.4188775535841097,0.027394481516720068,0.4672364215825245,0.4934775401664751,0.51709219781977,0.5183248563828953,0.4284773694313746,0.49615160323445645,0.5094899523351357,0.26396119713752075,0.3101922475336088,0.36063536015824005,0.32237867113321783,0.51709219781977,0.5008296197445816,0.4982808549801398,0.4185291583979802,0.13127531627234712,0.4804028428487378,0.26581649581236255,0.07713853669543214,0.09347214608262454,0.3317973330566597,0.35898055457940503,0.33112832747433024,0.3526859009236487,0.3405050606651403,-0.6842295477711575,-1.0694997520074214,1.5688117441407774,1.0304908188649538,-0.6212433346764166,-0.2985559751066739,-0.5024475824492377,-0.5049793155821255,1.4653973415100725,-0.15553353970319192,-0.5240448433963055,0.19295083256341586,0.25074774396082067,-0.31945495784636885,-0.4293060021475101,0.4184711169414103,6.24849291064336,-0.3703738047271751,-0.28469150582946146,-0.45902017613256374,-0.06660352921136958,-0.1514810379302134,-0.05537090598566567,-0.13079524221759076,-0.18864020095990086,-0.20428079418695833,0.3643835477526199,2.244076310142984,-1.1813524792681491,2.380270423512434,-0.17231662023110228,0.14640453550648022,-0.29281208713588613,-0.23453926447221024,-0.04181679172606709,0.0,0.0,2024-01-20,0.1133625521760661
0.40384615384615385,0.3888888888888889,0.0,0.0,0.0,0.0,0.0,0.0,0.0,0.0,0.0,0.0,0.0,0.0,0.0,0.0,0.0,0.0,0.0,0.0,0.0,0.04017085919758549,0.0077541231179637715,0.058773071177292656,0.04026287270322789,0.4495672289657683,0.03530551819298123,0.5129153917536216,0.01908797843618745,0.40876582271059203,0.0,0.46140623688376065,0.4844365368588622,0.5145991598134723,0.5191401645444857,0.4314829741923363,0.4926571258307711,0.507344546499938,0.25456053502459064,0.29606810345991647,0.3718776520711212,0.3238103568246442,0.5145991598134723,0.500768428715695,0.49340300829295,0.3909824003714103,0.12710396415336672,0.4721500512909689,0.26581649581236244,0.08472461427708483,0.11787181028961187,0.32198080590020894,0.39860630764266575,0.36834612208775297,0.34589322008088164,0.3321254628684942,1.5304706291920915,-0.4333225384398147,-0.9677626199403755,-0.19473715343488157,0.4271477498816463,0.19570653842283803,-0.4741479571548708,-0.5942965972446597,0.5785987106171889,-0.5178302152549489,0.18255686375411306,1.234104253311933,0.22100695975169427,-0.0593395541174841,-0.45994777593178227,0.8558147859058671,-0.20293975113843102,-0.11864240385611906,-0.3795019473283414,0.35376769561853527,-0.125607683184121,0.0015846407267214437,-0.4522304496518196,-0.214053299595299,-0.041019553064326815,-0.1861815544223197,-0.07634565186003789,-0.3479845140458631,-0.21615823636358814,4.730641634998433,-0.16962909019180447,-0.24388545247329532,-0.2644628838551848,-0.22496621641398515,-0.21902644268467972,0.0,0.0,2024-01-21,-0.2875293327920691
0.09615384615384616,0.07777777777777778,0.0,0.0,0.0,0.0,0.0,0.0,0.0,0.0,0.0,0.0,0.0,0.0,0.0,0.0,0.0,0.0,0.0,0.0,0.0,0.040486901036511556,0.003843991578178222,0.0649944580984049,0.04447913787939514,0.4139903947967768,0.22881611408723218,0.5527167821152672,0.032097033864457884,0.3998635098513905,0.29757980429263764,0.44968440177564845,0.47816437317184063,0.5094157480720747,0.5189545941402784,0.4340714639209946,0.4837590151715752,0.5024230655487198,0.22708852091794893,0.27872951267560314,0.3337499288972585,0.25638625825130656,0.5094157480720747,0.5024650883587509,0.4811835531071195,0.4005537202461915,0.1023901507378748,0.6076900269704487,0.4377729240668221,0.10952884393625106,0.06559452848820865,0.289057449447649,0.2807908106271799,0.25624489522218535,0.22853840330934663,0.1939626593466839,-0.17808309352000257,0.45592798195824064,-0.17171272290300074,-1.1483362005165527,-0.5368489301360517,-0.07379470549843334,0.017551539963366267,-0.6042838209042922,0.5304476882969686,0.8742848479575689,-0.14261777490695252,-1.4234042256258486,0.1376912178810287,0.07213422586522915,-0.07454809474527035,-0.8236414725487109,-0.06444130956825579,-0.5222463302236018,-0.3088768563608771,1.4544982560943895,-0.15449095879916797,-0.18209196755614676,-0.6317862320294033,-0.23354208755681327,-0.21067639238090596,-0.25806199495293564,-0.08463103664868858,-0.20864549706454782,-0.45053438543132635,5.38915281819064,-0.14634054930548684,-0.7083115827758926,-0.30074981801583217,-0.28541840707521243,-0.2065133994379477,0.0,1.0,2024-01-22,-4.906437466721814
0.09615384615384616,0.1,0.0,0.0,0.0,0.0,0.0,0.0,0.0,0.0,0.0,0.0,0.0,0.0,0.0,0.0,0.0,0.0,0.0,0.0,0.0,0.02597859000858056,0.0035495112729265516,0.08695323920132363,0.024403407158969402,0.4198927670373901,0.21039159113574368,0.5517599792498374,0.03961052347788401,0.3808291279799686,0.28146649084803194,0.44455222015777746,0.47254639939771564,0.5065603124836265,0.518113640814271,0.43666819018111325,0.4772155264865188,0.4983530687320354,0.20982945597482164,0.26106451530371233,0.32987830148089503,0.0960102747408337,0.5065603124836265,0.5048335440569167,0.4728188081029388,0.39807955936137057,0.08590941537323599,0.646915599796158,0.5002897347802056,0.13901820812655885,0.05449340134294488,0.3197807594131683,0.26775239117898547,0.24582961373754683,0.215063790590456,0.18114589432442893,0.8306589001504031,-0.20601908751480533,-0.5265296621419372,-0.17214214925124124,-0.13633330318922618,2.5545710993778674,-0.15242538085504417,-0.621769095385026,-0.26250750544537454,0.46521697143747315,-0.4303557523552193,-1.1243657340346345,0.16797379760355416,-0.007615290365022541,-0.31298602637577166,-0.6747766258663145,-0.6438849907764083,-0.6174670698352565,-0.5290586926660451,-0.9519220478197684,-0.21230360210470195,-0.2116539399038777,-0.6799912638944681,-0.25562182676530065,-0.23030982323506607,-0.3133076954971922,-0.5150822014324827,-0.3958564901885333,2.291337510191836,-0.9511110507022046,-0.3657164480100232,-0.7426140031268991,-0.36720106075852094,-0.37003147522705626,-0.42129038248908096,0.0,1.0,2024-01-23,0.8560013431039293
0.2692307692307693,0.2555555555555556,0.0,0.0,0.0,0.0,1.0,0.0,0.25,0.0,0.0,0.0,0.0,0.0,0.0,0.0,0.0,0.0,0.0,0.0,0.0,0.008834426147522481,0.0013102011442213358,0.01221949143013188,0.009906920954432795,0.4239335825464996,0.14981664343783618,0.5483259022642658,0.04351147923797666,0.37182439607904993,0.1905762965418339,0.43896778507876716,0.4693235313565611,0.5026585874225094,0.5165363416251048,0.43903396213210166,0.472353534774359,0.4949179096785851,0.19968895281205834,0.24470329270035981,0.34534284886058764,0.13135458256721658,0.5026585874225094,0.5045629650136745,0.465383877262368,0.3837558067230648,0.10302109308620122,0.6171643987647067,0.44358901394343636,0.16054502170395868,0.05624642372919701,0.3432708996930276,0.2952935394762809,0.2706522166412185,0.28479108405672066,0.2577220467183612,1.7656290908050603,-1.3507614358148978,-0.40857485606459426,1.9049584290630648,0.10169853158226665,2.51150590257942,-0.5541689888209834,-0.3648896004939848,-1.083516681718522,-0.04532138845044235,1.3187992642201984,0.5598605316772416,0.18922361262357754,-0.09926825081547155,-0.37954880150964365,0.3842012381401724,2.52816851471497,-0.29056602716782176,-0.17005981006145482,-0.7491518613232939,-0.08914598462206147,-0.1639408262178633,-0.3571955791332226,-0.20002689898084988,-0.20701325435826542,0.28469846712555674,-0.1539039094198102,0.5524780114825284,0.6239027625028638,-0.6156900355270959,-0.2707120519948765,-0.7216944366752506,-0.08427874964331461,1.1448012765818945,-0.2053700558526434,0.0,1.0,2024-01-24,0.5810521700930993
0.27884615384615385,0.26666666666666666,0.2,0.0,0.0,0.0,0.0,0.0,0.0,0.0,0.0,0.0,0.0,0.0,0.0,0.0,0.0,0.0,0.0,0.0,0.0,0.08993909313440883,0.009639112023772592,0.12934316418485856,0.07822372828384697,0.42143314472615034,0.11578795988589416,0.5392270525641589,0.04435380502063765,0.3564120534546803,0.14288636145713496,0.4326933432638976,0.46449041558888676,0.4986370054793131,0.5150342666100078,0.44139163907828416,0.4678219747254771,0.49153092739058085,0.19144724095143953,0.22980250829966684,0.36266563829105186,0.08782038770677333,0.4986370054793131,0.5037441748724569,0.4583355729325788,0.36537789751013366,0.09516916548325635,0.5955463998101543,0.44358901394343625,0.1805342057401158,0.117345495469754,0.3238440768680726,0.3525016998387973,0.32294384307220436,0.2408634138345701,0.20863598160902877,-0.020029738657718912,0.676492548851541,-0.5000754515713414,-0.5924434617537406,0.16676684163444142,0.27380433572272883,-0.17837744727458513,-0.5051571596355143,0.020758827395559388,0.0013664834147765926,0.6533859537326521,-0.3350224405784924,0.2710306654706783,-0.076819381105431,-0.24834227509880363,-0.1504686707437229,-0.3215964607322537,0.9419464262563856,-0.02828947227997045,-0.6901178950368753,-0.01619176332128488,-0.19048051949670047,3.863321594621304,-0.2275089927329288,-0.16774775608824566,-0.2495601169369242,-0.45194258910633345,-0.3637809610088625,-0.34569147474847395,-0.610468034249651,-0.2030547094715892,-0.682326239650071,-0.27829334480044216,-0.34052902890855796,-0.3304272443661582,0.0,1.0,2024-01-25,-0.3574752593415997
0.11538461538461539,0.08888888888888889,0.2,0.0,0.0,0.0,0.0,0.0,0.0,0.0,0.0,0.0,0.0,0.0,0.0,0.25,0.0,0.0,0.0,0.0,0.0,0.024344683192017658,0.0025936313516016106,0.052927569755674427,0.022059429950530507,0.4542985351021134,0.17831001734770113,0.5691390862020032,0.05488242668304195,0.3669943417989616,0.23899924016862661,0.4336755208791733,0.4619820114506558,0.49657116912483446,0.5144528443793208,0.4441526589940701,0.4694760183766116,0.491106139854734,0.20529963416233377,0.22092710414575245,0.4341348679122367,0.23724586542322582,0.49657116912483446,0.5016369322170928,0.4566362635010161,0.38026134629290514,0.21835525413142376,0.5275071579637312,0.15626055369925707,0.16941971460732175,0.30546592616578966,0.35073657102919054,0.4178114364519297,0.38699683611671937,0.2974564847882455,0.2757639491005735,-0.25136354342230866,0.6202994759008787,-0.24374926155747112,-1.2567334773823409,-0.5580722153363435,-0.3208635511161606,0.12608802319625925,-0.6222808860936021,0.6303927378665689,0.8132136400526795,-0.1175454251491636,-1.3722586491333146,0.11762815951292999,0.16439752893328402,0.1571699487519829,-0.7992257876627717,-0.6588287455174551,3.1427224930232374,-0.549540654459207,-0.9660187875895166,-0.21808978341898402,-0.2089612312785802,-0.6915800955788536,-0.25924213578915706,-0.23128201727159242,-0.3133417950022667,-0.5047300736220016,-0.406161495282333,0.8553543128839207,-0.9329622355836725,-0.3811896631321446,-0.5387206914725385,-0.429504809640215,-0.35381545006877363,-0.41805914818639234,0.0,1.0,2024-01-26,4.715459322091098
0.07692307692307693,0.07777777777777778,0.0,0.0,0.0,0.0,0.0,0.0,0.0,0.0,0.0,0.0,0.0,0.0,0.0,0.0,0.0,0.0,0.0,0.0,0.0,0.05486913938686162,0.0066612389904522245,0.14604276099143815,0.041440648905492865,0.4595900467562306,0.05359581069870097,0.5647054910417125,0.05560857634354964,0.35819103673680475,0.040387232198112036,0.4431416082825859,0.46081486652288844,0.49483749216809203,0.5136465606562888,0.4468956082748686,0.47175926340758695,0.49114935368080787,0.22031124292028975,0.21712683887501827,0.49433293863073285,0.3920784064520719,0.49483749216809203,0.4995506162762869,0.4555723016707492,0.3631923856116422,0.2058974758065208,0.5071442654191599,0.156260553699257,0.1590991156982987,0.507143336881329,0.36273711640310635,0.4287627596525695,0.39763589737703053,0.3116525944515931,0.29235673199843504,0.13359253972114887,0.46494283658180247,-0.46096101339601275,-0.9716190583832105,-0.42769554696327344,-0.13363912097438804,0.3023528532002533,-0.6453226010852738,0.620320571081472,0.6428670389664496,-0.30029947365433346,-1.2127913906394556,0.0754468026546392,0.3953435715787933,0.4685060599241322,-0.7024488464997191,-0.666615681439661,-0.6218344467975317,-0.5631494891793146,-1.066476555405058,-0.2233630640239709,-0.2148749538696068,-0.7022358944835857,-0.26268123384080494,-0.23591804574480638,-0.32067643230835297,-0.5259552666002781,-0.405277681632675,2.4034897020774735,-0.9872177839815356,-0.38952068213791746,-0.7465461608304137,-0.4054553163779619,-0.37287034426862947,-0.4379243506410962,0.0,0.0,2024-01-27,0.7250269707417489
0.19230769230769232,0.22222222222222224,0.0,0.0,0.0,0.0,0.0,0.0,0.0,0.0,0.0,0.0,0.0,0.0,0.0,0.0,0.0,0.0,0.0,0.0,0.0,0.07248318815929343,0.008256471873981326,0.09086469728366504,0.05239512510616625,0.4581159365328805,0.1014223804903921,0.5622168121289733,0.05810010103389309,0.32937165062920315,0.13087248116027284,0.45107640268850563,0.4622649645516937,0.49014449251413905,0.5129805927944469,0.4494241194870813,0.4734450671342328,0.49106775631531513,0.23213586982010753,0.21668607857904243,0.5341812507074496,0.3861441999225066,0.49014449251413905,0.48728151895209976,0.4602350185052055,0.35375026434911416,0.23659209204489595,0.47819390471548906,0.07672662263952815,0.14130127389840408,0.692777297545201,0.34502566729863204,0.4302745258456542,0.39916459809227345,0.3105100885677634,0.29092398789405394,-1.5071739638527075,-0.7079685888766477,2.008415901830071,-0.5745836503843985,-0.6582982149145397,1.9419120291708885,-0.1633270838264478,-0.36520694672168147,0.7775393471503971,-0.3025596083580222,-1.1232471248051157,0.19555733150829316,0.22632961742828184,-0.23966635087807706,-0.804136359415989,0.46617952646861754,11.041872112119849,-0.059807367006849396,-0.41665759609048947,-0.5366484147696295,0.02816760400293987,3.799830355438564,-0.3513265205062405,0.18488143575494084,-0.08996251517251143,-0.09770491962800949,-0.1939909942456781,-0.08783760939297167,-1.411754328894915,2.9240749761317675,-0.18945539222390687,-0.6636331119583478,-0.3792378846425851,-0.29743110803762207,-0.28064067766466383,0.0,0.0,2024-01-28,-0.2005242826170095
0.3557692307692308,0.34444444444444444,0.0,0.0,0.0,0.0,0.0,0.0,0.0,0.0,0.0,0.0,0.0,0.0,0.0,0.0,0.0,0.0,0.0,0.0,0.0,0.1488224062359036,0.04098787906465496,0.24670457648627375,0.14127237449231914,0.4799786778294167,0.13493867083826067,0.5763012659721958,0.05738775245233108,0.3080494558685982,0.2006055331630905,0.4627108724198186,0.4653953089791936,0.48743278860030403,0.5127869736498472,0.45216084319425087,0.4785225413014991,0.49279582112880754,0.25486442161318645,0.22132997282067385,0.5944921900688179,0.526788293805502,0.48743278860030403,0.4786241028675641,0.46471550659501665,0.35236982410114864,0.2515396681849662,0.44090201885585256,0.01204532368744741,0.11809428847974363,0.7969975446645494,0.36673924970298133,0.5710597786809051,0.5445882073092442,0.2576557259018915,0.23629552559079606,0.11348191651783149,-0.6236766203455638,0.47290525398973166,0.6152539781947228,-0.118077367641994,0.674306182242216,0.16207959167757208,1.402811315442652,-0.7824487929017512,-0.5658015124834849,-0.6574283048271368,0.5797841928628511,-0.1827807134594202,0.4678042277614405,0.42157394187896874,0.48054662875524395,-0.16696213687425493,-0.0439484946214688,-0.37213593388414246,-0.3435750250947702,0.5242107933831444,-0.18588464107412578,-0.5084111003856172,0.33146021849942936,2.9272156880899622,-0.12398126108091685,0.14555634275175416,-0.359823091540142,-0.4364574099507457,-0.49827683707093534,0.004567923054429682,1.4989629620426566,-0.29338860856542914,-0.21655926598687494,-0.10878806770007783,0.0,1.0,2024-01-29,2.9799801358818767
0.4711538461538462,0.48888888888888893,0.0,0.0,0.0,0.0,0.0,0.0,0.0,0.0,0.0,0.0,0.0,0.0,0.0,0.0,0.0,0.0,0.0,0.0,0.0,0.1153729656188995,0.016815297858167575,0.16958700785504313,0.0921457953823649,0.47412075660469577,0.16286671794764943,0.5774466663429437,0.05081199296544526,0.2788019312912643,0.27155159008008267,0.4736483580735001,0.4678080114073451,0.48393777826385065,0.5134601853780423,0.4548134129137871,0.48184060693617764,0.4939126182417261,0.26979866493071775,0.2283281387324892,0.6224170638022196,0.45987580070503065,0.48393777826385065,0.4653693994000771,0.47287843135930424,0.3442216598353546,0.2744528320692609,0.4140388765582719,0.04519535036296202,0.09996874804062783,0.8398746536538709,0.3416908182990299,0.5422351246768469,0.5138729248865584,0.2724015087452712,0.2508473929713888,2.4919024318761123,-1.3024456416513002,-1.1055587056493668,1.7619204411398646,-0.44918725926718556,-0.6550793605220435,0.06343020991795377,-0.36511302914898724,1.219216971857902,-0.6129951264827312,-0.1429568059065015,0.6929450866631996,0.06283795228758897,0.2936418865523896,0.37324607730733833,0.6101917046455453,-0.25233629954323683,1.3357700476393561,-0.14001939052443205,-0.011039778107486003,-0.10584696530823338,0.5872389034796347,-0.5248096862105488,0.11631371249155316,-0.12471464693701206,-0.23432352270907872,-0.29676485625332466,0.32972811911033295,-0.25018460892911276,-0.12472570311983586,-0.10302293219419936,0.1902059284514444,-0.1809660135201143,-0.24735018112256124,-0.01715531042344538,0.0,1.0,2024-01-30,-0.7753530092744043
0.27884615384615385,0.24444444444444446,0.1,0.0,0.0,0.0,0.0,0.0,0.0,0.0,0.0,0.0,0.0,0.0,0.0,0.0,0.16666666666666666,0.0,0.0,0.0,0.5,0.11402376678864751,0.02149548752238129,0.24483478707853437,0.13904848994332494,0.46766301937104715,0.17017628002009616,0.5451858342695457,0.03382674105105892,0.2552450854757149,0.30479204224992595,0.4764227076738818,0.4697516736691488,0.4803373874832375,0.5139063133612873,0.45675726232393843,0.48356977445289956,0.4944139435197618,0.27810816636396285,0.23575338021503592,0.6274827626925956,0.3972168793977354,0.4803373874832375,0.4496666460456467,0.4836208905855465,0.3422042296546214,0.2463885620766756,0.42438708507344935,0.0001887249357183582,0.07848951191099379,0.8638702357578558,0.3157695623230865,0.5165030159292734,0.4870801240056897,0.2468476970206085,0.22324300664304442,-0.7794646085709036,1.5834662937072799,-0.5766649457126691,-1.1972515851712646,-0.48547430601715996,-0.46108589208620526,0.1747424333806821,0.6189256763364698,-0.0053199602672810995,0.1891813395324034,-0.36055180253527436,-0.20428143475098057,0.2732041792396561,-0.14036804991749505,0.0943003616963249,0.09865412589313233,-0.6310484795170958,-0.2449291168532186,-0.534663115148201,0.712416814646996,-0.18788071767758852,-0.20488443257021605,-0.6911283015216801,-0.2231800372734717,-0.21197602983203212,-0.3023002541645076,-0.4645477017566258,-0.4014284540164012,1.1353283473246412,-0.8561352575626912,-0.3316599776224006,-0.7064731260446768,-0.3875423855529678,0.07921393352492219,-0.3278748034228954,0.0,1.0,2024-01-31,-0.861423582021903
0.42307692307692313,0.43333333333333335,0.5,0.3333333333333333,0.0,0.0,0.0,0.0,0.0,0.0,0.0,0.0,0.0,0.0,0.0,0.25,0.0,0.0,0.0,0.3333333333333333,0.5,0.1903317738904959,0.023504882546451514,0.4723370761248454,0.17163411383915977,0.47627035864623823,0.14158541206695202,0.5417348598098557,0.036506505344292124,0.23085480421820162,0.267595794301362,0.47988539397700075,0.47644114192058146,0.48054908077748915,0.5139792106337366,0.45863517470561177,0.48647032101576076,0.49558821615820087,0.2898705391544978,0.24427933976819444,0.6405387806225514,0.45764652249409365,0.48054908077748915,0.45023363641615793,0.4833951255889158,0.3392916012769783,0.2210226333043479,0.4361460978328051,0.05388563537152099,0.06409043465301473,0.8322787147901193,0.3382768227905777,0.5437283426166506,0.5150891314113124,0.26925388816704293,0.24782067897333931,-0.006567467356119014,0.4866102968597768,-0.35252212907092134,-1.1484408873554066,-0.35738070815284667,-0.0708175017452099,0.05043130823588184,-0.6313896523752489,0.4964597350890072,0.8315398439086003,-0.21368163093046066,-1.241605022071539,0.14142147648550923,0.08795720726574872,-0.06885385427884375,-0.7096376857296343,-0.6366858615006781,0.2848656370503577,-0.5168171677793214,-0.9367704691076842,0.3762992759507654,-0.20142272345294449,-0.6851797512892354,-0.25239900725094555,-0.2295796318789845,-0.2813510488774491,-0.47526152951166467,-0.3993225055740419,1.740640070005348,-0.9047183685758102,-0.04344427994299965,-0.48141463146045443,-0.40825472201228474,-0.3485464306658508,-0.39446567897980284,0.0,1.0,2024-02-01,1.1581441842771325
0.3269230769230769,0.32222222222222224,0.1,0.0,0.0,0.0,0.0,0.0,0.0,0.0,0.0,0.0,0.0,0.0,0.0,0.0,0.3333333333333333,0.0,0.0,0.0,0.0,0.07124568529777543,0.007793492142730037,0.15261111914285255,0.04712841088473565,0.4781917060847015,0.11677388062666269,0.501645698571528,0.06008198066817821,0.22863047750272933,0.21766623178390193,0.4840529474802005,0.4827030097468355,0.4808757200349256,0.5140429895913052,0.46041253999529264,0.4892454900159248,0.4968340116847649,0.3003261684005482,0.2533986074610921,0.6475762245577795,0.5747541741516721,0.4808757200349256,0.45111906178618205,0.48303473484249776,0.3265568156201213,0.22140484909379132,0.41546749790401505,0.02841184918839923,0.04808887770839276,0.8479529828999067,0.35782137303067074,0.4678840336468657,0.43546910459057964,0.3772258710051411,0.37082451570036606,0.7796156337495999,0.3069371902586148,-0.9118741241233325,-0.963458948754886,-0.3870001419539881,1.1629569790487218,-0.2803051040612387,-0.6649042715656955,0.9309486548921004,-0.19944980159531403,-0.6590739991690064,-0.3260225302790802,0.07857804995772852,-0.09373826469312303,0.07726563335149213,-0.10988234080025727,0.5096140759420466,-0.2970045277008899,3.591080504817235,-0.6508802224722343,-0.1658382731676916,-0.18777899725128247,-0.6272765656335402,-0.24031770397822602,-0.21949572713642274,-0.28317962050491036,0.10288572411872683,-0.378456861618967,0.728641289903122,-0.5482462753678035,-0.29057658171673223,-0.5640148272145914,-0.154441935059293,-0.2733938044273401,-0.12908699339514443,0.0,1.0,2024-02-02,0.2555634611174806
0.5096153846153847,0.5111111111111112,0.0,0.0,0.0,0.0,0.0,0.0,0.25,0.0,0.0,0.0,0.0,0.0,0.0,0.0,0.0,0.0,0.0,0.0,0.0,0.2611261288327599,0.07565781703481954,0.737374905627038,0.29740730076555455,0.47481261076002634,0.05136376941413618,0.48422392789697666,0.08404745531904786,0.2215588008512633,0.08428185414047738,0.48298051731221975,0.4881679076507716,0.482013073248716,0.5144615825720451,0.4622211339009057,0.49102940920174803,0.49770875969650824,0.30656453473402,0.2620654249995857,0.6422095484887401,0.5351364780509533,0.482013073248716,0.453023732879069,0.483122182597944,0.30769253612955455,0.21253972290008272,0.40380336640844317,0.02841184918839918,0.03323028911695805,0.875480863768163,0.3460873525811703,0.44663224712422706,0.41461968890773426,0.37178114003264534,0.36416445383404,1.990391641786627,-0.6544617039237197,-1.1973881991773978,0.6418792854630684,1.2823211131486045,-0.06190282928636587,0.683374329403534,-0.6667400328836134,0.2321875867233282,-0.5387371196957338,-0.566013404520981,0.6946740897020391,-0.24031837321694371,1.1877706575096056,2.159708707167164,0.5626981828027775,-0.6214866270055959,-0.6071389718776968,-0.487771666812988,-0.9918338904602814,-0.20611268954196735,-0.21140963383375538,-0.6884399968861613,-0.25816448285707083,-0.23295097446320415,-0.3172317906493096,-0.40122151199500045,-0.4020264442424305,2.2659646331004417,-0.9491091843273175,-0.37468015169856683,-0.7141242045792935,-0.4109323843066832,-0.31785155823087935,-0.17158568367424332,0.0,0.0,2024-02-03,-0.4483165966869262
0.2884615384615385,0.3111111111111111,0.1,0.0,0.0,0.3333333333333333,0.0,0.0,0.0,0.0,0.0,0.0,0.0,0.0,0.0,0.0,0.0,0.0,0.0,0.0,0.0,0.08784611465757075,0.011161905901731765,0.1542110420381347,0.07459201051027806,0.4676800634722329,0.08332698366510255,0.4855669578491266,0.09899465419927038,0.2131892656182592,0.15711153343057555,0.4816434859641588,0.49313527236257987,0.4820811760294119,0.5145968983648725,0.46399660417266986,0.4913477611550881,0.4979302954041808,0.3072506464472323,0.2691497095323299,0.623438548130469,0.4972562000103802,0.4820811760294119,0.4531495823551685,0.4831139758491894,0.29501469596149016,0.198738514863531,0.44584871500897005,0.1022030447600416,0.027054335237282484,0.8424058795756832,0.33053664947385997,0.4327633338129143,0.40132518571291226,0.3907650485102577,0.38811462153812926,-0.827345198843117,0.7233786263103398,0.1900682117453563,-0.2295710026368692,-0.3354712778561037,-0.2575391306801471,-0.2068899466149397,-0.38762083853239976,0.985808139339855,-0.09341781922763091,-0.3908654930073661,0.004377663692351875,0.13186435158126603,0.25573243793427225,0.7420751641866236,-0.17796900874182028,-0.5126474346235682,-0.49050985032694794,1.1106573790771177,-0.7108977458667775,0.012566765496642932,-0.1815218657011414,-0.545267358472841,-0.1941534986719704,-0.21183889384826846,-0.2796983111154808,9.178882720402733,-0.36845530002102855,-0.7443514269094841,-0.8416682981775001,-0.08692907657444453,-0.5659457374329125,0.4830157357925221,-0.30940169576838594,10.152181371926437,0.0,0.0,2024-02-04,-0.9505619472114146
0.3269230769230769,0.2555555555555556,0.2,0.0,0.0,0.0,0.0,0.0,0.0,0.5,0.0,0.0,0.0,0.0,0.0,0.25,0.0,0.0,0.0,0.0,0.0,0.1168026494431237,0.01269099882365354,0.32475703982137405,0.07609823290162675,0.4689905503242001,0.11775613478939298,0.48557367235579896,0.10523828675545435,0.20723619830477427,0.23614741338677658,0.48191906973493975,0.49471333637069764,0.48160922632237746,0.5151067006566716,0.46575064554984724,0.4918359840160243,0.4982435327344867,0.30847592436650256,0.2750864945824436,0.60982763883422,0.5143023551890485,0.48160922632237746,0.45200938989292166,0.48347620604750424,0.2929063145178184,0.21340818344409535,0.4120076485131885,0.037212588795771294,0.014607172513196931,0.8069789151738036,0.35019848930814157,0.38238945282819925,0.35352685988228333,0.3716867940116917,0.3640905502936919,-0.036009932394735475,0.5006238881502184,-0.3377021011195807,-1.1786031424653434,-0.4654600604361372,-0.20169434759289012,0.059528876701485926,-0.6095421283378013,0.5934399583948105,0.7901486198159341,-0.18964121746771676,-1.2128930236104474,0.13765781249732045,0.14808901485736223,0.03727388815145248,-0.6531918722712967,0.5311866096056811,-0.14900094410277478,-0.52520649025066,-1.0363938412831404,-0.17759964275688545,-0.20478254562755727,-0.6907164525987624,-0.25811687423534563,-0.22701068826539209,-0.3124433036683699,-0.3045371009771557,-0.3787612163308698,1.9278943627504226,-0.7364201043768515,-0.3691969849856921,-0.7112587908100084,-0.4119968943252772,-0.3343605523654443,-0.39742986342326736,0.0,1.0,2024-02-05,0.1763260250039477
0.6730769230769231,0.5888888888888889,0.0,0.0,0.0,0.0,0.0,0.0,0.0,0.0,0.0,0.0,0.0,0.0,0.0,0.0,0.0,0.0,0.0,0.0,0.0,0.1819985665069623,0.0314054584365458,0.4223989205339502,0.14867905309108378,0.47642566449624246,0.10089014159440088,0.4877454902338634,0.10666453028755493,0.20272439925069705,0.20255347345657537,0.4819513098658887,0.4965216439451416,0.4819344799725921,0.5152883744240389,0.4674999989565408,0.49349074173161983,0.4991469444167585,0.31366200627535173,0.2809759983892054,0.6092668187864401,0.7525145289893701,0.4819344799725921,0.452801849752456,0.48321896605442555,0.28304558695334175,0.19726666890107947,0.3904522822853592,0.03721258879577118,0.003049092840831824,0.8016373828664685,0.36784638451130314,0.4149708800778559,0.38406089442003083,0.36522508040642543,0.3561598764970783,1.0308232734528282,-0.2821236330063852,-0.64340545915745,-0.000923217405572723,0.6917411304951726,1.225842788751308,-0.11133196167034183,-0.5326885638982573,-0.3146559987477375,0.32389254414876323,-0.303108763764309,-0.5265740402987042,0.12620814218323584,0.01098430337993686,0.049851093953698224,-0.2510531075806185,-0.44106838858997094,-0.6027647733144342,0.38355318138414046,-0.9200605145637988,-0.18324572855180443,-0.19114881274589715,0.29683775654098427,-0.22741224998655551,-0.23110320105499785,-0.3077272970952264,-0.5013488554686771,-0.39103431157815394,1.6768676502537985,-0.789930090208749,-0.2977174574452774,-0.7411621252375391,-0.3349956132066075,-0.36309133049213194,-0.39845079931804367,0.0,1.0,2024-02-06,0.9986338686479136
0.5288461538461539,0.48888888888888893,0.0,0.0,0.0,0.0,0.0,0.0,0.0,0.0,0.0,0.0,0.0,0.0,0.0,0.0,0.0,0.0,0.0,0.0,0.0,0.24331486110563277,0.03598643815834852,0.46484185501100345,0.196260343522882,0.4979550231735861,0.13896916517534263,0.41421266275205126,0.13600527196204842,0.1981691676484372,0.29094722300259146,0.48605400098096746,0.500800745742523,0.48484083012560775,0.5160951106001634,0.46950924567487706,0.49848627210704505,0.501759551466666,0.3300669808783549,0.289293968307807,0.6380717398148079,0.7864043106475102,0.48484083012560775,0.4587912476328822,0.48216400385011843,0.2882120643714285,0.2633696923707659,0.35148473054556273,0.1116050771251018,0.0,0.8842295577251198,0.3900412426008184,0.48356766795485123,0.4493702789158603,0.4142403394502361,0.4162588480482482,0.9926049922302966,-0.9874612158624664,-0.015572569379313759,0.671035260744741,0.023594472712901514,0.33910198209175035,-0.27546014481915904,-0.40384425794145457,-0.570148817484415,1.8835971253993053,-0.02779999724624993,-0.6031841635839724,0.20089197078597518,0.018099851422367412,-0.12004581048564635,-0.39828877340190455,-0.5680608532338713,0.2022795718194626,-0.5043976708526452,-0.8975526494788529,-0.16747968818296588,-0.18968975110361277,2.331865288547145,-0.23948474289553773,1.7904651856564349,-0.21707737477794048,-0.3293400342164023,-0.39200478131326144,0.05544023181337297,-0.7043610024739168,-0.3358927234259204,0.12092634106067711,-0.3910849632460006,-0.3410596740628265,-0.3392585899020392,0.0,1.0,2024-02-07,2.8630850081180936
0.2403846153846154,0.2555555555555556,0.1,0.3333333333333333,0.0,0.0,0.0,0.0,0.0,0.0,0.0,0.0,0.0,0.0,0.0,0.0,0.0,0.0,0.0,0.3333333333333333,0.0,0.07783353565171894,0.006768322737816468,0.16536231185645672,0.048167284733907946,0.5151174785979352,0.18320530028232063,0.4196763227515675,0.13989718251443095,0.19861683112114545,0.38916865049725186,0.49442093768644685,0.5045749915449544,0.488343440870576,0.5167448963386354,0.4716859168263715,0.5055793478480755,0.5055944889319883,0.3525418884515299,0.30088908716435775,0.6769431969438954,0.8070987338841022,0.488343440870576,0.46786989852431055,0.47877326311360485,0.28712719287307426,0.35352523578271655,0.32276487563927736,0.2675127624767159,0.013271166981432936,0.9465007210532428,0.4175182756426299,0.5045363847382298,0.46828282358114914,0.48761944049203254,0.5115627584550155,0.2522935206670644,0.16197146264128046,-0.3133883576047047,-0.7451764953669427,-0.3004225830870534,0.6416152601346506,-0.012376541934300812,-0.5433796654771313,0.24935088927422908,0.6137758040240987,-0.21000589482390056,-1.0218703113623107,0.12879928271855093,0.11530560977053342,0.09923329363250397,-0.5579716592923801,-0.3690625289960844,-0.37540733812109545,0.14339376703465423,-0.896571720259795,-0.18745675776490828,-0.20182433994252294,1.1113215910545304,-0.2459043190031164,-0.2203387784373568,-0.28998722271051186,-0.39499904626871984,-0.34127155207303916,1.1698555892298048,-0.7532146197669393,-0.331030072945814,-0.5107728902454209,-0.3239016665523169,-0.34038782802745543,-0.34511161746174845,0.0,1.0,2024-02-08,2.2188248784866804
0.375,0.4,0.0,0.0,0.0,0.0,0.0,0.0,0.0,0.0,0.0,0.0,0.0,0.0,0.0,0.0,0.0,0.0,0.08333333333333333,0.0,0.0,0.12313737141907823,0.017868812960912858,0.17430003373331404,0.10521129797014468,0.5473296026636522,0.29900766746518964,0.4496745832297395,0.11897770285953507,0.229487811877667,0.5967099907199493,0.5109554827373153,0.5124383270571451,0.493556344128689,0.5180363575169424,0.474082871417119,0.5169605278909295,0.5118027713999591,0.38824527186628804,0.3180139904510015,0.7425339840815649,0.8613581802920199,0.493556344128689,0.4840449721485945,0.4706928730690842,0.3172897322513045,0.5083207829382687,0.26613618725961863,0.49326886584338675,0.048910949693493855,0.9552976652885022,0.45882310719963093,0.5787795282761438,0.5377028989096031,0.5319721913067412,0.5661278970157726,-0.4499619124122341,1.4675610501684937,-0.7769472028639606,-0.8941741362177449,-0.3756456418280311,-0.2735607071454457,-0.23098741599815692,-0.5047474647985898,0.8016561396271399,0.0989215317468508,0.059022307432416106,0.30077923056916184,0.07098876202991294,0.20493159235893538,0.34570267452024517,0.2865405928872963,0.6069641832666784,-0.16832237930144525,-0.23112894274222834,-0.03893526331940907,-0.057090633830910786,-0.17552541812159364,2.9308068986439837,-0.21713049524460754,-0.12621910174585874,0.19208215732297404,0.12382093084896066,-0.33616447557584694,-1.1689442146504394,0.8895286962030964,-0.1888355386962159,0.5141644526696733,-0.18677014026852243,0.05999279361404601,-0.1429188779509792,0.0,1.0,2024-02-09,4.074103742791047
0.17307692307692307,0.17777777777777778,0.0,0.0,0.0,0.0,0.0,0.0,0.0,0.0,0.0,0.0,0.0,0.0,0.0,0.0,0.0,0.0,0.0,0.0,0.0,0.015289568419801863,0.0009432818333997357,0.017223266348609705,0.009517704985871027,0.5582217377909908,0.09737271586282503,0.4519614100093986,0.1040261251083436,0.2373415069333876,0.1716793239934884,0.529479093847812,0.5221652060454651,0.49947666116721146,0.5195229644842985,0.4767097156687452,0.528409717351018,0.518449753231389,0.42154016798281113,0.33903325451831073,0.7887264156729022,0.8364876134627595,0.49947666116721146,0.4999791098824364,0.46429083835332635,0.3138080768249927,0.46722219171938983,0.24517031100394424,0.49326886584338675,0.08200503364040757,0.9359655546696064,0.4760509915213953,0.6137585261390842,0.571380775388306,0.5491529390879519,0.587512188190229,0.5423016192543539,-0.31787695716434783,-0.1718481355498855,0.26318622181506784,0.14616986474387317,0.594348791441522,-0.33759852711733307,-0.4024661953787059,0.03422390108495034,-0.0066135789430475074,0.35413526335070267,-0.29898348755397813,0.28267822666520903,-0.09227736332610699,-0.3616851224529493,-0.14555230155814888,-0.3358244446847403,-0.2414146710056217,-0.30430042714870614,-0.21548244538244854,-0.06439986691250185,-0.17739726155346142,-0.488354292924906,-0.2041269852225995,-0.14958624421142327,-0.2426836332349707,-0.3241227895266367,-0.1780347463266454,-0.3614648547724275,-0.4154356463256987,-0.17767186990275607,-0.4581125835062175,-0.27923000660227915,8.391659070887185,-0.22527654133432345,0.0,0.0,2024-02-10,1.3236801662479536
0.20192307692307693,0.17777777777777778,0.2,0.0,0.0,0.6666666666666666,0.0,0.0,0.0,0.0,0.0,0.0,0.0,0.0,0.0,0.25,0.16666666666666666,0.0,0.08333333333333333,0.3333333333333333,1.0,0.20420198022575856,0.025078068776111507,0.2047339084060206,0.1299200009260157,0.5673434680399667,0.12303831840861984,0.30903118699609566,0.1560527344566402,0.22395687572536752,0.23431255362803982,0.5483528316481892,0.5319473355810762,0.5078324930811162,0.5213172641780615,0.47948569143374,0.539620799913082,0.5253568844898064,0.4515417915071003,0.36244403478907644,0.8170930603803457,0.8408717897988579,0.5078324930811162,0.513120433947563,0.46590359848374746,0.3044267866311547,0.47355964500591285,0.23025428365913556,0.5218744235974834,0.11568969548394581,0.9401355814147239,0.49634356950536884,0.6535980018685277,0.6111320582644906,0.5682856374062545,0.6123167826301308,0.139865359708895,-0.3895751984234931,0.2521478019109065,0.7975807372176881,0.8120357054597341,0.6150661120395864,-0.5380649789277849,-0.6801419316299682,0.6496836895699993,-0.6090346543584698,-0.4248451522517708,0.5597064269635332,-0.06707991945499883,-0.13405191642141742,-0.02521977254638895,0.4901546318918693,-0.0014594723787596442,0.5235480855438422,4.058043541821173,-0.13649662900881432,-0.125673579808987,1.2770018659814586,-0.01768106291666478,-0.18812226366883147,-0.17894554574411764,0.08869626848650745,0.16218273024039884,-0.3147130256570157,-0.9945860683585747,0.40778630027084356,-0.21466093441710832,0.3666463793456074,-0.34172659748136414,-0.09333051757267187,-0.018464704763293885,0.0,0.0,2024-02-11,1.0940478338881563
0.31730769230769235,0.32222222222222224,0.1,0.0,0.0,0.0,0.0,0.0,0.0,0.5,0.3333333333333333,0.0,0.0,0.0,0.0,0.0,0.0,0.0,0.08333333333333333,0.0,0.0,0.24311321854821535,0.018739655788742662,0.37599633752590234,0.13346201092987892,0.59639084339752,0.2567348327966545,0.3292736793344022,0.17737752145118896,0.2298209343837657,0.508190149344916,0.5687872437067483,0.5446430619034619,0.5174494393085584,0.5240522646373225,0.48253072376157036,0.5539579418946075,0.5341487075005587,0.49017838544533937,0.3896662858380241,0.8623023034627149,0.8786441203034058,0.5174494393085584,0.5313321895606973,0.4642431777237051,0.326544613960915,0.5468608224113647,0.19328337616314858,0.6320317953983308,0.1583455907348984,0.9798723048360315,0.532600661066353,0.7215815276775865,0.6752872976423869,0.6785572899634795,0.7717412776636746,-0.10253799589121054,0.5702180062376715,-0.33611886877594344,-1.0938420130623008,-0.4882458217849894,-0.24568495968015064,-0.02202063563329558,-0.5970720035506527,0.4981839594294556,0.8027342127919007,0.08218329680912699,-1.2865388586269033,0.13211899299904986,0.10212748891365726,-0.027034684651970186,-0.754972235157954,-0.47970820517622836,-0.21070871064321672,-0.4181176759286302,1.142042242397843,0.33476357089136094,-0.19815848301347247,-0.6338977572573382,-0.2135828139677521,-0.21426707935694148,-0.29185027403212954,-0.48184405918334555,0.19726402552769728,0.008218101330677486,-0.581195191374686,4.968360983610435,-0.6904926572855639,0.15925774226988687,-0.14259505876486334,-0.35966821190165327,0.0,1.0,2024-02-12,3.4461993507690414
0.4903846153846154,0.5222222222222223,0.0,0.0,0.0,0.0,0.0,0.0,0.0,0.0,0.0,0.0,0.0,0.0,0.0,0.0,0.0,0.0,0.0,0.0,0.0,0.1467198432865009,0.02523869439715787,0.30362231539042295,0.13888209649951602,0.5926247787995244,0.26624612407542947,0.3095708166806258,0.19756263761820803,0.24455338035768562,0.5081804318824226,0.5848770787511726,0.5572972239970306,0.5266410078336345,0.5264670421896269,0.48553830909611007,0.5654604460560639,0.541978594063232,0.5161078511868566,0.41714425803085564,0.8653355050869614,0.8325223339461068,0.5266410078336345,0.5449403559035966,0.466982698815743,0.33596518242777557,0.4887546293941284,0.16893767705945265,0.6364126256352155,0.19840709751227942,0.9750166167530135,0.4952078395317796,0.694127272098364,0.6465394399092913,0.6620595329208865,0.7465276851594079,-0.18021248056029263,1.4791000217348522,-1.0304291822309344,-0.8866254377034044,-0.43661088961739614,-0.20381970632827898,-0.4714267077758984,-0.6344339231553163,1.414816384157316,-0.2612469060171218,-0.39845336066546666,0.487983621545595,0.5636321761743982,0.07375578897067218,-0.31435239433538664,0.45695465743999836,2.9350386716207404,-0.5799805020983797,-0.34482825132141504,-0.4664140989329909,0.16959193779509943,-0.16607832481993853,-0.2224535985707392,-0.1146527563534321,-0.18241912441673142,-0.2533817658017683,-0.14572669398608606,-0.20015105273657813,0.3610250635213511,-0.4863265189515523,-0.16411486975997258,-0.6342949486770267,-0.2806281845380313,3.087780517273337,0.004038291199743,0.0,1.0,2024-02-13,-0.4319233922406296
0.19230769230769232,0.2111111111111111,0.0,0.0,0.0,0.0,0.0,0.0,0.0,0.0,0.0,0.0,0.0,0.0,0.0,0.25,0.0,0.0,0.0,0.0,0.0,0.059455923898304806,0.010113115081958435,0.09919843220407049,0.04994118353486232,0.6290015949017685,0.2971498424414991,0.3359564349791857,0.19501814235688453,0.26750207103161927,0.5391749365198212,0.6018314672983545,0.5746247109778975,0.5379509023379769,0.5301334681259835,0.48897498165842535,0.5812681744023018,0.552229479474339,0.5550693597108016,0.4476916898050538,0.9017434831147251,0.9004062267278149,0.5379509023379769,0.5641799853358673,0.46751112365926534,0.3594512021474595,0.542689620318221,0.13984123920866567,0.7208806255009872,0.24433109742681097,0.9810310877309715,0.5362908308040868,0.7305186108327482,0.6723521690809846,0.7172361338978273,0.8164699718672552,0.11615117663657187,0.06534860510926693,-0.1090802725860849,-1.12212544102123,-0.6464173507533795,-0.9933705624299868,-0.6452717678495764,5.103608728247476,-2.671658564798674,-0.6787985120643663,-0.6822574232513513,0.8194962166408595,0.009796389120132634,-0.16770615365007963,-0.08205214747172337,0.5516856936984711,-0.539029466176294,-0.5958403853940627,-0.050767967110023154,-0.8672775287021174,-0.1976857767500236,-0.20878064374089345,-0.3510716481630016,-0.25251504991000995,-0.23002598383644662,-0.3035606091817165,-0.49114633935746743,-0.3891488120437841,1.6468748867045597,-0.852400135224571,-0.33597749939868654,-0.04014283186271975,-0.3872049290462868,-0.3515956874467626,-0.39298570225677515,0.0,1.0,2024-02-14,4.190091694992915
0.2884615384615385,0.3,0.0,0.0,0.0,0.0,0.0,0.0,0.0,0.0,0.0,0.0,0.0,0.0,0.0,0.25,0.0,0.0,0.0,0.3333333333333333,0.0,0.13329703521544112,0.014883066122639236,0.1838015838594124,0.09998075623649862,0.6309538944279851,0.29238790894912003,0.3346297795797676,0.1828079930207593,0.2819369578457922,0.5119194432633591,0.6169300244622702,0.5920211348245292,0.5475764185275129,0.5334805422045352,0.49235140624394147,0.594969973835187,0.5618820995515108,0.5838305968670842,0.47845232547066563,0.90427237212214,0.93540907768341,0.5475764185275129,0.5822739694310246,0.466001868418874,0.3569177564423343,0.5611663206108088,0.12619467944315813,0.7550895941301851,0.2905079845073127,0.9648965927781467,0.576805206265878,0.6932382927519275,0.63263891925517,0.7248340714077228,0.828087626716294,-0.6823870684080763,0.8823159205581882,-0.07462254182516095,-1.1910454810523436,-0.30014813532449863,-0.6112219298951782,0.0021230360793575913,-0.5376786695465338,0.7870064368019466,0.3502732470222873,-0.10035717742898058,-0.29594944048658645,0.09918309140903722,0.4178816859605567,1.0902654229298556,0.08561518749234748,-0.15114341551551835,1.4526249589765317,-0.17000118176966109,0.13816221599196282,-0.1199680175389974,-0.16843636128114595,-0.3201251662780251,-0.16651684335414033,-0.18677771426842454,-0.2588428632502938,0.11230812551084011,-0.3230526310911392,-0.7860714278659852,-0.2217113004787117,-0.17000057336905242,1.4239623130583672,-0.3535269726720875,0.08038660470049945,0.03356624737063299,0.0,1.0,2024-02-15,0.21583350882306
0.4134615384615385,0.4,0.0,0.0,0.0,0.3333333333333333,0.0,0.5,0.0,0.0,0.0,0.0,0.0,0.0,0.0,0.0,0.0,0.0,0.0,0.0,0.0,0.13788812045175305,0.021449819453652423,0.31358810017187927,0.11909863948038946,0.6348223599859046,0.20103057015196835,0.3286759675872295,0.15801835667991548,0.3005926678638081,0.3246741229347756,0.630938049997501,0.6090344662415339,0.5571243964340912,0.5372360275302825,0.4957298641756863,0.6072098285059799,0.5711388488396798,0.6053838000303721,0.5077989551999433,0.8875003327137372,0.9332658168255575,0.5571243964340912,0.5982974242816912,0.4666973535720293,0.3440388902426088,0.5314548417571763,0.11805353168095428,0.7550895941301852,0.3333865225106356,0.9685150725025674,0.6064107298233206,0.6237675646527776,0.5630038921781402,0.6753551092325667,0.7449147139848173,0.5613611152664852,-0.006462829641692122,-0.45101845364795434,-0.3073356156557837,-0.5786655758303524,-0.16498945510756152,0.7470275160425393,-0.620249225543183,0.06810006987868587,1.5818266379484907,-0.2930994969968213,-0.8913091478691859,0.024633985703642274,0.15444978088442485,0.23372911062395385,-0.46184976145155665,-0.5915647801240277,-0.5121749680534086,-0.5174740023465486,-0.6295998532710001,-0.14425545101590512,-0.1831606546844614,-0.6678035680369563,6.190322802495848,-0.21520137716407836,-0.29052884723475086,1.6042793431548148,-0.39271726530588164,0.551717594130639,-0.7717979980902624,-0.31741086088164455,-0.4390824529754341,-0.3510359016047281,-0.17995561346607541,2.7333650709560935,0.0,1.0,2024-02-16,0.4267512618200353
0.11538461538461539,0.11111111111111112,0.2,0.0,0.0,0.0,0.0,0.0,0.0,0.0,0.0,0.0,0.0,0.0,0.0,0.0,0.0,0.0,0.0,0.0,0.0,0.005845053730184563,0.0011480007621843195,0.009774629335132443,0.006350441955455752,0.6261445263082094,0.1291373504791349,0.2914751320921595,0.1638913435115101,0.30409959150369703,0.19253071323781873,0.6371146533465013,0.6228032541210313,0.5662798611613391,0.5410038229658574,0.4987941057484252,0.6161174513995631,0.5789940148287502,0.6137670865911171,0.5331191881967771,0.8397417746093119,0.8800364864415436,0.5662798611613391,0.6097549953181032,0.4718150500540553,0.3440142376503846,0.48312834685361095,0.2045342993682713,0.5711117867912784,0.35420070019818306,0.9362057190886627,0.5853898749598634,0.5758012803642009,0.5199180598192853,0.6515184881556191,0.7124638644937957,0.9473897731865634,-0.4606678172256932,-0.4178235940869317,0.8970236055248125,-0.1366974907701219,-0.8894488163890854,-0.6829506432784993,-0.45839163893876733,2.1399123826079416,-0.892668923194995,-1.1914602626014434,0.6502542276047798,-0.02184739259614379,0.8754407210806552,1.7379867399618805,0.20293078181824534,-0.4171986522788438,-0.57991225281601,0.7528293060502336,-0.45597753718439676,-0.11616517014009664,-0.17973539678404002,-0.4496099791084582,-0.18957568060636823,-0.20412746917990615,-0.19419091676498879,0.11181702261619228,-0.22767217680529167,0.8573959971808162,-0.40802033043450947,-0.18225940198441984,-0.19355795830303213,0.27185199065871773,-0.30799682162777703,0.1540657468669599,0.0,0.0,2024-02-17,-0.9532306269177336
0.25961538461538464,0.23333333333333334,0.30000000000000004,0.0,0.0,0.0,0.0,0.0,0.0,0.0,0.0,0.0,0.0,0.0,0.0,0.0,0.0,0.0,0.0,0.0,0.0,0.1467602701002671,0.023782040480806024,0.30513067643326425,0.10855074204241441,0.6341651394441834,0.10790132865137173,0.29149117868857766,0.15995094132243245,0.3006784117400718,0.15611177453127467,0.6457380675116196,0.6355901200473384,0.5746811023585704,0.5449300154578174,0.5018253316313738,0.6249940937443943,0.5869289958928143,0.6214217884765839,0.5550581363157315,0.799635123169183,0.907236296936112,0.5746811023585704,0.62176261112819,0.47480937733699374,0.3363805646755046,0.4632398824406736,0.18993478115328236,0.5815160225878291,0.37460272185144927,0.9424339870003816,0.6038749661922131,0.5731024259611379,0.5161261025511238,0.6677198288463133,0.7333819617508364,-0.8737156089388277,0.3006164749511591,0.5875798589099457,-0.15996918460543003,-0.6847524559890136,0.444916785569488,-0.31109599508462193,-0.23326102013274716,0.674248993760647,0.5039189497443606,-0.6860111203665584,-0.25355946998326656,0.2780211959321333,-0.015182610984271164,-0.1501416352504751,0.17566854322712824,0.4206486322125176,-0.26114221394147885,1.485651293670093,-0.2573415776044453,-0.06769369547558951,-0.17510808794488003,2.6838783292096045,-0.2408941004035866,0.6666511548676185,-0.23497974199264066,-0.24194824935739817,-0.0035058636108665055,-0.797184620014956,-0.13844462478463748,-0.27495877225792853,0.0767673283907649,-0.39657688206141406,-0.10235212496424274,-0.26305027544552484,0.0,0.0,2024-02-18,0.8895163192163213
0.25,0.22222222222222224,0.0,0.0,0.0,0.0,0.0,0.0,0.0,0.0,0.0,0.0,0.0,0.0,0.0,0.0,0.0,0.0,0.0,0.0,0.0,0.009054008871535258,0.001110206498408704,0.008399595200231313,0.008008588795499564,0.6281716835268336,0.14104196027720833,0.29545587973431353,0.12692809477783548,0.29791680822253575,0.21781530886306022,0.6455657851964125,0.6442733385318766,0.5830749586036377,0.5486782553782554,0.5048222744813259,0.6315042061792071,0.593781756431017,0.6202901320535172,0.5723605185503555,0.744639126523472,0.9105111884015559,0.5830749586036377,0.6305637160549031,0.48144170759554566,0.322582377926193,0.45098024247691815,0.18010564725971445,0.5898317127994542,0.39440631788920444,0.9286302631185387,0.581432598541977,0.4872168279111442,0.44190085560881115,0.6201873495596856,0.6649698642049049,0.784169212760036,-0.8503071771059288,0.05742644472334048,1.3442991583079096,1.256789956602841,0.3300948622979235,-0.1484226061602679,0.12186498578310294,-1.1668520248825185,-0.5848600954304755,1.2397097208000292,0.12583912138001596,0.26319229998699517,0.19843085538634686,0.14358537654625492,0.04722548495896847,-0.15875914753690026,-0.5408853269142541,0.9491020531086177,0.2086901199975533,-0.001396195988764644,-0.17576529702653457,0.6939690998728477,-0.19898950100998605,-0.09158907567415388,-0.20994224249462645,-0.34466702914216224,-0.3034192542848143,0.2551526306354735,-0.37876968668931704,-0.036614634406067194,-0.30052011245869725,-0.09255370488273608,-0.2729878793273748,-0.2217812091672934,0.0,0.0,2024-02-19,-0.6588364620277343
0.25961538461538464,0.24444444444444446,0.1,0.0,0.0,0.0,0.0,0.0,0.0,0.0,0.0,0.0,0.0,0.0,0.0,0.25,0.0,0.0,0.0,0.0,0.0,0.03706549008664486,0.005078604194848327,0.08434131688432686,0.03871903092458326,0.6369982781196778,0.24654466585057822,0.29288571464253765,0.0490155116923012,0.3075801092370366,0.4002595504356398,0.6468205461839787,0.6527346980593198,0.5923016205105516,0.5518763461948732,0.5079398356214764,0.6384867827799241,0.6008550756234461,0.6208832469387143,0.5863328109997676,0.7051397187233238,0.91737759756022,0.5923016205105516,0.6385225335677625,0.49068626173697477,0.336117097962543,0.3895681497156185,0.2508557876470575,0.4157798169314982,0.3948189323715573,0.9446018901512218,0.6164728965365223,0.5180816226747217,0.4673129724698729,0.6452443032627786,0.6979483998174092,1.1638162516144743,-0.3583676840371298,-0.6994603696913613,0.1243532671558377,1.0139814021273321,1.6006181398547557,-0.22440032634284246,-0.38239652740663127,-0.5933963673897792,0.30870059426815505,-0.5535265464809384,-0.719514711419946,-0.05335217069248136,0.058035274680165325,-0.003795804860298435,-0.4197201652192668,0.8416271091336861,-0.4260591424784675,-0.33989072578876267,-0.08325750010768589,-0.082382089511049,-0.12041001610615523,0.1547995429630474,-0.2364847559460577,-0.1939688268964182,0.4067464589953021,-0.05502170514798499,-0.3685749067760514,0.4791527803184176,1.3779264766454569,-0.17477231122449255,-0.6833905836038787,-0.20500760710534965,-0.07112301317821919,-0.18601703229511013,0.0,1.0,2024-02-20,0.9767068832988944
0.3557692307692308,0.34444444444444444,0.0,0.0,0.0,0.0,0.0,0.0,0.0,0.0,0.0,0.0,0.0,0.0,0.0,0.0,0.0,0.0,0.0,0.0,0.0,0.13442370225319888,0.02388754946717962,0.3174658249401635,0.09006949458353168,0.6292194866913267,0.2049399020892569,0.20597940877736043,0.10327755275687635,0.31559669229098075,0.31944720265043386,0.6456574388786009,0.6593807787040329,0.6006354424437864,0.5545873558675227,0.5110791902672558,0.6430960774929952,0.6067627156705657,0.6131896333172365,0.5958193291254674,0.651932315698159,0.8696341950787917,0.6006354424437864,0.6439909548066605,0.5009958380797417,0.3399928710846255,0.34655649245591674,0.23776925341872326,0.3939076652343446,0.39294307342791135,0.9223369332769497,0.5864005651264175,0.40985557260546646,0.37914985552840585,0.6429901197263802,0.6981206992704889,0.11409824530490359,0.6639827070925062,-0.6107660754799282,-0.9990823666607122,0.21222676782093042,0.09677542145079374,0.0035048595240052024,-0.6454695735331718,0.09906828939351991,0.1940851171544534,0.4995046148579388,-0.40430356426853864,0.24394907520348832,-0.09235250447835361,-0.226551314204187,-0.0865499568148105,-0.2695344094269804,-0.26761921617188555,-0.38096206921158526,-0.02793298213188866,-0.09108428852471799,-0.14308803939684248,-0.5709106641431297,-0.20569671457802077,-0.2071407339038807,1.047600798749429,-0.39291372625819937,-0.36739337085140217,0.9106456100292252,1.0240979840363702,-0.12528847573270985,-0.7061869342420184,-0.24070706275202378,-0.33056247072450534,-0.24954208787556328,0.0,1.0,2024-02-21,-0.8524364120598982
0.6153846153846154,0.6444444444444445,0.1,0.0,0.3333333333333333,0.0,0.0,0.0,0.0,0.0,0.0,0.0,0.0,0.0,0.0,0.0,0.16666666666666666,0.0,0.0,0.3333333333333333,0.0,0.2457616049223885,0.03357862860364368,0.4344063739900085,0.18343213245496887,0.6198958861079071,0.1766892432261677,0.21684660204187145,0.12206863546218148,0.3231781041264642,0.26441020807678467,0.6443602760331228,0.6619054467873311,0.6083565548071095,0.5579191034822948,0.5143066672440954,0.6454392312203889,0.6114635805347459,0.5981952407120594,0.6001122702648329,0.5903294075016066,0.8027394435399822,0.6083565548071095,0.646658056326767,0.5132805533931153,0.3318846227767663,0.32078772303480724,0.22178846874495026,0.3939076652343445,0.39120120440881145,0.8822168014000498,0.559701605333693,0.3822181739127674,0.3575912104133321,0.6123936236980453,0.6569944655163524,0.8449511701393941,0.12907537969258465,-0.8213103547652765,-0.12544729050939102,-0.09195507563838837,0.35196702249404294,-0.4753792099329327,-0.3404444829593304,-0.0722646372339387,-0.3926262234946126,1.3894185046986576,-0.04551394421214055,0.08788631959031289,0.16682442477082624,-0.06852187596027223,-0.0064146621001372715,-0.17952765367287266,-0.5249655801597499,0.14157536934379733,1.1947945245762706,0.9082488365085674,-0.1607503429097252,-0.38777178861167866,-0.22921842421608662,-0.06081678668465252,-0.17169447468571866,-0.2533013907661862,-0.33822949649160755,-0.12382978912249701,0.6333354108525822,0.5185802180304687,0.03934848149851205,-0.37597115936186815,-0.28389789961291234,-0.2117338852360726,0.0,1.0,2024-02-22,-1.0305082651198116
0.5192307692307693,0.5333333333333333,0.1,0.0,0.0,0.3333333333333333,0.0,0.0,0.0,0.0,0.0,0.0,0.0,0.0,0.0,0.0,0.16666666666666666,0.0,0.0,0.0,0.0,0.1775992935997964,0.021459268019596325,0.35477326393908726,0.12405137650785016,0.6098948165905577,0.14161290155719855,0.22761493897062895,0.1314695676181126,0.33459781034012837,0.19697872548568257,0.639321970090662,0.6637604152613561,0.6157168520780318,0.5605004237856108,0.5169372639510311,0.6457517453652191,0.6149911715875396,0.5772588022497565,0.5989440876686353,0.5255530298687862,0.7309860447942869,0.6157168520780318,0.6461303530676694,0.5284885379996647,0.32154835113009606,0.2991178761912723,0.2479452986825331,0.32169741859380285,0.38212573131820693,0.7744885510157277,0.5371910623846632,0.34822373738614343,0.3312773575446126,0.5920497830565016,0.6315358563191851,-0.2309868738567781,-0.08142511812307458,0.32809141994458124,-1.1134458890088392,-0.5975258778794897,-0.1379458200545664,-0.11243066326258873,1.0585046297005023,-0.3160351659979586,0.19640565486121278,-0.412990141313001,-0.06862523512234996,0.009568782194160342,0.1684030859141649,0.344466063400146,0.12280459421369715,-0.5171434233952557,-0.14499167906060967,-0.43553010374122336,-0.8511504859827349,-0.17256325476429052,-0.20069767632501345,0.6067071591363238,-0.1909462333334549,-0.11515666912826228,-0.289083729115484,1.0361018668152968,-0.3517170985159401,1.0088722024890209,-0.7995763251293668,-0.31920309395789404,-0.324375808997939,-0.3927890069067934,-0.30493841197748334,0.38653177950175804,0.0,1.0,2024-02-23,-1.1168964874795462
0.07692307692307693,0.07777777777777778,0.0,0.0,0.0,0.0,0.0,0.0,0.0,0.0,0.0,0.0,0.0,0.0,0.0,0.0,0.0,0.0,0.0,0.0,0.0,0.04772932171547805,0.01254297129053238,0.07073072783640949,0.05588938742615387,0.6245406763866336,0.08659856697917487,0.22556287893970434,0.12853773997534326,0.33501178130486864,0.10315509213487171,0.6385682048868813,0.663281269627114,0.6242638012046807,0.5634191355901128,0.5200928933624979,0.6484620035346604,0.6194657040260854,0.5662009661327654,0.5955786561543901,0.4994906601880017,0.7066774311020584,0.6242638012046807,0.643985500133909,0.5478936461150612,0.3150518929090326,0.2909724458957995,0.23045048044208064,0.3427642749637864,0.375874334705267,0.7282200259584616,0.5531324206745329,0.4053904566061944,0.37564971805128833,0.6228067022203423,0.6702727940453694,-1.5697315965040475,3.129632119098719,-1.1630468968175827,-1.1801234071145343,-0.5945662479669451,1.4333601685421877,1.2279874156519595,-0.5256178213389687,0.38495912087499035,-0.8995476457968714,-0.14442742096793565,0.6424564995101996,0.11541292203085023,-0.09098497536829507,0.10684246572683027,1.0134723510612613,-0.3927438652117797,-0.5910802585551249,-0.42425389109639766,5.163427916778022,-0.10112052840964289,-0.2015417886536842,-0.6389088701172818,-0.2388393966786904,-0.2297041668187605,-0.27281315198983297,-0.47105371798335927,-0.39032685429904623,-1.3021466438402334,-0.0016253019590042746,0.15473723356661917,-0.7352143572290579,-0.3784184161395752,-0.31111021993982807,-0.363497707064839,0.0,0.0,2024-02-24,1.6540904827679226
0.3653846153846154,0.41111111111111115,0.0,0.0,0.0,0.0,0.0,0.0,0.0,0.0,0.0,0.0,0.0,0.0,0.0,0.0,0.0,0.0,0.0,0.6666666666666666,0.0,0.14494450406068296,0.026624484068930438,0.2730053170128347,0.14207685062064754,0.6273704744182955,0.08870272539666013,0.18185502448351165,0.133529724784001,0.331335497756298,0.1082185464484932,0.6365695573660357,0.6628963757879924,0.6328935338620014,0.5664700775804659,0.5231912540531815,0.65122786832828,0.6238422404183122,0.5561553598390117,0.5906779477705029,0.48128018207133727,0.6889968820646775,0.6328935338620014,0.6390406637823691,0.5706526098900635,0.30034226323319835,0.30074405709993596,0.2203751165303018,0.373207939652691,0.37321375093488407,0.7212031877812312,0.5693250335747257,0.3926676916665372,0.36578790743935713,0.6398059706024313,0.6941925585147735,1.2213848503812375,-0.07559703295899886,-0.9893385313441763,0.12526945074061266,0.029003366198573542,0.43593457347125747,-0.29019319408564953,-0.6519477070430435,0.28971130355552704,0.15992380385139457,0.3231288942209869,0.3933795383204761,0.2904688312785451,-0.11338342691584684,-0.3124032870023005,0.3064689211008739,-0.6001775136558789,-0.4158107855796186,-0.5099721193308291,-0.9280729986114281,-0.1738444997936725,-0.20187590084501383,-0.5565617277977564,-0.22283133315481815,-0.21348170426899551,0.9325440266016592,-0.18642571150260653,-0.35300543077465313,-0.306684186946402,-0.857544237335993,-0.3186915625539941,3.6751577229281573,-0.3997477791820258,-0.3185395007163178,-0.16974118586302975,0.0,0.0,2024-02-25,0.3143945229742817
0.4326923076923077,0.45555555555555555,0.1,0.0,0.0,0.0,0.0,0.0,0.0,0.0,0.0,0.0,0.0,0.0,0.0,0.5,0.0,0.42857142857142855,0.0,0.0,0.0,0.09859768107372634,0.01124851775621755,0.2204263248357509,0.08022044960955417,0.6760501999912224,0.25288502695512793,0.24125993076418212,0.11396186168408351,0.3505682249369605,0.3726199539000332,0.6462912022955878,0.6673246430788558,0.6437705839869909,0.570638035458551,0.5268627873001682,0.6616976117634419,0.6319105366401614,0.5736106962847662,0.5905946529057322,0.5384212783800761,0.7596767042730412,0.6437705839869909,0.6389085890394304,0.5923890811814043,0.3508387330815748,0.46040785083183355,0.16718564233713787,0.6201344358971154,0.3962462869556336,0.829383398124569,0.6051224252107923,0.5266724717686395,0.47055037667182525,0.7206345683122777,0.7929438731883067,-0.09226876622549533,0.39985471793894994,-0.20209827801062125,-0.9864028971964617,-0.504039663964131,-0.23016746737264449,-0.0064621666724872726,-0.402399188055635,0.43787620565394697,0.7945910687983242,-0.1263922815828694,-1.297529988655778,0.1262842354075851,0.07514878410193945,-0.0415771906934379,-0.7362274579007672,-0.4628700860782931,-0.5121908530732544,-0.4982025811601002,-0.8461393397815785,-0.18271279331289647,-0.1973903254736086,-0.4055973989607317,3.019195374747589,-0.21747915725506664,-0.22033584515343932,-0.34045841342614397,-0.3637246477875946,0.5614444693258039,-0.65014074273686,-0.34279571327020697,1.2536753279841246,-0.41249342776744247,-0.3104260911081449,-0.2621114121761866,0.0,1.0,2024-02-26,5.391435284481116
0.34615384615384615,0.3666666666666667,0.2,0.0,0.0,0.0,0.0,0.0,0.0,0.0,0.0,0.0,0.0,0.0,0.0,0.0,0.5,0.0,0.0,0.0,0.0,0.11069267106102446,0.01171307224845949,0.27882832955841486,0.08546980103684819,0.720782102671109,0.3908600556376466,0.2739039128701275,0.10922456889333514,0.3824413288513334,0.5640523460135388,0.6672342951208585,0.677489630714404,0.6559118836868995,0.5746230176124103,0.530895016818188,0.6780267448772026,0.6430714441261536,0.6101236583788733,0.5985547979218363,0.6338274483222597,0.7781698931478562,0.6559118836868995,0.6493296276718612,0.6046130618168726,0.37954003446715473,0.5776037207263569,0.13628623730511172,0.7452423015326441,0.4305550403692998,0.90191087148385,0.6573952218248633,0.6146769153285606,0.5378528681658341,0.7842760199287646,0.8660949664861333,0.12696946359475134,0.5101400640170854,-0.49299327146706196,-0.8173636155640823,-0.4163423832733808,-0.211638411078801,0.03736139363363083,-0.6177981069658458,0.6738358911633611,0.6555912501360313,-0.2345328641587173,-0.8968587643700148,0.06198376503950642,0.12154136741187799,0.20560399811410263,-0.4869882483287182,-0.6395123754957207,0.0295401234701249,-0.4564710809205801,-1.0123057729820255,-0.1965553029542672,-0.20438662332189325,-0.6112680508050795,-0.24823375107370782,-0.13495335249231588,-0.29813376861345914,-0.4824478783711763,-0.39201483735720216,1.8247658514575709,-0.8902232834498683,-0.36911585248685896,-0.4544196322409417,-0.302610575791331,-0.2466493717288242,-0.3764557400971135,0.0,1.0,2024-02-27,4.700762695380023
0.1826923076923077,0.2,0.1,0.0,0.0,0.0,0.0,0.0,0.0,0.0,0.0,0.0,0.0,0.0,0.0,0.0,0.0,0.0,0.0,0.0,0.0,0.08793716714693475,0.015265733043367343,0.19494642828458067,0.06833995772159628,0.8153680694956182,0.6854398893031715,0.4128011530009974,0.17937927318665098,0.44599176219917824,0.920444232647255,0.709888738466002,0.6969525714857825,0.6722718001628676,0.5810704049318944,0.5360180618267522,0.7076393311037614,0.6612087080754907,0.6900675501679722,0.6224972784210558,0.8233997504414942,0.8661697322667415,0.6722718001628676,0.6883653155996197,0.5926130491274681,0.48480140901157043,0.7871039118846388,0.08536310779986278,0.9072274002164502,0.47914332380601177,0.947498967493409,0.7448433838969855,0.8655744586207686,0.7353013993646051,0.9089363131785337,0.9994478469820873,-0.001037261537223591,-0.29899455320289103,0.3032915536722393,-0.06672241893972074,-0.25510146375498616,0.2966374764180756,-0.38578799136198555,-0.4419306864209886,0.6832662706349271,-0.09325167242966124,-0.07629093308220285,-0.29273286868678733,-0.02086249331483578,0.2662556507255897,0.3620596252433818,-0.1719412859607961,0.2797730318278233,0.4267599590768425,-0.5257911077910922,-0.7016539534317763,-0.1420039610451494,-0.18094828113954095,-0.49146257051747144,-0.22941510917893052,-0.19512336683587744,4.239720847364721,-0.42208759865804424,-0.3751947126697001,0.5231506118315317,0.4668515377708013,-0.20654546859737882,-0.3261801652935345,-0.41002631901397996,-0.12516452259941777,-0.366827218051379,0.0,1.0,2024-02-28,9.493531994124748
0.3557692307692308,0.3666666666666667,0.0,0.0,0.0,0.0,0.0,0.0,0.0,0.0,0.0,0.0,0.0,0.0,0.0,0.0,0.0,0.0,0.0,0.0,0.0,0.08207896548643717,0.021208881022082873,0.1214656321783689,0.08609630852527661,0.7925671526934155,0.5293397387771395,0.4273201153670517,0.23140992685193118,0.4751369132217683,0.6643472451562562,0.7447695597543245,0.7146102290002827,0.6856341913017586,0.5868108265990861,0.5412141289919633,0.7288884369359874,0.6761214560812894,0.7350419442516085,0.6515381519434067,0.8838736469833806,0.7579138617892537,0.6856341913017586,0.7133792270372421,0.5906370458067427,0.5045686453073566,0.6903039943861456,0.06950149363467287,0.9072274002164502,0.5242610155686729,0.8975921578449974,0.6760349222228359,0.8325413563385147,0.7129294264201448,0.8407447309608624,0.9066185471391972,-0.09671396043141117,0.5525251375684912,-0.32649967596608764,-0.5446842995003065,-0.45922816049164,-0.5216140770026456,-0.3543967455230485,-0.5976381681300295,1.3732435906445686,0.29953265513775407,-0.7526841003152077,-1.3597763841696193,-0.08349576904708308,0.05944844286010072,0.07818247721672772,-0.7895969138618385,-0.3460407277007939,-0.5436856661058583,-0.32271349203212274,-0.08863832140359558,-0.02857282919536038,-0.1051631288165098,0.6705948440730289,7.425875458268456,-0.21108452346899254,-0.24584233407615486,-0.3847790752583976,-0.33438800177394173,0.10962177942868674,-0.765098510858152,-0.03542906204574061,-0.7005539335063954,-0.3258941920560327,-0.28284145414984635,-0.1918107207686474,0.0,1.0,2024-02-29,-2.090089846865484
0.23076923076923078,0.18888888888888888,0.0,0.0,0.0,0.0,0.0,0.0,0.0,0.0,0.0,0.0,0.0,0.0,0.0,0.0,0.0,0.0,0.0,0.0,0.0,0.09915124580326051,0.01660113036343909,0.1955215009718407,0.08288129781098573,0.8142483402241214,0.3066584477575118,0.41960865323906726,0.2651698328649968,0.5016189581588923,0.34244964795556304,0.783563763996368,0.7336485936640478,0.6995844513792125,0.5931427752827043,0.5463331744732617,0.7504891553840638,0.6917181963142014,0.7779061095500808,0.6841938404043889,0.9267502835284789,0.7810521597595015,0.6995844513792125,0.7394319296816412,0.5886443695148726,0.508916256729869,0.6246903751413854,0.05875005975604103,0.9072274002164504,0.5661560150625724,0.877803339724629,0.7182533227416799,0.9101950390607834,0.7787163386697316,0.8227752457911612,0.8651870266208521,-0.4664802795396298,1.4426453846580078,-0.7410615070369014,-1.1517538919529313,-0.5650542492290543,-0.43347385923801574,-0.1435059671909149,-0.6483510868078242,1.2931990531884687,0.2071059535102866,-0.5103840073911389,-0.5904537410674368,0.08531997622121797,0.4302313589789415,0.3753770249895383,-0.19545959221668288,-0.48047063317913613,-0.5395241743981467,-0.5204229819997434,-0.016998432894869145,-0.18092879207576942,-0.20844819262098968,0.47808399213561953,-0.2552707641978519,-0.2211069866497059,-0.251464482800086,-0.4581824329882968,-0.37820819767386793,0.9529487239542115,-0.5881559640427538,-0.2905845791191309,-0.24233808981379037,-0.40152615660274915,-0.11600040506618246,-0.3773964876289245,0.0,1.0,2024-03-01,2.029873900109447
0.4519230769230769,0.4777777777777778,0.1,0.0,0.0,0.0,0.0,0.0,0.0,0.0,0.3333333333333333,0.0,0.0,0.0,0.0,0.25,0.0,0.0,0.0,0.0,0.0,0.1795708687574825,0.022339559413370035,0.3147189693669381,0.12883482629247917,0.8070788413249574,0.16326843049088025,0.42702035659410964,0.280174747708791,0.5067094897796722,0.15140203826327442,0.8107641595677726,0.7527524022166323,0.712647042435408,0.6006978647276158,0.5513973483914624,0.7675693974219902,0.7055681578912094,0.801894801549666,0.7155919149823903,0.911833267224719,0.7540071573276411,0.712647042435408,0.7591337038516983,0.5921246567958343,0.4833645596781435,0.6031297249812506,0.05521713614589413,0.9072274002164502,0.6050585145926219,0.865093177259536,0.6931569234054318,0.8567252707919654,0.7302031923965013,0.7919557395012131,0.8247457311562546,-0.4763896382715783,0.13947572393233879,0.36405463579860403,-0.6999209854012253,-0.5302561300111992,-0.4383541107034376,-0.25857125218764054,0.7274875611289142,-0.1632775971796179,0.29621469050524313,0.0005235130570331111,-0.5843330592234969,0.0730928866489356,0.010245877847731547,-0.28437650789435365,-0.4334941236327598,-0.50658742694789,-0.5145458627262272,2.0666972469409317,-0.7621434641120493,-0.18757774768559882,-0.20177635487602827,0.6447238984997853,-0.24834389681456912,-0.22984041793359766,-0.30328585462995283,-0.4928667682301362,-0.3513692139744281,0.7376325161781839,-0.760602180419241,-0.16813100132641703,0.06896235407102665,-0.3917470772691367,-0.3553242661028201,-0.3924061864956654,0.0,0.0,2024-03-02,-0.6578811548619723
0.2884615384615385,0.2777777777777778,0.0,0.0,0.0,0.0,0.0,0.0,0.0,0.0,0.3333333333333333,0.0,0.0,0.0,0.0,0.0,0.0,0.0,0.0,0.0,0.0,0.0870898014699386,0.01073514567326544,0.18613882061908663,0.06445937323206966,0.8269322194445072,0.18407883750461376,0.425714110218278,0.2835519251700311,0.49751593742970357,0.18243890933785645,0.8327999918621267,0.7749900994332823,0.7252086751872607,0.6087053564797833,0.5566062129245043,0.7853373759904538,0.7200300472075856,0.8264951742496096,0.7461183665082483,0.9014946287479095,0.7970098382372316,0.7252086751872607,0.7812356646539298,0.5918766245765041,0.4785944854807179,0.6035391241832236,0.04745698587913079,0.922901867275032,0.6428011554601089,0.917786331861807,0.7207382643038032,0.8984503185035871,0.7617772245753506,0.8102677088702825,0.8395822029560716,0.1628564438958081,0.35192603591418214,-0.3923430791329284,-0.5755486882890504,-0.41578369783279423,0.4669498460096559,-0.27554419721228574,0.6749602131645479,-0.2987642519385836,0.22051190506847554,-0.36070445142125535,-0.9253532062760099,0.14973268843998397,-0.052448863315752034,-0.28821211255136625,-0.3842200822658379,0.8848822394374565,-0.5773960539073438,-0.14442693142143523,-0.5474466441580518,-0.08957234170197133,-0.16998370870629168,-0.3021224859645959,-0.2092981760367947,-0.18409216910158632,-0.17894666562116646,1.145027897810125,0.059919426254349324,0.7526355838826485,-0.1349834892374826,-0.1969972031275019,-0.7198905211097268,0.464017611530152,-0.31938382823998424,0.1529796432491213,0.0,0.0,2024-03-03,1.833832389535761
0.25961538461538464,0.2111111111111111,0.2,0.0,0.0,0.0,0.0,0.0,0.0,0.0,0.0,0.0,0.0,0.0,0.0,0.0,0.0,0.0,0.25,0.0,1.0,0.017360920394442824,0.001486574375174208,0.02122307358681509,0.015254661548500796,0.917043632472933,0.5748597142522633,0.49950788899246357,0.3019397975610735,0.5365664684395416,0.6593572987576365,0.853906946072879,0.8079808419660928,0.742885460879699,0.6191590866637668,0.562856259470382,0.8154202071828549,0.7408546370436362,0.8920447836083083,0.7849495433164395,1.0,0.8445240187877567,0.742885460879699,0.8213337206584377,0.5812798171017848,0.5572438116202794,0.7486809412913834,0.025710428505169636,1.0,0.6858107476571569,0.9530856668304211,0.7949822025109359,1.0,0.817639086348649,0.9144644548748565,0.932912912475838,0.4485723203150399,-0.00221105439125146,-0.3526659879391261,-0.7294399271887776,-0.21646075853334742,0.41950458649553807,0.09152541134202592,-0.3209113767378375,-0.07186167106155995,0.4687880818532764,0.19288981645024927,-1.1225301654779736,0.09044070555793322,0.12286585888311317,0.09298359357287211,-0.613850651454787,-0.23664747730872646,1.6231774953341738,-0.12096067648746833,-0.20100140704956557,-0.13050714684637485,-0.12345621251053139,0.006591595809442941,-0.23316803067002329,-0.1744537013948257,0.49729336671962493,-0.27063466983541434,-0.1891411383559559,-0.8856578383708689,-0.11424158707650867,-0.18285603513217952,1.3947572090087297,-0.1584431526495861,0.01725843033464356,-0.2236659237340306,0.0,1.0,2024-03-04,8.173591649219114
0.7211538461538461,0.7666666666666667,0.1,0.0,0.0,0.0,0.0,0.0,0.0,0.0,0.0,1.0,0.0,0.0,0.0,1.0,0.6666666666666666,0.14285714285714285,0.16666666666666666,0.0,0.0,0.46104544723422225,0.10085399288522985,0.8928806643856521,0.31185025168817,0.8379945228780841,0.8575634296397394,0.6078892541275991,0.3455351887216063,0.6074786021297003,0.9202023946442274,0.8633372692923986,0.8309078419351703,0.7542729716770572,0.6275464635728978,0.5682442287833032,0.8276739005993556,0.7536153236603804,0.8908153704873157,0.8157442182822263,0.9046761246590261,0.6802018988976608,0.7542729716770572,0.8383686754062356,0.584473704109568,0.7007811427814498,0.5286983613497106,0.17024703948543046,0.6594415293881891,0.6905746444996228,0.9003885678712065,0.6869810095000195,0.696610899922816,0.5826199732035996,0.7860050765371915,0.8000055490670093,0.03345963860520967,-0.702070341168024,0.611163286693145,0.6813635271455404,-0.49009703996745335,1.0565993651686045,-0.058938683079036776,-0.6002955496905903,0.815169567020734,-0.18615524486395174,-0.5116547077091055,0.00010849867909370601,0.031019580210285263,0.1115517134958135,-0.008696750988389056,-0.04456564698843898,-0.029493351390398406,-0.4781840968558478,-0.4838978628809932,-0.5833820189223291,-0.12114446991263343,-0.178146769510115,-0.5289923821995314,0.18897169571362987,-0.20344156537977917,-0.2468246112299186,4.316719892836946,-0.3494749019001059,0.570525936198594,-0.15447046023172825,-0.22638526019690022,-0.304254703558589,-0.39846115275937266,-0.25458253943636194,1.636968943330391,0.0,1.0,2024-03-05,-6.628402455760396
0.5865384615384616,0.5111111111111112,0.0,0.0,0.0,0.0,0.0,0.5,0.0,0.0,0.0,0.0,0.0,0.0,0.0,0.0,0.0,0.14285714285714285,0.08333333333333333,0.0,0.0,0.20289283957571258,0.02754099496548911,0.26148779978474934,0.15652703604081994,0.8782346231314873,0.557965290613448,0.6128538307016852,0.32854881747392367,0.6410835311033464,0.5477042447944852,0.8766202598546768,0.8578530688510995,0.7677466905983447,0.6365888709828824,0.5741501880506238,0.8447624097219844,0.7687504753304524,0.9064691264586106,0.8438211819288977,0.8724403608806661,0.7129075615377991,0.7677466905983447,0.8604897361960662,0.586013992466027,0.7375938028201585,0.4517315883663734,0.14311430087040622,0.6594415293881891,0.6949982629961984,0.8615188194048994,0.7592076082365447,0.5634083735504583,0.47860544015371276,0.7925971993773395,0.7889269534646377,0.2466115764387831,0.09053997786371613,-0.24816899906990256,-0.13479713268255347,-0.38500280797346514,-0.05950588557946757,0.40897756572488003,-0.5619194785499184,1.14851970048961,-0.18865502508867185,-0.8486074726604937,0.7188392494399899,0.09944604814031183,-0.09878831672564399,0.3099170020872434,0.5528996130769882,-0.4277641004796176,-0.5881427938503346,0.7544346880198313,-0.5888988132282831,-0.07628877309001705,-0.1883982805479288,0.6492428237476444,-0.07177900765307639,-0.21496166275594059,-0.23078493819893298,-0.10182264805777243,-0.2593795115175049,0.9711849460829108,-0.6528618862074529,-0.19032935196444836,-0.7093653797092426,-0.20395882466061865,-0.32928686407517765,1.7138271629226154,0.0,1.0,2024-03-06,3.613733749494208
0.6730769230769231,0.6333333333333333,0.1,0.0,0.0,0.0,0.0,0.0,0.0,0.0,0.0,0.0,0.0,0.0,0.0,0.0,0.16666666666666666,0.0,0.0,0.0,0.0,0.15470481483351955,0.02354425157121778,0.40533950171076094,0.12455055683927696,0.8925231703903058,0.3665132546847199,0.6125871713320871,0.3025511146234878,0.6620229417762031,0.3244550107779194,0.8943577524078594,0.8811043518203416,0.7817881741518008,0.646116248089069,0.5801056344714846,0.8616080702363889,0.7839432717486037,0.9201198922286574,0.8692836516990614,0.8414288967820802,0.7331529928306635,0.7817881741518008,0.8821652502157993,0.5891885758697681,0.7257129124481855,0.4340834449454499,0.13101835711791915,0.6712537348878533,0.7003258977028638,0.8225175889475367,0.8085731874399831,0.6543152009953895,0.540917495611903,0.8136471810141837,0.8092492753979229,0.5719712765331415,-0.021142549045412937,-0.4482591290684943,-0.6501070136156345,-0.3400143292007996,0.07743555028225481,-0.3051750441788785,-0.6016718638746938,0.49633038238366467,0.11001425781952479,0.57007217431775,-0.028218541609581062,-0.031392248752627326,0.46527958333356734,0.8443169283823627,-0.004275790421278392,-0.5106757545931535,-0.5463092765709596,-0.4634049092888379,-0.7697153374748106,-0.12049656245470614,-0.18521812361989448,-0.5731204786138967,-0.22269599604846635,-0.21684759904605566,-0.24979034662543292,0.312352536458113,-0.26039084795829426,1.6390781140241701,-0.5936469888673899,-0.26434352860330057,-0.4988317072745972,-0.3436058486097792,-0.2831899115929335,0.8282291525918344,0.0,1.0,2024-03-07,1.2384196927533564
0.375,0.3666666666666667,0.2,0.0,0.0,0.0,0.0,0.0,0.0,0.0,0.0,0.0,0.0,0.0,0.0,0.75,0.0,0.0,0.0,0.0,0.0,0.03271524544298265,0.0024896971262186682,0.04819044865307696,0.029602117103365053,0.916514447219319,0.4739670563394841,0.6101271061619183,0.2555519579706487,0.7056560919368849,0.4149456437513947,0.9129542364043337,0.9021278917151079,0.7976097172136695,0.6567684974538681,0.5863368451789377,0.8798685758118434,0.7999898922816517,0.9376734772216128,0.8935124977028226,0.8267964359885358,0.7619203866823466,0.7976097172136695,0.9045714812135868,0.5950633839157387,0.7428778264503995,0.4666273935842601,0.11291332070480264,0.7290313662029898,0.7112403800663298,0.8929407024486916,0.8707696746388238,0.6599772641861136,0.5413645374642826,0.8479837813257001,0.8418485031350447,-0.05873183646883763,0.3951083461310544,-0.22841361336750324,-0.8066887490216021,0.028066638493913238,-0.30769366764279094,0.05087143973635111,-0.48044997664478045,0.393108161279803,0.45598138151845596,-0.14962811315664634,-0.9218716118431444,0.12161715089675748,0.10931714534253154,0.10718408641278344,-0.5332044422577921,-0.4873616793118306,-0.572945117036676,-0.38061183724084363,-0.3384925030214586,-0.14856160364158724,-0.17633774068534905,-0.5180170272409536,0.6024148401257123,-0.2152262746304242,-0.14513069799359518,-0.40230822218681217,2.1290794393418526,0.2579152441214006,-0.6780221583628293,-0.22851356354716285,0.3125637697159874,-0.12166886725924088,0.31432729786415775,-0.2595938743364728,0.0,1.0,2024-03-08,2.0539401213709896
0.2692307692307693,0.2555555555555556,0.0,0.0,0.0,0.0,1.0,0.0,0.0,0.0,0.0,0.0,0.0,0.0,0.0,0.0,0.6666666666666666,0.14285714285714285,0.0,0.0,0.0,0.11539434636538982,0.018982168981302863,0.254591746582494,0.11400265940130193,0.9199839444566831,0.14321918373552656,0.6111481295346743,0.25328492261877394,0.7101250493615223,0.07181780522566679,0.9135646193576121,0.9133646447716683,0.8131832811599898,0.667358673024455,0.5926385801375644,0.8958991704751484,0.8151340985384294,0.946181953309652,0.9147660246008675,0.7915050924295282,0.780180059265989,0.8131832811599898,0.9242097234043101,0.6035991872407063,0.697152812457935,0.4571003596882185,0.11010643521517996,0.7290313662029897,0.721375256546691,0.9222136511949021,0.8934720214936009,0.6860536017783598,0.5594726189807129,0.8687114043632068,0.8675334096295002,0.9618689787373642,-0.14996952689112822,-0.6922521938275801,-0.11822676552420221,0.4005691153464674,0.6167978149042502,5.247186716584874,-0.6460918582219173,-1.3106403820782135,-0.23026162360725422,-0.5577840336011864,0.35778054847172,0.03153708124930043,0.3042675252983248,0.6886990729604453,0.1728522698473918,-0.620044735062344,-0.6112133996864499,-0.5291744350169183,-0.9439392463169456,-0.21824420556797916,-0.2118739222226371,0.713516542540676,-0.25847510595648915,-0.23264171055962893,-0.3126862195756036,-0.4698157201397728,-0.20303211235784727,1.6920374220871883,-0.9286312059076639,-0.3737156529327283,-0.6393550004562591,-0.40401508470032826,-0.36644997332817025,-0.3857530245614211,0.0,0.0,2024-03-09,0.2910524006418447
0.625,0.6333333333333333,0.0,0.0,0.0,0.0,0.0,0.0,0.0,0.0,0.0,0.0,0.0,0.0,0.0,0.0,0.0,0.0,0.0,0.3333333333333333,0.0,0.13014681568801215,0.018966421371396355,0.28511075771448763,0.09321505412127623,0.9290754043819534,0.2670460979430081,0.6001886379813762,0.24147335952030335,0.7260690279869184,0.19399663065307488,0.9324722107107679,0.9280269464058875,0.829578785081497,0.6781354839568687,0.5988471593736598,0.9109817715999387,0.8299065329696009,0.9507676361350533,0.9327769339117384,0.7530432242287068,0.7778043663962588,0.829578785081497,0.9414219611710801,0.6165297233889082,0.6765406378997667,0.4900478654159628,0.10201894829102348,0.7645848791723393,0.734458253466678,0.9454854803129447,0.9309603667875532,0.6596759803963345,0.5393002285098588,0.8705386459798765,0.8648851779579543,-0.3040678952678628,0.03282908432839737,0.2980309887803697,0.0961784412015864,-0.46512176419449613,-0.31346112878874954,-0.22887621273443323,-0.12516766111644123,0.262974511735306,0.39231240366475756,0.32267876041581905,-1.2604058513368037,0.08805157991323528,0.1577867471971614,-0.1841174552854891,-0.8859066253387663,-0.50095109400573,-0.595687340550214,3.9059775816536324,-0.9349495032950041,-0.17413832822935518,-0.19693251244127735,-0.4909859196238994,-0.222756222685598,-0.13340528988031303,-0.2713239899790602,0.3930339070027313,-0.38294738397582534,1.1841584768637987,-0.925723606672382,-0.2892637586955766,-0.7281553305458007,-0.344363521079632,-0.34798601386587463,-0.14740354557531005,0.0,0.0,2024-03-10,0.7604594828588107
0.5096153846153847,0.5111111111111112,0.0,0.0,0.0,0.0,0.0,0.0,0.0,0.0,0.0,0.0,0.0,0.0,0.0,0.0,0.0,0.0,0.0,0.0,0.0,0.11849529187360833,0.02264663780654691,0.303570912245193,0.10097911689935223,0.9832520571164876,0.5312757093751123,0.615409410066908,0.21657698138944015,0.762097572414425,0.44055499766114975,0.9542729080026695,0.9461795741315278,0.8484453021695734,0.6901824307529401,0.605529919268095,0.9327913423800216,0.8480541425597989,0.9783774986774971,0.9532552406225836,0.7823099234448683,0.8010434739184238,0.8484453021695734,0.9655285376074958,0.626510497968912,0.731614764640452,0.5237871753495126,0.07900110497175841,0.8284692683054796,0.7532048621490951,0.9640197873640027,0.9999999999999998,0.5715993490398605,0.47494702911643344,0.9732100343682428,0.9722028564324638,-0.3154141129715666,0.5637692538454455,-0.13831549719316757,-1.008820116453948,-0.5676173898172875,-0.2809614559135115,-0.07936728647436508,-0.4395512075934392,0.5987869165837424,0.699274815416493,-0.12810587157903874,-1.0582582981382889,0.1517265281986535,0.04961503464025464,-0.08812626652304867,-0.6131070031397039,-0.2499977411180125,-0.5008369124143535,-0.47572248022032165,-0.8662975016953502,-0.17215857125135972,-0.17661639316803596,-0.5277840544109017,-0.24394165787834837,-0.20079046259995775,0.15131737385836688,0.41838337963677924,-0.3295168677025548,1.2404037862503419,0.27393834175457704,-0.32216289702343986,-0.09983558535130387,-0.3016646109503506,-0.27008765389361333,0.4891757333791104,0.0,1.0,2024-03-11,4.497430707429584
0.5480769230769231,0.5555555555555556,0.2,0.0,0.0,0.0,0.0,0.0,0.0,0.0,0.0,0.0,0.0,0.0,0.0,0.0,0.16666666666666666,0.0,0.08333333333333333,0.0,0.0,0.2014138817322779,0.03248259495415083,0.5065073169164538,0.13744532528471365,0.9720363567722394,0.5034542569973238,0.6232317452856253,0.17772605465610297,0.7998701930775003,0.3938766098441036,0.9707791474074017,0.9638976008324915,0.8671245505411035,0.7027792850367238,0.6119783709915212,0.9493725997777218,0.8639322193654406,0.9857834033210188,0.9712659536852828,0.7530408964576645,0.7577677822554094,0.8671245505411035,0.9818354350947605,0.6450045405050209,0.7530163412337865,0.45966364483746947,0.06497029864012621,0.8284692683054796,0.7706124273541968,0.9632062926123851,0.9342824874595124,0.7378600429016086,0.5873512139106467,0.9390108232684975,0.9319750095708421,0.3920298504133384,-0.17038431138823745,-0.16010898951956185,-0.3023514526891502,-0.528742343494639,-0.01424792160901734,0.6437554024499016,-0.35431286249606503,0.23750651922006144,0.7456991920838888,-0.3518492883487678,-0.6079901262243048,0.18595390982449445,-0.07537885131908778,-0.3874466834294479,-0.3278428541900913,-0.5898751939323789,-0.07000343236664718,-0.5158197701896235,-0.8963367999267514,-0.1899288244904882,-0.2007331419287615,-0.3686125172494077,4.353389019889946,-0.19689568027711588,-0.254427927966795,-0.4583173262701424,-0.3878017019767628,1.0498989246621726,-0.7113540066383456,-0.3475300255887549,-0.40367751863192514,-0.3582411254463942,0.10226618305470048,-0.3707026426031864,0.0,1.0,2024-03-12,-0.8909905479502545
0.46153846153846156,0.48888888888888893,0.2,0.0,0.0,0.0,0.0,0.0,0.25,0.0,0.6666666666666666,0.0,0.0,0.0,0.0,0.0,0.5,0.0,0.0,0.0,0.0,0.20930055099658237,0.03664311349144984,0.5559137712238768,0.18290546103282582,1.0,0.3772732393708649,0.6176101015253902,0.09709472209301126,0.8252511607692907,0.2656435729273209,0.9881100152010163,0.9824867481571475,0.8878354891502657,0.7158741316632105,0.6183450482941159,0.9680727552093129,0.8809410684240448,1.0,0.9887998117115182,0.7473847451939735,0.7518480406727851,0.8878354891502657,0.9972007490561716,0.6686031619982025,0.7386793527466373,0.46043445063267685,0.057709675355866574,0.8455217773987548,0.7885378133736085,0.9692140680075144,0.9849329013678545,0.7077702643426875,0.5616348819832468,1.0,0.9985873144232811,0.6754889526817061,-0.018494209041324473,-0.5440369656427874,-0.41413770486359536,0.39090827980385034,0.9563814653799295,-0.06459041461655522,-0.6421531189052827,-0.07575566318835718,0.5948655568391612,-0.35290825398254355,-0.8726925193605644,0.11031448543200287,0.08398380731843175,0.07204121847140525,-0.36177035103638666,-0.558369612237128,-0.052164085179604226,-0.4868338605044632,-0.9769281807507523,-0.1881422441961999,-0.20347622179030414,-0.6416323567406834,-0.23367560869287846,-0.2294011770352212,-0.2822679621230511,0.1066888168810299,-0.374895416041607,1.6838266196036908,-0.8407895158812049,-0.3381772744050258,-0.6683556988618292,0.20141539134831304,-0.3526058476700668,-0.11114074774899287,0.0,1.0,2024-03-13,2.241441023956781
0.5288461538461539,0.5666666666666667,0.0,0.0,0.0,0.0,0.0,0.0,0.0,0.0,0.0,0.0,0.0,0.0,0.0,1.0,0.16666666666666666,0.0,1.0,0.0,0.0,0.31527630989942074,0.0297078660886244,0.3607633367066647,0.19317700066412688,0.9705581559646046,0.4774134761041141,0.6333114098757027,0.022160840564854546,0.8677418065699243,0.339154457214573,0.9986087774924115,0.9882347236497699,0.9074871477547072,0.7282131692487672,0.6239364561760563,0.9789792469852718,0.8942611290174278,0.9860948537289543,0.9997700778635126,0.6695315914364709,0.6316137981405832,0.9074871477547072,1.0,0.7044140736044144,0.7803729037323742,0.3893144368637975,0.18023524466655927,0.5397055270256138,0.7735974812519295,0.9250631522757747,0.9223248820107044,0.6005864255861624,0.49451405507943424,0.96567119399601,0.9701689052827669,-1.217564371912371,0.0821294436057988,1.082100897949219,-0.43016498002121517,-0.3616200608355754,-0.6295664625701825,-0.4593356032553753,-0.24929721673892918,0.9885798496027207,-0.35103360424990604,0.10872389860381844,0.2834831646410618,-0.03363419458987842,-0.20043841845188579,-0.5685070514100847,0.15860205339299263,2.2637476837956534,-0.14350579143092304,-0.12216624104722393,-0.565241325596569,-0.09389889273506703,-0.15867942473497226,2.104404871318947,-0.22510738363844998,-0.15703361916218275,0.04090358116450337,-0.11568053862643567,0.6055414731074192,-1.2078632025310294,0.5578153546615094,-0.2046163736342556,1.027459211495351,-0.39527599043674855,0.42032177703637313,-0.18973308298862016,0.0,1.0,2024-03-14,-2.30819028918976
0.75,0.7333333333333334,0.0,0.0,0.3333333333333333,0.0,0.0,0.0,0.25,0.0,0.0,0.0,0.0,0.0,0.0,0.25,0.0,0.0,0.41666666666666663,0.0,0.0,0.2598110900457511,0.028255936455244504,0.47131543861340014,0.19304099211005696,0.9357771449681767,0.6421647983503053,0.6430476249731358,0.03150614120512391,0.9380405783568244,0.4483638996798704,0.9999999999999998,0.9987375195022945,0.9244456576948407,0.739823532667313,0.6291883552066936,0.9823994723286604,0.9037251776811821,0.9472186971399605,1.0,0.542136459309303,0.6108810857314421,0.9244456576948407,0.9936623816933485,0.7452884604453582,0.8484525280590387,0.313991473392057,0.27971015448919645,0.2867863243436315,0.7336022985296149,0.8477834004437498,0.8400441379541204,0.4565346749569004,0.4067375250578252,0.9233878899960295,0.9333774709482223,-0.14547030593730792,0.6522724054926227,-0.36634038409797814,-0.715093195285409,-0.3843198379528084,-0.3501598095901328,0.7704340549794736,-0.37178738557080365,0.5167233385140632,0.14770078635271466,-0.28506061959036205,-0.32167048009099203,0.16540226040864145,0.025464274210322834,0.15389951125370044,0.09912992469136762,-0.3768280691106746,-0.5350802847164323,-0.24557399960837578,-0.5514562844182483,-0.16703465959816,-0.19483398286283068,1.7392028014789331,-0.24424920704886321,-0.20961700396007568,-0.23610438024723618,-0.4240098142622301,-0.2998120939900424,0.7076617850743285,-0.6439475323753365,-0.3035303333784634,-0.36225820730550023,-0.3179002570216356,0.05841943155005947,-0.3496615370598356,0.0,1.0,2024-03-15,-2.7911980219644583
0.40384615384615385,0.37777777777777777,0.1,0.0,0.0,0.6666666666666666,0.0,0.0,0.0,0.0,0.0,0.0,0.0,0.0,0.0,0.0,0.3333333333333333,0.0,0.08333333333333333,0.0,0.0,0.09963132957646584,0.00787537971424387,0.11712688545130355,0.05779929478117815,0.8644171748294418,0.36521690493923975,0.7139538561068071,0.08712067581970166,0.9730293989615821,0.208464372619117,0.9753309217512525,0.9972533924087761,0.937361749576744,0.7490812015615036,0.6336962174305371,0.973376566928936,0.9066011782205092,0.868005238589864,0.9827701470914494,0.335039708445289,0.48508397633001554,0.937361749576744,0.9745936844185605,0.7926429349365587,0.8834082955163737,0.26539279753411904,0.2795944387899766,0.22381032688840236,0.6899596235978157,0.6526976680589857,0.7908333540585999,0.2731265386904031,0.2981808778381039,0.7766316655725553,0.7748279772922574,0.36584672884150654,0.3397027753524804,-0.5655063632371458,-0.30489032819035156,-0.24325534030653537,0.22086953177767463,1.0355269158190503,-0.6069069504221247,0.3351117363291207,-0.3339453984543642,0.18166560959861225,-0.14384217901596358,0.10689064191278756,-0.10884502334698445,0.02215676370067173,-0.11990880228126582,-0.228880735304451,0.07571142137268826,-0.09108047470937501,0.6198423780168256,-0.06254585996465724,-0.17561610058204494,-0.1502035971816327,-0.21976793492993812,-0.13737094201728367,0.36098560082012265,-0.252240577484092,-0.14888222215325575,-0.017977233387749883,-0.634408867354216,-0.1461302529590164,-0.4047546117643286,0.42191849385396846,0.48837614056440987,-0.07788274799821004,0.0,0.0,2024-03-16,-5.891115205258901
0.6826923076923077,0.5777777777777778,0.0,0.0,0.0,0.0,0.0,1.0,0.0,0.0,0.0,0.0,0.0,0.0,0.0,0.0,0.0,0.0,0.0,0.3333333333333333,0.0,0.25260491833353543,0.03564314026238668,0.6055547523814113,0.15971455566439455,0.9180945035756394,0.34651806736198665,0.7338221636620237,0.12403824165476558,0.9848772892176734,0.19031236385887645,0.9641330666115884,1.0,0.9505501485680196,0.7594310906827753,0.6386547277083697,0.9747057847527791,0.9136923783450017,0.8306140516288786,0.9607664204022319,0.2784150528319864,0.5541894484747382,0.9505501485680196,0.9613160675961943,0.8339409752848623,0.8978511430696441,0.23029441808399553,0.261088019244347,0.20404036378832738,0.6473924000031561,0.578246736038293,0.8378113359417212,0.3824071655745756,0.3629342280245126,0.8633954539643185,0.8614550509980479,-0.2509822113933772,0.8844817639815795,-0.4663108094227936,-0.9298838318024492,-0.20529343786170431,-0.01021520965796438,0.12218839184013648,-0.38202427559629915,0.5972537343602766,0.1201204036938954,-0.40152479429015314,-0.608874088662366,0.11710695456659377,-0.03332815619741391,-0.26196584741128576,-0.31362322668706055,-0.27889684684785315,-0.3811489121048453,-0.36301276336495814,-0.026656433861232655,-0.14390686840023234,-0.1961009823636691,-0.14630590701710247,0.9293699655091068,-0.16446852893437744,-0.14224273403116217,-0.22288093763736916,-0.2427317523222684,0.7672753204354734,0.226411014242498,-0.2573080324795907,-0.38910018152545356,-0.36801267791899606,-0.2851441604104234,-0.20563693915585665,0.0,0.0,2024-03-17,4.708722796395115
0.5192307692307693,0.5222222222222223,0.0,0.0,0.0,0.0,0.0,0.5,0.0,0.0,0.0,0.0,0.0,0.0,0.0,0.0,0.0,0.14285714285714285,0.16666666666666666,0.0,0.0,0.1479454269962398,0.01596807644519753,0.39455769199877916,0.10729772706555757,0.9033983977692681,0.3865027891771523,0.7353942941424793,0.14434722760520208,0.9843259409477021,0.22240924621975428,0.9440794221048521,0.9985912099019132,0.9605004614917158,0.769482517736316,0.6435310709688319,0.9733762934409258,0.9190459147974701,0.7867584528853095,0.933522498888484,0.21625919347782702,0.5140230937206836,0.9605004614917158,0.9492009395483176,0.8674886455604767,0.873159721069196,0.21449170777387233,0.2456675287728277,0.20698901426695426,0.6081702350858544,0.5322982022086475,0.7860588344145163,0.21359901116086835,0.2687919155759725,0.7552539740207587,0.7317460567341736,0.06720580450741025,0.39147436479035097,-0.3391684312922373,-0.9539256458030624,-0.36524105569187637,-0.03970375115306511,0.16747233492453562,-0.582385897314586,0.3982230943771389,0.8113776625908874,-0.1783715127946005,-1.3150210768013935,0.13786349937204223,0.06917847603330307,-0.06250638524325915,-0.7317825430173952,-0.6325884542863979,-0.6074063095778571,-0.5055833356260986,-1.0022514922385763,-0.21215665072696238,-0.19628324076339476,-0.630224736023285,0.10438542492596402,-0.22886579405046628,-0.303337023426949,-0.4789042222961657,-0.3520200101154205,2.129990026682413,-0.942117623582726,-0.37236092923610464,-0.5460036930718617,-0.3987471652365692,-0.3388636918442491,-0.3642244668048671,0.0,1.0,2024-03-18,-1.23120859035869
0.6730769230769231,0.6,0.0,0.0,0.0,0.0,0.0,0.0,0.0,0.0,0.0,0.0,0.0,0.0,0.0,0.0,0.0,0.14285714285714285,0.0,0.0,0.0,0.24488990943042058,0.04859869893246953,0.6342971423063949,0.19515346539667475,0.805035526298409,0.6060521598199143,0.8532192361069253,0.21894576263057788,0.9742805862042176,0.40218693507294906,0.9097183773965261,0.9862446421408781,0.9599374666173833,0.7768200741978211,0.6472428009840526,0.9558249778850874,0.9158882180687511,0.6898103825180633,0.8904149050688461,0.028094398522181985,0.3120480456082675,0.9599374666173833,0.9500819464737946,0.8653677670626119,0.9316419453784395,0.1691011112888321,0.4185625431630685,0.12299880132504426,0.5630749708608611,0.3949265852905112,0.7080902499587938,0.0,0.1467429258272509,0.5110839124678325,0.49074255166118635,-0.2356118818977956,0.3477743154532259,-0.028749794022894192,-0.93883933745529,0.15628447162465275,-0.3072271499832665,-0.3960084355325248,-0.47390233898196743,-0.9250895109581577,-0.15712770299256856,3.240538849140066,0.00277135395889581,0.21992089328141637,-0.054454026781024865,0.015903200168995504,-0.1569550647283194,-0.3776874487470541,-0.552954746330687,-0.3489983694275292,0.42046109488711303,-0.10349741679980032,-0.1702006446160292,-0.2723301714737187,-0.12364702069383036,0.338161314150921,-0.2083700894679163,-0.43351969072390145,-0.3657680758959887,0.7299164458940796,-0.09925803073846488,-0.1546239462584533,-0.5393894772941737,0.10026274149860363,-0.28837852058015234,-0.2856446908989908,0.0,1.0,2024-03-19,-8.343356981432349
0.4519230769230769,0.4222222222222222,0.0,0.0,0.0,0.0,0.0,0.0,0.0,0.0,0.0,0.0,0.0,0.0,0.0,0.0,0.0,0.2857142857142857,0.0,0.0,0.0,0.03673826636306007,0.008733624454148471,0.05822048736607071,0.028969822016891106,0.9097701645565359,0.5407422356694815,0.9381196565856678,0.3007071638521816,0.9757234052266361,0.3489983463690872,0.9043195565920532,0.9841710733570141,0.9663235705683525,0.786654052910541,0.6527019550058685,0.9584642957168084,0.9216047535168219,0.6701690049739615,0.8516109925868016,0.07914193031858824,0.5130285898538903,0.9663235705683525,0.9468873002848179,0.8816804353356031,0.9999999999999999,0.1278210309985363,0.383432297405104,0.16133166160159415,0.5251598938512654,0.36653994918445226,0.7782602678207231,0.1881668493920267,0.2561373644900027,0.528401118797229,0.49381990552478944,0.46606449160704944,0.042032227285696305,-0.4056891933634532,-0.39611089391762444,-0.14933336833031496,0.4822026560648479,-0.08124709834189431,-0.6018771787029219,0.2052450805942007,0.4408381165819455,0.14677203750644538,-0.8674498005293578,0.08249459698704088,0.07806629878675982,0.0015087242151654988,-0.5155068454018573,-0.4173246308295215,-0.19125367289694792,-0.2854790135123651,-0.59249594107762,-0.1184766809304119,-0.14388508261471825,3.6495037236519265,-0.22527639091716814,-0.07954348942140611,9.613737454441019,-0.46529829434805947,-0.14533194625558715,-1.1350238644080584,-0.7236053664307746,-0.2606158205282856,-0.5350764596893492,-0.25829418732844056,-0.32246691185260185,-0.34017810903406226,0.0,1.0,2024-03-20,9.692504638897836
0.5865384615384616,0.5444444444444445,0.0,0.0,0.0,0.0,0.0,0.0,0.0,0.0,0.0,0.0,0.0,0.0,0.0,0.0,0.0,0.0,0.0,0.0,0.0,0.1749416913866188,0.02614103244480069,0.39084863380078066,0.1399470145398932,0.8674937032698682,0.3444372028287661,0.9609709931532269,0.3538526908840354,0.9805037535112913,0.18977008831583575,0.9049582168858215,0.9717375106984549,0.9692247794870651,0.7956794902516333,0.6576230358812943,0.9536374979807762,0.9234101464338706,0.6260515103637017,0.8108693488916996,0.05615779465608167,0.4209190416796078,0.9692247794870651,0.9438342429463855,0.8909158754982449,0.9931183983781123,0.11263229914590528,0.3539531284724271,0.15523183949537808,0.4893230344132572,0.29213561000218335,0.7315307590578219,0.15670901182760283,0.23539040138707437,0.49516898349549565,0.468233923773817,0.155412764425613,0.41011436642253035,-0.43456133547404907,-1.0759920786017403,-0.4816425677336881,0.015696692889837528,-0.01213320326869398,-0.6123576996247183,0.7075448855255285,0.5816198874231178,-0.2997737997198645,-0.624533472985036,0.1678355915717829,-0.018048866720594386,0.02777136052220349,-0.23458392370249107,-0.5955363619991263,-0.5610007755247749,-0.45926508500640084,-0.9189697088883627,-0.14465269365458652,-0.19538259022831808,-0.5782586217092808,5.5419257542816185,-0.22278124395759316,-0.2751943653120093,-0.0373830260484523,-0.3990348329515465,1.206789804076802,-0.8949535298938972,-0.24913541026038333,-0.4663490242799867,-0.37143389977414587,-0.3508660855315019,0.27177938316562283,0.0,1.0,2024-03-21,-3.5667063539995048
0.33653846153846156,0.32222222222222224,0.0,0.0,0.0,0.0,0.0,0.0,0.0,0.0,0.0,0.0,0.0,0.0,0.0,0.0,0.0,0.0,0.0,0.0,0.0,0.09372815462162652,0.006582500940919692,0.09996626668594284,0.04255476152925703,0.837602917609241,0.317345890342503,0.9710422099556493,0.3811587138058202,1.0,0.16346085291362333,0.88824887031724,0.9572980639225144,0.9708879613546643,0.8038359037074907,0.6618986864476218,0.9445615956812814,0.9226158963336992,0.5704441469428291,0.7660516594272975,0.007810331242748547,0.3796666606757979,0.9708879613546643,0.9407879561871106,0.8976866798559389,0.9991139565361141,0.09282953940395505,0.4091444463246484,0.27151441015024824,0.4680558545090385,0.36313973871456007,0.6880361859847974,0.1686950267788318,0.23827117344571327,0.4071690411966379,0.39216415585248976,-0.13388815422589861,1.4997276681009184,-1.089643879883379,-1.0822885618789828,-0.4902409672106977,-0.4128764157185276,-0.028135033958604304,-0.4616642293606402,1.050255627546385,-0.15439024226081094,-0.16745214830327995,0.29464151673624794,0.2165773033796912,0.09015730223500978,0.033184593074501306,0.41268183091025407,-0.47041764099215827,-0.5799020491637804,-0.2926438468829405,-0.8549812376467059,-0.19111590552347157,-0.20207485679015716,2.5595615818629494,-0.25099718975794266,-0.2277221326987735,-0.2227067724129281,-0.3891397241806282,-0.25591584002159473,-1.2822289356539123,-0.06666627948296264,-0.3315995637642582,-0.6635543046650914,5.615955881902602,-0.35659038992397724,-0.34296035911959344,0.0,1.0,2024-03-22,-2.615044343853401
0.40384615384615385,0.35555555555555557,0.0,0.0,0.0,0.0,0.0,0.0,0.0,0.0,0.0,0.0,0.0,0.0,0.0,0.0,0.0,0.0,0.0,0.0,0.0,0.18071621322895595,0.019671914295207846,0.3895153647213789,0.13424188976651383,0.8425498657137878,0.1707511108828026,0.9676544911127936,0.3773585855231977,0.9983135713451976,0.04801824055629959,0.875617249283845,0.9403864022998889,0.9717389285009829,0.8120606144960207,0.6662050842793387,0.9377081143986248,0.9222885896176463,0.5266746772041027,0.7205755017544051,0.0,0.36141136449917344,0.9717389285009829,0.9394839834385309,0.900860869424625,0.9793022284621126,0.0800051737567368,0.3835137784037812,0.2715144101502484,0.44830775888369256,0.25681071142388706,0.7140260817091604,0.35572441707101027,0.34548758925487366,0.4278439654086305,0.4098607690172818,-0.2062319281716341,0.8338542897896173,-0.4641669523797447,-1.114666121735113,-0.5003166644586465,-0.463938295500442,-0.15653141527231723,-0.6167429185512948,1.0327421696850307,0.4060125571246296,-0.2837089583594259,-0.6810918764066994,0.12118333214693845,-0.007187501145834431,0.0011062094775388042,-0.23219488881992764,-0.44522600516404104,-0.08781662018666922,-0.47439824284957766,0.6190796553464458,-0.14503586088815346,-0.1980266609751303,-0.6440703597093886,-0.19526235669308986,-0.2154441886236704,-0.17998835662132176,-0.403461019798831,-0.39216746131520724,0.2581078936158397,-0.08604101471049763,-0.13474799339717666,0.6874809865524055,-0.37445284374997145,-0.2765486829508938,-0.31577825298577933,0.0,0.0,2024-03-23,0.4444134671348854
0.27884615384615385,0.26666666666666666,0.1,0.0,0.0,0.0,1.0,0.0,0.0,0.0,0.0,0.0,0.0,0.0,0.0,0.0,0.0,0.0,0.0,0.0,0.0,0.06484915576156437,0.013146104749951577,0.15497727017171864,0.04536753417938371,0.8979107425987056,0.19246180763874987,0.9812841340929384,0.3574213291213831,0.9499267154658058,0.07286264696186186,0.8948973287873285,0.9325833700689365,0.9706964243735122,0.8216112713911015,0.6713847439476498,0.941154147245842,0.9265526527433081,0.5219192784611826,0.6831491785392712,0.09548201834758047,0.41849609758315465,0.9706964243735122,0.9384713187327134,0.8999455356886594,0.9772912206641672,0.11735251913012323,0.35210978672797333,0.14209752072333173,0.4166037981107048,0.30492436549233115,0.7426084213331505,0.3598508185711796,0.3494269911125698,0.4884322588007911,0.4592281955350347,0.7279632595392369,0.156951975859048,-0.73903541125131,-1.095984811464706,-0.6328081039209758,-0.6908456397238526,0.7777967149725098,3.0064645995376744,-1.347384009277445,-0.6740475488180949,-0.9895985619438713,0.9846796468643348,0.33270242134923794,-0.32473331811403483,-0.008206897386487994,0.5686248044497563,-0.4475287064142986,-0.5548601847440224,-0.35780770740592927,-0.9043594744769611,-0.18547534426155707,-0.1998697633601473,-0.6379027267475391,-0.2010472673956803,-0.22710962589193398,-0.3034623365511419,-0.5006660140643114,0.08432906837223665,1.9812530291040855,-0.7606556244094457,-0.30126044471737473,-0.7321666932626685,-0.3371687580663691,-0.35816393914524175,-0.3947787547839363,0.0,0.0,2024-03-24,4.951388799118828
0.4326923076923077,0.41111111111111115,0.0,0.0,0.0,0.0,0.0,0.0,0.0,0.0,0.0,0.0,0.0,0.0,0.0,0.0,0.0,0.0,0.0,0.0,0.0,0.04083636565156043,0.007336811455441351,0.058254220680127866,0.03682938016271832,0.9454643303180899,0.3287747816293301,0.9908074381765928,0.31382603777342594,0.8830162547665579,0.2033525012452415,0.9023071242215392,0.9336238671218993,0.9765521899463637,0.8323963665241909,0.6770585923052425,0.9520113552007712,0.9344239036780095,0.5432563482430803,0.6578987277550199,0.23990447584580288,0.4519463947828801,0.9765521899463637,0.9404572346679434,0.9093043466208637,0.9935615400520718,0.20713330135144675,0.31613843608484926,0.07636191244860237,0.3803750966887839,0.47553948165477594,0.7874677023116421,0.5124257422350913,0.4405704905558954,0.4158136262410835,0.39591282209742434,-0.08327619990955586,-0.05253972210747518,0.17030642566304915,-0.3586202192458679,0.19493633492909399,0.27020153352818627,-0.3547491998694558,-0.1301118899613658,0.29049848990967625,-0.3125982912584093,-0.11708158073477126,-0.3295707468689612,0.29340217351526404,0.09351644655547825,-0.49011397557776065,-0.42675889677789924,2.308476139606447,-0.5599488327299416,0.16094669933952122,0.5749152363567207,0.16389634796917624,0.19770692088025882,-0.44263592156775633,-0.17485678393460044,-0.2057554131973382,-0.21959808386150326,-0.2626285990831904,-0.22584954567643342,0.21608225010090548,0.3068881184361249,0.3828921232620775,-0.7294863910637082,0.032320566180970775,-0.30555417302323024,-0.1543289372933285,0.0,1.0,2024-03-25,4.052464020923141
0.5961538461538461,0.5333333333333333,0.1,0.0,0.0,0.0,0.0,0.0,0.0,0.0,0.0,0.0,0.0,0.0,0.0,0.0,0.0,0.0,0.0,0.0,0.0,0.19771968194787937,0.024547374322262238,0.31157213306989223,0.12281283052610713,0.9459708810053293,0.2699183144024602,0.9913128723237485,0.27790936306457764,0.846568127610615,0.161329904379372,0.9185982973269295,0.9423835210222924,0.9802429720956928,0.8431633142869728,0.6829175815145515,0.9612828162085807,0.9417538880705132,0.5575053372278245,0.6408307756253228,0.3369600725494317,0.3997633094589995,0.9802429720956928,0.9437945154406124,0.912827254459766,0.9600732372442587,0.2048877818712343,0.3003992658662311,0.09732027402830673,0.34889878248807593,0.6391307799185407,0.8252990149512496,0.7547561648294706,0.6047705007433912,0.5515635904396187,0.5101084006134886,-1.1081195017959655,-0.6476562378628171,1.597053064657415,0.6853805333862346,-0.566578151504203,-0.5833304639628774,-0.5230045878152324,0.44962837405891765,0.7812667265094233,-0.26181824471701587,-0.5179096980968374,-0.5388571689007622,0.21386363267694813,-0.09897254066436995,-0.48862994012709704,-0.38390809005593657,-0.16551777151877886,-0.017308447168524446,-0.47796080544112063,2.1628665733007937,0.41343501121170995,-0.17893163307780816,-0.5920842885491134,-0.23308719716286413,0.8091556498862714,-0.25014916998968534,-0.41231535728144647,-0.3339287548473465,-0.6839672270584041,0.7323484454506759,2.26947794585634,-0.35183489094188364,-0.3669959797508526,-0.1890555555449949,-0.30799083202871325,0.0,1.0,2024-03-26,0.0414864639104672
0.3557692307692308,0.33333333333333337,0.0,0.0,0.0,0.0,0.0,0.0,0.0,0.0,0.0,0.0,0.0,0.0,0.0,0.0,0.0,0.0,0.25,0.0,0.0,0.10994188737679497,0.012930362494232439,0.20215411305479253,0.10354736353205533,0.9366772098635918,0.3122957660580667,0.9733078977761627,0.22126897618936697,0.8397076982961527,0.2015450583429677,0.9391652505735208,0.9443794827418501,0.9826488171456554,0.8535526406972116,0.6884098887548843,0.9675758780219685,0.9477742075389064,0.5603543806320724,0.6278027297801391,0.38487887237129037,0.40079205277971663,0.9826488171456554,0.9459440252238149,0.915153179116738,0.9508299821218548,0.1828175422714347,0.31651966249836405,0.03348077101980865,0.313077300833713,0.700451553951603,0.7824074701476869,0.47527108439271437,0.41807387025110987,0.4670415379588011,0.4377933358383857,-0.22040241622295934,0.42306735372242393,-0.10582750352830113,-0.8311259955986497,-0.5880009240941103,-0.13732439517482484,-0.02377452190175015,-0.07657084810688382,0.22275365625767307,0.746237737462613,-0.1686759794895925,-1.1788612615647855,0.08725055204387822,0.12276416168534934,0.018669784889973885,-0.675844061499684,-0.4361999192970637,-0.46558608676310836,0.042174827931134466,-0.9436575724066412,-0.17184990724699958,-0.19265899995455874,-0.1659169984121025,-0.23900728533127816,-0.2107681052757937,1.6137364509432757,1.0843479958943478,-0.33961305644079687,0.3787024675273564,-0.691394781370031,-0.3369690547972068,0.9736144424260417,-0.39520894508122667,-0.06329720035998378,1.4766309103656288,0.0,1.0,2024-03-27,-0.7608353371227561
0.4326923076923077,0.43333333333333335,0.0,0.0,0.0,0.0,0.0,0.0,0.0,0.0,0.0,0.0,0.0,0.0,0.0,0.0,0.0,0.0,0.0,0.0,0.0,0.18761445304056945,0.042756335657155635,0.4528552840826948,0.21258281691078273,0.9591849681254003,0.2555287477292078,0.9579543310631367,0.10837062935030783,0.8120675287908679,0.15730084714248516,0.9633776738331548,0.9503714979613143,0.984973828916398,0.8639640526664125,0.6942384305434107,0.9766595176109711,0.9552054075284917,0.5726845143576444,0.6200908724792136,0.44793612091294654,0.39769963251567686,0.984973828916398,0.9497594645138052,0.9154209625142795,0.9289850756990392,0.16607342992694057,0.2969448065696073,0.03348077101980874,0.2798144964403759,0.755242221990686,0.8185205447795652,0.6340581689933028,0.5177550892286802,0.4810664055224646,0.4478129044995913,-0.33421280441961027,0.5045772700223469,-0.07153757147726723,-1.1982821725212534,-0.558107496404947,-0.318932008134476,-0.057437387120758514,-0.6043539051322968,0.7772362658589617,0.6970221035684311,-0.19780304448324382,-1.077372430557635,0.10135424089799684,0.08775947191145031,-0.15859920644343378,-0.6712322538073905,-0.3692425071498639,-0.20389854652482836,-0.5210280658779349,-1.0007332090335386,-0.20158196521756513,-0.19529782848807503,-0.21238149036164908,-0.25550619639345373,-0.22179154931530193,0.8167934516772573,-0.3978679389596865,-0.39646850989805976,1.4563459445967257,0.6975688655629221,-0.36236571562604775,-0.5836652739728251,-0.4082593761322681,-0.3268226660245554,-0.38792570267648396,0.0,1.0,2024-03-28,1.8567460837021648
0.40384615384615385,0.3888888888888889,0.1,0.0,0.0,0.0,0.0,0.0,0.0,0.0,0.0,0.0,0.0,0.0,0.0,0.0,0.0,0.0,0.0,0.0,0.0,0.043138482234872905,0.006247076849911105,0.08165710889435047,0.04716024267398605,0.9443126944891735,0.17507876666478955,0.8756393838738246,0.09074876647530859,0.816098892511522,0.08169358752310403,0.9730103116584321,0.9653312079093419,0.9862994426889012,0.8736523399442921,0.6996097173019787,0.9818620404993772,0.9608592252940875,0.5706215551803113,0.6134678786131381,0.4608515266905328,0.4081248092495028,0.9862994426889012,0.9515796318498606,0.9159782836941062,0.8931718166450048,0.15465104192653778,0.2835913606018511,0.0334807710198088,0.24892760664656294,0.7990705165796078,0.7920138897379949,0.6708687650923879,0.5448708184108648,0.4147515064244289,0.39511402358996645,-0.2918060671917077,0.8522512529864735,-0.402306821873216,-0.7621667260513965,0.02686336078771822,-0.3283076734522041,-0.23936219221008706,-0.5875365470417409,0.7628134469502735,-0.2710836987330216,0.23811756113664378,0.23380198464674906,0.17468124545785713,0.14273011618854528,0.6417330281353557,0.30957417529059733,-0.5564917483807784,1.946733944720733,-0.37796989033428174,-0.6969843157382337,-0.15031584222458363,-0.1449462206597902,-0.5340412847846828,-0.23400884287808202,-0.05478269734867715,-0.27227853954334447,0.5034032237727767,-0.21027959458741052,0.5529437612497514,-0.4978149194961494,-0.2575541439399088,-0.42311618813764856,-0.38189173123920633,-0.08602271541983988,0.23032832691646846,0.0,0.0,2024-03-29,-1.204502883045766
0.34615384615384615,0.34444444444444444,0.0,0.0,0.0,0.0,0.0,0.0,0.0,0.0,0.0,0.0,0.0,0.0,0.0,0.25,0.16666666666666666,0.0,0.0,0.0,0.0,0.06700037834091059,0.012344551405710398,0.11003807045443592,0.07826858216869981,0.9399926284262372,0.10380903463889815,0.8685723918829547,0.12005199762472593,0.7954436323239862,0.018449541230905045,0.9718744343846375,0.9685773917546814,0.986894295385044,0.8825159806749789,0.7048859389275576,0.9855427346788028,0.9657378477991996,0.5634258491232781,0.6065876245670452,0.4578000699981716,0.4386846108312995,0.986894295385044,0.9524261256705437,0.9161945236016997,0.8392771320452472,0.14986046750493864,0.27799089626014917,0.03348077101980876,0.2202469232665939,0.8495004859475633,0.7740174536035158,0.6481551756895564,0.529771593058938,0.40145976910003783,0.3848348012045367,0.4270478049881447,0.4685113846804991,-0.729161948030778,-0.7187065013043048,-0.363246008605715,-0.5033328548446274,-0.39595425524418665,-0.3374103863469471,0.14817526971663644,0.6000950040027593,0.8522650841155941,0.5441996925789998,0.20422579151170664,0.5131712675448326,0.47596192047958036,0.2524431030440181,0.025248073474496393,-0.5114267472985122,-0.4657113212993255,-0.772834359694874,-0.12026167740952087,-0.1929157948523269,-0.6079724183885891,-0.21075550100670865,-0.2002510210007189,-0.2672011110318441,0.26333952391942317,-0.3400493467560548,0.8596405601997346,-0.5300004174367293,-0.21478860869229763,1.0052923623409167,-0.36951907948364776,-0.19427564616038945,0.02511863160002604,0.0,0.0,2024-03-30,-0.354147119440229
0.07692307692307693,0.06666666666666667,0.0,0.0,0.0,0.0,0.0,0.0,0.0,0.0,0.0,0.0,0.0,0.0,0.0,0.0,0.0,0.0,0.16666666666666666,0.0,0.0,0.02051433474606001,0.0019385307794909429,0.03799334971808587,0.02484181771091816,0.9694595613785781,0.12950555293369814,0.8702506489159871,0.13952122155791075,0.7446055018840628,0.05133593243186997,0.9767504782106229,0.9795295074655546,0.9861427762037073,0.8917989130724737,0.7104813999090004,0.9935780746697784,0.9726860343484562,0.5718875516276523,0.6029435890135144,0.4961860362071799,0.5527444532223745,0.9861427762037073,0.9502499639418021,0.9171820470455168,0.8082783569730949,0.17785713715709395,0.2647301517386432,0.1101216951218444,0.20153049292663944,0.8864834898600205,0.7950822750065039,0.5846887344092323,0.4844030365889205,0.4362274993174164,0.4110481050148638,-0.45539323834281115,0.4877388904833907,0.05213846128168202,-1.2017603418760914,-0.6056352262004352,0.14019590803709553,-0.09599236828668956,-0.49642770003335124,0.6129261550271254,0.5682478851645754,-0.1906810945566605,-1.3512010880696275,0.12504116372098384,0.0038103318616999494,-0.10439041565133866,-0.7420209474259525,0.46609331193473263,-0.4999789315934868,-0.4933081004695037,-0.30965863132830446,-0.09397014801508144,-0.19498743585710598,-0.611408916533853,-0.22961309412969663,-0.1975671217428069,-0.26547138712403545,-0.3394268083884762,-0.366555811518249,-1.423097571516786,0.6789885202678703,-0.23885238651736954,4.81501055593446,-0.4013448662538695,-0.2011873565373694,-0.2721612851237439,0.0,0.0,2024-03-31,2.424203264779501
0.16346153846153846,0.17777777777777778,0.0,0.0,0.0,0.0,0.0,0.0,0.0,0.0,0.0,0.0,0.0,0.0,0.0,0.0,0.0,0.0,0.0,0.0,0.0,0.09791091675111446,0.010199726936444222,0.11662409843702311,0.07377306538683583,0.9409847314680553,0.2599157006019951,0.8779760251972377,0.14789567374602464,0.7137892635480984,0.19077472215188246,0.977644681877708,0.9906337104682359,0.9844508494870913,0.9002331727401736,0.7157957873553412,0.995621980859555,0.9767704427822863,0.5589132371025617,0.5971761685229744,0.47099979410761517,0.45860880187844677,0.9844508494870913,0.9464156301854745,0.9181921742581522,0.8076961653430127,0.1549504246119705,0.31383146363666403,0.006710866676363038,0.17347046670616528,0.8802443876001665,0.7584453604748354,0.39834195325806754,0.3723741157105257,0.29519497227611347,0.3062738373614991,-0.6385423840420744,-1.700178769222732,2.058019058973005,1.22323555806675,-0.1737688054238055,-0.30015617705795716,-0.25593972760470357,1.3342196861701714,-2.2145404677132494,-0.7614297175568779,3.591433666548599,1.1088833420704776,0.3733007502489624,-0.0384402678773159,0.1505307833226412,0.6183566631160197,0.14140810109231802,0.06524527144400318,-0.15905353097958175,0.7594613120727224,-0.11920514268729458,-0.17081685065672567,2.94556953038443,-0.2351531683358236,-0.14931982222249307,-0.24616224873227108,-0.358398662844986,-0.37145844672866096,-1.4832743895853218,2.8680682933837414,0.10303777428903725,-0.003269847901376776,-0.3389312078688618,-0.2038238871016297,-0.2921402083565318,0.0,1.0,2024-04-01,-2.2871394296192005
0.3076923076923077,0.3,0.0,0.0,0.0,0.0,0.0,0.0,0.0,0.0,0.0,0.0,0.0,0.0,0.0,0.0,0.0,0.0,0.0,0.0,0.0,0.08700747330816548,0.015098808378358374,0.1885756509726439,0.09603940196749396,0.8667184693715373,0.399204221488538,0.926463041494523,0.14471489030698556,0.7165643082140565,0.3323315334932104,0.9584494485485173,0.9932296513913996,0.9771886665806339,0.9063353183434164,0.7203872470552272,0.9849491539945434,0.9744255336144141,0.5027327003118158,0.5802118547783451,0.338189365181038,0.39116028584872753,0.9771886665806339,0.9346894782209778,0.9171377357797872,0.8432151381722313,0.1225365061300891,0.43511464996187066,0.23511014697905117,0.17100427707062005,0.7428735789565435,0.7051761987002729,0.21507267823910572,0.26628951407916557,0.18760851682820076,0.22689112611250659,1.92261646105684,-0.7481793134922999,-1.0573084055235646,0.7407345968402018,3.6604069323725965,-0.3044807887907117,0.09238526793653153,-0.5592798775082961,-1.460661076336929,-0.32023958079822107,0.3252458201118633,0.26326547484040996,0.013224523451990681,0.3072116503466782,0.2516385750206322,0.2569313601390994,-0.3845989439851472,-0.6024972047911661,-0.3321024273926197,-0.807864627088399,-0.1927284637721056,-0.20085410880932458,2.4311283377750605,-0.2486859150027737,-0.22438033092513615,-0.016186802188671034,-0.47230252600989586,-0.3852648402422689,0.8847646536180355,-0.5484768033688487,-0.33873045763425813,-0.6919755814217365,-0.3853154316526924,-0.2636493582444677,-0.3850157710098071,0.0,1.0,2024-04-02,-6.104798598949213
0.31730769230769235,0.32222222222222224,0.4,0.0,0.0,0.3333333333333333,0.0,0.0,0.0,0.0,0.3333333333333333,0.0,0.0,0.0,0.0,0.25,0.0,0.0,0.0,0.3333333333333333,0.0,0.09760298485051233,0.014226390789537918,0.14962491767465022,0.09380394222240872,0.876035661372911,0.25652396560160234,0.8525331934636788,0.15050207866136142,0.6886139750006562,0.1957315311029832,0.9442757359136287,0.9908800568779672,0.9720383682515051,0.9127327942387307,0.7249657734577276,0.977474248997823,0.9730229649474755,0.4618205876371072,0.5576465411627408,0.2717538657615679,0.5228644740981433,0.9720383682515051,0.9270682092407176,0.9155984033691489,0.8234089588027004,0.10894585053111905,0.4109028480504865,0.23660932517514202,0.16886908205543194,0.5366773326351396,0.7414081109047586,0.26068818030105323,0.29203487480504275,0.15579110650897968,0.20695535020131597,-0.21400518401832458,0.7183235959869633,-0.3599633766034156,-0.9559227044224493,-0.3123302615196362,-0.42576629394645005,0.9004083873112659,-0.6041237708464243,0.35018881804883256,0.5853203670715973,-0.10668497453827172,-0.22757909008608584,0.234418862052412,0.012215225636957573,-0.41498039670490405,-0.0237896231687201,-0.6468445794325605,-0.23480062083787942,-0.4983505425491688,-1.0406227629149547,-0.21309284289599986,-0.20847907079034864,-0.5556995737719397,-0.25473193090776924,-0.2291811708382712,-0.30806680360800903,-0.49050921209649745,-0.3977266117480972,1.8566828197951457,-0.9510356136720319,-0.37754179227005996,-0.206926085734642,-0.37963700193191063,-0.23272477682024767,-0.3756383018700656,0.0,1.0,2024-04-03,0.8156830210526378
0.25961538461538464,0.26666666666666666,0.30000000000000004,0.0,0.0,0.0,0.0,0.0,0.0,0.0,0.0,0.0,0.0,0.0,0.0,0.0,0.0,0.0,0.0,0.0,0.5,0.10993316304920409,0.02738666838840535,0.256371580486081,0.15083927406157716,0.9201577942887775,0.25609733905352355,0.8089007724418942,0.1597673989332954,0.6397627909600576,0.21300383663227623,0.9401581984871514,0.9881618910529033,0.9711873082360701,0.9193051063194688,0.7302854493633518,0.9785176187489164,0.9753642487104719,0.45352435574139677,0.537770498609188,0.303652289292619,0.45398427469451663,0.9711873082360701,0.9255449883644205,0.9156445935127588,0.8397923413455509,0.17474523724546692,0.3686699711137028,0.048592495173864055,0.14746763477309183,0.48024097584910713,0.7775890802305141,0.31366533369895117,0.32395344078890254,0.2813171495589178,0.29554871637174085,0.02423356081031345,0.44977032622749546,-0.34936948963615605,-0.8642329630840209,0.769642990028395,-0.4887233795942573,1.4206077145321543,-0.49931058333692363,-0.8025975075709052,0.8993146330659131,0.16263141147059995,-0.24763010747870015,-0.025046869772201497,0.24982330508206171,0.45827232302568577,-0.12099324732946633,-0.5561729841109117,-0.40108929191395987,-0.5161880998494506,-0.4937840149572841,0.10050250613129517,-0.17528948682118115,-0.6571852125122121,0.9954951540805006,-0.2223009253379854,-0.30485427555929817,0.49855421257494353,-0.40195621941559817,1.2537465727177948,-0.8246596862837526,-0.1378215217326759,-0.2427920358739433,-0.4084866525744609,-0.30922301924646084,0.8597446666798074,0.0,1.0,2024-04-04,3.8314642609167615
0.4903846153846154,0.5222222222222223,0.2,0.0,0.0,0.0,0.0,0.0,0.0,0.0,0.0,0.0,0.0,0.0,0.0,0.0,0.0,0.0,0.08333333333333333,0.0,0.0,0.113043938785694,0.018271951774519422,0.2997140700046584,0.11807278772681959,0.908443179014621,0.2500152563239181,0.7955730931501728,0.156753297551077,0.6251857091502145,0.2118017158964035,0.9274917332033632,0.9841310542395925,0.9735861769579822,0.9255689131049802,0.7352789135265153,0.9774441576906652,0.976565679486123,0.438490561784191,0.5185647294586901,0.3116026462476874,0.4954963861580711,0.9735861769579822,0.9257645453360135,0.9201551561241608,0.8270950370313185,0.15610473352548443,0.34329498359039157,0.048592495173864055,0.1275948622966332,0.5257879238930332,0.7421343638871771,0.3214048012571371,0.3277717400023642,0.3206765412399719,0.3234684214441134,0.6782155809181396,0.09096037807151389,-0.6385688394306342,-0.3562388681625689,-0.34130765230718046,0.22947255288158688,-0.07558979852400073,-0.6278514620691181,0.70538696907097,0.3531633480346262,-0.31627253543190564,-0.3078416618327942,0.1540763721193174,-0.19839382827939128,-0.42949928803073606,0.016557446923800227,-0.5453991858221865,-0.5065065059031411,-0.4554351317682773,-0.7509275459311331,-0.1928115242685867,-0.20205280705312803,-0.5349749691990217,-0.23830255060149047,-0.2220686286929988,-0.23344982242583687,-0.09321443411884292,-0.38929758887878574,1.6758241471962128,-0.7104314234956954,-0.32853384812568115,-0.29828494270998845,-0.383119457754262,-0.17731673415590557,-0.18218070472232026,0.0,1.0,2024-04-05,-0.9797320875087778
0.5288461538461539,0.5111111111111112,0.1,0.0,0.0,0.0,0.0,0.0,0.25,0.0,0.0,0.0,0.0,0.0,0.0,0.0,0.0,0.0,0.0,0.0,0.0,0.2547304594415226,0.061603075193262545,0.4993430035500297,0.2246514057352203,0.9269168030549848,0.1287739444683437,0.7966598005935022,0.14400459348781117,0.5976333786828621,0.08123036157874687,0.9245713547745653,0.9830826924963991,0.9740668823653441,0.9321624042995389,0.7406558653491934,0.9796208949719478,0.9792021401718314,0.43585884975519473,0.5026215750481177,0.3503017079604893,0.5764141615713537,0.9740668823653441,0.9264885028665408,0.9202844511022048,0.8043097675219298,0.17685446531677818,0.3239767572308909,0.011194930350602346,0.10527907589938568,0.6168398227552089,0.7631118249477384,0.37727247434200073,0.36008923306037965,0.4739642790376054,0.4443089790593247,0.32100855440629905,0.4668032798418764,-0.631896252475905,-0.2545898631259957,0.2028808403687111,-0.20230824953298687,1.49369157531157,-0.2410242268938617,-0.24939798044857128,0.16030720727627187,-0.27499149070791246,0.1789305296294146,0.24300737583948648,-0.18427800061953237,-0.31664306376361495,0.1845853904097391,-0.11205884597548625,-0.3789151699416559,-0.472230051993393,0.8895027257583409,-0.11006486208152085,-0.20097050980256895,-0.6514264249731762,-0.237955598221865,-0.21259750841662403,-0.2889088289799923,-0.12420527702636767,-0.35239887313239426,0.7704836538154348,-0.4162095017904266,-0.13821711304917833,-0.4735938329294687,-0.3973190108305725,-0.2252304125497399,-0.2550966878950247,0.0,0.0,2024-04-06,1.5602971156545964
0.38461538461538464,0.37777777777777777,0.0,0.0,0.0,0.0,1.0,0.0,0.25,0.0,0.0,0.0,0.0,0.0,0.0,0.0,0.0,0.0,0.0,0.0,0.0,0.2076188446950497,0.045962549034120344,0.4841324916068302,0.1638280909752537,0.9350577475453299,0.13965842879416948,0.7920671936159391,0.12321501521430915,0.5663988392569866,0.10238127559158948,0.9387579889369149,0.980491196514548,0.9757919224942287,0.9391355482686898,0.7462364668314944,0.9828222676127301,0.9823149137120015,0.4369808046446395,0.49011369505580804,0.39104874900273345,0.5792403342161652,0.9757919224942287,0.9287787135782957,0.9210990084345396,0.7697023619535741,0.19263380263018232,0.31112579279839714,0.059315954461160426,0.08952731291818516,0.6216544025853802,0.7853889870408493,0.3250021597853483,0.33084413949252545,0.3962631763059566,0.38089237622451555,1.049456034719878,-0.3369787637900975,-0.6141029545302075,-0.10772967438156528,0.6804399975934804,1.6282208201048232,-0.1271289961123098,-0.5538442770441623,-0.46932766233594164,0.3770525438483281,-0.28959758756714854,-0.6342156055052935,-0.06027045514809504,0.3793880343181784,0.6781899078628453,-0.5081990648562035,-0.5198765888875411,-0.5958451307493532,-0.45188672843110333,-1.0173205798609095,-0.2092925088081005,-0.2081826068743548,-0.6138487920722485,-0.24886790004553924,-0.22812218752305594,-0.30585419688085963,-0.4805254677589851,0.012312538854441312,1.2520028696794885,-0.8887789420130023,-0.3604043222736258,1.0407732078169254,-0.3797446036458911,-0.35161894474959254,-0.40099356155038096,0.0,0.0,2024-04-07,0.6770270726916605
0.19230769230769232,0.2,0.1,0.0,0.0,0.0,0.0,0.0,0.0,0.0,0.0,0.0,0.0,0.0,0.0,0.0,0.0,0.0,0.0,1.0,0.0,0.1093106638439166,0.010372950645415793,0.23762067691516875,0.07202231697806356,0.9746555578896505,0.28092465851588877,0.8048134530219708,0.12448771302510293,0.5252587145964069,0.2951471073409545,0.9592306136177577,0.9837503124296711,0.9850341009731692,0.9468214889947884,0.7522697089351468,0.9921438598347303,0.9884638253265126,0.4592761699801643,0.4850086645425688,0.4788566428785779,0.5630518041389042,0.9850341009731692,0.9276737620710414,0.9406992406990449,0.779881817659791,0.26137566394636297,0.27983603094268383,0.21779007161648534,0.0912682097135179,0.7341228722767745,0.8245345518196121,0.4918492123927063,0.42670015974349407,0.4889077115599003,0.45307709944501284,-0.45137031906667907,0.05413613630551103,0.4132276770387716,-0.636018027629711,-0.6050450257696528,-0.40410499732057026,-0.10341973740029546,0.17601253887303764,0.11729715376140289,0.6473197338579952,-0.016235968948832766,-1.11075977442649,0.15895514712410427,0.09627089566206079,0.018236394183760385,-0.6454089126385426,-0.5101654432054448,-0.5614891430444132,-0.4717083016668135,-0.8034588162017688,-0.18326040307010458,-0.2030894490540941,-0.6636697297617353,-0.2393628845634211,-0.22596843766317126,-0.305762822922863,-0.41905694874878424,-0.3914582092499148,1.6335923025813697,-0.8565468830091111,-0.33351354901088387,-0.20319042045545807,-0.3995825135678179,0.863660293582918,-0.33455740074407214,0.0,1.0,2024-04-08,3.270935878474601
0.40384615384615385,0.4444444444444445,0.0,0.0,0.0,0.0,0.0,0.0,0.0,0.0,0.0,0.0,0.0,0.0,0.0,0.0,0.0,0.0,0.0,0.0,0.0,0.2413214136900428,0.03623525039487132,0.44118195107063113,0.13704308722054945,0.931156284607515,0.2735823853514932,0.8212075223278452,0.12198862830977597,0.491453547385694,0.304689695052398,0.9615138036463864,0.9828012039559255,0.9861993780729846,0.9536608053416586,0.7577706181175677,0.9927670876326491,0.9905686878129225,0.4497091921162504,0.4788214956358764,0.46602100526633783,0.4060195204937874,0.9861993780729846,0.9288290496934206,0.9416957559994266,0.7870159364810221,0.2291296705314717,0.29414602743504836,0.14663263056264525,0.08553546938418022,0.70547539853802,0.7862657175985279,0.5672595590762703,0.4764995947782883,0.5825243249286268,0.5409448445603983,0.10345077856125912,1.0463378146626605,-0.922761782228579,-0.9940068290317079,-0.12588934908363897,-0.4544671108086109,-0.05700255863594468,1.3950308330781382,-0.7344499651950247,0.22743332484430656,-0.5169493839820161,0.22819833048956406,0.1680594437664127,-0.03668683115897691,-0.0643149518357521,0.2828709341123269,-0.28630058635845446,-0.39147207491638897,-0.4155516069330271,-0.5359969149177026,-0.08383994656270959,-0.19411345766860416,0.07970813462538381,-0.22855503301731434,0.3339599249986349,-0.24995673170847965,0.23835034017614948,-0.3482449688884911,0.8239727252850266,-0.6046849136990179,-0.20742867592644126,0.013579735913655995,-0.3795766165561515,0.21550791119895418,0.3838796551138439,0.0,1.0,2024-04-09,-3.479403115822832
0.3557692307692308,0.32222222222222224,0.0,0.0,0.0,0.0,0.0,0.0,0.0,0.0,0.0,0.0,0.0,0.0,0.0,0.0,0.0,0.0,0.0,0.0,0.0,0.19848951169938472,0.024229272602150808,0.3614620982121343,0.11234017186272396,0.9564435948906898,0.29022570620680677,0.8014436742159212,0.11980821898103645,0.4845938762716886,0.3312176014757946,0.9714782685613166,0.981403163732381,0.9910460389675136,0.9608716918656948,0.7631787441843559,0.9975173538198268,0.9946037703099944,0.45518475497343475,0.4750754739558707,0.49497634161651555,0.4536667945238827,0.9910460389675136,0.9311451870659326,0.9486757831914656,0.7947903522894124,0.199204979765489,0.29980670403354936,0.08863157739737805,0.07422174204420895,0.730165586783037,0.8265219074584438,0.6064025562500847,0.49974293103080936,0.4469592137847098,0.4201855453010054,-0.6220520020230682,-0.06162537981653769,0.6648477653302284,-0.5425919801053404,-0.5604616491902895,-0.48269955320434454,-0.33311324591603203,0.464248181411259,0.4926279720472718,0.05114222129409613,-0.494039246618006,-0.7027379461374448,0.08359229983147395,0.12107373471556018,0.09952418339790496,-0.504634474837653,-0.47240368710619524,-0.4433469994880526,-0.4567210608629515,-0.7839344610300819,-0.18152131283066372,-0.18306582917998362,-0.6220234507161887,-0.23737548996171456,-0.21124868617027318,-0.27108608077035473,-0.4540517160101696,-0.25957159438348854,1.3664271304714453,-0.43520356622779377,-0.31489273000558127,-0.2062580399096933,0.2737487939962615,0.052962424586557096,-0.3678063604312764,0.0,1.0,2024-04-10,2.09558550176423
0.5480769230769231,0.5666666666666667,0.6000000000000001,0.0,0.0,0.0,0.0,0.5,0.0,0.0,0.0,0.0,0.0,0.0,0.0,0.5,0.16666666666666666,0.0,0.0,0.0,0.0,0.20713052810566707,0.01677120455042936,0.4600774259875026,0.11617156176886359,0.947241007425689,0.21838754009570505,0.8011567188252433,0.11123290170579365,0.4720721460303835,0.2405202344203063,0.9756973949517764,0.9820751480561349,0.9970199489159309,0.9680504388305804,0.7683171020571079,0.9999999999999998,0.997580768850771,0.4523789074112769,0.47146183665668373,0.4965466009733503,0.44980785811752955,0.9970199489159309,0.9265449245011916,0.9657716241782097,0.765662702164312,0.19241805802517714,0.2855625829271766,0.10023429606311356,0.06491449081300099,0.6613487060671642,0.7948438124237946,0.47570287436098346,0.41798743214976775,0.5033948862595315,0.46763933105936073,0.20456138077152358,0.39909767400789486,-0.46971082856940416,-1.1578388527460022,-0.3697582658319093,-0.22415341116069445,-0.08560219198499526,-0.6044031209643765,0.5892597046503036,0.7165459319711429,-0.10605449499743991,-0.978231972753624,0.04259346788330856,0.15906719680261344,-0.0060323652590984,-0.6626750788662669,-0.6383271809771119,-0.3923363677070915,-0.5515828777341247,-0.95684068675241,-0.2106733984073431,-0.20816268903735746,-0.6908251480107983,-0.24432214774751412,-0.2241183845052426,-0.3080312802824066,-0.3459600909743307,-0.39370010247547854,1.9969424823893211,-0.8904137811520857,-0.3652677674864414,-0.38643024198108744,-0.4064629140394298,-0.29926636913233334,-0.34747411292246677,0.0,1.0,2024-04-11,-0.7469744331340511
0.25,0.2555555555555556,0.1,0.0,0.0,0.0,0.0,0.0,0.0,0.0,0.3333333333333333,0.0,0.0,0.0,0.0,0.0,0.6666666666666666,0.0,0.0,0.0,0.0,0.2048958714638672,0.030095257292324457,0.2917192745731129,0.13555422762333733,0.8972422047737971,0.341348630190417,0.8145866254373435,0.04626989330636999,0.49365876415081744,0.39376761007722466,0.9678472202749804,0.9853536913671441,1.0,0.9743110184251544,0.7733009264160499,0.993751021633597,0.9962124809246893,0.4194545479371774,0.461333041834158,0.4192679446922575,0.34137829543032616,1.0,0.918841014685009,0.9804614936661014,0.8203239198371464,0.14884079470101125,0.44414962957994575,0.19165027169390156,0.06571367385165527,0.5762164990089612,0.7484831057949222,0.38186776231700104,0.3623367914233109,0.46908353019776483,0.4423589188528125,-1.103085360390109,-1.5616753688068736,2.3613307012133893,1.1636205946177032,-0.673915022114445,-0.7807622189917436,-0.4993361121997992,3.367958684874807,-1.7344866311847877,-0.33395758436803474,-0.16143055097426623,0.4577201698652707,0.1917746970850288,-0.11029362418675887,0.06720524328859831,0.1903608017512209,-0.2681958026820503,1.0142030492779581,-0.4065089878324175,1.210340628041039,-0.038791520713079584,-0.13008890153606362,-0.6111292213084941,-0.23264115524505963,-0.19029333793825257,-0.20052687391585014,0.23294439104240303,-0.34297764853802587,-0.5990968293637554,1.752351621555349,0.24000693268780346,-0.1806885245526137,-0.2770107774811025,-0.30704011461741293,0.3240133814898588,0.0,1.0,2024-04-12,-4.088948430588779
0.11538461538461539,0.11111111111111112,0.0,0.0,0.0,0.0,0.0,0.0,0.0,0.0,0.0,0.0,0.0,0.0,0.0,0.0,0.0,0.0,0.0,0.3333333333333333,0.0,0.04893807115930216,0.005305369777502019,0.05525034938075273,0.0434995869101895,0.8383483584186995,0.4182476215992021,0.8392461362933212,0.03669843714916484,0.5222286528734497,0.47307066145013205,0.9395510423775326,0.9813057118724271,0.9967545921312558,0.9794679341151027,0.7773214324097252,0.9786282948131371,0.9900869621881192,0.3581490579827384,0.4397529910177582,0.2834404266671988,0.2932133405882569,0.9967545921312558,0.9274334989847439,0.9642328020389419,0.8910032465078714,0.10754258326639399,0.5621926678140867,0.39081343030398624,0.08702575440480076,0.40003288142278653,0.6929399982783131,0.1922389429434006,0.25108076727029516,0.36014865954778824,0.3528350666107265,-0.6847808162631037,1.84536597399046,-0.8825285989483642,-1.2467032257660964,-0.6979249809407172,-0.7726993129102753,-0.4364885939311094,-0.6380109472035594,-1.5046899025941156,-0.19052650060678797,6.0461264288207435,-1.1450311571427,0.33329268957687574,0.10551791848147656,0.07237614528222212,-0.7312794544557064,1.6270976378837652,1.2444858088481778,1.1093486285225809,0.20304226935840114,0.33327273405769786,-0.03015835371463423,0.37953155460905763,-0.0736877735954473,-0.1846027949452415,-0.2474682788775953,0.04912507609340247,-0.1635273973747714,-1.2120399064840035,0.06549217632263812,0.6770094235329335,0.5026771338999696,-0.1879114621902584,-0.23602945021133231,0.07734143177870312,0.0,0.0,2024-04-13,-5.0217292706919885
0.22115384615384617,0.2111111111111111,0.0,0.0,0.0,0.0,0.0,0.0,0.0,0.0,0.3333333333333333,0.0,0.0,0.0,0.0,0.0,0.0,0.0,0.0,0.0,0.0,0.02789462437653313,0.003242432879749676,0.04091369090646234,0.022884162672018267,0.8718104968653768,0.3849432481880968,0.8442488897304457,0.04811702969674112,0.5293359498783268,0.425204614512153,0.9272313778702033,0.976112746251282,0.9927413758380969,0.9850495924543579,0.7817379155902825,0.9714202374481431,0.9871757228819606,0.3288736499743863,0.4160532280184923,0.2582977484421899,0.3553889466392376,0.9927413758380969,0.9275298678319084,0.9561586072523489,0.8918976641907542,0.08923718068979633,0.5166684544807314,0.39081343030398624,0.10681554348986444,0.30502258335705856,0.7445062771997333,0.25430156552270733,0.28818861387744477,0.32278170226978375,0.32397305098233126,-0.27818583606155306,-1.2668981290025711,1.3679062294751259,1.3000776307497752,0.03236483121765418,-0.362772795801381,-0.5928231752387685,2.470827069908391,-1.2042572565148086,-0.4689514953020708,-0.5961849497443443,0.24576629746906387,0.372665501159971,0.03507293807056881,-0.23219811631548498,0.4566312699785495,0.17113471939170136,-0.3605532092436907,-0.438755583027733,2.432468038359466,-0.08360043829281574,-0.18359592679213127,-0.4286510177812562,-0.2414072766665811,-0.13439153171653534,-0.21953184452220648,-0.164579357700742,-0.09390668672543113,-0.7769080390575305,2.0192939655352156,-0.0818838273985836,-0.4556834192245476,-0.37221787741196977,0.21365684729319956,-0.25448839885313623,0.0,0.0,2024-04-14,3.004089104268326
0.5480769230769231,0.5777777777777778,0.2,0.0,0.0,0.0,0.0,0.0,0.0,0.0,0.0,0.0,0.0,0.0,0.0,0.0,0.0,0.0,0.25,0.0,0.0,0.08064252338027635,0.014470478743088768,0.16855573225386727,0.08305347885284019,0.8314497925519835,0.33665590024839187,0.8144063354692501,0.04585863797197113,0.5377806141722905,0.35850469754465597,0.9012837618911356,0.9678429146316456,0.9865014032997174,0.9896563051770224,0.7857165544813661,0.9585809720907907,0.9811504803190578,0.28220868929006554,0.3868348849225437,0.19283985998384967,0.2680150311373096,0.9865014032997174,0.9316117331835416,0.9391252785082218,0.9104299805418765,0.1046168972522854,0.464615183220195,0.3059995526193164,0.11643202390128005,0.2654759016216971,0.6987059228823298,0.05832205816765651,0.18021465153655172,0.17276896962860822,0.21290136073646174,0.17847847403510453,0.24691067044296047,-0.3181272591760197,-0.7252527953001654,-0.3290540149531061,0.414298400223525,0.4400101797235904,-0.5512777556457528,0.3032198077984962,0.5740353776799236,-0.3795836049608609,-0.6316791112960539,0.14859093141284133,0.2075718753745286,0.21468604995498075,-0.24713365527766484,-0.6055091243056638,1.0806113977615117,-0.5037943814448322,-0.8376765801728572,-0.1804027877690612,-0.18465506976502505,-0.10042086365988276,4.059092093359099,-0.21767308241542802,-0.23105918981480075,-0.4375763278871061,-0.33270187747897545,0.6059090958102782,-0.7519666305705779,-0.31803844372740114,-0.5069472341389047,-0.2215827102464443,-0.32542278540044983,-0.35094001541760117,0.0,1.0,2024-04-15,-3.517737178558533
0.44230769230769235,0.41111111111111115,0.30000000000000004,0.0,0.0,0.0,0.0,0.0,0.0,0.0,0.0,0.0,0.0,0.0,0.0,0.0,0.0,0.0,0.0,0.0,0.0,0.1428563178201272,0.018626272997415816,0.3137101826418004,0.10963302287692818,0.838180644463032,0.33007151643993593,0.7853458711380779,0.049905451189901875,0.5400298751044245,0.34885548653826093,0.8786437880384761,0.9583117961311631,0.9811345676232074,0.9933160997515529,0.7897835699717367,0.948841014298561,0.976126829376385,0.24976479171537808,0.35632794719746663,0.17755536976648212,0.30767412492079804,0.9811345676232074,0.9334189083378783,0.9264159174251569,0.8912561925170785,0.09141097462702263,0.4634810195304834,0.3346095291668751,0.1283165102725346,0.2651848383164597,0.7437200451488268,0.18143684127591264,0.2451995752668312,0.18338981879630994,0.22091812203956715,0.3116213297330733,0.29085431615760965,-0.4754135452447235,-1.0960504489231795,-0.4869882421547308,-0.1014315749366926,-0.09650335496222405,-0.6282241939786327,-0.22177805477051873,0.48254543687069146,1.8287794561854425,-0.9126433495146034,0.04717868130391822,0.1734526431142247,0.17363189821624675,-0.5387781749896993,-0.5156890424248964,-0.46313926699871527,-0.5255983552462047,-0.9009946847574193,-0.1379277121503481,-0.19661197526300103,-0.5555554878429959,-0.23845957572542584,-0.21491352754224383,-0.2879769771920403,2.2972160197239586,-0.3679540109919479,1.11869622975086,-0.8700735114906145,-0.3133984633032752,-0.2504346169418143,-0.28620983434023933,-0.3320950374500111,5.199138331886153,0.0,1.0,2024-04-16,0.6080330797783695
0.23076923076923078,0.2,0.0,0.0,0.0,0.0,0.0,0.0,0.0,0.0,0.0,0.0,0.0,0.0,0.0,0.0,0.0,0.0,0.0,0.0,0.0,0.05164740494875809,0.01435394642978062,0.136236004690537,0.0685483112512353,0.7939338850792956,0.3218692427724065,0.8029629300302765,0.04723356023520038,0.5484242933716433,0.33364480658840956,0.8571978878680673,0.943153733423099,0.9721304424086169,0.994967365787657,0.792711959549066,0.9332104098692111,0.9678250609194752,0.1992649717779794,0.32082083288020324,0.1182464540836104,0.33433631457919943,0.9721304424086169,0.9368592189638527,0.9046278165284509,0.9130999876193736,0.06955105289102961,0.4978529806498835,0.41947876487224345,0.14811757456117286,0.16082128733653778,0.699685344895888,0.011007803467387056,0.15012452604066892,0.12374754493854537,0.1748399652384933,-0.4865402385016925,1.1527116521350214,-0.47905513730315535,-1.164809183588157,-0.5383338665485343,-0.42389550749462895,-0.16768135038654342,-0.593089688929669,0.5826180862801432,0.4800705126063917,0.5193410600791069,-0.7802381312139365,0.3721147713269926,0.0004242092857857525,-0.2878115685551777,-0.26283064112805654,-0.45012736705396544,-0.5778692256661491,-0.37746436363307756,-0.9600407780466921,-0.1800348603274566,-0.20107299285727903,1.9250665310878003,-0.2393299624741615,-0.16004530333755462,-0.2512249737035922,0.636278107098223,-0.3167566021418452,0.20527701071090204,-0.6815910169962063,-0.34124040017918117,0.8848163590469847,-0.38740685927126906,-0.3310006509051414,-0.04743418102321648,0.0,1.0,2024-04-17,-3.9728848910527192
0.625,0.5777777777777778,0.0,0.0,0.0,0.0,0.0,0.0,0.0,0.0,0.0,0.0,0.0,0.0,0.0,0.0,0.0,0.0,0.0,0.0,0.0,0.2706422813109052,0.0290984335852426,0.6150546961592213,0.17315480522562227,0.8329602407990617,0.2698819780834017,0.7210411663679811,0.09203620142146487,0.5604202516352229,0.26324444186657714,0.856079361955354,0.927934290981782,0.9660631209878069,0.9953644764802247,0.7962681117916582,0.926501820724005,0.9633578086817547,0.1834934897189423,0.2889480375865339,0.16135443568406616,0.3851679245644849,0.9660631209878069,0.934568292442969,0.8951966122033548,0.9061904727479019,0.055604455963118526,0.4612153431945557,0.41947876487224345,0.16650427711490845,0.18821317708802388,0.737512318666516,0.12921765974181837,0.21675990389544045,0.15193408761290256,0.19908074291188257,0.13834266574244675,0.5733134282803232,-0.5564095623968678,-0.8531592404595886,1.2130995837264518,-0.1806590529291679,0.6383721417607624,-0.6297254269665337,-0.23297116135193144,0.2293815055505449,-0.26568372463534135,-0.6753004911121536,0.027463372350152337,0.020204130390607363,0.0006133368815907628,-0.42378250700647513,-0.5654323316794599,-0.5302436413177374,-0.4357681279316265,-0.8375614662751071,-0.18107333101571205,-0.20405117268736755,-0.5547499194681704,-0.020791161334656298,-0.2252048562904171,-0.26352900319952893,-0.2107710042709444,-0.2816431391771896,1.7528986603441425,-0.8472923994836404,-0.3175715872720104,-0.4431534040686518,-0.15174576095130943,-0.34011571633789084,-0.2372880197800952,0.0,1.0,2024-04-18,3.649124077498622
0.38461538461538464,0.32222222222222224,0.0,0.0,0.0,0.0,0.0,0.0,0.0,0.0,0.0,0.0,0.0,0.0,0.0,0.0,0.0,0.0,0.0,0.0,0.0,0.22088191155669895,0.06231014287806468,0.34098597657944196,0.18211545389961123,0.8387340323403298,0.392299361543477,0.5894872824557233,0.20521081551477996,0.5969244783297453,0.38946780750062243,0.8492129783156637,0.9180072505011283,0.9605457890502197,0.9964066083031853,0.7997920799135038,0.9217895314237903,0.959697786441952,0.17582373970103907,0.26176373154292176,0.21696631428175972,0.325178238736351,0.9605457890502197,0.9312759896228191,0.88799759390447,0.948187352377644,0.0784238624566452,0.4030586622729323,0.2991325653973798,0.1711480399420096,0.21525010762239138,0.7899569807834408,0.2659171167124608,0.29227223639294575,0.1871635433015081,0.2235616450570467,1.2830344861536929,-0.026789193095901567,-1.0861069272312072,0.6593482107817336,2.315540530931508,0.421040364329987,0.021951998196946723,-0.6927182085558636,-0.14759661809560332,-0.3357680745453577,-1.0269264414165686,0.6999058598887424,0.025411009067561427,-0.26572834920648625,-0.11330029194996619,0.8738013086556335,-0.24019672260088057,0.9121316075507346,-0.15796702339720955,-0.8580397032380791,-0.17478012256063075,-0.18702164869695384,1.891770311072091,-0.24846504876332143,-0.21205965313133954,-0.2200872125455704,-0.25243597851198263,-0.1419065098196553,0.05309193836799317,0.10731331044524788,-0.29886213997552424,-0.19305203471292545,-0.379607516436364,-0.2545091951230233,-0.3182729443106701,0.0,1.0,2024-04-19,0.5208661031110617
0.5384615384615385,0.48888888888888893,0.2,0.0,0.0,0.0,1.0,0.0,0.25,0.0,0.0,0.0,0.0,0.0,0.0,0.0,0.0,0.0,0.0,0.0,0.0,0.16890421093802124,0.018064083323753536,0.3794162530319824,0.11594150474655385,0.8588203692348861,0.1563092610984462,0.5750028533445727,0.27020899789266645,0.6003160951288188,0.11263464195611601,0.8548948697343204,0.907521575361601,0.9545173314973877,0.9974127393261456,0.8036046792537211,0.9211565793344192,0.9579659462582968,0.18289032105578087,0.24156975969541433,0.29988121414344615,0.37106735649207623,0.9545173314973877,0.9213608421995578,0.8873285573857219,0.9192738367285821,0.06854425236037531,0.3823122599630261,0.2991325653973798,0.1754601054243181,0.31976344713521176,0.814222395446986,0.45949871925146607,0.4105843057227662,0.22880945907854763,0.2544326049394418,-0.09711087537140041,0.41870336927071206,-0.2135769372096035,-1.0362329900644474,-0.5157556202316254,-0.22386908982881848,0.2317863249296799,-0.5995416100890185,0.4231560223135838,0.9292213398450335,-0.05327335430323758,-1.3599862643238438,0.12385946103113588,0.1011152473556653,-0.00954821466070891,-0.7815401397932772,-0.6083644388221751,-0.5055482247151413,0.7000013484781096,-0.560549933218229,-0.1975756315950982,-0.19666942811625573,-0.5708862018363051,-0.24463262486045995,-0.21800800891090547,-0.2779087746215694,-0.3191393164558603,-0.35736125379619543,1.3849057984095905,-0.579772668828248,-0.3034727596748202,-0.3392010977222272,-0.28816639646345704,-0.13345267417951506,-0.3089764250251311,0.0,0.0,2024-04-20,1.802642126868448
0.25,0.2111111111111111,0.1,0.0,0.0,1.0,0.0,0.0,0.0,0.0,0.0,0.0,0.0,0.0,0.0,0.0,0.0,0.0,0.0,0.0,0.0,0.047495485160471716,0.00596676939357529,0.09141246205002168,0.037985452872312565,0.8576370995541689,0.1335148640082942,0.5630578338602533,0.3142670747190648,0.5843219200626998,0.09016977202634467,0.85893385899277,0.8978972522268018,0.9499759239600897,0.9985539983892893,0.8081229856649187,0.9204234013179464,0.9562647739354455,0.18908535099067153,0.2267764587991334,0.363940539283636,0.33883611293714755,0.9499759239600897,0.9154105953311766,0.885094072543809,0.8766973991443048,0.07227631326511083,0.3691116184859382,0.2728597957795177,0.17675066036631487,0.3607120604611522,0.7926788278225441,0.3745823092107451,0.3573234662407626,0.17650942291063407,0.2184606181326539,-0.4104267882301332,0.7416021227634451,-0.20203532576176486,-0.8068845075124937,-0.4227256851417338,-0.09482586844254409,-0.28048337034093485,-0.35295846663584113,0.2730587785876009,0.9505486975105435,-0.037571146817367285,-0.4882028935004184,0.2920233808283888,0.07846162873061445,0.06923426257890733,-0.2276031620804502,-0.4754191602839082,-0.34793572980398324,-0.42349242625179406,0.0621604404707714,-0.15228182908570198,-0.1882440832020871,-0.5311563703722416,-0.24270326849669402,-0.2096836873363042,-0.2764198293368817,-0.4582905696045585,-0.26997870192691253,1.3061895613338277,-0.42694171631865363,-0.21996162473736677,-0.7168450127275704,-0.26593520763884615,-0.13831690456893347,-0.3396045935453458,0.0,0.0,2024-04-21,-0.1043118050299662
0.5576923076923077,0.5111111111111112,0.2,0.0,0.0,0.0,0.0,0.0,0.0,0.0,0.0,0.0,0.0,0.0,0.0,0.25,0.16666666666666666,0.0,0.0,0.0,0.0,0.26130835668934127,0.030767680235332284,0.4555796507798821,0.18420767059306964,0.8909907011644957,0.20192902355223277,0.5760506190659931,0.3313743704216338,0.5593596323356121,0.18058854354626713,0.8790820018991319,0.8972257804992456,0.9512984581926817,1.0,0.8130346770064217,0.9253729906289949,0.9574411976790951,0.2145586651950657,0.22054171193871516,0.46545666582874673,0.38085667741829754,0.9512984581926817,0.916230657433664,0.8867845402213388,0.8608203760716184,0.11501711305872003,0.3448953666055863,0.1371691027955144,0.1639346180277712,0.4584158591142587,0.8223916344424698,0.5552571681897123,0.47194799921660574,0.2820104939299213,0.2945349886366989,0.21278143450902612,-0.003972250206013946,-0.1380972784601485,-0.42796099030969714,2.758178516330005,-0.32812953628804414,0.13145560824886066,-0.44134405371021607,-0.8397733239974083,-0.28482663753656373,-0.14141112002727155,-0.08175860211335141,0.01649881121622359,0.03242756622019254,-0.0898575291086636,-0.32998967569042204,-0.6371898488926396,1.07608147526103,-0.5350824739248895,-0.978605702541817,-0.20608483408705136,-0.1853567764997389,-0.6717553516568863,-0.2551741886397183,-0.2134654816433802,-0.29752106208616075,-0.4897075314549251,-0.3962741512385132,1.5132307650859271,-0.7181357220139712,-0.3612263643754978,-0.512019926564402,-0.3961731438296973,-0.28952784762402284,-0.4055239198380097,0.0,1.0,2024-04-22,2.9433758205850147
0.5673076923076923,0.5222222222222223,0.2,0.0,0.0,0.3333333333333333,0.0,0.0,0.0,0.0,0.0,0.0,0.0,0.0,0.0,0.0,1.0,0.14285714285714285,0.08333333333333333,0.3333333333333333,0.0,0.17449810233587112,0.019205785041975253,0.290039034263409,0.10856665793703962,0.8834787521843082,0.1669856317259668,0.5378067981554251,0.3370212877359857,0.5480298672349365,0.14158289539863966,0.8895692013340804,0.9020732196692396,0.9517040139107685,0.9992423349780155,0.8180723998327631,0.9283066273704668,0.957910763139004,0.2311433360158355,0.21919978461465817,0.5234921803717795,0.3059683503852484,0.9517040139107685,0.9164835323540534,0.8873013252464985,0.8202990815091642,0.10750417216712482,0.3330099373119343,0.13716910279551453,0.1520340072848378,0.5202897029483291,0.7968513693116821,0.5203478516026109,0.4492212640742011,0.3959168531192993,0.3816129880009532,-0.13277840149442377,0.5748742544053421,-0.3127068246393189,-1.1254939146848795,-0.4061705134982067,-0.13950494726465631,0.00890049434081154,-0.6205914695598971,0.5633839063690421,0.7585012674798687,-0.1573781551877581,-1.3300673376191956,0.1015050853018032,0.12004944053500922,-0.01203490985252659,-0.7704700334117932,-0.5249862430447118,0.30814799640291063,3.7448351450871664,-0.4775023775714761,-0.16298386647360288,-0.06574357967858602,-0.2844035706781609,-0.21360949849316335,-0.20411472995160615,-0.12707445277288082,-0.3630072185927926,-0.36923008835537685,-0.0022839007720099,-0.5221349887870825,-0.25029562324207255,0.0860904800604733,0.14695301246039527,-0.23575573797188398,-0.27141163372166727,0.0,1.0,2024-04-23,-0.6439574982440521
0.21153846153846156,0.17777777777777778,0.0,0.0,0.0,0.0,0.0,0.0,0.0,0.0,0.0,0.0,0.0,0.0,0.0,0.25,0.0,0.0,0.0,0.0,0.0,0.0686189254257994,0.008933619099961104,0.15134210399498818,0.051748361024578485,0.846296977271265,0.21947209734432271,0.5245933844595156,0.3212154171358397,0.5433954791761072,0.20870157701762426,0.8911392023026643,0.8993328218148084,0.947679519592071,0.9994297475126721,0.8225275485750944,0.9245796690005097,0.9552781485685495,0.22336618236375297,0.21641656200446147,0.5063964520462317,0.3104338967323771,0.947679519592071,0.9132155727309481,0.8830371834758448,0.8237052303229169,0.0885186005627796,0.4101199578344583,0.28288327779953565,0.15603310085871452,0.5184254588919999,0.7650437688146068,0.5376642335034593,0.46358631294636565,0.3165732454926508,0.31838000455363424,2.6330077471890254,-1.4683940292219217,-1.093490091502016,1.289209150148646,-0.41595285037312874,0.033017686536839716,-0.08590863079663132,-0.6271571672472745,1.3013086202261406,-0.24921210830782697,-0.6684208666600916,0.06383460081192145,-0.3044223688569595,0.6097251411033652,0.7512168463964934,0.192314268360562,-0.5749617262574456,-0.5984050354774388,-0.5413586723988127,-0.9788324403090597,-0.1774701624733256,-0.20210973397701792,-0.6690952772477928,-0.19341031297818162,-0.22915548020561935,-0.3053784934517514,4.348566476777997,-0.40084510182786637,1.2921028469547855,-0.9248574728510265,-0.35177975477915047,-0.7081944800274712,-0.3655291506623084,-0.3540391991640961,3.544991308423324,0.0,1.0,2024-04-24,-3.208044676017341
0.3076923076923077,0.3111111111111111,0.0,0.0,0.3333333333333333,0.3333333333333333,0.0,0.0,0.0,0.0,0.0,0.0,0.0,0.0,0.0,0.0,0.0,0.0,0.0,0.0,0.0,0.11521371592090253,0.019794745652478594,0.274476732045042,0.09993011475360025,0.8498715343483381,0.2360048293730473,0.5250436756111079,0.2935079682738502,0.5416226647909969,0.23014974708683789,0.8892815027467533,0.9013114943969036,0.9444880946835118,0.998789503302008,0.8268930069989665,0.922023031218085,0.9531354339234974,0.2202298279504295,0.21350050740490925,0.5048208834415178,0.2747522248033981,0.9444880946835118,0.9107122618300103,0.879555266808749,0.8079088241940036,0.07573702108774363,0.4227113945290838,0.3283335425741554,0.164440742029353,0.4552160999709224,0.7988255196935807,0.4507713483293455,0.4051721639292045,0.24738480624223985,0.2669185050723143,-0.14835495140001417,0.5190368990951372,-0.25166250256556666,-1.1436896100260212,-0.5392708144874405,-0.2531305286167137,0.12452316589083681,-0.5494545592338876,0.48726427617337587,0.8543611100346711,-0.06837029871068685,-1.402968692752349,0.12456664300602754,0.09811446595983062,0.009084119555753037,-0.7988142415223657,-0.6446641833331905,-0.6119505806608401,-0.5382187255216452,-1.029725524452421,-0.21640372523248957,-0.21347280363216403,-0.670066928517658,-0.23334183497159425,-0.2334100689434907,-0.3165447955264433,-0.5011776644923316,-0.40206007932336124,2.079980238345578,-0.9519977370098721,-0.3788734911347738,-0.21347527359971097,-0.42093338717547596,-0.3581185027001487,-0.41985168833054926,0.0,1.0,2024-04-25,0.3186348419551565
0.576923076923077,0.5555555555555556,0.2,0.0,0.0,0.3333333333333333,0.0,0.0,0.25,1.0,0.0,0.0,0.0,0.0,0.0,0.0,0.0,0.0,0.0,0.0,0.0,0.1968591683405702,0.0354510194215273,0.32190737795768876,0.1402450758392379,0.8371937910043792,0.16547585976434664,0.5259214956298541,0.25516679371640927,0.5462667547695547,0.14029954731070682,0.8850376513743938,0.9012054968260568,0.9395993083576247,0.9975405450132149,0.8311941723423933,0.9177425698835369,0.9501055588206766,0.21133867646576843,0.20921308866771482,0.4885546339380426,0.26940730063574636,0.9395993083576247,0.9056936115274943,0.8755701751914993,0.7737016924257641,0.06832995617099219,0.40631083544807356,0.3283335425741554,0.1722478374020886,0.4243025265789371,0.7734655343187,0.40554636219458257,0.37633678550627275,0.24574137068365498,0.2647402168895141,0.13071933330642768,1.2946083164124216,-1.1562373258790213,-0.9416878227381767,1.9428579225428924,1.4104586617218693,0.7726660438394848,-0.6460449023468845,-0.5714793397119037,-0.4568195387155306,-0.9922793124495778,0.6438398481643536,0.41501901185637324,-0.21012407207960662,-0.1857730558063847,0.5364236468501956,0.11689540027714922,-0.4723588429659948,-0.23625577478060492,1.8984255887181731,0.10125508990225031,-0.1586487888482424,-0.5256523617860054,-0.21783602262455212,-0.15279030860310178,-0.24324115814739344,-0.2447254891586056,0.16008623253267587,-0.3482763235854406,-0.20333521304301894,1.5794027813380325,-0.2384801823867318,-0.22294455709973307,-0.2591550949793811,-0.2599668585529389,0.0,1.0,2024-04-26,-1.1265004482557628
0.057692307692307696,0.044444444444444446,0.0,0.0,0.0,0.0,0.0,0.0,0.0,0.0,0.0,0.0,0.0,0.0,0.0,0.25,0.0,0.0,0.0,0.0,0.0,0.0038071245316664212,0.0010046975120351109,0.004589337060061363,0.006477769112457371,0.8313263932593988,0.12492916354766662,0.5176286992536882,0.1639631266091967,0.5444029819236113,0.0903550859583384,0.8726518648776909,0.9052218125213716,0.9339472419054548,0.995617582433836,0.8357295922845925,0.9131407998453576,0.9468160742234,0.20199017139800443,0.20372803687307978,0.4743490720517357,0.323301526754203,0.9339472419054548,0.8986194842256285,0.8724117902920125,0.7420597551502128,0.0608568795870911,0.4363305272859457,0.38065121098976956,0.18490075986281235,0.4594296485305999,0.7529471731642936,0.3419333730032012,0.33672715574904083,0.20420701820389606,0.2345765016254993,0.9331825040673262,0.058365668102585186,-0.8415689536678023,-0.4182501638007532,-0.4129377140153791,0.48068917514857906,-0.16825549700976955,-0.6895362399728562,-1.9661706801875956,-0.9503037756917826,6.356942070330268,1.2481469435025512,-0.06740506602096343,0.46723456457301765,0.7717085621488234,0.7986718865730621,-0.18490021686328587,0.37026387252959003,-0.022031270249328265,-0.2023972466399197,-0.1161635800552259,-0.14897931031396372,1.0167328294072893,-0.21770422121383096,-0.20425376920887875,-0.2188386341384295,-0.06496418453599817,-0.29217063999990084,-0.8273969588284125,0.04268475126068062,-0.16609027427843384,1.776571812214271,-0.40407507102911117,-0.21283620757481445,-0.07478602325957502,0.0,0.0,2024-04-27,-0.5272966802647994
0.5096153846153847,0.48888888888888893,0.4,0.3333333333333333,0.6666666666666666,0.0,0.0,0.0,0.25,0.0,0.0,0.0,0.0,0.0,0.0,0.0,0.5,0.0,0.0,0.3333333333333333,0.0,0.21030962392864333,0.02814412842490831,0.4146788106597272,0.17295802689207432,0.8259872944747713,0.1056089975369904,0.5163320962761083,0.07407304675786339,0.5222193520593402,0.07179222900343334,0.8607171430049891,0.904472850894354,0.9258466737606165,0.9934957821097294,0.8401294520801327,0.9083553778590034,0.943329793721795,0.19269629509541747,0.19729688787809152,0.4631270685786516,0.4093990122776331,0.9258466737606165,0.8806400571379784,0.8768168807279202,0.713712636829151,0.07137179248542899,0.4174218029904867,0.33328761828463044,0.19175809255298182,0.47340546246957455,0.734735805980518,0.33174737412712507,0.33032739860800786,0.18120531869585646,0.21802483366009046,-0.3135220303088842,-0.01070939912942451,0.34319716580570175,-0.7582763194090771,-0.13055431625225405,0.3285997646735783,-0.19541584975854595,0.26414816345262687,-0.2048076319861052,0.3208530147107236,-0.22033301287203805,-0.6236056536884684,0.16909029759611208,0.08779611637159955,0.14234445346066166,-0.2578334071689566,0.02387133449511437,-0.2240490363352586,-0.35232788815805793,-0.7514303927865869,-0.12968104972782976,-0.19146611367744662,0.6259350019926669,-0.22547651427010246,-0.2223118834532134,-0.30037957420179207,-0.08308343977616268,-0.22756491237384535,1.1262004957055731,-0.6989600443274205,-0.28799975956440144,-0.570813190415784,-0.407248848171608,0.03543249620428486,-0.1021305657279498,0.0,0.0,2024-04-28,-0.4823625063903991
0.4326923076923077,0.4444444444444445,0.2,0.0,0.0,0.3333333333333333,0.0,0.5,0.0,0.0,0.0,0.0,0.0,0.0,0.0,0.0,0.0,0.14285714285714285,0.0,0.0,0.0,0.0677118411120544,0.012278411444103072,0.16645944773745844,0.0789862443263453,0.8386912857345561,0.18744058549785697,0.5201624039727006,0.063248529592178,0.5113193686059213,0.1811890603383216,0.8591382682163418,0.9044682594969848,0.9208084833144651,0.9914555279913426,0.8446686492647956,0.9064277104198966,0.9411498016645647,0.19401630050389185,0.1924421504039724,0.4818254597752417,0.36636067302615094,0.9208084833144651,0.8708406691727546,0.877981210062091,0.7036335161282112,0.058520304191484684,0.44308080244236625,0.39371783710645475,0.20436697346988209,0.49373820114233263,0.7627185684995372,0.2811348723704718,0.30103301814444805,0.13531499530538385,0.1888919322084202,0.656402310378094,-0.38878987331242953,-0.2153140510510168,0.10404851856676038,-0.33577558227244986,0.22997195874099918,1.0992983199800836,-0.533373147723485,-0.36998139760712,1.5936849630958836,-0.3976916113698273,-0.7087882308519953,0.14818882004142309,-0.016816571306465394,-0.10730532442210858,-0.35836626774524616,-0.5666873276594735,0.15820942450141998,-0.5172037597393107,-0.9299575924441706,-0.19317731985079067,-0.1528013268469336,0.13807543125858604,-0.22017579564080328,-0.2263904596062146,-0.2737907902539086,0.49852281938165033,-0.3935650001548031,1.2689231133641534,-0.7493387851455963,-0.3523901809322983,-0.6131395487464077,-0.09164884638268869,-0.3476300704062735,0.6181395757502355,0.0,1.0,2024-04-29,1.1533090916022948
0.38461538461538464,0.37777777777777777,0.1,0.0,0.0,0.0,0.0,0.0,0.0,0.0,0.0,0.0,0.0,0.0,0.0,0.5,0.0,0.0,0.0,0.0,0.0,0.033404958834075946,0.004563657350905566,0.04458740944211524,0.0360335854314582,0.7827667263352243,0.286022325221026,0.5456962613018289,0.053676983319765045,0.5107874922895306,0.30986525688932903,0.845207899221285,0.8962993653914451,0.9113452577638336,0.9869299428783394,0.8485764752542971,0.8954573411930518,0.9345176632944996,0.16383175339864411,0.18192277863336198,0.41463516925832067,0.3292407156301661,0.9113452577638336,0.8554971565227816,0.8766793718873584,0.7553882930775858,0.031944794763689305,0.5131475640322022,0.5281637107500152,0.22996106730995064,0.38298901321855866,0.7229642984774272,0.16247484497587142,0.22813837993730443,0.11411308283824939,0.16669276529749832,-0.6572067876759567,0.29764612325826606,0.39441636753661985,-0.749635555565633,-0.47037900929681287,-0.6808913171789677,-0.28941137725465943,-0.54640563293761,1.4088122770694103,-0.04836154297983855,-0.4797936227116563,0.1734271828198236,-0.18067166192375234,0.5818524255968112,1.0302614270312667,0.05543526488560123,-0.5179187250140541,-0.12835879956388335,-0.45989915598641506,-0.7734829408089823,-0.14719643373184893,-0.14019752191711843,-0.5152319505144478,-0.23681692749671185,0.11384321818686596,-0.18364597409423855,-0.15614403677657573,-0.3432105432179231,-0.09007802895225739,-0.6143473520282274,-0.25181435424051324,2.6454873490507276,-0.2883983577866223,-0.05070963371926974,0.025794387328934774,0.0,1.0,2024-04-30,-5.0191249309274655
0.125,0.11111111111111112,0.0,0.0,0.0,0.0,0.0,0.0,0.0,0.0,0.0,0.0,0.0,0.0,0.0,0.0,0.0,0.14285714285714285,0.0,0.0,0.0,0.004635321263533306,0.0007228152947086456,0.003945191396398567,0.004700976512480232,0.7411785740308405,0.37927254218002665,0.5607741891458897,0.052752454145487654,0.5311451335693969,0.41672225575321226,0.8252759831457566,0.883790597547905,0.9001174224110523,0.9817187559015959,0.8524137993810227,0.8792296003408977,0.9249458826303913,0.11762339177103295,0.1633491243973078,0.3191003914715679,0.25570298318293383,0.9001174224110523,0.84587934805801,0.8653532143115163,0.777541060890647,0.014912356071234284,0.5848900684154785,0.6261142505466599,0.26384354547237604,0.2766998652623588,0.6720751506201299,0.15167474852495433,0.21633993169401952,0.0,0.08587610150668867,-1.4509396121388531,-0.9675225579024359,2.1759195634655537,1.5322090892836207,-0.34401726168128344,-0.8961159478928689,-0.22288264806683222,2.6688469699479147,-0.9489479773608736,-0.6507833873399305,-0.6984099649740182,0.892121030652014,-0.04980966571839943,0.21338341596607274,0.9024879829861656,0.41493844197863433,-0.10853507716910217,-0.5676999548908501,-0.17608827391720328,0.14613294776385385,-0.08468142825959687,0.936913202029718,-0.06956393627407846,-0.23411828813299243,1.8343841932942755,-0.1395176006292046,-0.4009759184989712,-0.3815038761057186,0.08080768852839117,0.2909135408036101,-0.015539910161068954,-0.2563570579262767,0.2639468091356721,-0.31259087249923007,-0.3400160776900513,0.0,1.0,2024-05-01,-3.929695449375714
0.2980769230769231,0.33333333333333337,0.0,0.0,0.0,0.0,0.0,0.0,0.0,0.0,0.0,0.0,0.0,0.0,0.0,0.0,0.0,0.0,0.0,0.0,0.0,0.04700483389187461,0.021966341058585834,0.10974410871765215,0.09337276616801686,0.7563527327872688,0.2408967915289682,0.5077096058023947,0.04072754892498093,0.5184344242373922,0.24728305392057698,0.8097121094650099,0.869329182363499,0.8924407014855361,0.976218869994607,0.8563598647531631,0.8680324827754804,0.9173349504401216,0.09231004477972249,0.14292547334211567,0.2971569054092368,0.362870632269367,0.8924407014855361,0.8426006634000629,0.8538532735665423,0.7683520152064913,0.0050919450523556065,0.5449894299292374,0.6261142505466599,0.2953058466231997,0.16520176451207685,0.7064410438502629,0.18010554457420982,0.23471848621007357,0.04159531094459212,0.11495036549362087,1.181891853967508,0.032034295494965725,-1.044182058416826,-0.8789712104018665,1.3522347221065905,-0.03411283318259946,-0.49729720653326726,-0.557170279659858,0.5040642460009925,-0.1668653123564192,-0.9327336053422991,0.8030097045404619,-0.11783387782116395,0.2659259205747823,0.7245321774259997,0.7279720008235717,0.9867136390110857,-0.5920850772795574,-0.4474979940765905,-0.741283687059557,-0.051363518083511556,-0.14725993655064987,-0.3247626424633293,-0.21835165060073417,-0.19645061513501869,-0.2398680536571746,-0.3853748846684704,-0.3041909822465379,0.7144477712406044,-0.8673049135865087,-0.28853562750345674,0.10342457895914195,-0.391011999995206,2.855500717232469,-0.2940130880520073,0.0,1.0,2024-05-02,1.4924669552331735
0.44230769230769235,0.4222222222222222,0.1,0.0,0.0,0.0,0.0,0.0,0.0,0.0,0.0,0.0,0.0,0.0,0.0,0.25,0.16666666666666666,0.0,0.08333333333333333,0.0,0.0,0.08593560979302085,0.020037258845038795,0.18142900743739257,0.08670690011907983,0.8220883540639317,0.2449457467857547,0.577531970322161,0.058396439937584456,0.4965056095258047,0.2637111346564357,0.8089027236665718,0.8627352620432862,0.8915547338264965,0.9728674391313419,0.8610294983398389,0.8695356882687226,0.9157108046856219,0.11298204854329605,0.13113095633762456,0.39951020721641484,0.4243054166579533,0.8915547338264965,0.8419001974287645,0.8528929563707635,0.794290079229621,0.13550812571042786,0.48403118758458774,0.260987158771191,0.2868097610287949,0.31035915363278976,0.7412904171581345,0.3722978662323368,0.3552057988134332,0.23907898274282147,0.25864449837056847,-0.5624242448171962,-0.5467364958962446,1.0190123637750301,0.3503409608605087,-0.5717850189299967,-0.21411749309808326,-0.3134856553066733,1.5274129270672643,-0.5474222502043686,0.14598994464231727,-0.5324889700391161,-1.163292204252411,0.04195209716956732,0.06536512632718972,-0.11842737237265548,-0.6378158561387778,-0.2689366367717849,-0.5200881055105144,-0.48672645419757576,1.0003784291629332,-0.15105799218852076,-0.17121297063545157,-0.6096932276311763,-0.2441153307907266,-0.1899940483695833,-0.27175754350360487,-0.13734972242607255,-0.3640659101593113,0.666410090728321,0.17308650428056332,-0.20847212755305267,-0.4757824001732955,-0.37520343875322626,-0.3170965801192875,0.18398819873394331,0.0,1.0,2024-05-03,6.370405294167747
0.5192307692307693,0.5555555555555556,0.7000000000000001,0.0,0.0,0.0,0.0,0.5,0.25,0.0,0.0,0.0,0.0,0.0,0.0,0.5,0.3333333333333333,0.0,0.08333333333333333,0.0,0.5,0.20825682650986468,0.02953621714064348,0.27623247072430246,0.24438856196998263,0.8395700795916916,0.13451637592312252,0.5564498477506955,0.06131602704265438,0.4648177556776425,0.12785377257126862,0.8090851535559187,0.862012728411653,0.8897980327583291,0.9706957427726264,0.8659334864734894,0.8737270372128936,0.9156491618208202,0.14145915226912312,0.1279555708664471,0.5017448655218257,0.43851960325548256,0.8897980327583291,0.8382301133079146,0.8535874328020516,0.7692265321923802,0.1706062368963086,0.460063914509776,0.16808132649856047,0.2693250326121838,0.4989857330487449,0.7629535739179776,0.42952691426746686,0.3916399102501045,0.3694025965746694,0.36041504460574497,-0.9326907097332137,0.7537664886529879,0.2597096084549063,-0.5070117550494262,-0.5398176452130795,0.21249357825398882,-0.20260103055749654,-0.025309504471887984,0.3998958379626953,0.23832200478435103,-0.29625125706037114,0.4967254722199117,0.14068673839160234,-0.2101123740292816,-0.2845262755674613,0.2422893353486567,-0.19085769149593326,-0.29381058374027114,0.4672621014128529,-0.41021655274682595,-0.13889318225534955,-0.15795302494514302,-0.2825842464641855,-0.21536081219254238,-0.1718358817628096,-0.21276034444567457,1.0474981586371912,2.7313813694196702,-0.39640099030823195,0.3290312069066879,-0.18976325052342308,0.23841977925384514,-0.322759203751087,-0.14722603581169302,0.8333771661601199,0.0,0.0,2024-05-04,1.5926845790239064
0.20192307692307693,0.2111111111111111,0.0,0.0,0.0,0.0,0.0,0.0,0.0,0.0,0.0,0.0,0.0,0.0,0.0,0.0,0.0,0.0,0.08333333333333333,0.0,0.0,0.037149661416218865,0.005554182014024822,0.05430421023886399,0.021419900366499645,0.8420075905904632,0.11406690601460057,0.5557481942172406,0.06273228153342078,0.4366523776824779,0.1087658594461096,0.8213830368685462,0.8611680650745561,0.8903733012151313,0.9701898879032187,0.8704806107499782,0.8776806216774082,0.9157931732597016,0.16700104618783304,0.13103023248099546,0.5758789503460612,0.40395246036018095,0.8903733012151313,0.8389184025585406,0.8539450237169668,0.7413748179406514,0.16301952382943447,0.43934758369260607,0.15889898372790437,0.25214084205801796,0.663194856038374,0.7821748881100352,0.44858750038224443,0.40393769607894897,0.31646365985548885,0.3181441161123165,-1.7034173079968982,-1.668284455731635,2.9935329576738923,2.5005797563682,-0.5654693963236148,-0.8759183108401357,1.4736373724373124,0.9042849380682314,-0.9797922597017042,-0.859939610539992,1.6212089595582053,1.317563362001739,-0.08592906732369118,0.07869785182726707,-0.06450945433722773,1.101467829589184,-0.42425446525352306,-0.09379256275436015,-0.23953537670370462,-0.6962556244261874,-0.16224188791363015,-0.17162564006591552,-0.29415665203163943,-0.23798922846911721,-0.1976930593665727,0.007866716618626554,-0.3252086649948862,-0.3124548723328548,-0.5339687892320418,-0.6308478937351697,-0.23798850912320044,3.3653435196010553,-0.34617374873917195,-0.13733164074644416,-0.24777507978181948,0.0,0.0,2024-05-05,0.2185896653241981
0.34615384615384615,0.37777777777777777,0.1,0.0,0.0,0.0,0.0,0.0,0.0,0.0,0.0,0.0,0.0,0.0,0.0,0.5,0.0,0.14285714285714285,0.08333333333333333,0.0,0.0,0.11263979352588538,0.014588585817387567,0.17701154964419386,0.05983652929320406,0.8268375905947241,0.2055823519083403,0.5524320460171493,0.06254583493065964,0.42090009672445416,0.24977565502952587,0.83916509666157,0.8600557093575021,0.8897552460988595,0.9681299320688659,0.8747877585930056,0.8784926091100964,0.9146750325873678,0.17973967041185201,0.13629034114067873,0.6018013337138484,0.3782291560967461,0.8897552460988595,0.8383071652514642,0.8534147478489476,0.7363631957534581,0.1798488394366402,0.4060970036947674,0.08794055685927833,0.2288553609284546,0.6730206731613324,0.7520258426666122,0.3802679336961773,0.3602951700299249,0.35944786986810284,0.352196946087123,-0.7770941289944394,-1.0644661837283103,1.648500602221608,0.622615020016467,-0.3980203149762341,-0.45380539879098764,-0.29828184101208494,2.1178758807150992,-1.0407990231791329,-0.022966779317911017,-0.41609977083927807,-0.2259384840358857,0.2480310170950468,-0.031228068479694813,-0.1344497856123167,-0.21173876213949908,-0.5867953950342988,-0.4364179341212179,-0.3833351095693264,-0.9417598462093314,-0.20655258441153246,-0.20203420831685748,-0.6065886863446519,-0.25391133618274203,-0.1697599717018096,-0.2728646137050106,-0.48489646793190144,-0.30448060707348007,1.4727546186790843,-0.9105910647337141,-0.36778661355257936,0.44226530862439783,-0.276360843108943,-0.2960332326679985,-0.4000963793987248,0.0,1.0,2024-05-06,-1.3574390387488533
0.5,0.5,0.6000000000000001,0.0,0.0,0.0,0.0,0.0,0.0,0.0,0.0,0.0,0.0,0.0,0.0,0.0,0.0,0.0,0.0,0.0,0.0,0.24922184527392727,0.03890761979600546,0.3979229916630524,0.19672190446701288,0.8124015095960422,0.18123635296107224,0.5524241672702304,0.058952474358465415,0.40310506371429444,0.22307832469294142,0.8508003306453289,0.8580229944905813,0.8907615015526796,0.9660758458130703,0.8789428860198233,0.8767688848267037,0.9124487789154005,0.182727753553248,0.1411553095520152,0.5971144313134947,0.28537817833108614,0.8907615015526796,0.8378228300107862,0.8559634340758953,0.7194215411479896,0.1631449525862254,0.40636061023917114,0.11928783937896614,0.2104707404783463,0.623851014760399,0.7247839188674488,0.48195681064288753,0.42726202221063386,0.32332963045559354,0.32256066014109896,-0.3717869983971418,0.9141772239984183,-0.3821161876444882,-1.1925504369860307,-0.606404261331266,-0.39644324591470337,-0.14390338072779535,-0.6007526832934353,0.9926087736632605,0.39768514919763154,-0.1628918229168928,-1.0138122828695904,0.16342529398833017,0.19093858337193986,0.006947222128066849,-0.6312861972339132,0.13305798733546167,-0.11772250743715987,-0.3781632096843248,-0.48583451705793235,-0.1493152059819768,-0.17061776528741474,0.4941459847832981,-0.22240855089757652,0.11315151961137754,-0.13775753724547313,-0.30842974908108073,-0.05284103273184073,0.6397867039486367,1.4333375738440879,-0.2988660461004239,-0.6652900824404282,-0.37348931046229666,-0.24466667955829594,-0.31337002675140524,0.0,1.0,2024-05-07,-1.309542885757653
0.2980769230769231,0.26666666666666666,0.2,0.0,0.0,0.0,0.0,0.0,0.0,0.0,0.0,0.0,0.0,0.0,0.0,0.0,0.16666666666666666,0.0,0.0,0.0,0.0,0.03154790583575187,0.004494367867316938,0.05894013139928999,0.02817547418514237,0.7923849171635378,0.1826215319970764,0.5326260931442598,0.05410567688539607,0.3920635319597342,0.23128224308309264,0.8446341579269299,0.854413775372544,0.8885506519297767,0.9657902817363964,0.882606844792242,0.8719676264246969,0.9087361173575632,0.1748057205691815,0.1433057541651619,0.5649164758817663,0.2680123717355605,0.8885506519297767,0.8377716510813766,0.8516341984049367,0.7037754705663463,0.14694042246287037,0.4582279417382129,0.21101304286802447,0.20287287550506516,0.5588732348900959,0.6973765927791673,0.5348290243735745,0.46601744152184693,0.36467482556165254,0.3564410081772613,-0.2501010535136173,0.49664355142130295,-0.14087703804054189,-0.9324925819460906,-0.5468456319247903,-0.07471526713195024,-0.10128579611215206,-0.5360474856568729,0.5594476990123697,0.7083690135628372,-0.05685415926483303,-1.0566161474192919,0.11088948039323179,0.08261657375785986,-0.06096120000260885,-0.6167458319502696,-0.5240630165588441,-0.24897992039601866,-0.45420544865822204,-0.34679841439255604,-0.12826269822280228,-0.1769301097136648,-0.5578897370777134,-0.11082794209676959,-0.1567871128502406,-0.2511670249978267,-0.0029914323530472776,-0.305373954529251,0.7021241781727793,-0.5782242765994304,-0.259599602284621,-0.15599443234916793,-0.18236367382430965,2.2413413488161438,-0.11083986634430884,0.0,1.0,2024-05-08,-1.8398626419713129
0.2403846153846154,0.2555555555555556,0.0,0.0,0.0,0.0,0.0,0.0,0.0,0.0,0.0,0.0,0.0,0.0,0.0,0.0,0.0,0.14285714285714285,0.0,0.0,0.0,0.18445477191842924,0.029095284063261298,0.2482290010119994,0.09468944472337452,0.8248830412471511,0.17703621754808846,0.5359462754869456,0.049484067994063546,0.36482513304460384,0.23824018525733515,0.841585257711851,0.8529306368574063,0.8877959454803529,0.9638741121092342,0.88672065043386,0.8733321311954763,0.907979476451267,0.18888520336120512,0.14812125517358413,0.5965276804309205,0.4002814271331665,0.8877959454803529,0.8369874842824059,0.8510297220848064,0.7016054707116477,0.1451788552445058,0.4220632720929589,0.17334300066918568,0.19192707547798749,0.5966789852226052,0.7241169842898281,0.5772903207694818,0.49382965352685715,0.35353536411107606,0.34732507775901517,-0.9685957341106186,0.23931541351062574,0.7248877140396099,-1.1400484383360387,-0.6515861434159733,-0.7561782783984735,6.019300307942495,-0.662991293935662,-0.4681317076066661,-0.487266919038174,-0.28071880526039433,0.07187773866434308,0.01632555387509916,0.237963161063161,0.6764162071641515,-0.31703451546393346,-0.3925612773611402,-0.4688821045105967,0.13447701701528453,0.007571777886418931,-0.01384635824241187,-0.16956739548173136,0.2893204745430431,-0.15476499473455754,-0.18011679743203562,-0.24234463397589692,-0.36467210843995457,-0.2875252989189057,0.5559245254101937,-0.6284102455115809,-0.11253076063980871,-0.12025936766552357,0.0950525040847361,-0.26305636275973826,-0.17842355205578928,0.0,1.0,2024-05-09,3.043115176709965
0.42307692307692313,0.4444444444444445,0.30000000000000004,0.0,0.0,0.3333333333333333,0.0,0.0,0.0,0.0,0.0,0.0,0.0,0.0,0.0,0.0,0.0,0.0,0.0,0.0,0.5,0.12186742880426454,0.014065765168491551,0.2490209307181983,0.08467400630558808,0.7854880557069404,0.19772590420345493,0.5435964794297595,0.04958535105864952,0.3700658027927145,0.2683066027688139,0.8298522984848073,0.8532229338548449,0.8838002480173778,0.9620229864615535,0.8904481618704411,0.8679078449575208,0.9040289016335337,0.17834318595830917,0.1496561648985948,0.5576153923885604,0.324407208787166,0.8838002480173778,0.8342972117054193,0.8461646637024522,0.7087679519577057,0.12189856420691486,0.4066475861015657,0.20308034199285777,0.18483445228830742,0.569749705540559,0.694906066266,0.31961364155517247,0.3209432518009352,0.2764615286358787,0.2840897891966879,-0.3116845929594854,0.5433613604625354,-0.12451987510745051,-0.6672872742940796,-0.46294501880883593,-0.18366410229885952,-0.11976584862888208,-0.6330464810270369,0.8069912331811059,0.41063023938031357,-0.08902155491834288,-0.7328419255188965,0.07465241575738545,0.20296261318895645,0.20748625687140093,-0.3684308046638797,-0.5998754299581707,0.24396360558354188,-0.48795662005705964,-0.8988295696817481,-0.19097671579884906,-0.20088173298685913,-0.596973723841021,-0.2462724519109939,-0.19488108768631252,-0.27653515337147516,-0.38724508414898434,-0.37774693528497877,1.0642505749602684,-0.7292616305032578,-0.3188069549201087,0.663330668421877,-0.369830511817586,-0.06538552810387877,-0.2909278227558952,0.0,1.0,2024-05-10,-3.5799920573900024
0.25961538461538464,0.24444444444444446,0.1,0.0,0.0,0.0,0.0,0.0,0.0,0.0,0.0,0.0,0.0,0.0,0.0,0.25,0.0,0.0,0.08333333333333333,0.0,0.0,0.27193421906147613,0.04443660563417987,0.3769617528472523,0.12490070652103141,0.7855043498676739,0.07488125426768602,0.543886922124339,0.04801999432882649,0.3626465780136554,0.0737245404230424,0.8212718805961698,0.8579839493059351,0.8798699118387717,0.9608469577632879,0.8940749159240121,0.8633207853800244,0.9003723062123483,0.171489883121489,0.14937750550484827,0.5361039885478408,0.346277739360876,0.8798699118387717,0.8310637340699654,0.8420481034634169,0.6719381756009959,0.11524081854529339,0.39484931080125074,0.2030803419928577,0.17824844504074744,0.5539929037850388,0.7094482766519408,0.2768056097938788,0.2947049359669127,0.24221497002623424,0.25778515624860876,-0.9949543903313627,1.8465340782538242,-0.6032029825823303,-1.2189356147597894,-0.5398763031721044,-0.4227165284892489,0.48295167105202325,-0.5496233170712058,0.6275604581431846,-0.20684713558724438,0.5802630016995922,0.7581642272865993,0.2526700846711237,-0.18412798198643401,-0.7436258330380172,0.9829077503732838,-0.6088257632418078,-0.5630985409276092,-0.4900374991538928,-1.0054153589056254,-0.20343282908118102,-0.20543680053165472,-0.6479338161362787,-0.2478462060871784,-0.22736729931168018,-0.28612681663313727,-0.4290307255959196,4.649867487570815,0.2549785954516994,-0.8915949334157098,-0.3560931622765675,0.7258237137428971,-0.41316984827179865,-0.31856101719613417,-0.36618827035728085,0.0,0.0,2024-05-11,0.0015356984674586
0.11538461538461539,0.12222222222222223,0.0,0.0,0.0,0.0,0.0,0.0,0.0,0.0,0.0,0.0,0.0,0.0,0.0,0.0,0.0,0.0,0.0,0.0,0.0,0.08906666037532057,0.004801446260493813,0.07758340963487703,0.02818270868269928,0.7969306471261728,0.07451337561728771,0.5223494762981726,0.039634429869272896,0.34652399343152096,0.07854272169935984,0.8180602653742779,0.8623424083174973,0.8747448107583998,0.9598171883746627,0.8978131458058146,0.8613475912515804,0.8979292088032962,0.17422261226321836,0.14975532404942343,0.5438907124712382,0.3784207973941154,0.8747448107583998,0.8199511581052157,0.8445358570393107,0.6420696895541326,0.12432401226545514,0.38001679326737325,0.16439673522299225,0.1681375441470513,0.4899806917365959,0.7239465591633527,0.2988372584612202,0.30882786033637943,0.2637313304522315,0.27505459520356224,-1.786708596308855,-3.020747260664482,4.206428302563102,2.6001168990659935,-0.7840864822580862,-1.0686754197347836,-0.8398356906092082,5.957945660445167,-2.93578013810041,-0.9594871240959392,-0.9868625284847886,0.7564351342787313,0.0046748275654393085,0.28537977656018176,0.636297750140544,0.12547214120390768,-0.5777533782984456,-0.6053991472234981,-0.5123678016452724,1.3350797896608013,12.946513069644233,-0.19713513632564994,-0.6872632936474729,-0.22205272721893363,-0.06550054461001831,-0.2851554271582581,-0.4990665219253572,-0.2814196677472365,-1.6384223091852625,-0.9481074802950724,18.531216268745002,-0.7000900457013918,-0.29253854144477853,-0.3141248421490175,-0.33323263662036023,0.0,0.0,2024-05-12,1.076893618853214
0.19230769230769232,0.18888888888888888,0.0,0.0,0.0,0.0,0.0,0.0,0.0,0.0,0.0,0.0,0.0,0.0,0.0,0.25,0.16666666666666666,0.0,0.0,0.0,0.0,0.050129986337211475,0.006121095970659053,0.09162610637238366,0.03958138303336695,0.8222910425152321,0.19846693470663387,0.48862654831801233,0.0544019627644232,0.35050749136358617,0.2825209870109872,0.8242685144356583,0.862364179010287,0.871410842899922,0.9581102136667679,0.9018884378069264,0.8639130900752496,0.8977592466496751,0.1925165359811492,0.15407920050130805,0.5906963425103992,0.4319454549135874,0.871410842899922,0.8098237946104938,0.8494559060501745,0.6423230521184108,0.1812261365617896,0.34790360183469293,0.007771685166459064,0.1425722920764681,0.5742611503403323,0.7532459626019512,0.3981778597020148,0.37158464970941124,0.25009210661170167,0.2667472828423779,-0.48304408857747,0.7836964903924346,-0.17181791269841595,-0.7928678356514466,-0.2059468805859154,-0.37139076113673203,-0.25160029095511466,-0.6275906618084549,1.2044815717764483,-0.028286828918264364,-0.5106296819923272,-1.553979831865945,-0.058541676969483,0.40356038547786627,1.2341191238983322,-0.7066689524059266,-0.2775790418773941,-0.3824326264878775,0.11463782449232277,-0.7496439623100581,-0.058467224619638825,-0.17766333379245325,0.8757493927002724,-0.22859850289272138,-0.11988691895918813,-0.22845065356050223,-0.07545952431704,-0.20921440676815128,0.7518833971135301,-0.6095948647517092,-0.199819664499728,-0.1671531536857207,-0.3918616315184377,0.18231525155691208,0.06661588691767732,0.0,1.0,2024-05-13,2.3646747788683697
0.25961538461538464,0.26666666666666666,0.0,0.0,0.0,0.0,0.0,0.0,0.0,0.0,0.0,0.0,0.0,0.0,0.0,0.0,0.0,0.0,0.0,0.0,0.0,0.05902314809865567,0.005401430197931709,0.0720238382086004,0.03355359966894939,0.7987526615429259,0.20108075635748454,0.4784159493872925,0.07153314689248115,0.3481803364540843,0.2884757808700773,0.818844077021432,0.8579799949924112,0.8688202700324476,0.9547984694033576,0.9057713191238749,0.862153044143481,0.89566002054502,0.19443203364247616,0.15795939267201617,0.585433641656347,0.3704292208979867,0.8688202700324476,0.8058775913522915,0.8488100623285146,0.6295020880480448,0.16349878549190738,0.32537634848343866,0.007771685166459048,0.11883312943949814,0.6046003668156619,0.72363444637998,0.3758679872354597,0.35698999042768653,0.22274537149007498,0.2445607162117791,0.04694600192655232,0.45428140481983464,-0.37368950115141825,-1.0503021962476269,-0.4016813468304214,-0.1431429802123707,0.09111521210445439,-0.596781688247793,0.5266370213442355,0.7453569971395932,-0.17186975076741529,-1.2251452781893666,0.13162323873446105,0.09076243268057448,-0.048162946882908085,-0.6694445204078207,-0.3189780537314098,3.313711899460222,-0.4278598623586681,-0.9484971615952895,-0.14762173491828842,-0.13353122683009286,0.9300212035774811,-0.23272704706862837,-0.15267108493161402,-0.21028238551598005,0.3211635652087959,-0.24422047099725347,-0.6246634012194475,-0.6962093522436085,-0.3067098775647696,-0.15859683682728237,-0.39755576934409737,1.30183743270107,-0.1415245872606917,0.0,1.0,2024-05-14,-2.144084393922019
0.20192307692307693,0.2111111111111111,0.0,0.0,0.0,0.0,0.0,0.0,0.0,0.0,0.0,0.0,0.0,0.0,0.0,0.0,0.0,0.0,0.0,0.0,0.5,0.037096209549993035,0.004886483353988948,0.04338104187749988,0.02735074146365461,0.8810391277169896,0.30339259233887267,0.5547286005952539,0.07124639330852306,0.35670727114245204,0.4503160116075368,0.8386796406775132,0.8621723581903675,0.8705185155637672,0.9533327553039876,0.9106039018629998,0.8744054151191474,0.9005047069752665,0.24487304598532428,0.17215218265250737,0.7077551202472393,0.5837199098237688,0.8705185155637672,0.812770126477413,0.8443287613609158,0.677792202968086,0.274885068553824,0.27352996305894306,0.24685419469905576,0.12148255623528248,0.759314217868166,0.7654628756762378,0.626614303777945,0.5226041281578268,0.426600249859906,0.40705785729303934,-0.9393953076904312,-1.0336158443249401,1.7692246934724893,0.7429216639758279,-0.5767980891302767,-0.6430036793649183,-0.34425100574730305,0.12774522396224466,-0.3793078927898539,0.07191778712644153,1.9414796100223055,-0.08283042786857618,0.12652717265512306,0.21799027246721644,0.10710657834744444,0.0618730286598237,1.4674984973721397,0.10226629426056451,0.5755340514545026,-0.4274847917030914,-0.10172008250770409,0.7087751658909153,-0.1941686816962244,-0.21068682971223532,-0.13131997525981662,0.24801436932398488,-0.10873239825752859,-0.193592190020864,-1.4125967897565814,2.740137054522519,-0.21619873562129627,1.777487557009773,-0.07634414384881874,0.5073218767255901,-0.15062062854656005,0.0,1.0,2024-05-15,7.659609250545496
0.25961538461538464,0.2777777777777778,0.6000000000000001,0.3333333333333333,0.6666666666666666,0.0,0.0,0.0,0.0,0.0,0.0,0.0,0.0,0.0,0.0,1.0,0.16666666666666666,0.0,0.08333333333333333,0.0,0.0,0.12750223852729417,0.011481582382833845,0.16514545483751786,0.07459345740978944,0.8629592224140157,0.2308781164207797,0.5591589035278287,0.07313856387455588,0.3649829690798372,0.3252079447544437,0.8547585922009984,0.8660521695182795,0.8719224105721625,0.9516687082374902,0.9151372396842473,0.881753505536123,0.9034989837089247,0.27454432285663843,0.19002916231457315,0.7514546358854808,0.6189004295981276,0.8719224105721625,0.8168744907929293,0.8424394195116334,0.6649368773791793,0.2636274700784658,0.2547656304853081,0.26351318524588374,0.1256633131813517,0.7956889765614439,0.7322932984123094,0.5026468023229097,0.43869913736160165,0.38965011353514073,0.37686053476622633,-0.35648665169378035,1.0777027230842073,-0.5334925843898463,-1.2414399636537663,-0.5911611939154878,-0.5606773007027552,0.8425660297852025,-0.2059630049670955,0.5312800625928928,0.09460412549098697,-0.204238779919806,-0.5289436972066526,0.12097551071309608,-0.0334072772451672,-0.13974162452282632,-0.01023929412620396,0.2401549217990389,1.574518627031396,0.23114341531981553,-0.1369890331746146,-0.09415813982293239,-0.1695219022907129,0.017683458852362867,-0.22626535175321114,-0.1925656834920173,-0.25878436646590347,-0.12121892493997391,2.050883954109756,-0.9283251068923855,-0.28680446106346724,0.00954395617574597,-0.12226060177868871,-0.39808469716189554,1.4014722880016344,0.10981128139844229,0.0,1.0,2024-05-16,-1.563225228621834
0.13461538461538464,0.15555555555555556,0.0,0.0,0.0,0.0,0.0,0.0,0.0,0.0,0.0,0.0,0.0,0.0,0.0,0.0,0.0,0.0,0.0,0.0,0.0,0.03206632749921573,0.011037499783470364,0.045149631343067806,0.030924583256768234,0.8947290861421657,0.19971712399704197,0.5394979064464949,0.07088481679168258,0.3744462904034944,0.26868144767805485,0.8750606895166941,0.8748949445535037,0.8753770674200051,0.9502137360516845,0.9197906800629688,0.8932766108223285,0.9088923913105673,0.3165182331807969,0.21355802760939646,0.8184937098586431,0.6407012051679567,0.8753770674200051,0.8282679552690899,0.8363166196178768,0.6575925163066653,0.2730279611834007,0.2347987320857082,0.31185793238692266,0.13453858988092599,0.9331641097614162,0.761741985203521,0.6770729051627811,0.5571656351102546,0.4654933790847552,0.43943730804112363,-1.1298904827687164,1.8174623628496493,-0.45680597083965346,-1.0119380361301902,-0.5839598703802633,-0.8620103600663005,-0.4397209928670022,-0.5776431379874241,1.878067414134102,-0.497745248838278,-0.5462584938688351,-0.15627461111778815,-0.04560737479644089,0.30973015812029037,-0.33468195412708307,-0.7803837554377179,-0.3398480473564175,-0.5125339578903856,-0.4008316481973011,-0.825455593751301,-0.16759161339475973,-0.18885542238955155,-0.5524569042614482,-0.2226704863679463,-0.20702846716599507,-0.12457101536100623,-0.4153484707860592,9.646999183922226,-1.4780439147674438,-0.6445172691951803,0.05317756545738434,1.079725503025298,-0.40563434036793733,-0.3384541594252438,-0.3581328388898079,0.0,1.0,2024-05-17,2.790508695432159
0.5480769230769231,0.5222222222222223,1.0,0.3333333333333333,0.0,0.0,0.0,0.0,0.0,0.0,0.3333333333333333,0.0,0.0,0.0,0.0,0.0,0.0,0.0,0.0,0.0,0.0,0.38384805022951735,0.03404475785687627,0.37524777922349123,0.16687960204475838,0.8927905582497073,0.10013175395097396,0.5199928519204714,0.07130999176763358,0.3737532254273811,0.11039541146870226,0.8896957700307779,0.8856794779217982,0.8790170130148248,0.9490507192272271,0.9242201005388403,0.902703201215618,0.9137263638497886,0.34810142768761154,0.2393241715216722,0.8450308863833551,0.5582154486600881,0.8790170130148248,0.8382508132205297,0.8321684096544677,0.6199411936617145,0.264561318161879,0.22868599188556335,0.31185793238692266,0.1427799182448165,0.9146245038068496,0.7441846480069427,0.6722816072679744,0.5539699563587661,0.4721974142210282,0.4454075806307256,-1.0198423864942905,0.3077964015947989,0.7135971737487828,-0.06798514349749318,-0.6083345354981479,-0.5847929146794374,0.1746023791867782,0.0004855067625792739,0.5576046730882328,-0.17918877732130853,0.16932894294105563,-0.5401597680545501,0.04730480327345299,0.08093494106344595,0.002061807945788516,-0.23462241525008767,-0.016020114326158887,0.30446480454857366,1.6362217897863094,-0.2829597268500643,-0.03755121207879373,-0.09500049615194751,0.8789489189421699,0.3768491295144429,5.0594907304791334,-0.21670714719381465,-0.357534232575686,-0.05651462658983831,-1.179860421904117,-0.5227688688450524,-0.13093075424689526,0.12364501744607302,-0.30687822323499814,0.6219771394390445,-0.22725605355656583,0.0,0.0,2024-05-18,-0.1656483319817714
0.25,0.23333333333333334,0.30000000000000004,0.0,0.0,0.0,0.0,0.0,0.0,0.0,0.0,0.0,0.0,0.0,0.0,0.0,0.0,0.0,0.0,0.0,1.0,0.10093985583724484,0.03635650699115142,0.14327181019388624,0.08405618021422795,0.8812289308277936,0.12245084842344231,0.5220900536618146,0.07113736701249296,0.36552972580284593,0.14963416315485817,0.9068171194316932,0.8917315694156134,0.8813347847092255,0.9477242375639543,0.92813613427472,0.9087487831478114,0.9172484608789668,0.36560233391222746,0.2637843762686156,0.8295406663049898,0.5071959030051892,0.8813347847092255,0.8441113537275804,0.8300921720338486,0.6046894467814494,0.24396377747576203,0.25924601267984204,0.22773999368451192,0.14174470600080857,0.9143202392484383,0.7239622189913053,0.6159378623489007,0.5149553009128447,0.4615795897099785,0.43700741527546505,-1.1584442816528557,-1.0669625987715459,1.995231620843082,1.0162698773667418,-0.6605504824458018,-0.7519701092330674,-0.3510356574183533,0.9322342848568246,0.24759478052086814,-0.24095765574003558,-0.18757299488830112,0.40331551792839015,0.2405056057589747,-0.30443017388895827,-0.7331508155904382,0.2979796557334573,-0.2062856735638835,1.4165392621311554,-0.21022412160694956,-0.8580758712966943,-0.0941220942141706,-0.08082554803988796,-0.5314797316784151,-0.20084726885842555,-0.17560498174863878,1.0849321792932363,4.548434472875784,-0.20537554600469266,-0.9508187700748632,-0.4479900746296178,-0.30110259696064506,0.8927100770029798,-0.4007462279210335,-0.02156585136729463,5.283483242292776,0.0,0.0,2024-05-19,-0.9895869986810912
0.7980769230769231,0.7666666666666667,0.4,0.0,0.6666666666666666,0.0,0.0,0.0,0.0,0.0,0.0,0.0,0.0,0.0,0.0,1.0,0.0,0.0,0.16666666666666666,0.3333333333333333,0.0,0.2433126493042717,0.03486520833300526,0.35197018617576664,0.13654390688912266,0.9714587662712577,0.33889710353502694,0.6078436847805614,0.09909080519628935,0.3722202547876715,0.49250287099937456,0.9255874425539121,0.9117066157567353,0.8916161500307863,0.9477693659125717,0.9329826553903539,0.9289324395968657,0.9279533829459012,0.43091070942893,0.2977095243166863,0.9418078060430035,0.6236189065323656,0.8916161500307863,0.8723582085929458,0.8183189583181403,0.6599660544464615,0.3642060043683226,0.21270669694804853,0.45628697349626435,0.16438824119635875,0.933284671563339,0.7700301922549624,0.7749338236756256,0.6142135609484947,0.5938659730430966,0.5447544344958508,-0.14908334015241276,0.4919899244083368,-0.22825376490313215,-0.5489229124319421,-0.5861100380695841,-0.06728988482776886,-0.33289826127097044,-0.08174030007116555,0.6391596924093679,0.39463604830075877,-0.4779312106138716,-0.8394198972936977,0.05848740722938959,0.07642864861626257,-0.28347761884588807,-0.4761131019882082,-0.14989182712698237,0.46304438973827755,-0.39497056004711667,0.14258502784149477,-0.097167915954147,-0.19955735662194113,2.515212513131617,-0.2430736609879548,-0.11153310133738502,-0.21354221309212554,-0.33092493482347984,0.8278598028813031,-0.9289017470811941,-0.6304966140815655,-0.15385479517186906,0.00024780466954850926,-0.3717600034768538,0.7535994697395045,-0.2580645674594247,0.0,1.0,2024-05-20,7.800174241430358
0.27884615384615385,0.2777777777777778,0.0,0.0,0.3333333333333333,0.0,0.0,0.0,0.0,0.0,0.0,0.0,0.0,0.0,0.0,0.0,0.0,0.0,0.0,0.0,0.0,0.0353060021039146,0.005286472645614212,0.04929079723065555,0.0352045120114363,0.948566084028271,0.3660070386495195,0.6149242247390574,0.12147259348703153,0.37054169955398153,0.5376347490976172,0.9433586754372891,0.9292210172796307,0.9029161855496944,0.9479405009085797,0.937453705491888,0.9421878956263232,0.9359767625079738,0.46731866039386516,0.3328533386741058,0.9562628509907505,0.5998813498534472,0.9029161855496944,0.8852677164640999,0.8260387002795353,0.6608966112877523,0.34861985194874584,0.19235900230150507,0.4784652286480973,0.18770499698025067,0.9037478189239685,0.7207250595994676,0.7765164408542156,0.6204147567397389,0.6502299844218549,0.6033209260856047,0.004395620330590019,-1.0366165263294915,0.9188321548261397,1.023860175978065,-0.158470165331843,0.9983550312471644,-0.39253781155750483,-0.6214156939833426,0.6803402573151541,-0.14839127771730654,-0.3398352107892675,-0.014162817590651067,0.4228947842239586,-0.22471584509277992,-0.5043765592297301,0.17406273918695064,-0.44685112998156945,1.9978807125174023,-0.4777500300913453,1.2751217591730457,0.2229609393827392,-0.1540511206862811,-0.3269015488449957,-0.18801046699650212,-0.190331172916733,-0.23589679138722314,-0.3512984495930431,-0.374977940303862,-0.8023220892995405,-0.4044792469345817,0.2647639570640336,0.18254550588395602,-0.21100605889828195,-0.24226862815400446,-0.22546251997036862,0.0,1.0,2024-05-21,-1.835825323177232
0.009615384615384616,0.0,0.0,0.0,0.0,0.0,0.0,0.0,0.0,0.0,0.0,0.0,0.0,0.0,0.0,0.0,0.0,0.0,0.0,0.0,0.0,0.0021295960771491058,0.00032755028605533395,0.0020946781681204117,0.0013933642294608997,0.9308651713592628,0.2416952001671217,0.607425316212806,0.1324695677151107,0.37064272647656415,0.3383756964801985,0.9508602094706267,0.9436068757845206,0.9124249392561218,0.9493884939284813,0.9413764829328778,0.9504480411717979,0.9419455395058793,0.48368020017637564,0.36456520859432656,0.9155553080667268,0.5948619765122513,0.9124249392561218,0.8927144372958682,0.8364264277738309,0.64059989485374,0.32655789508787203,0.19342947241177608,0.4535468909333202,0.20678265286712255,0.8853655138972274,0.6862638295118093,0.5314458898156889,0.45339407908424806,0.6909900247986945,0.6500114377587647,-1.8656830594922043,-3.4038426894272673,-1.7364815273117937,-1.2567334773823409,-0.8470977957092418,-1.208558777295969,-0.8839002153115504,-0.7377272160931758,-3.2572707578057543,-1.059388974690937,-1.380933912491096,-6.8897159099290946,-10.937089278756611,-10.66487759901222,-9.185352453197654,-9.438910766103538,-0.6763511867315631,-0.624636995681546,-0.5775136240447825,-1.0915743526466986,-0.22853448223532602,-0.2161972631979875,-0.7091519254915294,-0.26598874092956537,-0.23782559497994693,-0.32330843099514156,-0.5301359544637015,-0.4135783919922747,-1.6778542760906345,-1.000775988850076,-0.39679608418476486,-0.7476128686515695,-0.4354104603505198,-0.3773658476761975,-0.4453810267421046,0.0,1.0,2024-05-22,-1.446030042296964
0.6826923076923077,0.6555555555555556,0.1,0.0,0.0,0.0,0.0,0.0,0.0,0.0,0.3333333333333333,0.0,0.0,0.0,0.0,0.25,0.0,0.0,0.0,0.3333333333333333,0.0,0.2177396790897405,0.026323704719716165,0.46123399675517646,0.13626899598196007,0.91004750617103,0.32169709912071154,0.611944205199813,0.1284458584545486,0.38035448629467794,0.4572994900552578,0.9544426003512554,0.9530327656084525,0.9172176171904657,0.9501562483466441,0.9450992760147215,0.9539608954144236,0.9457547829401933,0.4823416590860439,0.3896404480404203,0.8368358168744612,0.5930553089954657,0.9172176171904657,0.8989674663040044,0.838814659915486,0.6606343116044333,0.28068624871595016,0.31933410037011933,0.1824405098463509,0.19649719255003978,0.7642092455172704,0.6422496846912784,0.524735599662522,0.4504122074679544,0.6295753021428412,0.5912664761535072,-0.3512864574928272,0.7468982453689216,-0.259936067822038,-1.0616115121512428,-0.5768973871924573,-0.3620065637943096,-0.12553112324118407,-0.2139664151797406,0.5414120138272793,0.5590082433253089,-0.15587635164808936,-0.8661792181219686,0.16379138726559977,-0.015574471087311173,-0.2715819144677268,-0.5230129854657339,0.059871609127763015,0.2544997563609303,-0.3015225361667457,-0.46498641901349574,0.023281288701915988,-0.18739988774867614,0.8871643363827539,-0.1712626825134122,-0.20528714138888945,-0.2686238005639643,0.6798181367765959,-0.3694215524938851,0.4077485703709469,-0.5201519800057905,-0.05048653121456317,-0.40445009413311056,-0.40426209964366594,-0.1770491833505737,1.580874690346856,0.0,1.0,2024-05-23,-1.7255976976508711
0.38461538461538464,0.35555555555555557,0.2,0.0,0.0,0.0,0.0,0.0,0.0,0.0,0.0,0.0,0.0,0.0,0.0,0.5,0.0,0.0,0.16666666666666666,0.0,0.0,0.07305493881112973,0.011691025594590381,0.09352159735273802,0.05749978658232207,0.9204589976449313,0.2099759272731072,0.5940661501660187,0.1027624595079657,0.389902787613141,0.27498317180276083,0.962586417801067,0.9661051988764047,0.9216250554547035,0.9501630474546849,0.9485175429156752,0.9586720044095196,0.9501407805117472,0.48526400286967003,0.4103430693521953,0.7849706006245059,0.5735713531350318,0.9216250554547035,0.9060418721517423,0.8395027040646599,0.6585087681088359,0.2514002384443213,0.29276308389899486,0.1824405098463509,0.1869464079698916,0.7126064852120528,0.672923360816986,0.4723859119499378,0.4168362753069468,0.5351728597093282,0.4986380349739299,-0.22968309407686988,-0.13779683444833427,0.3743303405858701,-0.296120447043479,-0.3781713930839401,-0.3281857513361008,-0.13128259652106983,-0.5400004831998388,0.7299710768470823,0.38994979949447395,-0.05281016448954395,-1.0204304533584059,0.07965459291162023,0.09879637845607686,0.06653016941401721,-0.6072100175764416,-0.4436649558291364,-0.09059866181180205,-0.38783419064321983,-0.036986061891089855,0.04017242704560216,-0.1684649268007325,-0.48945191856646264,-0.21612478416381065,-0.13988633408231144,-0.1982944676241359,-0.30587592777333733,-0.3063368383800131,-0.9867285064016305,0.5046766206834059,-0.21048477378262764,1.1326610810202726,0.05885116130420128,5.334380983300024,-0.2312553123471153,0.0,1.0,2024-05-24,0.8781729788116976
0.25,0.2555555555555556,0.1,0.0,0.0,0.0,0.0,0.0,0.0,0.0,0.0,0.0,0.0,0.0,0.0,0.0,0.16666666666666666,0.0,0.0,0.0,0.0,0.11676504881998553,0.023805661895665787,0.2462499799206464,0.12045149052353166,0.9333716087032295,0.0892291358792694,0.5952256442052316,0.10269280650569482,0.38675993148574483,0.08851669510765765,0.9546798582771678,0.9717262116137009,0.9266032561661989,0.9507257605960888,0.9520643543990673,0.9648147021867053,0.9552671453963104,0.49294201746809063,0.4285930530439122,0.7558789725336149,0.6639790646097874,0.9266032561661989,0.9144329250067331,0.8398236104697197,0.6272713078732733,0.25716811998937367,0.28217325623726686,0.20797745963671366,0.18071533116109634,0.7139214159880443,0.6891788316558107,0.5087862741588911,0.43892931216940584,0.527376341856932,0.4900464206684371,1.5922367840999845,-0.9929445208188962,-0.5528557883534209,1.4851206752343094,0.7185424764537706,0.57412553113135,-0.1845554454945305,-0.5969722946501755,-0.7145496754560613,0.41688366237824975,1.0203384769985833,0.38143510196806635,0.03345909251339094,0.3795076794833831,1.321973455990232,0.21344334171087453,0.089110673803455,-0.16250656360855628,-0.43840478480785344,-0.08985383169490978,-0.120527425125694,-0.1852126326172059,0.9204052881119792,-0.168548923402357,-0.20730394511576128,-0.27789587506335617,-0.09955847507648939,-0.35781455652377453,0.3358629441026664,-0.29739879549241555,-0.22058908502721475,-0.07801549438649205,-0.3997495004191754,0.13274064071030894,-0.13281119229661453,0.0,0.0,2024-05-25,1.0796524727518797
0.07692307692307693,0.07777777777777778,0.0,0.0,0.0,0.0,0.0,0.0,0.0,0.0,0.0,0.0,0.0,0.0,0.0,0.25,0.16666666666666666,0.0,0.0,0.0,0.0,0.0009656970498133301,0.00011968183528944894,0.0007565900438533083,0.001691425528805599,0.9203192360152086,0.09059602158120467,0.595017360586453,0.1021397103900667,0.3722100950525068,0.09574857815663392,0.9488160606236173,0.9778872297994916,0.93169684118311,0.9505768327365747,0.9554127151285309,0.9678326549015384,0.9589369935644467,0.48919854232322935,0.44237009786663634,0.7028238155117015,0.6339709407477186,0.93169684118311,0.9200391440524627,0.8435458128157796,0.6032024420851095,0.24191262384604173,0.28973969712578174,0.17330463131881313,0.17134825000718745,0.7265978111882995,0.6727601429092742,0.5051324353639326,0.4372975304640807,0.5009451470372848,0.46811781208328945,-0.5437671939592797,0.17891313861063843,0.3917718816181752,0.6000860563056427,0.12627190701876834,-1.067378989146973,-0.3766161005243585,0.974629644767425,-0.48243343875556616,0.8009557377235729,-0.4700501945882719,0.8921510927346274,-0.02796026538775992,0.1453112369825617,0.012763888299464225,0.4425468638375233,-0.32447547370009383,0.062355876539013,-0.3464830881595242,0.5323686393764274,-0.1476588599248214,-0.16337327310294547,-0.43351035679115246,-0.20684572816959507,-0.17039188603641114,0.2716838452794316,-0.3416333808265026,-0.3352982120750956,-0.4045783898725105,0.5317799023669019,-0.24738944992846168,0.40754699160707236,0.9819576548401365,-0.10691011491729574,-0.14739987155920609,0.0,0.0,2024-05-26,-1.0796814497022966
0.23076923076923078,0.22222222222222224,0.0,0.0,0.0,0.0,0.0,0.0,0.0,0.0,0.0,0.0,0.0,0.0,0.0,0.0,0.0,0.0,0.08333333333333333,0.0,0.0,0.02315768312824405,0.024068646981104443,0.034698729378503844,0.037130335261085785,0.9356162486529835,0.1807107539332487,0.595610453076929,0.09461998651880363,0.3721435881915387,0.23978393926994807,0.949802342557583,0.9822789050446541,0.9384105093679188,0.9505894398649293,0.9590422573371548,0.9729408712704435,0.9635969639294537,0.49299218733892936,0.4542257048856589,0.6800329419118173,0.6408718228989442,0.9384105093679188,0.9264122257066194,0.8496095843321416,0.6007491087973403,0.27070740511975006,0.2654505203705727,0.25478004131479126,0.17106519455678848,0.7490468541396161,0.6999393056644856,0.3214709734039771,0.32891863184188275,0.552932596573506,0.5127771328171737,-0.17579296204541564,0.7238930633214699,-0.3991811479387784,-1.2181884548940145,-0.3846618462006207,-0.32919292537285094,-0.08476376570420104,-0.5950142618489049,0.6042834306674744,0.6691669990554086,-0.010096263199982934,-1.154944863464526,0.1590249047821319,0.08208941563540274,-0.08745684316391751,-0.6628879343951497,-0.13800325460396987,-0.410681493112948,-0.337577109413995,-0.6052941539117714,-0.11179489548808552,-0.1810366493239065,-0.5366375264202601,-0.2292775384691555,0.21563226379903166,-0.23931383778526596,0.5152525130435243,-0.20404891734649092,0.6208000073034641,-0.06264027418763968,-0.2450132333672416,0.45057294958351823,-0.2556037866793817,0.41065886836857907,0.03845643234831756,0.0,0.0,2024-05-27,1.2791671360530277
0.04807692307692308,0.05555555555555556,0.2,0.0,0.0,0.0,0.0,0.0,0.0,0.0,0.0,0.0,0.0,0.0,0.0,0.0,0.0,0.0,0.0,0.0,0.0,0.012559099639562392,0.0200561559769266,0.02168730824217307,0.018796671552364017,0.9164468162258139,0.24098875252766844,0.6003862778990785,0.0705606904430862,0.3795291053166332,0.33063126133973375,0.9511307831420417,0.984819815104611,0.9451703372185173,0.9492754853042942,0.9623529096088302,0.9740619593977298,0.966330324183375,0.48265687662129386,0.46143814052224386,0.624958595047259,0.5733732454251425,0.9451703372185173,0.9275109648720283,0.8617731664447015,0.5969850853227279,0.24317316146599488,0.30705160899206285,0.14763761847293413,0.15973646682107107,0.7108445278565384,0.6655624315002642,0.330596714018185,0.3332583620454424,0.5448558326490047,0.5080282745759748,0.026248951778255113,0.43691453821932236,-0.3403771835167862,-1.087504509175511,-0.2384329920299317,-0.1984012521369719,-0.007937188728618634,-0.6221704873597118,0.46901041996824844,0.8451076126836183,-0.18541773415930543,-1.3623000300470356,0.1261138565083898,0.053323044715556184,-0.10010314977533971,-0.7917845938392686,-0.08478424085933371,-0.5332510398763924,0.33598946087557824,-0.984618832218449,-0.13041108627867792,-0.16702080494382035,7.1869274412736575,-0.236012987504581,-0.21211547792264168,-0.28131581074829226,-0.46225540693398054,0.08834259094870242,-1.5506364249470193,-0.8320189960771763,-0.3127534472578101,-0.7043267225536015,-0.40843781810623936,3.2697328348577157,-0.36897928022968646,0.0,1.0,2024-05-28,-1.5827408107827234
0.375,0.37777777777777777,0.4,0.0,0.3333333333333333,0.0,0.0,0.0,0.0,0.0,0.0,0.0,0.0,0.0,0.0,0.25,0.0,0.0,0.0,0.0,0.0,0.056472572495783135,0.00572268144002444,0.08886158096798548,0.044552929754475626,0.9039132659778861,0.18806666348133952,0.601682306458516,0.018541768043381156,0.38092484673787763,0.24623110650340146,0.947696034511659,0.9872563312875395,0.9494764998535555,0.9486605246033637,0.9655868584316695,0.9729174998846846,0.9678272287926615,0.4652185289712527,0.4633745518996224,0.5623777497189049,0.5953055828033086,0.9494764998535555,0.9287774144086303,0.8688762887243535,0.583255777791374,0.2230724552740726,0.29581081079799576,0.1344152589201136,0.14785130134314944,0.6076068845476436,0.6375049098858914,0.34326199608280944,0.34001436891341263,0.5576245370384911,0.5217681188515428,-0.5004375376244139,-0.43114932741107964,0.8657681483476662,0.07161149885625114,-0.4463473392178431,-0.3359969279829325,-0.1612261482790303,0.6916870130167553,-0.2696083096485682,0.2763911415354298,0.05335877790633245,-0.5214813496501226,0.22802003168892385,-0.027083254078266738,0.02987941609366611,-0.2536862068628545,0.3715895009439082,0.43152887499890796,-0.029087397020051888,0.6149925600595207,0.1161987460838847,-0.14605906303722055,-0.43975057500266596,-0.17226912024469754,-0.13258835153487578,-0.22881558426943777,-0.32714707316127145,-0.3246251398508627,-0.8418261059307878,1.0543740412195908,-0.024985900092921717,0.19565476710518753,-0.2901772036839322,3.0986456198855836,-0.2400585381834656,0.0,1.0,2024-05-29,-1.051485738366742
0.4134615384615385,0.3888888888888889,0.0,0.0,0.0,0.0,0.0,0.5,0.25,0.0,0.6666666666666666,0.0,0.0,1.0,0.0,0.0,0.0,0.0,0.16666666666666666,0.0,0.5,0.11502055193536918,0.01132253152277813,0.14851653735562945,0.060166422381799166,0.9176471300077167,0.21272448285687323,0.5535559172943398,0.04416254569957992,0.38282269725208606,0.2838335772451551,0.9444317707879539,0.9814764430202196,0.9566775228744854,0.9477847662462442,0.9688783606277721,0.9742426331050291,0.9703462587839506,0.4576492080821939,0.46325968890355107,0.5380468372772352,0.5054522692304313,0.9566775228744854,0.92633262828497,0.8859520082158923,0.5825529748897106,0.23077008399452198,0.27022898851418864,0.18894229916108124,0.14244674149539177,0.5044177012126633,0.6685067871852424,0.42794830752201857,0.38984138936952817,0.5256061033848584,0.49032738884919436,-0.16671440084537043,0.9785860445614926,-0.6216204733801325,-0.6532457306141837,-0.28326691364635315,-0.6050093871545403,-0.0386193157727479,-0.5547166292730951,1.14923481168939,-0.5810186172991784,0.135393648137599,0.5463334156576429,0.4313514940254476,0.02771238697701905,-0.04379031895574921,0.3353135673458587,-0.33502045692800153,0.7794347928096993,-0.34561748460098785,-0.09358442760680419,-0.02077983525149884,-0.16735756539774826,-0.5908550849768816,-0.047716965169859946,-0.04378257067150732,-0.13375074417393557,2.98577856872836,-0.257228629579403,-0.45435120963280234,-0.12635012802941495,-0.11780144587716383,0.5748462491727429,-0.22701301530605036,-0.05587689018973982,0.9134061132424606,0.0,1.0,2024-05-30,1.1644282841286824
0.25961538461538464,0.24444444444444446,0.1,0.0,0.0,0.0,0.0,0.0,0.0,0.0,0.0,0.0,0.0,0.0,0.0,0.0,0.0,0.0,0.0,0.0,0.0,0.15261785737149772,0.02158839842082968,0.32540921722647903,0.12631432734365167,0.9024004315566421,0.19405120620654853,0.5241286889958052,0.07286748691438166,0.39790190974225204,0.2455605717078551,0.9407119843009808,0.976517807089375,0.9630469029549104,0.9467725732752141,0.9720822778143506,0.9728177379517042,0.9714208819455532,0.4410892817252243,0.4595273680103649,0.4951388516389691,0.5072156126977423,0.9630469029549104,0.9200786372293248,0.9057165035209012,0.5815890589695072,0.20440580345939563,0.277977884696306,0.13346730581761587,0.13169864984524,0.36238297457646357,0.6397346597037974,0.36505970281687816,0.35256446011504916,0.5668115826201833,0.5307512325387774,-0.12257981249071878,0.6434213682808473,-0.3795817833040583,-1.1107132451102455,-0.4704574202841959,-0.05883645839264286,0.11087292038520007,-0.627714045393329,0.5668907912775066,0.7643274251746561,-0.21774767675916257,-1.2111735928642946,0.1533729741427557,0.051264961879239256,-0.11712490016260123,-0.6330251761856099,-0.2629973030650125,-0.5738456703728887,0.7706725810372529,-0.9952525947577419,-0.2026330065773556,-0.17525925622311755,-0.6430771899575277,-0.2523420728046184,-0.2089041552937789,-0.29905554869494977,-0.19614311084137073,-0.3170708767048511,1.8105313907112306,-0.8021990633516008,-0.3549641701328592,-0.7361488270096398,-0.13985063637074596,-0.3489956547260607,-0.3796371380338874,0.0,1.0,2024-05-31,-1.2778150001159894
0.25961538461538464,0.24444444444444446,0.0,0.6666666666666666,0.0,0.0,0.0,0.0,0.0,0.0,0.0,0.0,0.0,0.0,0.0,0.75,0.0,0.0,0.0,0.0,0.5,0.07841450214255968,0.008355681816392317,0.18333734920405442,0.05967592344744065,0.9061619965119247,0.05551866116612469,0.5223512902775139,0.08897740245799197,0.39549840675564296,0.03370277320575911,0.9345975401508955,0.9738644480692848,0.9689986506173057,0.9469739210573378,0.9754396602683523,0.9722402296769797,0.9727262224820759,0.4286991290583887,0.45381773773244277,0.47168526486734985,0.45919901765005267,0.9689986506173057,0.9131201004228273,0.9254547624773186,0.5442113328675058,0.19941655987534318,0.273054199699853,0.13346730581761593,0.12171827902724203,0.3231456190576222,0.6519648099595925,0.34263035286297305,0.3397251995546874,0.573202333127075,0.536260062487165,-0.07817037900117571,0.5220734342746202,-0.3176434195563891,-0.9989916650506856,-0.5220477913853431,0.24479770599434447,0.023806683437674992,-0.5985861614588283,0.4327837451108058,0.7586459403105659,-0.10317220201542594,-1.2881481104801709,0.12105638977738697,0.12103856060900997,0.004647259754319779,-0.7391690542608678,-0.4700037808273538,-0.5296473400752274,-0.48379924415677245,-0.9412338479741098,-0.20645108441723586,-0.20359714715651567,-0.5707394052122656,-0.2540948712980948,-0.22943340892247455,-0.30167055757459815,-0.466553195961498,-0.3832418746615564,1.5318033265034183,-0.7337376730463263,-0.34653939307866355,0.46867711261027684,-0.40895991143411176,-0.3301878784199259,-0.39456050633090944,0.0,0.0,2024-06-01,0.3193346005469832
0.25,0.26666666666666666,0.0,0.0,0.0,0.0,0.0,0.0,0.0,0.0,0.0,0.0,0.0,0.0,0.0,0.0,0.0,0.0,0.3333333333333333,0.0,0.0,0.10905090006184441,0.00919187990242781,0.16003726728029172,0.06118069893927797,0.9069415255237547,0.10363612205348927,0.4593797151790713,0.13033905159854553,0.3834989559599802,0.11223206544270846,0.9326243252531032,0.973530835818325,0.9736110473074481,0.9485222847939498,0.978923479597101,0.9718817482866315,0.9739991801943522,0.41798748147774367,0.44689525199248686,0.4572991444959858,0.46454516091743936,0.9736110473074481,0.9081838360580274,0.9402313685280319,0.5217129136006617,0.21975521273337278,0.260901078748366,0.18796590088372397,0.11807951920162524,0.2548227088622028,0.6699405988443656,0.3765325494273352,0.3593450288703881,0.5550351982784585,0.5188676641949684,-0.5004806649460951,-0.0346668240140765,0.532305974400459,-0.35773288386632773,-0.5965971446149869,-0.5174078073707086,-0.26803121349959086,0.03868018164731781,0.16508580157320982,0.32792236319405477,0.6303699779133962,-0.654675306232418,0.19774782956347475,0.1433709495806144,0.10632148800039459,-0.2754531298740409,6.392319866179427,-0.3701946755988248,0.656024494015503,-0.20504207255929474,-0.04182387276475855,-0.0877475118561019,-0.23996887795531952,-0.12410798662121297,-0.09632973172869551,-0.1919504693938893,0.5062090924679916,-0.24568310141694924,-1.2311920225263648,0.3628546537325481,-0.12116988544290608,1.4184915713924617,-0.2906733551405666,0.06519582921734832,0.1595554440538459,0.0,0.0,2024-06-02,0.0659667445451983
0.3557692307692308,0.2777777777777778,0.2,0.0,0.0,0.0,0.0,0.0,0.0,0.0,0.0,0.0,0.0,0.0,0.0,0.0,0.0,0.0,0.08333333333333333,0.0,0.0,0.14113492197194868,0.01609248256345893,0.1596694135222399,0.09670063504419554,0.9253228387120966,0.23816474240886876,0.45918771720906615,0.1544626538249492,0.38819139139821934,0.3199675355089544,0.9370687645868061,0.9740532592172444,0.9805075450650221,0.9497302268248193,0.9824511090214952,0.9746480526750578,0.9766942541256445,0.4189221786093782,0.44156274136397944,0.47615841838045736,0.5275424634287992,0.9805075450650221,0.8941216169873669,0.9699366039092254,0.5303374158574633,0.29166998973170316,0.2330119227065474,0.33897826234069167,0.1302975391147143,0.3188848501362119,0.7039802619145688,0.384092215899663,0.36400329327567615,0.5431264270417334,0.505241621853375,0.3780161614485703,-0.1756626356195895,-0.1430047952681353,-0.06584431109398112,-0.5025342721817704,-0.6035523384428712,-0.40898885967874365,-0.5647305071754595,1.5987278310564088,-0.31809836540062597,-0.4971346895575267,0.7767369628236329,0.37425225559804054,-0.5607639875880637,-0.8908309819262318,0.7528704360607013,0.4027263043512046,1.1570544915570653,-0.03606657024916017,-0.6867408743863068,-0.09770482476545427,-0.11778792826629415,0.2647415877470697,-0.22866471109854186,-0.14401894853787897,-0.08382131053290659,0.5228730492119398,-0.20876907991674376,-0.6109998427169171,0.2956976908904249,-0.22526799332353928,0.7487195233827076,-0.3935865911055815,1.2926083127533183,0.07202499341643914,0.0,1.0,2024-06-03,1.5544720172089963
0.14423076923076925,0.13333333333333333,0.4,0.0,0.0,0.0,0.0,0.0,0.0,0.0,0.0,0.0,0.0,0.0,0.0,0.0,0.0,0.0,0.0,0.0,0.0,0.008088803333135499,0.001667671889099032,0.006592453375740928,0.00735169641733212,0.9560924864062641,0.24474931665154792,0.4688995998156076,0.16257341567230182,0.3807709435351353,0.33564846787596,0.9450496830431045,0.9764937004224854,0.9845970180473279,0.9525438048434876,0.986306422225475,0.9821272284351072,0.9817281069365493,0.43615620785904485,0.4410853539155606,0.5337468027122844,0.4014420760562737,0.9845970180473279,0.8987483743290516,0.9727818406368125,0.535327827931007,0.3028082113751826,0.20922046084086823,0.3965989751118911,0.14759402944167926,0.5344231284029552,0.7388061797751624,0.5064936432128182,0.43637465426374245,0.6357950432159452,0.5873855195739326,0.19297971411387865,-0.35339804213991505,0.17371719865798355,0.6361766293151644,-0.5434595699910131,-0.588845453030987,0.6117261764104843,0.08411781791468013,0.6399568476490348,-0.2731211311080189,-0.4211963031755211,-0.4015481469416388,-0.3327584164550547,0.8427063810660231,2.3014462870973103,-0.22190975711103855,-0.3989002118385379,-0.5069680564382588,-0.3319519563560727,0.3972674769477771,-0.11507600952524263,-0.16127269970013017,-0.5033900854618599,-0.12027288128082451,-0.1730372895188558,-0.2046275830243139,-0.29980696763357495,-0.28598612503403464,-0.1655159632148984,0.07124042700377341,-0.10426889421194514,1.7113335558032703,-0.3504545867009343,-0.30172767974417747,-0.1926989044568266,0.0,1.0,2024-06-04,2.5622992224831664
0.3653846153846154,0.32222222222222224,0.7000000000000001,0.6666666666666666,0.0,0.0,0.0,0.0,0.0,0.0,0.0,0.0,0.0,0.0,0.0,0.0,0.0,0.0,0.16666666666666666,0.0,0.0,0.15039634866001086,0.020693934178140114,0.2568952500281111,0.10353723523547566,0.9650818180772294,0.24176742961126513,0.46343181186023596,0.16405472727067075,0.3821488266742973,0.32994225731866866,0.9580617885718605,0.9813016330712554,0.9901614271975786,0.9554083638608135,0.9896962390705223,0.9899569583936498,0.9871306776829321,0.4533311741074413,0.4444790809709219,0.5796635017469192,0.4819494152844187,0.9901614271975786,0.9013812625298767,0.9808254502148401,0.5182530121433895,0.32270249953707725,0.19700622509448132,0.4424729961966569,0.16839301973779564,0.7468311914538104,0.7732760346796077,0.5592465465575361,0.46861262808247467,0.5107243273250855,0.4721623889326928,-0.5700855592962357,0.4834238280178541,0.15941703286432912,-1.2012153983686265,-0.6145355208473992,-0.4756936075104801,-0.1172302684290992,-0.48443222032601213,0.9810632625716592,0.40701780538596716,-0.2976640248414875,-0.9742148742204259,0.0373881239944095,0.1421077901011782,0.08556513141157315,-0.6491324908760812,-0.5324554760881856,0.8333901884983922,-0.20805171916424203,-0.8091459588684693,-0.16559406844220878,0.21153776073489214,0.6784491662511424,-0.22199687196297022,-0.18339968852443653,-0.2504483520508566,-0.42591831879026976,1.8433221806605065,0.06536873693247423,-0.6204237635526119,-0.3090697137642722,-0.25038196841248633,-0.21902484664288316,-0.1062412403156548,-0.3077989638185249,0.0,1.0,2024-06-05,0.7298724608017615
0.34615384615384615,0.3111111111111111,0.0,0.3333333333333333,0.0,0.0,0.0,0.5,0.0,0.0,0.0,0.0,0.0,0.0,0.0,0.25,0.0,0.0,0.8333333333333333,0.0,0.0,0.33189222186874356,0.021289193832606055,0.3152330008192376,0.12086096308525276,0.9593980875666266,0.17501102367322302,0.4591163765072429,0.15748710220667264,0.37902263143359305,0.22673588209883716,0.9691131336871244,0.9838560317340106,0.9936850820844026,0.9591434118495794,0.9924947719454121,0.9956329452792048,0.991664165374073,0.46175362057990366,0.4490456004983579,0.5935744204029672,0.5165278898924833,0.9936850820844026,0.905365269099311,0.9832799760996871,0.5054862201628413,0.29901850950407327,0.20358448724933584,0.402948095102371,0.18362415452072273,0.8792946476313382,0.7467774687338045,0.5116537338552912,0.43937454177078306,0.5318765656233578,0.49096512464979575,-0.9102011243181086,1.385913882496093,-0.2923453149515728,-0.7164049230929848,-0.46399593100904574,-0.7466456574436233,1.3056534897239445,0.2728029826944435,0.08138046444727969,-0.3119917770953924,-0.0509288661055458,0.6283776622891563,0.15338109216186072,-0.2896666260818365,-0.38685782839643473,0.5664458017472417,0.06424052338069945,-0.1391162481402574,0.17972735506418308,-0.4318775207031795,-0.15749252097633146,-0.1619144590278321,4.418715299584202,-0.23435885229462594,-0.19274449547782152,-0.22678038018071617,-0.26298560145697364,-0.18123363182740476,-1.142038775979359,-0.5016555565448005,-0.3006396038422812,0.5001316479142877,-0.3828734744866859,0.3850140497150351,-0.20926379172613885,0.0,1.0,2024-06-06,-0.4581363662391591
0.15384615384615385,0.16666666666666669,0.1,0.0,0.0,0.0,0.0,0.0,0.0,0.0,0.0,0.0,0.0,0.0,0.0,0.0,0.0,0.14285714285714285,0.16666666666666666,0.0,0.0,0.07113792142035001,0.008667484492541145,0.10884776637270492,0.034530256839132266,0.9347092297642845,0.271483875761187,0.4606032938006178,0.1368181226746045,0.40070473345157986,0.36217511814503517,0.9748774653001524,0.985817590925911,0.9959691274303643,0.9614402068715882,0.9938944273812608,0.9963127239394585,0.9938250741475743,0.4521995382010815,0.4505985064868845,0.5578288526245728,0.4992920276843549,0.9959691274303643,0.9051917295847245,0.9880104574861894,0.5297594727382321,0.2503432285655623,0.2874829004436239,0.1894407366521823,0.17571587052723064,0.7420546567731506,0.7087592146044996,0.48851086100490426,0.42626746580841596,0.43553811026665024,0.41204535510373647,-1.5809719428411233,-1.6094955164675677,2.8334266802235555,1.5752994826193418,-0.6326938305625319,-1.0591892012322783,-0.38174248227742824,4.006313518800804,-1.6438130033989138,-0.853327840149373,-0.8359709374225848,1.0880066280592695,0.006399689632515162,0.3490564799863759,1.2217478851083536,0.7444986094454853,-0.5341793103396947,-0.23992207276867555,-0.49139584095819344,-0.4583431281947701,-0.170502745413066,-0.17867654715555772,-0.6397103288401024,-0.2510463145089067,-0.18399656350960641,-0.22383512821037221,-0.39748705455158306,-0.3867909909174205,1.3687879660592168,-0.4563417739519802,-0.30740172816931,-0.24637735241458505,-0.4083301627742007,0.25393896774919633,-0.32006143207109505,0.0,1.0,2024-06-07,-1.999201273457618
0.31730769230769235,0.3111111111111111,0.2,0.0,0.0,0.0,0.0,0.0,0.0,0.0,0.0,0.0,0.0,0.0,0.0,0.0,0.0,0.0,0.16666666666666666,0.0,0.0,0.10835381399954755,0.007672235546449938,0.1178497421810997,0.05696009306457658,0.9340667353259877,0.0785756772557891,0.4473957541409962,0.0990321898808903,0.3951529729757607,0.06930138724839634,0.976692621469921,0.9890563640947945,0.9988481294858792,0.9635921661183471,0.9955539609366252,0.9967806262518466,0.9957729115245226,0.4426172846048585,0.4497343286602852,0.529158941163094,0.4754617164255759,0.9988481294858792,0.9027419532242007,0.9965146067237849,0.49358515775702927,0.24596402530682837,0.28355746322986664,0.18944073665218245,0.1683724639618452,0.6091367171647705,0.6937758583425968,0.47771644600093816,0.41965720205903634,0.4377495996110757,0.41386594480931843,-0.16008117238503586,0.5139522653639064,-0.23678843844510183,-1.102060878254517,-0.5682680352219319,-0.14325210189446771,0.18027711438775262,-0.5190947090783984,0.4464990169292007,0.7629000180408185,-0.037238677174809366,-1.3002970805700427,0.12002619823108929,0.11039954796766624,0.0019391329395881973,-0.7389302969204685,-0.46660554089202566,-0.4458280828898958,-0.3850990256362531,-0.8648672219644028,-0.14935444655725455,-0.1136514439985559,-0.28179566672689327,-0.23149366854995135,-0.1939961172077025,-0.12131672565252564,-0.37843635107998025,-0.3672055761394022,0.6739880150997007,-0.7107548204714743,-0.31740240244571427,1.0920376631803648,-0.35460774851936727,1.1260326184666838,-0.27699628716677227,0.0,0.0,2024-06-08,-0.0530878672929557
0.3269230769230769,0.3,0.7000000000000001,0.3333333333333333,0.3333333333333333,0.0,0.0,0.0,0.0,0.0,0.0,0.0,0.0,0.0,0.0,0.25,0.5,0.0,0.0,0.0,0.0,0.06767866409163836,0.022948991916751836,0.08379997751112396,0.04357193188575861,0.9400395337927003,0.07216929788930734,0.41456874202366445,0.0877982460223311,0.3614024746921757,0.06972199492258137,0.9733601694446739,0.9914615240360394,0.9971361727581621,0.9654255383684816,0.9970292635687078,0.9981739864750581,0.9980692046174122,0.43695909344498296,0.4477991250913857,0.5164551147535376,0.45687211184390886,0.9971361727581621,0.8970619230265524,0.9995874865972518,0.4663677765587537,0.25469722209158546,0.27524828135479984,0.2159291008953672,0.16428935935765593,0.5244130744629973,0.7079942378147619,0.49044522659030804,0.4272416009321809,0.46766950321294154,0.43808535840243296,-0.477892748891221,-0.12726257102473343,0.5897798285441102,0.26143954702578975,-0.5620818368803832,-0.41313991234313946,-0.25017226107437857,-0.5586630756951273,1.320346533335858,0.0852690008639277,-0.5402701517558046,-0.1728325135457199,0.05333081582316883,0.2391587428138754,0.7562927382190647,-0.19970293619222343,-0.5466792257627343,4.848703252693885,-0.50413864619506,-0.852117259143191,-0.182579078776766,-0.19293671796301548,-0.6151996964396402,-0.2440691771070039,-0.20539970465254215,-0.2367447091388753,-0.10581739579508825,-0.3684702315040366,-0.9514150814187226,-0.7240177094367531,-0.32499959966283765,1.2402197959279853,-0.368548444728263,-0.21906516847999938,-0.25338221468396643,0.0,0.0,2024-06-09,0.4937810127876529
0.6153846153846154,0.5666666666666667,0.0,0.0,0.0,0.0,0.0,0.0,0.0,0.0,0.0,0.0,0.0,0.0,0.0,0.0,0.0,0.0,0.08333333333333333,0.0,0.5,0.22752505694466918,0.048142018245180836,0.3621624660658924,0.17299709317888165,0.9376709491391237,0.13431596951881672,0.4150141004002771,0.08023658026974746,0.3320853623945391,0.18591026753613887,0.9676699137075839,0.995249917493523,0.9965425236457727,0.9672321543278963,0.9985608722204883,0.99895743568493,1.0,0.4296017073892722,0.44463356056471803,0.50186135532156,0.4913808688337348,0.9965425236457727,0.8956655707352532,1.0,0.44599622433012154,0.2626297635419576,0.2635093422723792,0.24699624859321098,0.1637065842071903,0.5359086512197387,0.6863550113030414,0.4395869187023375,0.39655304542929637,0.3096639990358325,0.3163955057204194,2.0699598214221764,-0.9988305969039363,-0.9796294661490381,1.277278793177448,2.379385712597463,1.5806121049967357,-0.09247794163026614,-0.5640249968311608,-1.0274156725937016,-0.08534371145248065,-0.6035814148904339,0.22594123513801562,-0.011660506683631932,0.24059670774497807,0.31592507633810657,0.26850787841348445,-0.5651568248992396,-0.4702901225822087,3.393399757538846,-0.8028186709207268,-0.13609900844116996,-0.18378690246359913,-0.1242462524239955,-0.2300793985802086,-0.22033898218860892,-0.28168924861794314,-0.4143387939152785,-0.34653978831017795,-0.7685576038221916,-0.7468228490200133,-0.10188210364597135,3.0684624428498957,-0.4080406960676557,-0.222152149497696,-0.3337354578752044,0.0,1.0,2024-06-10,-0.194852619921404
0.4326923076923077,0.4,0.2,0.0,0.0,0.0,0.0,0.0,0.0,0.0,0.0,0.0,0.0,0.0,0.0,0.0,0.0,0.0,0.08333333333333333,0.6666666666666666,0.0,0.05272086587599683,0.014098835149295216,0.06123720945175333,0.05851551003931226,0.8996186978903238,0.27964633129988575,0.4398367843203643,0.05157627830106205,0.33688752234578834,0.42977047770670945,0.9552602372455421,0.9945471041698892,0.9948399801317297,0.9674269153779207,0.9994133528268468,0.9932657204247775,0.9986485641193414,0.4003000133378952,0.43565960803816745,0.4329659497719256,0.32231695557880813,0.9948399801317297,0.8961351042667782,0.996086358408729,0.4749998150233741,0.21302218031378428,0.4646387485466097,0.09944132486615175,0.1479256588341603,0.42952372554422985,0.6473620897871875,0.2709034219187884,0.2992661630310151,0.28379643734999593,0.2962674537001365,0.16790402970281257,0.28733608246385417,-0.3425748826638593,-0.7017668615187886,-0.3426623853468694,0.5896508425654362,0.07791858258871491,-0.5644749024543322,0.2944130103331597,0.6456115301983448,-0.27224325308344477,-1.17697315194877,0.0820530252543656,0.15847643931923722,0.1967573310078417,-0.6877085097615061,-0.03483793708243729,0.45361461894389304,-0.45308106529723463,-0.2506099559150327,-0.14994890851846504,-0.19306939618975089,-0.6033562397622884,-0.23854529550148854,-0.20543526182944813,-0.08931755299375238,-0.3047713980792056,-0.36219651911609924,0.22977365040387884,2.6310944692623885,-0.27201902310606413,0.15132499957775947,-0.32661828173979734,-0.2771521597250519,-0.2986439725770454,0.0,1.0,2024-06-11,-3.136496113771259
0.3557692307692308,0.32222222222222224,0.9,0.0,0.3333333333333333,0.6666666666666666,0.0,0.0,0.0,0.0,0.0,0.0,0.0,0.0,0.0,0.0,0.3333333333333333,0.14285714285714285,0.16666666666666666,0.0,0.0,0.2014964556497578,0.10225080588393697,0.253828731145487,0.16424190423550894,0.9154863470357966,0.2566112629282036,0.4336399358704762,0.05195414354626764,0.32865186278497505,0.39816013050846505,0.9512697355589235,0.9954649003387681,0.9951363291980467,0.9681494275647151,0.9993950886921398,0.9910995126530247,0.9987062733942333,0.38541347616326366,0.42520788291809064,0.41543755081800327,0.4354803346345738,0.9951363291980467,0.896009102964809,0.9968180100190005,0.49524824744989626,0.20105606663805153,0.4087028750811964,0.05386179842692025,0.1285643948671264,0.3561161658240283,0.6836044260432061,0.2877622802387077,0.30945055015439016,0.34107622169662993,0.33879813520029234,-0.551533570122706,-0.07743503195096357,0.6144176025753,-0.2749704012369722,-0.6259520848062,-0.4297761684893724,-0.12183685605113402,-0.5810549286022088,0.948916344619581,0.49512439890394916,-0.17456522264021734,-1.5907658380900533,0.07047051752483667,0.3308697453068671,0.6276341469927712,-0.805585028515314,0.16523404506333506,0.5091281958886935,-0.4945038757157546,-0.41903327699360027,-0.05451579697527485,-0.18308356485808522,-0.5355632814704159,-0.23472109699290525,-0.16408499001867305,-0.21888293657284152,-0.13033204441364155,-0.35847190851429983,0.2788529160447587,0.00667591234133245,-0.229890439503198,0.6470391894782257,-0.4002879270985654,0.6152842544718825,-0.19355518266190028,0.0,1.0,2024-06-12,1.3502581655740586
0.21153846153846156,0.2,0.2,0.0,0.0,0.0,0.0,0.0,0.0,0.0,0.0,0.0,0.0,0.0,0.0,0.0,0.0,0.0,0.0,0.0,0.0,0.10369993818015195,0.033367610630896494,0.10846706182834562,0.07971114098154769,0.8895720865346062,0.20784587929438825,0.4339604770573062,0.05130065629900777,0.3283823364021681,0.3144787070518188,0.9420330371117978,0.9916249250582074,0.9934533773528736,0.9691262830258232,0.9999999999999999,0.9849389488580791,0.9966218504344035,0.35775659719339403,0.41076658776293706,0.3681158075837662,0.38957139194927004,0.9934533773528736,0.8977402414056834,0.991506106782511,0.4947039377247001,0.17660569239394264,0.4198970230389696,0.11076491260939535,0.11646314938517277,0.20018409183188057,0.6531850959640773,0.23817695067050265,0.2807408054048778,0.3323796358243591,0.3317364433816845,-1.4020182436499269,-1.3344500679722806,2.440349890520943,1.7978778585732478,-0.22884371871475104,-0.8047401214942206,-0.5263471133557053,0.7810266132462189,-2.0785695927780146,-0.5040350687362811,4.639069809314735,1.1444684948425605,0.42781025846666043,-0.5445010336559752,-0.6044764119934892,0.7190628415406448,-0.6151261543350909,1.6016697953687515,-0.5039199047437002,-0.7358652413604151,-0.20115481298528445,-0.20329805103505408,-0.6473111228970538,-0.25187093637398716,-0.2210150800262546,0.45907098487553644,-0.4858276288811709,-0.38211796462211006,0.5398104300473381,-0.43385079739554383,-0.33089019721064244,-0.6545414432638459,1.2960597975615238,-0.34758480105280787,-0.38920754749668596,0.0,1.0,2024-06-13,-2.175796050588952
0.25,0.2,0.0,0.0,0.0,0.0,0.0,0.0,0.0,0.0,0.0,0.0,0.0,0.0,0.0,0.0,0.0,0.0,0.0,0.0,0.0,0.06598725043968767,0.0053856825880252025,0.0682344625961801,0.03084210998461946,0.8765641648624776,0.19419726305308058,0.3220963319147493,0.11144170199927218,0.34166451591635216,0.28151727857900555,0.9288561078055912,0.9830828169840471,0.990358079409681,0.9697288197341747,0.9999804085531655,0.9775538726854416,0.9936187102814895,0.32789544523904524,0.3926490630120652,0.32451070942302224,0.31747001191535695,0.990358079409681,0.8998163575407641,0.98299835874047,0.4975659506867618,0.15205921581995274,0.47573250327338656,0.21985051186200788,0.11649286438194706,0.17530239350417026,0.6243955280391011,0.26680709866718266,0.29546885196832573,0.29241787213775866,0.3013964326906371,-1.3801212389642448,-0.23763226696999376,1.497973046702697,-1.0512100063059397,-0.7564493393739075,-0.9086989741011868,-0.6189256060494326,4.128921939678185,-1.977168466165948,-0.47079405158427257,-0.5673363812829476,0.20614390619096967,-0.27032091965691657,0.2380995288233438,0.6523524864876356,0.03682022757160197,0.15167869945437987,-0.5606573960627499,-0.4454778272562307,2.82243409835495,0.23011381225726582,-0.16130720367721477,-0.6418139913932558,-0.2413922445765709,-0.08711669718421228,-0.23224369400859038,-0.4635442425688441,-0.3853611917676542,-0.5791793900254985,1.9490341628054366,0.7621711035133203,-0.7122929636078648,-0.3774795582832355,-0.29419916740072694,-0.35646765487840776,0.0,1.0,2024-06-14,-1.116454309915749
0.25,0.23333333333333334,0.1,0.0,0.0,0.0,0.0,0.0,0.0,0.0,0.0,0.0,0.0,0.0,0.0,0.0,0.0,0.0,0.08333333333333333,0.3333333333333333,0.0,0.12626178659729473,0.03866038232047331,0.25293881419369346,0.09668182535054758,0.8797040973593149,0.07733585073683047,0.3161120744242705,0.14200243376006716,0.33998663545600927,0.08558482171004429,0.9168226982976364,0.9739124270733739,0.9881450603642109,0.9706884111857756,0.9998300640684127,0.9718293232020552,0.99109706102309,0.30601350978536496,0.3733446555666934,0.31043266150696336,0.36809415175364835,0.9881450603642109,0.9014147257513392,0.9767857557289381,0.46765568508015964,0.14638109055222615,0.4653719879259256,0.2198505118620078,0.1165204568789518,0.10364336944070267,0.6392308383524192,0.27607788328001964,0.3008439247945515,0.2757422420174367,0.28938627703190173,-0.2921888730287668,-0.37218387246218326,0.6279722130485537,-0.09262323435168439,-0.5356068848505183,-0.19860984610842458,-0.11446618111995195,-0.12364792794060318,0.2745444926948986,0.5483736641348907,0.05525115562273738,-0.6315404454361984,0.11080543909944712,0.030578372101773787,-0.015872478061760554,-0.34108556470808343,-0.6242817953942121,-0.5944810591215244,-0.5258105667541105,-0.9174560435317636,-0.20587668681791618,-0.20901939163619934,-0.611711077707572,0.9428548909116422,-0.22716562551388383,-0.30580427317503023,-0.5137192052368104,-0.2729906897019096,2.0420148996170124,-0.8670305845076752,-0.3575895184974013,-0.7277397094970061,-0.4070564285662568,-0.3356875525847975,-0.41899182408274366,0.0,0.0,2024-06-15,0.2725394169067252
0.19230769230769232,0.17777777777777778,0.0,0.0,0.0,0.0,0.0,0.0,0.0,0.0,0.0,0.0,0.0,0.0,0.0,0.0,0.0,0.0,0.0,0.0,0.0,0.08696987268502732,0.010017054661528746,0.08541596388929047,0.049282844257183496,0.8875239309833212,0.06994437194700229,0.29867684666396155,0.16561823813844107,0.32597077169536604,0.07799631819472473,0.9143119308740739,0.9661924500720274,0.9855246282183189,0.9719569665415202,0.9994900578748548,0.9682913669201778,0.9894073160459793,0.2933468523334624,0.35511657096680915,0.3231993187866935,0.38236815686479286,0.9855246282183189,0.9005114922424298,0.9726142920354082,0.44648531380889245,0.16921909549728337,0.4478780107913072,0.1570374651405415,0.11005861739599965,0.14706955693654594,0.6531835425332251,0.28060499389160903,0.3038599832612665,0.31135757409507214,0.31588220056039296,-1.1610205181058544,-2.485623648337922,3.190866117922108,1.8750849307662354,-0.4063983424007643,-1.0350437994577935,-0.5408167631351195,3.8728122761272017,-2.1775270751018048,-0.732573909330306,0.17355298866214527,1.189507088534797,0.698641853028526,-0.6759197452484971,-0.7428284325737705,0.9497863618284281,-0.3943295064203641,-0.5461298821142839,-0.47981297185915595,0.5989503849453817,18.782939130530504,-0.1685892594079028,-0.5485211721177322,-0.1678682827835152,-0.1662433542405429,-0.16143551277112086,0.09865147715675039,-0.36435772103093444,-1.626427451824284,-0.7202706573245092,8.210235471232956,-0.30848266555587167,0.7236879590425519,-0.3132243686915743,-0.09480346437483096,0.0,0.0,2024-06-16,0.6768999939568809
0.20192307692307693,0.2,0.5,0.0,0.3333333333333333,0.3333333333333333,0.0,0.0,0.0,0.0,0.0,0.0,0.0,0.0,0.0,0.0,0.5,0.0,0.0,0.3333333333333333,0.0,0.05859934238230421,0.03164324734613404,0.07206078421923441,0.05158920207832646,0.884927773490713,0.21709397338209263,0.29872692208571805,0.17387598905953533,0.32294723727012287,0.3347800701504704,0.9079682392959323,0.9608454419707211,0.983807233075125,0.9732874387179553,0.9990789125487821,0.9648641595895731,0.9876285612847036,0.28200311492783775,0.3380403671009069,0.336862195700925,0.37069358576745226,0.983807233075125,0.9009474172643579,0.9687094614185987,0.45003708511141804,0.14470365698730253,0.4829185304659467,0.24162028814823444,0.11279422638269898,0.17206177633359554,0.6216599104885556,0.28004720948213446,0.30338871965040903,0.280825526520015,0.2933552911990808,-1.0263943312115311,-1.1036372877757166,1.90674529192257,0.777158478667092,-0.5963496464237017,-0.6641398965767528,-0.18730288527576439,-0.4269020617273382,0.9366319780838757,-0.02903949138810777,0.2948627871645767,-0.020595521500217148,-0.023106887487701712,0.4696111245458921,0.7748836168478312,-0.316115493376934,-0.5162806273575518,5.080909365290219,-0.5102341757985266,-0.4175901532971153,-0.12533874219854804,-0.12291877453325327,-0.5042802358470709,-0.23226255741781462,-0.15990230397302976,-0.17979140395865503,-0.24733712276523487,-0.3772944201208051,-1.297474036938628,0.11810485743259296,-0.22034183466501622,0.7631983503856017,-0.4094633300784376,0.24309879410245774,-0.22601610991947324,0.0,1.0,2024-06-17,-0.2232174783037055
0.21153846153846156,0.18888888888888888,0.1,0.0,0.0,0.0,0.0,0.0,0.0,0.0,0.6666666666666666,0.0,0.0,0.0,0.0,0.0,0.0,0.0,0.0,0.0,0.0,0.04416451231070206,0.02093172308772836,0.08498064350312434,0.03904024261611007,0.8613738482981252,0.30045508286878525,0.30652400876863284,0.1725248075909218,0.3371683461134546,0.4647696787415014,0.9021145326052296,0.9530375254302867,0.9814893647968429,0.9737994555675793,0.9982848960437068,0.9580307664493459,0.9840384300384089,0.25966941694709983,0.31946970371892847,0.3191358670810647,0.25129225159119806,0.9814893647968429,0.9038048097366056,0.9608545776267112,0.46089638893323626,0.11837375441849712,0.5149633215153437,0.3263131518902693,0.12408168846819906,0.16184561407340398,0.5801822450849279,0.3155828220448831,0.3223305468390793,0.27334403829122256,0.2865610254570319,-0.014501774249870127,0.3941882706660374,-0.26761101287975003,-1.0028198964350594,-0.4540774684874192,0.05087546438166532,0.026844879000343345,-0.5244545318754994,0.40371752545603173,0.8470100767094487,-0.19252873296183176,-1.4201919326140027,0.13864127702784365,0.05515731230102857,-0.11906006036118316,-0.8079617420293737,-0.5900485534675629,0.337343064827204,-0.5328090890916188,-0.9365513452722962,-0.204981453154462,-0.19328428417362098,-0.6482153890393048,-0.15253956487579348,-0.20732760384059679,-0.282062124499569,-0.4267545164863877,-0.38510063649139836,0.7960848808806773,-0.5658639337868316,-0.35949875436221596,1.1469832248171548,-0.24054739119654323,-0.22438704660523515,-0.3692320490564662,0.0,1.0,2024-06-18,-2.029695827328193
0.16346153846153846,0.13333333333333333,0.0,0.0,0.0,0.0,0.0,0.0,0.0,0.0,0.0,0.0,0.0,0.0,0.0,0.0,0.0,0.0,0.0,0.3333333333333333,0.0,0.05340025752740513,0.007179335356376286,0.11575185131640242,0.04841904524888842,0.8582244392810288,0.13876536429970474,0.13310322271835284,0.2593662784304267,0.32780990259506615,0.1959079387430821,0.8983073665886343,0.9442497959038745,0.9782515684809076,0.9755027737157853,0.996818548770556,0.9517227208812937,0.9804544165839324,0.24081468454430316,0.300468266728157,0.3140263044143707,0.11710069330401798,0.9782515684809076,0.9057248286737851,0.9522418510985726,0.44260194249826956,0.10838890710144111,0.49293653053897746,0.32631315189026927,0.13456290326187764,0.12003923097576226,0.5580117225726042,0.2689717299554792,0.2954100856661394,0.28935668694000954,0.29821755493737545,-0.08051270886478183,0.5012043184109789,-0.2979725617225869,-1.1463889881567035,-0.569990624422777,-0.2725952467029776,0.03440804461165572,-0.6328974725439572,0.504557284583759,0.8861615694725472,0.12043159195947413,-1.3996708731830465,0.13405223073919822,0.0853103388497977,-0.04798666354569564,-0.79913159126037,-0.6399532087909667,-0.3215099419128022,-0.4861253119670361,-0.9424512850625919,-0.2107391496966267,-0.2080062476357557,-0.6111458944739419,-0.25711729679670114,-0.22806025997850451,-0.3070302813884838,-0.47924089593480645,-0.4034502349319011,2.078551350426851,-0.8208457190762654,-0.3730466066565151,-0.6513956357608288,-0.39817052219992305,-0.3427788693757187,-0.4007950837402624,0.0,0.0,2024-06-19,-0.2770143567135341
0.38461538461538464,0.35555555555555557,0.30000000000000004,0.0,0.0,0.0,0.0,0.0,0.0,0.5,0.0,0.0,0.0,0.0,0.0,0.0,0.16666666666666666,0.0,0.0,0.0,0.0,0.16329754024341855,0.019251453110704125,0.2925320868070615,0.11676334366901885,0.8559268944411944,0.17868823960735267,0.12427263980274039,0.30702504012689347,0.325865944121814,0.2660220057157857,0.8933714280154248,0.9354696967380025,0.975719339707341,0.9780930045749088,0.9954567952922152,0.9460014594369828,0.9769463442773549,0.22539459570334375,0.2818772613799853,0.31889458361126355,0.06710222741287578,0.975719339707341,0.9078175393704606,0.9448326369312734,0.4425732872809045,0.13957841470049653,0.45293644996823723,0.21982506620401526,0.13329715061596265,0.07999196197649572,0.53107406542106,0.3268566509106775,0.32868606661267197,0.26200145951316756,0.27793493629904975,0.13283525560993134,0.3346934672532203,-0.35071742068225975,-0.9038347249410522,-0.538325169413893,-0.24280674779736705,0.060244059311288095,-0.5891360386237661,0.38122190750769447,1.3313173097898794,-0.2258966642256318,-1.1829551583688842,0.16472110312482283,0.02520444831389518,-0.12257023841680482,-0.6168210367599993,-0.5423801563486255,0.22196995858798743,-0.3807600292758876,-0.9879669564679642,-0.1983118129977298,-0.20033059151077412,-0.5848280369091847,-0.24228378212845197,-0.21419034172613774,-0.2716415353911048,-0.4022928530374813,-0.3202241005979382,1.0136877619934754,-0.36458340890234,-0.34418846444838247,0.7554446210035851,-0.3550486811077953,-0.2987665407141501,-0.35624810465252804,0.0,1.0,2024-06-20,-0.202647819256907
0.20192307692307693,0.18888888888888888,0.0,0.0,0.0,0.0,0.0,0.0,0.0,0.0,0.3333333333333333,0.0,0.0,0.0,0.0,0.25,0.0,0.0,0.0,0.3333333333333333,0.0,0.033305059139267665,0.0038124963583652093,0.0699436171750759,0.025394533324266097,0.8431432049642649,0.18350133473846067,0.1218220676569578,0.3188856341379486,0.3420602774957746,0.26326559362370566,0.8841583789356455,0.929403684596023,0.9722856006993549,0.9800521387784147,0.9936171494790916,0.9390255468716218,0.9726435088437635,0.20675912822094752,0.2629077526431149,0.3144050170625353,0.05756402108383321,0.9722856006993549,0.9105381157869357,0.9349191073348033,0.43754018397688643,0.12186912140280726,0.5181675355395015,0.32210971006504185,0.14268597796737914,0.06893357539231416,0.5035616833193575,0.3274062473524875,0.3284583190112609,0.2662042199311611,0.28015434757505453,0.003943031518436146,0.04850599771692323,0.006490733942615045,-0.5879339225449545,-0.47419257437883916,-0.04853058647495257,-0.006212676652386905,-0.1100251092034778,0.2609880463165573,0.6377215575946432,-0.28720158725417677,-1.1334791120819243,0.12254698712935953,0.09497509925530942,0.05802255445255139,-0.6390827103894905,0.172817076928084,-0.13875620471990305,-0.4865199183970379,0.3647014170278597,-0.14754285703301426,-0.1939512897374896,-0.4747043167175718,-0.24714440785387026,-0.16613251205894344,-0.1995219090378607,0.013332863824203437,-0.3191660092370706,0.8885138724550471,-0.5249846360391871,-0.13622689441753835,-0.6762554637169893,-0.23909207408265973,-0.24556842463706788,-0.19594799935103627,0.0,1.0,2024-06-21,-1.129835282140368
0.09615384615384616,0.1,0.6000000000000001,0.0,0.0,0.0,0.0,0.0,0.25,0.0,0.0,0.0,0.0,0.0,0.0,0.0,0.0,0.0,0.08333333333333333,0.0,0.0,0.03714105996648138,0.003288100948478545,0.07070502626379452,0.027838346598990354,0.845872510975336,0.03982909115530512,0.11397517492349318,0.3096203550140796,0.333986432020248,0.02385237601521216,0.8760508493241805,0.9219264877994335,0.9689581002461675,0.9805890220806699,0.9921548129274053,0.933578639119369,0.9688845624377316,0.19481454818487554,0.24510632398679338,0.32826004032638884,0.10912356543800358,0.9689581002461675,0.9120219962125535,0.9266251807094983,0.41220926408602687,0.11600693567804171,0.5053341808601415,0.3221097100650419,0.15140417479369422,0.0743548162609317,0.51391836398919,0.326399795735272,0.3279789500551054,0.2644428227631471,0.2790404302481847,0.027632885883950707,0.40156098512452787,-0.3118902199421934,-1.0471929787153595,-0.40066856856590793,-0.005363171613582843,0.016209246143585043,-0.6191300114855386,0.4333853881375546,0.8567667503175131,-0.11031578452302138,-1.3867750064038837,0.14916206332568333,0.03411946877304008,-0.12437255151320169,-0.7889433766172678,-0.5721875565447776,2.5484821725523172,0.3021269181924439,-0.9880873786477548,-0.17047819710803605,-0.15525298962919606,0.10806930521583659,-0.2298370169239986,-0.2007926690662687,-0.25759131188853046,-0.47041054883214134,-0.35066475377938555,0.31124423056620343,-0.8447649475682116,-0.3333728649107411,-0.4741619735929938,-0.3077118414547973,0.6933417385385505,-0.3422447126925197,0.0,0.0,2024-06-22,0.2439753185930815
0.06730769230769232,0.07777777777777778,0.0,0.0,0.0,0.0,0.0,0.0,0.0,0.0,0.0,0.0,0.0,0.0,0.0,0.0,0.0,0.0,0.0,0.0,0.0,0.03244466840981189,0.028164600317786767,0.11425794740815703,0.026146921070184754,0.8271665417476084,0.05137456082755159,0.11734922658662256,0.26888241484546943,0.31035086958764446,0.050718943772934025,0.8689497128082606,0.9152235309452028,0.9636098049601257,0.9803090351808952,0.9908810074704596,0.9258458656070259,0.9638608638647426,0.17581556821591118,0.22668856429501644,0.32094951343986106,0.07950790110232869,0.9636098049601257,0.9130427119528939,0.9148484998014264,0.40328394927853345,0.10196964080169069,0.5416938435665951,0.3850789939707683,0.16600324086139,0.03964483934439751,0.5021830549521242,0.2613846588566824,0.2887942916162951,0.23119370285098317,0.2533632302516243,-0.17806385420086485,0.5105164231712006,-0.2176471682256457,-1.1067761440712947,-0.5645647677932896,-0.2698608385719075,0.018709771707859826,-0.530022235187688,0.5662694182418607,0.8130144685316536,-0.1024805332450908,-1.3234508262546503,0.13378521416957906,0.11376027915118432,0.04162166687939447,-0.7489145430631331,-0.6590191109561264,-0.61243929802549,-0.5517916113091272,-0.974661566250112,-0.21690367856666648,-0.21341859935385155,-0.6963628173493694,-0.26051790611072545,-0.2335601592842102,-0.3162866578469681,-0.5188724025934243,-0.4045892577971792,2.291700968992146,-0.9404192538029811,-0.3645391357290266,-0.6693981413439332,-0.402434995671003,-0.36679951969782637,-0.43107995533707566,0.0,0.0,2024-06-23,-1.668075089399379
0.25961538461538464,0.2111111111111111,0.1,0.0,0.0,0.0,0.0,0.0,0.0,0.0,0.0,0.0,0.0,0.0,0.0,0.0,0.0,0.0,0.0,0.0,0.0,0.1163692592542076,0.018980594220312213,0.21133118082662683,0.07720221722881124,0.7764933381000003,0.33275145756571484,0.17534256136343462,0.24961535183556155,0.32148625196251557,0.5374720508711838,0.8519830537634787,0.9044749598615669,0.9538238889469021,0.9788301722406243,0.98984982027786,0.9108404472443723,0.9550288867695373,0.1329648414498556,0.20253432114129488,0.2529069938031894,0.0,0.9538238889469021,0.9151178826604094,0.893063981037804,0.45946884287332934,0.059548068003643956,0.8033897174611253,0.6444882701063355,0.2063518418557308,0.054402345227379315,0.4568489246683358,0.14354710445891655,0.21679357239594133,0.11336238632380552,0.16518800404331502,2.849455846322173,-1.5736983903603883,-1.200520460441719,1.379456214573226,3.0319673789385666,2.6974974511571483,-0.5337109334906235,-0.6732382574572223,-1.233975705251327,-0.40997558168699255,-0.9461327581041862,0.6718070585339718,-0.03028357665988964,-0.30877164524716666,0.3501750355352694,0.8401410598727141,-0.6496953072512189,0.9239036672858884,-0.5432104282742346,-1.0515291966451694,-0.21464987749526485,-0.1914509909496858,-0.6625040027083868,-0.25699638374088724,-0.23163935722224385,-0.31288534294199893,-0.44805306293447655,-0.4055814335363537,1.7390944515442806,-0.9306067192517958,-0.3788800560080214,-0.6710102533268372,-0.39654569026937386,-0.36233644951025656,-0.39942560123185955,0.0,1.0,2024-06-24,-4.595356431233677
0.2403846153846154,0.22222222222222224,0.0,0.0,0.0,0.0,0.0,0.5,0.0,0.0,0.0,0.0,0.0,0.0,0.0,0.5,0.16666666666666666,0.0,0.25,0.0,0.0,0.0468819560384819,0.021459268019596325,0.07509517613608982,0.03975067027619865,0.8031482670623171,0.2100103037781032,0.2003819089444746,0.2237553463716692,0.3174678526871608,0.3268568865228496,0.8410266740910017,0.896252125990441,0.9450005278959203,0.9782954296263016,0.9885017093293492,0.9025948633805958,0.9490500908489341,0.11676624746680489,0.17964992916806433,0.2679691611496846,0.12178501202633915,0.9450005278959203,0.9075879620201512,0.8841312237262748,0.46066555973900436,0.04445552019292029,0.7393362795225907,0.6444882701063354,0.24381839992190463,0.10887018852157025,0.48752670564436995,0.2666097519363291,0.2899752834074278,0.10634122757086217,0.1648060769704838,0.054180374776662,0.49924445540439744,-0.41804796555154633,-0.9425122446767387,-0.240088929567299,0.0782235198151699,-0.08470845218147437,-0.6265843730145724,0.46523975620710994,0.7096840425329313,-0.18775231362884837,-0.9895924201940233,0.1960241645865255,0.04065647026338287,-0.08647592977867528,-0.49600776591253687,-0.5205913457203656,3.327075092309034,-0.42305965886209396,-0.9627549316922243,-0.15696505071100256,-0.16875163973830867,-0.23422619354481528,-0.23781804164450296,0.0016085699901133212,-0.24065541189148254,-0.19982290891651455,-0.3435451341050549,-0.7294333526311237,-0.7249228736776043,-0.3244532740978528,1.5768017399504932,-0.36718318985610665,-0.0025000621571044717,-0.17613078716586136,0.0,1.0,2024-06-25,2.533663041543988
0.11538461538461539,0.1,0.0,0.0,0.0,0.3333333333333333,0.0,0.0,0.0,0.0,0.0,0.0,0.0,0.0,0.0,0.0,0.0,0.0,0.0,0.0,0.0,0.10841107507922856,0.01430197931708915,0.10662939938637495,0.06886662914373934,0.7858109391598025,0.15110535732084657,0.19653058038104765,0.19807441828280903,0.3144429406453113,0.22538783760507286,0.8291249990601639,0.8853271705552341,0.9355421909755949,0.9776951967352285,0.9871226216343757,0.8927225390997575,0.9420838853229625,0.09611761523500001,0.15680314960098657,0.2684152955979419,0.13710875399797376,0.9355421909755949,0.9006286089321274,0.8732883715534852,0.4564440862148258,0.043665421742447585,0.6877972997642228,0.6182892220551204,0.27590288352159836,0.18972658255882607,0.4638826818442381,0.23183495196085951,0.2680410709761015,0.06141867797609052,0.1330769977946287,-1.541583897764174,1.4833607565019828,0.1962762468058168,0.2747880122658899,-0.5115859753496669,-0.6445978260138443,-0.6791883463082472,0.03968867348869875,0.36280804394104627,-0.8168954802724305,1.6580244749639441,1.0533974295148585,0.2973063842399386,0.098606374575256,-0.1333325054287338,1.1129651520031345,-0.2592816733762073,-0.03821500451456575,-0.41212688627719385,-0.47353121215117194,-0.12407360167181238,-0.17061326281581932,-0.6056081725210352,-0.1847636730176226,-0.15458704635670173,-0.20587402805483826,-0.19153827664539877,-0.2891745677076845,-0.29138020530935127,-0.030222336751875342,-0.276672579426476,1.6856734637297832,-0.30611053125180765,2.3509338555718227,-0.1559635948665385,0.0,1.0,2024-06-26,-1.6072632592061151
0.3076923076923077,0.23333333333333334,0.0,0.0,0.0,0.0,0.0,0.0,0.0,0.5,0.0,0.0,0.0,0.0,0.0,0.25,0.0,0.0,0.08333333333333333,0.0,0.0,0.0666342023378003,0.005003015667297096,0.07212343180248341,0.042385474286425334,0.7996604303720771,0.1398943461881918,0.200826311898536,0.1639835450858959,0.2977922124573017,0.21580703101539445,0.8195317768471313,0.8761686362623298,0.9281837139393608,0.977859427974181,0.9870595815045952,0.8866818654376227,0.93677624116065,0.09030645723129849,0.13724823736678132,0.3074613329698286,0.13508256032425345,0.9281837139393608,0.894573972104316,0.8655821937649264,0.451943917674809,0.03167972285175835,0.64889048583424,0.623661206636615,0.3062504479460251,0.2605311004680138,0.48618801450302995,0.271411577218133,0.2925487887749362,0.09474923095196297,0.1567356988082256,-0.202069007798923,0.5510547379355747,-0.2300521931037631,-1.2191393505555461,-0.5884848050420637,-0.29526667050299144,0.002249177527191091,-0.6077275465084706,0.638204450164022,0.8561066289792227,-0.09838252720469716,-1.4248519944189897,0.11837171487789075,0.0790621145728397,-0.06068492568479117,-0.8135736399320326,-0.24742737218865296,-0.25327353728445706,-0.3904022913106141,0.43067950465777094,-0.1141187476699276,-0.18314838456771212,-0.011424918391561739,-0.21107926131192647,-0.17838499073644584,-0.2067783113864398,-0.22519112660780416,-0.2546432838222281,-0.6654608970701754,-0.31949749159766766,-0.2040230353531767,1.0312530088770129,0.20105928828852174,2.1030777792541913,-0.16567480904236107,0.0,1.0,2024-06-27,1.3048951973404943
0.3942307692307693,0.3111111111111111,0.0,0.0,0.0,0.0,0.0,0.0,0.25,0.0,0.0,0.0,0.0,0.0,0.0,0.0,0.0,0.0,0.0,0.3333333333333333,0.0,0.344009206991799,0.05622841593217189,0.31564904502594254,0.17906249593059512,0.777238983438673,0.17263303620424947,0.20858052684927597,0.10841018759711393,0.30969379401181363,0.26671450294296745,0.8091672540825365,0.8671317410470998,0.9196385553292828,0.9767839515894456,0.9855052310386415,0.8778261988363836,0.9300120461684513,0.07514882696798098,0.11827214907380648,0.31432697455122954,0.13312415045561835,0.9196385553292828,0.8888760064863968,0.8551146925523638,0.4560088056910234,0.01772327771240864,0.6407885700418078,0.6532973494034894,0.3374912111798184,0.2314401761465808,0.4599734007111642,0.24778929050591783,0.27663303848469045,0.09861823214170001,0.15554092652912016,-0.8681161717946658,0.01057784731801931,0.8264855960640999,0.22521335690347924,-0.5821677918854105,-0.6060283698412808,-0.4896100115832015,0.1167357675463858,1.0343195992408258,-0.3086487401844339,-0.3966154295548103,-0.7920220412068483,-0.010441830642771375,0.26877504571883565,0.12286268798160747,-0.6881842295533389,-0.47325644755756496,-0.3045305800519353,-0.24296352835339413,0.6064851673225045,0.09992029205527667,-0.1491579049152959,-0.3731106682917404,-0.20712480000453942,-0.17395080901746093,-0.2016038936481755,-0.3997694138629645,-0.32987295853737286,0.049671321623818585,-0.6656630563923376,0.22013141150734172,-0.6670349370116981,1.865039035740712,0.2516450638887345,-0.17571738002389584,0.0,1.0,2024-06-28,-2.0853310881755127
0.23076923076923078,0.22222222222222224,0.0,0.0,0.0,0.0,0.0,0.0,0.0,0.0,0.0,0.0,0.0,0.0,0.0,0.0,0.0,0.0,0.0,0.0,0.0,0.06872963837170623,0.005251827903819898,0.058387547588068044,0.04202664320760259,0.787139151877003,0.06441709762616299,0.20667670009140776,0.11225027388282648,0.30871286657891306,0.07449162051383908,0.8113772315574339,0.8594964961972056,0.9113073894527871,0.9768212220282266,0.9845628178393816,0.8719862466393391,0.9245656401860927,0.07158805084034822,0.10230849971648986,0.35005860993265836,0.1959002782922387,0.9113073894527871,0.878468680600043,0.8504364818079782,0.434145530572196,0.012727675169328823,0.6191312452538252,0.6532973494034896,0.36650049132548346,0.24569450809061283,0.4732661008047818,0.26536518085131805,0.287963648784255,0.11660772657848395,0.16904194400188208,-1.333550828573062,1.4559900666051333,0.03129713385365305,-0.027038992414021128,-0.4608194756425627,-0.79324253703697,-0.7050818944126913,-0.5480422132046554,1.2378879562760154,-0.7979183318163414,0.9715825806449563,1.1682012173068324,0.18082657550633222,-0.5309973274384181,-1.0568225851398483,0.9625872309690844,-0.25928442881308794,-0.5049549635538613,-0.07007659785493899,-0.4793103313448691,0.01659766451414922,-0.17958722563102067,3.8419814766902487,-0.22660652297431574,-0.19903597983225743,-0.22813718217360363,-0.29363221919508614,-0.3251884713919955,-0.4902309304850379,-0.46053207063129553,-0.13643376289672574,0.1927213114818168,-0.28633018286076334,-0.002675630112312961,-0.2772845238200253,0.0,0.0,2024-06-29,0.9403861104374522
0.3269230769230769,0.2888888888888889,0.1,0.0,0.0,0.0,0.0,0.0,0.0,0.0,0.3333333333333333,0.0,0.0,0.0,0.0,0.0,0.0,0.0,0.0,0.0,0.0,0.16525166674592287,0.02846537966700104,0.23670666473904872,0.14296814071965888,0.8183962608650819,0.10559490668899402,0.23414525071879722,0.11786981817077898,0.3050786366215452,0.1497127398279981,0.8145425812007165,0.8554653445033733,0.9048084049477895,0.9775636960145682,0.9843375585788218,0.8722646101443956,0.92210129992803,0.08954094164113485,0.09348423130622815,0.43474140759193775,0.29508532154220013,0.9048084049477895,0.8647213378761731,0.853199062049592,0.4417551828462377,0.11846172921044174,0.5604725536836643,0.366898435443392,0.3638578091813922,0.2918927050632504,0.4914757854201288,0.38782542785055324,0.3649485361856247,0.15975166172891467,0.20245157169181704,-0.9111038369681268,-0.0841509061926498,0.9450149242521466,0.2316802377482964,-0.5759724711616078,-0.5523336563185155,0.0637553160308892,1.0389453595008344,0.04717634889636553,-0.12704102236107392,-0.6196265104035303,-1.0120723763956831,-0.2640438252813171,0.3611190251292726,0.43077089915273875,-0.7506770202670869,-0.4899688726340972,-0.3413275949251695,-0.4903258483761291,2.0889416033766666,-0.10004395734649801,-0.20613141384935332,0.05589847625371139,-0.2302504757674788,-0.1964327641536237,-0.2466707640193953,-0.4904833829336901,-0.3793706909066828,-0.042193733052094416,0.13916504484616948,0.36564888275811575,-0.6526682506371924,-0.4065350136776152,-0.3301741106999977,-0.3853438339632894,0.0,0.0,2024-06-30,2.941355162056692
0.46153846153846156,0.43333333333333335,0.0,0.0,0.0,0.0,0.0,0.0,0.0,0.0,0.0,0.0,0.0,0.0,0.0,0.0,0.0,0.14285714285714285,0.0,0.0,0.0,0.30428918663831134,0.05506781708206237,0.48763914992048574,0.22020653043625468,0.8214276565255685,0.1771685516050807,0.23401486782409242,0.1136722683692846,0.2921115741162994,0.2879549515371941,0.821936299027922,0.853132885348544,0.9005479673510745,0.9781166706417839,0.9840898333611278,0.8730063842301883,0.9200695854612284,0.10777348901136799,0.09043294560236226,0.5032168580604994,0.27408287241549356,0.9005479673510745,0.8576094948529485,0.8528453937844525,0.43016261335622374,0.1655002123131516,0.5293304064664035,0.24830728344607253,0.3491555511428768,0.41128923409116946,0.5182319787552365,0.5194561986340799,0.4527551864469384,0.16896592922047501,0.20909634021036178,0.7125049393397213,-0.7845598550933882,0.06688687296966417,0.7131541031353299,-0.4200366086131694,0.28117172390003187,-0.2933613510458202,-0.17330778842438968,0.77337424218253,0.025275765909706996,-0.6988807583472887,0.25661406195628855,0.21175929153672782,-0.01859862935553976,0.18190066244085207,0.319416016121578,2.011001093273846,-0.44980315647828656,-0.3363548228741442,-0.31223784252599557,-0.1316859576501785,0.17363993483056694,0.33824095348825844,-0.20597262293016028,-0.19815682548104216,0.019967139448648856,-0.33024030921651887,-0.17498714144678348,0.4119274881734644,0.9756949555268991,-0.17973868303948384,-0.5051721651690205,-0.33244448973329077,-0.06417825142044331,-0.29085181846814384,0.0,1.0,2024-07-01,0.2771094932125795
0.3269230769230769,0.3111111111111111,0.5,0.3333333333333333,0.0,0.0,0.0,0.0,0.0,0.0,0.0,0.0,0.0,0.0,0.0,0.0,0.0,0.0,0.08333333333333333,0.0,0.0,0.08225664686244302,0.012108337257112802,0.16304274492795529,0.08434121941797021,0.8070643197507472,0.1303913040677437,0.23679829736238123,0.09473452243037872,0.2761402864788476,0.21204311707285084,0.8234732814602883,0.8489645116526325,0.8946403176600769,0.9777729555699917,0.9830243695322168,0.8712353967625175,0.9170034313324447,0.11592824767708962,0.08978460811149783,0.5317191019968274,0.251711849427357,0.8946403176600769,0.8460033758300862,0.8543423563755395,0.4226198560273653,0.14776448442569606,0.5591966181044261,0.3085154672298983,0.3417218798605076,0.4724307570377195,0.4970613910495887,0.4189198199114998,0.38502410226946515,0.20938755705113193,0.23572706129897675,2.3661474751953486,-1.3119030040694664,-0.9839571937702355,1.0572565324765564,4.2971636558240975,-0.009011437342564693,-0.34949735855607306,-0.41050000917178603,-1.4614436421167145,-0.1803611906806607,-0.6931861480900805,0.24856397563840574,0.21955480577946204,-0.4080388592024474,-0.9440036055451875,0.28094790516598406,-0.43096377278804704,-0.2584419840741819,-0.5152678819728622,-0.0754408607733556,-0.15178833763169253,-0.19673658364802743,-0.5194769627955301,0.8616312967519383,0.02242493112545759,-0.28454863805094294,-0.3592566175356538,-0.38794345725397994,0.8646961179093365,-0.7000696670122394,-0.323123921580844,-0.6167407677949688,-0.30703302896803847,1.8362627192738141,-0.3124845627636215,0.0,1.0,2024-07-02,-1.3093697885290578
0.21153846153846156,0.17777777777777778,0.0,0.0,0.0,0.0,0.0,0.0,0.0,0.0,0.0,0.0,0.0,0.0,0.0,0.25,0.0,0.0,0.0,0.0,0.0,0.036183349977138575,0.0034046332617866924,0.050314041090389214,0.03389362105412417,0.774687072432743,0.21489751067401736,0.2464419899232898,0.05982660257343895,0.27703256717751146,0.3713425354681172,0.8229435271400283,0.8433277109524526,0.8883805157078889,0.9772297194569637,0.9810214619286671,0.8643299469984191,0.9114933630586559,0.10564612733836973,0.08700558117994542,0.5064462185187467,0.23604468378127655,0.8883805157078889,0.8403491716928204,0.8483604030639429,0.4407513177938718,0.11699649306614801,0.6869466303834147,0.4650007379069189,0.3509813067791202,0.37447532173061804,0.46580003554133453,0.3820567539788092,0.36056829173950505,0.12706477895518353,0.17411727235299299,-0.3337371038312177,0.29388065271931213,0.1052599357653162,-0.9216022888144639,-0.5604688038037554,-0.32852942625713677,-0.011360345102937736,-0.3494193042918765,0.5480948190565493,0.7079195722521837,-0.20958926617863136,-1.21128081442003,0.1452399282579209,0.06015351348037744,-0.08334697496205912,-0.6872568965809566,-0.3991340983925023,-0.4210957048053185,-0.23926833639891237,-0.713623008998769,-0.16847219259569463,-0.18035937303067018,0.15625725608007002,-0.2270711161517163,-0.19890190450416614,0.23020227902588766,-0.36986795273774137,-0.34734102236383974,-0.8239737919275494,-0.43332023999211755,-0.30076676880338576,3.7306552217323015,-0.36886402579675004,0.11284037994232185,-0.26150663299042587,0.0,1.0,2024-07-03,-2.990687070088416
0.11538461538461539,0.1,0.0,0.0,0.0,0.0,0.0,0.0,0.0,0.0,0.0,0.0,0.0,0.0,0.0,0.0,0.0,0.0,0.0,0.0,0.0,0.10071806131187098,0.005854961363239095,0.0906526593095915,0.043009087975830994,0.7189029564271815,0.3151331077162374,0.28414576138693837,0.07350612231766739,0.2923352275351241,0.5413002780499225,0.8087782920461577,0.8371419490159264,0.8797899440997198,0.973569795610121,0.9783583668638364,0.849171061818669,0.9017894069903121,0.06746012171253815,0.0763877873149561,0.41346774895041166,0.16946376409875333,0.8797899440997198,0.8430676779001525,0.8282152537643022,0.47386940156541657,0.08318653156695471,0.795335593945241,0.5936104146575181,0.37286241887629823,0.1922507044353879,0.4225696877433045,0.2113837481541564,0.2485626050099172,0.0760962897118514,0.12998196137652757,-0.9429918190014266,-1.5973161811792984,2.2466315062093405,1.078779347683689,-0.6692451447744537,-0.5172705200155354,-0.4724735946597075,2.8660196869043864,-1.4657764321172253,-0.14641743331509827,-0.24808691524183732,0.2480395892182943,0.11693915715077201,0.22647386206445555,0.3554286774205863,-0.03859702956527683,-0.6428473678451264,-0.6161805306028025,3.668226322732051,-0.9668803227298167,-0.2050700473180838,-0.20711924702180282,-0.6707501710662706,-0.2554543737720188,-0.2347111008908625,-0.3168435645068069,-0.5202298865689746,-0.37958117707898814,1.5630352961672398,-0.9289144802033193,-0.3526086184084904,-0.7455976452943219,-0.4200263708141023,-0.3682951428205096,-0.42568064631807945,0.0,0.0,2024-07-04,-5.311634426354228
0.22115384615384617,0.16666666666666669,0.0,0.0,0.0,0.0,0.0,0.0,0.0,0.0,0.0,0.0,0.0,0.0,0.0,0.0,0.0,0.0,0.0,0.0,0.0,0.08126465395200366,0.011720946053412744,0.18337590156297687,0.06716362841884269,0.7133994843307186,0.4406633955632433,0.2786979314734995,0.0823363652687327,0.3383090083651985,0.700777845590094,0.7869818830596458,0.8275020649251306,0.870728414626683,0.9701937614557175,0.9757397239619033,0.8354252463059071,0.8923502406920845,0.03701052992136633,0.06119970466785757,0.3592578891530454,0.17013627377176913,0.870728414626683,0.8423737690103585,0.8110226784288641,0.5076340012324652,0.05426413902836871,0.9102826274478547,0.7012914307283482,0.40430211194701904,0.1336617855501831,0.36434994404492116,0.25284995582674996,0.27364050562948566,0.08890152264705853,0.13757013221478218,-0.2081813145470041,0.5389198972011535,-0.21432119255033252,-1.1786575548463982,-0.5840121496072798,-0.2635840720403941,0.027003779719839915,-0.6045157651499832,0.586460859316264,0.9049584267860946,-0.09542684467168631,-1.4599355945067558,0.1309751252989637,0.08703940385227739,-0.05343996589985336,-0.8439291882979721,-0.6549676994388057,-0.6111449529839484,-0.5502567248945857,-0.9093839637203046,-0.21831863982792424,-0.21324008303875497,-0.6753731267462197,-0.2589084934226817,-0.23408761719853133,-0.31722031110246274,-0.5198208252155307,-0.4059316498966603,2.2760790808036506,-0.9539553454490558,-0.37460190324285053,-0.7402139702157943,-0.40322862611817334,-0.3031063328007682,-0.43130205896707563,0.0,1.0,2024-07-05,-0.5534237213954074
0.09615384615384616,0.1,0.1,0.0,0.0,0.0,0.0,0.0,0.0,0.0,0.0,0.0,0.0,0.0,0.0,0.0,0.0,0.0,0.08333333333333333,0.0,0.0,0.11617572663511408,0.014531894421724144,0.22927891025332112,0.06169000756728445,0.7420429826665753,0.13442701027586268,0.31049775083292597,0.0980042016176564,0.3464683420685992,0.1784992480390905,0.7705023217263967,0.8228009646467291,0.8628015154449337,0.9667471553915286,0.973193042166501,0.8285775665086363,0.8859732842235997,0.03277481094599377,0.048118084618728046,0.38424340922593603,0.26129704807157705,0.8628015154449337,0.8336203893310541,0.8052626808780088,0.5133079734018067,0.09490889971394587,0.8315010900707053,0.5896580212945917,0.42196638376089324,0.2140720482832164,0.38600242977795785,0.29879013587180386,0.305187176494911,0.13241958455875552,0.1726414622857659,-0.1236205297761905,0.5144418578886962,-0.2701502070524059,-1.1823490214255736,-0.5834954624542142,-0.26622125884024317,0.03647276405699318,-0.6293346507525698,0.5955517215429504,0.9465811100228156,-0.11771337828578644,-1.4934038502088884,0.13588676405600794,0.07830376512997186,-0.06285951088961476,-0.8474184934607945,-0.6092964750892157,-0.16962473827476687,-0.4223744953816516,0.5162000211452648,-0.16950315435218158,-0.16858111862116668,-0.6492930243671794,-0.24578833394133198,-0.2137496685702531,-0.2627302464977464,-0.48111806587464934,-0.3818675900015747,0.7503052043745041,-0.8149101152339363,0.23359108261266018,-0.10555415959047468,-0.4191965488135463,0.49501162101472446,-0.38458002138747804,0.0,0.0,2024-07-06,2.896391234041995
0.25,0.24444444444444446,0.1,0.0,0.0,0.0,0.0,0.0,0.0,0.0,0.0,0.0,0.0,0.0,0.0,0.25,0.0,0.0,0.0,0.0,0.0,0.02722285115203517,0.0035794317317489137,0.04846352786211106,0.0281002354105505,0.6992054295688738,0.13392586278234242,0.33759641496719883,0.11714291342663158,0.335944635448472,0.1831722106371793,0.7481117630746654,0.8120111295691919,0.8526819615576352,0.9623773295641584,0.9703183783460777,0.8156296082665135,0.8765347108600852,0.007665589526625827,0.0321329346003833,0.3498035827614102,0.20051973848498464,0.8526819615576352,0.8280569584422977,0.7915174642093157,0.5213275143268512,0.07465955267995214,0.7733853208912614,0.5990041185657583,0.43933420608668505,0.28110755540208743,0.36440978536540003,0.11718301828874483,0.18990382224466917,0.045980248759396325,0.10588490457684008,0.18696926537627284,0.3325322237381393,-0.3978211256144465,-0.6196250421597974,-0.43644910355735583,0.23185297149921605,-0.059650982624237174,-0.5621107153633688,0.6349961016226168,0.5133037640099783,-0.35282559686238923,-1.2359461110075896,0.12536391724557952,0.1317720020815432,0.021564202620916635,-0.6524048422279464,-0.5265917426701224,-0.5426646290985578,-0.23296815964378093,-0.8716785421344689,-0.182919556355484,-0.19575713255343832,-0.6142269101701885,-0.2422186812148922,-0.22085560870634388,0.7323640034810701,-0.38252114273494975,-0.37540428236975176,1.6487249323352777,-0.7041099735980523,-0.3203395478797876,-0.31163040055350166,-0.2590661983319446,-0.24593721630874696,-0.31859212046208746,0.0,0.0,2024-07-07,-4.20974391429122
0.21153846153846156,0.17777777777777778,0.0,0.0,0.0,0.0,0.0,0.0,0.0,0.0,0.3333333333333333,0.0,0.0,0.0,0.0,0.0,0.0,0.0,0.0,0.0,0.0,0.13845421872233327,0.01912547223145207,0.36928501437681716,0.10546016468610239,0.7141451296693914,0.3029614237872036,0.34804436722293297,0.12980455930259857,0.33626177619298625,0.46995009959937545,0.7355437872866073,0.8052342416976712,0.8446598306688048,0.9586057221343287,0.9676695966634111,0.8071685373432822,0.8690277765482817,0.0,0.017659659393376326,0.367736480541223,0.25721740113682234,0.8446598306688048,0.8223801539642757,0.782063830761816,0.5522847875231547,0.04862747416672736,0.7739653897990222,0.652905249472779,0.4610284897061585,0.28956126714530267,0.40618672942863876,0.14637044939075672,0.20923928346452625,0.07590259535317345,0.12891386336937127,0.6581690815759407,0.15169330042531312,-0.6715380742158423,-1.1751679175202843,-0.2179892426831317,0.03279043885301993,-0.005239766010571287,-0.6520741938939867,0.7373993790739043,0.33876007617750975,-0.36519996838741015,-0.5303824623069623,0.08721313756603169,0.6741597974079615,0.9365650869813069,-0.1780461701251248,-0.6634972600468805,-0.6075707676298088,-0.5495764972598587,-1.005166909823309,-0.22140750460011452,-0.21255317566218337,-0.6976790904328424,-0.26103140727935387,-0.23551905019647032,-0.3012426833894684,-0.5208764304899515,-0.4070945213897507,2.3296639261827026,-0.9089517088531758,-0.37039808860605566,-0.7279387513243027,-0.3943492295975335,-0.37360812373787355,-0.43207152765271484,0.0,1.0,2024-07-08,1.5326802715911692
0.5,0.5,0.0,0.0,0.0,0.0,0.0,0.0,0.0,0.0,0.0,0.0,0.0,0.0,0.0,0.0,0.0,0.0,0.08333333333333333,0.3333333333333333,0.0,0.23425483121928128,0.025879622120352684,0.5113841903201451,0.14644214644648715,0.736906299627629,0.1981179278370067,0.36440647425889394,0.13564898420449326,0.34377197404784654,0.28662406287103886,0.7392811232741847,0.799838749318881,0.838049503522352,0.9533111345097673,0.9649421685388541,0.8038102299102459,0.8639546473462449,0.010624959616105378,0.008416763806186833,0.42977591817747185,0.3699066832765008,0.838049503522352,0.813596307970377,0.7789513379636879,0.5450169237394737,0.04285588237169266,0.7232046449162572,0.6395789535746003,0.47979681429782406,0.2899096665554924,0.4354444584456252,0.23736316694547532,0.2664208301696266,0.15493245301864805,0.18776139284974758,0.5240570162133463,0.13651949293916257,-0.5375757412879423,-0.357701529993215,-0.43437847465964813,-0.32883192096289476,2.7268168499945284,-0.6298527587552272,-0.09873767944895767,0.4806898698363666,-0.2837170758636148,-0.7672493553549472,0.10251745783735951,0.12331829500631966,0.048421079604288805,-0.4046586979480427,-0.5415108063986048,-0.45993735785869433,-0.5007107789673636,-0.8747380643181305,-0.1841341265898686,-0.1918815794227815,-0.3539384911487969,-0.24301157264249534,-0.21765964553515188,-0.27418195997583833,-0.4509980518812351,-0.03132677430760449,1.6860829577901035,-0.31533492412370423,-0.33578822277816883,-0.5954536832664191,-0.38885369238699896,0.08486182618139983,-0.3771115704109748,0.0,1.0,2024-07-09,2.299844211812685
0.3076923076923077,0.3,0.0,0.0,0.0,0.0,0.0,0.0,0.0,0.0,0.0,0.0,0.0,0.0,0.0,0.25,0.0,0.0,0.0,0.0,0.0,0.12327216842425003,0.01782786917515594,0.19054182127768943,0.0917840705045194,0.7322510101825721,0.18338774098388289,0.36406566183683986,0.1396547266340592,0.3443666271353202,0.26154781298886964,0.7431945345335516,0.7905859192940392,0.8313107086693151,0.9484282222582849,0.9624941004374176,0.8001911630937775,0.8588732565117727,0.019557225428735447,0.002986060710351679,0.4749937217626348,0.3037473765524835,0.8313107086693151,0.8038225923620193,0.7767114931380099,0.5432029324334073,0.09187997129553852,0.6689249891719842,0.5026648447088324,0.4830837725741882,0.3571584110566125,0.4079456404150992,0.3053100975521152,0.3087048608460344,0.15236289085980168,0.1852126570233625,0.3143171018650565,0.5633244701858794,-0.707037935062067,-0.22458492642176534,-0.4887494740682632,1.3952016348295948,-0.25268702411252997,-0.30957874617666953,0.6328716696117355,-0.3996148131226895,-0.5520951804315402,-0.007366892131009794,0.09016502093484467,0.15630734454563736,0.019192173070154955,-0.1489505435520705,-0.22097842064428053,-0.5012898870956435,-0.15299916640982644,0.19347438741005019,-0.06406980706568584,-0.14978379861685195,-0.5120842822276341,-0.19705824629978308,-0.04447490146872288,-0.004510880149671501,2.9757962502048527,-0.24166446857795237,-0.006147101700280337,0.025453380313767142,-0.14245605618865737,-0.2017934002362532,0.08335497031423611,-0.12339218195777497,2.2246207596625744,0.0,1.0,2024-07-10,-0.4598069730556098
0.42307692307692313,0.4222222222222222,0.5,0.3333333333333333,1.0,0.0,0.0,0.5,0.0,0.0,0.0,0.0,0.0,0.0,0.0,0.25,0.0,0.0,0.0,0.6666666666666666,0.0,0.2478622018261369,0.02716147756674231,0.400162241177132,0.15721286640921503,0.7253119475314389,0.20566923412440707,0.3486280687046911,0.12916298128250675,0.3471716502125536,0.2968285106424088,0.73972131853007,0.7802621659705096,0.8248903731619114,0.943788238843738,0.9608356583164229,0.7959700691263993,0.8535958108105344,0.02573690369170384,0.0,0.5039905154642779,0.31883437642786217,0.8248903731619114,0.7953630012543496,0.773606676625002,0.5414810321473207,0.07554205037721651,0.6222829779113382,0.5054924317384677,0.4864279871399967,0.37988321925635365,0.3777862204879108,0.42503004900582203,0.3899017013139524,0.14444282741646508,0.17845512042905606,-0.12251668689047122,0.5286184899858294,-0.2830724615112959,-0.6435395621282983,-0.4043978443501215,-0.4145753680766793,0.12696224908665815,-0.5758803094260433,0.4294185433805553,0.07408556473706675,0.8326280883224896,-0.7197820747333394,0.04764374011646132,0.16556432801660795,0.0997897333896004,-0.2803539797372469,-0.2519997021488267,-0.5000040001744929,-0.49762093115978834,-0.668986881984907,-0.14567009004052914,-0.1765728788547055,-0.6166037342002413,0.12591847088276775,-0.20198437182237872,3.7180283165618517,1.4525795871452714,-0.35138119625649983,-0.008640339143744177,-0.3802904929410534,-0.29873727656496507,1.1827428017486157,-0.29213128451923254,-0.17575546969923866,0.4758931526254068,0.0,1.0,2024-07-11,-0.6885432015347748
0.3653846153846154,0.33333333333333337,0.4,1.0,0.0,0.0,0.0,0.0,0.25,0.0,0.0,0.0,0.0,0.0,0.0,0.0,0.3333333333333333,0.0,0.0,0.0,0.0,0.18221520016249365,0.035106146764574804,0.4328144828361685,0.10852614475072092,0.7349906108307593,0.17836883533080652,0.34567039412731215,0.1094877507213222,0.36470182629106174,0.2404698529823454,0.7471500079830766,0.7725207551253035,0.8188486910468541,0.9398366535761611,0.9591814555983799,0.794014687566893,0.8495077509579969,0.03932801577782313,0.0005989363922785929,0.5465134717965621,0.31177112925172934,0.8188486910468541,0.7841643452711093,0.7743734888587375,0.5353674868646847,0.06184176528469054,0.6165673886163565,0.5321087070099451,0.4922823130725915,0.3759847352820414,0.40468573802203256,0.46224168841908897,0.4165698890234302,0.18277150917686644,0.20774740478236636,-0.01035889866687998,0.4691625383075641,-0.33441957195176314,-1.0459494632908617,-0.4169727655312871,-0.03032536122298767,0.017951882320203946,-0.5997200269737473,0.3772293878556835,0.8095191942387764,0.05105236891992256,-1.2928551785491467,0.1467890119137486,0.06245651185511386,-0.04666548026694711,-0.7341225643173375,-0.6258918728551398,0.4528854027903017,-0.543563737459897,-0.9315011479600589,-0.21247080538061275,-0.2048621431973017,-0.5891493717850107,-0.25036664742498865,-0.22975138070001372,-0.3065043735679083,-0.48858238089182965,-0.40293653611496055,1.777297814744402,-0.7522821776697972,-0.36506611454555493,-0.6497138016620283,-0.40565866869217737,-0.31999567450364275,-0.40466619215531197,0.0,1.0,2024-07-12,0.9670444019596935
0.3557692307692308,0.2777777777777778,0.2,0.0,0.0,0.0,0.0,0.0,0.5,0.0,0.0,0.0,0.0,0.0,0.0,0.0,0.0,0.14285714285714285,0.16666666666666666,0.3333333333333333,0.5,0.5087751375832604,0.07712549427810594,0.9148539026231667,0.2223074285267814,0.7582467414874303,0.10336754681343721,0.35614781670216034,0.08439563308941002,0.3712807773682729,0.11652131178249288,0.7563051154052152,0.7707549051616212,0.8150934205828532,0.9361750122543131,0.9572825325053983,0.7962438514490415,0.8476410791946674,0.06644598586263017,0.007039530211060796,0.6158034981324584,0.40182747913985684,0.8150934205828532,0.7757624580262255,0.7764918871802124,0.5306111508153221,0.11943025703323051,0.5727979629966815,0.3753306106440586,0.48152610754490577,0.42888682567277553,0.42262945671345853,0.44903717019827083,0.40632944328305376,0.21779749853914898,0.2366955931925691,-0.9256798184552874,-1.7602838274676773,2.368066354848823,1.3062673872763901,-0.6800285562628623,-0.715542820014097,-0.2982122022212618,3.3637895829108455,-1.2384677190082911,-0.6239109129164411,-1.037824551275937,1.0954830417481627,-0.14670957662442602,-0.4155235284864557,-0.08022156963957167,0.6806035785986588,-0.6398458416995731,-0.5929958485821039,-0.5388067506080253,-1.0599629837845614,-0.22130578977816845,-0.21306977847930414,-0.3512652095795056,-0.2606938182407484,-0.23407070575153516,-0.3169565134593451,-0.5091737176821884,-0.3641937645380365,2.126946194426978,-0.9508461673936994,-0.3868697488669364,-0.554185099787752,-0.39261720069039946,-0.32143274598983756,-0.4230383926693196,0.0,0.0,2024-07-13,2.3013827240820017
0.2884615384615385,0.24444444444444446,0.1,0.0,0.0,0.0,0.0,0.0,0.0,0.0,0.0,0.0,0.0,0.0,0.0,0.0,0.0,0.0,0.0,0.0,0.0,0.40336093047042676,0.04347285190790168,0.8771400575072688,0.21223411412853965,0.7854010626144885,0.14861913711321328,0.37397597957880135,0.07596058561307915,0.34798152834419804,0.2013330903301218,0.766372202440212,0.7778974425464471,0.8155787805903464,0.9328348511665534,0.955839471564227,0.8026647729208889,0.8481528385863928,0.10611387342814171,0.02091234523050095,0.7039597806955802,0.43534448779358603,0.8155787805903464,0.7766328779207698,0.7764635785709426,0.5283622707107821,0.18889307565264268,0.5293256246740324,0.2069068632829419,0.4541430502228938,0.5511699713301804,0.44597660443988074,0.620588293779601,0.531986093740759,0.29605129910748196,0.2995632796127602,1.0048674345160435,-0.2512743132308365,-0.6458978514538424,-0.24001682022638626,0.04219288867936584,2.0909744535592028,0.1734170279385909,-0.6474183834052034,-0.4558247113846421,0.7949558791278062,-0.4108060434276693,-0.8435160095564516,0.09026231773431409,0.2009034890100034,0.10991844193068223,-0.49236581472361396,-0.6197413956887758,-0.6181906421179203,0.2640458072754685,-1.0588705221039145,-0.22012936394759805,-0.20362362456476432,-0.6426582909769277,-0.26060363103177686,-0.23538989039289487,-0.2965494737941699,-0.5129486505102181,-0.4089550082996655,2.1816234214871084,-0.9454547130048568,-0.38134473953354614,-0.7411468101768414,-0.3308190536323809,-0.3709405084876075,-0.43180756371553314,0.0,0.0,2024-07-14,2.6266900915231206
0.701923076923077,0.7000000000000001,0.1,0.0,0.3333333333333333,0.3333333333333333,0.0,0.0,0.0,0.0,0.0,0.0,0.0,0.0,0.0,0.0,0.0,0.0,0.0,0.0,0.0,0.46814594399252013,0.037161209857373895,0.6485374198833791,0.21500347979332488,0.8566511323887778,0.28825427275335785,0.46511642647037943,0.10874913195924021,0.35788215694273195,0.42441877360998553,0.7921965756360034,0.7932840499305824,0.8184940201752177,0.9313976616184598,0.9550153826440247,0.8199964494541299,0.8545046308703268,0.18073822619308405,0.048415547589324454,0.8656347692749145,0.5044890513443707,0.8184940201752177,0.7878839223853917,0.7694325156945789,0.5655869690256684,0.3354656878253701,0.4538697313137665,0.07841830907141169,0.4154453625369161,0.7599345581672734,0.48599738819158333,0.7586058464428544,0.6282797800683333,0.5040953269403725,0.4776715772823658,-0.3741100901552776,-0.9091254347179903,1.1536537906593176,1.1860961767779425,-0.37401724641329626,0.1132573343818869,-0.45721096234178804,0.08153600989469897,0.3097573139489837,-0.3586345783027707,0.3592752138846263,-0.48611085731240816,-0.05386352326452249,0.12314257452137907,-0.08241245033606688,-0.42165215672813655,-0.3980513296974471,-0.45267927758964516,-0.379679255199662,-0.1660489109194003,-0.1684041891985944,2.470837730563953,-0.5784240841455015,-0.24166636791481239,-0.18530780340855488,-0.2639488036958401,-0.3184267472681641,-0.339956562542739,0.5152443162595938,0.24410520970206337,-0.25775166258725857,0.12135445320243224,-0.23721751318005246,-0.22302923786602855,-0.2847720261727194,0.0,1.0,2024-07-15,6.715755212726138
0.6442307692307693,0.6111111111111112,0.1,0.0,0.3333333333333333,0.0,0.0,0.5,0.0,0.0,0.0,0.0,0.0,0.0,0.0,0.5,0.0,0.0,0.0,0.0,0.0,0.4794228132319296,0.052469461447488805,0.8622058374696802,0.24346544008172089,0.8606129314447901,0.31924829527440063,0.46438330551962415,0.12837344880498142,0.37915818373363974,0.4545530117554774,0.8202838720177901,0.8060196049775166,0.8225697968201849,0.929704600612647,0.9541422799249689,0.8353233250626468,0.8607127578927363,0.2428718493799228,0.08407717605801637,0.9624048327585243,0.4984493629344794,0.8225697968201849,0.8007333805474424,0.7628837794841443,0.5753769069292562,0.31967938931815476,0.40920448594213155,0.11155427894211484,0.38293414674805426,0.9134753871310031,0.5297191247737185,0.7125283090626933,0.590489441512462,0.46537285815046664,0.44188322415422066,0.07310144319128944,0.7063902328650797,-0.6093878557756375,-1.0051903015853736,-0.3468727249931789,-0.2210218768565847,0.044245691203146004,-0.5970254200034427,0.8179846973410341,0.4298083171274822,-0.40917776982239207,-1.1592534123043694,0.07492796570335515,0.03880576341899289,-0.061561034363285055,-0.6365252814371968,-0.5698658812217083,0.9995145806071876,-0.44296683403377324,-0.6476361685786887,0.08959582744076447,-0.19938824229559612,-0.5341955918168699,-0.05480603195986908,-0.2055537579101997,-0.2957531950309824,0.23601434275847033,-0.39187166781416183,0.9115292021786954,-0.7365766475658448,-0.2554291706491563,-0.41973190481740597,-0.36284296411357014,0.11621237258165533,1.3311297114758165,0.0,1.0,2024-07-16,0.3499237870556282
0.4903846153846154,0.4666666666666667,0.0,0.0,0.0,0.0,0.0,0.0,0.0,0.0,0.0,0.0,0.0,0.0,0.0,0.0,0.0,0.14285714285714285,0.0,0.0,0.0,0.6064296082543443,0.06541557155162775,0.7433055435079434,0.36146443593346,0.8435375372892977,0.23925382017618996,0.4682037056562235,0.14389868028366495,0.39173067031100095,0.31916792599622645,0.842817260959924,0.8215222641407731,0.8249605524960578,0.9280588086433836,0.952604503269724,0.845440670329126,0.8650523491134801,0.2823094356192079,0.12127619079619237,0.9806403312349827,0.4908864354787279,0.8249605524960578,0.8074587368060635,0.7599672374385582,0.5711965147073388,0.32695610662400065,0.37807423824816877,0.16017332146175392,0.3577666357007915,0.9632935994490374,0.49554941645228046,0.6820864478941968,0.5701090664354443,0.46581980933727796,0.4436273424030851,-0.4998561870664631,0.9392737581407516,-0.28748827796416315,-0.7677449675026955,-0.3884080771242491,-0.49574001339547263,-0.20620786161416518,-0.6614641227947403,1.0596575505109902,-0.24041660682911092,0.31235906531401997,-0.31480769801120034,0.16296631283773327,0.03970895076365989,-0.16265135777811626,-0.04438657388307566,-0.3004663771920217,-0.2244349947315486,1.3176859593658194,-0.4626933899286041,-0.12758792503403063,-0.18614637818699392,0.3314952072428092,-0.22364588516568049,1.371595101263289,-0.20407034694940315,-0.43942974114848365,-0.16728107533725414,0.3533130137816021,-0.5977258224440906,-0.27037348366908404,-0.35549416671390405,0.05541313492776168,-0.05324608764840745,-0.33115301604117425,0.0,1.0,2024-07-17,-1.502916014346345
