counts__tweet_count,counts__nlp_tweet_count,counts__tesla,counts__stock,counts__market,counts__price,counts__profit,counts__loss,counts__revenue,counts__inflation,counts__interest,counts__bitcoin,counts__dogecoin,counts__crypto,counts__ethereum,counts__spacex,counts__model,counts__cybertruck,counts__starship,counts__buy,counts__sell,counts__likeCount,counts__quoteCount,counts__retweetCount,counts__replyCount,counts__sp500_stockprice,counts__sp500_volume,counts__sp500_volatility,counts__sp500_volatility_std_10,counts__sp500_avg_volume_20,counts__sp500_volume_spike_20,counts__sp500_stockprice_sma_5,counts__sp500_stockprice_sma_10,counts__sp500_stockprice_sma_20,counts__sp500_stockprice_sma_50,counts__sp500_stockprice_sma_100,counts__sp500_stockprice_ema_12,counts__sp500_stockprice_ema_26,counts__sp500_stockprice_macd_line,counts__sp500_stockprice_macd_signal,counts__sp500_stockprice_macd_hist,counts__sp500_stockprice_rsi_14,counts__sp500_stockprice_bb_mean_20,counts__sp500_stockprice_bb_upper_20,counts__sp500_stockprice_bb_lower_20,counts__sp500_atr_14,counts__sp500_pdi_14,counts__sp500_mdi_14,counts__sp500_dx_14,counts__sp500_adx_14,counts__sp500_stoch_d_3,counts__sp500_obv,counts__sp500_stockprice_momentum_7,counts__sp500_stockprice_roc_7,counts__sp500_stockprice_momentum_21,counts__sp500_stockprice_roc_21,scores__neg,scores__neu,scores__pos,scores__polarized,scores__anger,scores__disgust,scores__fear,scores__joy,scores__neutral,scores__sadness,scores__surprise,scores__Extroversion,scores__Neuroticism,scores__Agreeableness,scores__Conscientiousness,scores__Openness,scores__arts_culture,scores__business_entrepreneurs,scores__celebrity_pop_culture,scores__diaries_daily_life,scores__family,scores__fashion_style,scores__film_tv_video,scores__fitness_&_health,scores__food_&_dining,scores__gaming,scores__learning_educational,scores__music,scores__news_social_concern,scores__other_hobbies,scores__relationships,scores__science_technology,scores__sports,scores__travel_adventure,scores__youth_student_life,binary__no_tweets,binary__is_trading_day,date,sp500_change_volatility
0.1610738255033557,0.1417910447761194,0.045454545454545456,0.0,0.0,0.0,0.0,0.0,0.0,0.0,0.0,0.0,0.0,0.0,0.0,0.07692307692307693,0.0,0.0,0.0,0.0,0.0,0.0809976472979057,0.1435792349726776,0.11114874610548375,0.11807544340515494,0.33270341020026883,0.26319558881118144,0.0,0.3165543565522663,0.08327538978321214,0.4368332310498765,0.35111218887030926,0.35398478853485926,0.2832648298691085,0.0016563177656205852,0.0,0.29718953491091415,0.22187297574326692,0.807505497502184,0.9465433477022465,0.2187773785655615,0.31087544835420167,0.2832648298691085,0.1755024912632095,0.38221494496629926,0.13477370488177176,0.3896413597446794,0.47486275618502327,0.07614234740600505,0.8596740195496364,0.05894339514512933,0.1536056548825382,0.3474466369073762,0.35603885128998713,0.6239784958511948,0.5851360324925623,-0.8749070509708056,-0.461031246686788,1.2142479211379744,0.605824140273793,-0.28034945925592913,-0.5496360001110354,-0.2716848682735228,-0.2852633813927472,1.025133705537068,-0.007918919952815563,-0.4415760890695599,-0.20581022879537994,1.5864078712855247,-0.9241672694444748,-0.6945188311269868,0.07159306998262498,-0.14260955487674207,-0.545457547481862,-0.3689181720070715,0.4716062920842984,0.025397210854576507,-0.12067933254713303,5.577639786229989,-0.1576882692126257,0.12006470309672301,0.13075417803014122,-0.2491206106205163,-0.32212247741243544,-1.6616169013181405,-0.5827474169685184,0.3375371973752544,0.8511770306474885,-0.3499108851926316,1.8128550155435836,-0.10308655255265213,0.0,0.0,2024-07-20,0.0
0.34899328859060397,0.3208955223880597,0.045454545454545456,0.0,0.0,0.0,0.0,0.0,0.0,0.0,0.16666666666666666,0.0,0.0,0.0,0.0,0.07692307692307693,0.0,0.0,0.0,0.0,0.0,0.12036414185826172,0.21335645229087852,0.18476844034749898,0.17523261102029278,0.33270341020026883,0.26319558881118144,0.0,0.3364469847705107,0.08895946907048224,0.43420440687581374,0.31366276238250634,0.34412870783622473,0.28539306854869917,0.009889047401966167,0.0055728416742582,0.2850052684403259,0.21785037796876594,0.7693817125350698,0.9137907699489493,0.1915393267665818,0.31087544835420167,0.28539306854869917,0.1699398246357191,0.38996268573399995,0.13477370488177176,0.3896413597446794,0.47486275618502327,0.07614234740600505,0.7711140181518061,0.02364450302458277,0.1536056548825382,0.3474466369073762,0.35603885128998713,0.6239784958511948,0.5851360324925623,-0.7911772603022459,-0.885460011839954,1.5026865634935898,0.5369100487230999,-0.4376036358393384,-0.3563530226222499,0.74769313819397,0.8961565844548771,-0.2494120585904976,-0.964320457570169,-0.4096487173501762,1.0501859269929334,-1.4841227144247775,2.3538253778232443,3.161084611867715,0.9004166674593284,2.4342331055289343,0.0049466349521869995,-0.4663518553497821,-0.22427994752851255,-0.15667043816026072,-0.15413481881347538,1.3777064307481046,-0.2413647091546017,-0.17986428613659625,-0.30924792496291914,0.7203257510215844,-0.346484095475039,0.10904213965033854,0.40954144164246226,-0.23479304472272175,-0.6271887809905087,-0.4731383112766386,-0.3701976810584879,-0.0433620487046481,0.0,0.0,2024-07-21,0.0
0.40268456375838924,0.3731343283582089,0.09090909090909091,0.0,0.0,0.0,0.0,0.0,0.0,0.0,0.16666666666666666,0.0,0.0,0.0,0.0,0.0,0.0,0.0,0.0,0.0,0.0,0.23641856370050368,0.5094052122740648,0.3030505232863705,0.30392765397804794,0.39472985269790506,0.21255128296104728,0.03910622432242816,0.36272608241142534,0.08990531692804171,0.36517519935867093,0.30815390220981165,0.33781656392478876,0.2893350490989546,0.020271793523210846,0.012013325399391483,0.2866483282744756,0.22056938783851443,0.7658966305222996,0.8867593410093172,0.24097009418020002,0.42982390681496585,0.2893350490989546,0.16717343124956408,0.3984800177442107,0.1542746348314783,0.3756156416341443,0.4571357128714445,0.07614234740600527,0.6888797311395354,0.1425176596562949,0.18587122527298572,0.4186533255607816,0.42749263312618135,0.6676218146670396,0.630364909640724,-1.2118352098868912,1.2865215065145479,0.019326943445868806,-0.6553523763622314,-0.5075996438286144,-0.8606316567848823,-0.4912639176660893,0.8762672286265986,0.05643048019884904,-1.5915742291692268,1.1759601465041314,0.24640703613013365,-1.1209190672349825,-0.3674319891354586,-0.5256978751697964,-0.032347304101601686,-0.23563353831482906,0.017221234753928553,5.198069803560192,-0.7664121140672389,-0.1599346881852281,11.166592932045948,0.24594732505813235,-0.27361054636691734,-0.06829416435812008,-0.35983094657949577,5.11469402700382,-0.3280564632742093,-2.0749054306394337,-0.7560444730647834,-0.3833271473747164,-0.667099011433297,-0.4858441278135778,-0.3486512741478457,3.2297990647208388,0.0,1.0,2024-07-22,5.175185157694262
0.15436241610738255,0.1417910447761194,0.13636363636363635,0.0,0.0,0.0,0.0,0.0,0.0,0.0,0.0,0.0,0.0,0.0,0.0,0.0,0.26666666666666666,0.0,0.047619047619047616,0.0,0.0,0.04490915370284394,0.06571038251366121,0.04158064718265373,0.06251920500497794,0.3856781274613015,0.228981542076339,0.040081036788849445,0.3706856024542727,0.1175245762557684,0.37582170391544323,0.31072834876468036,0.33043010007765705,0.29066707441462825,0.030127620208894257,0.018327191231703566,0.2862942943093767,0.2221466481077865,0.7580746728328216,0.8632727577244783,0.2715975864525103,0.39873314064689647,0.29066707441462825,0.16667095778120178,0.40102349930798553,0.1332614140456584,0.40984065637533473,0.40719793566401086,0.01483465681277051,0.6036431527559876,0.24404326081795094,0.1524104106982529,0.3456315331358254,0.35589162646593464,0.6261318598938682,0.586961746543713,-1.3761001904050147,1.3487035020949785,0.11884964353180892,-0.6164658832901916,-0.45876724627190607,-0.9340290467647944,0.5786741086702338,1.851462745983817,-1.208658240737388,0.5035649277634804,-0.6800478176805579,-0.11124194406111701,-1.5381371690443286,1.5454028621326217,-0.12538514368222456,-0.21146035222259607,-0.47660107611958236,1.1405895185648665,0.7922563358412513,-0.4513283399816144,-0.16966034769574767,-0.1684214461866449,-0.5378568419811471,6.121836851180101,-0.18184693880788996,-0.2897698910512335,-0.3869734023329511,7.202596476934462,-2.07881745534289,-0.21462976550427212,-0.28086729415485906,0.28533134659060594,-0.44568438793816134,-0.43047522827626367,-0.22879808258897968,0.0,1.0,2024-07-23,0.1226557167650854
0.1476510067114094,0.14925373134328357,0.045454545454545456,0.0,0.0,0.0,0.0,0.0,0.0,0.0,0.0,0.0,0.0,0.0,0.0,0.0,0.0,0.0,0.0,0.0,0.0,0.089708157925601,0.20480243799915931,0.16424174989175236,0.1812906377905333,0.2514040726646156,0.2875039094633982,0.2561641567467927,0.5792550891227175,0.1544567669318373,0.43685671031997997,0.2927493862634849,0.30710708378951157,0.28284790966284135,0.03504177699448974,0.023662278503814527,0.26011940604588624,0.2096579698092249,0.6914219917672286,0.8286217362211861,0.17513675894144304,0.23397372428556173,0.28284790966284135,0.18985914747432808,0.3704291611638748,0.2337699601009502,0.30046917016809693,0.8253317761502034,0.560655829010992,0.6035192608158018,0.23800721174103553,0.11469229751494758,0.2643830803261278,0.271769991036672,0.4735560045892768,0.4299567052625087,1.1602366519755385,1.0338235085952865,-1.9750666306028475,-0.46301470146776463,4.938744540848661,4.219719183540974,0.5309967473422533,-0.789058568952771,-2.512664754236975,-1.9728648446124666,-1.4261607748750658,3.991757024187605,-2.1732650374227327,1.1652359167584914,1.7930025231805302,3.63497134460635,-0.5971106515643997,0.588843378814065,-0.5741020368009317,-0.7570550567496048,-0.23624538647976698,-0.20373998282477665,-0.6031386810999547,-0.33846038484638213,-0.22341426430622904,-0.34159207878155384,-0.8419366944792144,-0.3903977611721319,1.0451966751847281,-0.9278260344332083,-0.47866540836704374,0.007805864064759229,-0.5394551063746935,-0.41624786529936963,-0.709431100295254,0.0,1.0,2024-07-24,27.15533729154633
0.2483221476510067,0.18656716417910446,0.045454545454545456,0.0,0.0,0.0,0.0,0.0,0.0,0.0,0.0,0.0,0.0,0.0,0.0,0.0,0.06666666666666667,0.0,0.0,0.0,0.0,0.0812407003950356,0.11989281210592687,0.11332894132949006,0.12255251416561166,0.22226532729409243,0.37247001868657803,0.26392485796354315,0.6534160641661722,0.1824587150898389,0.5328847921948855,0.2683265285691858,0.2783591632574831,0.2708961275964823,0.03667719044768525,0.02874179102492569,0.23235623320689847,0.19506729061759742,0.6260521285433,0.7853444443183464,0.10060571986961714,0.1206296431236894,0.2708961275964823,0.2130221133580239,0.3331697160535807,0.28549657109567006,0.23668369174010065,0.8029350594768198,0.6531454250221969,0.6167949247248623,0.11345596832129451,0.07079319551109009,0.29017464284858696,0.29578408857581706,0.4463671078993784,0.4020209106306095,1.9194189341024064,-0.8921388970285228,-1.0199404926799707,1.4693485986604595,1.1799118780049849,4.154192006708157,-0.3553487754521465,-0.6518791814897789,-0.9376986450870834,-0.3115268994329694,-0.3358780199254867,0.6562826757249045,-1.1869581025338432,1.2003682005426601,1.350644441382214,0.5019564963386822,-0.2416500716547139,-0.7210957578851975,-0.5064815858435975,2.075815700831388,-0.10760709872954101,-0.18500684409329038,-0.7198793990062645,-0.26924492839097436,0.001852956071849184,-0.30418300745400545,0.9359250227260867,-0.2523949374448689,-1.9285940965257233,0.2917380887323316,-0.01663344486156582,-0.08446393643476198,7.084193282226116,0.01846463573040224,0.629977429710373,0.0,1.0,2024-07-25,0.7670094751735634
0.18120805369127516,0.16417910447761194,0.0,0.0,0.0,0.0,0.0,0.0,0.0,0.0,0.0,0.0,0.0,0.0,0.0,0.0,0.0,0.0,0.0,0.0,0.0,0.1292380931276561,0.44758301807482137,0.2511881838160868,0.22686488280337763,0.2847821820285841,0.2471897857219826,0.2798138225599307,0.6490560342854205,0.1905242481471483,0.3701944263194721,0.2577289764804984,0.2525727620931315,0.26320506157807255,0.04051833576792774,0.03512225319093076,0.22091164653231665,0.18805198655292799,0.6030712322881528,0.7452537033584593,0.12813754322238635,0.27447926722312044,0.26320506157807255,0.21629501260424533,0.31819611628822564,0.31985846060029965,0.18862486136549997,0.6888137978327368,0.6531454250221969,0.6291223269261328,0.08046055103739802,0.1055785964584901,0.45285042363068667,0.45984952069932694,0.4753098047274118,0.4323449963394515,0.1562534405883671,-5.637506175524151,4.7228476419394845,5.598885420606085,2.0033972159896014,1.7157115915633205,-0.8190523219398812,6.774622140879644,-5.190554955755458,-2.984308059145117,-1.6548737626710508,3.1016617654436653,0.3654829290417612,-2.721592281092117,-1.7653475991207552,2.238105048850898,9.726833264560604,-0.8403319616476053,-0.41220012261968836,0.5699953329786076,0.13760880412169274,-0.09302168872270006,-0.24298520658178432,0.46597464153375134,-0.08081447965304048,-0.21370041960102176,-0.03151881264135267,-0.3000025082544202,-1.489501877015119,-0.08291665978630137,-0.035396808696547405,-0.7421387717662984,3.0680930086474625,3.1282863508524246,0.20038698897333043,0.0,1.0,2024-07-26,1.5583930144090763
0.3087248322147651,0.2835820895522388,0.045454545454545456,0.0,0.0,0.0,0.0,0.0,0.0,0.0,0.0,0.0,0.0,0.0,0.0,0.0,0.0,0.0,0.047619047619047616,0.0,0.0,0.16076613881753074,0.4140710382513661,0.2602680025584269,0.2579708452660431,0.2847821820285841,0.2471897857219826,0.2798138225599307,0.6855853789172527,0.1985897812044577,0.36706953600862824,0.23341457112398967,0.2365668713638609,0.25551399555966103,0.04457552176757318,0.04166467444579425,0.21122776549997724,0.18155633464119525,0.5858437588846692,0.7090813811291048,0.16199270958958334,0.2157704706004414,0.25551399555966103,0.2177646059443461,0.30461819381249633,0.31985846060029965,0.18862486136549997,0.6888137978327368,0.6531454250221969,0.6405692003987411,0.15502678399207306,0.1055785964584901,0.45285042363068667,0.45984952069932694,0.4753098047274118,0.4323449963394515,1.0792719272028597,-1.0455315567264816,-0.1037952576553468,0.3070026352950281,0.3562795427012588,-0.6390020376114168,2.9577731460226993,0.28442842698548526,-1.8427076209307698,0.83746594039816,-0.9889333266270474,1.6203425337867448,-0.7467001284215949,-1.6279786129266198,0.6428902322143258,1.9406484501154235,1.3919240134303508,-0.5854654761683744,-0.00974856546464469,-0.2169296766454704,0.15301384263223977,-0.06949058962062991,0.09572227483758326,-0.14161231145822992,0.030321873147031643,-0.21862344516571683,0.5643129861608167,-0.25838889195773507,0.29787937017744903,0.5660481742004445,-0.020209126164109695,-0.4306837500864742,-0.2886649947906363,-0.018008918887201183,-0.03787040184066552,0.0,0.0,2024-07-27,0.0
0.16778523489932887,0.14925373134328357,0.045454545454545456,0.0,0.0,0.0,0.0,0.0,0.0,0.0,0.0,0.0,0.0,0.0,0.0,0.23076923076923078,0.0,0.05555555555555555,0.0,0.0,0.0,0.027728158866033262,0.03726355611601513,0.025324587713341024,0.05633365700168389,0.2847821820285841,0.2471897857219826,0.2798138225599307,0.7065820981423936,0.20806498934640305,0.3634394221601285,0.21110191182757188,0.22597354193710917,0.247420184621995,0.04863270776721684,0.04884807917283762,0.203033712318768,0.1755418421303343,0.5733202774407924,0.6771632322354381,0.19874879819041197,0.2157704706004414,0.247420184621995,0.21695487031120742,0.29215291731643767,0.31985846060029965,0.18862486136549997,0.6888137978327368,0.6531454250221969,0.6511984400518773,0.22923505465786173,0.1055785964584901,0.45285042363068667,0.45984952069932694,0.4753098047274118,0.4323449963394515,-0.560648006554267,-0.4146899397968436,0.8810921316904554,0.9223083901622667,-0.23686938641948213,-0.36165264362197713,0.7743071445078168,1.2495174375982883,-0.3042277291210824,-2.0261305144274813,-0.3920219175782327,2.239635817111828,1.2334206092850608,-1.4668997454850043,-0.6992522293349186,2.3635279051261233,-0.03963325467983531,0.8445481491110947,4.4908610934686015,-0.24968223151425764,-0.09826764959671738,-0.10671287152109692,0.3837462286939262,-0.25505715693569836,-0.07798289746277041,0.6992359600742399,-0.1512537934333791,-0.18532582639529344,-2.4640501828842534,1.590921258412834,-0.2672952442331557,2.2327127660682495,1.381420962231356,0.008144041375820676,-0.08515337850039922,0.0,0.0,2024-07-28,0.0
0.5167785234899328,0.48507462686567165,0.13636363636363635,0.0,0.0,0.0,0.0,0.0,0.0,0.0,0.16666666666666666,0.0,0.0,0.0,0.0,0.0,0.13333333333333333,0.0,0.0,0.0,0.0,0.39003012085635547,0.6556221101303068,0.669774940851902,0.5428548163079684,0.2894176482133348,0.21318073942079493,0.2784644302639723,0.6834700268205693,0.211140092761263,0.3197514031281825,0.2195084335784676,0.2208360951168844,0.23934843571191156,0.05285057247599312,0.05609632600955461,0.1969935615728886,0.17045442451688153,0.5666802856451583,0.650048552794568,0.2402508092432426,0.22417907177747498,0.23934843571191156,0.21365872018897925,0.2816476992603789,0.2942360068393306,0.199364294458679,0.7143158261672325,0.6531454250221966,0.6610684483012184,0.23473740967493675,0.13788995761629508,0.36295048192482454,0.3700205944082018,0.47412110211140984,0.43124078231381635,0.7180077533277837,0.14108199508768915,-0.7915841069695646,-0.8063823277708759,-0.4577024675441314,-0.4164910892878312,-0.23522508594882383,-0.6780575280149205,-0.36884421577415394,-0.1960590625822692,2.7958148011130137,0.29306715918594617,0.3701031404252218,-0.2581588431534483,-0.16091298192227557,0.11169530979516386,-0.49838226913956973,-0.7943514131579299,-0.5816204750150408,-0.8664112627943243,-0.23238263932758313,-0.19861156437562275,-0.7626839503037325,0.6875246082766431,-0.22394814199086766,-0.38585344705932223,-0.3235629055493695,-0.3995160835434157,1.3172592821804212,-0.6394100654232452,-0.5069009812372065,0.00947883243962871,-0.41748256272391515,-0.4649847701791314,-0.3083778019548045,0.0,1.0,2024-07-29,-0.1303178185360853
0.36241610738255037,0.3283582089552239,0.09090909090909091,0.0,0.0,0.0,0.0,0.0,0.3333333333333333,0.0,0.5,0.0,0.0,0.0,0.0,0.0,0.06666666666666667,0.0,0.0,0.0,0.0,0.19179208015509566,0.31121269440941574,0.3703943940417782,0.2177064000294989,0.2611241247645433,0.2654519076867278,0.2866663783561507,0.6254480955081129,0.22037564986523295,0.3814867300599659,0.22810187214438837,0.21234058168531345,0.22529756463704942,0.05558829523900677,0.06294879566281608,0.186430353063745,0.1628045706362773,0.5501252299708566,0.6244170992278619,0.25306589159742776,0.170019897211466,0.22529756463704942,0.19889492338852577,0.27034651705910306,0.3263865146040954,0.14927196284051045,0.7925684434462944,0.81339193950146,0.693434054986025,0.21814219748282454,0.10177605083597285,0.33280921845927797,0.3393222777327398,0.4436976404800094,0.4002860457854144,-0.8469977834747082,0.2348001979370247,0.5872887178782525,-0.7744417283728254,-0.45165579751848717,-0.5951427080879367,-0.36043228115406994,-0.6762798186357624,1.497401580814171,-0.817455880339958,0.19061717029620495,-0.49349734504112436,0.7896580306797069,0.2382145585964245,-0.904221352254406,-1.5169025518233195,0.23065176414703414,-0.6791373060923417,0.07421675563984842,0.22734961543809226,0.05080802064952127,-0.13999960089979072,0.14388170958006424,-0.028014622768114714,-0.08902798570543433,-0.2545183669886757,1.2427188109614122,-0.2829339887030481,0.15617762545442393,0.3004678834694608,0.07500940609548525,-0.5468679742901816,0.3954995766224472,-0.37562718959020736,0.4758236006804825,0.0,1.0,2024-07-30,0.7931383030182815
0.18120805369127516,0.11194029850746268,0.045454545454545456,0.0,0.0,0.0,0.0,0.0,0.0,0.0,0.0,0.0,0.0,0.5,0.0,0.0,0.0,0.0,0.0,0.0,0.0,0.08682167944987956,0.17101723413198824,0.1597249860421215,0.15127705601101293,0.35076505838301664,0.36652894842662165,0.3441358796777092,0.5426420958970537,0.23137450326257913,0.5020031816204308,0.24269367197519376,0.21448426017831324,0.22086889923267972,0.06090740902197567,0.0704217971033847,0.19476653592731186,0.16503375055633818,0.578281296751556,0.6106124114700443,0.35524923431316924,0.2636767360647706,0.22086889923267972,0.19115158238438923,0.26917601764036725,0.3885911850981405,0.293021007729379,0.6556809463075702,0.4289418129535674,0.6678268826161133,0.3370466592953188,0.1452429606493837,0.6835602545776869,0.6972598862270649,0.47188021454678986,0.43015611508861784,-0.8194970383137639,0.8977502133466333,-0.010892517278224304,-0.8829593589441557,-0.10343892953889222,-0.767825410644479,-0.39973531840844523,-0.5915544886117258,-0.8676499519515418,-0.9303999284108981,3.9933795799924914,-0.012704370185426687,-1.6016014160426764,0.9861314084122418,0.28401389079684664,-0.9346655780655209,-0.6099947441157126,-0.08425752994201438,-0.6003379444961175,-0.8529048024153808,-0.2254462405220249,-0.20080282476507788,-0.7917493149470454,-0.35317790608171856,0.1309673885743961,-0.41693887178885214,-0.8536810292967898,-0.40937426972204277,1.2618944970307007,-0.8944608667590229,-0.4911788192535632,-0.1406959126128786,-0.24740395329238105,-0.4030813967275506,-0.7169845599803252,0.0,1.0,2024-07-31,5.51363951602537
0.24161073825503357,0.208955223880597,0.13636363636363635,0.0,0.0,0.0,0.0,0.3333333333333333,0.0,0.0,0.0,0.0,0.0,0.0,0.0,0.07692307692307693,0.0,0.0,0.0,0.0,0.0,0.35202963118300434,0.5183690626313577,0.6098760246832875,0.37226674369153995,0.2718153154416134,0.3871222932715178,0.39874424164391375,0.4687938214560834,0.2523563071406181,0.5175245922382935,0.23982611099386553,0.19989593206299805,0.2088672952016717,0.0618356806537772,0.07591490715680216,0.18660619577943205,0.15889608595027305,0.5663955666014067,0.5967401398128445,0.35466530893033593,0.2516589036759628,0.2088672952016717,0.1757602990852103,0.26167523085700584,0.4945295403169703,0.2125671615216795,0.7772580026934436,0.6778928568545274,0.6800920949291913,0.34611439435244573,0.10027795664962191,0.6055339503461714,0.6170109840035305,0.4463086003276424,0.4031349723698391,-0.1645728229309342,0.5447252908428191,-0.316918839176562,-0.883107888838517,-0.4665893009943301,-0.1973065413618016,-0.10012932248732198,-0.6522590214928543,0.7285563240665759,0.9335939487219623,-0.16070661156791624,-1.2403130617600506,0.273847348876718,-0.032174198855226356,-0.23684382067842638,-1.129726409076281,-0.6147519646594862,-0.6904048966004949,-0.5854334041513158,-0.8426576199084949,-0.20042495293872709,-0.20304185137201852,-0.7879663826028344,-0.15696066909716674,-0.21307444631965405,-0.419204579667313,-0.008101273066957506,-0.40152981962658907,0.007894226530521365,-0.9537052484679432,-0.47870417640519514,-0.6356604002569707,6.041237801363735,-0.1503631386549433,2.1653877301440705,0.0,1.0,2024-08-01,4.9653685112950985
0.12751677852348994,0.11194029850746268,0.045454545454545456,0.0,0.0,0.0,0.0,0.0,0.0,0.0,0.0,0.0,0.0,0.0,0.0,0.0,0.13333333333333333,0.0,0.0,0.0,0.0,0.03751362680945383,0.038724253888188315,0.06197128713374329,0.04859327179537605,0.16728613922711677,0.4466289255611887,0.48809975982512355,0.3749824659209047,0.2828076729319591,0.5747680712303956,0.21384241897866296,0.17397569469129426,0.18974170611947816,0.05868068448953245,0.07993006208348508,0.1595579670554219,0.14235401521613866,0.5119319051774516,0.5726812647574703,0.2666529813874417,0.2051257531862276,0.18974170611947816,0.17212898199418092,0.2335495079709995,0.5797641936623164,0.15345609204987923,0.9602434169484314,0.9125914748482109,0.7254610457037578,0.3325439960420054,0.05098405219420954,0.3438651409041181,0.34719697747612716,0.3187597155866074,0.2746609911163293,0.05641466824247543,0.31971938100066644,-0.32873489398839595,-0.6115627738224231,-0.3483672626635002,0.34787674104787464,-0.19813104529818185,-0.4804186134475999,0.7777096194463763,0.3048377478645574,-0.40893177054635255,-0.6701477616417473,-0.1345435063740491,0.30948930381588313,0.3437068242939668,-0.6674580232228328,-0.2172059418250531,0.037989277172120056,-0.5171297469336624,-0.752914303306742,-0.201126751393706,0.03842344051993097,-0.6476193676402047,-0.15697362717057273,0.26214393916113926,-0.3719543302977824,-0.08786686264328324,-0.3871400776891639,0.9712372446645232,-0.06875634348360457,-0.4614391902763709,-0.20234389942482012,-0.3978208147555658,-0.4205857123412273,-0.5234996006570415,0.0,1.0,2024-08-02,7.740476188439116
0.14093959731543623,0.12686567164179102,0.13636363636363635,0.0,0.0,0.0,0.0,0.0,0.0,0.0,0.0,0.0,0.0,0.0,0.0,0.07692307692307693,0.06666666666666667,0.0,0.0,0.0,0.0,0.02844623835201677,0.036706599411517445,0.029877481157569632,0.05471890018313893,0.16728613922711677,0.4466289255611887,0.48809975982512355,0.45157984481594576,0.31325903872329985,0.5600640862694901,0.18683361562507272,0.16399200976060424,0.17061611703728463,0.05560313853777288,0.08428418158086881,0.1366710042889503,0.1270372830549018,0.4710770724777327,0.5437116849659337,0.22422445670540408,0.24213557914788258,0.17061611703728463,0.16089806397580197,0.21130553281760722,0.5797641936623164,0.15345609204987923,0.9602434169484314,0.9125914748482109,0.7675893571372838,0.18347392372695873,0.05098405219420954,0.3438651409041181,0.34719697747612716,0.3187597155866074,0.2746609911163293,-1.0369252061004322,-0.9050964460719138,1.7488741282469933,1.463558459356243,-0.1470033183788268,-0.23856369774964287,-0.30353728330886065,-0.46933380934363544,0.9510671972879448,-1.6735097514661035,0.8058707662786819,0.6009640322749346,-4.845022308264378,4.289865163592331,4.58928345969427,-0.039849135400196134,0.10306911762004017,1.691687391535804,-0.21649397854577165,-0.047984895082749925,-0.03574569955782676,-0.11637115707238188,2.6412674047027807,-0.19041017463195548,0.00043263863914763374,-0.1442560627915056,0.47481633695054754,2.1442025744683613,-3.447447279239811,0.45292954452059364,-0.19610478217389643,1.9460887045621897,-0.3575142590528829,9.858280106025102,0.09059142286009393,0.0,0.0,2024-08-03,0.0
0.05369127516778524,0.04477611940298507,0.0,0.0,0.0,0.0,0.0,0.0,0.0,0.0,0.0,0.0,0.0,0.0,0.0,0.0,0.0,0.0,0.0,0.0,0.0,0.039936320845221605,0.08257671290458175,0.029086017225913276,0.06338880763037895,0.16728613922711677,0.4466289255611887,0.48809975982512355,0.4895063471175222,0.3453793878777145,0.5451216449266211,0.1660817906495593,0.15746670809215857,0.15036129957641542,0.05252559258601153,0.08788559635540771,0.11730511271732169,0.11285512364634975,0.44135000966395194,0.5134616862975548,0.21316162828499574,0.24213557914788258,0.15036129957641542,0.13741478067795398,0.1967177749297795,0.5797641936623164,0.15345609204987923,0.9602434169484314,0.9125914748482109,0.8067085034684152,0.13873822315020415,0.05098405219420954,0.3438651409041181,0.34719697747612716,0.3187597155866074,0.2746609911163293,1.3681115147265481,-1.0454187851758938,-0.3733171009460298,0.7491691987745904,-0.10550027300560075,0.5378507881053923,0.8431680479418,0.03675290866763157,-0.20202027855046814,-0.07740064307643066,-0.7215758132077954,0.007916048972373777,0.4471733170445664,0.1367509634756819,0.28313763983957557,0.32201377280904186,1.0433907834089533,-0.18772036616700596,-0.196163605403491,2.7565429505381536,0.3920008972305982,-0.07356972463889742,-0.11461080903278027,-0.17664467589727048,0.18938864893748647,-0.04352231094949786,-0.07048155844761335,1.4139601050574369,-2.1666567579378384,1.9038953428551326,0.6967434155109005,-0.634920893012614,1.2908075932309766,3.2373459734635226,0.3361080214328603,0.0,0.0,2024-08-04,0.0
0.05369127516778524,0.0373134328358209,0.0,0.0,0.0,0.0,0.0,0.0,0.0,0.0,0.0,0.0,0.0,0.0,0.0,0.0,0.0,0.0,0.0,0.0,0.0,0.007210250927866144,0.03781000420344683,0.011969057260326713,0.014188657677700072,0.0,0.46986230804206186,0.6983294713521331,0.718611646876803,0.37238697243573915,0.559336419292949,0.0885117633583512,0.12366683376024401,0.11614528362838428,0.043649423618804306,0.08914696899505348,0.06868166461720016,0.08234491881021899,0.34650745890652485,0.4666914131019626,0.07042633606303272,0.12964425824660736,0.11614528362838428,0.13406616624098255,0.14396404731942347,0.7827845454495677,0.10097073585799973,0.7873726423369919,0.9125914748482112,0.8430334250616083,0.13415265349060468,0.0,0.07455900085444839,0.07079707001063862,0.14720742884432797,0.10209228600660858,4.015747603526737,-1.0400069791541837,-2.8476578747151864,-0.44527700199995346,0.15029850141932888,-0.9463554071117292,12.72393112498362,-0.7856678982636964,-4.620260422044154,-3.5876271300652522,-1.5244822783330654,1.532243295577474,0.593430552704946,1.3803619680953136,-1.6495672578381615,2.7024216047608363,-0.404724080659511,-0.2533842332738506,-0.4300189370624948,-0.1435247254606234,-0.16880367829463952,-0.18871667880373302,-0.6907593732599004,-0.29668630403345736,-0.10875625257778024,-0.32496453135492265,-0.7935655919879054,-0.20430256768368718,0.9968156354003027,-0.5257628587566193,-0.26895368933038827,-0.6801999792356498,-0.07830715722302234,-0.4200538441459777,-0.6052183271915629,0.0,1.0,2024-08-05,16.902911009065534
0.22818791946308722,0.2164179104477612,0.045454545454545456,0.0,0.16666666666666666,0.3333333333333333,0.0,0.0,0.3333333333333333,0.0,0.0,0.0,0.0,0.0,0.0,0.0,0.06666666666666667,0.1111111111111111,0.0,0.0,0.0,0.2668138208952159,0.512358133669609,0.4976038739957807,0.4004596909991519,0.05606451826683667,0.3853574497946053,0.729481960684756,0.8593628076927338,0.38166644465138,0.45977756318797913,0.040799498909613874,0.09652107542111832,0.0913664650093109,0.03521005405893973,0.09119258673487884,0.038342676409509835,0.05991901012056644,0.30076023409639174,0.41838844168621464,0.05718381227920527,0.13386412187312646,0.0913664650093109,0.1251365389199428,0.11079471346839576,0.8253484635453063,0.22950790815650954,0.6632489868699482,0.5510432620912662,0.8244185140001017,0.17320530828446548,0.044836617777295196,0.20670143020275183,0.2048513610943904,0.16446954086301996,0.1222010566288309,1.2285582376522781,-0.274739220442429,-0.90870963962505,0.5374029472146102,0.62563208160749,2.157147326967591,-0.04718504767257538,-0.6903830054127239,-0.39982283281733705,0.43583918457148946,-0.3472893173179255,-0.4355706060802878,-0.007518459796088695,-0.7737352611694435,-0.7283348650631685,-0.3387167892949234,-0.49908372786736654,1.5860207079591633,-0.4035300801407114,-0.5695190149656081,-0.20987479553323354,-0.17915387490438356,-0.3690855478548134,-0.3160101619729675,-0.18873938671129542,-0.07795723769883309,-0.6717733590423827,-0.34549607784789155,-0.3267047440870552,-0.7305529393585396,-0.4467692658351232,-0.3032737030355695,3.7099349992413724,-0.24552415295480817,-0.5384070687443472,0.0,1.0,2024-08-06,2.1425691179355555
0.05369127516778524,0.02238805970149254,0.0,0.0,0.0,0.1111111111111111,0.0,0.0,0.0,0.0,0.0,0.0,0.0,0.0,0.0,0.07692307692307693,0.0,0.0,0.0,0.0,0.0,0.06333005983635398,0.20803909205548549,0.11946250453736901,0.1543329564031023,0.013749894857044254,0.36802045799199445,0.7317267221836592,0.9154652505866889,0.3931837054860221,0.43579149554497965,0.006845687429990477,0.06435313155246014,0.06681181048780793,0.02480453054233145,0.09240956181873017,0.0045169729498253375,0.0347584112416639,0.25037925478048817,0.3677565881887255,0.03706225413316755,0.11129492887459974,0.06681181048780793,0.12775549335324854,0.06904989112459514,0.8756402202348714,0.22194653484898033,0.5649093869174245,0.4712033957480257,0.7955739694567747,0.18093212895963368,0.0012612058324625863,0.0,0.0,0.20187823575411978,0.15438450455314218,-0.1746015331655251,0.600720635020746,-0.355922295502052,-0.8966128671046362,-0.4868945085544237,-0.10099439112768221,-0.09087640378549458,-0.6739048211699327,0.7615193417453708,0.8804080801573215,-0.18826249220441837,-1.2162099429819666,0.15969625860883854,0.01043297030548924,-0.2636561321052683,-1.1080559298881933,-0.1915702532791281,-0.8162924227608725,-0.45996140061281054,-0.8693881576627276,-0.23314613534882073,-0.19974818063137162,-0.6483919290083495,-0.36141849948069815,-0.23062300509893677,-0.4168159560431021,-0.8718899772373969,0.878568795764593,1.0055880548374134,-0.7468560688627673,-0.48397037438093293,-0.002247361846377872,-0.49649725102949055,-0.49164604378718124,-0.715316026369473,0.0,1.0,2024-08-07,0.1511490815983451
0.08724832214765102,0.07462686567164178,0.0,0.0,0.0,0.0,0.0,0.0,0.0,0.0,0.0,0.0,0.0,0.0,0.0,0.0,0.0,0.0,0.0,0.0,0.0,0.08715493837736521,0.16885245901639345,0.16748551005672913,0.16247741491414594,0.13883611208111724,0.2968708523550082,0.855062007649839,1.0,0.3985426038273485,0.35425088042968844,0.0005540990023282788,0.046481096997065485,0.0535991574876471,0.018734858289080947,0.0965516270089033,0.0,0.024456183364771178,0.27116543653607833,0.3321977229090702,0.1672929821024084,0.3400569638830795,0.0535991574876471,0.11444045614823928,0.057983276644797854,0.914556725188906,0.17936174911717082,0.4828023426478447,0.47120339574802583,0.7687897495236853,0.28584678715221346,0.039660731520413606,0.31961158536098444,0.32178228915008994,0.3611463107884157,0.31476689293383536,-0.6387219023132489,1.3291844897504475,-0.5521067988788833,-0.8500942874032148,-0.5119367258455292,-0.45186163342147484,-0.2509628848315564,0.11599634920440452,0.2626246475865771,0.21471862692351132,0.30053716309169887,-0.5321597595529093,-0.30661958166272335,-0.17666633496813433,-0.45318404494156084,-0.6051970115824196,-0.23655035088183915,-0.3509895018035569,1.174290325509115,0.04597834973135985,-0.0754769389175053,-0.14621987667185338,-0.4866509543205587,-0.25584218459367564,0.015573071952711359,-0.3485284318861839,-0.49236168277327175,-0.2662610392608196,0.17974768970897387,-0.5238324897204695,-0.09712990995817031,0.2184948953700992,-0.23639358906621652,-0.40250612187154955,-0.10931317490016187,0.0,1.0,2024-08-08,8.292141693763222
0.2751677852348994,0.2761194029850746,0.0,0.0,0.16666666666666666,0.2222222222222222,0.0,0.0,0.0,0.2857142857142857,0.0,0.0,0.0,0.0,0.0,0.0,0.0,0.0,0.0,0.0,0.0,0.12105676481572664,0.23672761664564942,0.18595337814532115,0.22708458806032522,0.164780550719688,0.23110907862817912,0.8608024902356519,0.9894548922435928,0.393436531057499,0.28227001129425733,0.0,0.035046390400579774,0.042154697825615095,0.014066075368544873,0.10130926081599423,0.0011775766132346988,0.017612330044684654,0.30351425291116096,0.31144888059290216,0.29525168835908344,0.37948567729687355,0.042154697825615095,0.09807060457643857,0.05214105475694453,0.8669448534872433,0.22723169506232097,0.4483092385943962,0.32996307366664845,0.7234698185554407,0.36633008404177747,0.07327631697688375,0.523991631197745,0.5322365123312562,0.4239220812332445,0.37802289725850513,-0.18690927352274142,-0.27512271987685916,0.41194393202876994,-0.08357407558864197,2.7620095328766205,-0.3091836691234611,1.2400737398782347,0.2315126512640438,-1.7637578029364018,-1.3871227345612887,-0.5780829315115025,1.6933546456976685,3.234822181784079,-3.5675465779986193,-2.761584039987045,2.4380282233679047,-0.10450462826190345,-0.6254472608766635,-0.5185615963244358,-0.16160152782941106,-0.2033712007925094,-0.1797625334230237,-0.06127797954721433,-0.33361019252162477,-0.2066776647988448,0.1254083411343677,-0.644191401695942,-0.3776933843063914,0.6304648434182583,-0.23404426713739693,-0.3750958963799947,-0.5564852481032158,0.7402635228246147,-0.002591607438291464,-0.5989298810107984,0.0,1.0,2024-08-09,0.356394367856705
0.6241610738255033,0.49999999999999994,0.0,0.0,0.0,0.2222222222222222,0.0,0.0,0.0,0.0,0.0,0.0,0.0,0.0,0.0,0.0,0.0,0.0,0.0,0.1,0.0,0.25514943414623076,0.48404791929382096,0.47963165878307623,0.3974821470273725,0.164780550719688,0.23110907862817912,0.8608024902356519,0.9362020290331371,0.38833045828764945,0.28377812746457687,0.03644043644287187,0.012972491879524206,0.030710238163583092,0.009706704544878875,0.10539787209061302,0.002173987593665494,0.011275428822383304,0.33305002421087654,0.3018786187385662,0.39183470495592976,0.31509329628070726,0.030710238163583092,0.0797503141945981,0.04780838437820556,0.8669448534872433,0.22723169506232097,0.4483092385943962,0.32996307366664845,0.6813870255134993,0.47813921505003393,0.07327631697688375,0.523991631197745,0.5322365123312562,0.4239220812332445,0.37802289725850513,1.8587689547834014,-0.2209269361542509,-1.5430314696270404,1.1132144421895176,-0.4103659255791863,-0.2603008147268972,2.32325570506221,-0.6856859517123249,0.15505804562010553,-1.1187391492601666,-0.33640781991507757,1.1722122377717243,0.041106455964030945,-1.279494977183271,-1.4256610138636532,1.416260189844978,-0.40041554468129636,-0.884187351120059,-0.3669680492459807,-0.46814749990488674,-0.20905107778626592,-0.11537057418969679,-0.43094583653451174,-0.3394496874850645,-0.2086824458105834,-0.16439631585882314,-0.7218629705884019,-0.3878052472490118,1.266334655173757,-0.12689756229789217,-0.4149782586064316,-0.6755241039937564,-0.3875453842991809,-0.46555343224038953,-0.6069223864254911,0.0,0.0,2024-08-10,0.0
0.2080536912751678,0.15671641791044774,0.0,0.0,0.0,0.0,0.0,0.0,0.0,0.0,0.0,0.0,0.0,0.0,0.0,0.0,0.0,0.0,0.0,0.0,0.0,0.09057692276510868,0.11433375367801597,0.11466178465519666,0.0922147519020637,0.164780550719688,0.23110907862817912,0.8608024902356519,0.8499051853631537,0.39128364498772794,0.28290481275829327,0.06048247085540659,0.00026888250699652616,0.015038485556807757,0.005347333721212877,0.108557800023382,0.0030171045771059113,0.005407927690622039,0.36004525282989086,0.3006466324418493,0.4638774664962104,0.31509329628070726,0.015038485556807757,0.04113699316260089,0.05234383314115654,0.8669448534872433,0.22723169506232097,0.4483092385943962,0.32996307366664845,0.6423101462602678,0.4973460782004783,0.07327631697688375,0.523991631197745,0.5322365123312562,0.4239220812332445,0.37802289725850513,2.338207809554077,-1.1053614274351917,-1.226438271236312,2.065370112137189,1.7104149748828854,1.218945091493957,-0.6100989925971388,1.2350398310949384,-0.973095431393121,-2.0701069068780096,-0.7244201013099839,2.051227431695726,-1.3850843637297043,1.3770674656956585,2.6906308663835405,1.9349661703081007,-0.3668227135579806,-0.7813463643709464,-0.5321023936465575,1.2496928877059479,-0.057548792133944884,7.3034087141939565,-0.6943010400591049,-0.24462586094117286,-0.1730362556201609,-0.1318970388798074,-0.6552573680524212,-0.3586027572227037,-0.3476146943373335,-0.7593777405543312,-0.016962730522377668,-0.7565517865212606,-0.41561220999086645,0.08799027424383248,-0.23063852651386818,0.0,0.0,2024-08-11,0.0
0.2751677852348994,0.26119402985074625,0.0,0.0,0.0,0.0,0.0,0.0,0.0,0.0,0.0,0.0,0.0,0.0,0.0,0.0,0.0,0.0,0.0,0.0,0.0,0.1456859831813959,0.28558217738545605,0.22553560712678836,0.23513532614707655,0.1650206589978156,0.21057749673444823,0.8586872679512709,0.7769497800411183,0.3883549252784375,0.2606961939590298,0.09393528213841851,0.0,0.0,0.0009962857472132214,0.11172108665335401,0.003776781391473527,0.0,0.38484885087662485,0.3055637105733868,0.5170054279361231,0.3153743299155104,0.0,0.0,0.05985681802775833,0.8013075545615693,0.247194480862047,0.4812964214734782,0.32996307366664834,0.6060244726679815,0.49752383216553925,0.10539830128680627,0.7864126745829574,0.8159964186972875,0.3662702421928067,0.3208077639949738,-1.7725143271738266,1.9995559280629027,-0.0734643048951823,-0.5834068486847256,-0.33272052502315463,-0.17474947710270308,-0.3748254262476804,0.3613323560554781,0.6063844902150565,-1.2871924793646379,0.1183235669040061,1.3452100676977223,-0.8930241373974774,-1.1112101468415836,-0.8880125921331011,1.2619986361408735,1.939262032436599,-0.7659902779675863,-0.08379495566251645,2.2496278952559576,0.006712372315771738,-0.16820681225096165,3.297550406069345,-0.2600214621661418,-0.11378830005201877,-0.18883454202298108,0.31305030502881387,-0.2460389414993324,-1.5262184332672946,1.8370264656445265,1.3881094110559844,-0.5026944188461667,-0.4408808755957827,-0.36265262162294354,0.06097963739017679,0.0,1.0,2024-08-12,-0.1308559251184782
0.5637583892617449,0.5447761194029851,0.2272727272727273,0.0,0.0,0.0,0.0,0.0,0.0,0.14285714285714285,0.0,0.0,0.0,0.0,0.0,0.0,0.6,0.05555555555555555,0.0,0.0,0.0,0.3322250465216708,0.5556431273644389,0.5083038792458625,0.4562525350606571,0.2590258536970813,0.24853148727814614,0.9166167026032102,0.6615463615891496,0.38215306591260934,0.3052643596070548,0.12051467285724371,0.010888289422612552,0.0005194478336587594,0.0005099026537589424,0.11619934245836472,0.02253488343107879,0.004758420205337899,0.449226971935339,0.32481783670060693,0.6408776270265839,0.40794110769162895,0.0005194478336587594,0.0012827465737057508,0.059704252163398586,0.8023916535095983,0.3841293619708871,0.41126394663769106,0.003771219831103031,0.5251043551244086,0.5672943391353008,0.14028130635419078,0.8458447459413705,0.8767654120428874,0.46243100387576985,0.4189352331463763,-0.2834992343243956,0.013116122430776995,0.2531158343546816,0.4759191577777391,-0.20461316561551385,0.6597658122733597,0.2574479481488617,0.9610008667605218,-0.5494247475347825,-0.38099535897348524,-0.6660678037903031,0.02841410229834824,-0.9547065579230855,0.5716524803936942,0.42150504666955263,-0.11295891515072523,-0.2598422669829767,-0.6244249655805202,-0.42390658145009236,0.771889728555313,-0.09387204814316678,-0.18382120604611552,-0.5824746898770418,-0.30682987538377426,-0.19917923051281283,-0.30670191278796016,-0.7831586120990969,1.4338805522365425,0.21155828718066966,-0.31350766708516414,0.06618689375834821,-0.5251191905637606,-0.41844430473283617,-0.3933569223300887,-0.6053961183587586,0.0,1.0,2024-08-13,3.5884371262063564
0.6174496644295302,0.5373134328358209,0.045454545454545456,0.0,0.16666666666666666,0.0,0.0,0.0,0.3333333333333333,0.14285714285714285,0.0,0.0,0.0,0.0,0.0,0.0,0.06666666666666667,0.0,0.0,0.0,0.0,0.20252808730670468,0.41275746111811684,0.25198021227265877,0.2992907975761747,0.28072073266160835,0.21319125226354643,0.9116373379432725,0.3976467128369696,0.3568063090540623,0.2727809329570503,0.14615429363030774,0.02435147372602131,0.004503363607994082,0.0,0.12020777285965245,0.04258784162433926,0.011418144497353566,0.5118156238507399,0.355115750073983,0.7362960292583746,0.4447335087455532,0.004503363607994082,0.01056917688107184,0.058961074685406345,0.7503298918035051,0.4223965113779379,0.3835372067691871,0.06552342066776604,0.45890477148626796,0.6531257282517907,0.172593432284728,0.9461122601355938,0.9876135669006603,0.6079631183489258,0.5686251821222398,0.9772745240037302,1.1381764030588635,-1.8945223157316853,-0.16533197539437267,0.01358815495627958,-0.22098833885564315,-0.8025268563913273,0.67157205350116,1.3146415152625934,-2.4768403267604517,-0.6950552743707196,2.362336405824341,-4.075807903128257,-0.7883286007608521,-0.3679297684636966,1.2842730062653929,-0.2880344188549098,-0.36964418273290023,10.021617075274053,0.24813866834125617,-0.14027708754568005,-0.08725294112354018,-0.33729991174486357,-0.2342045124858485,-0.1490314930340019,-0.32246001464608254,-0.5895675396762172,0.9920905497509594,-2.2080379315200482,-0.16955832602844637,-0.07858538014531224,-0.3609688606094525,0.3963859171988901,-0.23204284932118838,-0.42331566500219414,0.0,1.0,2024-08-14,-0.2977616093143731
0.013422818791946317,0.00746268656716418,0.0,0.0,0.0,0.0,0.0,0.0,0.0,0.0,0.0,0.0,0.0,0.0,0.0,0.0,0.0,0.0,0.09523809523809523,0.0,0.0,0.008096365121204964,0.014564943253467843,0.01140791949423084,0.01706326282279772,0.37260675514818153,0.258299232299658,0.9577104543933459,0.37041247777521497,0.3585742059781851,0.32383067148404576,0.19211407201776343,0.06857496204091706,0.010488878549268499,0.0023639013518597096,0.12539988374343825,0.07726265220561146,0.027130165634126513,0.6034108901662156,0.401151578469967,0.87227172966311,0.4508874407986353,0.010488878549268499,0.033917644766594535,0.05057216054914537,0.753764258103176,0.5660956131679041,0.33235952810192615,0.3259078148351781,0.4351323586830397,0.8220989025368313,0.20818700681718383,0.8941059036789191,0.9225955931280972,0.7208893911977975,0.6877631449621734,-0.00040986786217992317,0.27698628561657124,-0.23882541229369858,-0.6790413253759835,-0.005808304133524565,-0.38176583892840926,-0.17433544239216595,-0.2312820711778081,0.28577248345835327,0.5938640992618044,-0.1429120289628461,-0.7600866236834785,0.05559649750696085,-0.028926150149159398,-0.03422605328630471,-0.6706436964158609,3.8486060824650887,-0.5537372058868812,-0.25471679590998686,-0.5017842614786835,-0.1194224528442017,-0.12388181841219038,0.4895249121270083,-0.21168534471145334,-0.08432422881020975,-0.2191010046398147,1.906428729835357,5.8984448280462205,-2.402032429822282,-0.18358899666458212,-0.3588459971205221,2.0941161659144303,-0.36382370219448534,-0.16020750839217307,0.3756312587381704,0.0,1.0,2024-08-15,2.763359900783824
0.11409395973154363,0.08955223880597013,0.0,0.0,0.0,0.2222222222222222,0.0,0.0,0.0,0.42857142857142855,0.0,0.0,0.0,0.0,0.0,0.0,0.0,0.0,0.0,0.0,0.0,0.11382008449837938,0.23365910046237914,0.21790605289259746,0.17967280817119188,0.3841222666017545,0.21025291271449484,0.9526992546374955,0.3232674145056709,0.3526962728408247,0.2706264911405811,0.24062045108957353,0.10751107310076691,0.017259211035488775,0.004947094772376204,0.13075351872557484,0.10882197655149017,0.04287462605919057,0.6810530294892161,0.4564572260920243,0.9523630352826855,0.5298645743433404,0.017259211035488775,0.05934512641792544,0.041843648969730474,0.692737915445141,0.5792801256024229,0.31235229744093473,0.37031159382007617,0.4194867845960719,0.9178832015955986,0.24028537876899136,0.8715037491914683,0.897070693066917,0.6733008544959501,0.6365480694231499,2.4809930979081476,-0.845118041817353,-1.5843744776392805,1.94756802269586,0.5028588724268669,0.7259795432398829,-0.357241974499461,-0.7424243815193869,1.1769777148867606,-1.0704308220983456,-0.7578389129580562,1.5771544684026517,-1.3633411144286196,0.16041759067170222,0.34317291833542957,2.6450714507008786,-0.45814069038155386,-0.10869096203207756,3.075243410513907,-0.7241526068040703,-0.1565357395549872,-0.18248506441404158,-0.5246656676028738,-0.3366004129531651,-0.2088689466498242,-0.37476530417506954,-0.7028719572328223,0.5315443307017309,0.2537663497349784,-0.27350729983803973,-0.3933831922301765,-0.6702738275064346,-0.4653817679755174,-0.4736498532846985,-0.5993062825308325,0.0,1.0,2024-08-16,-0.2924780518395176
0.14093959731543623,0.1417910447761194,0.0,0.0,0.0,1.0,0.6666666666666666,0.0,0.0,0.5714285714285714,0.16666666666666666,0.0,0.0,0.0,0.0,0.0,0.0,0.0,0.0,0.0,1.0,0.13986011340315954,0.22953972257250946,0.26110801563282393,0.1478723927285242,0.3841222666017545,0.21025291271449484,0.9526992546374955,0.2129142834372193,0.3468183397034643,0.2723647020373613,0.28907373135566683,0.1514693696901528,0.02402954352170905,0.008340573270109175,0.13572145261585966,0.13552602022877203,0.05745283015647118,0.7417725862714526,0.5151515564166721,0.9816412785107258,0.6567285098049577,0.02402954352170905,0.083107858058872,0.03440357867724142,0.692737915445141,0.5792801256024229,0.31235229744093473,0.37031159382007617,0.40495875151531613,0.9976066185076377,0.24028537876899136,0.8715037491914683,0.897070693066917,0.6733008544959501,0.6365480694231499,0.3866089651337269,-0.5312215814124347,0.09814564835541943,-0.5639436859771899,-0.5907552090577524,2.1044769703851793,0.6860575811139566,0.1505497165793614,-2.07718110219042,2.093182974813082,0.7649766503498222,0.9303337391745055,-1.1369545700225787,2.9358490501803227,2.665916522777144,0.8002310656977336,-0.4049782324933177,-0.644532277310468,-0.17351709515788796,-0.9199141578634576,-0.23733814046128018,-0.20451486847598954,2.4540407875154355,-0.3619204224928957,-0.03658272467236433,-0.42647905501049305,-0.7716188506148254,-0.2648577295602127,0.7826844221810468,-0.9370929972480833,-0.534674610621211,-0.758584782092496,-0.5362052782244844,-0.4970122170560217,-0.6828043327745131,0.0,0.0,2024-08-17,0.0
0.10738255033557048,0.09701492537313433,0.0,0.0,0.0,0.0,0.0,0.0,0.0,0.0,0.0,0.0,0.0,0.0,0.0,0.15384615384615385,0.0,0.05555555555555555,0.0,0.0,0.0,0.017933016360819,0.026881042454812945,0.03743026000324037,0.03430321169139247,0.3841222666017545,0.21025291271449484,0.9526992546374955,0.21323986954858226,0.34635242128059396,0.2725029932963381,0.31673820913398654,0.18058158850630068,0.0304839547216309,0.01173405176784037,0.14056378834517158,0.15812174949416402,0.07095116728358342,0.7885417486780747,0.5732369704092835,0.976380236967574,0.6567285098049577,0.0304839547216309,0.10470847319397336,0.02812587696981428,0.692737915445141,0.5792801256024229,0.31235229744093473,0.37031159382007617,0.39146843508318585,0.9940104962860646,0.24028537876899136,0.8715037491914683,0.897070693066917,0.6733008544959501,0.6365480694231499,0.5483913125687727,-0.10905097194764324,-0.4173521161618324,-0.31680593425831377,-0.4278445909532035,0.8116844437271064,-0.25210624317254504,-0.5394490158744218,0.008247306677794062,0.2694438771309729,0.9376710166991225,-0.2577404353391772,0.2305451654380727,-0.43624748671036223,-0.45635824038526895,-0.1190896194168012,-0.06147495005837809,-0.7525742522739203,-0.4712045180339077,-0.22513407895611817,11.527665632249068,-0.18902268417610926,-0.33011282669946385,-0.14751919961354187,0.10750553374491649,-0.3282685122004737,-0.5965636430764822,-0.3624514701221881,-0.5370016586429576,-0.49801588647060807,3.205174468468176,1.2465565366456726,-0.5019294730048054,-0.34295053605206766,-0.3230165857242941,0.0,0.0,2024-08-18,0.0
0.2080536912751678,0.18656716417910446,0.0,0.0,0.0,0.0,0.0,0.0,0.0,0.0,0.0,0.0,0.0,0.0,0.0,0.0,0.0,0.0,0.0,0.0,0.0,0.06904507751269719,0.14253888188314418,0.11327305336284671,0.1952165710001352,0.44050030204703816,0.19242838782928193,0.9704489281028164,0.21563764103447344,0.3347318553737355,0.25531232776188434,0.3520727022985577,0.21330587230561537,0.04270899323984789,0.017081756571524664,0.14619475473470178,0.18810555855392685,0.08930647839539585,0.8488454536072677,0.6340561509671855,1.0000000000000002,0.6954320764635293,0.04270899323984789,0.14547577709626935,0.016348182213120843,0.6559431963619047,0.6011366318013409,0.3291510554821655,0.37031159382007595,0.3789417126819219,1.0,0.27108707855286607,0.9594408554065816,0.9893720785379962,0.7215810172897009,0.6867431860817031,0.7881589458470946,0.4124274214082302,-1.0913560152279398,-0.712267886842262,-0.4918999282725884,-0.5670399330907714,-0.42386995837863606,-0.6365572345847368,0.7547326829583767,-0.6825553763647487,1.4262676073553324,0.2149822915666695,0.36505621688029644,0.0914961442133266,-0.7102538960471965,0.3448278130743772,-0.2512105508020589,-0.08365965033715156,-0.342869618201924,1.6536585602068676,-0.18668932927891907,-0.16194346811754826,-0.7281930789581951,-0.3175141021230113,-0.20369732502143498,-0.052032511609080234,-0.2611858121000684,-0.3622052749232422,-0.31778017172413986,4.8909464553140785,-0.10379350460295685,-0.5969375378798649,-0.48532320020349645,-0.42489902710449146,-0.3289477939722897,0.0,1.0,2024-08-19,1.0389963252044998
0.2818791946308725,0.26119402985074625,0.0,0.0,0.0,0.1111111111111111,0.0,0.0,0.0,0.0,0.3333333333333333,0.0,0.0,0.0,0.0,0.0,0.0,0.0,0.0,0.0,0.0,0.23969699704844794,0.5348781000420345,0.3547999577735363,0.5139028872036283,0.4288802848673159,0.1625154078851577,0.9712794436996663,0.20201481323066903,0.3022662497937558,0.22951727069011651,0.3645173262192207,0.24465101392120392,0.04803278632707375,0.021497956024747467,0.15166317729403822,0.21123723509773829,0.10509498751460011,0.8889164312664688,0.6922474362802105,0.9772949659469428,0.9634363580537858,0.04803278632707375,0.16542034488708168,0.009523378544820993,0.5997715025573835,0.5993572992317524,0.298029825329454,0.4140338185063206,0.37363988950327764,0.9870199913092713,0.2424614439826911,0.7939845241042267,0.8110471235498463,0.7371387989870104,0.7037558443690599,0.39163737740943433,0.05146230352782721,-0.40975554473896236,0.10127753884065963,0.2891336609675402,0.7345474664417915,-0.6108799075017647,1.9463861377910807,-1.052682855733308,-2.066534225576602,0.16118028685460944,1.818152009304182,0.1636213613559772,-1.8357165759536151,-0.49045983344690797,1.7774534053412843,0.10362603109063517,-0.6067589229416369,-0.24213275059479608,0.8152777161136369,-0.039177947551296555,-0.1686451351239639,-0.6278545599608045,-0.20100027190874856,-0.04509045988867305,-0.2460999828569942,-0.5834925330787208,-0.3114812448351985,0.26984851460167497,0.8335064200701968,0.36461946473717927,-0.3440076994736487,-0.2432894074726288,-0.01762437751967605,-0.45083293591316703,0.0,1.0,2024-08-20,0.0481152130247464
0.16778523489932887,0.15671641791044774,0.045454545454545456,0.0,0.0,0.0,0.6666666666666666,0.0,0.0,0.0,0.16666666666666666,0.0,0.0,0.0,0.0,0.0,0.0,0.0,0.0,0.0,0.0,0.0598105191132048,0.09878100042034468,0.10003381504244381,0.07609791172457872,0.4536552789410768,0.1789745773180161,0.9547912301901649,0.16195283715397513,0.26914275401703036,0.25879216369682917,0.3798942217676693,0.27893661929861224,0.06042573945836338,0.025545387856633184,0.1574965640206738,0.23558446466354965,0.12228773587134789,0.9288160036521591,0.7482956150136716,0.9587785094926043,0.957608503185413,0.06042573945836338,0.20362585915027154,0.0,0.5548386328373187,0.5999073754443479,0.2745718279725947,0.45029008322095193,0.3739659745699305,0.9828053417640376,0.27228442586216595,0.7988093621982479,0.8149630256342116,0.6766134295331001,0.6388552002779254,-1.8292721383684507,2.582239315157759,-0.5237321528143637,0.36003331296288416,-0.3846184190060195,-0.8294418220926624,-0.3394562096985202,1.2692809258401991,-0.4192547766775157,-2.4251366799660623,1.6444522965049364,0.39393310734310066,-2.7356649145024097,0.521188352139484,-0.7975747589881702,-1.0299930471454017,-0.22596736355465868,-0.750447318210464,-0.40715377912382106,9.601238650622099,0.02813020694569348,-0.16038112035500712,-0.5712117727746857,0.0511594965520045,0.09755888298711207,0.19310038699053786,-0.464055363066175,-0.2984614471547199,-3.466534376383151,0.9378004110468323,0.7752246123366817,0.3270285492800756,-0.06288643100333474,-0.3856117217851686,0.0797344371570445,0.0,1.0,2024-08-21,-0.954771201996718
0.14093959731543623,0.14925373134328357,0.0,0.0,0.0,0.0,0.0,0.0,0.0,0.0,0.0,0.0,0.0,0.0,0.0,0.0,0.0,0.0,0.0,0.0,0.0,0.06635122550754967,0.10753467843631778,0.11364902695662925,0.118298221462899,0.4012341871366196,0.16082152609681802,0.9553792302714592,0.08222838755376473,0.223660918457375,0.2504291884584554,0.38367844174959576,0.306972037489869,0.07637001890663608,0.026762078919910337,0.16222776324065613,0.2460841447520563,0.13276116489920398,0.9338988026197044,0.7943437434216918,0.872378001856675,0.9243066069609581,0.07637001890663608,0.2300356189730497,0.00535037631532731,0.5618716885432882,0.536160969309113,0.32351326423207716,0.3031859850495911,0.3529709367659428,0.9096237991427147,0.24378201529851395,0.5727598680795675,0.5817434294511938,0.7013668890905735,0.6660836655847917,-0.20672841834526523,0.27101202660661133,-0.04121578114085053,-0.5913138209831018,-0.4718954241030245,-0.19731501857275524,-0.10361673320327039,-0.3900841165691124,0.5643782765082871,0.78411161777062,-0.16777195088451802,-1.1408284475355726,0.18919822980433096,0.007986209367522286,-0.14834420507234708,-1.0580159112743655,-0.2921790851030031,-0.7176641098712873,-0.44266902278385417,-0.8157291556086496,-0.2090783470345229,-0.18757153952450187,1.0356042298698478,-0.30488640925932825,-0.16884375781804847,0.10910133571305308,0.20701423384400602,-0.19795583711834558,-0.1148701880517959,-0.6975853528594844,-0.48494638540787094,2.035608459400201,-0.2901921538480079,-0.28638411346629095,-0.3746142991658047,0.0,1.0,2024-08-22,0.0343771235688628
0.08724832214765102,0.06716417910447761,0.0,0.0,0.0,0.0,0.0,0.0,0.0,0.0,0.0,0.0,0.0,0.0,0.0,0.07692307692307693,0.0,0.0,0.047619047619047616,0.0,0.0,0.011326912090661993,0.010729298024379991,0.01739922242338127,0.019426246635283126,0.46802099290635546,0.20161267007808412,0.9747382693237434,0.06960421984011361,0.1846703637614171,0.31452736941595416,0.40223224673560676,0.33177699330183685,0.09686602470683159,0.03029379447268532,0.16699547313935437,0.26783866041192805,0.14939695371693595,0.9645008801150583,0.8384648136930242,0.8557282055221334,0.9142193980100292,0.09686602470683159,0.26956909333595647,0.007906140715076226,0.5552651282242398,0.48496459511745993,0.2812142758572297,0.3031859850495909,0.33347554451938344,0.9193071160467796,0.27525183966080746,0.6593394395777269,0.6691108330173071,0.8612190884995995,0.8385399385809593,-0.14537562329554035,0.2903114256944343,-0.11511170323275288,-0.33386140325549934,-0.476627500760755,-0.2148355402781641,-0.2206691231130721,-0.30146894484477843,0.6550882194256658,0.34037393656972553,-0.024376915663233866,-0.7381144941050108,-0.013019867600499882,0.18153325736512121,-0.056520937781030324,-0.8193054107850098,0.07218535680356063,0.24956171908404964,1.0063187543510812,0.5720773276411453,-0.1381149134715147,-0.09023896446183358,0.5220972951502338,-0.20639348652363265,-0.056501077986113535,1.0106286165149787,1.1304080728053232,0.42385356923068646,-3.199241901006909,3.091192239777747,-0.12646385805778346,5.233412548480496,-0.27129498305010624,0.6057635525583389,1.4350286163612016,0.0,1.0,2024-08-23,1.131427349977221
0.1610738255033557,0.16417910447761194,0.0,0.0,0.0,0.0,0.0,0.0,0.0,0.0,0.0,0.0,0.0,0.0,0.0,0.0,0.0,0.0,0.0,0.0,0.0,0.12808428002613753,0.32453762084909626,0.2068458807463697,0.29445574552292925,0.46802099290635546,0.20161267007808412,0.9747382693237434,0.027194244481305804,0.1456798090654592,0.32872603199941375,0.4083183168557927,0.3540070542330085,0.11736203050702443,0.03273367937774907,0.17192455738557033,0.286246327508743,0.16480046188150155,0.9851355126662208,0.8786722223175595,0.8219141403930527,0.9007680232614724,0.11736203050702443,0.3041260796895511,0.01431348197326443,0.5552651282242398,0.48496459511745993,0.2812142758572297,0.3031859850495909,0.31537268029043486,0.9202250738053493,0.27525183966080746,0.6593394395777269,0.6691108330173071,0.8612190884995995,0.8385399385809593,-1.0764981231836068,-0.5019046753983467,1.4375869677791269,0.4812059089515375,-0.5811564845492494,-0.7538606085877433,-0.49385554662791825,0.9657085137180593,0.9111495184231369,-1.1949294668622261,-0.6856943761242125,0.34894374242617526,-1.9783725441686402,1.8856993187945785,0.8769819828427395,0.43032450091137014,-0.21982209090073163,0.3247818616940826,-0.21995576718451496,3.9882817892413245,0.3927630254812804,-0.17480146185625836,-0.3261324974882674,-0.20531070339984747,-0.19759890498888827,-0.3529931464127227,-0.7181544687943299,-0.3578830726848476,-1.0205691393337217,0.5495171969891737,1.2851475908530745,-0.7486779155152506,-0.47320413044166815,-0.2215917775827461,-0.3775134942919983,0.0,0.0,2024-08-24,0.0
0.24161073825503357,0.23134328358208955,0.0,0.0,0.0,0.0,0.0,0.0,0.0,0.0,0.0,0.0,0.0,0.0,0.0,0.23076923076923078,0.0,0.0,0.0,0.0,0.0,0.18026578561495352,0.35907944514501894,0.3736121860606379,0.2700838260057277,0.46802099290635546,0.20161267007808412,0.9747382693237434,0.030883996616599723,0.1029920202059702,0.34513604769923434,0.41697409860549683,0.36533146091719537,0.1492591015244482,0.035173564282809267,0.17676353441767834,0.30182204582143246,0.17906296944128464,0.9977257409727747,0.9138343244952327,0.7783226559503498,0.9007680232614724,0.1492591015244482,0.3113171838672013,0.06034233507682529,0.5552651282242398,0.48496459511745993,0.2812142758572297,0.3031859850495909,0.29856287779212576,0.9841204209260727,0.27525183966080746,0.6593394395777269,0.6691108330173071,0.8612190884995995,0.8385399385809593,0.6048075397146289,-0.04302745866566,-0.5269948289675025,0.861246696014244,0.23187041665986707,0.39285917787060987,0.9181132957267535,-0.6339401729573719,-0.43098140090895554,-1.0235084841276771,0.9644445848725895,0.44687181893194966,-0.0054552547470818,-0.4329860639934814,-1.0225006768590816,0.33577973447579307,-0.37413204421516033,-0.8571858193886056,-0.3973764456280084,-0.1813499739511806,-0.11792833244909565,-0.1907236908951822,-0.32593826746381815,-0.2385923643098464,-0.19621702582353465,-0.344442801634277,-0.7821827940647573,-0.3855124001830741,0.9814555878064269,-0.49547575036796304,-0.28386679178376073,-0.4327471618145204,0.0037464973864860243,-0.41604632971270483,-0.5377521565614144,0.0,0.0,2024-08-25,0.0
0.20134228187919465,0.1791044776119403,0.045454545454545456,0.0,0.0,0.0,0.0,0.0,0.0,0.0,0.0,0.0,0.0,0.0,0.0,0.23076923076923078,0.0,0.0,0.0,0.0,0.0,0.1070734018191419,0.20218579234972678,0.1941672156671471,0.1689226145847417,0.44946842270272214,0.1551761295392484,0.9751592812651453,0.030086401448491378,0.06636221644169238,0.2960683727502892,0.41604819522683467,0.3730871844268382,0.17607078832592915,0.036970363268885365,0.18134299326024994,0.3114263213026609,0.19034165508430156,0.9956439158059973,0.9414685812978042,0.713282017088876,0.8499587649830808,0.17607078832592915,0.3148864077569993,0.10094860255968818,0.518484275706212,0.5064340527063508,0.29895256985373764,0.3031859850495909,0.2829537754722671,0.9497051465748255,0.24716011205450084,0.5419645923003825,0.5504091030236193,1.0,1.0,-0.9048580644786836,0.6112228394509036,0.31617792145371276,-0.7648246434473379,-0.46062511068664364,-0.6822419040855756,-0.07637731472873635,-0.5217580115605822,1.2503526995733407,-0.7023117864780087,0.06076083292626755,0.954666135865195,-0.25925236453587236,-1.6099415079356987,-0.5131217615812619,1.4343203078299886,-0.1985619117160336,-0.6622321242743288,-0.43653609213461,-0.23990820368073965,-0.1752891072686495,-0.19042588999168447,3.0160609656182418,-0.3194135173833344,-0.19281660636793344,0.6557889294549792,-0.6160148728025884,-0.39344929619149427,-0.13865746966376166,-0.6075441627447056,-0.27864647381823143,0.2586736534683415,-0.4783475725517378,0.10544304696961204,-0.5488223148887882,0.0,1.0,2024-08-26,0.0243305067342269
0.1342281879194631,0.13432835820895522,0.13636363636363635,0.0,0.16666666666666666,0.0,0.0,0.0,0.0,0.0,0.0,0.0,0.0,0.0,0.0,0.15384615384615385,0.0,0.0,0.0,0.0,0.0,0.05091089512396681,0.08497267759562842,0.05374107838936525,0.09415522560503448,0.45882295965314324,0.13683384714852279,0.9675148135665479,0.02435997068382219,0.029572436199184704,0.28417605128839174,0.4287836788476005,0.38195316761321063,0.20640388741959192,0.038886580127643455,0.1860533058048519,0.321355684723863,0.2017566816882912,0.9944642812048599,0.9632952617249533,0.6631045149122755,0.8587316354719036,0.20640388741959192,0.29730238993574787,0.16362251042786635,0.4753180737474012,0.46618016854265887,0.30144228100164705,0.2467921091634792,0.26029486544259706,0.9211953040894388,0.2739175024358014,0.5748201266500036,0.583371554259776,0.9564156644272062,0.9479656899541234,0.4596133218826224,-0.7335592438777374,0.20478902342365807,-0.3736839760529933,9.473962302432884,-1.316703875529538,0.045892477342348637,0.5201477120820559,-4.040847238080774,-2.830463041831597,-1.741522041997433,3.2623976761956808,-2.166707929335014,0.4489346325731379,3.7079209277086562,3.3956888723032206,-0.46408304965361175,1.8311607644645564,-0.5273289172102965,-0.6230569216935018,-0.212293831364212,-0.18101751994307405,4.329574543394777,-0.2825708049852702,-0.20046263384954457,-0.37342491213595275,-0.7447347756067292,-0.38540100697205837,-0.6019107581613612,-0.8271936434511629,-0.4647033287514401,-0.000538240278875895,-0.4185756819878459,-0.3648454975874396,-0.5684062877313478,0.0,1.0,2024-08-27,-0.4416704428447882
0.013422818791946317,0.02238805970149254,0.045454545454545456,0.0,0.0,0.1111111111111111,0.0,0.0,0.0,0.0,0.0,0.0,0.0,0.0,0.0,0.0,0.0,0.0,0.0,0.0,0.0,0.0,0.0,0.0,0.0,0.4237227998358497,0.17027257173044022,0.9364699865365016,0.043554016051284256,0.00942627416036923,0.33973712800018274,0.41898734377001023,0.3866532265749578,0.22581979193875057,0.03943666571163007,0.1902016533989208,0.3229934671931538,0.20867975908540437,0.9742942738587743,0.9759566234216501,0.5839160943358785,0.6980218843274744,0.22581979193875057,0.29217108088306176,0.19899970370089104,0.4688525008690556,0.41981382508061116,0.3683047485598008,0.08297033030113851,0.21553622076010748,0.7940932142488535,0.2447275611856421,0.4810288516054845,0.48955327010001615,0.9631473648760496,0.9585117599149854,7.125114999078452,-4.565621422971584,-2.703268920928283,5.379886147220535,0.40118638903448667,5.013439761062015,-1.0412721372817562,-0.35646867695427764,0.6586488653103412,-3.623275270480439,-0.20871863326035986,3.35269780200617,-4.915216796123247,4.175707710071005,2.356173096480189,2.924736267975731,-0.0599555333275045,4.743190740459493,-0.13308349553380125,0.9953108758780717,0.0073619237933111375,-0.13999644171383727,0.3065788638236988,-0.199178087412613,-0.08922423459279488,-0.26565262653981386,-0.11296272844236913,-0.2738283969662439,-1.1681456334002798,0.7378276679745828,-0.014127680867046286,-0.6230940179313552,-0.39591008242933917,0.1796174640140963,0.12607506426361298,0.0,1.0,2024-08-28,-1.8016180739913068
0.3422818791946308,0.3582089552238806,0.0,0.0,0.3333333333333333,0.0,0.0,0.0,0.0,0.0,0.0,0.0,0.0,0.0,0.0,0.38461538461538464,0.0,0.05555555555555555,0.0,0.0,0.0,0.27523776992162524,0.5544976881042455,0.4834986544548637,0.36640230337147706,0.42349288723832146,0.171874466144704,0.9238184323143284,0.07250615059843783,0.0,0.34602280394229834,0.4091401646130608,0.38463467162481724,0.24345183386869262,0.03791851431867421,0.19415283619694446,0.324334977754253,0.21506613138855002,0.9549366614435881,0.9814790608305146,0.5222357365006811,0.6810593034158874,0.24345183386869262,0.2853902208589574,0.23276812511803602,0.4594853443637106,0.4356872475285414,0.32478222209687624,0.1691146038858739,0.1864466484678362,0.6748675546907631,0.2154210876903706,0.5627835850096226,0.5714722205968945,0.8462168908981245,0.8240243707384358,-0.0877602326534626,0.5427333666239086,-0.3868479329852177,-0.8695604286370265,-0.4600567868988536,-0.23246901831948455,-0.0777698821931097,-0.568773684008523,0.2871226169614092,0.21338548243275982,0.9497135461321874,-0.5471882914932772,-0.5892549102382592,0.9281220270031576,0.7129657045060888,-0.5125354711518648,0.1201830218692738,-0.451300794980698,-0.1671653230079128,-0.2832079607633261,-0.22160438994682488,-0.19280832590910427,0.5591233689962881,-0.3019082849720907,-0.21538614155041566,-0.36422106103482055,-0.7943029702187521,-0.37878857393318327,0.6410797455780635,-0.36512488159193957,-0.4674614813209514,-0.18526382446851453,-0.5241198295393861,-0.3601249802148234,-0.6618753124194556,0.0,1.0,2024-08-29,-0.7476753023801352
0.37583892617449666,0.3283582089552239,0.0,0.0,0.0,0.0,0.0,0.0,0.0,0.14285714285714285,0.16666666666666666,0.0,0.0,0.0,0.0,0.15384615384615385,0.0,0.0,0.0,0.1,0.25,0.25629032981608063,0.5100252206809583,0.5075824164037392,0.36335562138177707,0.4824183134814941,0.3190818608782955,0.9297376939198387,0.08324164233746627,0.013999510241945012,0.5504747033781107,0.4123240637023322,0.3909889267479709,0.2650998249421539,0.040229562924576356,0.1991385904360783,0.33682534360029237,0.2271009264188919,0.9626648827747488,0.9877361438640035,0.5285830800474014,0.6470256495490283,0.2650998249421539,0.2813746539166839,0.270892249523647,0.45829724790888116,0.4013743414242492,0.2799155927990402,0.18850820209677724,0.16224272106706683,0.7016790374856231,0.25543638696888404,0.5504691480271826,0.5588116321274835,0.876990922288626,0.8554639325401311,-0.3011224310152283,0.432369704591562,-0.09251663984603879,-0.8876926890779737,-0.4666126328023876,-0.24536402186364492,-0.010099153910419701,-0.645244076564911,0.8225427413860592,0.7661467012178073,-0.2919570826875169,-1.1102105205861632,-0.17639579772479766,0.5875067120413462,0.2234540893024069,-1.0359631312872126,-0.5597234263274422,-0.824742177758272,-0.5814824001294777,-0.826165165713417,-0.2273780253892832,-0.20417546348819202,-0.6825091794032722,-0.3456783764399483,-0.2023818177055552,-0.4222485971660504,0.2870691258778389,-0.4087363753278499,1.3124818362730397,-0.9344569489452623,-0.4608113626812239,0.048722151353430915,-0.4941066291127117,-0.3736657546913253,0.4177554895050255,0.0,1.0,2024-08-30,0.3524487710482971
0.02684563758389262,0.0373134328358209,0.0,0.0,0.0,0.0,0.0,0.0,0.0,0.0,0.0,0.0,0.0,0.0,0.0,0.07692307692307693,0.0,0.0,0.0,0.0,0.0,0.07290836244259445,0.12211013030685161,0.12583034558521758,0.10859738934844332,0.4824183134814941,0.3190818608782955,0.9297376939198387,0.09264265940575363,0.027999020483890247,0.5425745450182334,0.4196107756078282,0.39440271810930305,0.2867478160156143,0.041425614734334815,0.2046963928483425,0.34739411470078796,0.2382442551506916,0.965399325993173,0.99339254282485,0.5233931652853645,0.6252277618276144,0.2867478160156143,0.26551776321276144,0.31818102347494026,0.45829724790888116,0.4013743414242492,0.2799155927990402,0.18850820209677724,0.1397676456234952,0.8270827676356817,0.25543638696888404,0.5504691480271826,0.5588116321274835,0.876990922288626,0.8554639325401311,-0.9819788536483525,-0.5556586985454746,1.395843671752888,1.1982333922221367,-0.07371608507268468,-0.6802232879545635,-0.3496754779551012,2.4565957985520415,-1.2143155885596908,-0.27179582399414054,-0.6571135211448305,0.4351061099542061,-0.23765264639932984,-1.201961476386349,-0.7095514643884222,0.31904220432900343,-0.5604264104620615,-0.8522606842334552,-0.568909292710962,-0.9267037283216444,-0.24092522099801023,-0.20769348274451857,-0.7491353028836013,-0.3658512282066095,-0.2303944756281378,-0.42528297103248236,-0.839708536624679,5.2650762220538025,-0.2455145208386628,-0.9949275994422921,-0.5352356646969906,0.5731787571084166,-0.5512422462239003,-0.4825796560273954,-0.7071869658228395,0.0,0.0,2024-08-31,0.0
0.2818791946308725,0.26865671641791045,0.0,0.0,0.3333333333333333,0.0,0.0,0.0,0.0,0.0,0.0,0.0,0.0,0.0,0.0,0.07692307692307693,0.13333333333333333,0.0,0.0,0.0,0.0,0.19452819756428044,0.3555695670449769,0.386837311258151,0.2906377905333153,0.4824183134814941,0.3190818608782955,0.9297376939198387,0.0996892309720524,0.04526581503415028,0.5330466479381711,0.42482877608041925,0.4040381989833399,0.3083794429709785,0.04262166654408972,0.20971558430866644,0.35633692101659253,0.24856215212457933,0.9641901032461324,0.997629895702709,0.5111325967943253,0.6252277618276144,0.3083794429709785,0.2304339445558501,0.38032410146185835,0.45829724790888116,0.4013743414242492,0.2799155927990402,0.18850820209677724,0.11889793271160709,0.9790253418544917,0.25543638696888404,0.5504691480271826,0.5588116321274835,0.876990922288626,0.8554639325401311,2.3758645213088276,-1.6392707761340595,-0.8004751626277039,1.4391596794668826,2.1821941545760755,1.9474932848163768,0.1305030903500557,-0.6590343551074481,-0.9513218895720881,0.012425251725678588,-0.9578950913803812,1.5026492720902889,-0.5650221347390046,-0.5053973403159056,-0.16666790098863069,1.477116090890666,-0.2139467670078285,-0.5203104801310484,-0.5453122869351934,-0.46654346970521304,-0.18689311883238757,-0.16680914215614243,-0.712956167493177,-0.33738273853974143,-0.21094919291982833,-0.33220295150930335,-0.4361227816326013,-0.36763707069799284,0.7868613415298951,2.8316757703594235,-0.392823728541934,-0.20715452457572106,-0.4914521734946878,-0.4703826916229975,-0.4184712656578056,0.0,0.0,2024-09-01,0.0
0.44966442953020136,0.417910447761194,0.0,0.0,0.16666666666666666,0.1111111111111111,0.0,0.0,0.0,0.0,0.0,0.0,0.0,0.0,0.0,0.07692307692307693,0.06666666666666667,0.0,0.0,0.0,0.25,0.2536725771573327,0.4936948297604036,0.4133423205699895,0.3852554726582185,0.4824183134814941,0.3190818608782955,0.9297376939198387,0.09634029320221292,0.05649281789260585,0.5269757261578674,0.43780901024727914,0.40574697030705753,0.3236043266033368,0.04381771835384818,0.21473477576898947,0.36390391097611907,0.25811576043373563,0.9599048940332455,1.0,0.49499955546021424,0.6252277618276144,0.3236043266033368,0.2141932414763108,0.41752036520114366,0.45829724790888116,0.4013743414242492,0.2799155927990402,0.18850820209677724,0.09951891357913978,0.9777837461710871,0.25543638696888404,0.579530772117834,0.5879118780341008,0.8767668810992955,0.85521186250247,-0.5344201160595217,-0.29713376611786235,0.7551045578315321,-0.1338087010321141,-0.4671186341453364,-0.2075818091513617,-0.1985568908751581,0.22886366428442337,0.15120178303161919,0.7712131199131992,-0.289957928305372,-0.11504565386657939,-0.18184444556736157,0.30126736380181635,0.20914334178755528,-0.05368376170548746,-0.5190720576522475,-0.47183907297834143,-0.5413862607032216,0.056310669705088155,-0.2030377978085536,-0.19617440886908938,-0.758865748890692,-0.27537887012133594,-0.18999654938833496,-0.34156960292704436,0.03861201955391176,-0.4062063583438745,0.8187653124592871,0.31790365603074583,-0.106740528292857,-0.14572242676012007,-0.45388548800443806,-0.42469525342455927,-0.27843979425696513,0.0,0.0,2024-09-02,0.0
0.2684563758389261,0.2761194029850746,0.18181818181818182,0.0,0.3333333333333333,0.0,0.0,0.0,0.0,0.0,0.16666666666666666,0.0,0.0,0.0,0.0,0.0,0.13333333333333333,0.0,0.0,0.0,0.0,0.12765616715480868,0.19404161412358134,0.23279313944160585,0.19131104118782188,0.35768741572632745,0.2770961951393872,0.9999768799840327,0.12006334582433446,0.06666230303811016,0.4637692425293829,0.42325644265509244,0.3926518355738686,0.32884984292183805,0.04011590566546275,0.21800919890828752,0.3462704444450715,0.25400398359664855,0.8979544275384101,0.987153343937346,0.36352663513612854,0.2758692256235986,0.32884984292183805,0.19135560951629316,0.4436804360853701,0.5652250991128434,0.3482482094813223,0.23034487813037663,0.18850820209677732,0.08152411009899152,0.7010867289876143,0.21847539879074152,0.36949300071070934,0.3783604758219242,0.6726677359757827,0.6363237925543379,0.2675001056333569,0.2126729474869879,-0.4331854110418651,-0.4787408661022965,-0.11109402271675828,0.42408131060286525,-0.10072198182438662,-0.6433061942439383,0.47814817632384965,0.688603189293493,-0.30440345128731844,-0.9058622197654012,-0.046226876695373696,0.16226803727193514,0.072399425319487,-0.7312567114339178,-0.5778807593523273,-0.49438406927343215,-0.5632209304393547,-0.9038140111636924,-0.20710200592950062,-0.19436308746732367,0.14417337261727994,-0.3497115854295862,-0.22062081690510274,-0.38048511217959124,-0.4346812253482713,-0.3992434208480613,1.0537503776243442,-0.9191344977535654,-0.5236341530981478,0.22993491095621013,-0.5101490477021211,-0.4716790126519373,-0.49248809168528346,0.0,1.0,2024-09-03,4.1675417771714685
0.31543624161073824,0.30597014925373134,0.045454545454545456,0.0,0.0,0.0,0.0,0.0,0.0,0.0,0.16666666666666666,0.0,0.0,0.0,0.0,0.0,0.0,0.0,0.0,0.1,0.0,0.16288697571576896,0.2480664144598571,0.33069135672837485,0.24135621135953,0.34843687471802554,0.22608131158226166,1.0000000000000002,0.13920309709080558,0.06153531831032222,0.3958129112746144,0.39362708359262566,0.37845878410531686,0.3272025911868761,0.03479134933961525,0.2211542230679111,0.3295671907040525,0.24923578731756635,0.8427331723324175,0.9637346720328025,0.27218434127281776,0.2905451193616253,0.3272025911868761,0.1959232908629165,0.43748077938036634,0.532496656523854,0.30762955470477416,0.19520307943669235,0.1833236425538157,0.06406402567844227,0.4050079045016058,0.18522556589358352,0.40998506711811356,0.41803587466430736,0.6437930601457837,0.6058438847868949,-0.25174226394637816,0.2249941328989415,0.040513742247665525,-0.37143495473634064,-0.37954114081865314,-0.22040737139323693,-0.1689939189502082,-0.24465729152145207,0.3589693899231955,0.6472822118518797,0.037095361786687264,-0.8888749462626789,0.13178383470949304,0.062366718279929526,-0.18962418552150737,-0.8628010834409298,-0.5493866382880066,0.2386917735081997,-0.5087843079980683,-0.5341000238535617,-0.131174775217214,-0.18723562285004,0.5589665053399332,-0.299058061302589,-0.21110457119239862,-0.3803550520552183,-0.8534779338052824,-0.002124449543485422,0.7510676464850152,-0.8887020769155141,-0.3898017788774127,-0.7326765579931905,-0.11051303128020283,-0.11599493042891872,-0.6876583198249896,0.0,1.0,2024-09-04,0.0013169103353805
0.32885906040268453,0.33582089552238803,0.045454545454545456,0.0,0.6666666666666666,0.0,0.0,0.0,0.0,0.14285714285714285,0.16666666666666666,0.0,0.0,0.0,0.0,0.07692307692307693,0.06666666666666667,0.1111111111111111,0.0,0.0,0.0,0.24029179343135088,0.3899537620849096,0.4359272688679751,0.3663746481643088,0.3310435533986027,0.23179898393374807,0.8933554853972128,0.16005235912442542,0.06496404293392266,0.40217814023036025,0.36015127410076975,0.3644033201302177,0.32358511353049835,0.03172032383695367,0.2240366698424534,0.3120818832279513,0.24301387984027834,0.7898029856256809,0.9324036073372342,0.20382120993734898,0.21502556579744997,0.32358511353049835,0.20511080903550827,0.42451867981821234,0.5215680455551022,0.27348069176078427,0.23633074242512842,0.04636339196950875,0.028021892196805842,0.11803733781793746,0.1515597922265437,0.3830994913237561,0.3910561488060575,0.5418262543928246,0.500146956388162,-0.2076762382239432,0.7339198429486777,-0.4401027913065552,-0.9051655215807143,-0.4914121655039961,-0.26477911809005367,-0.13979144988263362,-0.6751285817017474,0.3836822963795444,0.7254553753757885,0.7194047401776058,-1.1945660396246773,0.34377141084310914,-0.070432537450274,-0.3270685043200681,-1.1179573807906538,-0.4903029238330397,0.2518218654296201,-0.5348368860444167,-0.6542029533814079,-0.19959696157703294,-0.19721159644396194,-0.7499105983114704,-0.29400145474934236,-0.2004617757186812,-0.3878871354397926,-0.2800791329566884,-0.39038095277367507,1.1699308870451106,-0.8385482792240432,-0.4466199688589077,-0.3410242611355164,-0.45449027006987597,-0.46303313030459503,-0.4957050188528371,0.0,1.0,2024-09-05,-6.074364921980669
0.523489932885906,0.5447761194029851,0.09090909090909091,0.0,0.0,0.0,0.0,0.0,0.0,0.0,0.0,0.0,0.0,0.0,0.0,0.0,0.13333333333333333,0.0,0.09523809523809523,0.0,0.0,0.1639042639955508,0.27344472467423286,0.27682100213333966,0.23968614412664857,0.23187016820324047,0.27137326636652503,0.949603989555543,0.15518067081539064,0.07469040369070967,0.4520361355101933,0.3047437413305767,0.33746702876661594,0.31320866446352014,0.0267924193294089,0.2261027321361624,0.2781753868111112,0.22695019456427623,0.7030107241592883,0.8866842589505748,0.07950633406544233,0.16022514930752507,0.31320866446352014,0.24235904195340474,0.37890602154006103,0.5754937381338476,0.2176198654306236,0.41209776073516546,0.30414531061603506,0.031876037796898626,0.06839257438324653,0.11501512720464824,0.13544603000950278,0.14651305203760046,0.438544217454093,0.3944359266168841,-0.4894641596989059,-0.09441483994884452,0.5381008583040454,0.023667428798635797,-0.6011132716651578,-0.9574314381472917,-0.4099885882501503,4.086000868686101,-1.7910279161257256,-1.0075421016063193,-0.8617389220802325,0.44126051263190114,-2.516240940001265,0.08694174816365875,0.011343496028333793,-0.17212762561371636,0.021347684412811953,0.06473860042290987,-0.2187374521923711,-0.25075911039397564,-0.18760555034694948,-0.17407270097785527,3.3531114076885715,-0.3025114299239601,-0.18593100995981346,9.19889079701231,-0.3878750812208881,-0.3302980605648796,-0.7187616847689013,0.05300877182276288,-0.36223433866837007,-0.5513533412861429,-0.3315251252322596,-0.3257817024626087,-0.4906141090202555,0.0,1.0,2024-09-06,3.411058709858472
0.21476510067114093,0.19402985074626866,0.0,0.0,0.0,0.0,0.0,0.0,0.0,0.0,0.0,0.0,0.0,0.0,0.0,0.15384615384615385,0.0,0.0,0.19047619047619047,0.0,0.0,0.11073071046414656,0.2349936948297604,0.15305455963951697,0.1847598298897479,0.23187016820324047,0.27137326636652503,0.949603989555543,0.15521881153770917,0.08441676444749668,0.44742167386191056,0.24933620856038452,0.3146966616276403,0.3028322153965428,0.02329724656454424,0.22862839399115487,0.24948527445840085,0.21207641190131277,0.6346496798139881,0.8338404754844457,0.01795116309601502,0.0,0.3028322153965428,0.26724138466739333,0.34286400353155955,0.5754937381338476,0.2176198654306236,0.41209776073516546,0.30414531061603506,0.03545488728269919,0.03812961825109091,0.11501512720464824,0.13544603000950278,0.14651305203760046,0.438544217454093,0.3944359266168841,-0.5278733157902009,1.8684831542555933,-1.1212472170952277,-0.8986071234549639,-0.344185471122499,-0.45907097292047977,-0.4234779187934593,-0.4820348147459679,1.4751560139426436,-0.6995559535022544,-0.27381874333806583,1.1979263806527485,0.6698788765565956,-0.17476797978530345,-1.2513934325176732,1.220989271845059,-0.02719155219644191,-0.5368533460965051,-0.5164554669900933,-0.22951678431184752,-0.17923510927850775,-0.1892956557633929,-0.6019525727074696,-0.3096833435896543,-0.16328757579828473,-0.35768692939753016,0.19952739282659926,-0.29074735779239586,-0.1637877781187403,-0.6636639206897939,-0.432141757673821,2.2760654133038427,-0.5199968192766451,1.2203492731937995,-0.31713349181363415,0.0,0.0,2024-09-07,0.0
0.30201342281879195,0.30597014925373134,0.13636363636363635,0.0,0.16666666666666666,0.0,0.3333333333333333,0.0,0.3333333333333333,0.0,0.5,0.0,0.0,0.0,0.0,0.07692307692307693,0.13333333333333333,0.0,0.0,0.0,0.25,0.05997806739007887,0.1423182009247583,0.11750981285434524,0.11114627760911516,0.23187016820324047,0.27137326636652503,0.949603989555543,0.15144851839710877,0.09697962317906517,0.44155237210499143,0.22151232162859813,0.29195358206982025,0.28861342970860804,0.019802073799679576,0.23054024145324803,0.22520902554456868,0.19830439091708563,0.581508090983456,0.7789190128556344,0.0,0.0,0.28861342970860804,0.2805680645181088,0.3095504548753505,0.5754937381338476,0.2176198654306236,0.41209776073516546,0.30414531061603506,0.03877810466237097,0.0,0.11501512720464824,0.13544603000950278,0.14651305203760046,0.438544217454093,0.3944359266168841,-0.2853182526683941,0.40717392017386084,-0.08549916501862832,-0.7452550083973527,-0.47178565581919435,-0.3301561558048583,-0.1839014742211007,-0.5022967815791481,0.7781069652636993,0.5323699605921289,-0.0410930239229069,-0.7699433939205669,0.15303081428859602,0.08682903577852603,-0.04674900923481927,-0.7685583562961067,-0.5040695170422946,-0.21470512657726679,-0.5234636968211754,-0.6700073103733136,-0.21094246920587437,-0.08767215835579252,-0.5791193017218358,-0.30769624580484317,-0.18363581354850464,-0.37604704963219526,-0.5565565803299439,-0.3930510218779151,0.9794453818768145,-0.6670449924912337,-0.4566290806148908,-0.5152822508076017,0.2170152672566136,0.7937979307072501,-0.5530293843710868,0.0,0.0,2024-09-08,0.0
0.2953020134228188,0.29850746268656714,0.0,0.0,0.3333333333333333,0.3333333333333333,0.0,0.0,0.0,0.14285714285714285,0.0,0.0,0.0,0.0,0.0,0.0,0.2,0.05555555555555555,0.0,0.0,0.25,0.17999122263220504,0.287505254308533,0.27945507538947983,0.2794558684349611,0.2972581265946683,0.2717858954445225,0.9517240845015482,0.14883362483152543,0.11436833444410688,0.4341425791960153,0.21019438446872307,0.26997751951046833,0.27964297455056464,0.018573437415014382,0.23336675272704355,0.21726818983173768,0.19234536926157197,0.56988838764578,0.7322166293640052,0.07101290359967316,0.1749420547773919,0.27964297455056464,0.2798315692057134,0.29561049608216106,0.5730514795723365,0.21847640054504094,0.41347446536586185,0.3041453106160348,0.04186394937206639,0.0869757061469387,0.15158980955629442,0.23787282295351647,0.24825390425167143,0.4469512322741085,0.4043652823820817,0.18121917866656687,0.38021284840256736,-0.49739345441416233,-0.758275833196146,0.5868339469703606,-0.6644453748192729,-0.5922249699238452,1.8085845758467516,-1.859905326163774,0.8910523562577678,0.19307138315690425,0.44310056556778077,-0.8214173686213884,0.883574745443354,0.6600981216663019,0.13940662259816608,1.0799440170480534,-0.2834035928963402,-0.26066231152218006,-0.03796573155211067,-0.18700088841304655,-0.19017644743699053,1.1438709279107258,-0.32976303030117365,-0.20687170039127376,-0.36442562559376174,-0.6071210398458036,-0.2790656666468613,0.2734215814039616,1.041284955380492,-0.355357458741611,-0.6404230841338687,-0.5251526790115894,-0.428899719449075,-0.5640761755884243,0.0,1.0,2024-09-09,0.1243273117195631
0.3959731543624161,0.3656716417910448,0.3181818181818182,0.0,0.0,0.2222222222222222,0.3333333333333333,0.0,0.6666666666666666,0.0,0.16666666666666666,0.0,0.0,0.0,0.0,0.15384615384615385,0.13333333333333333,0.0,0.19047619047619047,0.1,0.0,0.16457434900738457,0.25209121479613283,0.3447768178972463,0.24316762742904902,0.3228059532579026,0.27470846572944674,0.9552896153787804,0.14545831517587376,0.12960290492190119,0.43116904813007884,0.20837267830826978,0.25103364570857334,0.27072519031191344,0.01608034635211908,0.2365506336617269,0.215472222572469,0.1894818010176227,0.5732678748299078,0.6956589602467005,0.15866330967145226,0.2390155727209815,0.27072519031191344,0.27207089924582384,0.2871921278299263,0.5478899858625508,0.232412317818637,0.3631291727184074,0.2077700902206913,0.030776106844488504,0.207930660786343,0.18837709872757102,0.47327652982184354,0.4809083792053031,0.4816319521741033,0.43934647558169654,-0.3617390663848887,0.5076956792582464,-0.10102662812868618,-0.5613868457679283,-0.48039415198457036,-0.28692621293408077,-0.12685720997620226,-0.6289592668730852,0.5196024467203186,0.6666610583372463,0.43787367518981396,-0.9480995412929077,0.11671502721384652,0.2421579907707393,-0.05764596012036619,-0.9341809217550788,-0.44340274126058254,0.26607358017302457,-0.3580169796396209,0.03948386371023098,-0.20815561465245772,-0.18964459409174234,-0.4287649494282066,-0.3253817247481158,-0.1609829195377101,-0.3506623715989734,-0.6081464510233319,-0.31418122336041265,0.2835122271577736,-0.673677439931272,-0.3530029361002767,0.7767480285422242,-0.4600663343159518,-0.19227237300968725,-0.5186533167740673,0.0,1.0,2024-09-10,0.2088314110202827
0.174496644295302,0.16417910447761194,0.0,0.0,0.0,0.0,0.0,0.0,0.0,0.0,0.16666666666666666,0.0,0.0,0.0,0.0,0.0,0.0,0.0,0.0,0.0,0.0,0.14899398069303374,0.5120954182429592,0.235098659196873,0.29783736279944445,0.38399685973037556,0.27356125176418644,0.9695835616718851,0.14303975990454773,0.14754369187651983,0.4217656249540618,0.2420147738689833,0.23935232230324122,0.2695504134007054,0.016022068733871464,0.24050444779577163,0.2257443695247927,0.19318718644304234,0.6041640507174385,0.6737653809293167,0.28536115233217496,0.3327868462603045,0.2695504134007054,0.2708182806378936,0.28626136211118336,0.639737147810366,0.32651839269910476,0.2723119089883357,0.08094040033993223,0.002117764568502767,0.41027105160844923,0.22508093207441515,0.5836193472653661,0.5929713052289821,0.5156110568845812,0.47416304448722063,1.000866486914048,-1.1292995914980615,0.04168276111055243,0.5812497734451161,2.9758747866449897,1.2686833653581098,0.5363904323703266,-0.3940558579378131,-0.778814834446021,-1.8759037356073784,-1.3427687808749522,2.206640064481813,-1.7109437383897896,-0.23907876681796542,0.3063696580183591,1.492389521889572,-0.453929800745483,-0.8489486470995333,2.423509205265029,-0.768481236534141,-0.20488018708178718,-0.1899719894068593,-0.36102800589344575,-0.31435842876047393,0.10091505461876639,-0.37065742653745837,-0.692221660059368,-0.34661353859074906,0.168610509579697,-0.782926996720587,-0.46259764664758896,-0.23683757499188154,0.8542806935333689,1.0424791459547995,-0.5749208249572998,0.0,1.0,2024-09-11,0.8354448178880203
0.3557046979865772,0.33582089552238803,0.0,0.0,0.0,0.2222222222222222,0.0,0.0,0.3333333333333333,0.42857142857142855,0.6666666666666666,0.0,0.0,0.0,0.0,0.3076923076923077,0.0,0.0,0.0,0.0,0.0,0.2508250131201111,0.38438419503993276,0.44865674118960075,0.3557458302093192,0.42746002655974813,0.24933177743260612,0.9343785102743987,0.14098289177525752,0.15513745116273636,0.38707318293406545,0.285268542418617,0.23282950132399094,0.26678605871640126,0.022124678973904466,0.24495027898045052,0.2428117684722011,0.20113328429669153,0.6484065331276585,0.6667791773860358,0.4141609875815271,0.4363658862479276,0.26678605871640126,0.2640613815466857,0.28701947236158,0.6204972205882286,0.3965745134307156,0.2384291408345799,0.2501173484359406,0.0,0.5834428353152562,0.2600221554660598,0.6789478307393773,0.6903274217461137,0.6050791231665249,0.5649411108170388,-0.21951039109489207,0.6673466453623804,-0.37157079834157175,-0.45375184597317736,-0.3555999207832127,-0.05390439106221675,0.2628086995939364,-0.10786554958993737,0.14565994477091798,0.4355210667908629,-0.23488371221453583,-0.29712491243347855,0.298508921443155,-0.08067314383513295,-0.6072303345563346,-0.26042482820559604,-0.015157548525192006,-0.6006346440656569,-0.5386968797017311,-0.5873330596695892,-0.19915366771486662,-0.18202385547442723,-0.3381182649157908,-0.30479387499778504,-0.18509896090413494,0.8622222142282313,0.0466444492161114,-0.38071329305712237,0.5428865874828965,0.07017152138292806,-0.4470642330727784,0.6088816756741403,-0.49791282910133045,0.389745324790597,-0.3446223955743651,0.0,1.0,2024-09-12,-2.040597676355949
0.060402684563758385,0.06716417910447761,0.045454545454545456,0.0,0.0,0.0,0.0,0.0,0.0,0.0,0.0,0.0,0.0,0.0,0.0,0.15384615384615385,0.0,0.0,0.09523809523809523,0.0,0.0,0.07576241221956607,0.07816309373686423,0.08645303914810933,0.09126832925675095,0.4590528722506715,0.22905776018628757,0.896433541372865,0.14480918006976565,0.15950491357819696,0.3590834727554659,0.3355089187955791,0.24486023887826747,0.2661748536940127,0.030332422390662472,0.24892249820468315,0.26334152231869723,0.2117728155050589,0.6973381827227778,0.6728347848690549,0.5268423298241219,0.474475420899063,0.2661748536940127,0.26230296600470204,0.28739176458512805,0.5733730858232922,0.4668255420592826,0.21787383883468425,0.38419734848733,0.017445697652348935,0.7847027408377049,0.2934885146431032,0.8837862441805681,0.9055264610252726,0.5722402025979264,0.5315007398959437,-0.9330300726906535,1.7578878082809157,-0.6478130437925025,-0.9442067191221933,-0.5508217988071101,-0.784037671495511,4.585119532049831,-0.632152111015939,-1.2188620466382563,-0.39695380661505797,-0.47922593266242686,-0.4756064987173591,0.7299642987282038,-0.9620713632778195,-0.8813311731526503,0.19215727298644314,0.0973169720123898,-0.26494444382010335,-0.38797360886222454,2.0116091885558904,-0.026452560610734407,-0.16030495779301834,-0.14924875167550006,-0.21988395110453385,-0.09446787751975164,-0.20399888346176365,-0.16255618685418963,-0.3195040302307167,-2.572523877428999,-0.027820436491341836,0.7020153590966163,4.908846906906871,-0.4666902930575108,2.5887899771812473,-0.07382090878430697,0.0,1.0,2024-09-13,-2.245228154957646
0.22818791946308722,0.23134328358208955,0.0,0.0,0.0,0.0,0.0,0.0,0.3333333333333333,0.14285714285714285,0.16666666666666666,0.0,0.0,0.0,0.0,0.07692307692307693,0.0,0.0,0.0,0.0,0.0,0.14891334132880918,0.2829129886506936,0.3486477652434429,0.2135658009562556,0.4590528722506715,0.22905776018628757,0.896433541372865,0.1273689006887757,0.16387237599365778,0.3573846691661767,0.3712890586246891,0.2579888931679095,0.26556364867162596,0.03637315021132004,0.25291034143224955,0.28071285249650124,0.22162423329058356,0.7353781802796483,0.6867318867002089,0.5945928980967121,0.39402490638270515,0.26556364867162596,0.2605328115179013,0.28777314222154704,0.5733730858232922,0.4668255420592826,0.21787383883468425,0.38419734848733,0.033645274043815676,0.9045772101774517,0.2934885146431032,0.8837862441805681,0.9055264610252726,0.5722402025979264,0.5315007398959437,0.23743331881437071,0.4868649488349709,-0.6419341959053394,-0.8802421448919644,-0.3990992951924757,-0.44433885610783797,-0.25730461764257323,-0.683081608169096,0.9828880399257843,0.19100264734103772,0.16852576837507102,-0.4634903950477764,0.8827947200549988,-0.28584729591172386,-0.783052724838338,-0.7781242909871501,-0.5112046806750185,0.39453935918407884,1.7053426740905806,-0.15030863026565522,-0.179100781901316,-0.18560482897149516,0.1669555374093431,-0.26929718739234354,-0.21184059781531003,-0.34931523163125905,0.6281640216484247,-0.3462928947308117,-0.04327568462580182,-0.6722717242584588,-0.33378698635719833,-0.75447951026398,0.6483477542845332,-0.45177559740060136,3.5836488302489147,0.0,0.0,2024-09-14,0.0
0.08724832214765102,0.07462686567164178,0.13636363636363635,0.0,0.0,0.0,0.0,0.0,0.6666666666666666,0.0,0.16666666666666666,0.0,0.0,0.0,0.0,0.07692307692307693,0.06666666666666667,0.0,0.0,0.0,0.0,0.0819326747785255,0.08847204707860445,0.09537253281442204,0.09869836158261533,0.4590528722506715,0.22905776018628757,0.896433541372865,0.12475794190184393,0.17562949698585495,0.352859391002712,0.40141941788376734,0.27318190440089385,0.26621685840479525,0.0424138780319776,0.25698536816723205,0.2954116703392593,0.23074591642532916,0.7644513279768453,0.704768286735148,0.6303564647213373,0.39402490638270515,0.26621685840479525,0.2622748270618711,0.2874814867004014,0.5733730858232922,0.4668255420592826,0.21787383883468425,0.38419734848733,0.048687737835891975,0.9666445804855592,0.2934885146431032,0.8837862441805681,0.9055264610252726,0.5722402025979264,0.5315007398959437,1.7279597769909307,-0.8386358553712677,-0.8875565874743434,0.5377280594201461,0.37540223255455935,4.077869245696952,-0.23708249347733565,-0.6819824885814579,-0.45978319868068523,0.07746356004155054,-0.5717612948721714,-0.29589466440236545,0.6330607188154261,-1.5817472452266552,-1.0091546539981608,0.002746084995807659,0.18599809590332808,1.107005169281886,-0.3475299548283514,0.4900914694846564,-0.12538058905395363,-0.13136613852932588,0.3585049733268938,-0.29747718446428195,-0.14710356943569466,-0.11631101587291065,-0.43381665640551015,-0.36435584011411426,-0.8535177802961218,0.5733461072175643,-0.15607201462247916,0.20420472269587694,1.6231535770447425,0.37018347031980514,-0.3325816071903867,0.0,0.0,2024-09-15,0.0
0.22147651006711408,0.19402985074626866,0.0,0.0,0.0,0.0,0.0,0.0,0.0,0.0,0.0,0.0,0.0,0.0,0.0,0.0,0.0,0.0,0.0,0.1,0.0,0.10191745490924559,0.19980033627574612,0.125542437878267,0.20349162354502884,0.4664340352209786,0.22068428093469686,0.8139573288718343,0.22572943452465802,0.1889729991072686,0.33718832632059204,0.4196500078464469,0.30102152965951223,0.26673557662809255,0.048710458379794375,0.26116364453445584,0.30927152076316755,0.23995871387776901,0.7894405640053513,0.7251442513621655,0.6505703198344827,0.40559380972771053,0.26673557662809255,0.2637562091368846,0.28717400576725893,0.5109850166708838,0.5025397007540816,0.24491269299948804,0.38419734848732995,0.06265573992853413,0.9770961638389198,0.3263457323387211,0.792921654275835,0.808118540181559,0.5964385537308804,0.5559837818961104,2.0072037132792366,-0.5946921348411122,-1.3587022397941553,0.9568550147087677,2.0291599638210336,-0.7947100886350903,-0.3683831674505612,0.4033323690262781,-1.4782812556441849,0.3176617419967763,0.3014301356189084,1.5557701933724588,0.4360748845377532,-1.2398735470024902,-1.249504206139443,1.4403656256440647,-0.1422548177098175,-0.6544123649745354,-0.4345782502690589,1.458737044254823,-0.11705599203167863,-0.18333412697846027,2.498046654051601,-0.3287749690650683,-0.20425048226905346,-0.1373366760080046,-0.5527848430238862,-0.10834964652694004,-0.5107551349368876,-0.500678858509369,0.34442632572137616,-0.31432753776502353,-0.4603259834882787,-0.28174613767258844,-0.369746887252077,0.0,1.0,2024-09-16,-4.992257991461835
0.36241610738255037,0.3731343283582089,0.13636363636363635,0.0,0.0,0.4444444444444444,0.0,0.0,0.0,0.0,0.0,0.0,0.0,0.0,0.0,0.38461538461538464,0.0,0.0,0.047619047619047616,0.1,0.0,0.20367314465956082,0.47175283732660783,0.40280433397068194,0.4362209466684694,0.46798989608052555,0.22154239172429016,0.5688248241027598,0.6181221816127292,0.1971317994969839,0.3352792092943292,0.4286129960623457,0.3290458150016953,0.26975251547069234,0.054900290670664376,0.26536368468907234,0.3212989091291698,0.2486507130078941,0.8083625099264875,0.7459479967351864,0.6542663485952112,0.40717605019437497,0.26975251547069234,0.2709902695757034,0.28645515643810526,0.4909324158042694,0.5694682555374052,0.20459121035471395,0.53065591990534,0.0968303988650897,0.9455869748417204,0.3592653746086274,0.7553395034617135,0.7685394803435057,0.5891617339551308,0.5485995148856213,-0.17552047202130114,0.594425961816855,-0.3496289937557865,-0.8998978049941929,-0.44664460233903003,-0.23208119637973362,-0.05808635292206659,-0.6511962620647588,0.7321055863568403,0.8815250018226449,-0.18157990381941175,-1.183527171794292,0.2355205479908117,0.000369483491405256,-0.20649400740348836,-1.0721956067109222,-0.5702497648252419,-0.6452425300602428,-0.5578824210488225,-0.8498137418887478,-0.22609559963626394,-0.19107433382258251,-0.5888547988364287,-0.12163362944071493,-0.21265914986928275,-0.3860049798189543,-0.4635046270849083,-0.3991206588307711,0.6816560226951719,-0.1414315947247056,-0.4931923220105373,1.472483229685848,-0.5370661727392549,-0.40614499355028244,-0.528686320103875,0.0,1.0,2024-09-17,-15.61745338032896
0.5369127516778524,0.5149253731343284,0.09090909090909091,0.0,0.3333333333333333,0.0,0.0,0.0,0.0,0.0,0.16666666666666666,0.0,0.0,0.0,0.0,0.07692307692307693,0.06666666666666667,0.0,0.0,0.0,0.0,0.29684652523790506,0.5087221521647751,0.5678335961196816,0.3771463513563343,0.4509508746619497,0.254104608041799,0.5611133690034582,0.8026284730390456,0.21021745717701545,0.3712710746895991,0.4268212777624454,0.3550477941076364,0.2716238618165221,0.06148023666013991,0.26912384247510346,0.32819242044057084,0.25492875599009146,0.8140705064476461,0.7639493606221368,0.6300537521475686,0.5899325864131206,0.2716238618165221,0.27497769612091716,0.28639602576414,0.4935273671254734,0.5638130381859968,0.16667622907323315,0.5911758274635681,0.13732612398777844,0.8747381571982885,0.323976944396434,0.6327964416619419,0.6423009654541791,0.606014292971671,0.5657962304344261,0.06222220549902333,0.350909300216082,-0.3610879466214331,-0.4813267751171637,-0.4908311441933947,-0.24711085971659383,-0.12162476711371731,-0.5989546925815269,0.4153965913536025,1.996158507543295,-0.33532566986540446,-0.736676087433575,0.14390243583658086,-0.34517392493685256,-0.29957928463315936,-0.4556532164095702,-0.3145173369852629,-0.4772946815829103,-0.5474903925222783,-0.8377022428635196,-0.2141750910358658,-0.20064449657160224,-0.561195715227758,-0.2968040563053929,-0.20672378026222094,-0.33822081525795783,0.5694966764522269,-0.4004783797633451,1.229030424635034,-0.6376113274704175,-0.46427567154176663,-0.17548650993683845,-0.5353568163779603,-0.38620019521523213,-0.3554127125996122,0.0,1.0,2024-09-18,-0.5822279118022577
0.16778523489932887,0.16417910447761194,0.045454545454545456,0.0,0.0,0.2222222222222222,0.0,0.0,0.3333333333333333,0.0,0.0,0.0,0.0,0.0,0.0,0.15384615384615385,0.0,0.0,0.047619047619047616,0.2,0.0,0.130335912676,0.1887452711223203,0.2376841833102725,0.21592571196794455,0.5505315772972779,0.29788271346984263,0.583368170776021,0.8825326670195669,0.20684394012237273,0.42745604343594834,0.4470513590588583,0.3851079992243305,0.2762659903665021,0.06840472388689989,0.27406476416793524,0.353215120021555,0.2710867328920621,0.8610683822222619,0.7895348298134856,0.6955804772078718,0.7233444165807809,0.2762659903665021,0.2930738653789131,0.27989918676785486,0.5440779793031827,0.5953651491457742,0.11460978376190606,0.7211160281345711,0.19374212767772359,0.8586388474863738,0.3624500794598866,0.7207016058837152,0.7296506497164463,0.6991459797211805,0.6605471905819755,-0.40277183178356646,0.08244603310582428,0.30449719241913725,-0.43269087591837824,-0.481793302497162,-0.2557508494812606,0.945005430047253,-0.6528330399684208,0.2833960177582121,0.704688475847414,-0.2939683507689961,-0.8410505249191262,-0.2277659425172438,0.4886692311426039,0.7023299028113177,-0.6776070952402639,-0.418094805341816,-0.23447905185459636,-0.5421704828636749,-0.5577648229190784,-0.1851013365913017,-0.1906479166869079,-0.7434206256251618,-0.32065125005522777,-0.1724383849291922,-0.29315787506589963,1.0247773466770376,-0.35898387727005604,0.869013703471812,-0.7102098103126968,-0.3401577525807767,-0.43379223414215873,-0.3455107426550609,1.7605263299727687,-0.21505393169997727,0.0,1.0,2024-09-19,1.690115524892133
0.08053691275167785,0.08208955223880596,0.0,0.0,0.0,0.0,0.0,0.0,0.0,0.0,0.0,0.0,0.0,0.0,0.0,0.15384615384615385,0.06666666666666667,0.0,0.0,0.0,0.0,0.07106360186637971,0.12316099201345104,0.17333681080681337,0.11762374168807385,0.5389528526239857,0.8028579163020023,0.4851087238343563,0.9834662700331542,0.28382943119683524,1.0,0.4647208603675015,0.4107617742736185,0.28011899319607103,0.07766448610361465,0.2781761589617897,0.37215689198325563,0.2848449629840992,0.8905935809104182,0.8170295011347458,0.7120759975138333,0.727404669159973,0.28011899319607103,0.3068711699821627,0.2754530409001372,0.5025777848743014,0.5625092040731867,0.13603629981702658,0.6464620529220183,0.235319963666473,0.8724950998863661,0.2872417553675577,0.6530756146837343,0.6611706688024797,0.6333596855241803,0.5930815319791798,-0.194479493910252,0.7542218508682106,-0.46994549284371345,-0.9257724501587998,-0.32815523389595463,-0.03825246107435105,-0.14050771958209515,-0.6638512074548449,0.7684140771826814,0.6736453997461532,-0.23433791690924322,-0.878382427816106,0.47697419995296364,0.00552129253210471,-0.23368889614931057,-0.7562687661130725,-0.5733121299346539,-0.6575930141125415,-0.31325195320245747,-0.8568945487997683,-0.22155243505716055,-0.20533072311234762,-0.38966939492209746,-0.3587320119203006,-0.22405785116156654,-0.3829649759960319,-0.8064405586596496,-0.39100900223306684,1.3764614112263427,-0.9043150561565608,-0.49526128016697957,-0.2967528419920619,-0.5447843184499126,-0.4558559127553044,-0.6821573820786941,0.0,1.0,2024-09-20,-7.338177887013608
0.5637583892617449,0.5522388059701493,0.18181818181818182,0.0,0.0,0.0,0.0,0.0,0.0,0.2857142857142857,0.0,0.0,0.0,0.0,0.0,0.15384615384615385,0.0,0.0,0.14285714285714285,0.0,0.5,0.19474471317626674,0.2416456494325347,0.308098505081571,0.2466368195282636,0.5389528526239857,0.8028579163020023,0.4851087238343563,0.9972829297255625,0.36081492227129797,0.9448805811606584,0.48075805252971193,0.4291529989263445,0.28397199602563816,0.09054753289001027,0.28210192690455216,0.38818454518161793,0.2975840649211712,0.9112267534183923,0.8439354431436252,0.7069893719675152,0.9950122501438793,0.28397199602563816,0.3201110707970116,0.27143830037855476,0.5025777848743014,0.5625092040731867,0.13603629981702658,0.6464620529220183,0.2739279542274542,0.9256909809325912,0.2872417553675577,0.6530756146837343,0.6611706688024797,0.6333596855241803,0.5930815319791798,-0.6023946364853506,-0.4268865546974115,0.9305655950693044,0.23514613089885664,-0.45026904315875493,-0.332855242873243,-0.26989765685123335,0.16197668853779273,0.08007709752281968,0.0451535439514359,0.5483947659561709,-0.32179718245758904,-0.17914443776495917,0.26467167476194015,0.09452239025046424,-0.699360453316804,0.38623511348093237,0.741112789494119,-0.41440253207626476,0.9652560978259364,-0.0297651692753038,-0.16117264368010242,-0.0762524126377894,0.4187965495721378,0.8415684950823349,-0.22759497131813192,2.186768523526645,-0.21691812565498317,-0.7461487616479818,-0.009756753995069128,-0.21455427254311113,-0.18208737805954683,-0.46621630040296336,2.6231835782371524,3.4296111321490317,0.0,0.0,2024-09-21,0.0
0.5033557046979865,0.46268656716417905,0.0,0.0,0.0,0.0,0.0,0.0,0.3333333333333333,0.0,0.0,0.0,0.0,0.0,0.0,0.23076923076923078,0.0,0.0,0.19047619047619047,0.2,0.25,0.1491036977904706,0.23468894493484657,0.23773555507759114,0.22644390909426124,0.5389528526239857,0.8028579163020023,0.4851087238343563,0.9684472322309429,0.4378004133457607,0.8944690034429121,0.4964511734497856,0.4423857211529869,0.2878249988552062,0.1034305796764059,0.2860589499849695,0.40174640558023356,0.3093795296777184,0.9246581028791157,0.8686565388841001,0.6881122842976294,0.9950122501438793,0.2878249988552062,0.33284456116710537,0.26781549865924514,0.5025777848743014,0.5625092040731867,0.13603629981702658,0.6464620529220183,0.30977823117693726,0.9136857706939384,0.2872417553675577,0.6530756146837343,0.6611706688024797,0.6333596855241803,0.5930815319791798,-0.3371480579180719,-0.002332881118355796,0.3165002563225832,-0.3294615281921028,-0.4385664379871756,-0.23380486067644668,-0.1593352644660409,0.17215688017966327,0.2393896713745064,0.5121696128835289,-0.24143267514494413,-0.866269163963361,0.14076198830361095,-0.01971540070585336,-0.028659381583706532,-0.8412216080900419,-0.2672672187543728,-0.19285687857493108,0.24540718953375537,-0.19191815690470032,-0.1657270432306264,5.546464913886788,-0.11281237036971868,-0.05421148421421424,-0.1811723605688205,-0.37544715297438974,-0.5543908329937643,-0.39505162577532515,-0.40747421244340487,-0.4666302716538348,-0.32519677747555775,0.46807783453860924,-0.481986168120785,-0.2519160733688872,-0.39678634168423954,0.0,0.0,2024-09-22,0.0
0.31543624161073824,0.3208955223880597,0.18181818181818182,0.0,0.0,0.0,0.0,0.0,0.0,0.0,0.0,0.0,0.0,0.0,0.0,0.15384615384615385,0.0,0.0,0.19047619047619047,0.1,0.0,0.17805766146924706,0.3942307692307692,0.3184044719405713,0.284247901277056,0.5556783568641146,0.23283712715546126,0.4836670229700586,0.9084433850688455,0.43075726591206576,0.27340373252923533,0.5196111589113093,0.4538538868013111,0.30131869081774276,0.1168933809737247,0.2902499337798261,0.4164449191114876,0.32203879082916487,0.9397098153912924,0.8920153655271991,0.6763422693757463,1.0,0.30131869081774276,0.3598303235611162,0.26875617826897624,0.4341573467868909,0.610020739962728,0.16278953841992994,0.6464620529220182,0.34306777405859945,0.9306280884172506,0.32098305034192975,0.6677130331318326,0.6755929284312922,0.6489659856956123,0.6088003562078983,0.6426970425308439,0.3749296435260075,-0.9232886229857173,0.1811416204630536,1.7389688170732025,-0.10415328705580924,-0.231301391739194,-0.6721517252799557,-0.06967443730887939,-0.04444321926098889,-0.4480583873043855,-0.36369405321574316,-0.020920695844347074,-0.4244855972429968,-0.6632671508126591,-0.15489842950787663,-0.2146516017822866,-0.29326974278764595,0.10228148791093405,-0.12206031744545204,-0.18923101218265398,-0.17323452150419208,1.717785082051038,-0.3078946151720576,-0.13168978903830028,-0.26027872632184046,-0.589627953026511,-0.3067285130116253,-0.2183644066663274,-0.23392413163126347,-0.43191757339047004,0.3224518054679808,-0.5127742780236603,1.1433055495387616,-0.5001207324541433,0.0,1.0,2024-09-23,-0.1161952147399891
0.23489932885906042,0.22388059701492535,0.045454545454545456,0.0,0.0,0.0,0.0,0.0,0.0,0.0,0.0,0.0,0.0,0.0,0.0,0.3076923076923077,0.0,0.0,0.09523809523809523,0.1,0.0,0.09994254715538158,0.17120638923917614,0.18910624979888802,0.12736912941407835,0.570671105186288,0.27793196613813353,0.4823099318723829,0.7792872976173164,0.4390084971558692,0.32033300729931147,0.5240649198850624,0.46710149316312943,0.31646463755771403,0.1366744974491958,0.2946506400475304,0.43177130482592574,0.3353178555372711,0.9550912311775186,0.9143628384400948,0.6676041657817331,0.9846368838390124,0.31646463755771403,0.38730899330484725,0.27198794016070593,0.39539092120963626,0.600500370476072,0.13636286484328103,0.6850757594986224,0.37957001106968147,0.9609202247361803,0.358004837952306,0.6887612096432878,0.6965146007840812,0.7793398823759973,0.7444394483100814,-1.2331062351585056,-1.8763154352979794,2.7706209380176405,1.4596206109039576,-0.5657501509860333,-0.7866539466941809,-0.3687806910804375,3.0991526285922872,-1.3583741921663222,-0.5380574805790491,-0.5896117822371797,-0.14869340175955256,0.1642068874787759,-0.27083870377942204,-0.07902775100578006,-0.44345431393887436,-0.33626363234097395,0.8754604864553563,-0.5443274162153752,-0.06821707120354165,-0.10828240375493216,-0.1861295294931063,-0.7327414331482757,-0.2913536045379519,-0.00958051154471825,-0.3373347415044438,0.43594456526988934,-0.3887237284539294,0.3933158970959525,-0.36227370323324776,0.363472357296969,-0.0038105012539674807,-0.4961279348709117,0.40527849029834734,0.23183594385645065,0.0,1.0,2024-09-24,-0.1095032498718784
0.09395973154362416,0.08955223880597013,0.0,0.0,0.0,0.0,0.0,0.0,0.0,0.0,0.0,0.0,0.0,0.0,0.0,0.15384615384615385,0.0,0.0,0.0,0.1,0.0,0.08230673981860467,0.09092055485498109,0.13506145700493566,0.09250205877653364,0.5595307947787918,0.2453684357152807,0.4271451270831528,0.5601836310134973,0.44116786593260127,0.2841415938676266,0.5286156340921844,0.4790268921834988,0.3320367462351932,0.15412609954827872,0.29828753863794333,0.44259298826544846,0.3464559710011592,0.9589686010868771,0.933163538708679,0.6369600243059524,0.9282531629865408,0.3320367462351932,0.4076936180825488,0.2813995016794282,0.35067526586453646,0.5917826791272252,0.12187904084343681,0.7036224519902425,0.41615014815201257,0.9621812253692346,0.32335193388080885,0.6980012297667436,0.7062072214744178,0.7775765688115638,0.7429503617530042,0.8896079371561915,0.041990713942472065,-0.8660732679393864,-0.8498339787491771,-0.6046802427002502,-1.0644571298890324,-0.5885668678949618,-0.6976235576888897,-2.955999947715637,-1.5993073232510042,9.150907102265188,0.7285492810716802,-0.8710948671807367,0.41670791947311814,0.7749988927553819,-0.9797471257980741,-0.5953865409749565,0.36035962435473756,-0.575172161677601,-0.8641116156913985,-0.23698248406399616,-0.20371724449455667,-0.7878344812833873,0.08541195526233707,-0.2237389608262304,-0.41474881595477897,-0.08278525905847534,-0.41139364963308256,1.125995473458146,-0.9784913967291755,-0.5090841868399577,0.03924776731007175,-0.5250046788480389,-0.46967528607945896,0.08095556590917266,0.0,1.0,2024-09-25,-4.456110172166927
0.32885906040268453,0.29850746268656714,0.0,0.0,0.16666666666666666,0.0,0.3333333333333333,0.0,0.0,0.0,0.0,0.0,0.0,0.0,0.0,0.07692307692307693,0.06666666666666667,0.0,0.09523809523809523,0.0,0.0,0.16729776517622566,0.28547709121479614,0.26225908193571074,0.23409364667707322,0.5836588729184884,0.34606438590543176,0.4274105921252538,0.27087165242497835,0.45305380458569977,0.3898846486645192,0.5385021582240688,0.4929399282959812,0.35601222910348973,0.17388079848606708,0.30206041098259817,0.45639940569536463,0.3592755942314927,0.9694262084691223,0.9506927610782965,0.6259744459995005,0.9102100827858212,0.35601222910348973,0.41492743078000416,0.31458190041413303,0.32975396764873266,0.6339870907072861,0.09899883639683876,0.7880058940369333,0.4623345102573142,0.9321898446028026,0.3653301179738415,0.5798086674598928,0.5873112889553764,0.8163195217410331,0.7836152315105552,1.2117566220405465,-1.530484487175159,0.19143499686991727,1.5076711708456922,0.3541851659128071,4.392661538952306,-0.03679075456643635,-0.7407401645333339,-1.5324639491372887,-1.4002901089060915,2.015457761931549,1.8323821261698732,2.129099922383128,-0.45167519735547357,0.2683105205387772,2.2461527581190497,0.26903610231411346,1.0913860286497747,0.24070148249902454,1.1631201893669771,0.17276937222270353,-0.12051272135758347,-0.5005190052057994,-0.17427623089761324,-0.1091131432421203,-0.2823929634060716,0.854135336134636,-0.09796233486150285,-1.04948599560839,-0.3717108654027191,0.6078384719397798,0.6891674943769256,0.006702979650364944,1.156507827643308,0.7436587868751374,0.0,1.0,2024-09-26,0.0224438963521311
0.1946308724832215,0.19402985074626866,0.0,0.0,0.0,0.0,0.0,0.0,0.0,0.0,0.0,0.0,0.0,0.0,0.0,0.07692307692307693,0.0,0.0,0.0,0.2,0.0,0.11369177494699259,0.19057377049180327,0.27373869609422147,0.1805116827886282,0.576141597612172,0.2813249861361886,0.36819349905442,0.31241512773297847,0.4546374671603841,0.31923252946890057,0.5467262726126503,0.5057761032789561,0.37947538652498736,0.18903907558479816,0.30572812972016017,0.46663314016536805,0.37036468111623577,0.9708889409257562,0.965064234554011,0.5986914725602664,0.8363465301250032,0.37947538652498736,0.41020305236899546,0.3561906973855917,0.29857564524989266,0.5969315258312218,0.08143749379355225,0.7880058940369332,0.5052199893550944,0.872764790551732,0.32806149996405587,0.5861707139834061,0.5936698213630069,0.9018423701369743,0.8778564511421822,-0.011982109620280216,0.5528803458902748,-0.46629549978688234,-0.4421744803961197,-0.4630854754038525,-0.21408281422112985,-0.20799400221038594,-0.6835078824715624,1.2307474106193153,0.2727962275707699,-0.42182966952294837,-0.45476343709123973,-0.13836640184760646,0.15730086462177312,0.12200958534855258,-0.44892584637331706,-0.6259588919040798,-0.623428139699249,-0.6012188266246906,-0.934307949492552,-0.2451757296348513,-0.2083941666386236,0.8235858387845308,-0.3713366015992346,-0.2331125435683503,-0.42985622550015035,-0.8935025723898303,-0.41327984470956164,1.2179820776892154,-0.9904367546491358,-0.5458067956559393,-0.3603940582456531,-0.5250151723685972,-0.48495220607703493,-0.7517297200263265,0.0,1.0,2024-09-27,-5.005420157031315
0.2684563758389261,0.2462686567164179,0.13636363636363635,0.0,0.0,0.0,0.0,0.0,0.0,0.0,0.0,0.0,0.0,0.0,0.0,0.07692307692307693,0.0,0.0,0.0,0.0,0.0,0.16049103535646977,0.2711118116855822,0.3342873804406794,0.20809467913814084,0.576141597612172,0.2813249861361886,0.36819349905442,0.32069254738872355,0.45622112973506845,0.3187500774871175,0.5512516211482499,0.5206345844981728,0.40293854394648143,0.20329804315491096,0.30959826166383486,0.47529245394767816,0.3806323541576635,0.9686208038789452,0.9760216505930812,0.5691939914452128,0.799816993952771,0.40293854394648143,0.391806059559487,0.4083814801094663,0.29857564524989266,0.5969315258312218,0.08143749379355225,0.7880058940369332,0.5450422199458904,0.8423708721865366,0.32806149996405587,0.5861707139834061,0.5936698213630069,0.9018423701369743,0.8778564511421822,0.2594174244729582,0.2985318391482492,-0.49979436182127157,-0.035993203938565345,-0.25852446104858867,0.9791964578560021,0.29726303560801626,-0.10643311911353467,-0.4786169678426062,-0.1569768402403072,0.5436789076464946,-0.022370528937235956,1.1356755161553003,-1.4601172150556077,-1.3268973258031351,0.10363165278866263,-0.1412025435783666,-0.012575130840789615,-0.32854209027059206,-0.15473887760696936,-0.17605939085905037,-0.16025425919265246,-0.10093468194559609,-0.2987983654864278,-0.18024883684310883,-0.3676576231011153,-0.6233365635305289,-0.38009448368761795,-0.3882580953506635,0.5739925922938951,-0.3588926206342599,0.7160763225782184,1.9622894615861335,0.06397872288642865,-0.5377493725751284,0.0,0.0,2024-09-28,0.0
0.12751677852348994,0.09701492537313433,0.0,0.3333333333333333,0.0,0.3333333333333333,0.0,0.0,0.0,0.0,0.0,0.0,0.0,0.0,0.0,0.0,0.0,0.0,0.0,0.0,0.0,0.10628695182662753,0.3003152585119798,0.20899728519968094,0.18476904829213733,0.576141597612172,0.2813249861361886,0.36819349905442,0.26160867460379494,0.457739128761826,0.3182884164270706,0.5524613945753085,0.5236741548186021,0.4219453107698907,0.21755701072502376,0.31359325727631315,0.4826195656096335,0.3901394588256544,0.9634554686405011,0.9835583563311174,0.5396390295333832,0.799816993952771,0.4219453107698907,0.3802174138068164,0.4480945680584698,0.29857564524989266,0.5969315258312218,0.08143749379355225,0.7880058940369332,0.5820200054944868,0.8262870174975151,0.32806149996405587,0.5861707139834061,0.5936698213630069,0.9018423701369743,0.8778564511421822,-1.0319796007595323,-1.456670326758167,2.2206048486625436,0.8725537447292481,-0.5613548105518761,-0.5420530344445409,-0.3419280700289749,1.3956588411156885,-0.0654230590679406,-0.20556323726153483,-0.6106854032818515,-0.23886274009709063,0.4381631641053393,0.6645033023960056,0.30449442312024566,-0.31646895363007094,-0.5009589056906031,-0.8456713241722794,-0.5754489312743684,0.24526156236405203,-0.0854433551098176,-0.19379517707604052,-0.7838614230275112,-0.28149535557874716,11.633287411709762,-0.07173102242603056,-0.7408794283002915,-0.3793444612981142,0.31387780867437515,-0.8028214654643533,-0.41977084369266465,-0.3106641089113029,-0.5098435797143779,-0.3216309396676372,-0.5378782431374343,0.0,0.0,2024-09-29,0.0
0.21476510067114093,0.2164179104477612,0.0,0.0,0.0,0.0,0.0,0.0,0.0,0.0,0.0,0.0,0.0,0.0,0.0,0.0,0.06666666666666667,0.0,0.0,0.1,0.0,0.16451181566662865,0.2818200924758302,0.2991389301462515,0.24422159810223826,0.6015222151135671,0.35060461986874714,0.3707397419662093,0.26720495870551136,0.4698168300692207,0.3890462722489124,0.5617475978145379,0.5311003096928681,0.4409406817743253,0.23269574414704763,0.31794328358432544,0.49371040865390103,0.4015790073393468,0.9673325635226004,0.9905103774098591,0.5345873498191854,0.8342521554217922,0.4409406817743253,0.37077885829739365,0.4861251502406274,0.29956725627474556,0.5961174695210679,0.08105169690153913,0.7880058940369333,0.6163565206467545,0.8772089022606205,0.3703699702809313,0.5997284930566092,0.606810997011699,0.8645121610128375,0.8351700702160001,-0.3022903682614941,0.332274282080962,-0.004983912827306134,-0.6898315416356444,-0.48667206206356217,-0.23255157256692888,-0.12591050142028248,-0.5711380908155259,0.700406122933836,0.7868223802406863,-0.06901643703851984,-1.1583449609381515,0.2619763877892271,-0.08647304973107557,-0.2862676687457318,-1.0671021675651196,-0.4878363201403102,1.2147052327985135,0.13519290267441741,-0.7047117839089904,-0.2212472754793521,-0.12797626706192497,-0.6260500061578018,-0.3370618656584149,-0.21358975105764078,-0.15252725173421933,-0.7301885764502337,1.1800151234402658,0.44710625316654223,-0.5476394562655192,-0.48735277328961385,-0.60765116650422,-0.5123630680866513,-0.3956271078109369,-0.5925802976127637,0.0,1.0,2024-09-30,0.2265658556842131
0.6442953020134228,0.6194029850746269,0.09090909090909091,0.6666666666666666,0.3333333333333333,0.6666666666666666,0.0,0.0,0.0,0.14285714285714285,0.0,0.0,0.0,0.0,0.0,0.07692307692307693,0.0,0.0,0.0,0.2,0.5,0.32416256939065935,0.623097940311055,0.6692561424544754,0.5115721677995059,0.5454260902368713,0.2979681303171987,0.37922672028393745,0.2542629958312106,0.47370080801714276,0.3313165883507989,0.5532925994469604,0.5318685972882431,0.45194258063740556,0.24588170025180922,0.32150862267065783,0.4922849479763949,0.40634361745254033,0.942124224536762,0.9900730083743499,0.4707429654197441,0.6004884154888473,0.45194258063740556,0.35921953645595295,0.5128674353791398,0.32356670196180226,0.5059242775909696,0.14124948144789373,0.5730792877257638,0.6171232077767881,0.8061897769372776,0.3318906214390269,0.48837151732453865,0.4976542107167823,0.7883314972420578,0.754991036172145,-0.1376920108913534,-0.18141413037884752,0.2851073388037667,-0.3087769337760908,-0.3292615784469249,-0.012485997255983977,-0.24255388766888406,-0.5380178365492383,0.027942615760027188,1.8978301416013486,0.13267408957374804,0.11955743781808582,-1.0407284506694532,1.190783694683875,1.49677004736481,0.3007470407143443,-0.2795261982436295,-0.2354644583684129,-0.5525021673175601,-0.06546234630141264,-0.20139892967214054,-0.1884265704277683,-0.7172304035048984,-0.28709001815614726,-0.19398515834581256,-0.36410154441780596,0.049015898530083146,-0.4044823671091821,0.5499538179008304,-0.3259476882805783,-0.4304516437380132,0.16385982702692112,0.1945719719130346,-0.0009742941831292354,-0.34720292869718045,0.0,1.0,2024-10-01,0.753468100347332
0.5503355704697986,0.47761194029850745,0.0,0.0,0.0,0.2222222222222222,0.0,0.0,0.0,0.0,0.0,0.0,0.0,0.0,0.0,0.3076923076923077,0.0,0.0,0.14285714285714285,0.1,0.0,0.2555818708440596,0.35880622110130306,0.4837989817099573,0.30683452353150853,0.5462509207974042,0.27219458220648807,0.3772880036842772,0.22742119962529098,0.47733907045928725,0.30263024237321634,0.5466824181849983,0.5327347813499355,0.4600385456628029,0.25583775454534496,0.32533012124932625,0.4912377381563662,0.41084098127813107,0.9196534715557639,0.9843756076900105,0.4252962536683299,0.6121437686661328,0.4600385456628029,0.3537403549314444,0.5302035338925633,0.30371643967014195,0.4665797923597599,0.14510333805892595,0.5175004538384917,0.609788390283837,0.654192054318869,0.3684950343306479,0.5071142804666725,0.5159589877700672,0.732004878485006,0.6950261504574426,1.3738348131500178,-0.8729533872194035,-0.5275981757069201,0.7826377666622462,0.016989285778469757,2.71756705252945,-0.15602051209199622,-0.6734913078155376,-0.3096525244723153,-0.16226126255887907,0.3612542136494884,0.2830819602093979,-0.7248958244914355,0.5677258566529542,0.9820190265622512,-0.013528768288371911,-0.5676868503894251,-0.806654009479485,-0.5402652654499683,-0.8764372787937558,-0.23206159190489842,-0.2036738263805168,-0.6836072473940358,-0.3585371967822628,0.0029978667551680254,-0.34348205548532446,-0.6726853263087437,3.0612088124013423,0.6061106664140958,-0.9425023252203916,-0.5248624658156057,-0.40043402346143386,-0.4855660652511126,-0.39999582660883054,-0.5967382809818412,0.0,1.0,2024-10-02,-0.1708307715035162
0.3355704697986577,0.26865671641791045,0.0,0.0,0.0,0.0,0.0,0.0,0.0,0.0,0.0,0.0,0.0,0.0,0.0,0.0,0.0,0.0,0.0,0.0,0.0,0.09873160549623206,0.20667297183690628,0.2276390269622745,0.15196689978982042,0.536228056983659,0.24175990244081927,0.3748155042776544,0.18259299213889407,0.479360420313625,0.2695237952261994,0.5378557281774041,0.5304262882869413,0.4652982720116672,0.264694379835845,0.3286984524214329,0.4884201786322109,0.41396397852916245,0.894773894935301,0.9738969388778193,0.38398606222469844,0.6312784206891342,0.4652982720116672,0.3508496308577236,0.5409485845050686,0.2802849208596785,0.4319770547668448,0.12249746628339647,0.5175004538384917,0.6029774883260968,0.4157578554469306,0.3341046384995767,0.45361862857051594,0.46380048425368353,0.6820979197942055,0.6431327895292819,-0.8593661114638103,-0.038739561566540355,0.8350569631831023,-0.3707506881943475,-0.4541776306450549,-0.6332809150771211,-0.2650576649731744,-0.5486898148867346,1.2437450822515286,-0.09754061407424283,-0.12578511520512037,-0.378165069352304,-0.41376137129581014,0.16211773733213156,-0.5155268428028679,-0.8146950578348445,-0.5206066515604892,-0.5790375547276843,-0.1912565628487954,-0.745870067724042,-0.15873045991236712,-0.17728032433679955,-0.6831487893532601,0.07697847993312272,-0.17058694245805142,-0.3976607952257502,-0.7985257853109818,-0.38346557473510606,0.8573844902732448,-0.7240222227941444,-0.41164296253797794,-0.7699300994749264,-0.4573344740314403,4.5543704136519265,-0.6004848437960167,0.0,1.0,2024-10-03,-0.2182380701047481
0.8120805369127516,0.746268656716418,0.0,0.0,0.0,0.1111111111111111,0.0,0.0,0.0,0.2857142857142857,0.0,0.0,0.0,0.0,0.0,0.3076923076923077,0.13333333333333333,0.05555555555555555,0.047619047619047616,0.0,0.0,0.3419016080851232,0.6939155107187894,0.7738569640640375,0.49835912437468505,0.5896095819006284,0.2262468888555982,0.3664901028821075,0.10307038081181523,0.47891311353332,0.25306811775895327,0.5408341089592001,0.5326740347169414,0.47419611356711755,0.272216327508481,0.3326879001221865,0.49632299220015774,0.42240119997476633,0.896403309624954,0.9659017658202994,0.40544348363080895,0.550352628107127,0.47419611356711755,0.35428897205507504,0.5526792080900584,0.2725764775349707,0.5078793441081643,0.0946392425637525,0.6682542107385795,0.6184793105109723,0.48841450305472117,0.36736651656727126,0.5490133916807078,0.5569829624230922,0.7024285874654901,0.6631365186018792,1.9939322341305639,-1.369382330466804,-0.6772935755795321,0.9814285441330461,1.586549199388629,-0.2027788925507487,-0.24160310919664513,-0.0782928128336349,-0.8954926176731164,0.001355982838514064,0.2781881994726074,0.7315353873898752,-1.096943834825372,0.5767617042693547,0.9918489553332094,0.5429611677944789,-0.5415401316177905,-0.8323578136185984,0.5366444753462623,-0.7933949445857612,-0.22446312330329718,-0.19597129330051052,-0.5669959676548327,-0.3454416909027581,-0.22093696422507647,-0.40580909357521716,-0.4039180820892293,-0.38476461209743573,0.7291812566037681,-0.8663586291828164,-0.48894138405761806,0.37086934610288996,0.3597703038926033,-0.29463304421588726,-0.5179737707281227,0.0,1.0,2024-10-04,-0.7364585856700967
0.2684563758389261,0.2835820895522388,0.0,0.0,0.0,0.0,0.0,0.0,0.0,0.0,0.0,0.0,0.0,0.0,0.0,0.15384615384615385,0.0,0.0,0.0,1.0,0.0,0.25999379530897254,0.33194619588062213,0.4960220751822992,0.2886143512088398,0.5896095819006284,0.2262468888555982,0.3664901028821075,0.07371689749422887,0.478465806753015,0.25318668692472757,0.5381996866832255,0.5362439884883914,0.4830939551225715,0.27933911413849977,0.3366047614560195,0.5030099882961157,0.4302134420540291,0.8951146031743864,0.9591989458500225,0.4166094237159887,0.5820074458793597,0.4830939551225715,0.35444591019681404,0.5669502633259258,0.2725764775349707,0.5078793441081643,0.0946392425637525,0.6682542107385795,0.6328738596826424,0.6420497479575774,0.36736651656727126,0.5490133916807078,0.5569829624230922,0.7024285874654901,0.6631365186018792,-0.4263004975507462,0.6011237839514524,-0.12149022580085413,-0.39934073049858826,-0.4299649353647783,-0.5278844550900776,0.34842246979790936,-0.30835614770805764,-0.2679327262285287,0.4352787384920873,1.0388578265507555,-0.2510072529791661,0.9477449865210014,-0.5876635686526464,-0.7225817495949954,-0.2802815692345871,0.3935532067111747,-0.8658315931322069,-0.2037234203953479,0.09707621973053293,-0.0938394498813481,-0.19657052254573545,0.4618498267532723,-0.20978686685096964,-0.17383693705076766,-0.3974332910445865,-0.8005303042677936,-0.4044867922900712,0.2381231369748603,-0.005340441190252709,-0.22425744757908378,-0.7763067710207987,1.4241242240316738,0.20617456036601686,-0.624038124939116,0.0,0.0,2024-10-05,0.0
0.3422818791946308,0.3208955223880597,0.0,0.0,0.0,0.0,0.0,0.0,0.0,0.0,0.16666666666666666,0.0,0.0,0.0,0.0,0.0,0.0,0.05555555555555555,0.0,0.0,0.0,0.19743359278093928,0.25886927280369904,0.3060001659703252,0.23014970685480401,0.5896095819006284,0.2262468888555982,0.3664901028821075,0.0004149676202125224,0.47935100993255264,0.2529520987494074,0.5479706560892934,0.5369502588538673,0.49148874770580875,0.2864619007685185,0.3408486144250915,0.5086682157619222,0.4374469995348278,0.8915543055906008,0.9529894236175198,0.42087151976273496,0.5820074458793597,0.49148874770580875,0.352630744238569,0.5819339416398739,0.2725764775349707,0.5078793441081643,0.0946392425637525,0.6682542107385795,0.6462402267706222,0.8311995843508581,0.36736651656727126,0.5490133916807078,0.5569829624230922,0.7024285874654901,0.6631365186018792,-1.4576285510141156,-1.0586646980347283,2.2739212447148622,0.5723092283830461,-0.41895701454450146,-0.9240726584169722,-0.2563114709809271,0.05902708192633927,-0.3973389924744212,-0.970677152063,2.48762971176059,1.3137896856924316,0.8256833946834707,-0.7316825904609389,-0.25862291920080394,1.5117379043417436,-0.55356206134085,-0.8229445138527683,-0.5129527902362105,-0.4486000191262073,-0.2307928960304743,-0.19720012324621763,-0.1546861577720035,-0.36277288831401366,-0.22660485621027787,-0.42270112257950304,-0.7119168068824576,-0.40109804041695496,1.3953467061417144,-0.8698001264206884,-0.5019939281486706,-0.7399530388584289,-0.5424872562051584,-0.41118987779837124,-0.6593315924919326,0.0,0.0,2024-10-06,0.0
0.34899328859060397,0.33582089552238803,0.0,0.0,0.16666666666666666,0.0,0.0,0.0,0.0,0.0,0.0,0.0,0.0,0.0,0.0,0.0,0.0,0.0,0.0,0.1,0.0,0.2196996237730467,0.32256200084068937,0.3698586598968839,0.28552157720719284,0.5320519062099347,0.24706100339827639,0.3642220150378057,0.0024296388139806446,0.48341190304463466,0.27406796819393764,0.544830611427674,0.5317173962565178,0.4958547708491885,0.29158957133860675,0.3442873356186027,0.5023642779402886,0.4381653398180365,0.8607344861308283,0.9406874208711502,0.3682324437551958,0.39993172659289367,0.4958547708491885,0.3421942901355024,0.5970734553398387,0.2792419261768416,0.5028944662181029,0.09190389603844751,0.6682542107385795,0.6586518533523178,0.627252152032164,0.332590484085844,0.4190949236187084,0.43040229921436257,0.6418351970135452,0.6017857607204721,-0.2933729855630126,0.7850499499975687,-0.40432283460239926,-0.8801504618377607,-0.4659046181817723,-0.26409062282757273,-0.10435805592321686,-0.59021900438941,0.7287724039274186,0.7211676691339199,-0.07387780620766979,-0.878132706830232,0.343769855945824,-0.113623918622966,-0.08579876836129212,-0.8620053150832003,-0.581021910757081,-0.7708578781347006,-0.5748032339074989,-0.9147372389589588,-0.23973837673985252,-0.20463308209076359,-0.6132496293447814,-0.3650030565102896,-0.22683675532787773,-0.39536797919450567,-0.5363378736328221,-0.40397690635426636,1.2099534601796855,-0.9456485954881424,-0.5385610378582157,-0.08848911396309687,0.4916801785746048,-0.4308263393085621,-0.4472732952206384,0.0,1.0,2024-10-07,-0.2021218449020922
0.1342281879194631,0.13432835820895522,0.0,0.0,0.0,0.0,0.0,0.0,0.0,0.0,0.0,0.0,0.0,0.0,0.0,0.15384615384615385,0.0,0.0,0.09523809523809523,0.0,0.0,0.11958239402706608,0.12156368221941993,0.20875566853580868,0.1501385833159208,0.5896722853363174,0.2149455828977074,0.3843750563370838,0.01099833368794954,0.477180348698534,0.2414390809013679,0.5566495487841614,0.5333233097355254,0.5053090619066047,0.29676030514570684,0.34853206569968265,0.5081339287447815,0.4448163818019335,0.8599772332003599,0.9306656104638255,0.3879333221697618,0.5071328575032873,0.5053090619066047,0.32168210269406927,0.6282415531513745,0.28154667181328863,0.5133102957619287,0.055666294239069325,0.7572535554918577,0.6830623206593665,0.6274743327327043,0.3650302314661147,0.5972258378784128,0.6044725750302395,0.6941481012152451,0.654588727332009,-0.21607747741951497,0.5901364555545805,-0.3080936953299644,-0.909597401986546,-0.4731188849708371,-0.18261110410929682,-0.09984739439255529,-0.6643783352682728,0.7520268166855346,0.9044294422183293,-0.16427455818315065,-1.253136117983683,0.27094759251330586,0.005700243647078581,-0.20974364035560566,-1.150071550444787,-0.4287713329645205,-0.7011292866149788,-0.0034341019569933367,-0.7864127765335694,-0.15989520263659845,-0.15595160029175298,0.44914711760115406,-0.2931095879972076,-0.20639741881371418,-0.4068525703029904,2.3744681168345765,-0.39200962666322225,0.8338124537080744,-0.9220413965345209,-0.3704593592768705,-0.5362272557131885,-0.510402974001218,-0.07812860160188778,4.636288299825647,0.0,1.0,2024-10-08,1.7995862652170125
0.08053691275167785,0.09701492537313433,0.045454545454545456,0.0,0.0,0.0,0.0,0.0,0.0,0.0,0.0,0.0,0.0,0.0,0.0,0.15384615384615385,0.0,0.0,0.0,0.0,0.0,0.017540250771127433,0.031967213114754096,0.03214066154416758,0.02434887351122801,0.6323840305054764,0.2487102056049221,0.3954464975145209,0.027918574729517188,0.4693553031575175,0.2797450652556399,0.5661089150076393,0.5399985418387896,0.5108875584965098,0.3038143354953764,0.3531608923994298,0.521246720328266,0.4554118777449183,0.8761715996948231,0.9265020366947165,0.4385485293858228,0.5522536718460189,0.5108875584965098,0.3400672356105705,0.6230356719585988,0.27198281913549893,0.6018089576950534,0.03274096325765269,0.8943451461665007,0.7255773966143753,0.674387272666799,0.39992623766995106,0.6628394834979677,0.6689394749770807,0.7499005846951803,0.7113774574879563,-0.21025990801036,0.30306076141636495,-0.06559921035845877,-0.5607699107132817,-0.41301545890066277,0.17330252172928207,-0.1533787158135626,-0.5642748314216244,0.6629461462269529,0.6109894421789087,-0.16798379153566678,-1.037201358112711,0.2323010743124345,0.009416623934370524,-0.17340668801863496,-1.0018912471365637,-0.531119799989243,3.0669704580342203,-0.4307567985662648,-0.6252749945104809,-0.20482207774930106,-0.17367058003373523,-0.6476693189591319,-0.27758078603827635,-0.16734087426589492,-0.34432487518026567,-0.6445788853429941,-0.37150989815131036,-2.5590294778165767,-0.560861435925907,-0.4259349312840677,7.537921529816559,-0.47646866850140907,-0.33235761768401567,-0.49073732161185474,0.0,1.0,2024-10-09,0.971158731203836
0.22147651006711408,0.2164179104477612,0.09090909090909091,0.0,0.0,0.0,0.3333333333333333,0.0,0.0,0.0,0.0,0.0,0.0,0.0,0.0,0.0,0.0,0.0,0.0,0.0,0.0,0.08132252881154764,0.17241488020176546,0.16268309659980998,0.1270510945316437,0.6198657738649027,0.19068588414321644,0.3838728441154271,0.029556109250526586,0.37193757445964026,0.2428202572436452,0.5727999282095126,0.5421756793836261,0.5164020230914019,0.30957567355797266,0.3571192347133554,0.5299298250475726,0.4639220589162303,0.8809743015739653,0.9243141066468585,0.4556181055248091,0.54172008075914,0.5164020230914019,0.3498148392286584,0.6244112745394803,0.2376223139552186,0.5702660517801995,0.019720100670539698,0.8943451461665007,0.7650556814297402,0.8915213158707037,0.36925129896648556,0.6589305820629736,0.6653151638757311,0.6453028408993613,0.6043667686508685,-0.5819010486009104,-0.4114019414684948,0.8980769500083176,0.9771033765255076,1.3525007610335678,-0.626911951463681,1.0114139161206561,-0.30406773549653027,-0.96497003247873,0.4535758786269822,-0.3999187504467179,-0.09546746917393613,-0.8279188900852323,1.4957575594611539,0.49227504442078396,-0.5686161407499665,-0.5616048393623481,-0.8769174875311267,-0.550052468024131,-0.8511972438310816,-0.22717065434419784,-0.07970142798457236,0.169836913292129,-0.3277865968522982,-0.21947291680155873,-0.4118572406497831,-0.811043710122481,-0.34105303353209854,0.9595947009329197,-0.9741810192307796,-0.522612965224795,-0.6641177939709437,0.5511665357324671,1.5290159511636683,-0.645057912359116,0.0,1.0,2024-10-10,-1.0054470265604465
0.3221476510067114,0.3208955223880597,0.13636363636363635,0.0,0.0,0.0,0.0,0.0,0.0,0.0,0.0,0.0,0.0,0.0,0.0,0.15384615384615385,0.0,0.0,0.09523809523809523,0.0,0.0,0.18511755133057653,0.27746952501050864,0.18152298660777544,0.22495360070797332,0.656386191989764,0.19067668540580887,0.39023192230834614,0.03468580451858812,0.27451838192470746,0.2712359703273697,0.5875672584872405,0.55534517428808,0.5244054665743612,0.31841998244461855,0.36117936480617985,0.5443147453749821,0.4755957919804956,0.898540317685175,0.9267440571929642,0.49551662748579495,0.5672313501799182,0.5244054665743612,0.37109094750661775,0.6208903313799121,0.22558136280393148,0.6204828635592189,0.0,0.9827270747834433,0.8145100843126127,0.9350442202650455,0.3999255684938108,0.6325185463198831,0.638401846390054,0.6901833808053306,0.6492669367600843,-1.259973005584694,2.325617332854783,-0.833142796204161,-0.9012827772085066,-0.5739028305292367,-0.5510910914737218,0.09175929852072517,-0.07138005068326525,0.918247653465757,-0.5879787506959444,-0.2534974594525191,0.2737714703912305,0.23157558874252848,0.7745169301000046,-0.48470485374925915,-0.02207157811614544,6.1847606338987156,1.5539563302238288,1.829856268674904,-0.4182548812610682,-0.045679021658653174,1.5265859049612394,1.0480196563070254,3.776523991067636,-0.02918167134118546,-0.0794421850390172,0.4268887494028356,-0.25753414381312373,-2.5215849732154956,1.8552974619443376,-0.2469178357223154,1.5660572536259736,-0.2831418515955067,0.7611093086237566,0.053250304872060075,0.0,1.0,2024-10-11,0.558048041423298
0.02684563758389262,0.02238805970149254,0.13636363636363635,0.0,0.0,0.1111111111111111,0.0,0.0,0.3333333333333333,0.0,0.0,0.0,0.0,0.0,0.0,0.0,0.0,0.0,0.0,0.0,0.0,0.03871683962873464,0.048171500630517027,0.08033302453820451,0.05369104831671972,0.656386191989764,0.19067668540580887,0.39023192230834614,0.038812718281673306,0.17709918938977443,0.3032539061466334,0.615063195470344,0.5684167727262128,0.5324089100573168,0.32494926684176306,0.3652394948990061,0.5564866010366369,0.4864048040770381,0.9097131991510964,0.9313468980264252,0.5142904153923494,0.5803355345378652,0.5324089100573168,0.3879269565125849,0.6208058244326198,0.22558136280393148,0.6204828635592189,0.0,0.9827270747834433,0.8604320298467085,0.9318763654258323,0.3999255684938108,0.6325185463198831,0.638401846390054,0.6901833808053306,0.6492669367600843,-0.22808063975865336,0.5637282897776346,-0.2740910529017145,-0.9113447229799232,-0.4828243108383093,-0.22875084754194833,-0.1092437293738818,-0.6510148519106496,0.7785179653773329,0.921193221269465,-0.19641332051901378,-1.237294493108713,0.1962738531322563,0.000872984432867467,-0.2092527600301826,-1.1290386542031563,-0.12631277622160217,0.38820488009328036,-0.46883636896121944,-0.4371631696494727,-0.1974443487598098,-0.18085964206634167,-0.0061902229395897216,-0.3245389888853767,-0.15245876589360036,-0.1954179143097947,-0.3451560919017958,-0.3620008355870539,0.2893123523901589,0.16411198184744,-0.4455400997348419,0.4380665158359373,-0.5331056784176949,0.5373966330823473,-0.3764070121587374,0.0,0.0,2024-10-12,0.0
0.38926174496644295,0.3880597014925373,0.2272727272727273,0.0,0.0,0.0,0.0,0.0,0.0,0.0,0.0,0.0,0.0,0.0,0.0,0.5384615384615385,0.26666666666666666,0.05555555555555555,0.2857142857142857,0.0,0.0,0.31196754103446467,0.5533312316099201,0.3726632196775321,0.3230343293304982,0.656386191989764,0.19067668540580887,0.39023192230834614,0.04145885539005317,0.1703900059243577,0.30560851074209805,0.6298166591809746,0.5826779523907337,0.5392724589529898,0.33147855123890757,0.36885901526206943,0.5667858635195753,0.4964131486108734,0.915749888157421,0.9364657592856808,0.5187488356290662,0.5803355345378652,0.5392724589529898,0.40298721922695435,0.6202518521328777,0.22558136280393148,0.6204828635592189,0.0,0.9827270747834433,0.9030738364140831,0.9624348396355037,0.3999255684938108,0.6325185463198831,0.638401846390054,0.6901833808053306,0.6492669367600843,-1.5210338723517292,0.8424350613950188,0.6912585468705544,-0.27274941040988676,0.6209254413137434,-0.7091453768857094,1.5091488990775959,-0.4371127920183075,-1.3832742299270648,-1.063896327648732,1.8786593943312064,1.154586881477322,1.3339016324014155,-1.6942796918089267,-1.852710009489975,1.48406528460796,0.10619445781883118,-0.062016773011602626,-0.16751284859577636,0.3156953795267291,-0.10301759067962443,-0.1311687126120738,1.5044168524858974,-0.17592640328900136,-0.07465224679805574,0.6002504992084283,-0.22579929652066993,0.12729838897975645,-1.6909490491752814,0.8250116461325279,0.23154447398681768,0.8738275940385032,3.2404647676202663,0.19914190317001557,-0.17152405930186954,0.0,0.0,2024-10-13,0.0
0.2684563758389261,0.2537313432835821,0.045454545454545456,0.0,0.0,0.0,0.0,0.0,0.0,0.0,0.0,0.0,0.0,0.0,0.0,0.38461538461538464,0.13333333333333333,0.16666666666666666,0.23809523809523808,0.0,0.25,0.16989422298946122,0.17485287936107607,0.20641514823577498,0.1720968178074952,0.7031802876711284,0.16393858397264557,0.3797333569602279,0.0365774504574167,0.15224971889100547,0.2773526761711954,0.6454729153251035,0.5961572914262225,0.5483033675409406,0.3396298547791723,0.3731331036369525,0.5845180939976498,0.5105413543555741,0.9384416213287494,0.9459609417853164,0.5565602830159649,0.645423616703585,0.5483033675409406,0.4333746136298391,0.6113411399812385,0.22544763414346392,0.6206046989876889,4.451748938660849e-05,0.982727074783443,0.9426697996552167,0.958764128132028,0.4286547341726461,0.7959801001381491,0.8004012429636066,0.7182399019736554,0.676872757749091,-1.4556107661456916,-1.6455264005077306,2.7788578905689927,1.9104897381366541,-0.6029997131467224,-0.9790589143595819,-0.45860186419724636,2.576158056272559,-0.753919558469471,-0.8229313382013623,-0.40544650577870683,-0.012181588069677193,-2.468523316069198,2.8499037845883044,4.692358340261419,0.09853687078939868,-0.4554400462367838,0.006122439401759332,-0.2052877890641941,1.0981119360653482,-0.09381660796960867,-0.18227545944544907,-0.53015347188146,-0.29193283002278053,-0.1690101620272561,-0.3058344166256917,-0.5469918623958424,-0.36352641292573906,-1.3893329041289495,-0.24807388381574194,2.0549394298652524,3.802652862889553,-0.5006230953517785,-0.16224104198037909,-0.4381875264235559,0.0,1.0,2024-10-14,-0.9162005418698936
0.3557046979865772,0.34328358208955223,0.13636363636363635,0.0,0.0,0.0,0.0,0.3333333333333333,0.0,0.0,0.0,0.0,0.0,0.0,0.0,0.07692307692307693,0.0,0.0,0.047619047619047616,0.0,0.0,0.10114149019599365,0.18901849516603614,0.18730936699256692,0.16509083199154365,0.6566263002678916,0.27916853926678176,0.2426603403239913,0.21957118069098736,0.15762848359237336,0.4246685015238508,0.6536023312066748,0.6041112885577,0.5549207250548118,0.34681054794496724,0.3767559826972189,0.5905510892380423,0.5187867500038585,0.9325342025480267,0.952151262435643,0.5280062525706897,0.5088393323148273,0.5549207250548118,0.443380641735601,0.6143006951533625,0.2365933832051923,0.5366493758725919,0.09610258265686317,0.6970596000864686,0.9380783491184492,0.8770726361407762,0.39154299016961147,0.6327964416619419,0.6386718843499894,0.6608116284512332,0.6195403070451573,-0.24427737366955243,0.5403442764396754,-0.23878838565390512,-0.828093597110937,-0.4500183141071092,-0.1927003703935158,-0.14596912283058813,-0.5432981616524954,0.757829684503673,0.7192002997462986,-0.2070129561361679,-1.0201642436981588,0.17520286483433276,0.1310001323964261,-0.004038566489479173,-0.9586948684793353,-0.5006233594079573,-0.011992399654948804,-0.5476131290518019,-0.7870366893226994,-0.21005411812726982,-0.19531563696942852,-0.4357699334327037,-0.3177005100096385,-0.06756248486438333,-0.26840375420359924,-0.5965545104032075,0.4205782409911971,0.4950727182945618,-0.764153403701853,-0.4919187319919316,0.799927187578448,-0.4910154043354905,0.08147889755405614,-0.5210411797873309,0.0,1.0,2024-10-15,-12.07285285468782
0.20134228187919465,0.18656716417910446,0.045454545454545456,0.0,0.0,0.0,0.0,0.0,0.0,0.0,0.0,0.0,0.0,0.0,0.0,0.07692307692307693,0.0,0.0,0.047619047619047616,0.0,0.0,0.1696907329048061,0.17493694829760403,0.2551618746969207,0.1719308865644858,0.6850350349074619,0.2246476226520223,0.24158996100490193,0.3018102244443691,0.13830688005507374,0.361688207771642,0.6599378867983052,0.6154370263434057,0.561829822483018,0.3546517148940165,0.38069358808659537,0.6011304448949666,0.5293726263729788,0.937524901570277,0.9582911867778489,0.5275708281015219,0.6688350668648206,0.561829822483018,0.4603412431554865,0.6123496226416787,0.2141308146072416,0.4990387441706603,0.07616473684432212,0.6970596000864688,0.9338148593343081,0.8421124543832573,0.424688527185376,0.6103915289833662,0.6162462461374711,0.697714209063251,0.6563776225574117,-0.8710497171275248,-0.8625690581024733,1.557421443950693,0.47040498249188306,-0.5512187097100909,-0.6215774738262573,-0.30657804024352686,1.6599605666872979,-0.4856066144894269,-0.0038452357085216288,-0.42757680754048666,0.11265773533182986,0.9249129735428556,-1.3427551719272481,-0.7841934145165227,0.1100720377361406,-0.4704339083610349,-0.8128428463386572,-0.3987178337670906,0.6726784070969153,-0.1787901732553171,-0.19897159065940812,-0.7250637062721306,-0.32029560397736895,-0.19447759294758746,-0.3864725500321608,-0.6885659172019707,-0.39242625594494746,-0.1856141800411562,-0.508012695906966,-0.10272913835557715,-0.3365938112615368,3.7910402914273895,-0.3587165679072854,-0.4890725710564175,0.0,1.0,2024-10-16,-0.1072192250270998
0.4899328859060402,0.5074626865671642,0.0,0.0,0.0,0.1111111111111111,0.0,0.0,0.3333333333333333,0.2857142857142857,0.0,1.0,0.0,0.0,0.0,0.07692307692307693,0.0,0.0,0.0,0.0,0.0,0.3853426064999003,0.6255779739386297,0.6802993788532354,0.5584415983480623,0.6839909972140301,0.22632704928157862,0.23482445569215993,0.36057561825737056,0.12955480741864256,0.36740021591903227,0.6660425584109397,0.6334701846873099,0.5691800909761575,0.36367336585971266,0.3845562752746865,0.609881015784361,0.5390659035516272,0.9379381445209192,0.9633014682580008,0.517810705546893,0.6629091874510018,0.5691800909761575,0.4748149899270544,0.6130368703266944,0.19330799774445995,0.5820242707595202,0.056749775431606087,0.8247109577892502,0.9483373546595473,0.7956582971332912,0.39142081772559667,0.6283652886358373,0.633858725289442,0.6742265108747976,0.6326515340108552,0.14853364484535506,0.05902975441044327,-0.18952811538128014,-0.08136181984299952,-0.4258721208862298,-0.4358053879390461,-0.23501302924724737,0.706921050390952,-0.025470817449406144,0.22766842641438081,-0.23556815547731155,-0.3942525671260395,-0.0068572598997963695,-0.5032199185617198,-0.40199133586942404,-0.3659330322236262,-0.5274308374337394,-0.8526808588977453,-0.5464489264299266,-0.742063199975086,-0.2300606658972386,-0.19558839236669195,1.0441596636584813,-0.33360184861425696,-0.22651406271540406,2.373261246040348,-0.6490461301455401,-0.2384617108225643,0.942311932431306,-0.7350477731458003,-0.5046631150717582,-0.6384435443562761,-0.42864296309551503,-0.4852141972158894,-0.5275912793350848,0.0,1.0,2024-10-17,-0.6784238244711971
0.24161073825503357,0.208955223880597,0.09090909090909091,0.0,0.0,0.0,0.0,0.0,0.0,0.0,0.0,0.0,0.0,0.0,0.0,0.0,0.06666666666666667,0.0,0.23809523809523808,0.0,0.0,0.16326136504283562,0.2312631357713325,0.2500755052074601,0.21516058456962353,0.7082123658312156,0.21246060969231537,0.09440007886922319,0.5367963788893051,0.11859610498053841,0.35343654995851415,0.6775036706945095,0.6475393227052937,0.578181120282661,0.37354256918487927,0.3879263535398181,0.6219529309329612,0.5505574050669129,0.9459627194816841,0.9692193516730019,0.5256523928734873,0.7132921509635636,0.578181120282661,0.4943090289112657,0.6125087924475503,0.16507611682172119,0.5482059115317836,0.04145408128410505,0.8247109577892497,0.9618225288901265,0.8690468162183685,0.4236797919512254,0.6090994753527594,0.6146837715168265,0.7038413312708225,0.6621295579902003,-0.1779114142018418,0.36176467231684084,-0.14647049695135356,-0.8419085496648653,2.3866352616732693,-0.7372786983238927,-0.3544354479917156,0.16017879487393039,-0.8581196081461292,-0.6712011374990325,-0.18184500592990074,0.040365715763960495,1.026628700347369,-0.22831776208021454,-0.5201055852367931,-0.025884167767089076,-0.23324179160590675,-0.7998961712520949,-0.33974790563444723,-0.751062004732948,-0.20869225322215088,-0.19969311742711016,1.3995236811946372,-0.3194796571676039,-0.219189796334787,-0.39611656544667695,-0.41571830619226946,-0.38871355422907405,0.7922372271489125,-0.7554306268315183,-0.45978190097868,-0.1626684424164629,-0.5174183523034988,-0.43918006452353237,-0.5256762580163125,0.0,1.0,2024-10-18,-14.1775031902306
0.4832214765100671,0.49999999999999994,0.09090909090909091,0.0,0.0,0.0,0.0,0.0,1.0,0.0,0.6666666666666666,0.0,0.0,0.0,0.0,0.38461538461538464,0.13333333333333333,0.0,0.0,0.30000000000000004,0.0,0.3117844269821907,0.4120638923917612,0.5452542930708519,0.3794048599417397,0.7082123658312156,0.21246060969231537,0.09440007886922319,0.6238079503465149,0.10763740254243404,0.35781989621896626,0.6786164908881993,0.6565391420990201,0.5871821495891627,0.38136924624703816,0.3920174463996311,0.6321676283663926,0.5611976842477322,0.9491196866354732,0.9747049415993558,0.5219173739834532,0.6527967504106859,0.5871821495891627,0.510994997274496,0.6141540343474157,0.16507611682172119,0.5482059115317836,0.04145408128410505,0.8247109577892497,0.9743444763899503,0.8957040250697124,0.4236797919512254,0.6090994753527594,0.6146837715168265,0.7038413312708225,0.6621295579902003,-0.8497137827080351,-0.6997772799570485,1.3969311586014659,0.8521087172229069,-0.25021945630419845,-0.8160149112020865,-0.3534892233507255,2.459076982251807,-1.1548536458365595,-0.8472850186040164,-0.10438311044335141,0.1732078372828859,0.09135529478705616,-0.27833295855672274,-0.22163662457902142,0.006636676041408121,2.5321049725819234,-0.7623314494277702,-0.4249802908830153,0.27842298290554146,-0.13472297216545542,-0.1581980105720183,-0.17253405883375506,-0.31339425231096535,-0.16030317793640533,-0.35859807145990974,-0.015020438623656448,0.44469684642534085,-0.015192309913762445,-0.291350306771091,-0.19951162824728164,-0.0501316415196335,0.1867245575317649,-0.37517979880583885,-0.05101618394071666,0.0,0.0,2024-10-19,0.0
0.34899328859060397,0.3805970149253731,0.0,0.0,0.5,0.1111111111111111,0.0,0.0,0.0,0.0,0.3333333333333333,0.0,0.0,0.0,0.0,0.7692307692307693,0.0,0.0,0.19047619047619047,0.0,0.0,0.26019344799760896,0.44883354350567467,0.4524830910674658,0.3787273073661181,0.7082123658312156,0.21246060969231537,0.09440007886922319,0.6663741415365666,0.08565391587913984,0.3668127142179445,0.6900245043660513,0.6670247128072839,0.5944534117032134,0.38919592330919706,0.395658580799255,0.640810833886988,0.5710497946003432,0.9484270241153749,0.9789285763136457,0.5110140717611882,0.6527967504106859,0.5944534117032134,0.5260109297996465,0.6142938596348246,0.16507611682172119,0.5482059115317836,0.04145408128410505,0.8247109577892497,0.9859719990683578,0.9375259209169793,0.4236797919512254,0.6090994753527594,0.6146837715168265,0.7038413312708225,0.6621295579902003,-0.7478490346288077,-0.5997495785800097,1.2155287700013713,0.14471285333287415,-0.5310713464979566,-0.7178017161886601,-0.34425450000003216,1.4713261399633106,0.030237365514750633,-0.44877188182053673,-0.6660459381764563,-0.12220008016854479,-1.090350063385741,0.2925609819895315,0.5156106200761219,-0.4113503991674745,-0.3861401218950071,-0.8410720754208426,0.2643015661724107,-0.018691129683773084,-0.06903245577520298,-0.19059591202922196,-0.10300943279261913,-0.3416424978771904,-0.2202895543856304,-0.3935623201727475,1.292635903565058,-0.39371929866016053,0.4110732299374757,-0.600728365465319,3.3684150131737685,-0.17066683541307193,-0.4008922008564166,-0.46124059872343354,1.8472713127436398,0.0,0.0,2024-10-20,0.0
0.6442953020134228,0.6343283582089553,0.18181818181818182,0.0,0.0,0.0,0.0,0.6666666666666666,0.3333333333333333,0.14285714285714285,0.6666666666666666,0.0,1.0,1.0,0.0,0.0,0.13333333333333333,0.0,0.0,0.1,0.0,0.2283837590590921,0.29290668348045396,0.37625754981508985,0.3164247348172913,0.6970516640625197,0.21673408027081084,0.06926141136332165,0.680393538498717,0.07272677084028234,0.37808650157606816,0.6926819248508727,0.6718511659087953,0.6047871611923998,0.3966357380620025,0.3991435963924168,0.6459735891777161,0.5790126858162292,0.9397776470334016,0.9802491377904352,0.48593149784791567,0.6232483589547548,0.6047871611923998,0.5322253671141883,0.626199307185118,0.1505414079828341,0.5613799413290226,0.04741255872269606,0.8247109577892497,0.9967689844125931,0.9107943925917277,0.3911099376098406,0.5183163375310437,0.5271634180890836,0.6697452114168726,0.6279520310116724,-0.3135264330249113,0.7153042052660918,-0.3252909839432693,-0.7190523120126137,-0.2729062739462579,-0.4640349190441045,-0.19755270861492255,-0.5874299030565,0.3365968295563466,0.11007290481753486,1.005915801371186,-0.2593951001861263,0.5681135146796706,-0.35221573719677757,-0.5006595200072729,-0.18784165963384045,-0.38474706334702435,0.47752574948587156,0.35235460139514135,-0.08086472985269513,-0.2103271649618129,-0.058450619430915195,-0.5262658618271867,-0.2560326873892267,-0.18640109657795562,-0.348190073853772,-0.7086565086185362,1.1382697833379487,0.3012398282933866,-0.520206769871906,-0.3688220768308675,-0.692431112389196,-0.4482010255029039,-0.39074249251175563,-0.5821356817937747,0.0,1.0,2024-10-21,-2.957320250188656
0.32885906040268453,0.3283582089552239,0.045454545454545456,0.0,0.0,0.0,0.0,0.0,0.0,0.14285714285714285,0.3333333333333333,0.0,0.0,0.0,0.0,0.07692307692307693,0.0,0.0,0.047619047619047616,0.2,0.0,0.12626719193952265,0.21922026061370323,0.26122430776543537,0.19959223933430845,0.6941494635797545,0.20820159427260324,0.06997505355351241,0.6460223163189005,0.06254327468295906,0.37068619909629974,0.6949284214570577,0.6763331662397549,0.6148669020459181,0.4039749541244877,0.40258801524848487,0.6497828050295498,0.5860842371838846,0.9286546620597832,0.9786585807552541,0.46077941270463196,0.7781088853187837,0.6148669020459181,0.5348823980258235,0.6404471601735295,0.1385963963770095,0.5019582549583391,0.04093184119786286,0.7777795812511659,1.0,0.8650908414106769,0.35916079193745976,0.5866945626741837,0.5930643732803412,0.7193796104442199,0.6782440746097467,-0.02502052961590232,0.25358925598049115,-0.19566314069262927,-0.6249920760878809,-0.3694407269123651,1.2519241601594402,-0.16995532833970298,-0.4264305690104596,0.2751070518681259,0.4894419354228356,-0.23668478165287654,-0.5903797716616492,0.26132120497419814,-0.34112735962098417,-0.25771792789092773,-0.5386397533791704,3.686286807546538,-0.8185733869729619,-0.5311741901773434,-0.14707119985341432,0.2825658617607974,-0.183238670565015,-0.6261299015160574,1.019556276627562,-0.06161615741328288,-0.31228427324708247,0.15428275926550086,-0.3803532292069808,0.49126146717297564,0.6342333693137274,1.5908095584084243,-0.5904254600090088,-0.4136487804231948,-0.33737650158224064,-0.3884995324337555,0.0,1.0,2024-10-22,0.086511499558628
0.30201342281879195,0.26865671641791045,0.045454545454545456,0.0,0.0,0.0,0.0,0.0,0.0,0.14285714285714285,0.0,0.0,0.0,0.0,0.0,0.0,0.0,0.0,0.0,0.1,0.0,0.1594083492008758,0.2476775956284153,0.3412733762710984,0.2560534175690458,0.638000830947969,0.23324449981208292,0.08698487509322816,0.5477164165579889,0.06118817980854274,0.4058639490690209,0.6794014738695244,0.6741510673165259,0.6218030298008301,0.41369143050772195,0.40501524089079055,0.6421858489745826,0.5867989507097313,0.8921116162762752,0.9686897582469521,0.3883911380031951,0.5216467467622623,0.6218030298008301,0.5251707268483194,0.6591829438173784,0.18308444834952864,0.4155364561130295,0.25578748082597846,0.24882016824416708,0.9264171262729322,0.6487405742378003,0.3253898620197031,0.45423990034098083,0.46560293422014276,0.6662185842880056,0.6252539874348505,0.09998921679193185,0.4011284509236098,-0.43968604546906503,-0.9076738853598619,-0.4876096737269531,-0.32463081108242264,-0.20240486778750788,-0.6147453293603005,0.9083062722275319,0.4520915167337209,-0.006599846200651636,-0.7417721696950316,-0.0888182459484303,-0.038508409067287266,-0.18455883356522534,-0.6663236314968909,-0.4248732584596985,-0.6139691759089007,0.04623430794975436,-0.6487450467307503,-0.2252247007064357,-0.13460714417511152,-0.6241673409778516,-0.3322216560325318,-0.22489787198407718,-0.36107316906311715,-0.7877675547930967,-0.39533326710366645,1.2709512211606226,-0.4055671547274853,-0.4285620808477235,-0.5773877730870864,-0.49155087000152853,-0.4327648701276993,-0.659819917192917,0.0,1.0,2024-10-23,2.060238636985545
0.25503355704697983,0.208955223880597,0.5,0.0,0.0,0.0,0.0,0.0,0.3333333333333333,0.0,0.0,0.0,0.0,0.0,0.0,0.15384615384615385,0.3333333333333333,0.05555555555555555,0.14285714285714285,0.0,0.0,0.1694897830682197,0.19837116435477092,0.2599225133100862,0.2330212391991052,0.6509885986801693,0.2346085411590935,0.07225810588227544,0.385571909524172,0.062518807692171,0.4071489520051197,0.6667467094523536,0.667956604880362,0.6259861986904109,0.42417875120288073,0.4070986814118456,0.6382604669749288,0.5888099610278914,0.866723234515188,0.9546728684379007,0.35341580704517433,0.47412279841332494,0.6259861986904109,0.5238507599307471,0.6669709362714844,0.15816538790531942,0.38648850055732176,0.23035678033531026,0.24882016824416714,0.8580901720977969,0.4961483640317192,0.35926002119949985,0.47621998450813324,0.48670209494908295,0.6876894361011696,0.6468277773411852,-0.8017120183577596,-0.6662913079121141,1.3232373362130132,0.3601897051752794,-0.532053378471515,-0.5530122375903019,-0.25258807358600105,-0.34438650427035467,-0.005298801276041431,0.17126266509061958,1.5802454404161947,-0.5966034046603915,0.3891684521198563,0.27612051440079205,-0.4512001239897489,-0.5607688510680319,-0.06641943651701317,1.1882607153737286,0.3560516674136541,-0.3537607084822895,-0.14059605821607402,-0.1250698974066174,0.7782082905818899,-0.3113470086918231,-0.1484795893744752,-0.1003744462623594,-0.4712467792375965,-0.3768049997434958,-0.16887984604238523,-0.12374113846837656,1.3513471728697162,-0.11996085002399055,-0.43357789455244716,0.4317711284533218,-0.374638748988371,0.0,1.0,2024-10-24,-1.7477071852657122
0.30201342281879195,0.3134328358208955,0.0,0.0,0.0,0.0,0.0,0.0,0.0,0.0,0.0,0.0,0.0,0.0,0.0,0.07692307692307693,0.0,0.0,0.047619047619047616,0.1,0.0,0.19977732293525124,0.2523224043715847,0.2956185527726359,0.25332784326257696,0.6491722381812943,0.22912215134814065,0.06585991684103976,0.33692151321267383,0.0629763613318659,0.39937197025692206,0.6536902655346131,0.6670719064066217,0.6300455770220825,0.43520601456120467,0.41030943192414604,0.634588967616299,0.5904833144092159,0.8437996216142338,0.9380040812306758,0.33050339421284436,0.5001354543308179,0.6300455770220825,0.5215907551809114,0.6752862406941054,0.17051587802920798,0.5071539855030435,0.18458198038584095,0.4939184559237253,0.8301292109335647,0.35734995626499055,0.32578897778947,0.43543325321216675,0.4478789374165433,0.6361851731348452,0.5949280605406675,-0.7351210725763818,-0.5861157496953207,1.1918821461368665,0.28523122444185484,-0.473365111236032,-0.5051476967164722,-0.2693899179504842,-0.6181396684788123,-0.4817537006039117,0.15344582299235945,2.7668437971014814,-0.3545665911099929,0.3545186437401602,0.2755347662129011,0.19718551890312416,-0.6632757957599585,0.1653285319181271,-0.6179955681470711,-0.39007501532260347,0.8949488207786145,-0.16864061162393057,-0.18358458156573157,-0.46464684928270766,-0.2501716327618773,-0.20641339829061553,0.23985626407467778,-0.40778246937600415,-0.37935380312324274,0.12289007832287913,-0.21619043915744562,-0.013752244176775976,-0.3632266334270153,0.8619134367934866,-0.09311532046513103,-0.4436883324549707,0.0,1.0,2024-10-25,-0.7728150385678312
0.3087248322147651,0.291044776119403,0.045454545454545456,0.0,0.0,0.0,0.0,0.0,0.0,0.2857142857142857,0.0,0.0,0.0,0.0,0.0,0.0,0.0,0.0,0.0,0.0,0.0,0.16140914586590843,0.22653425809163513,0.26089970593897144,0.19645798252190907,0.6491722381812943,0.22912215134814065,0.06585991684103976,0.24759735166199806,0.06343391497156081,0.39916857542845696,0.6431019578239905,0.6628154672786497,0.6341049553537523,0.4496709152310867,0.4141580995820924,0.6314823143128425,0.5920327156882195,0.8238736848634538,0.919927151824085,0.31833703535570224,0.406033561510766,0.6341049553537523,0.5183963639239835,0.684324718053305,0.17051587802920798,0.5071539855030435,0.18458198038584095,0.4939184559237253,0.8041654612810636,0.38919826449008743,0.32578897778947,0.43543325321216675,0.4478789374165433,0.6361851731348452,0.5949280605406675,-0.6477559250546825,-0.17607687300947789,0.7562765266582139,0.17646142591107092,0.1831772722002458,-0.3028478687272535,0.038497090599721506,0.306181771708987,-0.004818183656937563,-0.6749776890436778,-0.08921761841797977,0.5269933519685462,1.5974686398915041,-1.4546828440459971,-1.0837366519840181,0.8849037143225431,0.17105115109426922,-0.39118382052925477,-0.45191268808330337,1.1685854713952322,-0.1086048902728392,-0.14871045979263486,-0.7070259238063146,0.243613378882726,0.1554427915089126,-0.214312399203237,1.561728413785632,0.4177747406344484,-0.1304890170850247,1.1006406717733916,-0.13863594516239125,-0.6900211147914486,-0.48798560557236104,0.7331187763098544,1.0746023602281078,0.0,0.0,2024-10-26,0.0
0.46308724832214765,0.48507462686567165,0.045454545454545456,0.0,0.0,0.0,0.0,0.6666666666666666,0.6666666666666666,0.2857142857142857,0.8333333333333333,0.0,0.0,0.0,0.0,0.07692307692307693,0.06666666666666667,0.0,0.09523809523809523,0.0,0.0,0.23846616578739854,0.2914144598570828,0.4018186734680628,0.33857501935864504,0.6491722381812943,0.22912215134814065,0.06585991684103976,0.04430563019234067,0.060579223593372866,0.40043969607009466,0.6331554579709984,0.6586829416012483,0.6420870664194887,0.46413581590096875,0.4185849480662345,0.6288536076714566,0.593467346502111,0.8065234309853292,0.901336660000839,0.3138998523358473,0.406033561510766,0.6420870664194887,0.49431258954169444,0.7158757686961295,0.17051587802920798,0.5071539855030435,0.18458198038584095,0.4939184559237253,0.7800562651751695,0.3840200440736406,0.32578897778947,0.43543325321216675,0.4478789374165433,0.6361851731348452,0.5949280605406675,-0.7152928729148832,0.7571543774084705,0.013327292790866705,-0.8643768148333614,0.33824609599604133,-0.3838374302992723,-0.18466219976744727,-0.11622217769019977,0.006213674050012018,0.19440731537494163,0.06429332889929387,-0.4770015551736566,0.7386143573982098,-0.5837808687931694,-0.5053786853105288,-0.5242333880956792,-0.39027443124229844,-0.8060682786961125,0.1423648034038012,-0.7275930747505893,-0.2046058672841303,-0.179120790560368,0.028652730347370224,-0.33270958863150635,4.1162855249724615,-0.39721005054936787,-0.7526199364925505,0.2850139866656063,0.6525573984230046,-0.6282935467805041,-0.4550954100533664,-0.47343699141484225,-0.45688994318298726,-0.17188086756222543,-0.6382789027154433,0.0,0.0,2024-10-27,0.0
0.4429530201342281,0.417910447761194,0.045454545454545456,0.0,0.3333333333333333,0.0,0.0,0.3333333333333333,0.0,0.0,0.0,0.0,0.0,0.0,0.0,0.0,0.06666666666666667,0.0,0.0,0.0,0.25,0.2510455823194411,0.2933165195460277,0.4218542272472467,0.30944794060890624,0.6652503167033288,0.25409015288301573,0.06683881672195358,0.038901967957856345,0.06680847762410047,0.4320352696202514,0.6391815523700775,0.6535839152112528,0.6472379418511647,0.4791580294276887,0.42323670090505416,0.6297276482677487,0.5964659848575575,0.7985177062509885,0.8845590942174973,0.329563546523029,0.45428340597219163,0.6472379418511647,0.485061179126447,0.7313676335979817,0.14557904475376837,0.5286922437807956,0.19903046931070068,0.4939184559237254,0.7576691545054113,0.42985666874788203,0.36107635643915703,0.4781013679158648,0.4886113580507949,0.7048935162194405,0.6640863316201786,-0.6828961641105925,0.5054596089341165,0.20047393701910576,-0.5139206734344942,-0.48504056949939095,-0.4651231778240451,0.00015013848756015159,-0.3285354386554888,0.29373382253148267,0.25368334478801935,0.6130663671391466,-0.31721535516652377,-0.7903738480048058,1.28444944256355,0.8373075486346891,-0.6173485788343687,1.0360933676374022,-0.840473505405302,0.22053155675481556,-0.24243275092859648,-0.16608918783580634,-0.1743287193470457,-0.4973947158402725,3.2694942162031904,-0.18591527547253603,-0.33377486569539255,-0.5479983638798199,0.29599928860064095,0.5094815050956863,0.40504346589630746,-0.34218675542486016,-0.6459411680896475,-0.28477818451860737,-0.43122824808874133,-0.5108686465442299,0.0,1.0,2024-10-28,0.1191587947760863
0.9865771812080537,0.9253731343283582,0.0,0.0,0.0,0.0,0.0,0.0,0.0,0.0,0.0,0.0,0.0,0.0,0.0,0.38461538461538464,0.0,0.05555555555555555,0.09523809523809523,0.0,0.25,0.30838941246224083,0.36060319461958806,0.5030007321888156,0.3369679445420912,0.6750641690647763,0.2787716794529117,0.06662888913793463,0.028709375508637027,0.07159229712211723,0.46366740730675704,0.6445057504541021,0.6496496631556843,0.650146724643589,0.4922538831748273,0.42802573246964215,0.6323584023740629,0.6002620171430788,0.7951469470731378,0.8703348809730009,0.35162453105312297,0.33996492918320775,0.650146724643589,0.4843727003878513,0.7366055260490683,0.13771976188524937,0.46838260339703974,0.27649878497579783,0.2887846516022122,0.7071817118844048,0.5036713796519924,0.3981592302715402,0.49802039496274764,0.5076885453002578,0.6602860116482392,0.6187684890318451,-0.29285381630377544,-0.7957752124853504,0.960406979408119,1.3988049108976464,-0.21959012286715127,-0.28261239579698766,0.8611531841278854,0.025563020153777195,-0.2440826333294471,0.3265955121211285,-0.35239060866548433,0.4559913243802579,0.21555701612636682,-0.42928286960477663,-0.1815664946664378,0.5507783605280722,-0.18156654205861128,-0.5156817878521549,-0.1941427078137218,-0.4177778065562972,-0.15883554970276337,1.6695170829984343,1.5180529023628422,0.0945454937436051,-0.1668873479161742,0.6532528390148414,0.17356185208116084,-0.26744619177699896,-0.1141468789383904,0.20353268535148783,-0.3500613075240752,-0.4619975980765216,0.4795348517173058,-0.35573089396668517,-0.12090255125398734,0.0,1.0,2024-10-29,-0.025523494924351
0.4899328859060402,0.47014925373134325,0.0,0.0,0.16666666666666666,0.0,0.0,0.0,0.0,0.0,0.16666666666666666,0.0,0.0,0.0,0.0,0.07692307692307693,0.0,0.0,0.0,0.0,0.0,0.4581326041920579,0.6300231189575451,0.7757458644315997,0.568057928440615,0.6549664434662255,0.27509481270056535,0.06802346232451095,0.009251074334368992,0.08502467506476963,0.4521928305363422,0.6457871114430063,0.6433300771766612,0.6525389433004491,0.5037675296266055,0.4316659897572581,0.6307114869807471,0.601689002998711,0.7821835622675152,0.8558705327162623,0.3495497627985963,0.41538373614848045,0.6525389433004491,0.47974729029634133,0.7440548679210517,0.1240727326436164,0.4441487193236998,0.2434065857395804,0.31003325588593517,0.6633769025011431,0.5201899463804057,0.3613438357023444,0.5544922420883676,0.5620744162860013,0.6016795002787434,0.5606466005101844,-0.15461284003512882,-0.15311560751442227,0.2764519580993897,0.06144780272487837,-0.47601421950788964,0.8062382696731532,-0.24145515282871963,0.25519386469491273,-0.025234036663952034,-0.011088778516874268,0.010065092442784456,-0.17901457137589338,0.27219447187519547,0.03334464480835148,0.1381926377220317,-0.2162801053625797,1.0115871768632008,-0.8343585303375237,-0.42654826634345283,-0.7403011047737,-0.20411934480598534,-0.19817950079367266,-0.6302511651401385,-0.33291459732834794,-0.21981879128256698,-0.3560112461573912,-0.7790904179788879,-0.37210976363901266,1.1324007450613325,0.14398807564898716,-0.4683007077329306,-0.5295715268581448,0.06391028470089295,-0.48692487955907676,-0.6686808634183747,0.0,1.0,2024-10-30,0.1695988121999114
0.43624161073825507,0.417910447761194,0.045454545454545456,0.0,0.0,0.0,0.0,0.0,0.3333333333333333,0.0,0.0,0.0,0.0,0.0,0.0,0.07692307692307693,0.06666666666666667,0.0,0.0,0.0,0.0,0.19354371631806716,0.1936002522068096,0.32965996970759304,0.21204476456200297,0.54198096976216,0.35059542113133957,0.11085555152014281,0.052662105167807075,0.11047327315847744,0.5411639049320951,0.6220822713572183,0.6249252389856643,0.6447418753195944,0.5092437173175739,0.43385239467088255,0.607545044379628,0.5912727529935573,0.7206670447967981,0.8296595841704223,0.2480590507576094,0.059069885996992366,0.6447418753195944,0.5108010552786073,0.7074086720778006,0.19568240456798025,0.34616134773849594,0.6294555305240856,0.3148717855098515,0.6234015336736427,0.3435857347795974,0.3190360345616092,0.35716179418176597,0.37145762091909,0.5079351488756081,0.4684198434087515,-0.2468887121827212,0.6048775973624856,-0.29208412376368864,-0.8707447596172713,-0.45329120490824376,-0.2116639928915215,-0.10586325036429457,-0.6154604846239708,0.6356490182615755,0.8031804739683235,0.03087377826870418,-1.0864958226618815,0.4384638148832203,-0.06291226520017835,-0.2944503868741935,-0.9880848278262447,-0.021532234274757693,-0.3571300063203876,-0.4259813721150323,-0.188607748624317,-0.19589597276526985,-0.15323825471338476,-0.5528439001226173,-0.24999330295522615,-0.09680077513342765,-0.16712490762996315,-0.6137256602762446,-0.3532955750098584,0.4431422341477982,0.19226288064559546,-0.29916177519938975,-0.34023413461611396,1.3258473757674434,-0.37574754317333836,-0.5217332931847708,0.0,1.0,2024-10-31,5.2001374060201
0.46308724832214765,0.45522388059701496,0.2272727272727273,0.0,0.16666666666666666,0.0,0.0,0.0,0.0,0.2857142857142857,0.3333333333333333,0.0,0.0,0.0,0.0,0.07692307692307693,0.0,0.0,0.0,0.0,0.0,0.22801785524153165,0.30833333333333335,0.4270749536666176,0.36292542927027127,0.5663588420765544,0.26791059878524104,0.11556411935501543,0.07932643074142931,0.1227638581976862,0.4252303027370925,0.6037684819919518,0.6097581842323159,0.6386062343607151,0.5140583533190686,0.4382580641089717,0.5926404148963007,0.5841605803694545,0.6827165679147216,0.799659513283205,0.21532100613429894,0.16206901384142725,0.6386062343607151,0.5219479906268454,0.688856869560504,0.21036380823322143,0.29624652551273567,0.548300460906388,0.3148717855098513,0.5862815483338204,0.18833299471582507,0.35532880256474186,0.3981936802766177,0.41104452959567583,0.49660513382536775,0.4577654237346747,-0.30385329903427094,0.6236913352322092,-0.25519627525267985,-0.8284412361459985,-0.4215813727719606,-0.20880591369294263,-0.10193994198982381,-0.4921393004950026,0.5964640712239921,0.8824071420609452,-0.18441177123512795,-1.0532996944446735,0.31098336421402195,-0.10265772320236084,-0.22930857757956946,-0.9572018837675288,-0.4286490008925436,-0.34196604406999676,-0.39469144916102206,-0.7691615445546073,-0.21571829442195187,-0.20123799057920103,-0.6882011617290492,-0.33995233059677793,-0.13630013895294332,-0.4029529291616806,1.2172491487478154,-0.042059779866946465,1.249971557543399,-0.9219291841463015,-0.4871319093037932,-0.6218457882652907,-0.517829502802704,-0.48229569639276815,0.15969185530978147,0.0,1.0,2024-11-01,0.5433980625323409
0.44966442953020136,0.47761194029850745,0.2272727272727273,0.0,0.0,0.0,0.0,0.0,0.0,0.0,0.0,0.0,0.0,0.0,0.0,0.0,0.06666666666666667,0.16666666666666666,0.0,0.0,0.0,0.5682105249503706,0.7568411097099622,0.9386440450242493,0.6652582996349512,0.5663588420765544,0.26791059878524104,0.11556411935501543,0.09669080998441645,0.1350544432368952,0.4198158002726565,0.5818991018973971,0.601255228733157,0.632470593401834,0.5177778896130008,0.4430713339151513,0.5800288053334857,0.5775752353471368,0.652853151448814,0.7685526728079184,0.20575850883347002,0.07077718914675796,0.632470593401834,0.5296700234927929,0.6729557868115466,0.21036380823322143,0.29624652551273567,0.548300460906388,0.3148717855098513,0.5518129905182712,0.09037639882774956,0.35532880256474186,0.3981936802766177,0.41104452959567583,0.49660513382536775,0.4577654237346747,0.006421873468781678,0.5635235723763076,-0.4926538836903147,-0.48566258123788664,0.13285260895344525,0.29692975409983763,0.25452170907693206,-0.4015389679036194,0.02060291411951731,0.8888333092994434,-0.5945384953006891,0.20414045739129996,0.5370419889309814,-0.5332356801689767,-0.933022024306861,0.21613342154303136,-0.38726165416536545,-0.7892444827006461,0.26925735634381043,-0.26077020678018703,1.1245199900308738,-0.19764042779702035,-0.6563044139450392,-0.33452624728247987,0.7134236418131195,-0.40536939467298594,-0.6484194016032381,-0.3789867323856097,0.9269811515316431,-0.5991435589111448,0.9944614287079219,-0.7625005675922502,-0.27461127814132535,-0.3434645088107406,-0.6150800450960496,0.0,0.0,2024-11-02,0.0
0.4899328859060402,0.46268656716417905,0.13636363636363635,0.0,0.16666666666666666,0.2222222222222222,0.0,0.6666666666666666,0.0,0.0,0.0,0.0,0.0,0.5,0.0,0.3076923076923077,0.0,0.0,0.0,0.0,0.0,0.31231528478072523,0.35916351408154684,0.5741845014200625,0.36472916333779914,0.5663588420765544,0.26791059878524104,0.11556411935501543,0.10806914671714173,0.1515999843578555,0.4126654167833891,0.5578594349475372,0.5912107971694729,0.6231457908118152,0.5214974259069347,0.4470101016562129,0.5693574433957185,0.5714776936598067,0.6296660748128481,0.7381492269568942,0.2118358435094801,0.07077718914675796,0.6231457908118152,0.5278514786755206,0.6592801181355714,0.21036380823322143,0.29624652551273567,0.548300460906388,0.3148717855098513,0.5198064725466898,0.13970595659465418,0.35532880256474186,0.3981936802766177,0.41104452959567583,0.49660513382536775,0.4577654237346747,-0.2725066664723081,0.3270131733426325,-0.02822210116411975,-0.517131443610313,-0.43877922863833607,-0.2478369951991933,-0.1622179728362162,-0.23481104801352687,0.4598979322596111,0.5547857235506456,-0.017831796586219223,-0.7168053762116701,0.14054494929457256,0.058933299593590754,-0.09754417857266062,-0.8395604727705803,-0.5187590909144975,-0.3773870204747552,-0.5484380166556595,-0.6864145120925376,-0.19422131109368393,-0.1957950360545155,-0.4495271658802621,-0.2909142356055719,-0.20871475360153602,-0.32781678071289383,-0.7825739582191652,-0.33798793902886304,0.5696949330004129,-0.7987914269676474,-0.4665832657409162,-0.27367739337880903,2.361765396005814,-0.3663711643251777,-0.6014757024823634,0.0,0.0,2024-11-03,0.0
0.5570469798657718,0.49253731343283585,0.18181818181818182,0.0,0.0,0.0,0.0,0.0,0.0,0.0,0.0,0.0,0.0,0.0,0.0,0.07692307692307693,0.0,0.0,0.09523809523809523,0.0,0.0,0.32213712691457685,0.3727301387137453,0.5906279831613509,0.3339166533511966,0.5495395375749066,0.24236570500437596,0.11584266932777088,0.11127820225258346,0.14574338141759235,0.3818588326963477,0.5345447752578956,0.5793857148000026,0.6158474983710569,0.5246339563006917,0.45071359658031795,0.5570866604475384,0.5640845427309706,0.6045165182573342,0.7078414731997152,0.21266262389716817,0.05069082712482431,0.6158474983710569,0.5336235689841811,0.6430075801319886,0.1959102095518893,0.30467646573771545,0.5620064575487684,0.31487178550985156,0.4900861344302212,0.11865235695958518,0.3208943367049608,0.3466616624210434,0.36172824228508754,0.43724848879223244,0.4007667137464237,-0.8058665990404856,1.0904735513380381,-0.19004460140465276,-0.28904272810610276,0.14675897162305265,-0.5496891908900949,-0.25712041550780834,0.600278757654705,0.1141158006844098,-0.306800721527904,-0.5068626324767934,-0.1332398739073026,-0.24409498698657792,0.3190278418836079,0.616414016475251,-0.022780280533777824,-0.4767736542625114,-0.8219727026404495,-0.43839923364480954,-0.6245983475305399,-0.19295910220645518,-0.18973722142451951,-0.6661572455348762,-0.2431436843021499,-0.19212798025420583,0.2547576853863191,-0.8156350377051839,1.3820812593868639,0.9480896039893157,-0.8808320142886636,-0.40486096114845727,-0.6775402019296035,-0.22303636679953331,-0.47939094231661766,-0.6156660530757205,0.0,1.0,2024-11-04,0.0319726633892791
0.6577181208053691,0.6492537313432836,0.09090909090909091,0.0,0.0,0.0,0.0,0.0,0.0,0.0,0.16666666666666666,0.0,0.0,0.0,0.0,0.15384615384615385,0.0,0.0,0.0,0.0,0.0,0.4665253676198362,0.37899327448507775,0.6145689203065823,0.3951360636192677,0.6226950752313787,0.2642127063473916,0.16780198316180095,0.15495874826570202,0.15203955371372335,0.40767422214906,0.5523943164661764,0.5762432261302486,0.611598838265742,0.5300504173847251,0.4554404102402625,0.5608011495740284,0.5648388197719996,0.6180097381959413,0.6868063360314545,0.2927780987520949,0.29570576495619716,0.611598838265742,0.5275024086347209,0.6408727500061513,0.2149347607169021,0.4360431363096018,0.4690397710368336,0.0,0.41690132699647464,0.24317288014436808,0.35691809589944157,0.4458830763333786,0.45744882302188977,0.5489475296485931,0.5089757545315684,-0.45186858694371246,1.1993495887729608,-0.614273669832371,-0.786739059980609,-0.4543689266131536,-0.7300703579615894,-0.3455897389625081,-0.36398281680690586,1.0400135746460182,-0.7683757451305148,0.5331504387848334,1.4579362719039817,0.27105512707422647,0.1572358696868001,0.03560337816481261,1.0687516844859064,-0.32713926581529124,-0.5530360165436062,-0.2599622967046797,-0.6617304287119816,-0.2263437050819751,-0.19585331114784263,-0.03649891313054003,-0.36128230218525653,-0.18239555594331977,-0.09908481320082173,-0.8520741035369744,-0.401391417071222,1.2240353826565444,-0.5884723175320592,-0.3884925371157313,-0.6798274156856209,-0.47552020057747835,-0.41878055020993377,-0.7137911176092899,0.0,1.0,2024-11-05,5.962113906511757
0.40268456375838924,0.3656716417910448,0.0,0.0,0.0,0.0,0.0,0.0,0.0,0.14285714285714285,0.0,0.0,0.0,0.0,0.0,0.0,0.06666666666666667,0.0,0.0,0.0,0.0,1.0,1.0,1.0,0.8806047886527612,0.7754171945055477,0.600783995248195,0.3580047233819885,0.4373472657682437,0.211628596098707,0.8040240615611587,0.5986265785339224,0.5912268308923254,0.6178298149784549,0.5407067396386793,0.46223869861679034,0.5933745395662475,0.5814028121768988,0.6969037027561469,0.6887531158736455,0.4913420290853428,0.5501946963893765,0.6178298149784549,0.5537684864869377,0.6306227791622314,0.3304817271958449,0.8159039747898023,0.3328352576373691,0.5710751582322814,0.4316246544459499,0.5237376632633605,0.4174262453176789,0.7165962611896796,0.7184435498037814,0.6649423581500572,0.6220703814013779,-2.021335991941192,-0.4638221576996202,2.2860259303101755,1.13205880535958,2.0432335667058736,-0.9917796480537586,-0.6487364869449604,1.402758234942799,-1.2845131620017383,-1.4628834073819592,0.015242746529402234,3.0267155580613267,2.313495055671986,-1.523786037935435,-1.2532070237663078,2.7761070745558767,-0.12037062357626029,-0.31604988120899496,-0.016456126329453574,0.8456767340761779,-0.1308118823008253,-0.17309670055058685,-0.44110580798522625,-0.13796111741478592,-0.07597332341631743,-0.24119490789379994,-0.5788099636368311,1.4298941067332789,-0.6010356322021934,0.6368265054860974,-0.20032843835874597,-0.4552155702411094,1.4137280335895255,-0.4091109565955916,-0.37718106122386846,0.0,1.0,2024-11-06,20.59695487423605
0.5503355704697986,0.5447761194029851,0.045454545454545456,0.3333333333333333,0.0,0.1111111111111111,0.0,0.0,0.0,0.0,0.0,0.0,0.0,0.0,0.0,0.07692307692307693,0.0,0.0,0.09523809523809523,0.0,0.0,0.4688540184292295,0.6483816729718369,0.6848884018920618,0.5425475362283213,0.821417556452209,0.41631120117113074,0.3670117295546462,0.5688091296315972,0.24406827085084282,0.5571499748798886,0.6550316022446241,0.6097618145091879,0.6255450971121803,0.553548189847346,0.4700762292341505,0.6298011520141698,0.6015186049558121,0.778819388918502,0.7098045272897833,0.6564061850113379,0.6838990471594076,0.6255450971121803,0.5907300729661102,0.6144958752293892,0.32099993258788584,0.9064738127002812,0.2922919014381833,0.69686604349427,0.46350840531232373,0.8226796603269714,0.4645146408091909,0.965639199214227,0.966798918410534,0.708838734105443,0.6648360067103122,-1.0008412969445972,-0.788112658089159,1.61418755976549,1.3916284865155708,0.30518385970696743,-0.8023231348641255,-0.4410845437979648,-0.2738711301574864,1.1185087256472235,-0.9111784367211815,-0.34912756279828144,-0.18903095131335365,-0.8184539151815299,-0.23443443150336157,-0.8362290706207307,-0.25621111066511276,-0.4497531500713449,0.2042318892428532,-0.21809256240134886,1.4492454433575812,-0.20473569378365333,-0.1961140069673696,-0.7573872156792262,1.9034932392566448,-0.1847068248744607,-0.3976758253833663,1.2861375554272174,-0.367676916146923,0.1024773529015977,-0.561634119440206,-0.3728325144057675,-0.4489617641791285,-0.4749164824713085,-0.45356821809821685,0.6553743058829243,0.0,1.0,2024-11-07,0.8087799318051481
0.4295302013422819,0.4253731343283582,0.0,0.0,0.0,0.0,0.0,0.3333333333333333,0.0,0.0,0.0,0.0,0.0,0.0,0.0,0.07692307692307693,0.0,0.0,0.0,0.2,0.0,0.27799329050222865,0.33919714165615805,0.4056630881432267,0.2908129401787141,0.8448457011187216,0.3822758727630642,0.3666216658513253,0.6329072292238472,0.2710917484969009,0.5030631098478433,0.7166176489156566,0.6299126343618413,0.6348570794058581,0.5637499714178151,0.47698755809485505,0.6651383977200593,0.6225781795469825,0.8521607679355487,0.7440991625322066,0.7708277353125714,0.6911710956038147,0.6348570794058581,0.6320410556519356,0.5975854442429958,0.2938941770244543,0.9500510184221969,0.2642742183952451,0.7662574332599674,0.5031612778650436,0.9704706595504141,0.5091270845792755,0.964151500874412,0.9635875069689976,0.708098589539417,0.6636239860665534,1.0917899573129937,-1.4364673775358392,0.22214365955594745,1.4183587428446405,1.124154201333442,1.2787231888709916,-0.390306093902975,-0.31528042976062437,-0.7048293540839898,-0.26619140625730253,0.36273045923516467,-0.1257049157926157,0.5885802680765521,-1.0650103511683486,-0.8642568861885428,0.13216169008920683,2.7972144015480196,-0.39314414416309784,-0.36763177340868736,0.17936581070413543,-0.0808421708526924,-0.15379476641155077,-0.10803762125888422,-0.25129923833224865,0.2525426325032124,-0.27581886492903546,2.624301920345872,0.08949462180369455,-0.5618994798302612,2.4882170771510213,-0.0942811568487275,0.44040420711471095,-0.3735626797801403,-0.4034125721988978,0.27108447663911894,0.0,1.0,2024-11-08,-0.0347445816910707
0.4697986577181208,0.43283582089552236,0.0,0.0,0.16666666666666666,0.0,0.0,0.0,0.0,0.0,0.5,0.0,0.0,0.0,0.0,0.3076923076923077,0.0,0.0,0.0,0.1,0.0,0.2102222284677494,0.2506515342580916,0.3238910895951848,0.28039768187907915,0.8448457011187216,0.3822758727630642,0.3666216658513253,0.6506502268096888,0.2981152261429587,0.4910607046464358,0.7819232049221574,0.6524487881379493,0.6441690616995341,0.5743531051845263,0.4850032565457436,0.6950391440865804,0.6420777856499171,0.9075608374302524,0.7847187713338571,0.8254755529251253,0.693119780193501,0.6441690616995341,0.6681371356843488,0.5847111122768913,0.2938941770244543,0.9500510184221969,0.2642742183952451,0.7662574332599674,0.5399818023782836,0.9622173988396473,0.5091270845792755,0.964151500874412,0.9635875069689976,0.708098589539417,0.6636239860665534,0.8538000020492611,-0.05872260334763787,-0.7456958008952613,0.01982923737426109,-0.08979638858992577,0.4955817449897773,-0.38089098123857584,1.7275623057754894,-0.9927127278400185,0.09179878660982911,-0.7508661243282857,0.29319803693054525,-0.3269708433029723,0.19460440899294892,0.4154378224918129,0.4225459318396479,0.30101803636326,-0.6645957142736593,-0.39240362776568094,0.029620635286094675,-0.18253634326014342,-0.1859367222385296,0.06564154903679878,-0.33346600842758656,-0.20878093006239318,-0.3708862860117377,-0.4134698019446799,-0.38523789167081685,0.6608871455469091,0.3990286495196458,-0.26779878894549497,-0.34592487134265737,-0.4859180434749156,-0.38057863285271004,-0.5311937549987895,0.0,0.0,2024-11-09,0.0
0.3221476510067114,0.29850746268656714,0.0,0.0,0.0,0.0,0.0,0.0,0.0,0.0,0.16666666666666666,0.0,0.0,0.0,0.0,0.07692307692307693,0.0,0.0,0.0,0.0,0.0,0.335555852218096,0.3740962589323245,0.5163201330472321,0.3803036541747072,0.8448457011187216,0.3822758727630642,0.3666216658513253,0.6579292004941425,0.324458646916856,0.47972996133171997,0.8310507611054279,0.6883948216520599,0.6542416801661943,0.584956238951241,0.49448113636920255,0.7203397756274841,0.6601329764859685,0.9482729855670611,0.8269029825856651,0.8389937294885075,0.693119780193501,0.6542416801661943,0.7017370393274849,0.5749990592448766,0.2938941770244543,0.9500510184221969,0.2642742183952451,0.7662574332599674,0.5741722894262924,0.9566405238193311,0.5091270845792755,0.964151500874412,0.9635875069689976,0.708098589539417,0.6636239860665534,-0.5211716682153293,0.9927339976072618,-0.371193853922517,-0.8756025764313399,-0.23228112588723177,-0.3540057998387304,-0.3699596968889727,-0.6383400562471784,-0.12098705986519166,-0.5932061379867789,2.4298410416316774,0.21947835529718693,0.5963720951324267,-0.36860166434661956,-0.6317686329463292,0.0014170407188524089,-0.2152215150845626,-0.47413642209676077,-0.2661094215360227,1.485363451602466,-0.002267676130914592,-0.17635257974943974,-0.47588061038757073,-0.21308306746835481,-0.09490057337817154,-0.35924737734262513,-0.3550619590184349,-0.3775337352882052,0.3000157537315461,-0.14434512373987202,1.279308010254081,-0.7326808661221066,-0.47657226496033345,-0.41879930403022486,-0.38016351179503116,0.0,0.0,2024-11-10,0.0
0.18791946308724833,0.18656716417910446,0.0,0.0,0.0,0.0,0.0,0.0,0.0,0.0,0.0,0.0,0.0,0.0,0.0,0.0,0.0,0.0,0.0,0.0,0.0,0.18095819238109342,0.20651534258091636,0.24440598148019563,0.1973506311532836,0.8509116212916403,0.3384189210143842,0.36431526727712127,0.6364617907500048,0.3451807242772984,0.42052874555809516,0.8477459951550435,0.7221674689074344,0.6649255036552422,0.5957696351131929,0.5040438678657146,0.742916937239742,0.67748090589666,0.979703100560591,0.8681299723880072,0.8307233291942764,0.698425900399951,0.6649255036552422,0.7342066920325756,0.5671504113215287,0.2531746301742248,1.0,0.28859999670793113,0.7662574332599674,0.6059205988280147,0.9579436944509047,0.5505490877026071,1.0,1.0,0.7241724746134219,0.679471055177641,0.5741982541022895,-2.4504278140770035,1.5806082735430165,2.7597732281803964,-0.3300734766138149,0.1452791787555654,-0.4729110687027004,1.4043627286037186,-1.5698645347968032,-0.1209357896022067,1.4442366497736272,0.22551553396645785,0.8983007071241432,-1.0053440202987263,-0.163190115247463,0.25711490950287486,-0.2847580277878715,3.022337705261911,-0.36667692162887155,0.4172346567699872,-0.1013656012976646,-0.09580727747926931,-0.470323708824115,-0.20873132823600726,-0.09961179966378342,-0.23114603556528393,-0.3085613478466769,-0.36687772153127673,-0.2953506935764698,0.6612373331179742,0.22411205491129788,-0.46715814674072875,-0.17517938460610244,-0.28646100800092295,-0.25810987480912345,0.0,1.0,2024-11-11,-0.205511830979066
0.3825503355704698,0.3880597014925373,0.09090909090909091,0.0,0.0,0.0,0.0,0.0,0.0,0.0,0.0,0.0,0.0,0.0,0.0,0.0,0.0,0.0,0.14285714285714285,0.0,0.0,0.16339248508144738,0.2843421605716688,0.2620818211122157,0.27564866824813483,0.8327872696732035,0.3266445371326747,0.3346656080376773,0.5734977694344002,0.3600438983821046,0.4014254993079531,0.8502603532524873,0.7537889956022212,0.6782007989163965,0.6053750341440054,0.5133530712059144,0.7585280308854259,0.6916609492528245,0.9927771233933853,0.904222871113476,0.7863647449017128,0.6487012518368892,0.6782007989163965,0.7610235849325733,0.5678685252541911,0.24333935895552516,0.9035360891461934,0.37508329573972965,0.5856610362125944,0.6092543030223339,0.9405550868021372,0.5099836300396605,0.8570148610124015,0.855654370407924,0.709968929149709,0.6657272222596174,-0.42692562420099656,-0.16309717914581645,0.5390807302334153,0.6122571597613218,-0.4909810330439152,-0.17459358778207607,-0.34794698503909915,-0.25780534995182486,0.38675915327312554,-0.2207595846473757,0.8809916490602605,-0.536126710592894,-0.573963380125243,0.40455377007402316,0.28739902246196475,-0.47466316790666724,-0.2349387973006774,0.45129510483776336,-0.46350987993986165,-0.07289620935391287,-0.13342625570963773,-0.17392484260758312,-0.4627915026878194,-0.20183848952931702,-0.15318825730128677,-0.27967970124429364,-0.16168370982520788,-0.3676340864522116,-0.07972023009973307,-0.20395066812527013,-0.3354076100632043,1.3193421738861926,-0.06486245358669498,-0.234021496406001,-0.07783081801028857,0.0,1.0,2024-11-12,-2.647375948748165
0.7114093959731543,0.6940298507462687,0.0,0.0,0.0,0.1111111111111111,0.3333333333333333,0.0,0.0,0.2857142857142857,1.0,0.0,1.0,0.0,0.0,0.0,0.0,0.05555555555555555,0.0,0.2,0.25,0.4934706976980488,0.6773329129886507,0.6964335009407808,0.6446905075037795,0.8342381150225711,0.3235931845240442,0.3345860900607289,0.47295209429600577,0.3742044307001764,0.39278168483862186,0.8479145359502587,0.7855827184299766,0.6906898174118794,0.6145110315219711,0.5250226114840562,0.7720170033944331,0.7049413405747416,1.0,0.9348160631593889,0.7388472391394224,0.6436895535225748,0.6906898174118794,0.7852714990254182,0.5693030871010327,0.22525120193785253,0.842756907804086,0.3383441757551189,0.5856610362125942,0.6123498854884877,0.9246627467253284,0.550327112417003,0.6200563776182453,0.6235459551058691,0.7637140796806533,0.7196352152336434,-0.18592644117342644,0.8297489917184335,-0.5431493327886615,-0.42395314983411214,-0.3159289965614938,-0.26594361138204936,0.4566479020193382,-0.24990139242238998,0.4524214818293266,0.0363874219113328,-0.4173860543433099,-0.058054799218750966,0.895926329482637,-0.521632267041306,-0.47797094274692137,-0.019869706474190243,-0.01204173915790392,-0.7111228145233058,-0.540467400683148,-0.5564967748612902,-0.2121864087212992,-0.20005269758216823,-0.6454944644376002,-0.3281932114050169,-0.20283761406943687,-0.39442905480240104,-0.47614862068988517,-0.08967563137470638,1.1960760658555187,-0.40628468811114155,-0.4110464510154215,-0.644237928657012,-0.10783649253375792,-0.43421155032819425,-0.48762747858931405,0.0,1.0,2024-11-13,-0.0072931235856721
0.7785234899328859,0.7686567164179104,0.0,0.0,0.16666666666666666,0.0,0.0,0.0,0.6666666666666666,0.42857142857142855,0.16666666666666666,0.0,0.0,0.0,0.0,0.15384615384615385,0.0,0.0,0.14285714285714285,0.1,0.0,0.4473707621771115,0.5129571248423708,0.5758633985190253,0.4646428176354183,0.7964335509261504,0.3189136553942711,0.34890829678334856,0.3031832384658886,0.38849336243999066,0.38240240427151406,0.8372084187874611,0.8148857688003721,0.7007261290772444,0.6227227684929222,0.5353790865620063,0.7761456097653685,0.7133106595948835,0.9851509723275902,0.9557569009228398,0.6554508278468855,0.6079989776548413,0.7007261290772444,0.799294721386234,0.5746837735062655,0.21949560214865316,0.7721128373523554,0.394697012309718,0.4517461593429607,0.5958360682444628,0.8684791086095952,0.5103240495022092,0.4887803748392919,0.4995943652748745,0.716320568217926,0.6728418444416617,-0.27655669621292395,0.6393417007881212,-0.29417390465390447,-0.677339346408384,-0.3090773425227487,-0.08679822122993654,-0.265736785767067,-0.21502810158381966,0.45802927309859326,0.057359303364113365,0.16802687490174797,-0.5939066859550866,0.48148903309492647,0.01756909218370092,-0.2392690483897584,-0.42744461178751647,0.6525891110565817,-0.3747767415753694,2.292164650700608,-0.2054648475959944,-0.1183567530201644,-0.15414709659041056,2.5572921491154785,-0.2700585219122163,-0.15552779162771238,-0.32202363555663027,-0.04466079960389042,-0.29647212196197853,-0.9366564124367359,-0.3065673129887015,-0.06967716133897622,-0.12185403806734527,0.3402095884385157,0.3954333008489096,0.1417920787514497,0.0,1.0,2024-11-14,1.3136808323497062
0.28859060402684567,0.2388059701492537,0.0,0.0,0.0,0.1111111111111111,0.0,0.3333333333333333,0.3333333333333333,0.0,0.0,0.0,0.0,0.0,0.0,0.0,0.06666666666666667,0.0,0.09523809523809523,0.0,0.0,0.23816198459312524,0.28490962589323243,0.33903334140603963,0.27651980727393405,0.714424594020743,0.3723175824666809,0.3915068468899636,0.06634442569581199,0.41128070476644174,0.43371832958697076,0.808366410168996,0.8257728481306943,0.7051732779440929,0.6272554878414471,0.5451803069528349,0.7638354858621987,0.7125405015186193,0.9335786831774318,0.9602365913256444,0.5132263947746488,0.6562825433453323,0.7051732779440929,0.8016636658376548,0.5800437105564056,0.2669355460409205,0.6550769564048001,0.6684702391397512,0.027595445724664207,0.5190929814533671,0.7464108031308397,0.46643603670297296,0.32361870842549934,0.34517512984885984,0.6414941406807427,0.599588235069962,-1.2871177541509835,0.4274003174995547,0.8314937050938223,0.14181975496530747,-0.5809078210772172,-0.8680283638948411,-0.3794510351742174,1.3109711322117277,-0.558456466712893,0.4047488883952345,0.20340118882823013,0.5673327147702565,-0.5341515933249771,-0.3819186778823884,-0.006062519573990356,0.684358898390363,-0.35031703017094684,-0.017265263899299128,0.1991800790409244,1.266424727598458,-0.18102896552994885,-0.18583617645609965,2.3972713341836047,-0.09623608455500857,-0.18707357763064236,-0.35347472480146114,-0.7528304424163607,-0.1255852564931476,-0.6091781376903149,-0.5320456318801575,-0.1344985476007353,-0.4930083389904834,-0.5096159615666704,0.2495645465225964,-0.604219210610714,0.0,1.0,2024-11-15,3.8566182222922407
0.5906040268456375,0.5895522388059702,0.045454545454545456,0.0,0.5,0.0,0.0,0.0,0.0,0.0,0.0,0.0,0.0,0.0,0.0,0.0,0.06666666666666667,0.0,0.0,0.2,0.0,0.346470649595479,0.43743169398907106,0.5115448167862613,0.4795566563010853,0.714424594020743,0.3723175824666809,0.3915068468899636,0.08074996433400344,0.4340680470928928,0.4252406489537738,0.7781829521042001,0.8185338340291857,0.7096204268109432,0.6320487777656698,0.553231788721261,0.7534192271749003,0.711827392188745,0.8901840791480622,0.9534934586520323,0.4162611216655997,0.6450479559643248,0.7096204268109432,0.8037434727202726,0.585627427020226,0.2669355460409205,0.6550769564048001,0.6684702391397512,0.027595445724664207,0.4478315437187783,0.6228462300801256,0.46643603670297296,0.32361870842549934,0.34517512984885984,0.6414941406807427,0.599588235069962,0.08196202779770068,-0.455635093984778,0.31703750123259145,0.49079533624920874,-0.42256784465435804,-0.5331142494431346,-0.3054057550262894,1.2207540191752313,-0.07508440932506828,-0.06404946106929583,-0.6183504676646739,-0.014182057801271835,0.2730734140409998,-0.39002117888734605,-0.24504609580436595,0.008725460471828941,-0.20982827253952083,-0.04400428380003597,-0.36874617828083944,-0.13006429915258227,-0.18154997743978346,-0.15723828850843174,1.1806724486727715,-0.3078702161276918,0.5390512631214949,-0.24513573641666891,-0.5631785421948144,-0.3641706251145373,0.4094513603466196,0.018712553390947573,-0.286852829857185,-0.6241394438881064,-0.37233799250061306,-0.37649982038637164,-0.4819394016065589,0.0,0.0,2024-11-16,0.0
0.36241610738255037,0.3283582089552239,0.0,0.0,0.0,0.0,0.0,0.0,0.6666666666666666,0.0,0.3333333333333333,0.0,0.0,0.0,0.0,0.07692307692307693,0.0,0.0,0.14285714285714285,0.1,0.5,0.28341553107669226,0.33682219419924336,0.3212525001397199,0.3931817623127128,0.714424594020743,0.3723175824666809,0.3915068468899636,0.09124122454221624,0.45288211741102447,0.41840135269485323,0.7520076083486193,0.8058351860350506,0.7129718051456706,0.6368420676898943,0.5609203529170692,0.7446054698241102,0.7111671057721942,0.8536910187777698,0.9394144709740146,0.3528792810050863,0.6450479559643248,0.7129718051456706,0.8056267075704806,0.5895908405557133,0.2669355460409205,0.6550769564048001,0.6684702391397512,0.027595445724664207,0.381660208679517,0.5382697844367625,0.46643603670297296,0.32361870842549934,0.34517512984885984,0.6414941406807427,0.599588235069962,-0.40280582122872516,1.4870531022322226,-0.9085015831676392,-0.7126715352948225,-0.031112523623193562,-0.5141009463729371,-0.36655528411449695,-0.5751915658961388,-0.6050164312397879,-0.18494658273034562,2.7589614048039746,-0.003363999079833316,1.6054170177548388,-0.4363196359394559,-0.23286007902175934,0.113357782157402,-0.32768382340256447,-0.7585497042222169,0.5327520272345801,0.29720254251390477,-0.08482126039309507,-0.17633108702966616,0.41260273173607925,-0.023600936209856073,-0.07089179164527297,-0.2604030778070078,-0.1678897150629512,-0.1932072166510492,-0.06124235364774163,-0.5689211543571678,-0.13158739958042684,0.17504739232932442,0.20888587819834287,-0.08191329969023911,0.017941853846205603,0.0,0.0,2024-11-17,0.0
0.3691275167785235,0.34328358208955223,0.045454545454545456,0.6666666666666666,0.16666666666666666,0.0,0.0,0.0,0.6666666666666666,0.14285714285714285,0.6666666666666666,0.0,0.0,0.0,0.0,0.07692307692307693,0.06666666666666667,0.0,0.23809523809523808,0.0,0.0,0.16369639603656444,0.18894493484657418,0.21935293025125313,0.22918484740471246,0.73843746096966,0.29253824703603537,0.3614159404906221,0.09144349690672131,0.45507285412466425,0.33123999589015474,0.7308217485493085,0.7932059368337869,0.717290890022495,0.642467713262949,0.5689448153570478,0.7417750817021087,0.7130503140643771,0.8336680329843023,0.9233862858238606,0.3360382006510414,0.6694313704686945,0.717290890022495,0.8092014281955464,0.5938104140905045,0.2441123696099169,0.6762906251013433,0.6918920912016889,0.027595445724664207,0.32021539757163175,0.5514897065888961,0.5045203804285476,0.3517316553139499,0.3716425932115055,0.6488979646975777,0.606663484884214,-0.3970585661956206,0.9630420618857697,-0.46132234100746233,-0.8232747281052794,-0.5083957870442425,0.742210894441194,-0.21067301648396075,-0.6281480656126379,0.8587156815071476,0.31117805290476586,-0.34883982094214133,-0.5370601150104137,0.5870594916824257,-0.7814068447494318,-0.8001539417647546,-0.28589005065643813,0.15530413594897963,0.21903341275892052,-0.08784741283856413,0.31561894302090215,-0.14076894107774696,-0.1728581172185234,0.36617533132644126,-0.28344420776934015,0.9536532859118002,-0.17621548588069874,-0.6195257813415702,-0.2010062763562212,-0.17972604175712464,0.11703840249538189,-0.33429854311901747,0.1094724107957083,-0.2784792523084097,0.2763438984142803,-0.5160492116200404,0.0,1.0,2024-11-18,-2.623088383181582
0.5436241610738255,0.5074626865671642,0.0,0.0,0.0,0.2222222222222222,0.0,0.0,0.0,0.0,0.0,0.0,0.0,0.0,0.0,0.38461538461538464,0.0,0.0,1.0,0.0,0.0,0.39515850337231445,0.44186633039092055,0.5607155014590147,0.4657828267309087,0.7628260387486847,0.29951351820167316,0.34169982956409206,0.09797150102140766,0.45895871414880074,0.33756817050269783,0.7233896067937611,0.783471288896525,0.7246418533826429,0.6480589718605341,0.5773104315822515,0.7440799459315777,0.71732764089335,0.8269437194631168,0.9089635108100352,0.3499089559201187,0.7222730294425009,0.7246418533826429,0.8149793923699171,0.6012289285576875,0.2566966278334656,0.6519170066407399,0.5920113758472695,0.10204498293475871,0.2739383560221761,0.4985073996517276,0.5431121508621279,0.4183259201290457,0.4336033576584551,0.6624974075913337,0.6198201610878409,-0.7201592992936393,0.6421728244951723,0.11716566695237472,-0.6844710099780027,-0.28318936901338404,0.06597256927730169,-0.1315014603648011,0.47025587828377596,0.02129306198122069,-0.2970001671480399,-0.1404466470355465,-0.47614225484984113,-1.3501458698222522,2.023655072332377,1.9505375008439931,-0.3600121410699732,-0.05910471733862434,-0.2168162777570065,-0.1804522099228936,-0.32492359359570616,-0.19115446779719492,-0.17528747030930417,0.7945739992941562,-0.29659226785167003,-0.13750733606471677,2.28176022979903,-0.5535230564257438,0.35180975173497886,-0.4166142572902955,0.02832693517465929,-0.3929963260832426,0.6401794301486502,0.15101090535030973,0.37243253265945114,-0.4645819721166614,0.0,1.0,2024-11-19,-1.7649926890285217
0.21476510067114093,0.2164179104477612,0.0,0.0,0.0,0.0,0.0,0.0,0.0,0.0,0.0,0.0,0.0,0.0,0.0,0.3076923076923077,0.0,0.05555555555555555,0.7142857142857142,0.0,0.0,0.11645842938083345,0.14995796553173601,0.1742631961932956,0.14652804238006858,0.762961641300663,0.26477908575063014,0.3299354492577844,0.10947559131954611,0.4453023691366269,0.3040832268873872,0.734123344354435,0.7737527351867302,0.7397023662236819,0.6555993853036561,0.5856745859541057,0.7460563469937069,0.721302215813795,0.819961756025779,0.8957637493452527,0.36047580189029294,0.6541430490064646,0.7397023662236819,0.807362113544638,0.631485177020747,0.25877532413638893,0.5869667678353193,0.5256576761861167,0.10204498293475878,0.23096681744053882,0.4457981491540818,0.5791771121875708,0.41626566155860956,0.43169596951954403,0.6813768020807766,0.6385595732393007,-0.5808626541530302,-0.7216760171029575,1.1650636315357137,0.46999035579458465,-0.36202467615432515,-0.5054981141804348,-0.20414740908786277,-0.15310045232285702,0.8642127123572043,-0.2753296092856654,-0.18999381778737295,0.45028423818492475,0.4538199414519451,-0.011871503242758749,0.12424818695438021,0.5415915567903772,-0.3150250107526768,-0.5021193949402682,-0.3517243413970577,-0.8128529783274183,-0.1394215047443484,-0.17328188235891243,-0.4662291410510229,-0.29440510242121615,8.710412122980431,2.171704775239581,-0.45799943091824713,-0.3391733999397685,-0.613293833255214,-0.6573330365888836,-0.4712948881104941,2.5455498988407865,-0.42264352229397434,-0.064775362807886,-0.4318781053672896,0.0,1.0,2024-11-20,-1.0720731802840722
0.7919463087248322,0.7313432835820896,0.09090909090909091,0.3333333333333333,0.0,0.0,0.0,0.0,0.3333333333333333,0.0,0.0,0.0,0.0,0.0,0.0,0.07692307692307693,0.06666666666666667,0.0,0.09523809523809523,0.1,0.25,0.4188649631150576,0.5693568726355611,0.5122826508509367,0.6129146744674836,0.7959533343698943,0.3248994052359213,0.3335266512505717,0.11562271029507883,0.4543712579358268,0.3665083353355,0.7521530381986716,0.7672299142074817,0.7553499374584938,0.6642547955429254,0.5931852675560663,0.7540863602310743,0.7284097306942137,0.8274254790533634,0.8869801289662687,0.3986312930315889,0.47899861847314784,0.7553499374584938,0.8034538587745335,0.6598203925324269,0.2795996366446498,0.6582212550316511,0.44949660039036554,0.2717244578590006,0.21563098390601365,0.44630278701779547,0.6196156175769243,0.5271642696862497,0.5356457743850894,0.8175857587813682,0.776249220443516,0.2608986498877098,-0.43270286607510705,0.13032431626544563,0.45505715067443603,0.01247609991935796,-0.6845741500444336,-0.27236580608033695,0.0904482091671228,-0.9937490806604181,0.2028301714946225,2.0960931116377797,0.7286267869459794,0.8514663096917757,-0.8962611642549777,-0.7138715960638012,0.6965596493775423,1.0440240555298541,0.9756640555038856,0.5017515234117729,0.16985547955042934,-0.1228352681245028,-0.07689521876860982,-0.1773096562719351,0.2629428711080742,-0.14080272451805548,-0.159703125363694,1.7380962692936737,0.3180152228068368,-0.6867834072385485,1.095925457622379,-0.18984251989097303,0.09088202558460337,-0.4058520563267088,-0.05867456166784282,2.350884752518055,0.0,1.0,2024-11-21,0.3308082269313672
0.5570469798657718,0.49999999999999994,0.0,0.0,0.0,0.0,0.0,0.0,0.0,0.0,0.0,0.0,0.0,0.0,0.0,0.07692307692307693,0.0,0.0,0.23809523809523808,0.0,0.0,0.2878297255505177,0.3504203446826398,0.3345702074233897,0.391470212269079,0.8174917096372125,0.31324329083516655,0.32747704793963917,0.11959163568946667,0.4615852560658795,0.35155571719187195,0.7749458414728947,0.7654145337529528,0.7724654152528725,0.6740042099129404,0.6006937599434998,0.7650315457316239,0.7372282842101292,0.8410437320879364,0.8831940534074605,0.4418101166719057,0.421396066092398,0.7724654152528725,0.7968639905959662,0.6926054373335502,0.2426457931817244,0.660657842959976,0.4225111379446038,0.308087155913478,0.20665518313331777,0.5563804606243193,0.6592061811991332,0.689365711867249,0.6906527961128334,0.8149362695572261,0.7726549634480752,-0.4024779207961927,0.34643024987676024,0.07624395593378148,-0.48256302702603593,-0.3604828986046407,-0.4173724755442333,-0.21376936593549095,0.04572955356549424,0.4741396492579208,0.35220718676084933,-0.27781168380708987,-0.6631197126866947,0.22206966655731306,-0.14383853024950957,-0.37177794429213634,-0.5693710561732258,1.384915756605086,-0.35564454425323483,0.6221237037547773,0.00894195579898656,-0.14342443910377534,-0.14927866590524566,0.60530876899495,-0.2544003539765913,0.1781638518917144,-0.2359777822027543,-0.26861398515351576,0.1028579663185178,-0.7427364175471167,0.8311098399864661,-0.2384963424997937,0.8986874072979729,0.08860241018790145,-0.05192597079283682,-0.2758104530769268,0.0,1.0,2024-11-22,-0.5554296442819462
0.4161073825503355,0.4253731343283582,0.18181818181818182,0.0,0.0,0.0,0.0,0.0,0.0,0.14285714285714285,0.16666666666666666,0.0,0.0,0.0,0.0,0.23076923076923078,0.0,0.0,0.0,0.1,0.0,0.20155414538758512,0.2690521227406473,0.26145124678150233,0.2954467237797908,0.8174917096372125,0.31324329083516655,0.32747704793963917,0.12330851361343788,0.46879925419593205,0.34924593302494,0.7924283132301921,0.7634269571654553,0.7895808930472512,0.681903265727172,0.6069169266893741,0.7742928565397831,0.7453936115396811,0.8497788685291094,0.8822439479454821,0.4663129189611119,0.35281087529980204,0.7895808930472512,0.7818524803814277,0.7319084525417328,0.2426457931817244,0.660657842959976,0.4225111379446038,0.308087155913478,0.19832051098724313,0.6661850777913205,0.6592061811991332,0.689365711867249,0.6906527961128334,0.8149362695572261,0.7726549634480752,1.2396914840038258,-0.47398735137456144,-0.7470222094178934,0.223127895413389,-0.11815449844914612,-0.25910525247391325,-0.2734232476420291,0.24857078993818665,0.42786126999747126,-0.01279075072062895,-0.5548204672336415,0.29371325976692997,0.1805964476850487,-1.4912206202958065,-1.1913329131259798,0.878410235582536,-0.4599508203814401,1.5985784710530868,0.038137196975121745,-0.5587315437578433,-0.2082839441909695,-0.1910753331290939,0.5717328949130839,-0.3087644109776783,-0.2000570911670353,-0.3826364139911693,0.023398980310725216,-0.3173854836151706,0.1573505030537816,-0.6278223493854922,-0.2912662228746917,-0.029274714011397304,-0.4557314169551828,-0.28779575662991586,-0.3847038519460321,0.0,0.0,2024-11-23,0.0
1.0,1.0,0.0,0.3333333333333333,0.16666666666666666,0.0,0.0,0.0,0.0,0.0,0.0,0.0,0.0,0.0,0.0,0.07692307692307693,0.0,0.0,0.047619047619047616,0.1,0.0,0.6317683963954421,0.9188314417822615,0.6673311124923155,0.914407133814329,0.8174917096372125,0.31324329083516655,0.32747704793963917,0.13022317034561454,0.48007832782965454,0.34567078778229277,0.8045173668042942,0.7659262817826953,0.8078426582054092,0.6898023215414035,0.6129790114583997,0.7821293503005302,0.7529540998077842,0.8545886556570312,0.8826284786642402,0.4778441852819976,0.35281087529980204,0.8078426582054092,0.7458005228268298,0.7893499765344618,0.2426457931817244,0.660657842959976,0.4225111379446038,0.308087155913478,0.1905811725658879,0.709555884444829,0.6592061811991332,0.689365711867249,0.6906527961128334,0.8149362695572261,0.7726549634480752,-0.17455908804861428,0.37939608187073964,-0.16482414983164428,0.08074031839147067,-0.04708404040186895,-0.636341527377049,-0.23708761318418065,1.1365952811026772,-0.4012307843102668,-0.8885162764296467,0.19701578517497648,0.665688208189969,1.0246604348775699,-0.7582199101644027,-0.48484742944474185,0.7549133916264115,0.7533050020231312,-0.545537290902442,0.8931328581708261,2.025771654285221,-0.04863033470056166,-0.016018554427179237,1.731423222851981,-0.19853523790623712,-0.13229143095814222,0.6173547923138238,0.6477172128458902,-0.10616429253741082,-1.5312767999272245,2.2716518234946297,0.22682615200403347,-0.307941379549018,-0.03924459172378406,-0.17044716401775137,1.3662098521177979,0.0,0.0,2024-11-24,0.0
0.5436241610738255,0.5373134328358209,0.13636363636363635,0.0,0.0,0.1111111111111111,0.0,0.0,0.6666666666666666,0.0,0.16666666666666666,0.0,0.0,0.0,0.0,0.23076923076923078,0.06666666666666667,0.0,0.0,0.1,0.0,0.30256716388869825,0.4636822194199243,0.42424950646409254,0.4758493221401443,0.8363159947288334,0.5092723273068462,0.3143333217385378,0.12298047891869233,0.5190757834717321,0.5386629706122339,0.8207393337914928,0.7803931771366361,0.8224015812949581,0.6983538817011006,0.6193044152356642,0.7923877690092933,0.7619101189739474,0.8646146684434755,0.885322056131973,0.49779436600848403,0.40923014570760474,0.8224015812949581,0.7240668349721382,0.8297203516871345,0.24173850285477527,0.6615085658792205,0.42321033599353297,0.308087155913478,0.18339464403177264,0.7416686944053258,0.7130571751742529,0.681238071661862,0.6823133435887526,0.84819473222559,0.806432471140988,0.41894030693663564,-0.46652484436348274,0.012114963755003634,0.29730298474869526,-0.32343913429254384,0.22889973328710236,-0.17864452429346608,-0.4465676511908909,0.16144854218686763,0.12092495572772406,0.7490801343174945,-0.267034684170452,0.08165446349152401,-0.16553747045371145,-0.20575191236344612,-0.3351354435156747,0.30912064271348433,0.7528043143718404,-0.1766138484506412,-0.33142667198431325,2.7273553097949863,-0.16065741259002866,-0.24232708323219226,-0.17329914400599902,0.8231416283167703,-0.18805914686679914,0.5300965290291667,0.46761238305335606,-0.1267726172220606,-0.30287294868105136,0.9619117761013003,-0.24855572238706067,-0.3489864393483802,-0.26342415057431073,0.34203950609061556,0.0,1.0,2024-11-25,-1.213499454154365
0.523489932885906,0.5298507462686568,0.09090909090909091,0.0,0.16666666666666666,0.5555555555555556,0.0,0.0,0.0,0.14285714285714285,0.3333333333333333,0.0,0.0,0.0,0.0,0.3076923076923077,0.13333333333333333,0.0,0.0,0.0,0.25,0.1859869647440592,0.2698823034888609,0.2493500906909277,0.3712219914207402,0.872084481409451,0.27299881467697973,0.2983603136983006,0.11258968649662161,0.4669138320681947,0.30655827826835547,0.8375753755021265,0.7991053182648606,0.8289897543943905,0.7101403974618385,0.6261301579311489,0.8079607461585576,0.7739185503502952,0.8861260596637581,0.8925961182510062,0.5373697867525264,0.4807624651861784,0.8289897543943905,0.738240311659343,0.8294072833201778,0.21875399225561343,0.6241655068551298,0.3753631236520123,0.33106416671758665,0.18004806616862656,0.8349247676320309,0.74972009317991,0.6990640995951353,0.6986400292547339,0.8133094736601766,0.7688830943557646,-0.011862007792414154,0.24150612849996383,-0.19750207392816094,-0.28830055886130296,-0.329558392874358,-0.2535513696966258,0.20480398034717204,-0.6359849642474087,0.5978264846674627,0.4756628653086682,-0.09672095487261517,-0.634635511071669,0.018061311253870654,0.326852099925321,0.2654625665857299,-0.6299576771787554,-0.2536422831367103,1.6978855309621943,0.02109081902848655,0.8936295174645593,0.047098756945623606,-0.17672636789725388,0.19793325404659703,-0.27250610685867216,-0.11369411401632196,-0.22436852618496872,-0.10267761437878298,0.04636903855126007,-0.7819804728227818,0.1616493362702872,0.09364581370506732,-0.15804579687800763,0.5527802669668138,-0.26859788770461424,-0.35060300161428853,0.0,1.0,2024-11-26,-1.4928294388311336
0.6711409395973154,0.6716417910447762,0.09090909090909091,0.3333333333333333,0.0,0.0,1.0,0.0,0.0,0.42857142857142855,0.8333333333333333,0.0,0.0,0.0,0.0,0.15384615384615385,0.0,0.0,0.0,0.0,0.5,0.28873691839804394,0.4122635561160151,0.42566815757696874,0.4438691478508831,0.8481868256513128,0.2109953822338214,0.30152624799712835,0.07427661816542086,0.4342409889850445,0.24849714741369122,0.8443634546736858,0.8149811240728795,0.8308141624736649,0.7191012615849726,0.6318329833264222,0.816532675916303,0.7825548524401142,0.8899355963016122,0.8993219471771433,0.5326330479734657,0.4569819074382898,0.8308141624736649,0.742731079329948,0.8288826653430963,0.19588309313408447,0.5830236736418866,0.37419973673850604,0.2867140622049355,0.17051949137759026,0.8823228151468193,0.7175677091538706,0.6614172662444999,0.6629399328820352,0.6485083898906527,0.6051023588554045,0.3961853246630558,0.3425212781343296,-0.6653587632130279,-0.32595658060392574,0.001413756409232503,0.059582146206291056,-0.22199805243595724,-0.6687091325066518,0.5762184395623207,0.24955121744119227,0.05939498342411172,-0.36556779768968506,-0.20878584285988724,0.5749627722159899,0.2918887698986906,-0.17501872446482458,-0.2856503807971164,-0.20355374622387362,-0.46674816840787137,0.19033599871385712,-0.17358637307789934,-0.17250716599234947,-0.5475015638378468,-0.29687219629961004,-0.20020299641939934,2.772556965926798,0.3752577777347284,-0.38147580501539785,0.4220766642253664,0.18224957852892104,-0.2600738669841231,-0.13057854796386184,-0.49989592486783196,-0.3178999662421252,-0.3189202247652105,0.0,1.0,2024-11-27,0.3003706771054215
0.11409395973154363,0.09701492537313433,0.0,0.0,0.0,0.0,0.0,0.0,0.0,0.0,0.0,0.0,0.0,0.0,0.0,0.0,0.0,0.0,0.0,0.0,0.0,0.07355315306940337,0.11438629676334594,0.06910067229272199,0.1413688098427955,0.8481868256513128,0.2109953822338214,0.30152624799712835,0.05700190271931786,0.4069843430079718,0.2559433197848162,0.851151533845246,0.8280069205178098,0.8310418703929887,0.7265816126798814,0.6376983525518938,0.8237858472497814,0.7905514284492021,0.8904286687372298,0.9048199498456543,0.5220246201660836,0.4581756418461064,0.8310418703929887,0.7433962157823348,0.8287362039846498,0.19588309313408447,0.5830236736418866,0.37419973673850604,0.2867140622049355,0.16167152907162863,0.8976080527011105,0.7175677091538706,0.6097375166697278,0.6135253354169489,0.6055861887882369,0.5637401804403114,-2.4405181910767273,-2.4118726248788773,4.359385119571686,2.4868513901120792,-0.15814664858553099,-1.3956732897865907,-0.7693092798878938,3.303134325758185,-2.053664562639197,-2.4002226352771805,1.8567252017331055,1.09268385512965,-0.9746736001956166,1.3741102250607635,0.7949244405858751,0.45266716719867056,0.4432050724890649,-0.15681528002150538,-0.18560098639003395,2.366487206789331,0.06149620943095484,0.27433650313314134,1.3734541545011576,-0.20043196551742531,0.3480323132816412,0.5753677203676528,-0.615207198240355,0.1097295169258241,-2.8255225896593683,5.6959455633047575,1.0802607843722543,-0.7473838815881862,4.938976690465303,-0.35650647423400317,-0.33648105601246403,0.0,0.0,2024-11-28,0.0
0.20134228187919465,0.19402985074626866,0.0,0.0,0.0,0.0,0.0,0.0,0.0,0.0,0.0,0.0,0.0,0.0,0.0,0.0,0.0,0.0,0.047619047619047616,0.0,0.0,0.1441437283166857,0.18182009247583017,0.2224030583701827,0.14366419203775857,0.883307886613836,0.09023961396841415,0.3078128140264007,0.04844351261577089,0.36051128064203053,0.131278684490579,0.8657064689001075,0.8423065206125608,0.8336631867031912,0.7357132807623739,0.6437084452587101,0.8366911604111475,0.8016042284976788,0.9038899948846519,0.9124218278532248,0.5402021184167678,0.6272744927464583,0.8336631867031912,0.7527646590672745,0.8257255077874168,0.18413685648567668,0.5937275825113958,0.38320045686090665,0.28671406220493556,0.15345556407323524,0.8836401807310537,0.7409355311881969,0.6310140784335646,0.6332564446187344,0.6164966617387119,0.5740040092585253,1.5505931603104999,-0.39165142187573415,-1.1081315676948005,0.5450607371309073,1.4273585171948253,-0.05510649295948229,0.18877496486199732,-0.605160653425849,-0.22981079899255002,-0.021144808991118067,-0.41454144525394787,-0.03762029004969096,-0.16529241858195365,-0.2865046580116647,0.10676933448896654,-0.1799000047190349,-0.44202453798176783,-0.6409587405492054,1.6357333506628595,-0.5703668888482974,-0.1709927424142411,-0.1837291048204705,-0.03345010427174527,-0.2059971614361242,-0.20338437261663764,0.35775657933971766,-0.7032491379156405,-0.21137564523457084,0.2989238897394371,0.046498978431617634,-0.397053253958878,0.13092641492838622,-0.414253670367841,-0.34147352647749535,-0.6104979311375764,0.0,1.0,2024-11-29,0.5946570595276368
0.3959731543624161,0.34328358208955223,0.18181818181818182,0.0,0.0,0.0,0.0,0.0,0.0,0.0,0.0,0.0,0.0,0.0,0.0,0.15384615384615385,0.06666666666666667,0.0,0.0,0.1,0.0,0.19840218396476514,0.21706599411517444,0.2753978348211387,0.28904147051954915,0.883307886613836,0.09023961396841415,0.3078128140264007,0.04544950260750669,0.31403821827608924,0.14143276080128742,0.8760985026813195,0.8565900264798438,0.8362845030133936,0.7435790451779472,0.6504518178663368,0.8476110407784585,0.8118383026166391,0.9117859861829446,0.9203823886327729,0.5433011401787172,0.9522341118683332,0.8362845030133936,0.7616552677602506,0.8230846339735871,0.18413685648567668,0.5937275825113958,0.38320045686090665,0.28671406220493556,0.1458264537175843,0.915530334472914,0.7409355311881969,0.6310140784335646,0.6332564446187344,0.6164966617387119,0.5740040092585253,-0.1993066552989837,0.5447719920400901,-0.2845600812991246,-0.8777140656536966,-0.46817798087665546,-0.19254999550848828,-0.11181331513856396,-0.6550009363164201,0.753012985930417,0.907178933431992,-0.16964654449329528,-1.2445092648349116,0.19614927254717016,0.055657095844626844,-0.1190572308505897,-1.1416760364008072,-0.37256333033139205,0.5716738908756498,-0.20847894863098165,-0.47664950073687046,-0.20010089793571037,-0.1764635388796509,0.2745788594382507,-0.3422519791738653,-0.2076976947074198,-0.30211735505550713,0.4038050082718871,-0.3407111924990683,0.4563427929827145,-0.5462398186917236,-0.35397611890057773,-0.6036792562778611,0.38291860491297136,-0.15869095624475274,-0.02394080987162609,0.0,0.0,2024-11-30,0.0
0.2684563758389261,0.2462686567164179,0.045454545454545456,0.0,0.0,0.0,0.3333333333333333,0.0,0.0,0.0,0.0,0.0,0.0,0.0,0.0,0.0,0.0,0.0,0.0,0.0,0.0,0.11763996901978313,0.12463219840269021,0.13553001268487486,0.12078719010803968,0.883307886613836,0.09023961396841415,0.3078128140264007,0.03641592843652405,0.2745443127525511,0.1505144216463002,0.8785805054555356,0.8669578552082218,0.8384924081957337,0.7514448095935204,0.6562609592203899,0.8568509395507977,0.8213142971712308,0.9152316895931827,0.9275708328213732,0.5366300472100853,0.9522341118683332,0.8384924081957337,0.7690706986759608,0.8209167765454577,0.18413685648567668,0.5937275825113958,0.38320045686090665,0.28671406220493556,0.13874227981590848,0.947420488214774,0.7409355311881969,0.6310140784335646,0.6332564446187344,0.6164966617387119,0.5740040092585253,2.6607329635248225,-1.698475358334911,-1.0150653700278531,1.7358855477522024,-0.34351909467856045,-0.26336789350675693,-0.4199237461350181,-0.42135788576692035,0.20974376352270008,2.975571412122458,-0.746402226546862,1.5443986483580452,2.11684811492452,-3.065444439935918,-2.367141533552915,1.5672032678788803,0.18006539930968368,-0.16263986833298297,0.9193655556593372,0.2897258885764806,-0.169726246154213,-0.17777621308100472,-0.17469196336029028,-0.28953338343902774,-0.11529650606611329,-0.2768091470951913,-0.1545092358374118,0.7865378089549679,-0.12005525944756343,0.08809188253749685,-0.2571884808002565,-0.3282279645385972,-0.3905527222293735,-0.4051739650417469,-0.2343560125197821,0.0,0.0,2024-12-01,0.0
0.21476510067114093,0.18656716417910446,0.0,0.0,0.0,0.0,0.0,0.0,0.0,0.0,0.16666666666666666,0.0,0.0,0.0,0.0,0.07692307692307693,0.0,0.0,0.0,0.0,0.0,0.15244655615326452,0.17102774274905422,0.21520141402200857,0.1650309123760125,0.8987283437371758,0.3488621161826817,0.30575665311061195,0.029775497275609495,0.27807989748121753,0.45984851316874875,0.8897575222180727,0.8765995680575571,0.8429864953291375,0.7598450917999706,0.6622858059495211,0.8676409191421257,0.8316903254780694,0.9219886720752682,0.9349295895026559,0.5381015483871396,0.9628158928307452,0.8429864953291375,0.7830769688369301,0.8173458733400079,0.13961179386231493,0.6369855561928919,0.4195752914111559,0.2867140622049355,0.1321641183357809,0.957780365128322,0.7831172404246631,0.6256821611952694,0.6279682684440433,0.6252252303676178,0.5822454994028933,-0.6121729363595622,0.8515318545230687,-0.16436632188111958,-0.8970361647222116,-0.5941766784648936,-0.8428281798370104,-0.4675431243169738,-0.6265368935198167,2.0771050239129867,-0.31174827012211365,-0.8267703304336592,-0.19258389863993852,0.9566110023437416,-1.266793844364214,-1.5422513661505763,-0.22559974448621029,0.8248836782124586,0.05853871535336138,0.71695351367867,-0.4103948183133657,-0.15703390663564498,-0.06532757718144099,-0.6953535345708559,-0.22244163858744875,-0.20380974502666563,-0.3934280692198703,-0.5355291243294843,-0.25516277441479435,0.3458167067534658,-0.2864797639301249,-0.15204309002879543,0.29606172161144534,-0.47127118263536855,-0.4643649369416443,-0.40803169192896765,0.0,1.0,2024-12-02,-0.1933460405967535
0.11409395973154363,0.07462686567164178,0.09090909090909091,0.0,0.0,0.0,0.0,0.0,0.6666666666666666,0.14285714285714285,0.3333333333333333,0.0,0.0,0.0,0.0,0.0,0.0,0.0,0.0,0.0,0.0,0.04364102943823225,0.07869903320722993,0.08315056839191128,0.09637532418048403,0.9015785462488823,0.30714321382859333,0.3032577252648032,0.019477232385110007,0.27546213858647306,0.4108451235986226,0.9015648477338196,0.8865795622067605,0.8475759529597262,0.7667221511530578,0.6683505220545722,0.877320150983171,0.841593853323598,0.9256894641248765,0.9416972954496281,0.5329948657384451,0.9483460479281157,0.8475759529597262,0.7967001182953535,0.8142257528083192,0.10097682290133192,0.5870237593440784,0.39064277379087,0.26907342351623176,0.12350180190186222,0.9727197750166456,0.8222640446688452,0.5741174027965216,0.5794022655872647,0.6447962509489643,0.6009748494162668,-0.020314926402154647,0.45862460372520275,-0.3771226948230527,-0.8031694248753221,-0.4824222747083383,0.23067981820250177,-0.09302314983422487,-0.6738615418204685,0.6477703638959486,0.8693657280374413,-0.16488767374678245,-1.1654028939495604,0.3382891313498894,0.008436011350361915,-0.2523903284426201,-1.0870370400900573,-0.6156990283918273,4.925015790916895,-0.5917962439060247,-0.8593496156076506,-0.23462796307792766,-0.19996070154197185,-0.7865617171415716,-0.3546903358561031,-0.2205631477318505,-0.40833796574095604,-0.8653741463370752,-0.4110183137825774,0.43223613208295886,-0.9326334412743748,-0.5187596034412946,-0.7307660595600947,-0.4743011691644988,-0.4880676561011953,-0.7098754913628923,0.0,1.0,2024-12-03,-0.2354357468638213
0.15436241610738255,0.13432835820895522,0.0,0.0,0.0,0.0,0.0,0.0,0.0,0.0,0.0,0.0,0.0,0.0,0.0,0.0,0.0,0.0,0.0,0.0,0.0,0.10169288617040309,0.12094367381252627,0.15992144071274658,0.13917790287491244,0.9398011332498992,0.2951046947727518,0.3096863392681992,0.0,0.2716733100471711,0.39784735096772006,0.9140580610074833,0.9010960713446208,0.8573468949138014,0.7765378125791091,0.6752094238625599,0.8928759650577929,0.8547345525724968,0.9426373066025742,0.9511446441504586,0.5561469986459443,0.9594358139014475,0.8573468949138014,0.82283502147585,0.8098033022720799,0.09030942840722966,0.6982239832037356,0.3491533894187231,0.44293114090979974,0.14062946056807002,0.9885694407794724,0.8605350885377394,0.6714254913077851,0.6705779899446769,0.6791073742372611,0.6335735311538319,-0.16215432907498722,0.7409746056174688,-0.4886573530542557,-0.8676395020894009,1.153976943839819,0.24772905269731013,-0.20545688705369286,-0.6675740372948351,-0.02604289597811048,0.44736584547971203,-0.42843605445850486,-0.6315708142405663,0.4888808956457317,-0.9381871256621174,-0.7283566449859786,-0.40124006312613164,-0.3509205626944061,0.47209560953708246,-0.540294759917679,0.13032908916857014,-0.19705595113031418,-0.16878121791804848,-0.7735195125828119,3.6969534653627876,-0.14171878856542433,-0.2726704459593185,-0.23677597768279696,-0.354411954918281,-0.07316028600219628,2.6728651956638374,-0.32590936988003166,0.4224721444760194,-0.41303130542972255,-0.34583526600402603,-0.3213196766597043,0.0,1.0,2024-12-04,0.6070992930689023
0.32885906040268453,0.3134328358208955,0.09090909090909091,0.0,0.0,0.0,0.0,0.0,0.0,0.0,0.0,0.0,0.0,0.0,0.0,0.0,0.0,0.0,0.0,0.1,0.0,0.15063995334591207,0.24613282891971416,0.25003881108794673,0.2889369952924692,0.9279195968627896,0.3225208745633885,0.2769760117349147,0.025985622816092315,0.2637489327059468,0.4340987019763124,0.9239237289205624,0.9119682060351533,0.8718972363957711,0.784956896297329,0.6817712699394569,0.9037489420171738,0.8656675493650638,0.9475552085657544,0.9598728669621761,0.5499337457270631,0.8925912736574427,0.8718972363957711,0.8349130441296388,0.8239910602602336,0.05871447709718436,0.6879301487224505,0.32713450135586997,0.4635092738929068,0.15951303109054882,0.9550617326063934,0.8202696129791107,0.6528136903383456,0.653170523095032,0.7032957362726016,0.6572744426521661,-0.29406080376924093,0.693874369184221,-0.32494119613554534,-0.8345765349789859,-0.4529781892011875,-0.13403730013214993,-0.16601582508789986,-0.33068653808430215,0.5736664957312306,0.6655772672397113,-0.1843498407741829,-0.847466397615332,0.20981124406753343,0.03395955468919788,-0.23471685876977302,-0.8249171263393194,0.063661491635245,1.2338664546936848,-0.07972408592479187,-0.3321103256714009,0.3723278758589233,-0.14165918453141493,0.19472677625505658,-0.28243761268536133,-0.18885452730106916,-0.3371426025635268,4.525173561477561,-0.2839173211855522,-0.4804304289714816,0.3587737033281532,-0.09616879622400945,0.4793127315793782,-0.5168267381833108,-0.28423439391572153,6.421629821910414,0.0,1.0,2024-12-05,-3.070426052590169
0.10067114093959731,0.09701492537313433,0.0,0.0,0.0,0.0,0.0,0.0,0.0,0.0,0.0,0.0,0.0,0.0,0.0,0.0,0.0,0.0,0.0,0.0,0.0,0.04827736049849396,0.0508932324506095,0.06051029665219789,0.07243666957558476,0.9437473714260953,0.2847810831907529,0.2771455232219493,0.04133326424697807,0.24981885016435768,0.3938224639399026,0.9372896340308552,0.9204736422235076,0.8875262894247555,0.793960805986881,0.6890455092417849,0.915999249224118,0.877434968124783,0.9552778632651796,0.96869325359182,0.5507300417851189,0.8822541961692342,0.8875262894247555,0.8461991485587355,0.840536574565129,0.03317930414862236,0.6761662682326657,0.301854205300234,0.4882246716675648,0.1806260871957276,0.9370575906436822,0.857789650024702,0.6225917733396152,0.6244104138873852,0.7945856236907147,0.7473118628277804,-0.2382553370564587,0.5542896628870962,-0.25644900187273184,-0.8907806409975229,-0.486193402360182,-0.24417173432513034,-0.12473118121290604,-0.4188158469165363,0.6073793589022316,0.9039965597040908,-0.21531893172573704,-1.1914489879775885,0.220555337688376,0.030575087078474103,-0.17443522272019563,-1.1010895414395714,-0.38166067867743236,-0.7953796497814213,0.2341797265723108,-0.4621701957791336,-0.1765217295581108,-0.18865618040925355,-0.7091064696611826,-0.30844406380461503,-0.20625145346599053,3.2898561428294695,-0.0468887259699986,-0.38086910934308293,0.1004629703904927,-0.03546840793023204,0.31190539407817447,1.4630291043573753,-0.4399226062222014,-0.45789937971851513,-0.4178123500201752,0.0,1.0,2024-12-06,0.0164155931374088
0.4697986577181208,0.44776119402985076,0.0,0.0,0.3333333333333333,0.0,0.3333333333333333,0.0,0.3333333333333333,0.0,0.0,0.0,0.0,0.0,0.0,0.07692307692307693,0.0,0.0,0.0,0.0,0.0,0.18374506070382168,0.25508617065994116,0.282805530763503,0.24391892722378594,0.9437473714260953,0.2847810831907529,0.2771455232219493,0.0515955156673612,0.23588876762276834,0.39929935972402086,0.9472453782619121,0.9318154137320658,0.90315534245374,0.8021251327547532,0.6963229646214728,0.9263648937838402,0.8883307262356297,0.9580921277209571,0.9764192909880665,0.5412748564391027,0.8571037399551403,0.90315534245374,0.8511263238048006,0.8620036127318293,0.03317930414862236,0.6761662682326657,0.301854205300234,0.4882246716675648,0.2002310678648218,0.9181431928064677,0.857789650024702,0.6225917733396152,0.6244104138873852,0.7945856236907147,0.7473118628277804,-0.11199393670495542,0.7240409430932537,-0.5208221496672355,-0.8258235736559584,0.510846327137625,-0.5036723303959358,0.751336622819316,-0.3598149752927799,0.04389433896552444,-0.0030880852731240273,-0.6157061585644477,-0.4056759341010181,1.0547047109174112,-0.25444179793419297,-0.6407950418898106,-0.024074044842338407,2.9131223172413776,0.8722471145749581,0.2234820839394801,1.4815532338061759,-0.07838508229058093,-0.18162186565545813,0.3188442288984774,3.580271457978042,-0.20330452169711957,-0.27430390911010155,-0.45933389758868803,-0.2760428526942481,-0.8890352309007485,-0.6757783630494724,0.8264879679913776,-0.3791744760546314,-0.11234883847184204,-0.4134345390818827,-0.3828630950710602,0.0,0.0,2024-12-07,0.0
0.20134228187919465,0.18656716417910446,0.0,0.0,0.0,0.0,0.0,0.0,0.0,0.0,0.0,0.0,0.0,0.0,0.0,0.0,0.06666666666666667,0.0,0.047619047619047616,0.0,0.0,0.0711539698402292,0.10347835224884405,0.10742796238683393,0.1640568345235315,0.9437473714260953,0.2847810831907529,0.2771455232219493,0.05838285856542286,0.23465433474565733,0.39978930345487795,0.9565708137397602,0.9431571852406249,0.9171478446997234,0.8102894595226235,0.7027761557742362,0.9351358237959122,0.8984193911530802,0.9570287158951746,0.9823470541500205,0.5257377539591094,0.8571037399551403,0.9171478446997234,0.8554757809313411,0.8812706099892962,0.03317930414862236,0.6761662682326657,0.301854205300234,0.4882246716675648,0.21843569277183816,0.9382262919916106,0.857789650024702,0.6225917733396152,0.6244104138873852,0.7945856236907147,0.7473118628277804,0.026856452678309706,-0.12683474495955976,0.0844843286884521,-0.013795111404827951,-0.49909408942215977,-0.3874400329129954,-0.21341230666451955,-0.4513686017567749,0.39948606965635625,1.816141563642944,-0.2309269887562442,-0.8350783454977247,-0.34748431176222866,0.12885286670405566,0.047899741620776135,-0.8063065295439026,1.4536548448188875,-0.2756930582219698,-0.4154619959490666,-0.7136632808099589,-0.1661990084219919,-0.16049542320257723,1.1293157166777283,-0.12662732699016066,-0.19297676933774707,-0.33452847556285875,0.08562390377474981,0.6346681601253102,0.02928007461955545,-0.667040168154313,-0.41881355591006114,0.12400734591888496,-0.48481478322499666,0.3929244066513568,-0.1849964891809719,0.0,0.0,2024-12-08,0.0
0.44966442953020136,0.4253731343283582,0.2727272727272727,0.0,0.16666666666666666,0.0,0.0,0.0,0.0,0.0,0.0,0.0,0.0,0.0,0.0,0.0,0.0,0.0,0.0,0.0,0.0,0.22587437230199983,0.36707650273224046,0.30334689886705496,0.3569426861195443,0.9046795625033459,0.3677839190300851,0.2948054994089906,0.054851110186662264,0.24551851513387946,0.4970608049385886,0.9488038451201399,0.9456937201958047,0.9268155989027491,0.8170995826665184,0.70868285622897,0.9350288063974519,0.9037021753413939,0.9356171760803729,0.9819938267974454,0.47146995017304744,0.6634735562551382,0.9268155989027491,0.851897202477641,0.8996781424479341,0.028782446352500046,0.6815678406410902,0.3055008780428745,0.4882246716675648,0.23533998732835348,0.8214453884512832,0.8142314454663504,0.5372387743857155,0.5450044402068888,0.7357260551816779,0.6896853423534134,1.6175179301256513,-1.790706606112181,0.037678217370466845,1.826556847688528,1.8510072143078835,1.43755685712424,-0.4311793147123191,-0.45490458509697385,0.0437240159689681,-1.423440094317529,-0.7962745161604229,1.4291951946571635,-2.2451591184361255,1.2411142436438625,1.0340746578418614,1.1745325140771314,0.9275382909159743,0.6454753606587922,0.33856056465916967,1.0873438879173165,0.14132215241303822,-0.13645659836082025,-0.18036385391167326,0.1574790794678222,0.00733656636852231,0.14180352543894723,1.44141622018554,1.0245005414920263,-1.7534868548851101,2.2152899632623453,0.08048318104578102,0.6703174911951199,-0.3050670830787301,2.18537466019289,0.4658830819381055,0.0,1.0,2024-12-09,1.7099218946572847
0.5302013422818792,0.5298507462686568,0.09090909090909091,0.0,0.0,0.1111111111111111,0.0,0.0,0.3333333333333333,0.0,0.16666666666666666,0.0,0.0,0.0,0.0,0.0,0.13333333333333333,0.0,0.0,0.1,0.25,0.17912532232775363,0.24329550231189576,0.22816516418360383,0.2699071399599307,0.885949587457274,0.30102079703117324,0.2999347962547694,0.05145003167936103,0.251285824013745,0.41305029937472926,0.939522376806261,0.9460072551083281,0.9351976059329967,0.8236473328341507,0.7143275569089713,0.931328887886349,0.9066478725465448,0.9075249198050293,0.9750259552044056,0.41431937576511135,0.5633124044118447,0.9351976059329967,0.8416399192611497,0.9211749570609005,0.01800023308856069,0.613762206276345,0.3827645037063584,0.3097037775011812,0.22519045616656963,0.6508270444260532,0.7755300257422499,0.5034345628338937,0.5136509886658164,0.695492824022543,0.6504102867035586,0.5233936973376748,0.40223306500280864,-0.8355840737662362,-0.6748585191285636,-0.2661771303697097,-0.3542380033136479,-0.011400056438383592,-0.6749026370772793,0.7564938847741021,-0.16379637834705035,0.3301805419702376,-0.13407310390234312,0.2974209495023657,-0.33619283676023115,-0.33357934115781324,-0.03915815273055407,0.28442430144735575,1.348051598408434,-0.07691254953059148,0.9438019584732859,-0.1329018007927215,0.6358525468961744,-0.31125880103748527,0.3004659184160741,-0.13657478329138753,-0.08622894182104174,0.757577652732324,-0.33838073744345426,-0.8551822055907053,2.969089899352612,-0.13913017930193153,-0.2934992647058538,0.1732871629960424,-0.294932148676686,0.403197361262463,0.0,1.0,2024-12-10,0.4882931955596525
0.40268456375838924,0.3805970149253731,0.6363636363636364,0.3333333333333333,0.16666666666666666,0.1111111111111111,0.0,0.0,0.0,0.7142857142857142,0.0,0.0,0.0,0.0,0.0,0.07692307692307693,0.3333333333333333,0.05555555555555555,0.0,0.2,0.25,0.15978792711974243,0.23672761664564942,0.22042778569053537,0.2723238977863543,0.9373995406845896,0.33013348682083754,0.314559052648991,0.05635674539673538,0.25211874729843653,0.4481914863876033,0.9381185841761495,0.9524272182428666,0.9448376001989534,0.8320790863681005,0.7206919529501423,0.9381128659155351,0.9147202653208772,0.9056355320669033,0.9690020285274104,0.42247506671389623,0.609036180359319,0.9448376001989534,0.8440787704630122,0.9348803683535012,0.03424996286727355,0.6597121715342682,0.31909492385863325,0.4468260562405066,0.23561854801076154,0.618668688313562,0.81634929235579,0.5241545353637794,0.5328873838786639,0.7433734229117553,0.6964436392549177,-0.024728018379740174,0.5678275671684591,-0.467314856794892,-0.8176732295663952,-0.22886752131499463,-0.18544491424266782,-0.1805462872364746,-0.6609089636558937,0.7418651798782505,0.4820307597543663,-0.05246287521227524,-0.8342885302334428,0.002339222842344542,0.20710416842903523,0.025943378946894573,-0.9759932501580632,1.1339077303633955,-0.2146980459498597,-0.1283273650317089,0.6486026050402254,-0.15659442388909411,-0.06581367241338973,-0.5762001709597435,0.44723966411761085,-0.02673403663324758,0.5205401076610144,0.34371813950301966,-0.36012427897732313,-0.6500324187330099,2.2412232737584863,-0.18544917225128627,0.3854069107348694,0.9744594829288081,-0.3653353342367497,-0.1419263084149904,0.0,1.0,2024-12-11,1.385419071011018
0.3422818791946308,0.3582089552238806,0.045454545454545456,0.0,0.0,0.1111111111111111,0.0,0.0,0.0,0.0,0.0,0.0,0.0,0.0,0.0,0.0,0.13333333333333333,0.0,0.09523809523809523,0.0,0.25,0.17788189792202305,0.2573245060949979,0.28082066116029064,0.3150803844688357,0.9030090002370494,0.2523463350916063,0.32212190034680344,0.06809024509058906,0.24242793687014497,0.3569548554119639,0.9291094868062428,0.9529352754911233,0.950665866735763,0.8412650385146492,0.7283200534653265,0.9372259158462501,0.9186220304365307,0.8862363801769246,0.9595663498290182,0.39299750440336956,0.5593676583527812,0.950665866735763,0.8416432040306194,0.9461927778560923,0.020033080602023245,0.6120808018121427,0.33291077034078365,0.3769381199873085,0.23518335335212748,0.5847594446936785,0.7811887703831051,0.4888953660153162,0.5003178303859557,0.6805001398473666,0.6354826504431439,0.2987313299996944,0.04568388118608444,-0.3181041570932309,-0.1301999723847055,-0.2632617132403808,-0.5425739294368785,0.22671518758098802,-0.35174761571516866,-0.46598759735576556,0.5457606786589723,1.3272720229941304,-0.14705605384706372,0.19357245086431138,-0.2141011334646901,-0.1170887349809292,-0.12090414910330827,0.18917714719615836,-0.5552414231133931,0.1220398977268097,-0.07088848136870372,-0.09590889449521985,-0.1403556906280691,-0.14191450313211212,0.10165784164123405,-0.20676575570283692,-0.34714970680880924,0.17517077195614855,-0.2297011599023736,0.6333227010181444,-0.41851968103801274,0.10470270955183138,-0.4409818857556998,-0.5058303867951612,-0.3977587615928771,-0.31852656350804,0.0,1.0,2024-12-12,0.7066709246296821
0.6510067114093959,0.6492537313432836,0.045454545454545456,0.0,0.0,0.1111111111111111,0.0,0.0,0.0,0.14285714285714285,0.0,0.0,0.0,0.0,0.0,0.15384615384615385,0.0,0.05555555555555555,0.047619047619047616,0.30000000000000004,0.25,0.20877223325098246,0.27083858764186636,0.27216705872922053,0.33020163718826434,0.9028417910752111,0.2401185848662372,0.18506013695074164,0.1824164496155085,0.23079126875567368,0.34617652056665094,0.9200634119240743,0.9530852059259418,0.9564827374536033,0.849995000989022,0.7360752139948286,0.9364431975432685,0.922217405335056,0.8685140250285669,0.9478003073086324,0.37286314401076004,0.5669216454463593,0.9564827374536033,0.8370857208539277,0.9591290219711457,0.018523517101564635,0.5533598226491462,0.3708659355130308,0.2564934089591348,0.21734117709361622,0.5390801011044537,0.7469177746948938,0.46384006643934617,0.47732570362397164,0.6602470066004151,0.6158500847558702,-1.131704377913367,-0.7431741065055958,1.6974446355658663,0.6808192972217291,-0.5029402484220439,-0.5154492724688171,-0.3777043121513775,1.2093510263566594,-0.33607051151004463,-0.5633428513916924,0.3443816808311393,0.24578410483838853,0.02184148248315911,-0.311406867560543,-0.18080859803755095,0.19283011035865935,1.2102811944387353,0.569836075759194,0.43555556591486067,1.6154144708889009,-0.10838112518952718,-0.14769057910518327,0.7299904809404415,-0.25004644284845456,-0.11457875313184421,-0.10357569766531272,2.5545813265356423,0.5211807472858008,-1.490334725324106,0.7331750077953322,-0.07801494515457232,-0.20221177138689198,0.4753914178616187,-0.20365250663618548,1.143693208213787,0.0,1.0,2024-12-13,-12.717154390189611
0.174496644295302,0.15671641791044774,0.09090909090909091,0.0,0.0,0.0,0.0,0.0,0.0,0.0,0.0,0.0,0.0,0.0,0.0,0.0,0.0,0.0,0.0,0.0,0.0,0.053083563892373474,0.053678015973097945,0.0601478716563895,0.06915645472535308,0.9028417910752111,0.2401185848662372,0.18506013695074164,0.23376223960747647,0.2191546006412024,0.35045003203235825,0.9196569974981541,0.9486986213721043,0.9622996081714401,0.8587879237889915,0.744073676838207,0.9357808974407451,0.925546456167023,0.852381502147603,0.9345483160465986,0.3600245360616856,0.48471905889504163,0.9622996081714401,0.8297186076575436,0.9742397927693478,0.018523517101564635,0.5533598226491462,0.3708659355130308,0.2564934089591348,0.20077344199642744,0.35494076960249005,0.7469177746948938,0.46384006643934617,0.47732570362397164,0.6602470066004151,0.6158500847558702,-1.183767072141967,1.027008694816445,0.21726323852579074,-0.5427055184866801,0.45259293135667716,-0.3638329073055841,0.4285301844134833,-0.09695083279359207,-0.23455658843526003,-0.5149857903062703,0.14049706523456315,-0.48681159812640007,-0.4532582992226675,0.7357481085365333,-0.7785311405251023,-0.8911166146916685,-0.4139025424941494,-0.4211721109651489,0.2937426990467313,-0.31482945424356235,-0.15055567641860634,-0.17281556101434792,-0.091931570842513,-0.2810987964080334,-0.11730955184431087,-0.08280294068750939,-0.3213468904637081,4.761744223445771,-1.546691066036983,-0.536598434248722,-0.250988477516777,0.30370133376879105,-0.11812628062789582,4.417570406492162,-0.27801360501778755,0.0,0.0,2024-12-14,0.0
0.20134228187919465,0.14925373134328357,0.0,0.0,0.0,0.0,0.0,0.0,0.0,0.0,0.0,0.0,0.0,0.0,0.0,0.23076923076923078,0.06666666666666667,0.0,0.23809523809523808,0.0,0.0,0.07348791733708497,0.10868011769651115,0.10226538203376875,0.1584873830799297,0.9028417910752111,0.2401185848662372,0.18506013695074164,0.2714535860383791,0.1763229375110964,0.3667356649729242,0.9233926281270799,0.9457222178692506,0.9668335459278943,0.8675808465889574,0.7534594028528758,0.9352204896616865,0.9286289106410663,0.8376784207625347,0.92044773891338,0.3526927479549279,0.48471905889504163,0.9668335459278943,0.8243835020202113,0.9857027000441017,0.018523517101564635,0.5533598226491462,0.3708659355130308,0.2564934089591348,0.185389116549038,0.2893332291482461,0.7469177746948938,0.46384006643934617,0.47732570362397164,0.6602470066004151,0.6158500847558702,0.09770782585964927,0.25058867440532406,-0.3075505999771601,-0.5744588855425808,-0.2436305238829435,0.31406337167271214,-0.13088468432294012,-0.6428188089863511,0.5564305209988343,0.7775286121082513,-0.2622465430062629,-1.236278107570377,0.19776302073688154,-0.009265694553639646,-0.19924317297145527,-1.160634197174783,0.19862856723547095,1.7361619099363377,0.6521712810346614,0.26003394369762317,-0.08616372265069493,0.008439226084300037,0.8734243029309579,0.6140714917148594,-0.04672543484079117,-0.06908505120904258,2.05717114590611,0.106377803107284,-2.273944595799487,2.335542505245971,-0.05797475775653233,2.5778781920761555,-0.4190978500496045,0.8058598587785333,0.7830660422691079,0.0,0.0,2024-12-15,0.0
0.11409395973154363,0.11194029850746268,0.3181818181818182,0.0,0.0,0.0,0.0,0.3333333333333333,0.0,0.0,0.8333333333333333,1.0,0.0,0.0,0.0,0.0,0.06666666666666667,0.0,0.0,0.0,0.0,0.0500500212678216,0.051092896174863386,0.07429994676530047,0.06758932631915339,0.9268444623435288,0.3460538730626802,0.18464972105043664,0.29675900356972407,0.1879485222878603,0.4966484770048002,0.9210584226655909,0.9437160663650905,0.9705656071542954,0.8772057716258832,0.7631808844918719,0.9393717402618416,0.9339765605762302,0.834905314937769,0.9085073438908032,0.3713567371221297,0.5474601200210257,0.9705656071542954,0.826948438879775,0.9897542727086188,0.005085278218726841,0.5681106571934696,0.38367514502428623,0.25649340895913497,0.1711036714907478,0.402648358255266,0.7888951940151943,0.5626366518402581,0.5685383698369966,0.6650788758174412,0.6202127025538685,-0.5865781077955562,0.15077095164865875,0.4169422595920401,0.45262223708298166,-0.2056639803561895,-0.5363174957742731,-0.41791843556439057,-0.3902275350937375,-0.8078916084091651,4.474833471431537,-0.04100227562409116,0.04426264047693633,-0.32607513440981517,1.9363196521780834,1.0386179149235986,-0.3856774592959009,-0.5136388516139866,-0.6167169112283205,-0.5212230766131873,-0.06378906500902415,-0.11550065470616,-0.19101311726168857,-0.7352660297732395,-0.3414726892887983,-0.1995692806213305,-0.371845910977961,-0.6282755296061958,-0.26653312551687136,0.23649428615142504,-0.6065962678416829,-0.3634851939488026,-0.312433408244048,2.9716662790884127,-0.17574823841953377,-0.5751590766668847,0.0,1.0,2024-12-16,-0.0436283621894406
0.6510067114093959,0.5895522388059702,0.09090909090909091,0.3333333333333333,0.0,0.0,0.0,0.0,0.0,0.0,0.0,0.0,0.0,0.0,0.0,0.0,0.0,0.0,0.0,0.1,0.0,0.22467137567404402,0.3755254308532997,0.31954876394447107,0.41185517275286077,0.9023406733737254,0.36621224903873195,0.18859095844296114,0.3099997997988881,0.21264889052652758,0.510362546875672,0.9209106253528638,0.9388016395540442,0.9742563585369233,0.8854240113753384,0.7725596007414666,0.9381623270922343,0.9363825040940981,0.8200034964808312,0.8954087490466978,0.36134988222967623,0.43141140353227503,0.9742563585369233,0.8214237891383682,1.0,0.0,0.5031387680047565,0.4884866246152497,0.04215474007908193,0.1268065175480605,0.4002826125260969,0.7454513229803501,0.5535922764260104,0.5602256087912927,0.6088397805823359,0.5666223812871116,-0.04567148748292382,0.5287145678533512,-0.41400084562770123,-0.3462221478861238,0.06146433027052876,-0.512419092587619,-0.2699845493574921,0.1504776689229408,-0.21002684179443773,0.9684598107543593,-0.021562007733189774,0.05049603661352775,-0.2015305182008526,-0.49530397784131674,-0.16669018131585336,0.11975641240810096,-0.012806039169387856,-0.6478879259816934,1.022341763453497,-0.160313371943344,-0.08202664621373827,-0.15845690097137324,0.3433994276189592,-0.2720849198361501,-0.17472870778352914,3.572803631507771,3.319686699081491,0.6804401856520573,-0.9154895733909297,1.3310617808423695,0.6008245079402187,0.42682106761078936,-0.21510948613460512,-0.3150337663722718,3.061691726415347,0.0,1.0,2024-12-17,0.4191474645619308
0.8255033557046979,0.7985074626865672,0.0,0.0,0.16666666666666666,0.0,0.0,0.0,0.0,0.14285714285714285,0.6666666666666666,0.0,0.0,0.0,0.0,0.0,0.06666666666666667,0.0,0.0,0.1,0.25,0.4106142914356347,0.7343421605716688,0.7530034136821646,0.6456907041630304,0.7160324528513495,0.4585228930291968,0.45192721266201263,0.4632027861063526,0.25203907273869075,0.604681873025886,0.8795986271422143,0.9117748937917121,0.9652496313209351,0.8868440909728807,0.7784175252113563,0.9012363972764854,0.9192555386295389,0.7240268716544562,0.862089716220066,0.186645150807833,0.13345218426677796,0.9652496313209351,0.8773779582195775,0.9421253574010704,0.18953499800738338,0.3067695256821644,1.0,0.6730341492699556,0.17701259467307406,0.3022941037692596,0.6952921737747193,0.18115661957884482,0.21658843359390412,0.4572970833737654,0.42300306962754536,1.5833269638531402,-0.7883495068525287,-0.7960733710175968,0.3850068123961549,1.2841151469794858,-0.020190599649541868,0.6699063244190842,-0.41606179279188477,-0.46354272978147515,0.06110012382034044,-0.7243737426410024,0.48180900700682583,0.6261496155177753,-0.337906499901823,0.017355557209682907,0.3793037957411791,-0.6017627927214172,-0.7131103503715421,-0.46213537101508256,-0.7040750389568118,-0.23102929661216418,-0.20647783786726392,-0.7934820997598813,-0.3663750254131647,-0.2322316384915003,-0.37061238366913635,-0.7893626293308021,-0.4101212614987366,1.3760127284208705,-0.8900510222947746,-0.3405914539590601,-0.3653878216511686,-0.045560365634056986,-0.49417592443576386,-0.7089716498824828,0.0,1.0,2024-12-18,27.888706554352986
0.28859060402684567,0.26865671641791045,0.0,0.0,0.0,0.0,0.0,0.0,0.0,0.0,0.0,0.0,0.0,0.0,0.0,0.0,0.13333333333333333,0.0,0.0,0.0,0.0,0.08865033377238189,0.17129045817570407,0.13291964947518942,0.1783868410378692,0.7107286598032747,0.4125186931485175,0.2667976724024794,0.4593047458336972,0.303324813104604,0.5245128066368941,0.8371137202804508,0.8887554896593066,0.9534878258952322,0.8887769712015618,0.7838438891802486,0.8689693107471221,0.9028462509831723,0.6458789648193369,0.8168371443992315,0.08353928699341073,0.05166638227735448,0.9534878258952322,0.910844244891301,0.8971989003104701,0.20747521409707514,0.25844875759639874,0.8898178980602768,0.678139143965822,0.22437162802562793,0.0859809602613566,0.6484796700464521,0.226719477428989,0.2570925692518642,0.4523481990132674,0.4183096132202573,-0.01351595678784236,0.715079994931046,-0.6049416902382874,-0.6984030416701439,-0.03776913953151559,-0.24039650325161924,-0.41754097592644623,2.0109770043461896,-0.9045437078143179,-0.6181704673208968,-0.4840718259312316,0.26142309556149723,0.40730138427865004,-0.24472537847609155,-0.546059728246507,0.014979411979823444,-0.24306039249660039,-0.8459452372415852,2.1605190741326052,0.04535077651104234,-0.11532328125618029,-0.18703523462987542,-0.3581959664690117,-0.176687605145652,-0.06953476312544352,-0.33213223834981,-0.5369944278933506,-0.3368040828796591,0.18448588780464478,-0.2283222590374075,0.17367828736059351,-0.11083155405499837,-0.3367493807897415,-0.4346964318706018,-0.32413668078633007,0.0,1.0,2024-12-19,-15.330673925985716
0.8590604026845637,0.8507462686567164,0.0,0.0,0.3333333333333333,0.0,0.0,0.0,0.3333333333333333,0.14285714285714285,0.6666666666666666,0.0,0.0,0.0,0.0,0.0,0.0,0.0,0.0,0.0,0.0,0.3828092765535644,0.6488965952080706,0.6498477758565113,0.6541793163632788,0.7773069639047421,0.8496348101249188,0.2874737904440481,0.4563181239616608,0.424170835639748,0.9545962433052799,0.8093522892687641,0.8758610487325331,0.9462635367910881,0.8969340530259888,0.7893456134719283,0.8544963829706589,0.8945689752083368,0.6144616301808333,0.7731585075625894,0.09713809671881868,0.21901766136554796,0.9462635367910881,0.9174949662164966,0.8803660441563599,0.3192667295518954,0.3268549388388132,0.6829311911805532,0.39735391418797883,0.22769559732221933,0.11463622742891191,0.7270908504119831,0.33127280857961944,0.35402707319703786,0.48170044884345276,0.4466699910179542,-0.2164004398487277,0.022078606805897974,0.1827871362631824,-0.20722078037252867,-0.39885587538316664,-0.2738840626049699,0.1343704207381996,-0.3722777006700143,0.5635973677122166,0.48701963990929054,-0.2867693371714753,-0.6894585718016598,0.31282166265961925,-0.29072814010191894,-0.45382644376909903,-0.6347280375997623,-0.3183205772364289,-0.6662923953054574,-0.38997366030538066,-0.6929141893762992,-0.2316029459586442,-0.1916596330857529,-0.057622851479516256,-0.35445224881329956,-0.22703693537089675,-0.3952744489844783,-0.7888863686076057,-0.31573464529155854,1.2480675668365115,-0.49667720669244014,-0.4568412769496414,-0.7486088252668501,-0.18938887281643552,-0.4856292694446211,-0.6634482195361747,0.0,1.0,2024-12-20,2.0222201049546973
0.3959731543624161,0.3656716417910448,0.0,0.0,0.3333333333333333,0.0,0.0,0.0,0.0,0.14285714285714285,0.0,0.0,0.0,0.0,0.0,0.0,0.0,0.0,0.0,0.2,0.0,0.2122456171262444,0.3319356872635561,0.3155366853693771,0.35972664364114604,0.7773069639047421,0.8496348101249188,0.2874737904440481,0.4480527399618736,0.5450168581748922,0.8792914510371845,0.7762827814665094,0.8568601795837454,0.9390392476869422,0.9042461270564459,0.7942393636530998,0.8422500594674975,0.8869048309723766,0.590494606501015,0.7325120157523256,0.12333585182794493,0.17800926471571554,0.9390392476869422,0.9220618933840186,0.865145950524818,0.3192667295518954,0.3268549388388132,0.6829311911805532,0.39735391418797883,0.2307821402404827,0.2389142576241354,0.7270908504119831,0.33127280857961944,0.35402707319703786,0.48170044884345276,0.4466699910179542,0.4489908328163942,0.08718555513682079,-0.49410472424322743,0.15978626378176375,-0.00930734831316858,-0.382086230386494,-0.1672691458868472,-0.5269935046471368,0.6275298487299948,0.1345049908077492,0.022095582956477997,-0.34884384467590457,-0.1519252303879024,0.07333785443934494,-0.19775369706539242,-0.3983266132621782,-0.17900546940591772,-0.6047328488852626,0.9919528061012182,-0.3350656984582514,-0.15690057823747988,-0.10017645750093138,0.25843467491445926,-0.2596470561248163,-0.1568749339906594,-0.11177126895544709,-0.08887499588759035,0.7035622579772225,-0.06678125996199646,1.4632264809001672,-0.30551276045758785,-0.43302586045854746,-0.20360341917239286,0.03076189888694193,-0.37142209131907933,0.0,0.0,2024-12-21,0.0
0.3355704697986577,0.3134328358208955,0.045454545454545456,0.0,0.3333333333333333,0.0,0.0,0.0,0.0,0.0,0.0,0.0,0.0,0.0,0.0,0.0,0.0,0.0,0.09523809523809523,0.0,0.0,0.18941862369359636,0.351744430432955,0.31035095949477276,0.4390556054032129,0.7773069639047421,0.8496348101249188,0.2874737904440481,0.435604283232941,0.6247071018891237,0.834637958228426,0.7486321702552887,0.841941012236151,0.9307640069728507,0.9115582010869048,0.7986911848710019,0.8318877857340539,0.8798084011242668,0.5726378495116757,0.6957453382967702,0.15685747610688922,0.17800926471571554,0.9307640069728507,0.9233652734672688,0.850751749988941,0.3192667295518954,0.3268549388388132,0.6829311911805532,0.39735391418797883,0.23364821580744166,0.36820179346340454,0.7270908504119831,0.33127280857961944,0.35402707319703786,0.48170044884345276,0.4466699910179542,0.20841461932895344,0.053954890606663836,-0.24100128201820908,-0.33794724097632517,-0.32290964590231164,0.6420112091854547,-0.17405554573745066,-0.2840805039794152,0.2673864703585548,0.486470280108618,-0.15805326906946532,-0.7247476272714858,-0.0334735307045453,8.952402313110384e-05,-0.09010936305769437,-0.7075538588746882,-0.3313114038883793,-0.798143790418817,-0.44308838005900353,0.06489131379574643,-0.15847142007475437,-0.18821675022083278,-0.3578849276363663,-0.02567957732981337,1.4308159747521376,-0.36597185971572216,0.06264061924282477,-0.1308432621564459,0.7901464983612879,-0.39690491711740433,-0.20616083460329274,-0.5269208108476827,-0.46933855748849035,-0.3951208535971305,-0.2919811080898167,0.0,0.0,2024-12-22,0.0
0.24161073825503357,0.1791044776119403,0.0,0.3333333333333333,0.0,0.1111111111111111,0.0,0.0,0.3333333333333333,0.0,0.0,0.0,0.0,0.0,0.0,0.07692307692307693,0.0,0.0,0.0,0.0,0.0,0.06132429077084639,0.0778688524590164,0.0971767544446458,0.1082578448604334,0.8224299875357808,0.24121192051239596,0.30015238068262495,0.424116935770107,0.6142151543522072,0.23456242073278755,0.7721614798941534,0.832397195853134,0.9253697891141162,0.920434370054112,0.8037741987091565,0.8318151534462261,0.8779252529404502,0.5797788224749224,0.6680313782762203,0.23507302067062327,0.2678640511430367,0.9253697891141162,0.9196209921043046,0.8449243498438239,0.33767492261365795,0.3170325679811983,0.6654716610687481,0.39735391418797883,0.23630957169104638,0.42555577112676235,0.7614413824643727,0.36435672818162224,0.38527649970511957,0.5094154380076602,0.4729719359479357,-0.22772723350528526,0.6686724094874861,-0.36505135749233547,-0.811203922368327,-0.43460871444112786,-0.152344864491405,-0.14706499059848208,-0.6528138209517153,0.8313625754385682,0.6775223093603909,-0.17646250748043354,-1.0825751518958189,0.36898139842372757,0.052901844559908706,-0.25650967992574003,-1.0417164321620218,-0.4419894872484036,0.9285500418937068,-0.5421191616712007,0.1083397787291923,0.015432128577832068,-0.19022654622682966,-0.7445188847254192,-0.2769281736178259,-0.1328930582976619,-0.35643811365480865,-0.31146960549854563,-0.36890186644569833,0.13614244431938624,-0.27426453235007775,-0.31294234370224516,0.8571509575905019,-0.44447756203933225,-0.34232397055883196,-0.053467737582805354,0.0,1.0,2024-12-23,1.2154458551913103
0.14093959731543623,0.13432835820895522,0.0,0.0,0.0,0.0,0.0,0.0,0.0,0.0,0.0,0.0,0.0,0.0,0.0,0.38461538461538464,0.0,0.0,0.0,0.0,0.0,0.06456586349787835,0.13434216057166876,0.12139430879851598,0.12651642719305795,0.8913053784764084,0.0,0.3369994133586778,0.41417077882464054,0.5672537977684013,0.0,0.81209516388253,0.8310279764261912,0.9220646541789339,0.9322809658336588,0.8098206594748483,0.8450263477432856,0.8833367399216012,0.616955037503928,0.6547072663805348,0.3594014132617247,0.41673013034612716,0.9220646541789339,0.9120060761600115,0.8454717985389548,0.3409825847400221,0.5115999503963475,0.577010683607557,0.021591495190770936,0.184377692910083,0.570454361621574,0.7782445865562133,0.5106302953835834,0.5203261435271401,0.571022484031714,0.5309355800131068,-0.14125480986455247,0.5996350018523949,-0.38608996175602384,-0.7707875609804132,-0.014602681710796506,0.4219985636484315,-0.158146734747119,-0.5845868450321229,0.2721401465460471,0.5412541114939676,0.017240403619491456,-1.1108868484017436,-0.19376301402205331,0.3343817588856975,0.6888535548841516,-0.7811177776239802,-0.3929492837128894,1.0380697274340327,-0.4987781669135077,-0.6413015139808617,-0.20898310413324864,-0.19279640552050628,-0.7139703793431001,-0.3023442290397362,-0.18862204751858416,-0.26348448477841224,-0.060762535701335364,-0.18347948470961956,0.39602463769974366,-0.2435841961749158,-0.4268933036934319,0.7582471203460541,-0.48388191267888014,-0.4008197046333959,-0.2933812028697417,0.0,1.0,2024-12-24,3.4899594259047984
0.14093959731543623,0.12686567164179102,0.0,0.0,0.0,0.1111111111111111,0.0,0.0,0.0,0.0,0.0,0.0,0.0,0.0,0.0,0.0,0.0,0.0,0.0,0.0,0.25,0.07046745428769553,0.17244640605296344,0.07222023697626907,0.18353992797354934,0.8913053784764084,0.0,0.3369994133586778,0.3863099362370681,0.5159295793998813,0.006427929892636436,0.837305372020829,0.8296587569992484,0.919569282514372,0.9415917783957681,0.8157638706082935,0.8562050506100274,0.8883473760152594,0.6467009839929772,0.651126805565301,0.44358662955375205,0.4341078160227251,0.919569282514372,0.9064802713432005,0.8457121853281917,0.3409825847400221,0.5115999503963475,0.577010683607557,0.021591495190770936,0.13615523404204555,0.7234196583670323,0.7782445865562133,0.8024723102845233,0.7986803718080228,0.5353576001811357,0.49765334457066546,0.9489174599299272,-2.6351307143162948,1.3905885492821577,3.3354520090929984,-0.5035101822216329,-1.4218939797247316,-0.2929378581542215,2.6958176288530886,-1.883109670372289,-2.343469192833876,2.3462386290631545,3.3274165241239615,-0.8448247390853567,2.4062799624038047,2.510409634867932,2.613923938259171,-0.04671921225650154,-0.20126736135025783,-0.5200226297506699,2.31879174401988,0.0197159611071113,-0.17581706709249756,-0.7620055486953722,-0.23071298368155682,-0.18728527351738486,-0.32494636907824564,-0.11881093898306966,4.347255991504172,-1.7476242155545711,0.7686772949335592,1.3636924963351853,-0.6587294867936615,0.9525229262285786,-0.4372681906180538,0.5232064173561083,0.0,0.0,2024-12-25,0.0
0.49664429530201337,0.43283582089552236,0.0,0.0,0.0,0.0,0.0,0.0,0.0,0.0,0.0,0.0,0.0,0.0,0.0,0.0,0.0,0.0,0.0,0.0,0.25,0.11668537622425094,0.26171710802858345,0.13072195397879985,0.30733846286212957,0.88874728221389,0.1507029149484739,0.3340964909836248,0.3352523480183088,0.4945931087152049,0.1688973972423743,0.8619498693160601,0.8251371261457683,0.9158208571698783,0.9455201280962555,0.8216495346368156,0.8651709943461245,0.8927211052057196,0.6691522817647151,0.6536053124913664,0.49593615496225313,0.3551097654860189,0.9158208571698783,0.8971087401992914,0.846902139647951,0.3142664988061086,0.5309945006357849,0.6001685806521613,0.021591495190770922,0.09137723652172502,0.8156843459840639,0.7504782697475791,0.806773299687767,0.803020460564871,0.544057152859831,0.5057209355283253,1.6696284876585143,0.004651220913764358,-1.5614159315688374,0.9512525062527303,0.24753780075495532,1.058457380985183,0.3745451626917204,0.2522204800391503,0.15920844915012736,-1.7024495856857396,-0.7640367373301561,0.9175361572750355,-0.37443575820320346,0.8371646959467651,0.33987263820011065,1.0385161493566593,0.784613830972923,-0.2819822783589707,0.30764555623165585,-0.002311602193120264,-0.07032895978622293,-0.15488981796681642,0.3238824834297633,-0.14476553344332257,-0.11996106283739508,3.2077439396227816,-0.13564653526243442,-0.23448798098608636,-1.059913650318818,1.238406606636588,-0.16493700308740797,-0.5062315428280082,2.01842490057023,3.532154694746225,-0.262152052843169,0.0,1.0,2024-12-26,-0.2656776765694313
0.23489932885906042,0.2164179104477612,0.045454545454545456,0.0,0.16666666666666666,0.0,0.0,0.0,0.0,0.0,0.0,0.0,0.0,0.0,0.0,0.0,0.0,0.0,0.0,0.1,0.0,0.06928223939622087,0.32008196721311477,0.08936260056305716,0.25406992465492445,0.8190577661773588,0.18422311406171563,0.3719843451925635,0.26908908895918815,0.47859086026148745,0.2082363576189396,0.8711828610132555,0.8152525477736869,0.9073228768355861,0.945438330917705,0.8267987098181528,0.8593280235209786,0.8895311360951048,0.6558673060448605,0.6524266093723213,0.46433783353932206,0.3062409853604011,0.9073228768355861,0.8833360627029574,0.8438158386395918,0.3649816299268849,0.4353933602246939,0.7953665401220918,0.33255634973396375,0.0948193698924984,0.7292330561222262,0.7202734750814095,0.5933169364434188,0.5982238832245537,0.4642623384382379,0.43126712250078175,-0.5596219753013079,-2.657134065536574,2.8167283359768933,3.065867594950462,4.238905737840563,0.4832670457939192,0.0806700097568362,-0.6516487737183793,-2.0840403135692473,1.4215805391000207,-1.3899246749916732,2.173515997869747,-0.10947033766949123,1.3250912064481526,1.1383566775490523,2.42265395551401,-0.21973463718515335,2.6069373760583576,-0.34373802025550126,-0.4346230868781877,-0.17403522158792314,-0.11092956766611199,-0.649433571870064,-0.3051969475853411,-0.138281793510781,-0.26341262382622865,0.06934439188465207,-0.2835559605819154,-0.6902099590217717,2.621418017402201,-0.3171573449025784,1.3736085034672392,-0.43671973983580525,-0.28042087797715026,-0.09288890451472911,0.0,1.0,2024-12-27,3.476762383820886
0.40268456375838924,0.3582089552238806,0.09090909090909091,0.0,0.3333333333333333,0.0,0.0,0.0,0.0,0.0,0.0,0.0,0.0,0.0,0.0,0.15384615384615385,0.06666666666666667,0.0,0.0,0.0,0.0,0.06067166320850627,0.24369482976040352,0.09046229509862533,0.2141281235020096,0.8190577661773588,0.18422311406171563,0.3719843451925635,0.17572762793886032,0.4625886118077698,0.21212241480543664,0.8704371102705482,0.8274802883528913,0.8988248965012957,0.9445444462613732,0.8305549241656447,0.8543839712843155,0.8865774609926849,0.6456346869210886,0.649048526583648,0.445335177177027,0.3124441588685388,0.8988248965012957,0.8677791768620757,0.8421104342711194,0.3649816299268849,0.4353933602246939,0.7953665401220918,0.33255634973396375,0.09801563659393064,0.6347150600097422,0.7202734750814095,0.5933169364434188,0.5982238832245537,0.4642623384382379,0.43126712250078175,-0.21068717546903354,-1.2256740272333106,1.2550277917462338,0.7362481300391223,1.5467343649750032,-0.03253154719868266,-0.4261082198854374,-0.40878649480501933,0.41126407430458267,-0.8327091016328934,-0.776616804124095,-0.04740256101705845,-0.47280072678142576,-0.3781201482620627,0.47687554712000246,0.12049429451156456,0.37004734887663016,3.0677517786361794,-0.43142277074219415,0.12123679295624712,-0.14322193470724728,-0.0910390791440527,-0.6216374305227361,-0.25532353470081415,-0.1641128807238598,-0.3025570261444145,2.8741648263304587,-0.3227259600874423,-0.6174804085347355,1.4094284515056636,-0.26013429783165404,0.12876853863149992,-0.41081613838145975,-0.2625514420085829,0.9186887863988333,0.0,0.0,2024-12-28,0.0
0.34899328859060397,0.29850746268656714,0.0,0.0,0.0,0.0,0.0,0.0,0.0,0.0,0.0,0.0,0.0,0.0,0.0,0.3076923076923077,0.0,0.0,0.14285714285714285,0.0,0.0,0.07120488289726642,0.3487074401008827,0.08213442354385032,0.2550532209097949,0.8190577661773588,0.18422311406171563,0.3719843451925635,0.16884847070793257,0.43337774336134216,0.2193944657396919,0.8544598938294445,0.840337518941725,0.892989507577628,0.9436505616050432,0.8344731047329859,0.850200542468678,0.8838425766385924,0.6379101263170308,0.6445077984124084,0.4352899126048337,0.3124441588685388,0.892989507577628,0.8596376070971452,0.8389727295927685,0.3649816299268849,0.4353933602246939,0.7953665401220918,0.33255634973396375,0.10098359853097483,0.5435436953623268,0.7202734750814095,0.5933169364434188,0.5982238832245537,0.4642623384382379,0.43126712250078175,-1.5278279902400058,-3.0177524704836602,4.031286863275171,3.1050580250591175,-0.1808847840138497,-0.009334544100465369,-0.5820254874317109,-0.2123207259179963,1.9803345785427569,-1.617884923114356,-1.2043623819267841,2.299585469463775,1.0133203887631235,-2.148808787015904,0.5984647871643736,3.0906121419016945,0.5346904673405289,4.469190299540851,-0.48360574638285797,0.23070526734570143,0.4770442020252662,-0.15080276505265827,-0.13215279419004858,-0.1828688421184201,0.09515364657772499,-0.11840837729289214,1.2846932181338344,-0.3570187628696674,-2.4737650552120365,3.293838523090034,1.277255620926821,2.8995835921387774,-0.448543321208339,0.45455109487247286,0.17938535085962723,0.0,0.0,2024-12-29,0.0
0.4429530201342281,0.44776119402985076,0.045454545454545456,0.0,0.16666666666666666,0.0,0.0,0.0,0.0,0.0,0.16666666666666666,0.0,0.0,0.0,0.0,0.0,0.0,0.0,0.0,0.1,0.0,0.09971570840762659,0.16519546027742749,0.12074962134491288,0.2145444880099313,0.7523438595239131,0.22018229269331144,0.39465652054988976,0.18099382936064193,0.42051354331587953,0.262357754138164,0.8237292136777103,0.8373747289771423,0.8838838660427033,0.9404441793541238,0.8374580737785973,0.8338045951621789,0.874379680111975,0.6026584805113775,0.6324861615150349,0.37065480673225304,0.2412891683861887,0.8838838660427033,0.8575862171825914,0.8258317719006234,0.4149611258172665,0.4057378062011139,0.7462258163930598,0.3325563497339638,0.10373956318680166,0.4624752226957375,0.6874527752837691,0.4181302754198376,0.4332489896320646,0.438466207358445,0.40634921987406947,0.5913548562140325,-1.1693227422887837,0.45823197506371854,0.7611769749534438,-0.16413636561422662,-0.17685514806741803,-0.2313952259773578,0.6411592581594461,-0.9651997242557112,2.660851667588094,-0.5702396389202075,0.6716598231078563,-0.4791879755767047,0.3709512258465688,0.9196173237483203,0.4971672277866696,0.05050820735604347,-0.6236839899484524,0.024153960183213433,-0.5226408693688265,-0.2014490635618128,-0.18852090935526106,1.276040943150348,-0.31430946119503167,-0.14747957050325325,-0.24698654623812272,-0.2317569167372441,-0.0033623559531477266,0.07566503853072118,-0.33797827962799887,-0.3865513566543302,0.5293012244287543,-0.310987736778901,-0.28657731615703225,-0.41584156485842716,0.0,1.0,2024-12-30,2.010598530137586
0.6241610738255033,0.5746268656716418,0.045454545454545456,0.0,0.0,0.1111111111111111,0.0,0.0,0.0,0.0,0.0,0.0,0.0,0.0,0.0,1.0,0.0,0.1111111111111111,0.19047619047619047,0.1,0.0,0.17555454426057973,0.25063051702395966,0.22440937992018747,0.2530774099976647,0.7259192043290863,0.1801152207565567,0.34832133862559256,0.15620413095400762,0.39664045213326027,0.22428762485952064,0.7877205573322792,0.8312756823181005,0.8694708302819976,0.9361115794800163,0.8400734078571919,0.8148389303676016,0.8628726048623516,0.5641055118452187,0.6136941612131208,0.3121588176126949,0.18452706217090786,0.8694708302819976,0.8447523530592793,0.8124510970668206,0.40664793419135936,0.3541056670120847,0.6619548676126986,0.3337846244017721,0.10647650366361694,0.3447308806684782,0.657546815562819,0.2688477724452395,0.29570710797204947,0.4312864245309405,0.3991836661651502,-0.4078657055107697,-1.2282290134684892,1.4411586457944519,1.2711801398284235,-0.10358316529099038,-0.296948442981058,-0.3653443899947745,1.785542750547455,-0.36853532733929106,-0.7659928210270371,-0.9219299962494042,1.357486136060527,1.1866641098786763,-0.6863246719274492,0.030974364800229415,1.5108106774154453,-0.012736250294043636,0.12288280680575389,0.2564725941889816,1.8833867454157218,0.4311438502604421,-0.14727417271981252,0.6096088174490625,0.9817078361223178,-0.12823715348915318,-0.05729796165405024,-0.0839776791364025,0.18594063628412547,-1.3578581514152623,0.8240220309668361,1.5721290814695215,0.6986111826240573,-0.3663884511893885,-0.3445643317856189,-0.1848985333206236,0.0,1.0,2024-12-31,-4.028076830328942
0.4161073825503355,0.4104477611940298,0.18181818181818182,0.0,0.0,0.0,0.0,0.0,0.0,0.0,0.0,0.0,0.0,0.0,0.0,0.07692307692307693,0.0,0.2777777777777778,0.0,0.0,0.0,0.18673271671964256,0.24630096679277008,0.24515454151826718,0.24593468454627027,0.7259192043290863,0.1801152207565567,0.34832133862559256,0.11942393273236744,0.385145985332771,0.22730794247805275,0.7671234065848829,0.8251766356590595,0.8574016156908755,0.9324072222261304,0.8424547812213472,0.7987910601568062,0.8522179055571435,0.535121750603403,0.5917631142547352,0.28503743164106454,0.20582441710940974,0.8574016156908755,0.8366886087205483,0.7991697641670212,0.40664793419135936,0.3541056670120847,0.6619548676126986,0.3337846244017721,0.10901794839208834,0.23386354341877438,0.657546815562819,0.2688477724452395,0.29570710797204947,0.3832792970719576,0.3554339360643697,-0.8544948570654608,-1.5272531400111202,2.1160061099165564,1.0548350905472417,-0.4418724787897176,-0.5324014561213903,-0.37564765515447796,2.5771096195522096,-1.0946863635008786,-0.3016700503755893,-0.6729295368417171,-0.011134613597758811,0.6751364769863238,-0.5725943502101751,-0.5811914428931753,-0.5056187035235256,-0.4185625384395351,-0.15913033698495482,-0.47840607625487025,1.6348033055589568,-0.16813889624782888,-0.16700881555623692,-0.05700493301924947,-0.1846181777772324,0.001909080784987971,-0.23410275142261935,-0.8108162853960714,-0.2397607709569092,0.010846970479215142,-0.5336448961918493,-0.021474103135343856,-0.586815257657188,0.19222579756235872,-0.44960034137192284,-0.5188861364549862,0.0,0.0,2025-01-01,0.0
0.5637583892617449,0.5447761194029851,0.36363636363636365,0.0,0.16666666666666666,0.0,0.0,0.0,0.3333333333333333,0.0,0.16666666666666666,0.0,0.0,0.0,0.0,0.07692307692307693,0.0,1.0,0.0,0.0,0.25,0.3455242180224655,0.49010088272383356,0.620754984331611,0.4605375557713345,0.7122631097335619,0.24494397968918777,0.3450484630961441,0.08389009375739856,0.3859138724282736,0.3000651631059942,0.743506275354398,0.8121012859348244,0.8444130920449329,0.9281792145965326,0.8444354071006632,0.7825804913460779,0.8409337753458885,0.5079105882101427,0.5677426663921343,0.26698499261284425,0.41810963296964376,0.8444130920449329,0.8270409304835873,0.7856273153225253,0.4550660881496742,0.3297396865737291,0.6215258315424816,0.3337846244017721,0.11137786135424022,0.1869078134211863,0.622924789190396,0.2514633425698931,0.2794545545933584,0.40262627646397364,0.37261872617055974,0.6918568625076889,0.14735507316358443,-0.7726086104527415,-0.14993717731934864,0.18156860144814105,1.4791554766821458,-0.06260323943200068,-0.6471351316943563,0.2238428382980912,0.25484940502504577,-0.5001860206005554,-0.2876104728215735,0.01104143958757166,-0.23199132136076228,-0.4370026492978177,-0.09689893464061264,-0.4254180848500185,-0.7411498481762844,0.7102549361928249,-0.7150591544694291,-0.21962160526764435,-0.1869117868646712,0.8565596679375908,-0.3359401308106123,-0.21964957653554404,0.04093261240842659,-0.8337433574843671,-0.2560226230854527,0.7823529293777918,-0.19336094094786638,-0.4462050776188223,-0.7557949420005065,-0.5262886865220244,-0.19252551856904734,-0.6719336537933935,0.0,1.0,2025-01-02,-0.2964641368016441
0.523489932885906,0.5597014925373135,0.045454545454545456,0.0,0.0,0.0,0.0,0.0,0.0,0.0,0.16666666666666666,0.0,0.0,0.0,0.0,0.0,0.0,0.0,0.19047619047619047,0.0,0.0,0.2064617965607203,0.32844682639764605,0.40797651124731216,0.3344190562814194,0.7894388042505796,0.25094418468962143,0.38696636973096354,0.08885534940189149,0.38763659952324914,0.30628482160546355,0.7369561825498598,0.8000110723444598,0.8366843294912041,0.9279367563794452,0.847651420285013,0.7837360210173792,0.8385029291136217,0.522671999793486,0.5520391734273026,0.33884354349675583,0.5558289788929376,0.8366843294912041,0.8107017711548181,0.7857715874851161,0.46747261635701065,0.3251896411240439,0.5360646187664452,0.2514904534907324,0.10165460323907916,0.29257141438130085,0.6579833095998859,0.4815199597530884,0.49275811104618966,0.47479370135071625,0.4404648120301968,0.5996750053772164,-0.06093870568278394,-0.5067388338065455,-0.27725901243582896,-0.23641255754530724,1.8872561609559118,-0.1761404608407004,-0.6264208563568621,0.22459928618546351,0.5437404864388442,-0.3624648993820855,-0.550719282909134,0.5832056529654958,-0.45084351699019243,-0.5724660309967692,-0.40575841239455895,-0.4912543969415257,-0.7762130107022194,-0.010000207874245189,-0.7953381227651216,-0.21746327356375444,-0.18824166631186956,-0.6916643521367786,-0.19325699198566076,-0.2230203431616439,0.3615528689360354,-0.5618620581500141,-0.3857742234340985,1.1959638717901304,-0.6884822628357751,-0.4792983963538103,-0.34097116033198516,-0.06914817187104069,-0.48203605727493054,-0.5219435940537082,0.0,1.0,2025-01-03,3.808304808391294
0.4161073825503355,0.39552238805970147,0.0,0.0,0.0,0.0,0.0,0.0,0.0,0.0,0.16666666666666666,0.0,0.0,0.0,0.0,0.0,0.0,0.0,0.047619047619047616,0.0,0.0,0.1671727525425451,0.301817990752417,0.32989876374688737,0.26741509851399353,0.7894388042505796,0.25094418468962143,0.38696636973096354,0.08664604677962831,0.3893593266182249,0.3057527166475472,0.7451595534559541,0.7879208587540942,0.8289555669374771,0.9305369665817622,0.850529923621016,0.7847137768930939,0.8362521455652239,0.535930941163685,0.5426316921585171,0.39324113040051634,0.4490681793428314,0.8289555669374771,0.7926249614040604,0.7872607225592354,0.46747261635701065,0.3251896411240439,0.5360646187664452,0.2514904534907324,0.09262586356071523,0.39135801056385994,0.6579833095998859,0.4815199597530884,0.49275811104618966,0.47479370135071625,0.4404648120301968,1.122560955507093,-0.5006874278152201,-0.6147066405604169,0.2219225379065611,0.036694410707952076,1.2029237648052626,-0.25913047419039276,-0.6358275560164178,-0.21933847933433087,2.007900833984742,-0.40613443145709993,-0.6429948835366368,-0.2533060589926147,-0.41327707280394577,-0.07283169650733223,-0.2980350172955165,-0.3395553727308868,-0.6899843089783261,-0.23065483924981553,-0.7292278606076857,-0.1885699947621183,-0.17660117956113972,-0.7013548282360744,-0.3032364685835677,-0.18487087610809316,0.6872233883445985,0.7838982481845072,-0.38748839113390837,0.5537220975144223,0.38886234014646515,-0.4509725433675632,-0.16436786887352461,1.2441604140271825,-0.417214708542588,2.010109474436321,0.0,0.0,2025-01-04,0.0
0.6241610738255033,0.6268656716417911,0.0,0.0,0.0,0.0,0.0,0.0,0.0,0.0,0.16666666666666666,0.0,0.0,0.0,0.0,0.07692307692307693,0.0,0.0,0.0,0.1,0.75,0.3377651113682587,0.7121794871794872,0.6692493681554883,0.6153437234970931,0.7894388042505796,0.25094418468962143,0.38696636973096354,0.07348040372802882,0.37422408794063844,0.31046364648280755,0.7592066113988132,0.7761342573194696,0.8195909484677593,0.9331371767840775,0.8535135805641119,0.7855411087879309,0.8341680867241159,0.5478616344595457,0.5379449287550928,0.43402816713527437,0.4490681793428314,0.8195909484677593,0.7640582218728671,0.7942225446377114,0.46747261635701065,0.3251896411240439,0.5360646187664452,0.2514904534907324,0.08424203385937734,0.5073014721608926,0.6579833095998859,0.4815199597530884,0.49275811104618966,0.47479370135071625,0.4404648120301968,0.6284736468840451,-0.48491196910051104,-0.16745461761670605,0.7003101844939499,-0.3021004089824028,2.317283691112577,-0.30876723585843063,-0.01858874051870606,-0.006362831559941229,-0.14428624272438156,-0.45000652751528747,0.024019986241639844,0.5259494519095189,0.7551355358990373,0.4422041693695226,0.3283590202626838,-0.31101772592787846,-0.8695419327482635,1.4103995711106785,-0.26792858089971294,0.04186467693355573,1.919564798337424,0.2892324857460919,-0.14833476850633984,-0.19450024298585572,-0.22557841900160597,1.041451125610208,-0.3012542471522151,0.031312232783556285,-0.606671707280533,0.08367433833778344,-0.6598566745789466,0.14138327370520995,-0.40707853901168856,2.5951207144997053,0.0,0.0,2025-01-05,0.0
0.47651006711409394,0.48507462686567165,0.0,0.0,0.0,0.1111111111111111,0.6666666666666666,0.0,0.0,0.0,0.0,0.0,0.0,0.0,0.0,0.0,0.0,0.0,0.0,0.0,0.25,0.28201147651648756,0.5554960067255149,0.5036623553898864,0.5380658562666699,0.8237977380882588,0.4182008846557176,0.39508278453931034,0.08148600528956584,0.38249727674027745,0.496482210456929,0.780851984429761,0.7766968292254228,0.8142380057094432,0.9369283673357369,0.8569778592327211,0.7928623072626833,0.8358077917872464,0.5738500396980001,0.5403801411698653,0.4955620900693964,0.5082954690151656,0.8142380057094432,0.744677393579094,0.8005638889643789,0.47766698534221197,0.32040493997092545,0.5287938052085479,0.2514904534907325,0.07645704913670659,0.5589199739554639,0.7052091729900622,0.6398452410422673,0.6426681727463142,0.4844569641134533,0.44989219825192295,0.7600421697969985,0.019695243864521577,-0.7259625820772643,0.20357021897544694,0.8515561554783864,-0.29684038410211955,-0.1555550197422196,-0.6356953995934206,-0.17762089668575556,1.658619519504918,-0.45060890386093944,-0.6722982127966319,0.2159191482022784,-0.25405262091532066,-0.30353725576277013,-0.5620459464807654,-0.3911365799052257,-0.8374634096043758,-0.11601515779022047,0.19978522021541728,-0.21153915411731714,-0.15311257452289948,-0.7077060928644843,-0.32652406178463267,-0.21358112592466122,-0.3459398311568233,-0.8113440938280596,-0.39918349051054,1.0818212951362616,-0.43685068026955176,-0.30794992735452775,-0.7664333028758874,-0.34307638987127975,-0.4718460504623668,-0.6306389607112032,0.0,1.0,2025-01-06,0.7103366954575918
0.6711409395973154,0.6791044776119404,0.18181818181818182,0.0,0.0,0.1111111111111111,0.0,0.3333333333333333,0.0,0.14285714285714285,0.0,0.0,0.0,0.5,0.0,0.0,0.0,0.0,0.047619047619047616,0.2,0.0,0.37656415774832414,0.6021647751155947,0.6482281538736854,0.5658316842635726,0.7545257351722947,0.3626418248192448,0.42313932198376536,0.11052107810476249,0.367239284869592,0.43972863432053577,0.7901981633900972,0.7690377315851924,0.8168614413640292,0.9374860336044506,0.8594731430620683,0.7857080858969061,0.830129692343279,0.5646074875898757,0.5401288032406553,0.47235027553291786,0.3132853677120955,0.8168614413640292,0.7416402096571968,0.8071580157829246,0.5230603552622985,0.2533577528431675,0.6958196372090691,0.5356888351590785,0.11037456915578481,0.5064689774436013,0.6620250378944883,0.5727271275363939,0.5791007078103476,0.44268446057921546,0.4102659947825049,-0.30069689326340926,-0.9966580329172026,1.1412068461303093,0.9573226673286767,-0.2514488899699637,0.7864948371858019,0.3877118442046786,0.5510676117316005,-0.3274726876273199,-0.38877264641517195,-0.5720815871565659,-0.4532713779630891,0.29260628498292734,0.5724010822295057,0.8648734840986108,-0.1556947248045424,-0.1693334213927457,-0.8502794641126201,0.13039772589016974,-0.24094105550418812,2.210591843134075,-0.17146273119261937,0.0372688673366908,-0.24232800007025904,-0.15447125387496177,-0.1670298233445806,-0.4130619302107092,0.6136158074838759,0.43873655881096507,-0.643846754518874,0.9389257873769306,-0.6924870209421516,-0.28851079475219094,-0.3894511154900879,-0.39593298405390087,0.0,1.0,2025-01-07,2.438147863915629
0.7114093959731543,0.6791044776119404,0.045454545454545456,0.3333333333333333,0.0,0.0,0.0,0.0,0.0,0.0,0.3333333333333333,0.0,0.0,0.0,0.0,0.0,0.0,0.0,0.0,0.0,0.5,0.41457951057526893,0.6151324085750315,0.8270549694846058,0.6382837178431396,0.7641519870107034,0.35270850252439634,0.42015908039929317,0.12661146762408415,0.3577214163334521,0.4320975368988328,0.7846061038148155,0.7625211425812415,0.8205024055253585,0.9375319948188405,0.8617480507166135,0.7815095436523398,0.825872219205646,0.5628501678922747,0.5395095325513226,0.46917133380603476,0.196876882023158,0.8205024055253585,0.7370351299934903,0.8166115051018519,0.4978216718783002,0.2280603542477357,0.6946896050163697,0.5814941442804374,0.14850113288730882,0.46847980038583875,0.7044865583544535,0.5878061440424189,0.5934848033101474,0.6255077791286843,0.5834497659053594,-0.21316557469570838,0.8209224867885168,-0.5101187101887469,-0.5129297449908319,-0.24179939854001167,-0.13596365480851222,-0.23463074111969962,-0.6455135189298736,0.5928242820968401,0.27845683124392795,0.364654240498951,-0.6637648798337074,-0.4042297798591996,-0.2965319989585614,-0.4369019778423375,-0.4752698067940086,0.14856279088593555,-0.6872987038256937,-0.5098485142679284,0.06673242351487536,-0.049910284743924935,-0.19701548501829172,-0.4414157622773962,-0.34817421771579055,-0.21947047266385902,-0.3784510366626964,-0.19197101925232307,-0.39257266279332165,1.0335935010111297,-0.7301175043008998,0.2859871983097723,-0.6573519943590527,-0.5080653419167027,-0.47039742454795197,-0.4301108899244168,0.0,1.0,2025-01-08,-0.2528224996180772
0.34899328859060397,0.3208955223880597,0.045454545454545456,0.0,0.0,0.0,0.0,0.3333333333333333,0.0,0.0,0.0,0.0,0.0,0.0,0.0,0.07692307692307693,0.0,0.0,0.09523809523809523,0.0,0.0,0.20578452318733034,0.31380832282471627,0.2939554623713095,0.37062740446662323,0.7641519870107034,0.35270850252439634,0.42015908039929317,0.13836161028491076,0.2786432656280813,0.4642215172427624,0.7790140442395348,0.7639226109677315,0.8196058533651325,0.9375732556552876,0.8648076455928386,0.7779569309838594,0.8219301144485787,0.5627092124685902,0.5389805719571698,0.4699516136860607,0.19506512312262314,0.8196058533651325,0.7370129415289668,0.8151784786991829,0.4978216718783002,0.2280603542477357,0.6946896050163697,0.5814941442804374,0.18390437063800968,0.39973359831748934,0.7044865583544535,0.6091976969822802,0.6140633341983504,0.6304566634891823,0.5882862107951705,0.1577208270551729,0.7426858623700293,-0.7885089798351491,-0.4255184793821276,-0.47517486594059316,-0.5072958350282633,-0.2028390210180092,-0.662499524778824,0.9605332413985145,0.19243601548550757,0.2354741412194806,-0.5265171875013723,-0.15588621672676137,0.18837780646093757,0.019588407842450813,-0.47704515665226055,-0.2480963932889289,-0.8174280655290111,0.1701801741849774,-0.364883598592851,-0.1795335153623129,-0.17173223175724248,0.8517501271106551,-0.33029259061405664,-0.18492545634530722,-0.3013717235066364,-0.7730125676478143,-0.3155463581116285,0.5684676429977761,0.5543833604897848,-0.15942551664625898,-0.4980176576971147,-0.2827708944174079,-0.4267226269599806,-0.6089650225319363,0.0,0.0,2025-01-09,0.0
0.36241610738255037,0.34328358208955223,0.2272727272727273,0.0,0.16666666666666666,0.0,0.0,0.0,0.0,0.0,0.0,0.0,0.0,0.0,0.0,0.0,0.0,0.0,0.047619047619047616,0.1,0.0,0.18242256432097279,0.25043085329970577,0.33179782556293014,0.34280933885618065,0.6689253497755674,0.3934707361880958,0.47827881694028895,0.18471383586782777,0.2060517951556613,0.547684876162003,0.7523630659588623,0.7571581950626411,0.8122193128140491,0.9331700971002661,0.8665236474923912,0.7566001970875647,0.8083873668309352,0.5216139375870478,0.528777704206621,0.3863689854057775,0.10092651541230624,0.8122193128140491,0.7491915773178608,0.7938048200786341,0.5454943888123567,0.21057807473798654,0.6565057681594161,0.5814941442804373,0.21677880569223196,0.30623404640165963,0.6590597272208614,0.3391385244396177,0.3581207852085434,0.4794790638027448,0.4429422945435938,0.6677151218417914,0.1859352162903843,-0.7834078130474557,-0.46056937770953343,-0.46551520472736313,0.2563815977149675,-0.25464991142944077,-0.6664530332422103,1.0015918499267888,0.4422570699068145,-0.36520249075294925,-0.5875122457662151,0.7090535957306048,-0.4281904301893987,-0.5270203314945503,-0.5096738624918501,-0.2472220382668526,-0.5564359758407125,0.41946625838904894,0.0916600422212753,0.42435789299184873,-0.14294383261041033,-0.6586807941965516,-0.27814122169690203,-0.1909406369079108,-0.3596113819951391,-0.7195456412415133,-0.33217563388371585,0.18369677016474378,-0.6382371302389123,9.559513968008055,-0.47825406242652285,-0.397973885406378,0.5474611554814247,-0.46702864873201755,0.0,1.0,2025-01-10,4.942962002505591
0.23489932885906042,0.2462686567164179,0.18181818181818182,0.0,0.0,0.1111111111111111,0.0,0.0,0.3333333333333333,0.0,0.0,0.0,0.0,0.0,0.0,0.07692307692307693,0.06666666666666667,0.0,0.0,0.0,0.25,0.13448278657646445,0.19865489701555275,0.22859138049487385,0.21549244705564227,0.6689253497755674,0.3934707361880958,0.47827881694028895,0.1995255498033763,0.13346032468324132,0.5856310144189112,0.7181137725901028,0.7503937791575508,0.8048327722629658,0.9280203559585622,0.8683798518244057,0.738529114559932,0.7958477857034865,0.4911225754557782,0.5133591900880672,0.3413057628039209,0.1691862912300714,0.8048327722629658,0.7579430158173821,0.7750836573034157,0.5454943888123567,0.21057807473798654,0.6565057681594161,0.5814941442804373,0.24730506681400977,0.19827267503172977,0.6590597272208614,0.3391385244396177,0.3581207852085434,0.4794790638027448,0.4429422945435938,0.330274851756712,0.44647281397519945,-0.6936521744294095,-0.36299892495942576,0.3492670562286049,2.581094865323159,-0.25307551742292694,-0.7027109151717961,-0.011767142324471104,0.21413537047151632,-0.556709094914373,-0.40213614636612516,0.8586848203920079,-0.3026940774377913,-0.8115877097103781,-0.16401128660025896,-0.410786955729156,-0.49575262264807113,0.3099485533261579,0.3731852684753826,0.3383781474322129,0.42799140630249244,-0.7214435310619877,1.7058142893860773,-0.20584466181479252,-0.3351483254707578,-0.7658138542223952,-0.3988304806373203,0.008999152556049259,-0.07400658948378493,0.6656359761691663,-0.45838412454276667,1.5461624947066803,-0.4601817262893176,-0.5270281799378377,0.0,0.0,2025-01-11,0.0
0.38926174496644295,0.35074626865671643,0.045454545454545456,0.0,1.0,0.0,0.0,0.0,0.0,0.0,0.0,0.0,0.0,0.0,0.0,0.0,0.06666666666666667,0.3333333333333333,0.09523809523809523,0.0,0.0,0.24309125489876032,0.35907944514501894,0.4301798407023593,0.3988157425730405,0.6689253497755674,0.3934707361880958,0.47827881694028895,0.1855336320402193,0.15768996474871244,0.5725630207140348,0.6991836537750427,0.745250160866644,0.7943709587837553,0.9228706148168566,0.8694893414668012,0.7232381985750118,0.7842370624373309,0.46928660208476086,0.4958279358063854,0.3230516724087278,0.1691862912300714,0.7943709587837553,0.7587372250615161,0.757546686760314,0.5454943888123567,0.21057807473798654,0.6565057681594161,0.5814941442804373,0.2756508807128033,0.06944982687781559,0.6590597272208614,0.3391385244396177,0.3581207852085434,0.4794790638027448,0.4429422945435938,0.427833159123199,0.19428977675229706,-0.5668653516828622,-0.36528690208515996,-0.322845027078264,0.7106657045882118,-0.09941240105080618,-0.6862119633566155,0.39045524739787646,1.3767648736912284,-0.4690312596290388,-0.5987197564666465,0.3678150731822505,-0.04100225218859772,-0.16445832837660365,-0.33309022207074696,-0.3829006653895519,-0.589444892811038,-0.5426640648111521,-0.19520034481818474,-0.21011341981264442,-0.1843666315606191,-0.7540737252898605,0.8112371616400906,-0.18902010369536665,-0.3165991421665137,0.19934466069405474,-0.39775863878841805,0.979776424145565,-0.6921952930305102,-0.43762782510105946,-0.38363353017906304,-0.18434973763009646,0.03024891945535192,-0.31899907645663494,0.0,0.0,2025-01-12,0.0
0.2684563758389261,0.2537313432835821,0.13636363636363635,0.0,0.16666666666666666,0.0,0.0,0.0,0.0,0.0,0.0,0.0,0.0,0.0,0.0,0.07692307692307693,0.0,0.16666666666666666,0.0,0.0,0.0,0.12734150068127292,0.14277007145859605,0.19558868940460122,0.1930149092294645,0.6785097993235167,0.350009330147942,0.4679352703128745,0.18301341860079637,0.21338854647881322,0.489784388379931,0.6802442905819177,0.7320843567436777,0.7798682851787024,0.9180530985085777,0.8707329008885889,0.7121467053608495,0.7744820764492353,0.458730385077749,0.4792908034778951,0.33164089332387087,0.19306238873194642,0.7798682851787024,0.7371234624084053,0.7508162648441372,0.5312734333383542,0.2156526834579006,0.6675894504312858,0.5814941442804376,0.301971993618826,0.12597087895114453,0.7013248922817601,0.30033059963107,0.32266378132176377,0.4463185894252559,0.4120652739666997,-0.6347934052420645,-0.27287415961860767,0.8277802835500936,0.1669725813057367,-0.3913456412107445,-0.5489344345278184,-0.29844823977838064,1.1400304474866159,-0.770680423623706,1.5132385937496213,-0.37869420801031245,-0.21568458406836058,-1.383930631046068,1.509688116801455,1.7234619516085583,-0.6500069851545841,-0.07828173384265448,-0.34384864748649807,-0.24849526237229347,-0.5496609085444124,-0.21539180388862467,-0.20009196068149976,0.4600914921616597,-0.34295670772785564,-0.14482542642760315,-0.4005809452394618,-0.6089830345375132,-0.39910633866357836,1.0073131212113666,-0.7886324244474806,-0.4672285918670237,-0.7235012231514159,-0.4320572657761144,-0.36103186643603247,-0.6285918108791236,0.0,1.0,2025-01-13,-0.8382620277677999
0.12080536912751677,0.11194029850746268,0.18181818181818182,0.0,0.0,0.0,0.0,0.0,0.0,0.0,0.0,0.0,0.0,0.0,0.0,0.15384615384615385,0.0,0.0,0.09523809523809523,0.0,0.0,0.03822727437327486,0.061160151324085754,0.06117812962734017,0.08202995366216399,0.6854943503184874,0.31335630389474545,0.46693187834519345,0.1695015540505911,0.26325436490070064,0.42321100398320943,0.6628495276799216,0.7197475263444648,0.7658416302191551,0.9128251826600451,0.8720741620308985,0.7041075556635539,0.7661752743998278,0.45597912007206154,0.4654063618952509,0.3545601606858714,0.29664147064107216,0.7658416302191551,0.7092807451727019,0.7496767463664691,0.5213090535722396,0.3024435523766369,0.5765309724408152,0.3340943188971668,0.29059431255810597,0.191819808269546,0.7409236772108434,0.419782475025354,0.4336828603862114,0.3885692377652581,0.3590678167266697,-0.1827315494774239,0.5227823036236064,-0.2810305648813003,-0.8148410717268688,-0.4576270382022579,-0.20382499209039956,-0.10854073318694404,-0.6152644342317648,0.7631871260609345,0.8406230540494356,-0.21271704130121963,-1.2210587527214798,0.17681275473869656,0.06863693538483741,-0.14798544756813298,-1.1247201003166083,-0.4247900788241798,0.6561810155855171,-0.5300598742671331,0.39924884572306707,9.267560107320682,-0.18214757232790946,-0.6233592260054033,-0.277011966932695,-0.03875579326946278,-0.2952046829769771,-0.5675208491857368,-0.3674590128577874,-1.040765294123875,0.7554257225914269,4.690191255664481,1.1538517647402624,-0.5195587707682465,0.03745885546994398,-0.36474156236915156,0.0,1.0,2025-01-14,-0.0820043342757759
0.3691275167785235,0.3805970149253731,0.045454545454545456,0.0,0.0,0.2222222222222222,0.0,0.0,0.0,0.0,0.0,0.0,0.0,0.0,0.0,0.15384615384615385,0.0,0.05555555555555555,0.0,0.5,0.0,0.21007840718879395,0.2739806641445986,0.30227373700251947,0.3232217701790828,0.7972063835156238,0.3662214477761395,0.5499639172909656,0.2148705182659327,0.29755081239819803,0.4722788995862478,0.6912182692359714,0.7206694351561449,0.759602836252574,0.9102296905062648,0.8757832119977227,0.7188326983082396,0.7700890324384435,0.5058090640910572,0.46615715168224475,0.4810086662987905,0.5503973977125147,0.759602836252574,0.6819308709184231,0.7607528820184868,0.5727059611776135,0.47829374195577834,0.4800584406729068,0.019346647201487335,0.2344599416725851,0.40686030812850466,0.7843682174218287,0.579694474833702,0.5854413433612895,0.49280594703304775,0.4572485821037794,-0.34117505926644065,0.019445176795989182,0.3014487735023496,-0.15250759610115117,-0.477221497929646,-0.33406902383139436,-0.24689997496727525,-0.22551143980515734,1.053661950884549,0.048729752368709946,-0.5447231276709853,-0.3003201377706467,-0.7584706325478872,1.7035002194958295,1.908907550101851,0.026050955411451245,-0.42167882327139833,-0.29793527949869053,0.948365034242015,-0.5679717991366788,-0.1802839447300454,-0.18192383162601936,-0.37730330127707173,-0.24617073150365545,-0.009749029873529116,6.377206876910869,3.5897718030294734,-0.24749022523557715,-0.13781698036969278,-0.4537437513358316,-0.3804143782364171,0.3233651955733776,-0.5144516089604044,-0.43804794936364677,1.741017156668436,0.0,1.0,2025-01-15,6.79153864480766
0.5033557046979865,0.49253731343283585,0.0,0.0,0.3333333333333333,0.0,0.0,0.0,0.0,0.14285714285714285,0.0,0.0,0.0,0.0,0.0,0.07692307692307693,0.0,0.0,0.19047619047619047,0.0,0.0,0.3270585602846808,0.385708280790248,0.3743827625704174,0.4452257894025246,0.784082503447415,0.3322176578963276,0.5483322745698467,0.22733913193968888,0.3211018594285642,0.42265139596072354,0.7166847270247887,0.7159557626561277,0.7572191644599418,0.9080076486811706,0.87850267282057,0.7287633932393067,0.7723495038643087,0.5409165561954781,0.475112532715448,0.551896394414952,0.5141780135170632,0.7572191644599418,0.6744901109983683,0.7626560353322303,0.5212477869481891,0.4662890922431886,0.4542026839311991,0.03487274459477409,0.18458304761584365,0.5478527964369322,0.7433973346140723,0.5591366079200173,0.5659522347216405,0.4829471833598758,0.4479252623139578,-0.7552682653569421,-0.6266449580779225,1.2456764140189882,1.3106730501628625,-0.5728696534526373,-0.3769867065758327,1.092216048921027,2.186616512620991,-1.584302520126206,-0.930640435193324,-0.29755445083276616,0.9552283656888194,-0.6771762869811017,-0.43379395721886616,0.5352409872236654,0.683225814276772,-0.2160338995471637,-0.1288834363197956,1.569572417525947,-0.2660551579827546,0.2261521840579784,-0.17543944316789448,3.8584108270896866,-0.30341985459362353,0.9011893203478105,-0.31886144401580385,-0.636022379355754,0.16712725033409287,-1.2768061335473482,-0.4043344724028985,0.1359762874236292,0.03213177136128336,0.6863561150411553,-0.30388447166981497,-0.4594555975025035,0.0,1.0,2025-01-16,-0.1249714180016292
0.28859060402684567,0.291044776119403,0.2727272727272727,0.0,0.16666666666666666,0.0,0.0,0.0,0.0,0.14285714285714285,0.0,0.0,0.0,0.0,0.0,0.0,0.0,0.05555555555555555,0.23809523809523808,0.0,0.0,0.1469627010511763,0.1681904161412358,0.19342260730348465,0.2079794491082732,0.8460151456835314,0.34286453939293593,0.5754639097034024,0.26108860030765335,0.3463471932911093,0.4252004387355447,0.7558472945989383,0.7268143443130048,0.7590563928355589,0.9079323719517216,0.8814910005633845,0.749101036914138,0.7808764259299572,0.597368408015711,0.4957110373599437,0.6524930672061142,0.6160354262468208,0.7590563928355589,0.6825062998748148,0.7594236378399843,0.5251720622341358,0.552015013176451,0.3972334139471986,0.21909497275024384,0.16494060795683363,0.7622285344800225,0.7851427410066547,0.8053183418911257,0.8034519215484194,0.6057617115034448,0.5639164275576432,-0.407069853490785,0.9974483490131404,-0.48169752581891606,-0.8767392055439106,0.2746108353280081,-0.44444373929954073,-0.21677288197566236,-0.669781581518335,0.9528826028490089,-0.007259008261146061,-0.458115908334724,-0.2979652367238614,-1.0996425871961808,1.00755317282261,0.5736315096938316,-0.4429379870027902,-0.34009178233400394,-0.07335199804889841,-0.40716250498575507,-0.822236079446424,-0.20728125646292545,-0.1817145856251712,0.275852108474424,-0.3066612854808808,-0.17811639694535786,-0.08408065907824466,0.21474784108193715,-0.3680676901306854,-0.1306343482502116,-0.6891220794241569,-0.4890017342445092,1.4981167336013845,0.9460624787472657,-0.09630114409107304,-0.050949001727541895,0.0,1.0,2025-01-17,2.08067707046522
0.15436241610738255,0.14925373134328357,0.0,0.0,0.0,0.0,0.0,0.0,0.0,0.0,0.0,0.0,0.0,0.0,0.0,0.0,0.0,0.0,0.0,0.0,0.0,0.18077815905520067,0.32775325767129043,0.26871216624581334,0.35736365982866064,0.8460151456835314,0.34286453939293593,0.5754639097034024,0.2639874423322453,0.37159252715365465,0.4155942229545869,0.7928903066608219,0.7365304173336034,0.7608936212111761,0.9066396973352422,0.8846544369441851,0.7663098123313024,0.7887717241388899,0.6424395585946211,0.5229157043267474,0.7095703577794085,0.5195655571541454,0.7608936212111761,0.6902038402082393,0.7564378599220207,0.5251720622341358,0.552015013176451,0.3972334139471986,0.21909497275024384,0.14670119970203865,0.8274127019825556,0.7851427410066547,0.8053183418911257,0.8034519215484194,0.6057617115034448,0.5639164275576432,-1.156270172833828,-0.02592671076426796,1.1009384963394628,0.25031860773730974,-0.5147123830057138,-0.7893648405668898,-0.04527954439836657,-0.029649585476229666,-0.45663158937678683,-0.6150044185206377,2.297534551547724,-0.1364516966946198,0.08506021262184237,0.2922962919319504,0.5195280124420952,-0.016800422765851815,0.1764282031859303,-0.7190437884457743,-0.3075142800145192,1.2647392757799478,-0.09611961202029848,-0.10710552178514673,-0.6086985070128709,-0.25308618678379274,-0.06149364008845878,0.5075543916162389,-0.5009796566855688,-0.08496598141675654,-0.10054149752537343,1.5517473299515963,0.09585900191276704,-0.5297183970380029,0.16505633493112415,0.13492765083657066,-0.3693391486110901,0.0,0.0,2025-01-18,0.0
0.16778523489932887,0.17164179104477612,0.0,0.0,0.0,0.0,0.0,0.0,0.0,0.14285714285714285,0.0,0.0,0.0,0.0,0.0,0.0,0.0,0.0,0.09523809523809523,0.1,0.0,0.12660715279808327,0.17884615384615385,0.17678267089157115,0.23272932312344055,0.8460151456835314,0.34286453939293593,0.5754639097034024,0.23893234265921617,0.39111551284590207,0.4083548357413188,0.828388718431575,0.7462464903542028,0.7672776076395902,0.9053470227187645,0.8873070161936631,0.780871083838135,0.7960821854434581,0.6780805740063571,0.553161152978024,0.7358427336773666,0.5195655571541454,0.7672776076395902,0.70745141228325,0.7534153027302546,0.5251720622341358,0.552015013176451,0.3972334139471986,0.21909497275024384,0.12976460632258613,0.9101238289622907,0.7851427410066547,0.8053183418911257,0.8034519215484194,0.6057617115034448,0.5639164275576432,-0.22926492901953638,0.5858225099711379,-0.2920671276580862,-0.9148892846290883,-0.48269882035564354,-0.23282951239507393,-0.11613397176419765,-0.652802839015637,0.7914484118653208,0.8965549278346467,-0.19021345073400106,-1.2151541729293827,0.2587048359868228,0.01916164438819526,-0.19869992090536595,-1.106371738615016,-0.22750795836072937,-0.7378635740252532,0.0035420805842140686,-0.7186862476275874,-0.2125173069793481,-0.18642838852323257,0.324648948388096,-0.3295009556518256,-0.18993461465687433,-0.3411456191000038,-0.5582677813231747,0.20260126618689395,0.3627072728819251,-0.5698367871017482,-0.48791318537346695,0.8668128865695255,-0.5310752937074926,-0.20499835250404372,-0.5495816544887171,0.0,0.0,2025-01-19,0.0
0.10067114093959731,0.09701492537313433,0.0,0.0,0.0,0.0,0.0,0.3333333333333333,0.0,0.0,0.0,0.0,0.0,0.0,0.0,0.0,0.0,0.0,0.0,0.0,0.25,0.17438084155716127,0.21705548549810846,0.1632216533692823,0.20089049767081701,0.8460151456835314,0.34286453939293593,0.5754639097034024,0.24196301797074019,0.4170145545136057,0.39899592598851785,0.8391825444496748,0.7672647043608398,0.7754625156423245,0.9040543481022851,0.8899595954431394,0.7931921597285312,0.8028511310958351,0.705927141461904,0.5839843335068227,0.7408343413064185,0.5195655571541454,0.7754625156423245,0.7235775008672523,0.754173766266141,0.5251720622341358,0.552015013176451,0.3972334139471986,0.21909497275024384,0.11403776961309453,0.9179593736269547,0.7851427410066547,0.7903048064714479,0.7885987235521142,0.6680113894739647,0.624129960193372,-1.2898164589013774,2.3282499503845413,-0.8075793589889292,-0.8420707940584873,-0.639355891446035,-1.642006998313953,-0.6807759266468425,2.8659066383442404,-0.24379254239314363,-1.762391344858494,-0.4715706590576525,2.9007740199705645,1.7153711614942118,-1.3902685408840272,-0.8594816977595623,2.9742810587218673,1.9304161761521441,-0.651282280253848,2.636484512582948,0.13804627188303262,-0.01565463534253307,0.8064097442664637,0.09828740741597834,0.06819674312768269,-0.1420951704391082,0.7001084665486309,-0.18615048078488622,2.048168055675755,-1.3312963800875766,1.43984910484769,0.8427968108753944,-0.43947053074319475,-0.14436696219155776,-0.3722371908283198,-0.013631117760031009,0.0,0.0,2025-01-20,0.0
0.523489932885906,0.5223880597014926,0.0,0.0,0.0,0.0,0.0,0.0,0.0,0.14285714285714285,0.0,0.0,0.0,0.0,0.0,0.07692307692307693,0.0,0.0,0.0,0.0,0.0,0.5666464347618356,0.7736969314838167,0.8005042336546045,0.8318778500227387,0.9009107291695875,0.3870303058974419,0.5857333724642206,0.23867387011910043,0.4499418961248678,0.4354347967637159,0.8650185518884683,0.7947982972791374,0.7873887266026998,0.9041299959142055,0.8933800684282875,0.8141963549780886,0.8148215191647044,0.7516896277078854,0.6195332626483587,0.7816648437351439,0.5525333039127298,0.7873887266026998,0.7541364713863832,0.7498134979966267,0.49654352141555247,0.5706190345060403,0.4140413979954749,0.21909497275024378,0.09943427838285224,0.9491347247244061,0.8301010532450066,0.8653549154735001,0.8603757361657945,0.7438900019597658,0.697887335111004,-0.6002030331738233,1.004496985598803,-0.30763370568433995,-0.68793258414843,-0.4775618054167361,-0.4442377056629219,-0.15594489436889997,0.5850161741336077,0.030961485946643334,0.37138932919824613,-0.2650424156566441,-0.8300412031068568,-0.08035725378113066,0.03285580443538237,-0.13223366720196936,-0.8544353165017287,0.793930520784984,-0.1910017040205827,-0.23416239641318098,-0.09245052873667327,0.05471918044280599,-0.18659678823196188,-0.5669220928256046,-0.28992525773478633,0.9035627331987485,-0.37700010176847815,-0.06174273511253336,-0.3312426621224323,0.7759219935816541,-0.6155380204124523,-0.2567275153089723,-0.692064950450002,-0.4019736711274075,-0.3610461556757003,-0.33877722222056433,0.0,1.0,2025-01-21,0.7714946088844155
0.1610738255033557,0.17164179104477612,0.045454545454545456,0.0,0.0,0.0,0.0,0.0,0.0,0.0,0.0,0.0,0.0,0.0,0.0,0.07692307692307693,0.0,0.0,0.047619047619047616,0.0,0.0,0.07148133755410864,0.10115594787725936,0.1035858058113324,0.10483935397436056,0.9396757263785203,0.3371100720918192,0.5944251348101681,0.22506029398111757,0.4646087069446312,0.37629045708682396,0.8857311446253631,0.8269327820959571,0.8028875962972766,0.9054505547276488,0.8966882282904365,0.8394393557163777,0.8299323263430249,0.8038151910675382,0.6603770518893395,0.8274124735535044,0.7401557323831736,0.8028875962972766,0.7927488614040108,0.7449991266432479,0.47137403785446375,0.6961496752380858,0.35998831326989444,0.4261334494365107,0.11584906471032863,0.9678981653536575,0.8714278421631443,0.7510872255983134,0.7467979813951392,0.7800610000894262,0.7328744668151099,-0.04537906689370723,0.5021465044375497,-0.39132921483233907,-0.8382386172284545,-0.4372355049030546,-0.061283743359212065,-0.16634869175070516,-0.6189059826525076,0.7936626470381294,0.6534709840564569,-0.1725678466538388,-1.1323436568973495,0.1696718278567688,0.06773773136355031,-0.1090585032120481,-1.0542261730018672,-0.4589496666007845,1.4663657470309264,-0.4559734003682731,-0.648695183866877,-0.20173896415466658,-0.18081653885562116,-0.6777080543506044,-0.28331751733602184,-0.18563998961814393,-0.3562567432415663,-0.32852740557450766,5.436763017196827,-0.8018421517776715,-0.4742393539467874,-0.4349369059140269,-0.4468128476871832,-0.5075121610291713,0.17043416228255326,-0.026008458126503715,0.0,1.0,2025-01-22,0.6479706195479551
0.261744966442953,0.2537313432835821,0.09090909090909091,0.0,0.0,0.0,1.0,0.0,0.0,0.0,0.0,0.0,0.0,0.0,0.0,0.15384615384615385,0.06666666666666667,0.0,0.09523809523809523,0.0,0.0,0.22495820751448617,0.3240962589323245,0.3024876919455278,0.37220067847441585,0.9734397422531949,0.35146141655299656,0.5996657494021713,0.17977634518513538,0.48060447269138784,0.38631001234019313,0.9139104891673915,0.861937061284821,0.8154278264914296,0.906616566528001,0.9011198973251258,0.8673053224491056,0.8474314003975429,0.8581146747381875,0.7059740706062078,0.8684804108399731,0.7601479875605784,0.8154278264914296,0.836806358695414,0.7311848025995378,0.43910654482860645,0.7067646812770098,0.3295058885767559,0.47839369771335155,0.13865764048176943,0.9940358072077881,0.9137986414577179,0.8245346450845266,0.8166487000781665,0.8243079458039131,0.7761986134252576,2.159945423108784,-0.921342765767633,-1.2190784568121775,0.9387247229325789,2.8437235048221647,-0.4482633505900936,-0.21073470656094673,-0.6684858203279027,-0.8623282555633748,-0.6046102354669735,0.2359412091714629,0.8204788939626662,-1.1666157055684447,-0.17597191312284402,0.3061275663331939,0.7828310542989816,-0.2586848088225898,0.08284771960593064,-0.39146922423495795,-0.028897400488476197,-0.2011059608427487,-0.09610498545478756,-0.4690649243417177,-0.3263076575068631,-0.18835182855077232,-0.34771843079920894,0.7600120303161563,-0.36872018736570467,0.625416212508529,0.20862354226227497,-0.30073067885205024,-0.36367235300129874,-0.4734071603502102,-0.37297455318240846,0.5373360205510596,0.0,1.0,2025-01-23,0.3881724158460331
0.2818791946308725,0.2761194029850746,0.0,0.0,0.0,0.0,0.0,0.0,0.0,0.0,0.0,0.0,0.0,0.0,0.0,0.07692307692307693,0.0,0.0,0.0,0.0,0.0,0.3612398680584344,0.45934216057166877,0.467293402227954,0.5541565776373849,0.9552006892280085,0.32281392005508736,0.5919690700452231,0.06761825606085288,0.4920414316075461,0.35208177051913625,0.938056353728685,0.8939476326510727,0.8267250090905982,0.9075622083534753,0.9048990449426846,0.8873694553208473,0.8617394767045159,0.8904410600202389,0.7501445974199287,0.8561555104085308,0.7137738536516941,0.8267250090905982,0.869021619359998,0.7245251688732637,0.40367102872780847,0.6961004460867626,0.3026300001293367,0.5064646221835236,0.1639011597483867,0.9706316327748387,0.8735118478591719,0.6989499069689444,0.6963768411037855,0.7352779728030169,0.688025460713679,1.3566324370631424,-0.5125502588595758,-0.8227994181229832,0.1814671131344752,1.1786773168088212,0.6925556087840357,-0.26059942332064,0.31172647609195814,-0.8835194291599379,0.2016645804595185,-0.48518306341969675,0.22975123153591,0.027444457968786733,-0.07680315217876305,-0.07831482795688033,-0.11057918558617925,0.5991966730309388,-0.6996740797895366,0.03789579952952562,0.4307137188734968,-0.08533789511319624,-0.15260438546928784,-0.47671180216063114,0.31579778175978296,-0.18496786923556044,-0.3489827303289965,0.12093988830523655,-0.2956162999618847,-0.15472610780579657,1.5285220111702358,0.9818352533391881,0.7089020787432389,-0.4800624031463817,-0.4126920785883316,-0.10054382093410806,0.0,1.0,2025-01-24,-0.5678887889475903
0.0,0.0,0.09090909090909091,0.0,0.0,0.0,0.0,0.0,0.0,0.0,0.0,0.0,0.0,0.0,0.0,0.0,0.0,0.0,0.0,0.1,0.0,0.06388669845039463,0.07670239596469104,0.09870435886623075,0.08613982472744258,0.9552006892280085,0.32281392005508736,0.5919690700452231,0.05457426294516178,0.5034783905237046,0.34848462399578206,0.9622022182899785,0.9126994648064315,0.838022191689765,0.9079592135836538,0.9086927968317298,0.9043467985200131,0.8749876955072686,0.913270632519329,0.7909139148490112,0.8267690365563717,0.9797641941474889,0.838022191689765,0.8978229896127274,0.7205077320703888,0.40367102872780847,0.6961004460867626,0.3026300001293367,0.5064646221835236,0.18734157049595968,0.9596393688100895,0.8735118478591719,0.6989499069689444,0.6963768411037855,0.7352779728030169,0.688025460713679,-0.7273626348415857,-0.8009208990278607,1.3701528938032894,0.30160516368209933,-0.50728853220367,-0.4951534661674877,-0.2606586045748359,1.179101474110609,-0.2953460208830928,0.17057491414281487,-0.30317690371131534,-1.2030469859104271,0.164255336833945,-0.0535422474134387,-0.28765563095493274,-1.4511524852644948,-0.22711812504392823,-0.4271633330686198,-0.4057602602977686,0.03157984595810131,-0.12852336312287138,-0.1672983225426563,-0.5579937834799901,-0.27010489557781425,0.1604261255983549,-0.31571091889158803,-0.3018852881379425,-0.3577250729077199,0.3401144509412076,-0.23013306534909772,-0.33378597301343677,0.8487513841944145,-0.449693413483145,-0.12146579606961848,-0.32264362969826615,0.0,0.0,2025-01-25,0.0
0.060402684563758385,0.05970149253731343,0.045454545454545456,0.0,0.0,0.0,0.0,0.0,0.0,0.0,0.0,0.0,0.0,0.0,0.0,0.0,0.0,0.0,0.0,0.0,0.0,0.060000389144385005,0.11986128625472889,0.09642085558267158,0.15170878452291695,0.9552006892280085,0.32281392005508736,0.5919690700452231,0.025738185360759207,0.48829902761486776,0.35326847073600454,0.9742081851978117,0.9330089277583982,0.846977707207083,0.9083562188138323,0.9121477339009036,0.918712242765463,0.8872545647690764,0.9283995161143943,0.8271296837276592,0.7874263439199687,0.9797641941474889,0.846977707207083,0.9217711772813608,0.7164587244869196,0.40367102872780847,0.6961004460867626,0.3026300001293367,0.5064646221835236,0.20910766619013488,0.9334373589557973,0.8735118478591719,0.6989499069689444,0.6963768411037855,0.7352779728030169,0.688025460713679,-1.0501920980412038,2.480224022088504,-1.1623421395445874,-0.8788893507400016,-0.4669754991639282,-0.64495639222485,-0.4176856253341827,-0.7108084373309452,2.0584504697984043,-0.7040168510574035,-0.7026381527340684,1.404696699969837,2.0765953705768827,-3.496171304722176,-2.4851286337704055,2.2779470389977874,-0.5444965298384215,-0.8153066261502306,-0.5048031452366346,-0.8128113298248998,-0.21417669654191865,-0.1951111034727248,-0.7617868801286163,-0.3110273470551624,-0.1901076185155452,-0.3468353664987192,-0.8373877567029699,-0.3528272793045523,1.233652374249157,-0.8001808174026184,-0.4900181975508603,-0.2241319479370807,0.3858423263944774,-0.2867569613491999,-0.6374899253377871,0.0,0.0,2025-01-26,0.0
0.08053691275167785,0.07462686567164178,0.0,0.0,0.0,0.0,0.0,0.0,0.0,0.0,0.0,0.0,0.0,0.0,0.0,0.0,0.0,0.0,0.0,0.0,0.0,0.08441741572456793,0.14043715846994537,0.12461718154161594,0.22163497584778574,0.862322627019064,0.4521875911660582,0.6426171203934115,0.08065017643382162,0.5025488539933372,0.48528252626253077,0.9571019145332444,0.934944409872779,0.8543243971351178,0.9055338008948883,0.9143034684182112,0.9129695244808778,0.8889641089194562,0.8961417084466946,0.8484257068336254,0.6585196317928101,0.7065147574546029,0.8543243971351178,0.9280644433288199,0.7234715061869563,0.5002512718009922,0.6220424732027244,0.253643649013213,0.5064646221835236,0.22931904076329745,0.8356244802685131,0.8238135698214561,0.553461314253316,0.5602553370846048,0.6165551693104478,0.5741746087709614,1.000555041022421,0.027987784165261695,-0.9574700329567204,-0.9276817453497678,-0.11901426742538775,-0.43555570120088966,-0.29758134558039806,-0.4375660890268342,-0.9485360030135159,-0.21352787977339474,3.145857650983159,-0.16247900826283662,2.462175636941254,-0.17058084263956078,-0.12776790986332004,-0.30711068853878243,-0.2240572059544923,-0.8130166021759856,-0.10946761582617684,-0.1604291674864028,-0.04689614885623979,-0.14130607709760698,-0.12532525495984728,-0.14822628237891933,-0.14263424983317052,-0.32572034870227384,-0.68633247361471,-0.32121468493042316,0.9004507226555304,-0.7383688663822141,-0.12905447829613712,-0.7518243820661874,0.11298633537698878,-0.3855829075576992,-0.23272168383103933,0.0,1.0,2025-01-27,3.7583391874931538
0.16778523489932887,0.15671641791044774,0.0,0.0,0.0,0.0,0.0,0.0,0.0,0.0,0.0,0.0,0.0,0.0,0.0,0.0,0.0,0.0,0.0,0.1,0.0,0.12830117397294258,0.1555590584279109,0.2177429051919921,0.17719920353003357,0.9201836242076045,0.35690049857156747,0.6469684224346299,0.1096527413227326,0.5032159454515761,0.38451990517513257,0.9453245768780514,0.9437472262415767,0.864958433402867,0.9060712166631433,0.9172685776512797,0.9192604217293354,0.8965579289486083,0.8939610125291886,0.8649435714886601,0.6172363079804192,0.7623283919523917,0.864958433402867,0.9430684488536656,0.7290599477195654,0.5083880056710095,0.7374377574340124,0.20064212571670548,0.7001281607279957,0.2761254841520471,0.7681542165813645,0.8665800434084998,0.5581064786347992,0.564355912115403,0.7351809358547718,0.6887700264752668,-0.1323056060877119,-0.43242642386513014,0.4968595753517001,0.3186798189211765,-0.5751992144615359,-0.33785507701971884,1.7505852114237914,-0.4682214252333313,-0.6932325517815121,0.501928698224672,0.5484086555427307,-0.30387667989632333,-0.897285658506329,2.34433513753974,2.235713765866062,0.06549728895344938,-0.1934054146783084,-0.3213669937852737,-0.2607710601854323,-0.44421999862709427,0.11491954014492477,-0.15004287562922441,0.1680095483487053,-0.19359755600929224,-0.18050175834452126,-0.29618823625589596,-0.4494887198041245,-0.34129329181474666,0.7669820402512244,0.4583165820724825,-0.34962231087775547,-0.7122787243559717,-0.10524211998178648,-0.44344647477287885,-0.3478819664260805,0.0,1.0,2025-01-28,0.311192741734323
0.3691275167785235,0.3880597014925373,0.045454545454545456,0.0,0.0,0.0,0.0,0.0,0.0,0.0,0.16666666666666666,0.0,0.0,0.0,0.0,0.07692307692307693,0.0,0.0,0.047619047619047616,0.30000000000000004,0.0,0.27084416767150593,0.37216267339218156,0.4685364860920819,0.45450411140746566,0.8905432513515654,0.3098121617821371,0.6452177237791528,0.12119431748332561,0.4963896550217035,0.33694490369965757,0.9310258914737064,0.9490321228074263,0.873572387041202,0.9062304463835851,0.9199751884266565,0.9188716318981509,0.9005100438791747,0.8765728359967548,0.8740198902237755,0.5529412970401861,0.6922691198686987,0.873572387041202,0.9513826105834884,0.736558483492427,0.4861280546441935,0.6848900350995544,0.1728889017279383,0.7001281607279957,0.319588610155886,0.638917276778753,0.827239082486857,0.4509530692262851,0.4654083129494891,0.6985418771512235,0.6533175920369203,-0.4099870075129259,0.17590143554826987,0.23051845707022295,-0.36011863457560245,-0.35950501280770125,-0.12203258351504748,-0.11618330752609952,-0.5504187453608562,0.5587076421550431,0.6099992015948157,0.0528798805484791,-0.8196774045244828,0.3253201930647093,-0.3083305981163384,-0.30081078132636035,-0.7271946909026227,-0.4772353221220198,-0.4757368735034773,-0.36815448425505226,-0.6046186163216509,-0.18213211012917196,-0.1598902033924347,-0.31869064101515404,3.2536027946889448,-0.14490554531162875,-0.37163106449341776,-0.6650421894301368,-0.3910250759218558,0.9533766117691149,-0.7662682837599607,-0.43902625601684175,-0.31177960945721755,-0.19620570473743623,-0.28012069797119327,-0.5067484660930501,0.0,1.0,2025-01-29,-0.1248165666847267
0.020134228187919462,0.029850746268656712,0.0,0.0,0.0,0.0,0.0,0.0,0.0,0.0,0.0,0.0,0.0,0.0,0.0,0.0,0.0,0.0,0.0,0.0,0.0,0.04826692926706277,0.0562421185372005,0.10049503189848036,0.08026923880578671,0.9238061495247543,0.37805496639832636,0.651734833515397,0.1264432452714037,0.49393647323593526,0.41003971588282295,0.92408313807403,0.9582648849671136,0.8909432979486205,0.9057592600007691,0.9231876860319801,0.9249525924232538,0.9076249367043516,0.8753586515283671,0.8809919981492259,0.5347609003210281,0.6261963567670894,0.8909432979486205,0.9534360023407995,0.7630672061570172,0.4707175136196873,0.6986908075267882,0.1441396920016036,0.7622281329844754,0.36893810325088905,0.6437940662533689,0.8715444700048485,0.4501680947399523,0.46506351057250805,0.7295789547788795,0.6831530737529787,0.346753523812131,0.29581311084465467,-0.5789121870901452,-0.9442067191221933,-0.3195851451738273,-0.547021138644916,2.738952856315719,-0.6913033088398065,-0.4569939018448647,0.18650230135830248,-0.528486142405315,-0.3220468474398509,-0.10019834581655036,0.8169456370425325,0.6578733329467394,-0.26763622791859076,-0.41322601884397175,0.7128358087927219,-0.2117565903728603,-0.7724583452029837,-0.23556971112589226,-0.19868474002216474,0.8037061271859249,-0.3647241972430712,-0.2322539782671758,-0.39082161027711704,-0.842348964494458,-0.3978964860062476,0.8021151721256535,-0.24201324651199674,-0.46602805020553917,-0.742346328880668,-0.5568933883193032,-0.48665301931813887,-0.7214323196307407,0.0,1.0,2025-01-30,0.4652198939266272
0.16778523489932887,0.18656716417910446,0.0,0.0,0.0,0.1111111111111111,0.0,0.0,0.0,1.0,0.0,0.0,0.0,0.0,0.0,0.0,0.0,0.0,0.0,0.0,0.0,0.2079645965086182,0.2847835224884405,0.3530950925284563,0.3017935938248995,0.8918166918584944,0.405539479666848,0.6542347408744575,0.12979716659433424,0.4958570274530094,0.43847764057630534,0.9100660679917238,0.9571855431484115,0.9061340288674149,0.9053713021146006,0.926738128476158,0.923933482749689,0.9108895650697573,0.8578981510039936,0.8824145001085224,0.4868122643591454,0.5826692853346824,0.9061340288674149,0.9447173816484096,0.7943864750007341,0.4928921954229928,0.7126317257354773,0.10377849802746225,0.8467969646254396,0.42700656534198,0.5542867607640519,0.8252396797743611,0.4286288100808931,0.44505230385850536,0.7885845543815988,0.7430036755773515,-0.5600511979832503,0.6937856917306847,-0.07675367058583508,-0.9442067191221933,-0.51339860281249,-0.4832662732838806,-0.21190623113479176,0.09819425001983689,0.5751475612390966,0.34338700564815516,-0.32441637813069363,-0.6076976733256216,-0.15850435081844677,0.28260407669232857,0.29484194600813707,-0.5611836331871145,-0.14257595215174448,1.4229960910091117,-0.13418921847749055,0.13715089231973332,-0.12141444304005614,-0.16059719849398743,-0.32133373390739706,-0.22752205661120692,-0.16829816226847688,-0.3451606947239287,-0.49805251156285985,-0.005723441456922209,-0.02492806163252475,0.251328716072351,-0.05002878646683881,-0.31169090133318506,-0.3980446937178056,0.4652764131309081,-0.3698248262769518,0.0,1.0,2025-01-31,0.1776279975880257
0.4429530201342281,0.45522388059701496,0.13636363636363635,1.0,0.0,0.0,0.0,0.0,0.0,0.14285714285714285,0.0,0.0,0.0,0.0,0.0,0.07692307692307693,0.0,0.0,0.0,0.0,0.0,0.2994446044860781,0.4203867171080286,0.505491416116396,0.4130028638503423,0.8918166918584944,0.405539479666848,0.6542347408744575,0.13012271594774558,0.49777758167008335,0.4377826593951506,0.916588540398382,0.9515053094311865,0.9213247597862111,0.9049891401831882,0.930106894638774,0.9230711591797487,0.913912369111797,0.8420917635010802,0.8797909569034335,0.45185440467403576,0.5058653807257294,0.9213247597862111,0.9290538163760349,0.8310808171446054,0.4928921954229928,0.7126317257354773,0.10377849802746225,0.8467969646254396,0.4809272801408506,0.5265461313901979,0.8252396797743611,0.4286288100808931,0.44505230385850536,0.7885845543815988,0.7430036755773515,-0.5688742775245079,-0.14310200105977608,0.6542196818290053,-0.1239926390925112,-0.4173225161146869,-0.41018110321561885,-0.16301711553406467,-0.3468974935904965,0.8217662223073637,0.383985168468622,-0.2952674570476692,-0.43708063395048385,0.4064775936977525,-0.4434828635605865,-0.14804393840730337,-0.29910221808207255,-0.4979354494280373,-0.12872394226432843,-0.5260495172620949,-0.8128270577772247,-0.23551485211726908,-0.19771711586193386,-0.7819234027470281,-0.36516989037853476,-0.21382397253398733,-0.39017524745343485,-0.7485253142727689,-0.4017014280975235,1.2777281854984586,-0.4150523993558912,-0.5044407950704775,-0.7549079877319378,0.39158382160701477,-0.46276881106785456,-0.6152805117101612,0.0,0.0,2025-02-01,0.0
0.3691275167785235,0.3880597014925373,0.0,0.0,0.0,0.0,0.0,0.0,0.0,0.0,0.3333333333333333,0.0,0.0,0.0,0.0,0.0,0.0,0.0,0.0,0.1,0.0,0.24244035686702017,0.41432324506095,0.5075880616528952,0.3449464718101255,0.8918166918584944,0.405539479666848,0.6542347408744575,0.12688132568585722,0.5066143477361655,0.43460332412562686,0.9103153279905332,0.941817734084033,0.935862280971838,0.9046069782517758,0.9335010685256595,0.9223415007744151,0.916711261743318,0.8277614632657248,0.8742818512746363,0.4269231243194486,0.5058653807257294,0.935862280971838,0.9067151128800024,0.8718848288623828,0.4928921954229928,0.7126317257354773,0.10377849802746225,0.8467969646254396,0.5309965153112304,0.4625046514264005,0.8252396797743611,0.4286288100808931,0.44505230385850536,0.7885845543815988,0.7430036755773515,0.31895774466088944,0.07611812341333844,-0.36325429545366095,-0.3613133112866177,-0.0708185714256314,0.16566903911304756,0.04721451778895636,-0.6459672805389459,0.5334546388421462,0.49192262948066473,-0.326765462235373,-0.6145348159863988,0.3284388444778028,-0.015926066131514212,-0.13171042771116015,-0.5120968161181133,-0.46282419061564617,0.009429018612293024,-0.5796075969723703,-0.7463537036078378,-0.22772035753149525,-0.1645209174684559,-0.6595114714816699,-0.28403525352623166,-0.22353041561607442,-0.37563356899229433,-0.8272073188756296,-0.41010597598020404,1.3405242471888175,-0.4870907648336313,-0.48592416798237925,-0.538203181995654,-0.5327529108788284,-0.4806471714291682,-0.7060557384243861,0.0,0.0,2025-02-02,0.0
0.4899328859060402,0.5149253731343284,0.045454545454545456,0.0,0.0,0.0,0.3333333333333333,0.0,0.0,0.14285714285714285,0.5,0.0,0.0,0.0,0.0,0.07692307692307693,0.0,0.0,0.047619047619047616,0.0,0.0,0.43147572738922496,0.6242328709541825,0.7501886924530359,0.7058761169630895,0.8438327602511198,0.39942100518545964,0.6640102270551076,0.11393796965972851,0.5203102163488433,0.423339636238954,0.8999855246567847,0.9285998354879519,0.9466535309007007,0.9025615540113883,0.9362240306655476,0.912477339912118,0.91431800243185,0.793475470700954,0.8617153149451383,0.36594687167053497,0.4180493828624525,0.9466535309007007,0.8720696634223817,0.9161540028419468,0.5526611049573855,0.6679196420702054,0.08412530197484674,0.8467969646254399,0.5774893765408686,0.41975176666694947,0.7793799872741811,0.4989531011682784,0.5093269634985956,0.7348684198008649,0.6903219898489174,-0.45863468942812397,0.9817739320865514,-0.4200622146327343,-0.922992506807827,-0.4881395963051681,-0.3949842622497664,-0.09514418386661996,-0.672805423839507,0.19521297462675868,0.4492091388658504,1.2479721525930019,-0.7335901016067126,-0.008407409497638534,-0.16172315810429222,-0.31211860683724457,-0.7717856355150858,-0.23983608571868972,0.3056494590344908,-0.24897190804315855,0.5567936775609615,-0.1424992404539724,-0.17615594110099492,-0.45592804819707844,-0.273561542416737,-0.18857391504422674,-0.3483554717035381,-0.5828878724586325,-0.33581704915739574,0.09803851685829229,0.09528853720536039,0.04453116027463693,0.20198231362018632,-0.19026340744070636,-0.31733904419083314,-0.44983372042051045,0.0,1.0,2025-02-03,0.6933541620033568
0.5369127516778524,0.5597014925373135,0.0,0.0,0.0,0.1111111111111111,0.0,0.0,0.3333333333333333,0.0,0.3333333333333333,0.0,0.0,0.0,0.0,0.0,0.13333333333333333,0.0,0.0,0.0,0.0,0.4959463045606101,0.7833858764186633,0.9241882555107511,0.9229971484408608,0.8890500939277075,0.3485585578482313,0.44315159064798615,0.3343695966714497,0.5174994400823263,0.37108279251727216,0.8922993879770766,0.9207486356965724,0.952912962417491,0.901251491530644,0.9395795046591946,0.9128443617909845,0.9167994392121503,0.7852696833047776,0.849709303395418,0.37078980984976445,0.4912200540952343,0.952912962417491,0.8659751801950559,0.9309956705492368,0.5235306515729834,0.6768668067612035,0.05794682229602793,0.9058752425042355,0.6292147122417628,0.45024182424716813,0.8215396136979969,0.4791474681977529,0.49126030984061364,0.7705428170777419,0.7248852720972988,-0.11813858977764959,0.5824698064237885,-0.3928283335390294,-0.6711546956745691,-0.0004602749130222649,0.3309112624353568,0.14784502465150146,-0.25179760922417976,0.18283076745896726,0.2349267745861879,-0.4239959538114951,-0.31526916128072663,0.6365491929643936,-0.10417920745042493,-0.15217986064574737,-0.06949468163392857,-0.06765324335892513,-0.48841123623251126,-0.36506343878523334,-0.6960640697038786,-0.2100996115628985,-0.07474188266521095,-0.29638920366326166,-0.237992993234777,-0.20463755411671214,-0.3639941350926585,-0.5233120879676226,-0.19480381954568426,1.1756604588085398,-0.23607928678929685,-0.4490982976360229,-0.7222503427571191,-0.4675466943889631,-0.34604218881312326,-0.5552749390073559,0.0,1.0,2025-02-04,-15.557160758874057
0.32885906040268453,0.34328358208955223,0.045454545454545456,0.0,0.0,0.0,0.0,0.0,0.3333333333333333,0.0,0.0,0.0,0.0,0.5,0.0,0.0,0.0,0.0,0.0,0.0,0.0,0.23220688645037085,0.3255464480874317,0.40737980841153415,0.3877720965105274,0.9136894854494892,0.39403842969667824,0.44450470706837897,0.4475836378330237,0.5273372615749257,0.4152877710344055,0.8971364524315861,0.9158218054395455,0.9617460771109201,0.901644874289099,0.943054736531419,0.9179030599261875,0.9216567371762991,0.788466614398855,0.8408652878185096,0.39810947808170255,0.4486644147423505,0.9617460771109201,0.8552383724558528,0.9535932952796697,0.5014442163036206,0.6842046708803547,0.03779266948536475,0.9526196406664083,0.6840130667687847,0.520642716584298,0.8670077425591431,0.5641738602697501,0.5700386044297107,0.6892967294743071,0.6438744153044764,-0.3169021370246793,0.6712731707903492,-0.28411665300526284,-0.7766764099288663,-0.4536830250816141,-0.24000399918953372,0.0011700607619487408,-0.6608405894317323,0.6473565992305221,0.8861532629094234,-0.07347244854344104,-0.9597862426358331,0.2997591971300294,-0.05009457889729286,-0.27831446590681014,-0.8504611882926831,-0.39261906575396693,0.16595870990809378,-0.2766629167594638,-0.24206994361945952,-0.0301371114606727,0.2905991281365931,-0.33250923022653633,-0.27063581316546825,-0.20129829773511088,-0.25487193044114004,2.0741306101847616,0.43443400885279754,0.09238977176899542,-0.2225949731344761,3.1677939968190456,-0.342389452748669,-0.18480216863791193,-0.46110082494585836,1.406208791163082,0.0,1.0,2025-02-05,0.1128725378919615
0.16778523489932887,0.1791044776119403,0.0,0.0,0.0,0.0,0.3333333333333333,0.0,0.3333333333333333,0.0,0.0,0.0,0.0,0.0,0.0,0.0,0.0,0.0,0.0,0.2,0.25,0.13387750491429906,0.16187473728457336,0.2487200808851299,0.21877573470667044,0.9367521149664944,0.40597970495706814,0.4193049597160974,0.5416072425500275,0.5373810658532194,0.42422037021398606,0.9070737079065134,0.9246556001709854,0.9679300808137263,0.9092956582608949,0.9467152957530782,0.9266277875865905,0.928550104165998,0.7998617503461333,0.836501847040855,0.43682167697648155,0.4252253714785086,0.9679300808137263,0.8584309992763757,0.9611251527552023,0.4589022989312035,0.7109498348753054,0.02462715594793835,1.0,0.7417570136668352,0.6711532926464434,0.9133445576478039,0.5481956766512014,0.5550958637680925,0.7230617820930679,0.6764479252785729,-0.12514152888145627,0.5324964284050918,-0.34313868480142007,-0.8494110725116257,-0.40014319711580865,-0.151074295431551,-0.11123562677969866,-0.6756552987127011,0.7386191762387532,0.8880380190383385,-0.19866907813918766,-1.192907099912231,0.2958834532590543,0.011217772924259269,-0.2119325044134414,-1.0817692423635286,-0.564653347079221,1.0714836065848634,-0.5144999832820949,-0.5833935766519218,-0.20826743405342177,-0.19898374097199312,-0.5782304175844927,-0.35882209727303055,-0.22074848630500604,-0.3914767634485656,-0.8723534227616766,-0.3982891796869309,1.0306597461608578,-0.8122010312361834,0.18687333316600116,-0.6635076762019778,-0.40263661842689025,-0.44168148883317576,-0.7142518666882504,0.0,1.0,2025-02-06,-2.099710353126627
0.37583892617449666,0.3731343283582089,0.0,0.0,0.0,0.1111111111111111,0.0,0.0,0.0,0.0,0.6666666666666666,0.0,0.0,0.0,0.0,0.0,0.0,0.0,0.0,0.1,0.0,0.4091875908341364,0.8114649012189996,0.6025298619567224,0.7338339950097714,0.8766368527973123,0.39543795188797515,0.43530389742938147,0.583405673820559,0.5457473128656849,0.4104598287946356,0.9037167585693124,0.9194871749881175,0.9700170443928986,0.9150465176613878,0.9498160792387278,0.9224257202473174,0.9286877575387873,0.7806700782193712,0.8284439323172611,0.4049013951790205,0.28140508203708847,0.9700170443928986,0.8556922334777433,0.9666205581993559,0.47166237874365646,0.6340896978607913,0.08585033156514515,0.8137392259158893,0.7684094317595205,0.6574164515856142,0.8677746184166448,0.5041380852372093,0.5142692916177253,0.6091808369151384,0.5670570101612405,-0.34740171449477875,-1.2817421920149368,1.4309734092507866,1.0069629214840252,-0.1788855694327014,-0.36763273292873655,-0.3534545050816955,1.995992634838212,-1.2271472752756138,-0.36510191138655884,0.08683399587699343,0.3557611593935163,0.6651451167500845,-1.0970748615518155,-0.7015864163734042,0.30926571770519795,-0.22124173205631087,-0.30521572496135474,1.8788025076333466,0.20958259237476556,0.24392223194893975,-0.18420668889842964,2.239514723063251,-0.12674341181500945,-0.20834009849615073,-0.37267810929320466,-0.6623509135687948,-0.3255738054949514,-0.5487646205987916,-0.3951494583740142,4.076204089341922,-0.7559920239416899,-0.2793983338590581,-0.28747209962864767,-0.5934141115045295,0.0,1.0,2025-02-07,1.3616653113978527
0.37583892617449666,0.3582089552238806,0.0,0.0,0.3333333333333333,0.0,0.0,0.0,0.0,0.0,0.16666666666666666,0.0,0.0,0.0,0.0,0.0,0.0,0.0,0.0,0.0,0.0,0.23214078595275248,0.3038461538461538,0.4176411778022029,0.4119442839759584,0.8766368527973123,0.39543795188797515,0.43530389742938147,0.6007482275519637,0.5541135598781504,0.40764340263645116,0.9109712278878979,0.9178366696081985,0.9721040079720691,0.9184895798452324,0.9544973329911883,0.9188701248063937,0.9288152143654447,0.7643874516864883,0.8181227221889547,0.38534650640013746,0.30844889039190004,0.9721040079720691,0.852540169277967,0.9724358379312594,0.47166237874365646,0.6340896978607913,0.08585033156514515,0.8137392259158893,0.7931581057027286,0.6037687757678739,0.8677746184166448,0.5041380852372093,0.5142692916177253,0.6091808369151384,0.5670570101612405,-0.3032068743231339,0.375934366751938,-0.04183424729446548,-0.41313748344513573,-0.47407120272952846,-0.31575014980649485,-0.24100064151346454,0.05375215938043206,0.620648737697427,0.23669409719508094,-0.3667930481272265,-0.5184556959006177,0.44740046490162666,-0.051725154095853605,-0.2569869724406615,-0.4710957359849018,-0.2875236492084424,-0.41919781978735404,0.5503187728447638,0.2971494185295359,-0.15040159642885484,-0.1466693989798042,-0.6914795270236826,-0.3080844502182717,-0.21085748707331992,-0.39860926259504953,2.373309791884133,-0.23843625548793276,0.2143307676636707,0.24569617674473238,1.122971992747953,-0.1948549396059881,-0.5147005350610774,-0.4609599905042032,1.6369774762094123,0.0,0.0,2025-02-08,0.0
0.5033557046979865,0.46268656716417905,0.045454545454545456,0.0,0.0,0.0,0.3333333333333333,0.3333333333333333,0.0,0.0,0.0,0.0,0.0,0.0,0.0,0.0,0.06666666666666667,0.0,0.09523809523809523,0.0,0.0,0.384268081566825,0.694777217318201,0.6854314748608588,0.7202752614953477,0.8766368527973123,0.39543795188797515,0.43530389742938147,0.5909409258223149,0.5624798068906156,0.40485142730061663,0.9082260985477744,0.9122382986344411,0.9741909715512413,0.9219326420290752,0.9588375827092559,0.9158615440486892,0.9289332299456827,0.7505695489269661,0.8065774214497234,0.37477035460746067,0.30844889039190004,0.9741909715512413,0.8489093559276011,0.9786216478736174,0.47166237874365646,0.6340896978607913,0.08585033156514515,0.8137392259158893,0.8161390172214213,0.5127643009845687,0.8677746184166448,0.5041380852372093,0.5142692916177253,0.6091808369151384,0.5670570101612405,0.7058476742968226,0.1989298534531566,-0.830199409092191,-0.20684088564097672,-0.18808604882279611,0.8752780308675221,-0.24657426709479607,-0.6907909520557887,0.8632670162273106,0.006038441341597729,-0.4452607042616598,-0.4579624829711689,-0.4061095736447771,0.632078260044699,0.8297985823962543,-0.35608948166791127,-0.43341975478494443,-0.555970192794879,-0.1120900335911308,-0.02225980516489526,-0.18436927921732238,-0.18944151133784695,-0.35355121820738605,-0.2828948474911555,-0.19947549589069222,-0.20361639938137405,0.8129621274844886,-0.029770644936662188,0.7541432737113731,-0.40275530780724483,-0.3638886747177203,-0.7468954365026907,-0.35819992754796476,-0.35020798454158,2.6047102188945503,0.0,0.0,2025-02-09,0.0
0.6375838926174496,0.6716417910447762,0.09090909090909091,0.6666666666666666,0.16666666666666666,0.1111111111111111,0.0,0.0,0.0,0.0,0.0,0.0,0.0,0.0,0.0,0.0,0.0,0.0,0.047619047619047616,0.0,0.0,0.45019059967690206,0.6952606137032367,0.8631693219096073,0.7569629666048009,0.918867871626186,0.35494510981978356,0.41440784025594457,0.5622538441585158,0.5573739432403455,0.36504546793527237,0.9093712740646938,0.9154489155001615,0.9754148060733883,0.9268395538712255,0.9637685709303181,0.9214539627231657,0.9334296869523282,0.7575648756929545,0.799005902466857,0.40910385792102155,0.38168075893763087,0.9754148060733883,0.8502779545710144,0.9795420024021162,0.4391609859122021,0.6585832915306888,0.09708540871331328,0.813739225915889,0.8374784350602078,0.5836946941154882,0.9103988442754467,0.6454550536226213,0.646364529782789,0.6485859243149857,0.6044412364255667,0.7389907588396704,-0.5926560689904221,-0.17749447681445288,0.7391492605143519,0.722663842274697,0.7109962862177894,-0.15058987564141138,-0.6377893661373659,-0.24252382972603836,1.0305573451958425,-0.3185868664075736,0.021904308989446557,-0.608979988231072,0.38969121076785257,0.045584263658986296,-0.08394512462618473,-0.4463900959718803,0.35675116848974314,-0.4480414554679919,-0.5898405473657854,-0.19503488991456933,-0.19662385114980777,-0.7189176010535686,0.615717604235521,1.7185673107550143,-0.38126622139582306,0.0008155364367554444,-0.3627815854597495,0.6717488344343061,-0.7275635257434574,-0.46383730409522705,-0.19418915398049155,0.04545474127212316,-0.10038328874547753,0.36139692093584247,0.0,1.0,2025-02-10,-1.75456651577639
0.6510067114093959,0.6716417910447762,0.09090909090909091,0.6666666666666666,0.0,0.3333333333333333,0.3333333333333333,0.0,0.0,0.0,0.5,0.0,0.0,0.0,0.0,0.0,0.0,0.0,0.0,0.0,0.75,0.30060122807482165,0.5147435897435897,0.5496818619838196,0.5734583758404109,0.9210186504487377,0.33735186747510426,0.4143267575866938,0.4978333863275078,0.5574124212429525,0.34699993849746813,0.9058918930862863,0.9189148013346102,0.9741432689309732,0.9302569230117328,0.9687296448063609,0.926600475756902,0.9378165074370237,0.7630160643988938,0.7942459407090969,0.43339573282075694,0.5265698782263982,0.9741432689309732,0.8472272192355259,0.9798463852867885,0.397206455937849,0.6221146075338878,0.07536927843754809,0.8237313950042452,0.8587402817836567,0.6582374932847145,0.9517432229664307,0.577993563688342,0.5828882523805132,0.599370591716089,0.5575951569537789,0.9273963799178548,-0.9403440828509558,-0.05296918130361421,1.0580849469224913,0.3259864172750037,0.07905576880413971,-0.20744000253003544,-0.1184538026520728,0.33625239208603197,-0.690053519061473,-0.12363616690363032,0.5564416884310047,-0.7034343316339466,0.1397793150836434,0.7168846777357589,0.4638621961085905,-0.3116577474578284,-0.3081773100176144,0.7387534863951684,0.0762179978876762,-0.1267557831461285,-0.1860730719441709,-0.6560825371072085,-0.2968284373536235,-0.1794565277148366,-0.355556116457134,-0.2111602162535202,0.5964616083691819,0.3776007902480987,-0.2573628147382276,-0.058148869881218555,-0.7006967729536305,-0.15532269510909966,-0.42538909823628457,0.03814446088351359,0.0,1.0,2025-02-11,-0.0069298072208012
0.4697986577181208,0.48507462686567165,0.0,0.0,0.16666666666666666,0.0,0.0,1.0,0.0,0.14285714285714285,0.6666666666666666,0.0,0.0,0.0,0.0,0.07692307692307693,0.0,0.0,0.0,0.2,0.0,0.3263920964775407,0.5048654897015553,0.6063330663130483,0.6529025676323454,0.9037609316812931,0.3771797722392618,0.37921809259090233,0.39557268137665424,0.5615051005311011,0.38650013332737887,0.91189025435117,0.9203324244531812,0.9693944435515398,0.9306886686292568,0.9736845860293393,0.9276295638043255,0.940085554449448,0.7585898497790207,0.7893846373603678,0.43252014073677486,0.3936535679948425,0.9693944435515398,0.8321272014630754,0.9838517531792625,0.39563372062052116,0.5621818591059237,0.18688884967126396,0.5533342685402559,0.8393351458520093,0.7037945655957302,0.9075015027784188,0.5123639470721171,0.5219595758581304,0.547096692562213,0.5086254168807468,0.05999799301171494,0.04614450850549584,-0.09581582975350565,-0.18768661064199738,0.10670748144303388,-0.22875818672613854,-0.23950396922782258,-0.44945835892815,0.3979414377347325,0.2944880609966802,0.05966416242294335,-0.2994400483055799,-0.16571450305675772,0.25022772557042383,0.03412494775559324,-0.2048057662600709,-0.0715036937175196,1.0756808541269363,-0.009802285262409416,-0.5659377383979279,-0.18967651968733457,-0.08576087301487823,-0.4186241279356927,-0.29350525393237653,-0.19127068795638577,-0.3712436067498775,1.041236360252939,-0.31832855299376556,0.6170922516500129,-0.05937256974825875,-0.40547520007605575,-0.6802755379382024,-0.4800563933547684,-0.33947040730710487,0.5949181455582051,0.0,1.0,2025-02-12,-3.000803298442856
0.5302013422818792,0.5373134328358209,0.36363636363636365,0.0,0.0,0.2222222222222222,0.0,0.0,0.6666666666666666,0.0,0.0,0.0,0.0,0.0,0.0,0.07692307692307693,0.0,0.05555555555555555,0.0,0.2,0.25,0.46031500157008953,0.6829129886506936,0.792589594338041,0.6970955886871766,0.9696393023095764,0.39503057923135354,0.36678658827029875,0.11809402155674036,0.5729972670162171,0.40096154434561226,0.9324573045016953,0.935263995246757,0.9703784794683816,0.933403949738187,0.978537732342426,0.9411954413232397,0.9490303201685677,0.7833368793710618,0.7913847999017635,0.4918032559952238,0.5691858055977396,0.9703784794683816,0.8370331017169015,0.9816465148539537,0.39471817865038106,0.671125800315895,0.15165457240202462,0.7245794098534007,0.8461090787338921,0.7890692674158533,0.9530418070661941,0.5794325504883132,0.5838658770785069,0.5770620827173389,0.5366525498376601,0.9956305020566004,-0.6585355396547874,-0.35998910152713937,1.0375354543796693,0.11193482903331424,-0.45297910047204676,-0.25259225404915825,0.08855727790058976,0.34987902011146527,-0.46939916035247137,-0.04037698862817855,0.3120478168231839,0.46848751280414314,0.3625840334909493,0.11325162033439884,0.212011585296206,-0.10272102773519187,0.4269617292325157,-0.27431490042657886,0.18110682487203983,-0.09041452782113907,-0.11783938394926992,0.03106202150641723,-0.22754871974192123,-0.13638153080846613,-0.24673160379542391,1.3936915188073897,-0.32942193854696933,-0.01807569527601728,1.7901595803533634,-0.06128423413504514,-0.6418037667029839,0.1533244509589439,-0.3871416798987836,2.46222230225054,0.0,1.0,2025-02-13,-1.095415193466054
0.2080536912751678,0.18656716417910446,0.0,0.0,0.0,0.0,0.0,0.0,0.0,0.0,0.16666666666666666,0.0,0.0,0.0,0.0,0.0,0.0,0.0,0.0,0.0,0.0,0.2732708612467862,0.32131147540983607,0.3878252298604325,0.3804895586228936,0.9691799868985509,0.3387067100847072,0.3582069841468061,0.14242762526137026,0.5755263592093023,0.3429375113897559,0.9529227792298212,0.9447743525779355,0.9713312116264028,0.9361919806816594,0.9812481368055135,0.9525857482514937,0.9572647945162522,0.801245115948242,0.7972466648613228,0.5251683930105234,0.5116159103544896,0.9713312116264028,0.841576852304053,0.9796709292640271,0.33924775374027183,0.684941392319627,0.14127991420481728,0.7553176679080633,0.856849465110922,0.8591824361324076,0.9115988682893104,0.6728804491044263,0.6713256805127498,0.5936520711680394,0.552112510023476,-0.9246681353815477,-0.16147998361685814,1.0019691103045567,0.28412688977368394,-0.5120798815718928,-0.2553688297888353,-0.3400591610606718,0.5842012432622792,-0.38418544341556365,-0.002826617685049835,0.8407117349203919,-0.15597634529837984,0.5146203089944188,-0.8890370406039302,-0.3695355280960878,-0.2672559953770595,-0.4131329799525322,-0.6314853379940558,-0.3253208626041773,0.7543215503722529,2.1259476324095763,3.5749654051724744,-0.6820418636688234,3.922815121498969,-0.1803970472928811,-0.3039636775596775,1.486197147832919,-0.36853306509233996,-0.26150447437765134,-0.5901629126798149,1.0152292181336457,-0.7576137805359429,-0.06493920196721971,-0.44200855333959826,3.1976233986073788,0.0,1.0,2025-02-14,-0.76437398941408
0.2483221476510067,0.2761194029850746,0.0,0.0,0.16666666666666666,0.0,0.0,0.3333333333333333,0.0,0.0,0.16666666666666666,0.0,0.0,0.0,0.0,0.0,0.0,0.0,0.047619047619047616,0.0,0.25,0.2583047465345882,0.27436948297604036,0.4397282151246386,0.3658077164173601,0.9691799868985509,0.3387067100847072,0.3582069841468061,0.14987892428026564,0.5780554514023872,0.34218449755256564,0.9640490646493172,0.9513603403747588,0.972283943784424,0.941395652475542,0.9833150762112286,0.9622237002677085,0.964889307801144,0.8137948960896295,0.8049227064044813,0.540842891904335,0.5854520301673325,0.972283943784424,0.8459531640458859,0.9778249337747145,0.33924775374027183,0.684941392319627,0.14127991420481728,0.7553176679080633,0.8668226810324497,0.9582813317071727,0.9115988682893104,0.6728804491044263,0.6713256805127498,0.5936520711680394,0.552112510023476,-0.4874073782287538,-0.04022733202955628,0.48938546362186086,-0.35217471666011535,-0.5079199291281719,-0.3700730579387767,-0.1893341984769978,0.3085679064679421,0.2005953692043472,0.5660287065702615,-0.23709977823307277,-0.7182910828907342,-0.21606472346621008,-0.21068205031506002,-0.2647354763199031,-0.8224357446574931,-0.3937201955031204,-0.19529810614689105,0.05217219092971458,-0.5528853381104052,0.4839736284591739,-0.19739090570672763,-0.40683882828021456,-0.3208247896201776,-0.21700711040409715,-0.4093695690597052,2.8537452367056075,-0.170563769842374,0.8045490361556509,-0.6972969338015562,-0.27611697360503934,-0.7179474457626941,-0.5222783145552092,-0.418779797820466,3.5770163072599,0.0,0.0,2025-02-15,0.0
0.020134228187919462,0.02238805970149254,0.0,0.0,0.0,0.0,0.0,0.0,0.0,0.0,0.0,0.0,0.0,0.0,0.0,0.0,0.0,0.0,0.0,0.0,0.0,0.046192951838518057,0.10860655737704918,0.08602512926209256,0.13314445851104365,0.9691799868985509,0.3387067100847072,0.3582069841468061,0.16059020419785294,0.5599967210049952,0.3476046968657357,0.9746997155437223,0.9552090994099887,0.9795666017174458,0.9465993242694264,0.9850542966205271,0.970378890435275,0.9719490423241925,0.8220034379392537,0.8130169776196235,0.5444563993159798,0.5854520301673325,0.9795666017174458,0.8563624554692506,0.9815485241951363,0.33924775374027183,0.684941392319627,0.14127991420481728,0.7553176679080633,0.876083524388154,0.9467322046419108,0.9115988682893104,0.6728804491044263,0.6713256805127498,0.5936520711680394,0.552112510023476,-1.2903773022383216,-0.9868727781763164,2.055912247264959,0.9372829418158084,-0.46113536332205957,-0.759098956647511,0.08979059392839343,1.4583407283965366,-0.09589577943807653,-1.0107873748529606,-0.5658592042974303,0.8785917671308107,-0.8324900179510507,0.5830343034110875,0.26495070287570405,0.9095478304002397,-0.431757041113261,-0.2871390559156788,0.13798698906437123,-0.8022343155776558,-0.22310785377586156,-0.1904704195098015,4.382145444495657,-0.3514802939382187,-0.2156066486490953,-0.3778479120245636,-0.8664186223444256,0.52563485721048,-0.19529099483942133,-0.6093880623050549,-0.395274109493981,-0.6155519563212748,-0.531212293913698,-0.48909682545324806,-0.7164220567833287,0.0,0.0,2025-02-16,0.0
0.8255033557046979,0.8358208955223881,0.0,0.3333333333333333,0.16666666666666666,0.0,0.0,0.0,0.0,0.0,0.8333333333333333,0.0,0.0,0.0,0.0,0.07692307692307693,0.0,0.0,0.0,0.0,0.0,0.47413043795498144,0.9011034047919294,0.8136977454568447,0.9999999999999999,0.9691799868985509,0.3387067100847072,0.3582069841468061,0.15367094052322813,0.5571014604284066,0.34848316264405566,0.9891668290069635,0.9661927441051104,0.9829058546228406,0.9518029960633108,0.9867935170298257,0.9772794359616768,0.9784858335492377,0.8267171800805224,0.8206141532546359,0.5401614898836217,0.5854520301673325,0.9829058546228406,0.8660272896185042,0.9794697182462029,0.33924775374027183,0.684941392319627,0.14127991420481728,0.7553176679080633,0.8846828789327363,0.936053961754263,0.9115988682893104,0.6067277823472574,0.6092441467602085,0.6803151037058601,0.6342974584259603,1.3494851591042407,-0.4506814545014368,-0.8695628577921495,0.26242065360585076,0.02243945545532184,0.24437608110733075,-0.23694214396252597,-0.4751740603186383,0.33843170837049574,-0.19184283513950479,0.36478117717943037,0.48314902073367344,-0.15519438485335116,0.533177032357441,0.31734930955290486,0.36852908640639565,-0.166749231635595,0.22156444751519783,-0.41285338988142534,-0.48741160554799956,-0.1926642455806597,-0.17294915053465712,-0.6311231458812253,-0.28923790172151953,-0.20686055928435174,3.964985485900912,0.4243170310186718,-0.3786369443517014,0.706981907172276,-0.22262604032659236,-0.4099155735804076,-0.7120092524051941,-0.17934605360793807,-0.38218710366494724,0.8298204181767481,0.0,0.0,2025-02-17,0.0
0.3959731543624161,0.39552238805970147,0.0,0.0,0.0,0.0,0.0,0.0,0.0,0.0,0.0,0.0,0.0,0.0,0.0,0.0,0.13333333333333333,0.0,0.0,0.0,0.0,0.1203367936556494,0.15985708280790248,0.22787556290190647,0.2159057387627675,0.9847885543289587,0.3846728009104122,0.35466614384938877,0.13660364567993635,0.5690143755072457,0.3917191737052358,0.9925170141650916,0.9790289190880861,0.9893289620639436,0.9598602036917612,0.9887510741502297,0.9861262126582666,0.9861599191929784,0.8355597583334585,0.8287962173468206,0.545214930412967,0.7486514368763659,0.9893289620639436,0.8801181955115993,0.9789535574256325,0.29096825655113934,0.7291567127143247,0.16310807463241433,0.7553176679080632,0.8926679938669917,0.9577085213215026,0.956385680242402,0.6278086994018862,0.6287095620686749,0.6408900381107857,0.5964704495091,-0.3828606580024332,0.3555589250992484,0.050061789609700015,-0.4528299491057619,-0.4802730227524495,-0.2596295792021305,-0.1661724889838561,-0.5210589908859504,0.8460598096106617,0.5065152462003959,-0.1604369821209338,-0.7122001372340141,0.3813653494709669,-0.08174934006262463,-0.1801233864952624,-0.608850564380165,-0.4068085248397847,2.491948575360579,1.0754911508326623,-0.43464475263017205,-0.2062752587841444,-0.18229465416972523,-0.421212622552351,-0.15296006814417692,-0.1699749614006132,0.8480686938216911,0.09950226595123318,-0.352397742254315,-0.5835865069750232,-0.3493681270872219,-0.44142359335348713,0.9607355469213112,-0.28232390605751684,-0.4097375984508091,-0.3501238934112195,0.0,1.0,2025-02-18,-0.3178903733576654
0.4832214765100671,0.47761194029850745,0.0,0.0,0.16666666666666666,0.0,0.0,0.0,0.0,0.0,0.0,0.0,0.0,0.0,0.0,0.07692307692307693,0.13333333333333333,0.16666666666666666,0.047619047619047616,0.0,0.0,0.21711775887424853,0.35831231609920133,0.34763557206979107,0.5072149362701114,1.0,0.36855529886697835,0.3164601208515474,0.13163190271310793,0.5675026500678699,0.3757753245190013,0.9993327137345291,0.9936704912641918,0.9945218074630517,0.9693606393955925,0.9908365612659704,0.9965432728800518,0.9948458000994336,0.8473603307162041,0.8381501245456462,0.555339663388146,0.7091427961357869,0.9945218074630517,0.89640063351405,0.9747512650362635,0.2623712044858809,0.7458692136324361,0.1312250205644182,0.8240610715926898,0.9100354600471181,0.9716539669601635,1.0,0.6786699353973185,0.6761135107637717,0.6827405517406716,0.6361599946325844,-0.5977105830637613,0.3570639327735509,0.24917010256115774,-0.5478364377545774,-0.3418669348028517,-0.5067829152316247,-0.23440588892321015,-0.2636964682267901,0.8735087145271415,0.1270075336122584,-0.29619363268135934,-0.7122436329900657,0.3632778057095367,-0.2056195238359548,-0.45010110368213496,-0.5778041068230718,-0.26854905491735465,-0.6661484686952177,-0.47697791722580746,-0.6299046481860103,-0.16935354587711468,-0.16850862050663362,-0.26652609338705097,5.600018454654293,-0.17323157899447647,1.0940163226533037,-0.46967639103606,-0.31777282713760285,0.22699412850914572,-0.46603334759683634,-0.361310491778464,0.747043245742434,0.11829474675266295,0.24158934093292983,-0.41995323984538346,0.0,1.0,2025-02-19,-3.4410077388765226
0.4563758389261745,0.46268656716417905,0.0,0.3333333333333333,0.0,0.1111111111111111,0.0,0.0,0.0,0.0,0.16666666666666666,0.0,0.0,0.0,0.0,0.15384615384615385,0.13333333333333333,0.0,0.0,0.0,0.0,0.37152317057549594,0.6268284993694829,0.5920257468523502,0.7379331112722624,0.9721973985720949,0.40158665079227407,0.3186577170672611,0.12469651098963498,0.5668736183730789,0.40966651453831426,1.0,1.0,1.0,0.9778973562565216,0.9927866664998017,1.0,1.0,0.8422720462428975,0.8444223594633828,0.528713992437644,0.5666865040429987,1.0,0.9039532327458577,0.9777670307198836,0.2633932927235687,0.6750156607757251,0.20547218795789057,0.6364145439204327,0.898994801414744,0.9325907141102623,0.9539827643169279,0.5319236266939239,0.5400317281787633,0.6257613119395403,0.5822614355498932,0.11780942152774088,-0.043633494853641215,-0.07220826912440394,-0.15012938169137124,-0.18677351436263498,1.474582506120449,-0.19851716627679591,-0.4216106838502963,0.6106910650339832,-0.4665797858390087,-0.477861369071948,-0.2338455820795163,-0.30722042093288227,-0.2606813418309663,-0.3122883090078127,-0.331742515466212,-0.16581608806628875,-0.3051990784879931,-0.26651121200764516,0.7074038854803456,-0.08717047552373103,-0.1699704900384609,0.16333000059758665,-0.214557127451618,-0.15306248284907892,2.86614166242033,0.6207584350546467,-0.19660495171405037,-0.2822086101154334,-0.4238138610705936,0.06779461511880577,0.3779427060136738,-0.28563357853160937,-0.2649902544051012,0.42023647911028905,0.0,1.0,2025-02-20,0.2049788208698721
0.46308724832214765,0.47761194029850745,0.09090909090909091,0.0,0.0,0.0,0.0,0.0,0.0,0.0,0.16666666666666666,0.0,0.0,0.0,0.0,0.46153846153846156,0.06666666666666667,0.0,0.047619047619047616,0.1,0.0,0.26841320431755694,0.35692517864649015,0.46565063472358886,0.5226726606767536,0.863210161015286,0.4831755092815261,0.3730803084620242,0.08669073496913168,0.5792281940035797,0.48825836009909207,0.9765652761318266,0.9931388977208808,0.998050376885443,0.9831296190711214,0.9931919350335257,0.9819225054088285,0.9934502321915311,0.7880134783688089,0.8365278970611867,0.4063136244262174,0.27534592669691216,0.998050376885443,0.9064708731014335,0.9726649185849263,0.32285992917834916,0.5616955077692363,0.4277467045963831,0.19076703100303505,0.8242216121556023,0.611539466393556,0.9020302230536146,0.36192035263960654,0.38404285974874797,0.553915916533003,0.5148102232477455,0.5363565760368135,0.1415952087946708,-0.6225864955531635,-0.33225353985846034,0.027873618264109657,0.8774416783565528,-0.14212509581703064,-0.6510084024473474,0.3187505518639256,0.6566597650278352,-0.34918846703083456,-0.7241037336138891,-0.030371625467982968,0.6334242741114825,0.6267057466153398,-0.42869418048868774,-0.4848406913039942,-0.7465390018879602,0.9557436741912039,-0.7349064964427434,-0.23475372420247756,-0.19855820780270778,-0.5281744221986161,-0.3582124720965961,-0.2268174836105035,0.9718057041144437,-0.6725875757206023,-0.3681093196493286,1.0560027779605963,-0.817265983691598,-0.5025809128371025,-0.4633207753137839,-0.5388369384815194,-0.473627077695125,-0.615429857796,0.0,1.0,2025-02-21,5.065834633318289
0.523489932885906,0.5447761194029851,0.0,0.0,0.16666666666666666,0.5555555555555556,0.0,0.0,0.0,0.0,0.0,0.0,0.0,0.0,0.0,0.07692307692307693,1.0,0.0,0.0,0.1,0.75,0.33017847134356965,0.5352459016393443,0.4560254849127894,0.5926664536191447,0.863210161015286,0.4831755092815261,0.3730803084620242,0.08268453375003722,0.5915827696340805,0.48368767346262986,0.9531305522636542,0.9883260581576394,0.9961007537708859,0.9856867483658327,0.9941260236672633,0.9666261638316831,0.9873856323688752,0.7441731027444375,0.8197793590924902,0.3298143470529553,0.39637371450955916,0.9961007537708859,0.9087116062767109,0.9677771200955725,0.32285992917834916,0.5616955077692363,0.4277467045963831,0.19076703100303505,0.7547893649863993,0.29819733260542836,0.9020302230536146,0.36192035263960654,0.38404285974874797,0.553915916533003,0.5148102232477455,-0.2765702700775271,0.464722968492352,-0.1433590980944036,-0.5744052580818035,-0.3679816061752049,-0.5281220481557558,-0.33093964829908934,-0.6083802568316082,1.1592987110672754,0.8338212550778062,-0.5954384856335465,-0.07852022620842375,0.5429591202739597,-0.5882551951897019,-0.5179702383583205,-0.18084145223463996,-0.12058853969915379,-0.49057203884134026,-0.36966799985464704,1.6151207322588896,-0.14609129909560284,-0.18463210975500371,-0.5661463640071106,-0.31653559498658157,-0.17465090744529635,0.0539486538730048,-0.3047569133344236,-0.3463245750898789,0.1895194757405069,-0.33745875998443214,-0.14932679339642632,-0.36315321683608787,-0.3973772325815226,-0.30627659162882653,-0.3643742776513597,0.0,0.0,2025-02-22,0.0
0.2953020134228188,0.291044776119403,0.09090909090909091,0.0,0.0,0.0,0.0,0.0,0.0,0.0,0.0,0.0,0.0,0.0,0.0,0.0,0.13333333333333333,0.0,0.0,0.0,0.0,0.1651781713781062,0.2744430432955023,0.2894635376179645,0.46659711894197325,0.863210161015286,0.4831755092815261,0.3730803084620242,0.08565929975905931,0.6049110060261991,0.478821062631247,0.9262440678149533,0.9756943282671813,0.9974213832675876,0.9882438776605422,0.9962072749737949,0.9536831055740986,0.981770262162712,0.708994733875538,0.798008912527533,0.2864250202098384,0.39637371450955916,0.9974213832675876,0.9057441047253292,0.9722099889446172,0.32285992917834916,0.5616955077692363,0.4277467045963831,0.19076703100303505,0.690316564043568,0.04854214019351039,0.9020302230536146,0.36192035263960654,0.38404285974874797,0.553915916533003,0.5148102232477455,-0.5235794109867622,1.173253309460561,-0.524846236961946,-0.9213903819302284,-0.3481391325044129,-0.16390555219319317,-0.11604594147972588,-0.6885627707467342,0.9750064793372861,0.3654787174091974,-0.2844000057474535,-0.8208183161124668,-0.20035786193508626,0.9372446460979738,0.5725332779682767,-0.9371592238018043,0.03653727227884283,-0.2982414925468799,-0.025675951285024166,0.5481753777750289,-0.1628887537258673,-0.18217799066015275,-0.41177381667771484,-0.281867021801036,-0.19486080228723376,-0.3262762319626179,0.4227873738361769,-0.3175981947416215,-0.16562966379038196,-0.44452759433241895,-0.053273211429916964,-0.19788836709443,1.7165038232922722,-0.13674058634533548,0.28413704992051514,0.0,0.0,2025-02-23,0.0
0.6308724832214765,0.6119402985074627,0.0,0.0,0.16666666666666666,0.0,0.0,0.0,0.0,0.0,0.0,0.0,0.0,0.0,0.0,0.0,0.0,0.0,0.2857142857142857,0.0,0.0,0.3116168787053166,0.3896595208070618,0.5426710270571148,0.5199778143782494,0.8320144370837301,0.4247714113754215,0.3814887569156562,0.09506037507268718,0.6170391051522255,0.4163849686806149,0.889094858141636,0.9594145936525207,0.9935342277244565,0.9897196726402342,0.9978521523597763,0.9367197059301118,0.9733300672343894,0.6671719341475933,0.7706397223679807,0.2380518347803859,0.3307216294124591,0.9935342277244565,0.9127756661653486,0.960480290629028,0.32758032526276404,0.5580849876823645,0.42438581726298685,0.19076703100303505,0.6304489631680823,0.03535432258895966,0.8543263767056342,0.3130538941282631,0.3392046850955641,0.569580724276171,0.5294841122577629,-0.3604414570098174,-0.36154822890586785,0.6484492746487986,0.5861240827076528,-0.22387374506424138,-0.5002632154004667,0.12101651547811584,0.4416298337103863,0.16665843266369082,-0.3295188938377779,-0.35582037511583,0.14394467164973174,-0.13709914466846632,-0.44569465662326463,-0.5943939334896283,0.05870397705504467,0.01747794351871496,0.2981916100473343,-0.03662090773389579,-0.3273912859500776,-0.16890601824211432,-0.15141476565514275,-0.4036292554622183,-0.29169270418401855,-0.16295509165913646,-0.016579734810031374,0.10251915517157249,-0.1823010873140769,-0.07300460122078782,1.2932783705133406,-0.18413107841324206,-0.048157104525433946,0.8187893766321114,0.27065791008897877,-0.05842875131325596,0.0,1.0,2025-02-24,0.7449483159580383
0.8590604026845637,0.8955223880597015,0.09090909090909091,0.0,0.0,0.0,0.0,0.0,0.0,0.0,0.0,0.0,0.0,0.0,0.0,0.0,0.06666666666666667,0.05555555555555555,0.0,0.0,0.0,0.3824392110529977,0.48829340058848253,0.6933133717323181,0.767458117725144,0.802781381667657,0.4753079605873525,0.3116026685316218,0.1170894755029054,0.6299718964197265,0.4620754360746676,0.8516293103603765,0.9396652824219265,0.9859754991281857,0.98899118474157,0.9990881101441627,0.9167326955703663,0.9624781863257574,0.6214902196885932,0.7378732072885504,0.191418908167294,0.17465087378009092,0.9859754991281857,0.9237655061931473,0.9397481870264439,0.35308453471515366,0.4714743537136399,0.6556731201753876,0.15584701474042706,0.5698018758652625,0.07872436523545562,0.8029461722359965,0.24281185367372854,0.2753910687875054,0.5001122584303227,0.46410328578292054,-0.4114550488643586,0.5739145588893195,-0.11183962793514324,-0.5747762426735976,-0.45129819708512914,-0.33682232907277776,-0.15449264408864963,-0.638310499158542,0.9714621162773399,0.5014160307330942,-0.19792532227236173,-0.8619292155754462,0.10136957281355939,0.12211976866783641,-0.13203058958823757,-0.8456091517056011,-0.3774752991074416,0.12024463058691025,-0.005948080116067446,0.7585210029014406,0.15298546373371333,-0.18716883616300906,-0.6309576802042244,-0.32130058621795204,-0.16952186234281744,-0.19987176381172372,-0.7151224784562208,-0.3696131582899199,0.23092647629216193,-0.32795972397103923,0.09049028878303765,-0.26820662285701385,-0.4906656190765173,0.6578410949397819,-0.5854983827615712,0.0,1.0,2025-02-25,-6.145790209779733
0.36241610738255037,0.3731343283582089,0.0,0.0,0.0,0.0,0.0,0.0,0.0,0.14285714285714285,0.16666666666666666,0.0,0.0,0.0,0.0,0.0,0.06666666666666667,0.05555555555555555,0.0,0.0,0.25,0.18434980188767455,0.3185687263556116,0.37285628719866365,0.5337224523408596,0.8036271133734196,0.4089311855595592,0.31146463239822664,0.13184731314996911,0.6304415789950257,0.3963635706095542,0.838452802264106,0.9200163483468469,0.9769026205728029,0.990693180992082,1.0,0.8999835868574495,0.9525180075646187,0.5866422888997196,0.7033670154490719,0.17638808829149855,0.17400921133721403,0.9769026205728029,0.9287316685838807,0.9212289560106202,0.3684397548125993,0.4657392013846663,0.5737927135535688,0.07912344443807749,0.5023786328374416,0.12326543447427726,0.8494976972693022,0.22030871936563207,0.2554610080269732,0.4779107754774313,0.4435609351987003,1.1331492349528758,-0.706078737413072,-0.4472055341699426,0.5671450749415292,-0.034992038937003575,-0.4104278137298342,1.4954229211306245,-0.18528735408241692,-0.3092568231107573,0.03243035004518118,-0.5276852417280669,-0.17082950435783625,-0.8054954948805,0.1495993985212379,0.49348767661972875,-0.2125667447448613,-0.23807742378543592,-0.3790773552883309,-0.5114889793085353,-0.013673062744251414,-0.11695176972140074,-0.1858994265468113,-0.1067431187709442,-0.32097644958602506,-0.2000680504046173,0.15050945751421088,-0.7657632301604673,-0.3864699767525054,0.8120975568188432,0.1540367040407008,0.08099886235812263,-0.5651291912896709,-0.4835505745623056,-0.3976176372288935,-0.6228423452870676,0.0,1.0,2025-02-26,-0.0129337965807385
0.4093959731543624,0.3731343283582089,0.0,0.0,0.0,0.0,0.0,0.0,0.0,0.0,0.6666666666666666,0.0,0.0,0.0,0.0,0.07692307692307693,0.0,0.0,0.0,0.1,0.0,0.21764429284628312,0.3726986128625473,0.4074786002717623,0.42071252104868545,0.7049757470247728,0.43364950707908545,0.39210338310492365,0.14915407625404256,0.63652235812439,0.41877904109741015,0.8034600128789968,0.8886588032852796,0.9652033879213899,0.9886419607969383,0.9991907750350695,0.8668006236503816,0.9330471900888373,0.5165637153428557,0.6590850260652463,0.09192512631731387,0.08056324450679109,0.9652033879213899,0.9588948053767066,0.8789602009623456,0.4511428492862002,0.3696943872310098,0.7000916933113698,0.345110327225493,0.4782810969879374,0.11556573615685714,0.8011480003487366,0.1093278606051411,0.1524541671140091,0.3643413950107787,0.33770511366451583,-0.05859986686194495,0.6471288081078066,-0.5042051752439409,-0.8705969575183103,0.17458736625484508,1.0467789827578013,-0.30968382451265597,-0.6712655710886406,0.7150119183519796,-0.384627269177346,-0.38376118654978825,0.013687551993270085,0.7443415823752099,0.2044050909959981,0.11343886544275374,0.029368465110031782,-0.3664235807275292,-0.48378170718802205,-0.35899999858280746,-0.35792070062299564,-0.0738608020023518,-0.1779672705657935,-0.5953381696177281,0.036793981026670246,0.013747286621704711,2.5465551619117806,-0.44478159311804727,0.3528851850680794,0.2809318628365932,-0.5711928599246757,-0.25283884412849544,0.5100353066747825,-0.18625628084799076,-0.24130065361342176,-0.3081657281558008,0.0,1.0,2025-02-27,7.556717831385806
0.6375838926174496,0.6194029850746269,0.13636363636363635,0.0,0.16666666666666666,0.0,0.3333333333333333,0.0,0.0,0.2857142857142857,0.0,0.0,0.0,0.0,0.0,0.46153846153846156,0.06666666666666667,0.0,0.09523809523809523,0.0,0.0,0.39156443068987196,0.6966267339218158,0.636178934075345,0.7587359726643641,0.8019983533975834,0.6154507249919182,0.36815840828879054,0.1516692414423039,0.6715339945833847,0.58343685949234,0.7899233122471321,0.8669640266789038,0.960116544484725,0.9899538256782492,0.9997368307425916,0.8574195014876702,0.9250978808556773,0.5064408114241095,0.6212504238774514,0.1476305986433124,0.17739323863358075,0.960116544484725,0.9621614936194955,0.8682038142242696,0.5123373305181051,0.2986823379916026,0.6481581258693409,0.4120616656600849,0.46559807387538443,0.1782533521344186,0.8627231033253846,0.4320314309214467,0.44688927124272837,0.5109642238090617,0.4741989558242203,-0.49466006592798234,1.124238228569495,-0.5094918219656518,-0.7463185725155439,-0.11196189500384277,-0.7309918173741589,0.21461689043296184,-0.4973639799177214,1.0824493863444145,-0.5629510883728586,-0.4485904901445398,0.7394301748280188,2.2416869265057557,-0.41748383141489964,-0.8133437597167311,0.7182955856664337,-0.2576879819397278,0.785723676742472,-0.18570224429532403,-0.2743641172052055,-0.17420806233953146,0.21733257101663256,1.728746469035311,-0.15507420170869934,-0.16450876725227875,0.2343181941747555,-0.4920331826480371,-0.3779982970683875,-0.11666914189468357,0.16694540184699955,-0.2815003481755454,-0.12543149265772244,-0.49826416790267086,-0.34547315591360583,-0.44035398907637396,0.0,1.0,2025-02-28,-2.086249563022402
0.14093959731543623,0.1417910447761194,0.09090909090909091,0.0,0.0,0.0,0.0,0.0,0.0,0.0,0.0,0.0,0.0,0.0,0.0,0.0,0.0,0.0,0.0,0.0,0.0,0.058614927038130205,0.08058007566204288,0.13093703797163941,0.0985477943435883,0.8019983533975834,0.6154507249919182,0.36815840828879054,0.13979755099747376,0.7065456310423794,0.5695941452715776,0.7832853978509746,0.8434638528793981,0.9550297010480602,0.9945665221341677,0.9998213900449731,0.8494816288884524,0.9177374093434914,0.5003884650176823,0.589542427445419,0.2005645169893409,0.16161831445031627,0.9550297010480602,0.9646158451361604,0.8580761394070766,0.5123373305181051,0.2986823379916026,0.6481581258693409,0.4120616656600849,0.45382098098515633,0.2397699415196544,0.8627231033253846,0.4320314309214467,0.44688927124272837,0.5109642238090617,0.4741989558242203,0.7906961322525707,0.11148029549283497,-0.8338223205696462,-0.7110441694870344,0.009255834946915564,1.9452414079410432,-0.11652827705078925,-0.6762127192562205,0.20445405655408289,0.17363908218739363,-0.3700576583603001,-0.5918017909955797,-0.17160237050384144,-0.2582520943299588,-0.5635543464110391,-0.9960941617309178,-0.37044945041598665,2.330271746802451,-0.5680308887978613,-0.7969514511621081,-0.18850631565085882,-0.17762727652761723,-0.649478062472744,-0.289306756502807,-0.15835432475255604,-0.3373893770627121,2.4769614726180817,-0.3955623673581062,0.2941415479312142,-0.8188955118823229,-0.4766836213871286,-0.6052174719260142,-0.5130610107041625,2.588519741574592,0.7652552898700674,0.0,0.0,2025-03-01,0.0
0.4295302013422819,0.43283582089552236,0.09090909090909091,0.0,0.0,0.0,0.3333333333333333,0.6666666666666666,0.0,0.0,0.0,0.0,0.0,0.0,0.0,0.07692307692307693,0.0,0.0,0.23809523809523808,0.0,0.0,0.2411998510441771,0.38851408154686845,0.40490380213175897,0.44976277977851253,0.8019983533975834,0.6154507249919182,0.36815840828879054,0.12337984176034443,0.7480010782205513,0.5537968927210642,0.783112234866727,0.8232634797474407,0.9470646837107815,0.9991792185900863,0.9996046649380439,0.8427649674583444,0.91092215794332,0.49759427445602084,0.5635110793172409,0.24961079967412703,0.16161831445031627,0.9470646837107815,0.9627100634873464,0.846667480408259,0.5123373305181051,0.2986823379916026,0.6481581258693409,0.4120616656600849,0.44288510901565936,0.36671511606568274,0.8627231033253846,0.4320314309214467,0.44688927124272837,0.5109642238090617,0.4741989558242203,0.6377910092113374,0.17290887831412732,-0.744245519883118,0.4690157496219313,-0.12304173293377942,0.13161358765736508,1.6233815728241552,-0.36454694311541663,-0.05122934913765861,-0.44873031866442803,-0.7082235134627383,-0.05085463075775029,0.7067215179915258,-0.14927449131548773,-0.4895523129853803,0.12291187879078767,0.014416018360126976,0.18918358315113473,-0.04979083206190353,1.149108550062395,0.20179162805017528,0.3734534034344781,-0.12922990644222185,-0.2041486948029562,-0.10451826463569601,-0.1378757097208395,0.6546744997990831,0.261375609597395,-0.41192480519181496,0.27890280737734713,0.21460683736877811,-0.5481158908873665,-0.017891747526746864,-0.19334084588226574,0.27176586298359523,0.0,0.0,2025-03-02,0.0
0.46308724832214765,0.44776119402985076,0.09090909090909091,0.0,0.0,0.0,0.0,0.0,0.0,0.0,0.6666666666666666,0.0,0.0,0.0,0.0,0.0,0.26666666666666666,0.0,0.2857142857142857,0.0,0.0,0.19563374595249305,0.2757566204287516,0.36217773389537433,0.36896655563613123,0.6926043081848379,0.5067361039930405,0.4548147636717428,0.19215417653639358,0.7749559646445712,0.4437473600448819,0.7585600686158323,0.8030148239330837,0.9314975433324264,1.0,0.9978577074024955,0.8160008270286232,0.8932473035088648,0.4488806519606511,0.5310933157679414,0.19443212392736425,0.07287991907418984,0.9314975433324264,0.975174341249609,0.8118403889578722,0.6500839555796682,0.24490320635567034,0.5510154624153271,0.4120616656600849,0.4327303707582689,0.2762669444593538,0.809056610771977,0.30953787921135223,0.3315786507570178,0.36948530461039664,0.34195800710703816,-0.4442853430514306,0.17289141009818998,0.265110890843002,-0.23988953875980815,-0.4649969250897068,-0.3013207657448359,-0.22475732949104466,-0.14247431542461103,0.25896592597460144,0.3872799885445954,0.4264373888452191,-0.912032985461717,-0.1526388909069844,0.29908495418456726,0.272482649649836,-0.7550459475495149,-0.42389127130699344,-0.03513454873007323,-0.408221172579012,-0.6426819838276682,-0.1863324458504523,-0.17265958986243685,0.1118971654799233,-0.2715218450389569,-0.18352989614626855,0.4213516185571979,-0.1601381415705952,-0.32842702356973413,0.4213951298853152,-0.4454931255436102,-0.4345099372224875,0.3543098609299855,0.2148893239647665,-0.31824651341937116,-0.2894763774481707,0.0,1.0,2025-03-03,7.71096279422292
0.4697986577181208,0.49999999999999994,0.2727272727272727,0.3333333333333333,0.0,0.0,0.0,0.0,0.0,0.14285714285714285,0.6666666666666666,0.0,0.0,0.0,0.0,0.0,0.0,0.2777777777777778,0.047619047619047616,0.2,0.0,0.2984259109626838,0.43048549810844894,0.5644695921476843,0.5643398394768864,0.6178822042041894,0.5756293907544804,0.4587059549857617,0.23950651732000297,0.8065361579254335,0.4963834182335993,0.7392997451257317,0.7738976437385432,0.9120140282531537,0.997898471624401,0.995065517592888,0.7789549017292092,0.8691191671313838,0.38011851560192694,0.4887953497997467,0.1090671030767677,0.03537675641629573,0.9120140282531537,1.0,0.7611112968475373,0.7098030445868482,0.18472068563042557,0.7061633270254891,0.6754349593218019,0.46143233498977776,0.18391827127689905,0.7503783713093979,0.23828168046826964,0.26348379958899854,0.29775644867601647,0.27478051485627913,0.22549180568230817,0.29113215759824873,-0.46175888613848587,-0.6312974980765458,-0.008247900695098068,-0.13137054766004208,-0.16886816536441762,-0.6468731944940342,0.6176167568865706,0.751628911885304,-0.32585769518408003,-0.841800801543137,0.09768258090583104,-0.08776978922132576,-0.2856678811510896,-0.6876873951138274,0.022957806952714432,-0.37752554706229186,-0.3895750502971358,-0.6233840631002916,-0.2121126563814516,-0.1940872619971578,-0.24772144919922587,-0.32839743243521546,-0.2223560369372604,0.11244200520025105,0.6287244668447304,-0.28573857004670433,1.0650214705793035,-0.8044094646184304,-0.3780644784229986,-0.7281694935942308,-0.3571855753846094,-0.22745859390837825,0.6780915207724876,0.0,1.0,2025-03-04,0.3214629043308603
0.18791946308724833,0.1791044776119403,0.0,0.0,0.0,0.0,0.0,0.0,0.0,0.0,0.0,0.0,0.0,0.0,0.0,0.07692307692307693,0.4666666666666667,0.0,0.0,0.0,0.0,0.09511261676358344,0.1328604455653636,0.14545379617602114,0.24939926744429014,0.6852017342852701,0.46364921797590986,0.47306559807904014,0.28362546786792814,0.8174557550021926,0.39161583891623053,0.7134707273386462,0.7527704004165132,0.8926287326258056,0.9978883287035796,0.9929516919151933,0.7605811793168478,0.8537718117035027,0.35941196434074907,0.45002930967304156,0.1395829680680466,0.12888936444899612,0.8926287326258056,0.990337430005642,0.737233408276337,0.7483758088036208,0.14465703495637763,0.6084727652432663,0.6754349593218015,0.48808415891903567,0.14820601881019305,0.800910442818707,0.34240938455764336,0.3616085905198574,0.3766741251928847,0.348242443018402,-0.5013648252287667,0.19299377392518302,0.30099285636726447,-0.0407017758217836,-0.4871209033180472,-0.4918253249835227,-0.24633527232922142,0.7104758992876081,0.26301949709564937,0.08418402544817279,-0.5355929094447894,0.175760268263332,0.8602759548056663,-0.268657588275192,0.00201569411833334,0.0788407726511385,-0.2861255081216375,0.2667548070391216,-0.5642753392440556,0.15962081985084467,-0.13457453988091048,-0.19344225469104562,-0.7105576922499298,6.3718680398415035,-0.19701196009622762,-0.3813129991172975,1.1061909463258255,-0.37323485268583645,0.2389939428339283,-0.5283534830744909,-0.3571895188595458,0.08523438646757428,-0.4779199145582689,-0.13451802554743533,1.33711379090639,0.0,1.0,2025-03-05,1.1824916141245143
0.16778523489932887,0.1791044776119403,0.0,0.0,0.0,0.0,0.0,0.0,0.3333333333333333,0.0,0.0,0.0,0.0,0.0,0.0,0.0,0.06666666666666667,0.0,0.047619047619047616,0.0,0.0,0.18977279913177564,0.296448087431694,0.35042432515280275,0.44012647648078274,0.5765071127616785,0.4477629984730096,0.5289477068933803,0.36399103963651835,0.8348103797757944,0.3724374673235785,0.6636044100643765,0.722445064078924,0.8658668677889736,0.9902382515555335,0.9888170786115928,0.7240881545490394,0.8282695208077477,0.29854928396881497,0.40453260532997865,0.0814299802234944,0.04517599862598776,0.8658668677889736,0.9944619994748649,0.6907530808559272,0.7992966204154779,0.1058855548610598,0.5932466726087909,0.7509266877144595,0.5237620247644468,0.1313989314796555,0.7515340385047775,0.32667715428781335,0.3437330588243489,0.2137828617527917,0.1986755100182379,-0.6852513258655484,0.024349140896065352,0.618161803082603,-0.2964786731899004,-0.5224760397525151,-0.5018755317854176,-0.24263942039082417,0.4647228717118104,0.20010345362044926,0.2508816557478653,-0.1203619948947628,-0.8320407166102083,-0.011481831128486154,0.03399451421627435,-0.06280113037820069,-0.8771493320404656,-0.453883742257423,-0.2474787313328799,-0.5446091169993343,0.10282121421072782,-0.15967411606601012,-0.19300617962701683,-0.47819958374465354,-0.3077135888301009,-0.1825830307045553,-0.35292981081460867,0.8156090482795122,-0.4007810362735677,0.6955559951758099,-0.3142949588803885,-0.3663210737837491,-0.14974301979467017,-0.4390840686566807,-0.3761561257863271,0.21274539959524055,0.0,1.0,2025-03-06,4.548014501544517
0.10738255033557048,0.08955223880597013,0.0,0.0,0.0,0.0,0.0,0.0,0.0,0.0,0.16666666666666666,0.0,0.0,0.0,0.0,0.07692307692307693,0.0,0.0,0.0,0.0,0.0,0.05917999711384582,0.12680748213535098,0.10409049108586933,0.21968682014282379,0.6095824104118295,0.518732571677876,0.5297345864012311,0.3751012552224086,0.863458716553676,0.42737544714148823,0.6210525378297982,0.6995149042529594,0.8413591862773764,0.984189571967681,0.9854794178358031,0.6995832262063324,0.8080923267033739,0.2697778617880713,0.3612883267914652,0.1008909555778097,0.10841326350140035,0.8413591862773764,0.9816118926174013,0.6610565932010966,0.8296764195242092,0.07549831025078682,0.6268483303946238,0.8536267731806945,0.5717604596325749,0.188577057505903,0.8060732323425448,0.22650706317327735,0.2523549044993046,0.2450734721913036,0.22776411921989764,0.4818938337673311,0.6157367100158424,-0.9812572405334569,-0.9175669044942003,0.7529183022836894,-0.5565742213373517,0.11068467032271623,-0.6657981227326879,0.012313027283414109,0.9009120012531677,-0.25858339208911674,0.44706850279332977,-0.8279478886050002,-0.9522640189959958,-0.056821632148701916,0.8157742527493992,-0.5365500162149233,0.14475399969340408,-0.4018222585590893,0.09469415083905977,-0.17126655964685045,-0.18395135227970028,-0.10647693082847653,5.424376631964354,-0.17281386264067097,-0.3047140598497206,-0.36146480545974174,-0.3891909324948334,-0.10284183049646163,-0.607848604869641,-0.16418573418797316,0.7312338630394003,-0.4760659552770603,0.867687167370719,-0.182245049311038,0.0,1.0,2025-03-07,0.0612549937836659
0.1476510067114094,0.1417910447761194,0.36363636363636365,0.0,0.0,0.0,0.0,0.0,0.0,0.0,0.0,0.0,0.0,0.0,0.0,0.0,0.06666666666666667,0.05555555555555555,0.0,0.0,0.0,0.15808098851321442,0.2073455233291299,0.2721642361046426,0.3211076832311115,0.6095824104118295,0.518732571677876,0.5297345864012311,0.3466192800338712,0.8921070533315572,0.4189607709664729,0.6026926393105221,0.6764843672714802,0.8168515047657792,0.975994127284185,0.9821417570600133,0.6788482868394254,0.7894097395696953,0.2518118665967253,0.3224174238559953,0.13867695263666902,0.16409401857803807,0.8168515047657792,0.9610948932323939,0.6372939339368848,0.8296764195242092,0.07549831025078682,0.6268483303946238,0.8536267731806945,0.6163304348672656,0.18911876281640175,0.8060732323425448,0.22650706317327735,0.2523549044993046,0.2450734721913036,0.22776411921989764,-0.12535993859993055,0.5451092845999224,-0.35382744529881854,-0.4621147591598262,-0.38805729681522466,-0.5863901121508663,-0.22367751472132094,-0.06063525211124291,0.7009724936486056,0.152658031048841,-0.24237023016910145,-0.7552957396929538,-0.9478484141565384,3.8376033928959687,5.20853607089212,-0.6896356382392619,0.09276223195428261,0.35145216057520445,-0.4274780393628185,-0.5123768929268757,-0.21421028314557858,-0.15533153766175295,-0.6598654932141422,-0.34719331397925823,-0.21474543233229446,-0.3187670918699179,-0.6799503738106746,-0.3539222881815161,0.7665121232825358,1.5559515141187157,-0.42666245810565223,-0.3983100263421797,-0.5127810644198492,-0.44955682325449997,-0.5432889930599917,0.0,0.0,2025-03-08,0.0
0.261744966442953,0.2761194029850746,0.18181818181818182,0.0,0.0,0.2222222222222222,0.0,0.0,0.0,0.0,0.0,0.0,0.0,0.0,0.0,0.0,0.13333333333333333,0.1111111111111111,0.0,0.0,0.0,0.19059719070182732,0.2965636822194199,0.2943805496327483,0.39331542914735923,0.6095824104118295,0.518732571677876,0.5297345864012311,0.35473011893863504,0.9207553901094387,0.4107570341013108,0.6008571793192887,0.6651624412764896,0.792343823254182,0.9677986826006872,0.9783128137257613,0.66130333814435,0.7721110477792514,0.24251640246763373,0.28910860184243375,0.1867333723071179,0.16409401857803807,0.792343823254182,0.9332232308236943,0.6192234515352828,0.8296764195242092,0.07549831025078682,0.6268483303946238,0.8536267731806945,0.6577168404423357,0.2612034745970607,0.8060732323425448,0.22650706317327735,0.2523549044993046,0.2450734721913036,0.22776411921989764,-0.0033900811715344807,-0.009274138002657086,0.011171388923157468,-0.31851046514292497,-0.43560195197247864,0.38764822561999857,0.05723186286797949,-0.17710765705585493,0.33233371764207464,0.44056719968016733,-0.38736381250784174,-0.8254583211682034,-0.012898800209471501,0.26915036825126515,0.22085454371668523,-0.761132865643295,-0.33559514069410395,0.6046174113585846,-0.5060847917883226,0.8161802057266526,-0.13091695106446152,-0.1601048153984222,-0.732679125855491,-0.2338718394560212,0.2636325892861071,-0.20941746503555175,0.5487365950889803,-0.22969395319331656,-0.16371417532906615,0.449453513666448,-0.2493926749604498,-0.5114109009028222,0.8736168797886875,0.3825065404245325,0.14542666893509687,0.0,0.0,2025-03-09,0.0
0.22147651006711408,0.2462686567164179,0.18181818181818182,0.0,0.0,0.0,0.0,0.0,0.0,0.0,0.0,0.0,0.0,0.0,0.0,0.0,0.0,0.05555555555555555,0.0,0.0,0.0,0.19368699711871012,0.37635561160151326,0.31894189966021247,0.44913439201563443,0.44708824106667233,0.6112758123142183,0.6824562469753543,0.4676112175245761,0.9568157612590507,0.47925908891438274,0.5481995108145687,0.6230393101505864,0.7556978921139734,0.9539707184831627,0.9722108595808212,0.615144125822658,0.7392129801835932,0.16807212447111575,0.2447455743623988,0.09122495657591528,0.07692918490088002,0.7556978921139734,0.9217886943105409,0.5687974035484133,0.9835397336726854,0.04751173352293034,0.5416264136697563,0.8536267731806947,0.6961470741906151,0.20524943565808046,0.7448018397372849,0.14332851541600455,0.1674898507433289,0.09345276488708515,0.08669437385611822,-0.2361074858598007,0.9698435991252342,-0.6173282210918234,-0.7775676928785124,-0.2918148005767841,-0.09733041540505498,-0.179500296590958,-0.6784286893822061,0.9804572597490908,0.405280546811211,-0.36726356943406446,-0.5183406587283115,1.0590865021394438,-0.5706215045525912,-0.7587599616613425,-0.15590329201421796,-0.45479507267397473,0.04736033886693523,-0.5690387833890972,-0.5905278651059299,-0.21318807848696744,-0.19705051466878337,-0.7522464883534263,-0.33771572132515365,-0.2171162472675702,-0.38998651323537786,-0.8080154018690565,-0.37412532707520646,1.1987042882738248,-0.7346729683892781,-0.37967466756428103,-0.7253777190324936,-0.001550936148736773,-0.02624459358817938,-0.6345033865075107,0.0,1.0,2025-03-10,11.881409289530431
0.22818791946308722,0.22388059701492535,0.09090909090909091,0.0,0.0,0.0,0.0,0.0,0.0,0.0,0.0,0.0,0.0,0.0,0.0,0.0,0.0,0.0,0.0,0.0,0.0,0.17191701712181248,0.2078499369482976,0.2567798031049999,0.27696843619021866,0.40272683477644744,0.5865535484786603,0.6542661822455051,0.47605591698858624,0.9915068174028479,0.448062878243524,0.5097688274160284,0.5756510674677875,0.7149918877750849,0.9386050592959752,0.9654883665175831,0.567537652987359,0.704143307158521,0.09581229603174624,0.19205902961599713,0.01930970677953109,0.07533636202736971,0.7149918877750849,0.8988602457941592,0.5206998372724962,0.9902994804552656,0.021931039619268428,0.56391985300711,0.9439965962929264,0.7449160955098675,0.14146209193641557,0.6853289058090608,0.1908869493000711,0.2091001015692701,0.0374957427417314,0.03586376562187876,-0.9458262846004379,-1.9156429455135215,2.536615042163077,1.6253588595347035,-0.3825021079347794,1.4980086689185461,-0.39041416460289763,2.3093232030731543,-1.3718227395735427,-1.010909415646048,-0.4497906588938912,1.3567647272632024,1.9419482686584462,-0.48548415466915085,-0.15367740230011348,1.308137923183792,-0.2982481017842683,0.9523697307418878,-0.45750990583625833,0.31376589158677165,-0.1629315350410152,-0.17856066032757453,-0.7237278522693871,-0.19888293980545074,-0.15427977965814413,-0.3319000725478043,-0.10558884291673427,-0.3397373890685599,-0.21379188632061727,0.028615346330300266,-0.21528584336712941,1.262076101914028,-0.3870579200900347,-0.24082655932806038,-0.21539118876013919,0.0,1.0,2025-03-11,-1.9602229247619447
0.16778523489932887,0.15671641791044774,0.09090909090909091,0.0,0.0,0.0,0.0,0.3333333333333333,0.0,0.2857142857142857,0.0,0.0,0.0,0.0,0.0,0.0,0.0,0.0,0.0,0.0,0.0,0.1361009245962492,0.1396279949558638,0.25323684473476077,0.21982663257906318,0.4311559607772173,0.45495772523108546,0.6345383301139149,0.4161167153362275,1.0,0.33596314077517386,0.4703106652164264,0.5316369856238001,0.6781182487155544,0.9223219958921511,0.9589478421065749,0.5327336959496245,0.6746247568230039,0.058361822569383714,0.14099747070551327,0.03334959623561723,0.12601132097691942,0.6781182487155544,0.8619119384750427,0.48965197085739387,0.9826108609668343,0.016592074298913267,0.5050627158153208,0.9086309497997965,0.7850813530266478,0.09897565704031103,0.7352287014617866,0.12996717960184306,0.15421156134453923,0.0498289485951523,0.04847895319152379,-0.16507705171809747,0.5584409718057848,-0.3282934840343242,-0.9002272439826506,-0.4768442515291751,-0.20562408500704096,-0.07569492324729439,-0.6571250051319826,0.7182493111952049,0.943433246795958,-0.15200350068014842,-1.2365231695414063,0.24799048422136782,-0.019127833051857706,-0.21896820563498434,-1.128652076545008,-0.24729377296017174,2.2757651010563853,-0.49663336217434784,0.2083361818413023,-0.14704335330817686,-0.16308543980830206,-0.6765259769293309,-0.2668297745605983,-0.15882574143203396,-0.04995914726723068,-0.6556781163310768,-0.375010384892357,-0.3471125971848434,0.21256277288810804,-0.321661120547315,-0.5649980054323909,1.7535642789329546,0.3306653363868231,-0.4176182762528265,0.0,1.0,2025-03-12,-1.3992228211879063
0.09395973154362416,0.08955223880597013,0.045454545454545456,0.0,0.0,0.0,0.0,0.0,0.0,0.0,0.0,0.0,0.0,0.0,0.0,0.0,0.0,0.0,0.0,0.0,0.25,0.16426973543046125,0.325021017234132,0.3225932468142448,0.44025092491303974,0.34995093328711313,0.4285639193980346,0.6632589761526753,0.4176574560892521,0.9913094085199083,0.3159989065827743,0.4128943967344343,0.4909685669451793,0.6431380527727857,0.9018804233040214,0.9512315312211417,0.48763555523104696,0.6388567547047295,0.0,0.08625949608891925,0.0015853377617860986,0.08699344412362148,0.6431380527727857,0.860953803432329,0.433812036776156,0.973753573300856,0.0,0.5466492700778736,0.9937537389184001,0.8347017987057677,0.0719199838378381,0.6872489633505605,0.1730281808236243,0.18937951011715398,0.0,0.0,0.467747959018654,0.5593113578937189,-0.9193328842944365,-0.2985951223227957,0.8787751634047161,-0.5129932717970987,0.13048332513440225,-0.6678051789322584,0.3964854171699181,0.11639182986211241,-0.5804973791274798,0.4980278746885478,1.41113989217954,-1.6531931212919215,-1.467512816203429,0.7613881786105171,0.13194959673062767,-0.27120923053734824,-0.036479229279236074,0.03169511995345059,-0.15105724834888384,-0.17681206360631319,-0.02702220273216497,-0.28801422312527364,-0.16206913840685103,-0.3139423845415685,0.6576260064889696,-0.3266730052364541,0.14497135443284984,1.8342926616010484,-0.038740254425939764,-0.24631787676619707,-0.2642888774772461,-0.07273093367344508,-0.17996068295897383,0.0,1.0,2025-03-13,2.065955402997788
0.060402684563758385,0.04477611940298507,0.2272727272727273,0.0,0.0,0.0,0.0,0.0,0.0,0.0,0.0,0.0,0.0,0.0,0.0,0.07692307692307693,0.0,0.0,0.0,0.0,0.0,0.07773391496006136,0.11443883984867592,0.15609960703420628,0.16428268538207205,0.4725417576843576,0.40809015813943705,0.7764884610888572,0.4888039846348869,0.9793607339929942,0.3016014273635145,0.38258850702843183,0.4737185803318251,0.6165127987902093,0.8845178456563403,0.9446953852391822,0.47309949073341784,0.6184736224548146,0.016280282993707762,0.046343437038418256,0.12964679619158204,0.266895379877798,0.6165127987902093,0.8286525197385792,0.41574464585688986,1.0,0.07405860289579122,0.4731076292550841,0.7152661331557488,0.8404583024398968,0.13694157014529368,0.7337393065652682,0.3132495388374712,0.3276267835874047,0.21608178121783272,0.1950649726652991,0.2985923480999862,0.22013111135484223,-0.46862858124433054,-0.5215652956829485,-0.39586346878067225,1.073584413467158,-0.14713449297052225,-0.6805981076415109,0.4489759312474852,0.8218300499286467,-0.27063820486317147,-1.0437346366971287,0.39684882996139564,0.09881311575079363,-0.17217581577412097,-0.8859539495617249,-0.5912211964437927,-0.6461078790575281,-0.423114116243521,-0.1341624533342152,-0.2220104777427988,-0.2039957476124641,-0.73916442779054,-0.34382030480375214,-0.21262276327029297,-0.39480694989980175,-0.7479360716439303,-0.4054516506907617,1.0616694694958113,-0.4839457836890707,-0.4495394676038954,-0.06983769266689079,-0.5391920515125228,-0.43775797644285364,-0.5756439915960759,0.0,1.0,2025-03-14,7.980045439006922
0.4832214765100671,0.3582089552238806,0.045454545454545456,0.0,0.0,0.0,0.0,0.0,0.0,0.0,0.16666666666666666,0.0,0.0,0.0,0.0,0.3076923076923077,0.0,0.05555555555555555,0.09523809523809523,0.0,0.0,0.24259060983789438,0.23851408154686843,0.33413326513872355,0.29458326675598273,0.4725417576843576,0.40809015813943705,0.7764884610888572,0.5063416040372432,0.96741205946608,0.30435335551759823,0.38821743137965736,0.44847865684596044,0.5898875448076293,0.8677874865124782,0.9383254412862829,0.46079974385080735,0.5996003518530415,0.03650006910763681,0.019222418607378833,0.24019604032201683,0.16022497828728088,0.5898875448076293,0.7890039638175264,0.40336371165777507,1.0,0.07405860289579122,0.4731076292550841,0.7152661331557488,0.8458036273358744,0.18066224762718885,0.7337393065652682,0.3132495388374712,0.3276267835874047,0.21608178121783272,0.1950649726652991,-0.43315349230541855,0.26282297834459567,0.1770615700703795,-0.5227661810388795,-0.5030217586786376,-0.31536766050696163,-0.17705940729706562,-0.4874472541521604,0.284622538639145,0.5622427001926573,0.7928820624664513,-0.9256441655986407,-0.00013635512359372586,0.04086023903483301,-0.15561516541105713,-0.9697148442138066,1.1514097279115563,-0.5700901948675716,0.00923456922864958,1.7917108629286043,0.06934777198063241,-0.14172687036985093,1.2428541892128635,-0.20090547223677066,-0.12999334637904844,1.6031553696158807,1.4252980211389916,-0.19934556009837293,-1.6660637091405093,0.7869764175885363,5.10271008251188,0.3911241395480855,-0.2211432836303263,1.0268391028640769,2.487301495728955,0.0,0.0,2025-03-15,0.0
0.28859060402684567,0.2462686567164179,0.2272727272727273,0.0,0.0,0.0,0.0,0.0,0.0,0.0,0.16666666666666666,0.0,0.0,0.0,0.0,0.23076923076923078,0.06666666666666667,0.0,0.0,0.0,0.0,0.3471286819409441,0.4055695670449769,0.465171917595169,0.46177128529111716,0.4725417576843576,0.40809015813943705,0.7764884610888572,0.52080568435512,0.9647574955253639,0.30496856694915486,0.40365667011188755,0.4361393457575522,0.5653883754169104,0.8510571273686143,0.931734094295745,0.4503922657193691,0.5821251012958442,0.05957593560221375,0.003017111961294505,0.33450786963633944,0.16022497828728088,0.5653883754169104,0.7511109131783726,0.3930630995376445,1.0,0.07405860289579122,0.4731076292550841,0.7152661331557488,0.8507671433107102,0.26490620235443274,0.7337393065652682,0.3132495388374712,0.3276267835874047,0.21608178121783272,0.1950649726652991,-1.0129416286732278,2.1726296882174534,-0.9314478721831214,-0.8759768361335046,-0.5506145403678799,-0.8484198102367211,-0.4051344278233743,-0.4910626229988961,1.3584590335124198,-0.4668842479139989,0.20642858682021928,-0.1591724800489184,0.3348573831091556,0.3793086087851664,-0.10671396897220689,-0.1211756032969252,0.1639089435081172,-0.2902871771065001,1.715425605793115,-0.0546919367868912,-0.049357046463471776,2.516858126075197,1.5331653686644355,0.37067006699631794,-0.10980127667301912,0.1089419715386844,0.4763210425896686,0.18106438144393924,-1.4680845269966714,0.2817821373022043,-0.06842467602514232,0.896514185899251,-0.0459830047591958,-0.091911128400101,0.5816403692299321,0.0,0.0,2025-03-16,0.0
0.1946308724832215,0.1417910447761194,0.045454545454545456,0.0,0.0,0.0,0.6666666666666666,0.0,0.0,0.0,0.0,0.0,0.0,0.0,0.0,0.0,0.0,0.0,0.0,0.0,0.0,0.15770157273784155,0.2316204287515763,0.30165050149570877,0.2922971029634091,0.5103152249549483,0.43024466013293494,0.7910707215620825,0.5083597409431272,0.9575863669090849,0.3254336105440164,0.4211623655506669,0.4243576451967046,0.5454559067621876,0.8356361062111528,0.9256711324147116,0.44886508514498225,0.569868422850135,0.10137478524231747,0.0,0.44845396775430485,0.20405853576665317,0.5454559067621876,0.7138548751738298,0.38965624007284383,0.9581967000111553,0.08174169442077009,0.4927630631575468,0.7152661331557488,0.8553761224302012,0.3319264265642459,0.7818413127170993,0.6269582438292062,0.6353266063884151,0.2804358290855885,0.2545331813592358,-0.0052040620394773,0.5471437295534957,-0.46766372621805974,-0.9191782338382571,-0.41466054668825425,-0.08419460657242954,-0.1502687724236887,-0.633908837415668,0.8520450614650446,0.6401944476694476,-0.2718594167370665,-0.9270047111387575,0.20357027331675398,0.0045806311875778985,-0.1649108743006752,-0.8947846934891134,-0.5335101263647508,3.990944595560745,0.7824529301229796,-0.8149762020346093,-0.19358392114723666,-0.15492686789112012,-0.6861174303450558,-0.33045875935424923,-0.19708169471931947,-0.38992813172422264,3.68153114878954,-0.3962186108582398,-0.12042286152592376,-0.46065988489890697,-0.4548020947107743,-0.5939508586540082,-0.484520222236117,-0.45405451908025973,2.139916489482729,0.0,1.0,2025-03-17,0.9517594071967616
0.37583892617449666,0.291044776119403,0.5454545454545454,0.0,0.0,0.0,0.0,0.0,0.0,0.0,0.0,0.0,0.0,0.0,0.0,0.0,0.0,0.05555555555555555,0.0,0.2,0.5,0.2065294103976137,0.36082387557797396,0.3643618807937898,0.48000067601617524,0.4471927467928216,0.38221410981189896,0.8003729955319467,0.4570004394198085,0.9533347567406039,0.285638219998535,0.4426669309205957,0.40508414225481904,0.5211638077405816,0.8212464999413154,0.9187251968501418,0.4354088197836061,0.5519621470462432,0.11263028971999578,0.0002648531417736022,0.47681017014531546,0.22345363417850966,0.5211638077405816,0.6732590836769532,0.3817823696165368,0.9306026285450282,0.05899909551347879,0.5318545650287562,0.8136245499700677,0.8738962870357376,0.3423356510104877,0.7372333619868181,0.5975700128566523,0.606490014643337,0.24881415141188762,0.2229826392772027,-0.2892920921538901,0.5848071839974209,-0.23519805748585854,-0.8458694713133292,-0.4418576444798922,-0.28767380497573364,-0.10638113917891706,-0.613175809093381,0.5120472751986905,0.6782195627148867,0.35486693403264097,-0.9138215796181212,0.12590794549905504,0.12550306706846226,0.0021848710659868754,-0.876998199287814,0.03876252293086888,-0.38769266194342356,-0.5067451002611391,-0.6983760979849473,-0.12561730206913685,-0.1738001549380171,-0.5779931929238938,-0.260356620504709,-0.18080563999941898,0.19026941372012138,-0.493567852323862,-0.38024179459945706,0.8678643324437726,-0.6134899817953341,-0.4222484916757346,-0.21416915812665505,-0.5052210648792879,1.7683421151344478,-0.39453164951237824,0.0,1.0,2025-03-18,0.6014195764450614
0.4899328859060402,0.44776119402985076,0.5909090909090909,0.6666666666666666,0.0,0.0,0.0,0.0,0.0,0.0,0.0,0.0,0.0,0.0,0.0,0.0,0.0,0.0,0.0,0.0,0.0,0.29607364125103436,0.36153846153846153,0.4921522568859338,0.516052311360759,0.5104926297973869,0.3814019927093436,0.8171189894612492,0.35027271462248083,0.9450203713838259,0.2868214752907018,0.45105958610439156,0.3933234972998303,0.5079091847729895,0.8070454212363849,0.9132112072523331,0.4362209715899281,0.5419581912684901,0.15588165959341804,0.010769534324210461,0.565282358986915,0.3424456157529443,0.5079091847729895,0.6516886019636736,0.37703720852034994,0.9325913384600819,0.16311081033514283,0.47064870208101317,0.493457549695304,0.8447395873453747,0.4377108871253377,0.781782234023515,0.6521932171177143,0.6608821220345645,0.3070891198748794,0.278688993192234,-0.10424728010235143,0.4973769076385893,-0.3322989317551533,-0.796835329512527,-0.2128959556694708,-0.132815915264397,-0.13176556915637838,-0.6034978381200559,0.5849874397940352,0.7821878018562474,-0.16748640487327535,-1.1122321732562965,0.1755091972072619,0.028222515980206656,-0.22043089013270814,-1.0319011190912217,-0.5918310364415588,2.5307009375952454,-0.5341143085489292,-0.7131674973984712,-0.22285475899573293,-0.17929694248983602,-0.7793787226648361,-0.3579487165246863,-0.18619864820440057,-0.4029272262738526,-0.848833088740991,-0.40490643769158907,0.8707791010844043,-0.631126454561553,-0.3550495179148108,-0.7502433990712027,-0.520443470666383,-0.4614609198492259,-0.7070348763818688,0.0,1.0,2025-03-19,1.0762056176219392
0.7516778523489932,0.6194029850746269,1.0,0.6666666666666666,0.0,0.0,0.0,0.0,0.0,0.0,0.0,0.0,0.0,0.0,0.0,0.0,0.0,0.05555555555555555,0.0,0.1,0.25,0.5005725286764281,0.5861076082387557,0.7488564136522449,0.71485023168918,0.4975466643556459,0.3838107478047871,0.8092972155325966,0.3527445598169705,0.9081584448864302,0.29738090528036687,0.4565893024958916,0.3993122440465724,0.4871598652041378,0.7934230191361564,0.9077781258890347,0.43441342090181934,0.5313503733618141,0.18990165998975406,0.027269231278712724,0.6170793389155151,0.2594832466482935,0.4871598652041378,0.5983962566129684,0.38472044616568457,0.908555066320921,0.14029102877009655,0.425544586334033,0.49345754969530387,0.8176655090614664,0.47070144683461146,0.7370581334344868,0.7591174427240132,0.7712850310817826,0.3870594570116806,0.3520950492655557,-0.2591112195168333,0.5823272596694732,-0.261208517995984,-0.8241003407070839,-0.4773710099543833,-0.250880814662758,-0.13147626473308072,-0.4564756405095883,0.5707744196803249,0.7817486063025615,-0.010869165147731417,-1.1208922478413421,0.1915965940659761,0.05491921453123549,-0.23121247894888597,-1.038231145561267,-0.3481409857776833,0.5511346351105988,0.1623503465886619,-0.5231053536346861,-0.20311596443140267,-0.18626343201350282,-0.014308028628607715,0.6410043796490952,-0.1641520207840746,-0.07812753605131106,-0.6789116948116333,-0.28102636868701697,0.6178400081306579,-0.43488522516304023,-0.43450308910737906,-0.7130651660796147,-0.028856218308251438,-0.3335201854143569,-0.5683432288946602,0.0,1.0,2025-03-20,-0.4973254158786133
0.261744966442953,0.2462686567164179,0.7727272727272727,1.0,0.3333333333333333,0.0,0.3333333333333333,0.0,0.0,0.0,0.16666666666666666,0.0,0.0,0.0,0.0,0.0,0.06666666666666667,0.1111111111111111,0.0,0.0,0.25,0.09229348188559912,0.14142496847414882,0.17090709557011655,0.14861754692166818,0.5024222388185251,0.9999999999999999,0.8038392918137947,0.3146826834190384,0.9693535256410928,0.8035538694105142,0.4631972290314952,0.4111447684836289,0.46674283103967973,0.7788166300219785,0.9016935499714425,0.4338235039400198,0.5220348204058443,0.22420326305639854,0.048631955597420395,0.659095930756641,0.3510958241641374,0.46674283103967973,0.5360003326892304,0.39998692361910493,0.8731105623114681,0.12139621342167947,0.4601721736972869,0.5797542095620389,0.8050193824428284,0.6310383048687946,0.8266078581927809,0.5747227035703163,0.582925935894051,0.3010785371394649,0.2728778346643501,2.94892522697975,-2.219093532288465,-0.834276322487784,2.478054900989394,2.074001422366773,5.224239357426629,0.8487212897365125,1.0509148539765425,-3.4201067320170933,-0.684257997105991,-1.2345171176922285,2.5627378661881104,-2.3636658609498236,1.9719071062168188,3.1243781162109063,2.4466333639298115,-0.08143628824431261,-0.11016640094616995,-0.12573497660900515,-0.3069490698198906,-0.16347788345353229,-0.18860672408593995,0.6359659858399465,-0.3253946165075639,-0.1476147391792615,-0.36297551113769017,1.3843922965666422,0.64035162509297,0.06957814449399212,0.33650761090459413,-0.3580727024799838,-0.37289457599983394,-0.4156546737457615,-0.17709549838131117,1.522487943208795,0.0,1.0,2025-03-21,-0.348761150826582
