counts__tweet_count,counts__nlp_tweet_count,counts__tesla,counts__stock,counts__market,counts__price,counts__profit,counts__loss,counts__revenue,counts__inflation,counts__interest,counts__bitcoin,counts__dogecoin,counts__crypto,counts__ethereum,counts__spacex,counts__model,counts__cybertruck,counts__starship,counts__buy,counts__sell,counts__likeCount,counts__quoteCount,counts__retweetCount,counts__replyCount,counts__sp500_stockprice,counts__sp500_volume,counts__sp500_volatility,counts__sp500_volatility_std_10,counts__sp500_avg_volume_20,counts__sp500_volume_spike_20,counts__sp500_stockprice_sma_5,counts__sp500_stockprice_sma_10,counts__sp500_stockprice_sma_20,counts__sp500_stockprice_sma_50,counts__sp500_stockprice_sma_100,counts__sp500_stockprice_ema_12,counts__sp500_stockprice_ema_26,counts__sp500_stockprice_macd_line,counts__sp500_stockprice_macd_signal,counts__sp500_stockprice_macd_hist,counts__sp500_stockprice_rsi_14,counts__sp500_stockprice_bb_mean_20,counts__sp500_stockprice_bb_upper_20,counts__sp500_stockprice_bb_lower_20,counts__sp500_atr_14,counts__sp500_pdi_14,counts__sp500_mdi_14,counts__sp500_dx_14,counts__sp500_adx_14,counts__sp500_stoch_d_3,counts__sp500_obv,counts__sp500_stockprice_momentum_7,counts__sp500_stockprice_roc_7,counts__sp500_stockprice_momentum_21,counts__sp500_stockprice_roc_21,scores__neg,scores__neu,scores__pos,scores__polarized,scores__anger,scores__disgust,scores__fear,scores__joy,scores__neutral,scores__sadness,scores__surprise,scores__Extroversion,scores__Neuroticism,scores__Agreeableness,scores__Conscientiousness,scores__Openness,scores__arts_culture,scores__business_entrepreneurs,scores__celebrity_pop_culture,scores__diaries_daily_life,scores__family,scores__fashion_style,scores__film_tv_video,scores__fitness_&_health,scores__food_&_dining,scores__gaming,scores__learning_educational,scores__music,scores__news_social_concern,scores__other_hobbies,scores__relationships,scores__science_technology,scores__sports,scores__travel_adventure,scores__youth_student_life,binary__no_tweets,binary__is_trading_day,date,sp500_change_volume
0.14965986394557823,0.13533834586466165,0.07142857142857142,0.0,0.0,0.0,0.0,0.0,0.0,0.0,0.0,0.0,0.0,0.0,0.0,0.07692307692307693,0.0,0.0,0.0,0.0,0.0,0.0809976472979057,0.1435792349726776,0.11114874610548375,0.1291278677066076,0.3525343966760097,0.3097749593998918,0.0,0.3165543565522663,0.13330309441238297,0.4368332310498765,0.3670530020643419,0.37140938326805273,0.2907497881712562,0.001751753047241067,0.0,0.31637052954996836,0.23694694718577303,0.7432108119667263,0.9235627441326235,0.2187773785655615,0.31087544835420167,0.2907497881712562,0.19006832540300422,0.38221494496629926,0.14736505803282307,0.3210914654287434,0.47486275618502327,0.07748066514070959,0.8596740195496364,0.05894339514512933,0.1785001645238573,0.3474466369073762,0.35603885128998713,0.5590703802224318,0.5379659167172597,-0.8173791842244785,-0.38862989689185995,1.0892077069086707,0.4999445734826594,-0.29484146553176244,-0.5330187272681336,-0.24716835996294903,-0.32498069270987157,1.0631001887571174,0.05054999112682367,-0.44336088196627377,-0.2869712379497456,1.5575959117044111,-0.8853323168616007,-0.6795819687004024,-0.011007279324256294,-0.19188496240279707,-0.47714889790182463,-0.37322953541918696,0.39140046224354774,-0.002236878490969908,-0.12176885968313246,5.33782962223276,-0.11569108240236672,0.07233613279477968,0.1271631544711818,-0.20335529652604428,-0.34710821552728743,-1.4531566692839597,-0.5799017090577213,0.341932079786691,0.698882885969651,-0.3692876382474368,1.603998427367676,-0.04093773659594989,0.0,0.0,2024-07-20,0.0
0.34013605442176864,0.3157894736842105,0.07142857142857142,0.0,0.0,0.0,0.0,0.0,0.0,0.0,0.16666666666666666,0.0,0.0,0.0,0.0,0.07692307692307693,0.0,0.0,0.0,0.0,0.0,0.12036414185826172,0.21335645229087852,0.18476844034749898,0.19163521864635175,0.3525343966760097,0.3097749593998918,0.0,0.3364469847705107,0.1424018853018758,0.43420440687581374,0.32790333750224576,0.36106814553049027,0.29293426319257954,0.0104588438766271,0.006261904139011065,0.3033998748577247,0.23265105554222565,0.6923533814457095,0.8767300851755995,0.1915393267665818,0.31087544835420167,0.29293426319257954,0.18404398510417153,0.38996268573399995,0.14736505803282307,0.3210914654287434,0.47486275618502327,0.07748066514070959,0.7711140181518061,0.02364450302458277,0.1785001645238573,0.3474466369073762,0.35603885128998713,0.5590703802224318,0.5379659167172597,-0.7387585626769674,-0.7906475062756367,1.3585765482012613,0.4351379148854366,-0.43854821804930494,-0.345485538849234,0.6744019814766227,0.7719146799801722,-0.15571438205899252,-0.8151175484350571,-0.4142818213449447,0.9050216864007612,-1.3583277411287282,2.289969967216016,3.152643877824177,0.7765965997593759,2.0947639474195814,0.06858576349460822,-0.4610911021711563,-0.24346373916823957,-0.16262496785959982,-0.1521779913127946,1.273094287107632,-0.22339944191866032,-0.19155234606854146,-0.29209886408368824,0.7819780757363967,-0.370098881320613,0.1970869343895175,0.3341210263646466,-0.23369018513108986,-0.646958084810401,-0.48012977041373855,-0.3719939210693903,0.020134648561847213,0.0,0.0,2024-07-21,0.0
0.3945578231292517,0.3684210526315789,0.14285714285714285,0.0,0.0,0.0,0.0,0.0,0.0,0.0,0.16666666666666666,0.0,0.0,0.0,0.0,0.0,0.0,0.0,0.0,0.0,0.0,0.23641856370050368,0.5094052122740648,0.3030505232863705,0.3323767310412963,0.41825796251112113,0.2501678137808368,0.03910622432242816,0.36272608241142534,0.14391595142134062,0.36517519935867093,0.32214437005982877,0.3544452918001113,0.2969804061976671,0.021439832871699593,0.013498731246791351,0.30514897988582756,0.23555479398016388,0.6877042544905188,0.8380780528932434,0.24097009418020002,0.42982390681496585,0.2969804061976671,0.1810479948220518,0.3984800177442107,0.16868787969342425,0.30549050707293207,0.4571357128714445,0.07748066514070982,0.6888797311395354,0.1425176596562949,0.2159949405303463,0.4186533255607816,0.42749263312618135,0.6102473255805523,0.5883373262099,-1.1337480782504847,1.2666466484207708,-0.026712395087558502,-0.6860630209778019,-0.5025140802977741,-0.8347628737947455,-0.44567915599525204,0.7534483064597518,0.1367547886396423,-1.3828636339273541,1.0298713860969024,0.14220187502210732,-1.0134120739262173,-0.346037999448987,-0.5117846211724549,-0.1097784075490916,-0.2744329555668612,0.08075622800117618,4.646844312166776,-0.7380565122064756,-0.16550052992435388,10.137718786119095,0.17776709060743337,-0.2649063013139258,-0.09338887811575165,-0.3402975876882094,5.248360006349262,-0.3527082657956965,-1.838339099217529,-0.7395300752125914,-0.3830786505608702,-0.6832906507154968,-0.49155855571440776,-0.3524911691394852,3.3671654872169587,0.0,1.0,2024-07-22,-10.24818046200443
0.14285714285714285,0.13533834586466165,0.21428571428571427,0.0,0.0,0.0,0.0,0.0,0.0,0.0,0.0,0.0,0.0,0.0,0.0,0.0,0.4444444444444444,0.0,0.047619047619047616,0.0,0.0,0.04490915370284394,0.06571038251366121,0.04158064718265373,0.06837130058706704,0.4086667037583416,0.2695058386822365,0.040081036788849445,0.3706856024542727,0.1881274855054027,0.37582170391544323,0.32483569883328656,0.3466952356653543,0.2983476288018636,0.031863541889430635,0.0205932846002721,0.30477209611348854,0.2372392127538756,0.6772697010988733,0.8044947681414389,0.2715975864525103,0.39873314064689647,0.2983476288018636,0.18050381855421804,0.40102349930798553,0.14571148008138324,0.34355936212166455,0.40719793566401086,0.015095398502213364,0.6036431527559876,0.24404326081795094,0.177111209906891,0.3456315331358254,0.35589162646593464,0.5615954538634408,0.5399992148198353,-1.2879896542021858,1.32554524168868,0.06623047201763262,-0.6494942492816798,-0.4578885865717111,-0.9059768355382566,0.5216000534776575,1.6588735416679157,-1.0730162606624964,0.513509267709835,-0.6605580228302759,-0.19722197737143204,-1.409622467373442,1.5068730732337041,-0.11389909716016752,-0.27998366223062676,-0.48826368962381583,1.194594075813157,0.6738684293898508,-0.4506023318738094,-0.1740681143095126,-0.1651637219303679,-0.5808060161359077,7.967317106376517,-0.19329675630004123,-0.2735389532111206,-0.34346718049219527,6.75415649618143,-1.8419850827721949,-0.24081909230880355,-0.2800294519769147,0.18376118960205876,-0.45543517525849697,-0.42655420368202296,-0.1694863638175916,0.0,1.0,2024-07-23,3.704395024857932
0.13605442176870747,0.14285714285714285,0.07142857142857142,0.0,0.0,0.0,0.0,0.0,0.0,0.0,0.0,0.0,0.0,0.0,0.0,0.0,0.0,0.0,0.0,0.0,0.0,0.089708157925601,0.20480243799915931,0.16424174989175236,0.19826030559746755,0.2663891633252655,0.33838527569406857,0.2561641567467927,0.5792550891227175,0.2472466960352424,0.43685671031997997,0.30604047505794973,0.32222416409365184,0.2903218513119121,0.03706084720274028,0.026588036833326,0.27690784691200143,0.22390205807193908,0.5883544976567981,0.7549475390714206,0.17513675894144304,0.23397372428556173,0.2903218513119121,0.2056165126953502,0.3704291611638748,0.2556101263731496,0.2219042719376782,0.8253317761502034,0.5705102091896062,0.6035192608158018,0.23800721174103553,0.13328021023504988,0.2643830803261278,0.271769991036672,0.3826822451123064,0.36514266905865256,1.0935806018511132,1.0272918888937932,-1.8892488490642934,-0.5051890987974553,4.474628357999462,4.094457504281342,0.4784972575774145,-0.7927318954937398,-2.320003370756833,-1.727981135255382,-1.3401086010398182,3.6966957836270313,-2.012770464855338,1.1386156974938686,1.792856851500172,3.3751542154501153,-0.5952019569647745,0.6475288420024164,-0.5582556497415039,-0.7295199722041481,-0.2327245928705923,-0.19726626024189406,-0.6439863991917062,-0.3483810490728326,-0.22986920741326192,-0.3229184331862111,-0.8058862813764989,-0.4115413014918533,1.0695773453443858,-0.8977624802774644,-0.4789652937767836,-0.06888613346133936,-0.5397812230221296,-0.41367629174497367,-0.6609664580116748,0.0,1.0,2024-07-24,12.723236605803656
0.2380952380952381,0.18045112781954886,0.07142857142857142,0.0,0.0,0.0,0.0,0.0,0.0,0.0,0.0,0.0,0.0,0.0,0.0,0.0,0.1111111111111111,0.0,0.0,0.0,0.0,0.0812407003950356,0.11989281210592687,0.11332894132949006,0.13402401362990246,0.23551358554591495,0.43838836903565076,0.26392485796354315,0.6534160641661722,0.2920708193296999,0.5328847921948855,0.28050879737815837,0.2920611520635781,0.27805425668793937,0.03879049145313651,0.03229561338749676,0.24735280320667474,0.2083200933002427,0.5011505833563923,0.6930656723207882,0.10060571986961714,0.1206296431236894,0.27805425668793937,0.230701889576288,0.3331697160535807,0.31216934196913737,0.15095499256258388,0.8029350594768198,0.6646254507296707,0.6167949247248623,0.11345596832129451,0.08226648332421238,0.29017464284858696,0.29578408857581706,0.35080005287761906,0.3340305690103565,1.8064377869949515,-0.7969737256021902,-0.9972698168535153,1.3120010557748298,1.0396185733937122,4.0308796322969345,-0.32280485105417767,-0.6653669958928996,-0.8139047304405193,-0.22425464087188796,-0.34709237019485556,0.5311910132523593,-1.0761259208210805,1.1726473848552537,1.3531809098349048,0.39795296872572894,-0.2797719309004936,-0.6512970282064575,-0.49727839257789513,1.8549372692770683,-0.11940380631927361,-0.18023890404125834,-0.7569691731927016,-0.259286875454153,-0.031670879618091306,-0.2872726881991731,1.001110526846003,-0.2813045992048602,-1.7019778135721457,0.22560933449745274,-0.014275739154394477,-0.15288461130787998,6.317632496734,-0.020195833329202117,0.7086702632296059,0.0,1.0,2024-07-25,16.38732242653116
0.17006802721088435,0.15789473684210525,0.0,0.0,0.0,0.0,0.0,0.0,0.0,0.0,0.0,0.0,0.0,0.0,0.0,0.0,0.0,0.0,0.0,0.0,0.0,0.1292380931276561,0.44758301807482137,0.2511881838160868,0.248100517170115,0.30175679493363816,0.2909365091640244,0.2798138225599307,0.6490560342854205,0.3049817227481486,0.3701944263194721,0.2694301067715985,0.2650054376279538,0.270159962798024,0.04285295951288681,0.039464997479399244,0.23516956819537604,0.20082817196040814,0.47049388608420356,0.6357402302486821,0.12813754322238635,0.27447926722312044,0.270159962798024,0.23424642318640743,0.31819611628822564,0.3497415215379136,0.0974986343644264,0.6888137978327368,0.6646254507296707,0.6291223269261328,0.08046055103739802,0.12268947293932442,0.45285042363068667,0.45984952069932694,0.38473878288884716,0.3678025093069572,0.15086017376618932,-5.2917708872892915,4.365840246964067,5.195408309103108,1.792160771246315,1.664939221555457,-0.7420167949574127,6.2298059072829775,-4.880799293915028,-2.6434685372438,-1.5484175998343213,2.8519581261659765,0.39814681388701706,-2.6264490181758076,-1.7439180039230557,2.0477579921191285,8.566100540704248,-0.7695216554226045,-0.4122593643493932,0.48116180011651954,0.09661320908090801,-0.09662963662931538,-0.29542645072696944,0.6870881593319776,-0.10440470878457545,-0.20105511748926988,0.017812497687964543,-0.32623304964283184,-1.2927464991832198,-0.11949477012721928,-0.0331470291784494,-0.7516036373245231,2.7051808578135033,2.794662426230559,0.26938469086938827,0.0,1.0,2024-07-26,-20.760563748334103
0.29931972789115646,0.2781954887218045,0.07142857142857142,0.0,0.0,0.0,0.0,0.0,0.0,0.0,0.0,0.0,0.0,0.0,0.0,0.0,0.0,0.0,0.047619047619047616,0.0,0.0,0.16076613881753074,0.4140710382513661,0.2602680025584269,0.28211814598378254,0.30175679493363816,0.2909365091640244,0.2798138225599307,0.6855853789172527,0.3178926261665973,0.36706953600862824,0.24401180526452038,0.24821167078554307,0.2622656689081051,0.047143916287982535,0.04681636633744901,0.22486067703196966,0.19389120775685775,0.44751230037790224,0.5840177049741515,0.16199270958958334,0.2157704706004414,0.2622656689081051,0.2358379854666115,0.30461819381249633,0.3497415215379136,0.0974986343644264,0.6888137978327368,0.6646254507296707,0.6405692003987411,0.15502678399207306,0.12268947293932442,0.45285042363068667,0.45984952069932694,0.38473878288884716,0.3678025093069572,1.017556322628337,-0.9422667769026567,-0.14169450836189013,0.21893349405165782,0.2869420420193107,-0.6197263006227599,2.672428400038993,0.20395256263863576,-1.6793409960678158,0.8157330269739366,-0.9418871757167268,1.4461241714186066,-0.6580357555458388,-1.567095214768452,0.6497180113649618,1.7650947429834543,1.1698355512209722,-0.5168174071750489,-0.04934560454584082,-0.23675801115022438,0.11018390495535987,-0.07524120770950145,0.03237786221517665,-0.09499810073895112,-0.006622886621283155,-0.20574608969510916,0.6234086181587123,-0.28696124338307427,0.37308210037151834,0.47828339457354513,-0.01787198764626103,-0.46806831377191294,-0.31419742583033394,-0.05320990804982853,0.025750232632353664,0.0,0.0,2024-07-27,0.0
0.15646258503401358,0.14285714285714285,0.07142857142857142,0.0,0.0,0.0,0.0,0.0,0.0,0.0,0.0,0.0,0.0,0.0,0.0,0.23076923076923078,0.0,0.05555555555555555,0.0,0.0,0.0,0.027728158866033262,0.03726355611601513,0.025324587713341024,0.06160675580766245,0.30175679493363816,0.2909365091640244,0.2798138225599307,0.7065820981423936,0.33306006721743886,0.3634394221601285,0.22068613091200184,0.23709689388953592,0.25395798801206304,0.05143487306308003,0.05488797404169077,0.21613776912447236,0.18746809275357101,0.4308058771315585,0.5383781894240777,0.19874879819041197,0.2157704706004414,0.25395798801206304,0.23496104580209654,0.29215291731643767,0.3497415215379136,0.0974986343644264,0.6888137978327368,0.6646254507296707,0.6511984400518773,0.22923505465786173,0.12268947293932442,0.45285042363068667,0.45984952069932694,0.38473878288884716,0.3678025093069572,-0.5222961414785868,-0.3447355547991597,0.778078143128676,0.797565658987837,-0.2551071945425413,-0.35062750653000546,0.6984624170855097,1.0999943602865108,-0.208133165151857,-1.77619348071726,-0.3982275471743845,2.033859419189308,1.2223822156721802,-1.4110624987920075,-0.6842866669979639,2.1669432185398727,-0.10050544272900828,0.9010642632239348,4.009113466349018,-0.2666385051265642,-0.11117644462006797,-0.10907414204070642,0.3111301764808872,-0.2410243682334881,-0.10191337935731037,0.6688487914946886,-0.10388466583714993,-0.21800980847159462,-2.201019673758783,1.422320296493267,-0.26637933611571113,1.9565738990389505,1.1880321853855844,-0.029537529710475168,-0.02259984105464428,0.0,0.0,2024-07-28,0.0
0.5102040816326531,0.481203007518797,0.21428571428571427,0.0,0.0,0.0,0.0,0.0,0.0,0.0,0.16666666666666666,0.0,0.0,0.0,0.0,0.0,0.2222222222222222,0.0,0.0,0.0,0.0,0.39003012085635547,0.6556221101303068,0.669774940851902,0.5936686145956899,0.3066685608628461,0.2509086690897842,0.2784644302639723,0.6834700268205693,0.3379825395337628,0.3197514031281825,0.22947431640767757,0.23170656069762163,0.2456729521081602,0.05589576668494978,0.06303244135664698,0.20970777928445994,0.18203503778809704,0.4219480755859385,0.4996071178904648,0.2402508092432426,0.22417907177747498,0.2456729521081602,0.2313913316088705,0.2816476992603789,0.32172526726382644,0.10944422225741712,0.7143158261672325,0.6646254507296707,0.6610684483012184,0.23473740967493675,0.16023746091586322,0.36295048192482454,0.3700205944082018,0.3833448886920543,0.36657274592657124,0.6783363906767839,0.18168989740657263,-0.784010960417983,-0.828091251759823,-0.4569155383739286,-0.4038346161123839,-0.21420683456941805,-0.6896724147940457,-0.2699242107653637,-0.11974125993975693,2.505215241930676,0.18648428486510882,0.4025343890236462,-0.2401880762302037,-0.14921152023159148,0.02710056380720748,-0.5075919714933593,-0.7239311968801825,-0.5650354587188161,-0.829286768079624,-0.22932179924522728,-0.19260481994983644,-0.7983958239122656,0.9722673983783987,-0.2303389324987179,-0.36509348299143973,-0.27901753056337375,-0.4201464894434613,1.32313806291077,-0.6320951288340585,-0.507363276639258,-0.06736313464467707,-0.4300678480565364,-0.4577905503145499,-0.2508620632160803,0.0,1.0,2024-07-29,-7.112293439816197
0.3537414965986394,0.3233082706766917,0.14285714285714285,0.0,0.0,0.0,0.0,0.0,0.3333333333333333,0.0,0.5,0.0,0.0,0.0,0.0,0.0,0.1111111111111111,0.0,0.0,0.0,0.0,0.19179208015509566,0.31121269440941574,0.3703943940417782,0.2380847567553036,0.27668858496523274,0.31243059314824845,0.2866663783561507,0.6254480955081129,0.35276635914465126,0.3814867300599659,0.23845790491204077,0.22279286297285505,0.2312508023816111,0.05879123414424825,0.07073219501776506,0.1984628077184638,0.17386545554242616,0.3998635004459404,0.4629568996235531,0.25306589159742776,0.170019897211466,0.2312508023816111,0.21540221308266183,0.27034651705910306,0.35687946478845123,0.05372597857379824,0.7925684434462944,0.8276885417863362,0.693434054986025,0.21814219748282454,0.11827065763107392,0.33280921845927797,0.3393222777327398,0.3476697870783387,0.33209844968655716,-0.791172932662657,0.27045948834520106,0.5036992162967181,-0.7980543830439747,-0.45138978807711794,-0.5771717000349734,-0.3274006026357388,-0.6880218914845068,1.514717528766956,-0.682186041929535,0.13243302537661159,-0.5599983530498696,0.8009639092662721,0.24063533185324404,-0.8880130050939362,-1.5205025657164783,0.13934115448018333,-0.6096945436820299,0.02637076388009825,0.1685625741933814,0.020148159457143135,-0.13932988327068752,0.07898701992047909,0.05122490662297024,-0.11163125138668052,-0.23994905662865662,1.312931964227067,-0.31012506257957423,0.24101692438447928,0.23365057248583052,0.07789423816158648,-0.5738374595819038,0.30120340057638006,-0.3769084461888025,0.5510374423019976,0.0,1.0,2024-07-30,11.768447648943624
0.17006802721088435,0.10526315789473684,0.07142857142857142,0.0,0.0,0.0,0.0,0.0,0.0,0.0,0.0,0.0,0.0,0.5,0.0,0.0,0.0,0.0,0.0,0.0,0.0,0.08682167944987956,0.17101723413198824,0.1597249860421215,0.16543730950564717,0.37167262024049474,0.4313958703889877,0.3441358796777092,0.5426420958970537,0.37037277559819515,0.5020031816204308,0.2537121857464699,0.22504206218366107,0.22670511441605257,0.06441682964973872,0.07912920706059623,0.20733701854073505,0.1762460851572616,0.43742391610980325,0.4432176828009933,0.35524923431316924,0.2636767360647706,0.22670511441605257,0.20701621327668995,0.26917601764036725,0.42489566190426853,0.21361960008572672,0.6556809463075702,0.43648111867487766,0.6678268826161133,0.3370466592953188,0.16878214797282354,0.6835602545776869,0.6972598862270649,0.3807171833854952,0.3653647518217266,-0.7653502755138792,0.898403685859074,-0.054933929668559284,-0.9001041217544173,-0.133171751797267,-0.7447174312523009,-0.36293257726372175,-0.609358228147545,-0.7469190087323111,-0.7844150664094676,3.5959426312404106,-0.10370569525449508,-1.4698911713534477,0.9651220336461238,0.2930176370603803,-0.9672218670567776,-0.6066350943616353,-0.0198616107757022,-0.58191407951831,-0.8169646848219511,-0.22321134657808886,-0.19459655084525143,-0.8265255594805138,-0.36732545050175974,0.08192871367061572,-0.3947136548748994,-0.8178230790051777,-0.4294499052994512,1.2715384152947562,-0.8670289679934764,-0.49155068134942226,-0.204075796069239,-0.2770834329441153,-0.40175864944786066,-0.6686903865408185,0.0,1.0,2024-07-31,20.36058595880077
0.23129251700680273,0.20300751879699247,0.21428571428571427,0.0,0.0,0.0,0.0,0.5,0.0,0.0,0.0,0.0,0.0,0.0,0.0,0.07692307692307693,0.0,0.0,0.0,0.0,0.0,0.35202963118300434,0.5183690626313577,0.6098760246832875,0.4071126852856869,0.2880170304801739,0.4556337483566623,0.39874424164391375,0.4687938214560834,0.4039594017380126,0.5175245922382935,0.25071443488459977,0.20973563624754288,0.2143863813373894,0.0653985873132914,0.08530152104152755,0.1986499995490787,0.1696914297902179,0.4215682581308224,0.42338182828064397,0.35466530893033593,0.2516589036759628,0.2143863813373894,0.19034752999235494,0.26167523085700584,0.5407314021061107,0.12412991446967325,0.7772580026934436,0.6898078563714243,0.6800920949291913,0.34611439435244573,0.11652977081971017,0.6055339503461714,0.6170109840035305,0.3507314458403219,0.33527129979133496,-0.15038935815368967,0.5640195746722175,-0.340727660569414,-0.900243798937106,-0.4650367724361282,-0.19117037811911133,-0.09207329031953422,-0.6657196602745592,0.7794910441626477,0.9027413526359384,-0.18754838870073134,-1.2687577278458761,0.3111252558254076,-0.021282900282136107,-0.224681969185128,-1.1525817767276287,-0.6108565756873487,-0.6208665421641771,-0.5684737966357867,-0.8076160744189422,-0.20116944879590176,-0.19663169851193688,-0.8228644016790851,-0.11475451513355973,-0.22077185791338313,-0.39687256559854694,0.04161379722540757,-0.4220469023456431,0.10281768616677604,-0.9216004885321583,-0.479004284807286,-0.6546702844621377,5.379501977197649,-0.17301046346083168,2.278732184245791,0.0,1.0,2024-08-01,3.4465164254405822
0.11564625850340135,0.10526315789473684,0.07142857142857142,0.0,0.0,0.0,0.0,0.0,0.0,0.0,0.0,0.0,0.0,0.0,0.0,0.0,0.2222222222222222,0.0,0.0,0.0,0.0,0.03751362680945383,0.038724253888188315,0.06197128713374329,0.05314183365201407,0.17725732997203547,0.5256716417910448,0.48809975982512355,0.3749824659209047,0.452704430727207,0.5747680712303956,0.2235510595840111,0.18253949763313493,0.19475541982032496,0.062061803599762655,0.08981313589150552,0.16985604337101545,0.1520254966252903,0.3489133032469277,0.38898022792891096,0.2666529813874417,0.2051257531862276,0.19475541982032496,0.18641483163843908,0.2335495079709995,0.6339291786877006,0.058380030868038,0.9602434169484314,0.9286316600662623,0.7254610457037578,0.3325439960420054,0.05924691842704899,0.3438651409041181,0.34719697747612716,0.20116531562862733,0.19218980126836382,0.057113536234920645,0.3508946750454913,-0.3517625100171842,-0.6448833760307605,-0.35699954523080374,0.33779477210421865,-0.18067190690676632,-0.5061735599250757,0.8264950469208671,0.3336353736383681,-0.4136288349433738,-0.7276469924992094,-0.07670235936540215,0.30967723817998305,0.35234863569255764,-0.7133032921570457,-0.25808060155182827,0.10134807842432689,-0.5068804530184281,-0.7257423200850189,-0.2017876811613164,0.02284649967298078,-0.6870352294963086,-0.114771194772775,0.19734263376336428,-0.35184951958778093,-0.03945896809459755,-0.40846694444278997,1.0006475997957769,-0.10645133934683697,-0.4616399911036754,-0.26019748514272484,-0.4123822553586691,-0.4176026983666475,-0.4708387980520312,0.0,1.0,2024-08-02,9.627265808037212
0.1292517006802721,0.12030075187969924,0.21428571428571427,0.0,0.0,0.0,0.0,0.0,0.0,0.0,0.0,0.0,0.0,0.0,0.0,0.07692307692307693,0.1111111111111111,0.0,0.0,0.0,0.0,0.02844623835201677,0.036706599411517445,0.029877481157569632,0.059840850054270936,0.17725732997203547,0.5256716417910448,0.48809975982512355,0.45157984481594576,0.5014494597164014,0.5600640862694901,0.19531603195652458,0.17206437445567424,0.1751244583032605,0.058806932698223235,0.09470562710085773,0.14549192660496146,0.1356681511022071,0.29441263346122776,0.3475568486540156,0.22422445670540408,0.24213557914788258,0.1751244583032605,0.17425180326700485,0.21130553281760722,0.6339291786877006,0.058380030868038,0.9602434169484314,0.9286316600662623,0.7675893571372838,0.18347392372695873,0.05924691842704899,0.3438651409041181,0.34719697747612716,0.20116531562862733,0.19218980126836382,-0.9695110354636024,-0.8092470758498277,1.5884876950458267,1.3065560216363084,-0.17298307497873963,-0.231200215112687,-0.27596458747968167,-0.4958818172084283,0.9922723361964086,-1.4570259174449627,0.6927984939880847,0.4786913051337094,-4.549999781811928,4.1653590285495765,4.572183158649814,-0.11690715177040954,0.02612635713307794,1.7410165426121371,-0.23577985694085607,-0.08262794257869627,-0.05609924576239824,-0.11785297353960361,2.495980581771087,-0.15781073705554363,-0.03292052676882772,-0.13488411281645452,0.5324453233734574,1.980424170038652,-3.1175398679821718,0.3740869215103103,-0.1947793890975714,1.6956436190300848,-0.3761268151832047,8.886323056296646,0.1571112240298634,0.0,0.0,2024-08-03,0.0
0.040816326530612235,0.03759398496240601,0.0,0.0,0.0,0.0,0.0,0.0,0.0,0.0,0.0,0.0,0.0,0.0,0.0,0.0,0.0,0.0,0.0,0.0,0.0,0.039936320845221605,0.08257671290458175,0.029086017225913276,0.06932230216310853,0.17725732997203547,0.5256716417910448,0.48809975982512355,0.4895063471175222,0.552866114108967,0.5451216449266211,0.17362205522480334,0.16521787046225,0.15433442980266499,0.055552061796683816,0.09875234426979418,0.12487613549522347,0.12052246080305729,0.2547564966702486,0.30430260827765315,0.21316162828499574,0.24213557914788258,0.15433442980266499,0.14881952421922584,0.1967177749297795,0.6339291786877006,0.058380030868038,0.9602434169484314,0.9286316600662623,0.8067085034684152,0.13873822315020415,0.05924691842704899,0.3438651409041181,0.34719697747612716,0.20116531562862733,0.19218980126836382,1.2887709968478225,-0.9421599600398614,-0.3933972137876949,0.6347459480466208,-0.13505551082904582,0.522117464275108,0.7607162286126049,-0.026003031328786227,-0.1103948700607409,-0.01233998754341594,-0.6983812144801438,-0.0841360543603215,0.4757239387315146,0.14235030805791526,0.292146699056474,0.22695930071689566,0.8605527445090436,-0.12244668860825654,-0.21744678796870198,2.4759717676812696,0.32071376722508954,-0.07894890912260132,-0.17118449122974136,-0.14009177951307816,0.13332987222451953,-0.03889858036877975,-0.021788758489693243,1.2912761619229236,-1.9238507858265599,1.7106087583618192,0.703204439076758,-0.6539970687128227,1.1065261494165557,2.8933778535486407,0.40816871810010247,0.0,0.0,2024-08-04,0.0
0.040816326530612235,0.03007518796992481,0.0,0.0,0.0,0.0,0.0,0.0,0.0,0.0,0.0,0.0,0.0,0.0,0.0,0.0,0.0,0.0,0.0,0.0,0.0,0.007210250927866144,0.03781000420344683,0.011969057260326713,0.015516783665623812,0.0,0.5530167813780837,0.6983294713521331,0.718611646876803,0.5960985097010028,0.559336419292949,0.09253027803797487,0.1297542265805074,0.11921429366168468,0.04616445734126273,0.10016968124340941,0.0731144675462092,0.08793940344910922,0.12823578421363918,0.2374261544487476,0.07042633606303272,0.12964425824660736,0.11921429366168468,0.14519299143399778,0.14396404731942347,0.855916887263477,0.0,0.7873726423369919,0.9286316600662627,0.8430334250616083,0.13415265349060468,0.0,0.07455900085444839,0.07079707001063862,0.0,0.0,3.7748490494859652,-0.9370339141685088,-2.704149690466846,-0.4885086056233562,0.09870623699376088,-0.9179365108676326,11.501539373712745,-0.7895838100569973,-4.335441640304288,-3.1895506117198758,-1.429658626784642,1.3625143067688141,0.6146168502188091,1.3470024498997293,-1.6288396710647453,2.48898278551396,-0.4244811949315691,-0.18755347635660014,-0.42832761611711945,-0.1697899162794759,-0.17331345213197713,-0.18361093250726315,-0.7287865360904948,-0.29460942927422207,-0.1289889011052382,-0.3070746473263599,-0.756722487046422,-0.2359186319202961,1.0244865065120545,-0.527411769942024,-0.26804732052906555,-0.6952172111692595,-0.12498215148068156,-0.41712127733369386,-0.554401778402981,0.0,1.0,2024-08-05,3.4287154922475693
0.21768707482993196,0.21052631578947367,0.07142857142857142,0.0,0.16666666666666666,0.3333333333333333,0.0,0.0,0.3333333333333333,0.0,0.0,0.0,0.0,0.0,0.0,0.0,0.1111111111111111,0.1111111111111111,0.0,0.0,0.0,0.2668138208952159,0.512358133669609,0.4976038739957807,0.4379446268410953,0.05940627753179051,0.45355656948418527,0.729481960684756,0.8593628076927338,0.6109526264343961,0.45977756318797913,0.042651833323355426,0.10127224179012106,0.09378072230036061,0.03723882021404634,0.10246823249258874,0.04081736203691033,0.06398988646048487,0.06720862467747013,0.16835810722620875,0.05718381227920527,0.13386412187312646,0.09378072230036061,0.1355222494452839,0.11079471346839576,0.9024573772335738,0.14297329066499392,0.6632489868699482,0.5607286867645278,0.8244185140001017,0.17320530828446548,0.052103183675500375,0.20670143020275183,0.2048513610943904,0.02024186490660801,0.022395141849032296,1.1577332228970627,-0.21217466768280738,-0.893392868332692,0.43560143553184755,0.5330898995169999,2.0932431105888702,-0.04420893273212881,-0.7011160669369536,-0.2995482469503719,0.4522086788169436,-0.35748564063249955,-0.5050234531237798,0.04392673957360839,-0.739612923661547,-0.7131929666137492,-0.4009112803409983,-0.5082144347348478,1.6362463144362425,-0.4044410874468395,-0.5584289049783193,-0.20949405894365883,-0.17491888839201986,-0.4174675569923352,-0.3194831098422985,-0.19936098369441113,-0.07171037103865999,-0.6329343577059683,-0.3691664644751766,-0.20902654712806024,-0.7160491692585451,-0.4468856857884617,-0.35207965923171314,3.28251284479173,-0.25914555145880996,-0.486082702548459,0.0,1.0,2024-08-06,-12.057563399428116
0.040816326530612235,0.015037593984962405,0.0,0.0,0.0,0.1111111111111111,0.0,0.0,0.0,0.0,0.0,0.0,0.0,0.0,0.0,0.07692307692307693,0.0,0.0,0.0,0.0,0.0,0.06333005983635398,0.20803909205548549,0.11946250453736901,0.16877925674018168,0.014569465593600839,0.43315134173691133,0.7317267221836592,0.9154652505866889,0.6293888836816945,0.43579149554497965,0.0071564878748775484,0.06752085873575187,0.0685772383237433,0.02623374141412782,0.10383568230725793,0.004808504190861207,0.03711988539906663,0.0,0.09596000943156396,0.03706225413316755,0.11129492887459974,0.0685772383237433,0.13835856407456504,0.06904989112459514,0.9574476859858023,0.13456269313595187,0.5649093869174245,0.47948551315924776,0.7955739694567747,0.18093212895963368,0.0014656065153664244,0.0,0.0,0.06410797743665148,0.058237854215515195,-0.1598061192093158,0.6170581909283712,-0.37715244662096603,-0.9129438504963943,-0.48359268936662675,-0.09772332524590925,-0.08370817414746229,-0.6858168130147603,0.8110127104501544,0.8546012376644432,-0.21264594857962577,-1.2458828592359292,0.2027218855226163,0.019989505153815503,-0.251331710107447,-1.1319890311517298,-0.235331902080648,-0.7456860632647462,-0.4553284608936738,-0.8320026200044547,-0.22999438258855848,-0.1936379393927379,-0.687782921715651,-0.3779327468573452,-0.23621172084342515,-0.39459653292633423,-0.83633042999392,0.786014047190987,1.0326623488000846,-0.7310664002755883,-0.48430077376301156,-0.07803816012023844,-0.5011409589910705,-0.4819230289904398,-0.6669841969408175,0.0,1.0,2024-08-07,-2.812892441457593
0.07482993197278912,0.06766917293233082,0.0,0.0,0.0,0.0,0.0,0.0,0.0,0.0,0.0,0.0,0.0,0.0,0.0,0.0,0.0,0.0,0.0,0.0,0.0,0.08715493837736521,0.16885245901639345,0.16748551005672913,0.17768607538787756,0.14711152188039733,0.34940994509318696,0.855062007649839,1.0,0.637967141116452,0.35425088042968844,0.0005792556017496509,0.04876908875309649,0.055015455652903,0.019814341051420215,0.10848989943282383,0.0,0.02611772780657695,0.027728930780195227,0.04511466152995597,0.1672929821024084,0.3400569638830795,0.055015455652903,0.12393844498668649,0.057983276644797854,0.9999999999999998,0.08719517415707762,0.4828023426478447,0.47948551315924787,0.7687897495236853,0.28584678715221346,0.04608845362460112,0.31961158536098444,0.32178228915008994,0.25086860413683704,0.23685575211440063,-0.5956059892901571,1.3070568937619107,-0.5603664290561825,-0.8691978814891688,-0.50647752334008,-0.4381529560079831,-0.22843461719553815,0.04757094384816262,0.3339328443067794,0.252065871055942,0.23254681369873784,-0.596690602722743,-0.24011408382632934,-0.16124850094112353,-0.4397104624733697,-0.654138694970201,-0.2752465203564689,-0.28433068094833625,1.0183704920559993,0.0030956958340438976,-0.09109951958164902,-0.14498375968484528,-0.5312484724027974,-0.24203485626661045,-0.0195994205741217,-0.32952783206015784,-0.4505825340299679,-0.29439038488163793,0.26298408286857067,-0.5256336574786168,-0.09523521700223897,0.12291614456247119,-0.2671796940968585,-0.4012379388321822,-0.04730488330690529,0.0,1.0,2024-08-08,-11.877997305989563
0.26530612244897955,0.2706766917293233,0.0,0.0,0.16666666666666666,0.2222222222222222,0.0,0.0,0.0,0.4,0.0,0.0,0.0,0.0,0.0,0.0,0.0,0.0,0.0,0.0,0.0,0.12105676481572664,0.23672761664564942,0.18595337814532115,0.24834078788632336,0.17460239435760005,0.2720098986930632,0.8608024902356519,0.9894548922435928,0.6297935942583988,0.28227001129425733,0.0,0.03677151862464534,0.043268588863941915,0.01487654778631331,0.1138357980909781,0.001253578921701859,0.018808905514230645,0.07088250754735087,0.015446051527241211,0.29525168835908344,0.37948567729687355,0.043268588863941915,0.10620997712874747,0.05214105475694453,0.947939946872264,0.1404414341560059,0.4483092385943962,0.3357626772818487,0.7234698185554407,0.36633008404177747,0.08515203848502928,0.523991631197745,0.5322365123312562,0.32448060847190935,0.3073039767357734,-0.17136284458750406,-0.21253791715713086,0.33994715656839697,-0.14836397717227542,2.485418749178737,-0.2997193810001845,1.1195394636799527,0.15482264168837523,-1.6038433629163833,-1.1978084919856924,-0.5676896485645437,1.5154157217061033,3.12300949202198,-3.4459019273918994,-2.734113986052408,2.2377384273380163,-0.1580712607587219,-0.5564599942704288,-0.5081716341224382,-0.18628156972318313,-0.20376487454359218,-0.17547212432060547,-0.11956847302573101,-0.3421378788447447,-0.2151437359053627,0.12206930070879998,-0.6049003951051569,-0.39955186458819125,0.6830497661905485,-0.25870228804921613,-0.37480005370860503,-0.582592614106514,0.6113159469916948,-0.039254913054089374,-0.5479714125991374,0.0,1.0,2024-08-09,-12.458331569919569
0.6190476190476191,0.4962406015037593,0.0,0.0,0.0,0.2222222222222222,0.0,0.0,0.0,0.0,0.0,0.0,0.0,0.0,0.0,0.0,0.0,0.0,0.0,0.1,0.0,0.25514943414623076,0.48404791929382096,0.47963165878307623,0.4346883705612925,0.17460239435760005,0.2720098986930632,0.8608024902356519,0.9362020290331371,0.6216200474003455,0.28377812746457687,0.03809486545006191,0.013611051560622478,0.03152172207497994,0.010265994616553087,0.11842995191049255,0.002314299547759191,0.012041477465761119,0.11028345994637584,0.0017616077277478048,0.39183470495592976,0.31509329628070726,0.03152172207497994,0.08636919373752683,0.04780838437820556,0.947939946872264,0.1404414341560059,0.4483092385943962,0.3357626772818487,0.6813870255134993,0.47813921505003393,0.08515203848502928,0.523991631197745,0.5322365123312562,0.32448060847190935,0.3073039767357734,1.7494886529671467,-0.16120383898035945,-1.4857772137823941,0.9770932862042951,-0.4136570325015299,-0.2522906955406161,2.0987918775661405,-0.6967550635527356,0.23106973377763046,-0.954886509106811,-0.3475749055613711,1.0208297630119685,0.09010330027676532,-1.2295285989733087,-1.4062910329478326,1.2667857793001065,-0.4206578691038432,-0.8130049843797315,-0.37147099735237243,-0.46594662512933716,-0.2087684247284095,-0.11694350068532415,-0.47733653108193974,-0.34965447997347215,-0.21690761545896675,-0.1540750282638351,-0.6838448235272588,-0.409094681525239,1.2756766160467599,-0.16000670822986066,-0.4149118178378243,-0.6909604944451194,-0.40313958384546383,-0.4583052753524024,-0.5561442953794472,0.0,0.0,2024-08-10,0.0
0.19727891156462582,0.15037593984962405,0.0,0.0,0.0,0.0,0.0,0.0,0.0,0.0,0.0,0.0,0.0,0.0,0.0,0.0,0.0,0.0,0.0,0.0,0.0,0.09057692276510868,0.11433375367801597,0.11466178465519666,0.10084649221556484,0.17460239435760005,0.2720098986930632,0.8608024902356519,0.8499051853631537,0.6263473615146684,0.28290481275829327,0.06322843012421409,0.0002821180156038494,0.015435860823523662,0.005655441446792864,0.12198059392721916,0.0032118323851912933,0.005775340383845418,0.14629530832593113,0.0,0.4638774664962104,0.31509329628070726,0.015435860823523662,0.04455115905337337,0.05234383314115654,0.947939946872264,0.1404414341560059,0.4483092385943962,0.3357626772818487,0.6423101462602678,0.4973460782004783,0.08515203848502928,0.523991631197745,0.5322365123312562,0.32448060847190935,0.3073039767357734,2.199672278832239,-0.998937444790532,-1.1901152237135186,1.8724983629485463,1.5244189068995473,1.1829505494639871,-0.5531121983842207,1.0865525529358466,-0.8477537456144811,-1.8159978243471293,-0.7009717573809191,1.8550519751781913,-1.2642761558185815,1.3438111550677403,2.6850426242994048,1.759695058862598,-0.390848128739686,-0.7110364803741739,-0.5203821513375968,1.101256897159409,-0.07530615253322147,6.626304351575949,-0.7322141948092161,-0.22759719829200487,-0.18554479544390748,-0.12310764793744865,-0.6161477073637776,-0.3815355642776703,-0.22851449531868348,-0.7426004334477485,-0.014606918854398897,-0.7647246291771373,-0.42838548000404747,0.04273536844003381,-0.17136834345744212,0.0,0.0,2024-08-11,0.0
0.26530612244897955,0.2556390977443609,0.0,0.0,0.0,0.0,0.0,0.0,0.0,0.0,0.0,0.0,0.0,0.0,0.0,0.0,0.0,0.0,0.0,0.0,0.0,0.1456859831813959,0.28558217738545605,0.22553560712678836,0.25714511343130103,0.17485681443377565,0.24784471425257132,0.8586872679512709,0.7769497800411183,0.6216592129400262,0.2606961939590298,0.09820002951080475,0.0,0.0,0.0010536906805125312,0.12553500993236,0.004020539717769722,0.0,0.17938350419685878,0.007030892192177229,0.5170054279361231,0.3153743299155104,0.0,0.0,0.05985681802775833,0.8761704249630391,0.16264625728685006,0.4812964214734782,0.33576267728184855,0.6060244726679815,0.49752383216553925,0.12247995775036191,0.7864126745829574,0.8159964186972875,0.2568770188178506,0.24358347141895145,-1.660214707843541,1.9420306400212644,-0.1133688529171776,-0.618405606581453,-0.34270077172512575,-0.16928434223100944,-0.34041274882111056,0.27535440650203835,0.6626613347614455,-1.1073586393438977,0.06658889344953012,1.1850119448199652,-0.7969920781878564,-1.0665156628079477,-0.8719025231952232,1.1201960846283936,1.6555345439052758,-0.6958106719934095,-0.1161175014085432,2.013507928858412,-0.018696834829264913,-0.16496863190685357,3.131137494919433,-0.24741442465653857,-0.13341628025568047,-0.17736132612874986,0.3680283158342613,-0.275306287508484,-1.3269661093408758,1.6490141193287695,1.3985471467833877,-0.5336237450373896,-0.4511144524548459,-0.3651645029173024,0.12683115051043678,0.0,1.0,2024-08-12,-4.443180525537482
0.5578231292517006,0.5413533834586466,0.3571428571428571,0.0,0.0,0.0,0.0,0.0,0.0,0.2,0.0,0.0,0.0,0.0,0.0,0.0,1.0,0.05555555555555555,0.0,0.0,0.0,0.3322250465216708,0.5556431273644389,0.5083038792458625,0.49895994703962954,0.2744652451912719,0.29251566004176016,0.9166167026032102,0.6615463615891496,0.6117315855013858,0.3052643596070548,0.12598614877876724,0.011424256042285919,0.0005331736653371166,0.000539282706530031,0.13056698647145382,0.02398931377773561,0.005081705589898178,0.26526442660898103,0.03456221901547901,0.6408776270265839,0.40794110769162895,0.0005331736653371166,0.0013892081612407736,0.059704252163398586,0.8773558068187193,0.3149604105302661,0.41126394663769106,0.003837504763908199,0.5251043551244086,0.5672943391353008,0.16301636995716606,0.8458447459413705,0.8767654120428874,0.36963686797161344,0.3528680533666735,-0.2620589121739635,0.060481019894051594,0.1916198024879124,0.37778221653557287,-0.22562984239241646,0.6404057558537736,0.23119502163195232,0.8321196835035698,-0.44260862078043395,-0.28713261427771125,-0.6478251967469145,-0.06468254376244433,-0.8555686739761098,0.563627573938799,0.42967514579905786,-0.18638097745028856,-0.29591539369464764,-0.555446371926898,-0.42281575284534006,0.6653521417571835,-0.1073042458929701,-0.17916122658188308,-0.6239875925013908,-0.30766623989542824,-0.2085463395594622,-0.2896728615794334,-0.7461449605378508,1.310075584127619,0.29263136887456814,-0.33189806522229676,0.06902097905308299,-0.5540382975793539,-0.4309329276759877,-0.3929565316465517,-0.5545835820169259,0.0,1.0,2024-08-13,8.595424027427256
0.6122448979591837,0.5338345864661653,0.07142857142857142,0.0,0.16666666666666666,0.0,0.0,0.0,0.3333333333333333,0.2,0.0,0.0,0.0,0.0,0.0,0.0,0.1111111111111111,0.0,0.0,0.0,0.0,0.20252808730670468,0.41275746111811684,0.25198021227265877,0.3273058427789408,0.29745326043919107,0.2509210424561132,0.9116373379432725,0.3976467128369696,0.5711577601328282,0.2727809329570503,0.15278983168941895,0.025550153936514164,0.004622359986192315,0.0,0.13507104533189107,0.04533651567213237,0.012193889193177654,0.348758183037871,0.07788497225989921,0.7362960292583746,0.4447335087455532,0.004622359986192315,0.011446366010044784,0.058961074685406345,0.8204301287583018,0.3575253758026385,0.3835372067691871,0.06667509459043343,0.45890477148626796,0.6531257282517907,0.200565246651367,0.9461122601355938,0.9876135669006603,0.5402904587691228,0.5195777793697237,0.9217827733131252,1.1261346267308137,-1.8140296322757141,-0.22524892451919654,-0.02622653333130811,-0.21414768863663214,-0.7270769210034866,0.5633980306071845,1.3399488879484411,-2.1841443663574927,-0.6742266312801294,2.1503074137830174,-3.819516754391596,-0.7537490946427553,-0.3549731063952092,1.1413626879534264,-0.3209326577806722,-0.3028270992266503,8.996514837341202,0.18752864180353848,-0.14818364235421927,-0.09138617360849441,-0.38670511689863557,-0.21418283282845263,-0.16442452860831697,-0.30468818434422895,-0.5493813728059491,0.8931473541604076,-1.962417791351911,-0.19930263261904638,-0.07658401972567552,-0.4046028617214338,0.3020006571810215,-0.24694293588821326,-0.36839387995764217,0.0,1.0,2024-08-14,-7.37000476845584
0.0,0.0,0.0,0.0,0.0,0.0,0.0,0.0,0.0,0.0,0.0,0.0,0.0,0.0,0.0,0.0,0.0,0.0,0.09523809523809523,0.0,0.0,0.008096365121204964,0.014564943253467843,0.01140791949423084,0.01866046555391641,0.3948162044521899,0.3040120640321708,0.9577104543933459,0.37041247777521497,0.5739877214359357,0.32383067148404576,0.20083622587927863,0.0719505051747138,0.010766035507348448,0.0025001068529544312,0.1409051426441419,0.0822492831049777,0.028973379484886763,0.47094699237859144,0.14371124912008204,0.87227172966311,0.4508874407986353,0.010766035507348448,0.03673264063660575,0.05057216054914537,0.8241853537816175,0.5173634450640514,0.33235952810192615,0.3316361410994972,0.4351323586830397,0.8220989025368313,0.24192738865645147,0.8941059036789191,0.9225955931280972,0.6727098496836547,0.652261752325112,0.003756417913895699,0.31041801969513305,-0.26779729402695396,-0.7083400560038234,-0.043951990337892946,-0.3701423737682552,-0.159159453473667,-0.2748614708427938,0.3560685105476009,0.5952417394184962,-0.1713412999728506,-0.8130027371675463,0.1038637412449148,-0.018136603879132792,-0.023292729693710542,-0.7163305329015904,3.349855876580723,-0.48535831331025986,-0.27024757389539095,-0.4966337900120756,-0.12981225659541124,-0.1246797369436622,0.413503789550786,-0.18519614768345588,-0.10749271427762477,-0.20620113876812105,1.9875185720517186,5.523396099792563,-2.143219499960929,-0.21222664344851672,-0.35845668561724686,1.8304014852632553,-0.3818021112826339,-0.18192110464976366,0.44858392820441517,0.0,1.0,2024-08-15,10.155471072913125
0.10204081632653061,0.08270676691729323,0.0,0.0,0.0,0.2222222222222222,0.0,0.0,0.0,0.6000000000000001,0.0,0.0,0.0,0.0,0.0,0.0,0.0,0.0,0.0,0.0,0.0,0.11382008449837938,0.23365910046237914,0.21790605289259746,0.19649103941447876,0.4070181048783299,0.24746268656716425,0.9526992546374955,0.3232674145056709,0.5645786189628161,0.2706264911405811,0.25154483874419764,0.1128032125903351,0.017715266504811922,0.005232141152125891,0.14692073594697064,0.1158454868156431,0.04578751297865047,0.574522220009551,0.22279236917697326,0.9523630352826855,0.5298645743433404,0.017715266504811922,0.06427047683424725,0.041843648969730474,0.757457570827061,0.5320287212240011,0.31235229744093473,0.3768203841353197,0.4194867845960719,0.9178832015955986,0.2792278687639511,0.8715037491914683,0.897070693066917,0.6169066704447019,0.5952235124917025,2.333744847610952,-0.7524357174482106,-1.524386874654661,1.7617175397427745,0.4208935841577951,0.7046497583344565,-0.32451640072601406,-0.7494341471201215,1.208304618676685,-0.911161202245944,-0.7314092032924809,1.4051368896367487,-1.243627719609693,0.16527552585990601,0.35181796695440265,2.4344848152086005,-0.4718822389549893,-0.044087754424276496,2.7325694286089397,-0.6995027274016279,-0.16250630838298585,-0.17794674993544782,-0.5680394724627371,-0.34598689222887824,-0.2170717057087948,-0.3545279944720589,-0.6645425908584622,0.45851841542032706,0.33196902996125616,-0.2950527003148495,-0.39319253742205723,-0.6861808674076598,-0.47315281873132325,-0.46563375902033266,-0.5483563088665725,0.0,1.0,2024-08-16,-9.819757151566757
0.1292517006802721,0.13533834586466165,0.0,0.0,0.0,1.0,0.6666666666666666,0.0,0.0,0.8,0.16666666666666666,0.0,0.0,0.0,0.0,0.0,0.0,0.0,0.0,0.0,1.0,0.13986011340315954,0.22953972257250946,0.26110801563282393,0.16171395351181694,0.4070181048783299,0.24746268656716425,0.9526992546374955,0.2129142834372193,0.5551695164896961,0.2723647020373613,0.3021979420692542,0.15892531826994105,0.024664497502275395,0.008821148299508863,0.15250293756120392,0.14427304380159,0.061356155102506804,0.6555225887552906,0.30671894056045534,0.9816412785107258,0.6567285098049577,0.024664497502275395,0.0900053970481256,0.03440357867724142,0.757457570827061,0.5320287212240011,0.31235229744093473,0.3768203841353197,0.40495875151531613,0.9976066185076377,0.2792278687639511,0.8715037491914683,0.897070693066917,0.6169066704447019,0.5952235124917025,0.36715946667078336,-0.45511396414886707,0.04689529852893085,-0.6001024916099436,-0.578505805875261,2.042139593696737,0.6186802560492873,0.07965219342926014,-1.9035618153373834,1.9523199445106774,0.655552632142557,0.7912769434816814,-1.0286401592874341,2.8537604619149923,2.660478130634891,0.6813935085153697,-0.4247067251987574,-0.5753830971712606,-0.19702512470627057,-0.8780980116676321,-0.2336872280459967,-0.19797058716687363,2.314780885932097,-0.37857882243470914,-0.06548799530135246,-0.40380414886954186,-0.7344160887319456,-0.29306604656189755,0.824917500404227,-0.906298517569031,-0.5352966589333757,-0.7665753813466233,-0.5368580273278718,-0.4867802261328271,-0.6337387692614708,0.0,0.0,2024-08-17,0.0
0.09523809523809523,0.09022556390977443,0.0,0.0,0.0,0.0,0.0,0.0,0.0,0.0,0.0,0.0,0.0,0.0,0.0,0.15384615384615385,0.0,0.05555555555555555,0.0,0.0,0.0,0.017933016360819,0.026881042454812945,0.03743026000324037,0.037514155809678706,0.4070181048783299,0.24746268656716425,0.9526992546374955,0.21323986954858226,0.5544236974947445,0.2725029932963381,0.33111841233759076,0.18947056085175795,0.03128945934457139,0.012410155446893611,0.15794401123927315,0.1683271304820062,0.0757715644764474,0.7179130211237633,0.38977482716527906,0.976380236967574,0.6567285098049577,0.03128945934457139,0.1133987558366698,0.02812587696981428,0.757457570827061,0.5320287212240011,0.31235229744093473,0.3768203841353197,0.39146843508318585,0.9940104962860646,0.2792278687639511,0.8715037491914683,0.897070693066917,0.6169066704447019,0.5952235124917025,0.5190698991369045,-0.05523527282623787,-0.4345209027917435,-0.3676946989257877,-0.4296299134374365,0.7878051063134374,-0.22946827215965113,-0.5609806371218423,0.09067848788333221,0.30159932623735286,0.8128405539975366,-0.3362551776138885,0.2700034179594427,-0.4126976994979368,-0.44286541188690454,-0.192206784625876,-0.11988741342261458,-0.6825084652281185,-0.46546702774143794,-0.24424297208853596,10.130408132827046,-0.18388907396286455,-0.379749387826779,-0.10260145042132351,0.061286116907662856,-0.31022289063962927,-0.5564921263544005,-0.38516769050915156,-0.40502200988430503,-0.5018533216248175,3.2260638965823794,1.0588194686409984,-0.5060272013259064,-0.3473311403068169,-0.26583121964284995,0.0,0.0,2024-08-18,0.0
0.19727891156462582,0.18045112781954886,0.0,0.0,0.0,0.0,0.0,0.0,0.0,0.0,0.0,0.0,0.0,0.0,0.0,0.0,0.0,0.0,0.0,0.0,0.0,0.06904507751269719,0.14253888188314418,0.11327305336284671,0.21348977253252055,0.4667565869681827,0.22648364395638393,0.9704489281028164,0.21563764103447344,0.5358220746354592,0.25531232776188434,0.36805712367714083,0.22380566918818623,0.043837530918438894,0.018065989357538115,0.164271227012172,0.20024613312456552,0.09537392892853624,0.7983586402101644,0.47673970555037526,1.0000000000000002,0.6954320764635293,0.043837530918438894,0.1575495432593037,0.016348182213120843,0.717225272414258,0.5563399500912585,0.3291510554821655,0.3768203841353195,0.3789417126819219,1.0,0.3150215280744799,0.9594408554065816,0.9893720785379962,0.6735208629538175,0.6511258239166856,0.7442069764519174,0.4387074432537287,-1.0639637813027514,-0.7395862405917867,-0.4881668929160199,-0.5499049274142799,-0.38475153770502607,-0.6511412564043301,0.8045228072630314,-0.5600835747452976,1.2578483674794314,0.1123784770789336,0.3977415874774977,0.09851319601037853,-0.6952216275438269,0.2486387348754451,-0.28825574698890566,-0.019268803464041293,-0.34974005344103853,1.4697989511203662,-0.18906938353442512,-0.1592756088050954,-0.7650152315001331,-0.32141898243061884,-0.21252152411994335,-0.04700764139956253,-0.2156182190880888,-0.3849353499673887,-0.20070889922597365,4.462058202708064,-0.10193714040203267,-0.6194186476326549,-0.4910899852927035,-0.42150689957162835,-0.2718962852563635,0.0,1.0,2024-08-19,-4.039682043309534
0.27210884353741494,0.2556390977443609,0.0,0.0,0.0,0.1111111111111111,0.0,0.0,0.0,0.0,0.3333333333333333,0.0,0.0,0.0,0.0,0.0,0.0,0.0,0.0,0.0,0.0,0.23969699704844794,0.5348781000420345,0.3547999577735363,0.5620066469297434,0.45444395168935525,0.1912767767380713,0.9712794436996663,0.20201481323066903,0.4838527509607271,0.22951727069011651,0.38106674485929837,0.25669374826096547,0.049301999321007095,0.022736645562513758,0.17041580097635745,0.22487075780974397,0.11223510376913026,0.8518136411753087,0.5599469767417683,0.9772949659469428,0.9634363580537858,0.049301999321007095,0.17914941100819526,0.009523378544820993,0.6558056881966483,0.5543607791781884,0.298029825329454,0.4213110935175551,0.37363988950327764,0.9870199913092713,0.28175660378322664,0.7939845241042267,0.8110471235498463,0.6917641992861522,0.6700728248414176,0.3718810465930141,0.09680240364397322,-0.4274265702665888,0.025470070377390467,0.22558076807081506,0.7129628026441935,-0.553818185771358,1.7470056473063442,-0.923861104933935,-1.8127640840088055,0.10562227109264834,1.633853643439387,0.20644935203718104,-1.7683253270565522,-0.4767602375012761,1.6100158447683828,0.026620553228155378,-0.5379302045258606,-0.258899815096399,0.7049354507868405,-0.059122801571959295,-0.16536704243466066,-0.6679066611675873,-0.17144231609490418,-0.0729734114678342,-0.231927484231593,-0.5432068107320985,-0.33706581927989476,0.3469575111371534,0.7246460493385516,0.36917012336942273,-0.38916214644726543,-0.2733824302854509,-0.05286184004346758,-0.39653216925751295,0.0,1.0,2024-08-20,-7.064756909421021
0.15646258503401358,0.15037593984962405,0.07142857142857142,0.0,0.0,0.0,0.6666666666666666,0.0,0.0,0.0,0.16666666666666666,0.0,0.0,0.0,0.0,0.0,0.0,0.0,0.0,0.0,0.0,0.0598105191132048,0.09878100042034468,0.10003381504244381,0.0832210389776229,0.4806956741564843,0.21064882839687576,0.9547912301901649,0.16195283715397513,0.43083030944123824,0.25879216369682917,0.39714176547207725,0.2926670328783665,0.062022422464973914,0.02701728614499821,0.1769704656560851,0.2507893888716328,0.13059592136405307,0.9050399861506021,0.640089836322409,0.9587785094926043,0.957608503185413,0.062022422464973914,0.22052579298943265,0.0,0.6066749251914518,0.5549726349147428,0.2745718279725947,0.45820461730962203,0.3739659745699305,0.9828053417640376,0.3164129266650173,0.7988093621982479,0.8149630256342116,0.6207910558734597,0.5977929645844067,-1.7135091727904506,2.493946536256481,-0.5338677412587838,0.26880342551947756,-0.39012766981340247,-0.804500875443495,-0.30843715118720266,1.1183438714065572,-0.3181305034551261,-2.1373458544914623,1.456568320320875,0.28221029163442984,-2.5468524608331506,0.5147443460148003,-0.7820130397963575,-1.0578084341611842,-0.26585534688429757,-0.6803995756557324,-0.40770878563057394,8.72045832622895,0.00017068827708597784,-0.15785552366915706,-0.6130872345081438,0.15313787655848285,0.05253469029507946,0.18657059193607023,-0.42181233842462373,-0.32477871189649427,-3.135328928012759,0.8207139212020131,0.7821370569036888,0.22172053857011362,-0.11111132557721978,-0.3859459555676076,0.1460092144728348,0.0,1.0,2024-08-21,4.182779970745587
0.1292517006802721,0.14285714285714285,0.0,0.0,0.0,0.0,0.0,0.0,0.0,0.0,0.0,0.0,0.0,0.0,0.0,0.0,0.0,0.0,0.0,0.0,0.0,0.06635122550754967,0.10753467843631778,0.11364902695662925,0.12937149885241328,0.4251499917083903,0.18928311808831494,0.9553792302714592,0.08222838755376473,0.35802525340438907,0.2504291884584554,0.4010977924881338,0.32208247025683256,0.07838801177682253,0.028304081663279135,0.1822866611824967,0.2619667318110537,0.14178091145310745,0.9118204801536822,0.7059337008751756,0.872378001856675,0.9243066069609581,0.07838801177682253,0.2491274315626555,0.00535037631532731,0.61436505037698,0.48406681607460506,0.32351326423207716,0.3085149405458297,0.3529709367659428,0.9096237991427147,0.2832911970071539,0.5727598680795675,0.5817434294511938,0.6498174104580552,0.6281173118224644,-0.1899726305674427,0.304759220098558,-0.08325240455867,-0.6258413057650029,-0.4698857738234096,-0.19117860314968407,-0.09522608963818333,-0.4223020371095588,0.6224918981106783,0.7674404392089299,-0.1939834135472328,-1.1743426647974633,0.23073837753037726,0.017619394408938095,-0.13671895137288018,-1.0844376427867577,-0.3246105682341913,-0.6478944936206534,-0.43973492735584113,-0.7830489584022795,-0.20879244691274662,-0.18257006612142707,0.9420045324764236,-0.3051646092311131,-0.18185608275739684,0.1065309476804432,0.2602545557419427,-0.22992906419400283,-0.011598011737648744,-0.6856818791991558,-0.4852823987700204,1.777138572989885,-0.3155710937827973,-0.29612998589495576,-0.31859340644278084,0.0,1.0,2024-08-22,-4.428032452150388
0.07482993197278912,0.06015037593984962,0.0,0.0,0.0,0.0,0.0,0.0,0.0,0.0,0.0,0.0,0.0,0.0,0.0,0.07692307692307693,0.0,0.0,0.047619047619047616,0.0,0.0,0.011326912090661993,0.010729298024379991,0.01739922242338127,0.021244635914255277,0.49591766512592184,0.23729332611553627,0.9747382693237434,0.06960421984011361,0.2956111163183053,0.31452736941595416,0.4204939571207076,0.3481084285423446,0.09942560175054904,0.032039290938925546,0.18764388180589364,0.2851253118784163,0.15954692987506114,0.9526438934470172,0.769022079823553,0.8557282055221334,0.9142193980100292,0.09942560175054904,0.2919419877289897,0.007906140715076226,0.6071412662889195,0.4271205338637441,0.2812142758572297,0.30851494054582945,0.33347554451938344,0.9193071160467796,0.3198612622856878,0.6593394395777269,0.6691108330173071,0.8372629919696299,0.8201818974235597,-0.1323635664342192,0.3230395510300162,-0.15226277968587693,-0.38373362408092904,-0.4742101827766168,-0.20817792373583605,-0.20104749273997155,-0.3400268304730965,0.709235429223723,0.3658002372775955,-0.06338096500726179,-0.7921502665053192,0.038702337896771646,0.18572969763400124,-0.04545243410034576,-0.8575988839292719,-0.001279397625383008,0.311125581271443,0.8669008472122907,0.48306122534371043,-0.14627892742812326,-0.09410029876036101,0.44502765076894657,-0.17838446491351165,-0.08301289001347571,0.9655635408434351,1.1987807097098233,0.35688796133279044,-2.8862139444988064,2.8042584028844817,-0.12473789290869472,4.688282571134565,-0.2985732324323358,0.5113983731247689,1.5318900972194724,0.0,1.0,2024-08-23,10.41109765791388
0.14965986394557823,0.15789473684210525,0.0,0.0,0.0,0.0,0.0,0.0,0.0,0.0,0.0,0.0,0.0,0.0,0.0,0.0,0.0,0.0,0.0,0.0,0.0,0.12808428002613753,0.32453762084909626,0.2068458807463697,0.32201820680755827,0.49591766512592184,0.23729332611553627,0.9747382693237434,0.027194244481305804,0.2331969792322215,0.32872603199941375,0.4268563403679986,0.37143274497591605,0.12046319172427289,0.03461975943722706,0.19318243015286818,0.3047210334738777,0.17599694693242718,0.9801706563904841,0.8265143440917908,0.8219141403930527,0.9007680232614724,0.12046319172427289,0.32936703212537566,0.01431348197326443,0.6071412662889195,0.4271205338637441,0.2812142758572297,0.30851494054582945,0.31537268029043486,0.9202250738053493,0.3198612622856878,0.6593394395777269,0.6691108330173071,0.8372629919696299,0.8201818974235597,-1.006669223877605,-0.4273450817403921,1.2977809400850606,0.38275386559455804,-0.5697340100641916,-0.7311680546369164,-0.4480221223650229,0.8364905222512259,0.9541001104490743,-1.0238486366053987,-0.6657008393680124,0.23951350119852316,-1.827691171561873,1.836508991423725,0.8823903985748894,0.3298834330165483,-0.2604021303450885,0.3857075709575342,-0.23890155123721474,3.5996998279117265,0.3213851456640499,-0.1709627928137514,-0.37589718746529854,-0.17699070588103247,-0.2071559114461833,-0.3337820963282935,-0.680075547862946,-0.3808563800525523,-0.8557040008778705,0.463056287185681,1.2949930939204768,-0.757556593962102,-0.4801889742518866,-0.23748313777144195,-0.3215580315126704,0.0,0.0,2024-08-24,0.0
0.23129251700680273,0.22556390977443608,0.0,0.0,0.0,0.0,0.0,0.0,0.0,0.0,0.0,0.0,0.0,0.0,0.0,0.23076923076923078,0.0,0.0,0.0,0.0,0.0,0.18026578561495352,0.35907944514501894,0.3736121860606379,0.2953649594564169,0.49591766512592184,0.23729332611553627,0.9747382693237434,0.030883996616599723,0.16486449392766733,0.34513604769923434,0.435905102493475,0.38331458577438315,0.1532031073921818,0.0372002279355268,0.19861972984252318,0.3213020286700363,0.19122844420776453,0.9969661204792841,0.876792363486256,0.7783226559503498,0.9007680232614724,0.1532031073921818,0.33715496219410035,0.06034233507682529,0.6071412662889195,0.4271205338637441,0.2812142758572297,0.30851494054582945,0.29856287779212576,0.9841204209260727,0.3198612622856878,0.6593394395777269,0.6691108330173071,0.8372629919696299,0.8201818974235597,0.5720436234010723,0.0073019940886526885,-0.5369147091952103,0.7401433774634838,0.17325074379505573,0.3814390697543244,0.8284706015265308,-0.6487114322333446,-0.3293443655870579,-0.8686903955147539,0.8372255932299664,0.33245134479954436,0.04588605840633458,-0.40953844805456147,-1.0055751692431218,0.24004064256220256,-0.39733431170909556,-0.7862325283429981,-0.3988920006120193,-0.20429828102242767,-0.12849604739100592,-0.18543519219326277,-0.37570920980548866,-0.21983087810967047,-0.20594008368691852,-0.3256347834250918,-0.7451531510757351,-0.4069308646361999,1.0101710343023118,-0.49951353706638285,-0.2830462026075206,-0.46994675550895204,-0.05117551347823782,-0.413493871605594,-0.4854130101022497,0.0,0.0,2024-08-25,0.0
0.1904761904761905,0.17293233082706766,0.07142857142857142,0.0,0.0,0.0,0.0,0.0,0.0,0.0,0.0,0.0,0.0,0.0,0.0,0.23076923076923078,0.0,0.0,0.0,0.0,0.0,0.1070734018191419,0.20218579234972678,0.1941672156671471,0.1847345764682557,0.4762592578388123,0.18263862036965434,0.9751592812651453,0.030086401448491378,0.1062293292985017,0.2960683727502892,0.4349371622580396,0.39145207805883064,0.18072326321825827,0.039100556582885915,0.20376542282231647,0.33152617643772686,0.20327339976140024,0.9941889492496275,0.9163063746921486,0.713282017088876,0.8499587649830808,0.18072326321825827,0.34102041391982496,0.10094860255968818,0.5669241299375023,0.4510012443647315,0.29895256985373764,0.30851494054582945,0.2829537754722671,0.9497051465748255,0.2872167740126512,0.5419645923003825,0.5504091030236193,1.0,1.0,-0.845502595010115,0.6270058463770966,0.2505126096119151,-0.7890104977450138,-0.4595863962417661,-0.6616798659706291,-0.07060024915023454,-0.5445553342396722,1.2784711854540094,-0.5779656904264664,0.01416145765618985,0.8143694064276269,-0.1951318942881923,-1.5496231619487004,-0.49928476005982525,1.2839477170453724,-0.24153618780916955,-0.5929327821080181,-0.43420451038773333,-0.25772155861738255,-0.17902663383946787,-0.18516450813260377,2.858709344703006,-0.32386391079840643,-0.20294827045829528,0.6274496944591595,-0.5762621172884129,-0.4144211111008252,-0.033767615495724844,-0.6027426280171967,-0.2777958575621603,0.15949316655391066,-0.4848154612951639,0.058532763261894945,-0.49673300323015845,0.0,1.0,2024-08-26,-10.734399776423633
0.12244897959183673,0.12781954887218044,0.21428571428571427,0.0,0.16666666666666666,0.0,0.0,0.0,0.0,0.0,0.0,0.0,0.0,0.0,0.0,0.15384615384615385,0.0,0.0,0.0,0.0,0.0,0.05091089512396681,0.08497267759562842,0.05374107838936525,0.10296860350627224,0.4861713775793799,0.16105018946717192,0.9675148135665479,0.02435997068382219,0.04733808229449821,0.28417605128839174,0.448250848435622,0.4007544815913242,0.2118578807425564,0.04112718383471936,0.2090581491086798,0.34209639373895584,0.21546395923264328,0.9926153073665018,0.9475161771177216,0.6631045149122755,0.8587316354719036,0.2118578807425564,0.32197701005081925,0.16362251042786635,0.5197250871991805,0.406226412477464,0.30144228100164705,0.2511298563925931,0.26029486544259706,0.9211953040894388,0.31831067214383335,0.5748201266500036,0.583371554259776,0.9488922194599678,0.9420493785330601,0.43570911736792317,-0.6467675701980418,0.14648806508427292,-0.42118268307130746,8.61913777986182,-1.277267839527848,0.039937954844544835,0.4228073310957838,-3.7813640614415793,-2.50421882634995,-1.627335795463183,3.0045032334280157,-2.0065435193703642,0.4447541338758698,3.696164572928716,3.1477719305388034,-0.4771553934086978,1.8793066508240446,-0.5160776325700132,-0.6072720900641094,-0.21162505001837348,-0.17661283559222898,4.129940243113851,-0.2764399511357125,-0.20967552468812872,-0.35325078359476486,-0.7070914451662985,-0.4068257400882521,-0.4655169012338348,-0.8050674021464272,-0.4649229047850093,-0.07648224898411754,-0.4310511005172633,-0.3671493868065738,-0.5167589533059348,0.0,1.0,2024-08-27,-4.749929387423135
0.0,0.015037593984962405,0.07142857142857142,0.0,0.0,0.1111111111111111,0.0,0.0,0.0,0.0,0.0,0.0,0.0,0.0,0.0,0.0,0.0,0.0,0.0,0.0,0.0,0.0,0.0,0.0,0.0,0.44897905166672203,0.20040677441806515,0.9364699865365016,0.043554016051284256,0.015089109971479608,0.33973712800018274,0.438009750822272,0.4056858968861192,0.23178682895934344,0.04170896476951036,0.21371942543550304,0.3438398807942873,0.22285738805776845,0.9657083581195474,0.9656205608013309,0.5839160943358785,0.6980218843274744,0.23178682895934344,0.31641982786070066,0.19899970370089104,0.5126554624287649,0.35465262582626084,0.3683047485598008,0.08442866023552073,0.21553622076010748,0.7940932142488535,0.2843899853072749,0.4810288516054845,0.48955327010001615,0.9567859332146749,0.9537945387499813,6.694483689748309,-4.276484975646151,-2.5693068522833427,4.989461878932188,0.327980170179484,4.864566453088527,-0.9429149797327784,-0.39109161132502496,0.7126403811743729,-3.221816806188833,-0.231277152271317,3.090201832534401,-4.616659846492195,4.0547778095182005,2.3526127649155604,2.700241117996638,-0.11853910734843968,4.766631536143718,-0.16056381799472585,0.8691815612790998,-0.018124628174250517,-0.1393270117505806,0.23644686887623165,-0.16909679920925655,-0.1118039183252668,-0.2505584880444825,-0.06496609778847115,-0.30153188884483423,-0.9932444080093806,0.6365138951242545,-0.011755562096150118,-0.643230387749726,-0.41066356616935135,0.12567181160361135,0.1933956713667883,0.0,1.0,2024-08-28,9.091136445646477
0.33333333333333337,0.3533834586466165,0.0,0.0,0.3333333333333333,0.0,0.0,0.0,0.0,0.0,0.0,0.0,0.0,0.0,0.0,0.38461538461538464,0.0,0.05555555555555555,0.0,0.0,0.0,0.27523776992162524,0.5544976881042455,0.4834986544548637,0.4006993053992022,0.4487354349908097,0.202292166112443,0.9238184323143284,0.07250615059843783,0.0,0.34602280394229834,0.4277155007620479,0.40356798031623686,0.24988477800062192,0.040103339095511004,0.21815915822590703,0.3452679741715965,0.22967764823480508,0.9398851501325302,0.9735170515670026,0.5222357365006811,0.6810593034158874,0.24988477800062192,0.3090761901704493,0.23276812511803602,0.50241317100238,0.37230880575392894,0.32478222209687624,0.17208705064235716,0.1864466484678362,0.6748675546907631,0.25033388011687485,0.5627835850096226,0.5714722205968945,0.8196711436012225,0.8040159066248325,-0.07826385130518425,0.5621328302328507,-0.40603346986751326,-0.8875037974601712,-0.45906703346427913,-0.2252868404286956,-0.07185920202686902,-0.5882072743142219,0.3573596076838406,0.2508592022397622,0.8238087428762232,-0.6109533085867197,-0.5085181972896782,0.9089299242953822,0.7193685965701996,-0.5660854724181958,0.04131296169206712,-0.3837909528055997,-0.19129736574651354,-0.29722437407304625,-0.2198269612865213,-0.18733000669494088,0.48086183620585843,-0.30133116601057913,-0.22280577180613703,-0.34448076825872453,-0.7574719492215158,-0.40058542231925764,0.6929427913227372,-0.3794440062947464,-0.467696922148186,-0.24464851581508518,-0.525987258189762,-0.362876605749354,-0.6123374162196379,0.0,1.0,2024-08-29,0.399220553799795
0.36734693877551017,0.3233082706766917,0.0,0.0,0.0,0.0,0.0,0.0,0.0,0.2,0.16666666666666666,0.0,0.0,0.0,0.0,0.15384615384615385,0.0,0.0,0.0,0.1,0.25,0.25629032981608063,0.5100252206809583,0.5075824164037392,0.3973674394534597,0.5111731466361729,0.37555177480473284,0.9297376939198387,0.08324164233746627,0.022409718409812207,0.5504747033781107,0.4310439517701061,0.4102350181462704,0.27210479317811576,0.04254754788306592,0.22376138361306097,0.358564484286493,0.2425300829799255,0.9501946584811788,0.9824640064595429,0.5285830800474014,0.6470256495490283,0.27210479317811576,0.3047273511382045,0.270892249523647,0.5011140755804051,0.33414218818888325,0.2799155927990402,0.1918215208818964,0.16224272106706683,0.7016790374856231,0.2968343654678085,0.5504691480271826,0.5588116321274835,0.8557573296579298,0.8390301528683242,-0.2786067461817174,0.45759671200563373,-0.13116156386505115,-0.9045553348968651,-0.4650580942123706,-0.23779824293670854,-0.010681370277237463,-0.6592065989978134,0.869367781516368,0.7511798577491268,-0.30708971643074656,-1.1452849705411698,-0.11644730991005878,0.5789851367463441,0.23282502649275125,-1.0634816093010584,-0.5620251320297537,-0.7540641321994624,-0.5649109486381286,-0.7925698381724772,-0.22491310570777118,-0.19766208736305874,-0.7208019202282221,-0.35767205182204753,-0.21136409273790702,-0.39977309928317145,0.34162136452565883,-0.4288479084702325,1.3186855119858671,-0.9038703858213636,-0.4610085522669442,-0.03163769645623264,-0.4989906127663703,-0.3751330514133209,0.49165883180539804,0.0,1.0,2024-08-30,36.54082018762803
0.01360544217687075,0.03007518796992481,0.0,0.0,0.0,0.0,0.0,0.0,0.0,0.0,0.0,0.0,0.0,0.0,0.0,0.07692307692307693,0.0,0.0,0.0,0.0,0.0,0.07290836244259445,0.12211013030685161,0.12583034558521758,0.11876262261367491,0.5111731466361729,0.37555177480473284,0.9297376939198387,0.09264265940575363,0.044819436819624414,0.5425745450182334,0.4386614870333956,0.41381685043168037,0.2943248083556096,0.04381251493581928,0.23000638893770997,0.369815377460637,0.25443048552170566,0.9538424273507868,0.9905520478177998,0.5233931652853645,0.6252277618276144,0.2943248083556096,0.2875544173496305,0.31818102347494026,0.5011140755804051,0.33414218818888325,0.2799155927990402,0.1918215208818964,0.1397676456234952,0.8270827676356817,0.2968343654678085,0.5504691480271826,0.5588116321274835,0.8557573296579298,0.8390301528683242,-0.9179174945379923,-0.47826072567081696,1.2587974557970627,1.057044917939951,-0.10600952598791237,-0.6597212997059694,-0.31767589724286444,2.220712400339699,-1.0784262334952233,-0.18829286021126432,-0.6396697453631688,0.32128519449979676,-0.17461976218243003,-1.1544240064177984,-0.6945234549236465,0.2241355166584227,-0.5626489488928278,-0.7813491770676838,-0.5535730531708498,-0.8842922068988299,-0.2368471798376005,-0.2008597665057154,-0.7852833144387813,-0.38363855771138883,-0.23601065226856435,-0.40266444390092765,-0.8036216091062109,4.925670369632257,-0.13335774613563567,-0.9595714540137801,-0.5358609401718748,0.4458051542000949,-0.5503836656320871,-0.4737165789724513,-0.6586716772095772,0.0,0.0,2024-08-31,0.0
0.27210884353741494,0.2631578947368421,0.0,0.0,0.3333333333333333,0.0,0.0,0.0,0.0,0.0,0.0,0.0,0.0,0.0,0.0,0.07692307692307693,0.2222222222222222,0.0,0.0,0.0,0.0,0.19452819756428044,0.3555695670449769,0.386837311258151,0.3178428730328885,0.5111731466361729,0.37555177480473284,0.9297376939198387,0.0996892309720524,0.07245926114376777,0.5330466479381711,0.44411638948038856,0.4239266295092774,0.3165280270113744,0.04507748198857087,0.23564618594200581,0.37933536399260515,0.26544937676409397,0.9522293146471269,0.9966110060990103,0.5111325967943253,0.6252277618276144,0.3165280270113744,0.24955881618827114,0.38032410146185835,0.5011140755804051,0.33414218818888325,0.2799155927990402,0.1918215208818964,0.11889793271160709,0.9790253418544917,0.2968343654678085,0.5504691480271826,0.5588116321274835,0.8557573296579298,0.8390301528683242,2.2350311882473286,-1.5046547231990994,-0.7923141937883168,1.2836114632317994,1.9555543800050121,1.8898258645367254,0.11643031687728468,-0.6720102532094325,-0.8269322806057968,0.06896410732034304,-0.9136179297465389,1.334428339755924,-0.48550558716264847,-0.47968128113602637,-0.15493154562238048,1.3246151459767241,-0.2551884620132994,-0.45221517333396305,-0.5322942733178719,-0.4644832518165916,-0.18924890700985283,-0.1636982293920063,-0.7502688040718993,-0.34699390215420717,-0.2189019823527956,-0.31397187491784206,-0.3934220058090898,-0.3900614709415365,0.8288103641792463,2.5652111222398792,-0.39262985571894665,-0.2645768724176335,-0.4966029501348226,-0.46267648434955777,-0.3634401506914833,0.0,0.0,2024-09-01,0.0
0.44217687074829937,0.41353383458646614,0.0,0.0,0.16666666666666666,0.1111111111111111,0.0,0.0,0.0,0.0,0.0,0.0,0.0,0.0,0.0,0.07692307692307693,0.1111111111111111,0.0,0.0,0.0,0.25,0.2536725771573327,0.4936948297604036,0.4133423205699895,0.42131722119355736,0.5111731466361729,0.37555177480473284,0.9297376939198387,0.09634029320221292,0.09043088788613218,0.5269757261578674,0.45768593810179503,0.4257195136219396,0.3321552112724273,0.04634244904132423,0.24128598294629988,0.3873907372119625,0.2756520538403784,0.9465128116818413,1.0,0.49499955546021424,0.6252277618276144,0.3321552112724273,0.2319702155052994,0.41752036520114366,0.5011140755804051,0.33414218818888325,0.2799155927990402,0.1918215208818964,0.09951891357913978,0.9777837461710871,0.2968343654678085,0.579530772117834,0.5879118780341008,0.8554946149053531,0.8387494224171511,-0.49766866974944474,-0.2333867118580521,0.6604200980398287,-0.19560450733989276,-0.46552050361442626,-0.20113997686738203,-0.1810568932918802,0.15236317626180515,0.2273820913531488,0.7557656243272071,-0.3052689110108474,-0.20083185718953392,-0.12162160818737591,0.3017128686052141,0.21860104902194966,-0.13005374336950573,-0.5259517584814877,-0.4041549880844428,-0.5287539492326471,0.012521978027095789,-0.20347117125321734,-0.19038958439743353,-0.7947005323715193,-0.2671824886232113,-0.20046708133230776,-0.32289701676100246,0.08909261396946994,-0.4264602684218358,0.8585446736876521,0.24971111009276933,-0.10490111526544078,-0.2086517194478159,-0.4628120023686859,-0.4213224536198721,-0.22024840518331215,0.0,0.0,2024-09-02,0.0
0.25850340136054417,0.2706766917293233,0.2857142857142857,0.0,0.3333333333333333,0.0,0.0,0.0,0.0,0.0,0.16666666666666666,0.0,0.0,0.0,0.0,0.0,0.2222222222222222,0.0,0.0,0.0,0.0,0.12765616715480868,0.19404161412358134,0.23279313944160585,0.2092186665143272,0.3790075888485145,0.32613564302838144,0.9999768799840327,0.12006334582433446,0.10670969296894883,0.4637692425293829,0.442472670685353,0.4119797822193654,0.3375393345296551,0.042427341812631525,0.2449652771030948,0.3686191840820676,0.27126092434030014,0.8638703996489483,0.9816306653280169,0.36352663513612854,0.2758692256235986,0.3375393345296551,0.2072371736460763,0.4436804360853701,0.6180317563091491,0.2750494155040825,0.23034487813037663,0.19182152088189652,0.08152411009899152,0.7010867289876143,0.25388319628196054,0.36949300071070934,0.3783604758219242,0.6161642642118362,0.594973735298215,0.255318597477609,0.24950062537805576,-0.4493073969343003,-0.5199779490830915,-0.1401673598295079,0.41173240534233635,-0.09260908495523437,-0.657407362306255,0.5400323227029127,0.6809929137342319,-0.3184257170953205,-0.951349879610485,0.007167363547317846,0.1670680031313791,0.08268624896748526,-0.7739290929528659,-0.578137658574195,-0.42650871705662297,-0.5484435291264979,-0.8634096815997087,-0.2070514370436656,-0.18874319640320697,0.07926929417413435,-0.3628636006518196,-0.22741143036626071,-0.3599781917175023,-0.391956825711308,-0.4198891708660543,1.0775493447028743,-0.889756482767756,-0.5241926970985819,0.13333064519617535,-0.5134206462261475,-0.4638498506353511,-0.43912741163235186,0.0,1.0,2024-09-03,-7.632858320293367
0.30612244897959184,0.3007518796992481,0.07142857142857142,0.0,0.0,0.0,0.0,0.0,0.0,0.0,0.16666666666666666,0.0,0.0,0.0,0.0,0.0,0.0,0.0,0.0,0.1,0.0,0.16288697571576896,0.2480664144598571,0.33069135672837485,0.2639483031510748,0.3692056637906216,0.26609233624623,1.0000000000000002,0.13920309709080558,0.09850267129065493,0.3958129112746144,0.4114981117328078,0.39708809008071455,0.3358485559983908,0.036795990170686466,0.2484991725470298,0.3508378808715156,0.2661687784936646,0.7902048086709101,0.9481444865364401,0.27218434127281776,0.2905451193616253,0.3358485559983908,0.21218394983300293,0.43748077938036634,0.5822456298857397,0.2298688453083914,0.19520307943669235,0.18654583480791292,0.06406402567844227,0.4050079045016058,0.21524464064367965,0.40998506711811356,0.41803587466430736,0.5823052968537259,0.5610282559438998,-0.23223974351667032,0.2611712139685824,-0.006926337999885044,-0.4190677084214715,-0.38548779839130665,-0.21358400381550507,-0.15433044053540382,-0.2872797621598249,0.42606478580812934,0.643592065380008,-0.007392764719163637,-0.9352282460163577,0.17621490414461496,0.07029631371282917,-0.1777486398147054,-0.8989313949864481,-0.5528524318627519,0.30034785418005244,-0.499354889835775,-0.5261157936863474,-0.1401651805841097,-0.18226473699576481,0.48071002207148633,-0.29766235653554146,-0.21903868983179517,-0.3598542621501044,-0.8176166552426507,-0.045118105742597364,0.795450855130376,-0.8617243988654358,-0.38959052390942556,-0.7429896428247326,-0.15395109015139333,-0.14190204514833715,-0.6387023026120716,0.0,1.0,2024-09-04,-10.04073609476638
0.3197278911564626,0.3308270676691729,0.07142857142857142,0.0,0.6666666666666666,0.0,0.0,0.0,0.0,0.2,0.16666666666666666,0.0,0.0,0.0,0.0,0.07692307692307693,0.1111111111111111,0.1111111111111111,0.0,0.0,0.0,0.24029179343135088,0.3899537620849096,0.4359272688679751,0.40066906153282633,0.35077560311332423,0.27282190085840236,0.8933554853972128,0.16005235912442542,0.10399120281724095,0.40217814023036025,0.3765024699977424,0.3823407580607574,0.3321354905154923,0.03354801541964214,0.251738023826686,0.3322240491724404,0.259524156824547,0.7195955211821585,0.9033444381646658,0.20382120993734898,0.21502556579744997,0.3321354905154923,0.22213398633166115,0.42451867981821234,0.5702960037250504,0.19188469472951092,0.23633074242512842,0.04717829920349506,0.028021892196805842,0.11803733781793746,0.17612273368664244,0.3830994913237561,0.3910561488060575,0.4627371753646074,0.4433135657240641,-0.1908626147341502,0.7432240673709715,-0.4557674422717156,-0.9209867477654305,-0.48772115083783607,-0.2566357781718506,-0.12792990097231932,-0.6869530197011483,0.4496970878595439,0.7143489258259869,0.6140462923731893,-1.2253418889962375,0.37752851106046453,-0.058342711879678114,-0.31435959546545034,-1.1413980551745444,-0.5004224898555681,0.31336655297909183,-0.5228480007041058,-0.6356869363552081,-0.20044004984318045,-0.1913323288321686,-0.7860336527070557,-0.29115348979901196,-0.2096747696732541,-0.3670313107647789,-0.23482115830110156,-0.4115254389875464,1.1858288824947913,-0.8155264485811323,-0.4467355300614473,-0.38644615185536835,-0.463355999234963,-0.4560240215152263,-0.442416939419831,0.0,1.0,2024-09-05,1.2509559707199802
0.5170068027210885,0.5413533834586466,0.14285714285714285,0.0,0.0,0.0,0.0,0.0,0.0,0.0,0.0,0.0,0.0,0.0,0.0,0.0,0.2222222222222222,0.0,0.09523809523809523,0.0,0.0,0.1639042639955508,0.27344472467423286,0.27682100213333966,0.26212190966493154,0.24569092876291876,0.31939989173304467,0.949603989555543,0.15518067081539064,0.11956067645916724,0.4520361355101933,0.31857938477044545,0.3540785510764062,0.32148485531454796,0.02833617025515167,0.2540595475276355,0.296129183887917,0.24236911045645648,0.6038139582786706,0.8379706936350697,0.07950633406544233,0.16022514930752507,0.32148485531454796,0.2624736373757468,0.37890602154006103,0.6292597520563601,0.12975009182148195,0.41209776073516546,0.30949112772033627,0.031876037796898626,0.06839257438324653,0.1336553601783832,0.13544603000950278,0.14651305203760046,0.34162678998828105,0.32558317080281507,-0.4554559136549573,-0.04137197401174993,0.45776335752634106,-0.04751430469032014,-0.5879715229202648,-0.9286830517276329,-0.3722020625076076,3.733541820304203,-1.629921054466128,-0.8542387467779683,-0.8260400639337943,0.32712598024711614,-2.3384768920555046,0.09410147648100178,0.022000518764018383,-0.2426070622563959,-0.04639193396157964,0.12787046566763727,-0.23780292640507467,-0.26762095284728615,-0.18987650631178743,-0.17030039068031708,3.1849099592471917,-0.3021075345243619,-0.19689007125971086,8.767861091012096,-0.34438363583671155,-0.35482371699522636,-0.5744212638218689,0.005709633544806486,-0.3618645167829349,-0.5779207457514215,-0.35274978705417925,-0.33179075328035373,-0.4372111363395693,0.0,1.0,2024-09-06,8.551389263555432
0.2040816326530612,0.18796992481203006,0.0,0.0,0.0,0.0,0.0,0.0,0.0,0.0,0.0,0.0,0.0,0.0,0.0,0.15384615384615385,0.0,0.0,0.19047619047619047,0.0,0.0,0.11073071046414656,0.2349936948297604,0.15305455963951697,0.20205423061284156,0.24569092876291876,0.31939989173304467,0.949603989555543,0.15521881153770917,0.13513015010109397,0.44742167386191056,0.2606562995431494,0.3301873323297535,0.3108342201136036,0.024639609324289324,0.2568974986749968,0.26558737480101247,0.22648480826378226,0.5126197847165688,0.7624097741951056,0.01795116309601502,0.0,0.3108342201136036,0.28942109081479117,0.34286400353155955,0.6292597520563601,0.12975009182148195,0.41209776073516546,0.30949112772033627,0.03545488728269919,0.03812961825109091,0.1336553601783832,0.13544603000950278,0.14651305203760046,0.34162678998828105,0.32558317080281507,-0.4915213534572199,1.8178789153795587,-1.0918787594973418,-0.9148192447378747,-0.35317801441286795,-0.44514783181240386,-0.38439711368167373,-0.5076741302360264,1.493444678625211,-0.5754713038558341,-0.29056953825420395,1.0452335609285957,0.6872158586038389,-0.15940961592926794,-1.2330800844363141,1.081226230854358,-0.08946487519373354,-0.468617692871988,-0.5062724159388585,-0.24824135943592254,-0.1825027688169364,-0.1841371895891861,-0.6428384722399774,-0.31133922573947653,-0.17696755089113367,-0.3382546316081985,0.25264502250817145,-0.3174987336137181,-0.05718891221442398,-0.6544359774114585,-0.4321740407300992,1.9960402938798796,-0.5222786418290324,1.067691257545101,-0.25981535422610735,0.0,0.0,2024-09-07,0.0
0.2925170068027211,0.3007518796992481,0.21428571428571427,0.0,0.16666666666666666,0.0,0.3333333333333333,0.0,0.3333333333333333,0.0,0.5,0.0,0.0,0.0,0.0,0.07692307692307693,0.2222222222222222,0.0,0.0,0.0,0.25,0.05997806739007887,0.1423182009247583,0.11750981285434524,0.12155009896465165,0.24569092876291876,0.31939989173304467,0.949603989555543,0.15144851839710877,0.15524014836040312,0.44155237210499143,0.23156918280057592,0.30632474437181223,0.2962397188169543,0.020943048393426977,0.259045739417477,0.23974430557363124,0.2117771210483408,0.4417284851235051,0.6838779973044413,0.0,0.0,0.2962397188169543,0.30385381883007767,0.3095504548753505,0.6292597520563601,0.12975009182148195,0.41209776073516546,0.30949112772033627,0.03877810466237097,0.0,0.1336553601783832,0.13544603000950278,0.14651305203760046,0.34162678998828105,0.32558317080281507,-0.2637669345118861,0.43373134318573797,-0.12460804160596027,-0.7706072564191998,-0.46978546206100447,-0.32006797738220955,-0.16780764007655732,-0.5264864563380057,0.8268750182686496,0.5395815615268195,-0.07860579245964548,-0.8223572246995434,0.19639205873616816,0.09399229506039852,-0.03573975547588255,-0.8093756225631499,-0.5126387442034199,-0.14920251560839407,-0.5125921406171398,-0.6501054144186279,-0.21043460022790475,-0.0917672181969812,-0.6207402160210654,-0.30878143237794153,-0.19487067363088856,-0.35574932315201874,-0.5158294392681451,-0.4140452497104186,1.008297534435508,-0.657550369425229,-0.4568022138656693,-0.5450831685803509,0.14065812232921546,0.6815978800096445,-0.5010350191742748,0.0,0.0,2024-09-08,0.0
0.2857142857142857,0.2932330827067669,0.0,0.0,0.3333333333333333,0.3333333333333333,0.0,0.0,0.0,0.2,0.0,0.0,0.0,0.0,0.0,0.0,0.3333333333333333,0.05555555555555555,0.0,0.0,0.25,0.17999122263220504,0.287505254308533,0.27945507538947983,0.305614269728242,0.314976375664477,0.319885546361457,0.9517240845015482,0.14883362483152543,0.18307513088654703,0.4341425791960153,0.21973740098441663,0.28326692916000074,0.2870322293513343,0.019643619276948243,0.262221738966522,0.23129095811544964,0.20541324557068208,0.42622770901535,0.617098618440943,0.07101290359967316,0.1749420547773919,0.2870322293513343,0.30305619806876294,0.29561049608216106,0.6265893233183211,0.1307028251179167,0.41347446536586185,0.309491127720336,0.04186394937206639,0.0869757061469387,0.1761576158549003,0.23787282295351647,0.24825390425167143,0.35148500768900826,0.3366414962971328,0.1743025092769774,0.40819389966206826,-0.5092703967030218,-0.7828520111333924,0.4976342184433535,-0.64441274850658,-0.5369531591726452,1.619063086645667,-1.6957867089739618,0.8642356892413887,0.1346682925066833,0.3288722675027664,-0.7289908435644762,0.8657781847683897,0.6668215645952131,0.05343371542667249,0.8929894986561409,-0.21731815762495174,-0.27560898792505634,-0.07348735624200922,-0.18934384401391413,-0.18493777905685996,1.0467860696809792,-0.3371858095185975,-0.2153144555062333,-0.34467569039505763,-0.5672225347324438,-0.30647443069846525,0.3502875879613998,0.9160361909876412,-0.35494808129195304,-0.659006028052759,-0.5269162984314028,-0.4251281302792757,-0.5123311178358889,0.0,1.0,2024-09-09,0.082138746468563
0.3877551020408163,0.3609022556390977,0.5,0.0,0.0,0.2222222222222222,0.3333333333333333,0.0,0.6666666666666666,0.0,0.16666666666666666,0.0,0.0,0.0,0.0,0.15384615384615385,0.2222222222222222,0.0,0.19047619047619047,0.1,0.0,0.16457434900738457,0.25209121479613283,0.3447768178972463,0.2659292763986948,0.34204699587148113,0.3233253422009125,0.9552896153787804,0.14545831517587376,0.20746187217974654,0.43116904813007884,0.21783298770493253,0.2633905595719428,0.27787880257560893,0.017006878938151004,0.2657992956904298,0.2293790768204378,0.20235512751376739,0.4307359716343869,0.5648250886158864,0.15866330967145226,0.2390155727209815,0.27787880257560893,0.2946514310898767,0.2871921278299263,0.599077094697851,0.14620389702895836,0.3631291727184074,0.21142196602904845,0.030776106844488504,0.207930660786343,0.21890693504162595,0.47327652982184354,0.4809083792053031,0.39215224738247423,0.3756000581342263,-0.33552457089892473,0.5289452414793023,-0.1391089237069549,-0.5976980447573376,-0.4776523375543223,-0.27812404043000605,-0.11623668038956644,-0.6440868846604263,0.5796739504920505,0.661132436967372,0.35763123329718477,-0.9914348656769477,0.16190483916723566,0.24445522730073502,-0.04657063511620847,-0.9667613140617993,-0.4588040189269255,0.32749735897227183,-0.3633993020952564,-0.0028292908184843727,-0.20797958815085893,-0.18445435465661147,-0.47522584785613403,-0.3315461906009342,-0.17493983014143058,-0.33156118568590776,-0.5682647500560417,-0.3396138562683591,0.3596920092683134,-0.6636596869884382,-0.3525800155216787,0.6311259075148031,-0.4683716265979006,-0.21094464917367658,-0.46588314171642964,0.0,1.0,2024-09-10,0.581295054287323
0.16326530612244897,0.15789473684210525,0.0,0.0,0.0,0.0,0.0,0.0,0.0,0.0,0.16666666666666666,0.0,0.0,0.0,0.0,0.0,0.0,0.0,0.0,0.0,0.0,0.14899398069303374,0.5120954182429592,0.235098659196873,0.3257163595794086,0.406885223055105,0.3219750986002629,0.9695835616718851,0.14303975990454773,0.23618058996023183,0.4217656249540618,0.25300246504784685,0.251134233135752,0.2766729834901973,0.016945243425046996,0.2702419851723903,0.24031420134255743,0.2063122555135113,0.4719517145077827,0.5335196279818339,0.28536115233217496,0.3327868462603045,0.2766729834901973,0.2932948513657667,0.28626136211118336,0.6995051593745869,0.2508791046489007,0.2723119089883357,0.08236305116328305,0.002117764568502767,0.41027105160844923,0.2615592729134182,0.5836193472653661,0.5929713052289821,0.43199676040916574,0.4143752778621864,0.94393516104424,-1.0216115995126291,-0.0058346075230899476,0.4768348935104947,2.6808595429505377,1.2312092073415966,0.4833734272822761,-0.42598962057250106,-0.6619683238190832,-1.6402187453341646,-1.2641561903567125,2.002545068832947,-1.5737279041550842,-0.22170572544795497,0.31523785504488966,1.339128986483048,-0.4681455629275179,-0.7780652386066422,2.144863140449816,-0.7399441939966831,-0.2050941794977139,-0.18475193835194526,-0.409669391461476,-0.3173569979427049,0.055487572672156135,-0.35061374711140836,-0.6537177596509456,-0.37022104001322903,0.25260429780207594,-0.7642922577098626,-0.4628051108739754,-0.29159905128115604,0.7138735245257085,0.9066919326149904,-0.52342051264849,0.0,1.0,2024-09-11,-0.2268604898939208
0.346938775510204,0.3308270676691729,0.0,0.0,0.0,0.2222222222222222,0.0,0.0,0.3333333333333333,0.6000000000000001,0.6666666666666666,0.0,0.0,0.0,0.0,0.3076923076923077,0.0,0.0,0.0,0.0,0.0,0.2508250131201111,0.38438419503993276,0.44865674118960075,0.3890453355556974,0.45293903803283087,0.29345758255355353,0.9343785102743987,0.14098289177525752,0.24833630143406138,0.38707318293406545,0.29821999408841116,0.24429033194130145,0.27383558380572914,0.023399479626574404,0.27523752789977074,0.25848315215924966,0.21479820844290387,0.5309715357872278,0.5235301092816182,0.4141609875815271,0.4363658862479276,0.27383558380572914,0.2859771632467041,0.28701947236158,0.6784677248533293,0.32880328746009063,0.2384291408345799,0.25451354181022967,0.0,0.5834428353152562,0.3021633387522886,0.6789478307393773,0.6903274217461137,0.5369086338330864,0.5154748284229986,-0.20197465080605723,0.680166141188662,-0.39176636604389936,-0.49647833006836967,-0.36360911092270265,-0.052034160221351884,0.23604141767764505,-0.1602747740231664,0.22208257727420766,0.45192074093142753,-0.25510798694689457,-0.3736326949011024,0.33454507228878905,-0.06826250864044453,-0.5928227265718843,-0.32651299771156067,-0.07878609305523465,-0.5318578828296484,-0.5263287794117258,-0.5746808418914553,-0.20004954084300158,-0.17752753727651782,-0.38749712685901694,-0.3050454990787598,-0.1961580041120706,0.8241524717463651,0.09725667679921723,-0.40240182769967175,0.601427357056851,0.021518682658096235,-0.44718234966698267,0.4783075634170234,-0.5024142606960303,0.3158692565549365,-0.2879246361770043,0.0,1.0,2024-09-12,-4.802250322311785
0.047619047619047616,0.06015037593984962,0.07142857142857142,0.0,0.0,0.0,0.0,0.0,0.0,0.0,0.0,0.0,0.0,0.0,0.0,0.15384615384615385,0.0,0.0,0.09523809523809523,0.0,0.0,0.07576241221956607,0.07816309373686423,0.08645303914810933,0.09981147989959036,0.4864149942552922,0.26959554558812154,0.896433541372865,0.14480918006976565,0.2553275176412302,0.3590834727554659,0.3507413293155901,0.2569132721353924,0.2732082283699313,0.032080144556768886,0.2797008981972233,0.28033792271129343,0.22616058563582087,0.5962467431599782,0.5321889758345352,0.5268423298241219,0.474475420899063,0.2732082283699313,0.2840728079579442,0.28739176458512805,0.6269409759190816,0.4069442684387376,0.21787383883468425,0.3909502020914534,0.017445697652348935,0.7847027408377049,0.34105351257879857,0.8837862441805681,0.9055264610252726,0.49840112136250236,0.4782322806645313,-0.8719555549205757,1.7131233468410632,-0.6497451616916734,-0.9577010032009277,-0.5420126530143785,-0.7604474091757285,4.143633541896545,-0.6470512970347374,-1.0827738917023442,-0.301577080918285,-0.4776519001510198,-0.5430191910275259,0.7442758678791177,-0.9220489811973893,-0.86526161551711,0.10356092825757807,0.021021995238975102,-0.1990156123458859,-0.39041292087479007,1.7963610051970371,-0.047912679900607616,-0.15778629623798687,-0.2047074206381644,-0.19574939834195476,-0.11641746688299091,-0.19181087616142212,-0.11537227965943529,-0.3446371216985577,-2.302116506320848,-0.06874422476889085,0.7085067066910019,4.392811900277182,-0.4743298270864467,2.3063367398909267,-0.011011616612435089,0.0,1.0,2024-09-13,-4.220986191782917
0.21768707482993196,0.22556390977443608,0.0,0.0,0.0,0.0,0.0,0.0,0.3333333333333333,0.2,0.16666666666666666,0.0,0.0,0.0,0.0,0.07692307692307693,0.0,0.0,0.0,0.0,0.0,0.14891334132880918,0.2829129886506936,0.3486477652434429,0.23355657787291528,0.4864149942552922,0.26959554558812154,0.896433541372865,0.1273689006887757,0.262318733848399,0.3573846691661767,0.3881459200841775,0.2706881730655635,0.27258087293413524,0.03846893273922802,0.28418182435160766,0.2988304208707149,0.23668130525889453,0.6469924006133764,0.5520603348295979,0.5945928980967121,0.39402490638270515,0.27258087293413524,0.28215573945031736,0.28777314222154704,0.6269409759190816,0.4069442684387376,0.21787383883468425,0.3909502020914534,0.033645274043815676,0.9045772101774517,0.34105351257879857,0.8837862441805681,0.9055264610252726,0.49840112136250236,0.4782322806645313,0.22708647783691294,0.5092144382585049,-0.6442549873150095,-0.8975488596962009,-0.403361020657095,-0.43085396654848174,-0.23416787103747663,-0.6943370475516148,1.0227017705519441,0.23059983102362916,0.11231244604045572,-0.5315205014986754,0.8894109928940558,-0.26700912702151963,-0.7675790567802323,-0.8184658165352614,-0.518970374144537,0.45487325953245195,1.497250995932293,-0.17597894267680264,-0.18238443636471735,-0.1807824382385828,0.10131808933419893,-0.2593541432694585,-0.21968627293611426,-0.330277544952607,0.6883060262142601,-0.36991844041563426,0.05512763594678811,-0.6623648462035792,-0.3332535363317786,-0.7628381175520255,0.5286384125462262,-0.4458342542616946,3.729001045086546,0.0,0.0,2024-09-14,0.0
0.07482993197278912,0.06766917293233082,0.21428571428571427,0.0,0.0,0.0,0.0,0.0,0.6666666666666666,0.0,0.16666666666666666,0.0,0.0,0.0,0.0,0.07692307692307693,0.1111111111111111,0.0,0.0,0.0,0.0,0.0819326747785255,0.08847204707860445,0.09537253281442204,0.10793699866590944,0.4864149942552922,0.26959554558812154,0.896433541372865,0.12475794190184393,0.281138947283853,0.352859391002712,0.419644225098609,0.286629047122279,0.2732513430085106,0.04485772092168361,0.28876071395046843,0.31447791931330205,0.24642271231729573,0.6857762094695248,0.5778504444817679,0.6303564647213373,0.39402490638270515,0.2732513430085106,0.28404233362277154,0.2874814867004014,0.6269409759190816,0.4069442684387376,0.21787383883468425,0.3909502020914534,0.048687737835891975,0.9666445804855592,0.34105351257879857,0.8837862441805681,0.9055264610252726,0.49840112136250236,0.4782322806645313,1.6266614157312047,-0.7462958105601968,-0.8736383267736849,0.435907170327676,0.30441731496864555,3.956827323566357,-0.21588602686058275,-0.693316564383423,-0.3568867667921743,0.1278322188013532,-0.5619319790427046,-0.37246513802481357,0.6522515636670463,-1.522312146821033,-0.9923100670322462,-0.07643031096079708,0.09971620438991834,1.1612946495567749,-0.35394254752256943,0.4082646804450215,-0.13506093250269605,-0.13148255767651967,0.28670145013946136,-0.29562745099977256,-0.16272827101406948,-0.10825629285831796,-0.3910780884591704,-0.3869648919068051,-0.7000131364266446,0.48500570798193565,-0.15451635451739096,0.10990698288334601,1.4054688331476246,0.29816282426601864,-0.2756121075093521,0.0,0.0,2024-09-15,0.0
0.21088435374149658,0.18796992481203006,0.0,0.0,0.0,0.0,0.0,0.0,0.0,0.0,0.0,0.0,0.0,0.0,0.0,0.0,0.0,0.0,0.0,0.1,0.0,0.10191745490924559,0.19980033627574612,0.125542437878267,0.22253940943810258,0.4942361158751112,0.25974015930709154,0.8139573288718343,0.22572943452465802,0.3024985605827295,0.33718832632059204,0.4387025004513836,0.31583905383051647,0.27378376778434266,0.051517103583897494,0.29345561963901723,0.329232302301282,0.25626142396788687,0.7191120478756355,0.6069858795453923,0.6505703198344827,0.40559380972771053,0.27378376778434266,0.28564666304427,0.28717400576725893,0.5587242459622583,0.44666951445604414,0.24491269299948804,0.39095020209145337,0.06265573992853413,0.9770961638389198,0.37923582278703183,0.792921654275835,0.808118540181559,0.5267765457639617,0.5054990494188388,1.888865962751576,-0.5152330754123414,-1.3136347066240661,0.830053227963837,1.8157040621605613,-0.7708023428606565,-0.3345886142982587,0.31434953203941585,-1.330849653895509,0.3452427529776467,0.23336012218150726,1.3848423175467912,0.4651843329687202,-1.1911483976460358,-1.2312023129632794,1.289692384276319,-0.19157017432183063,-0.5851793641110797,-0.43243901155962416,1.2919700395561382,-0.1277275802108912,-0.1787184994499423,2.357370180933381,-0.335913976552038,-0.21300821206904558,-0.1282908805335209,-0.5119958918063021,-0.14536547011720283,-0.38056040724796936,-0.5043062535166747,0.34886083414950003,-0.3621425973394658,-0.4686051790528249,-0.29193191743107616,-0.31361614525240994,0.0,1.0,2024-09-16,-1.8201605923234496
0.3537414965986394,0.3684210526315789,0.21428571428571427,0.0,0.0,0.4444444444444444,0.0,0.0,0.0,0.0,0.0,0.0,0.0,0.0,0.0,0.38461538461538464,0.0,0.0,0.047619047619047616,0.1,0.0,0.20367314465956082,0.47175283732660783,0.40280433397068194,0.47705330649470223,0.49588471475512197,0.26075013533369423,0.5688248241027598,0.6181221816127292,0.3155587616994495,0.3352792092943292,0.448072416496446,0.3452428103550522,0.2768804258827622,0.058063587478779155,0.29817498013147414,0.3420359537743929,0.26554395444247625,0.7443540733155737,0.6367329950067203,0.6542663485952112,0.40717605019437497,0.2768804258827622,0.29348111453025183,0.28645515643810526,0.5367982130390709,0.5211148717461627,0.20459121035471395,0.5399830059859467,0.0968303988650897,0.9455869748417204,0.4174906745744762,0.7553395034617135,0.7685394803435057,0.5182436152227303,0.4972751897777984,-0.160668984665307,0.6110958960015249,-0.37127521954261167,-0.9160329987900343,-0.4468103066215689,-0.2249105554301653,-0.05406427543833912,-0.664732935881321,0.7828851102815553,0.855612196756283,-0.2065595286117391,-1.2148655413688825,0.2747282807355837,0.010241279301881165,-0.19451617527270357,-1.097912142262951,-0.571366036237939,-0.5760873242761312,-0.5436294875848019,-0.8141446783883589,-0.22378338377530899,-0.1857539066441435,-0.6301623224635506,-0.06928153025750625,-0.22040646492871047,-0.36523787305286987,-0.42125257713909103,-0.4197733172924377,0.7307596381713353,-0.17339437852384051,-0.49357576570131506,1.2644934618385433,-0.5376323953936495,-0.4045316671994874,-0.4761425730079287,0.0,1.0,2024-09-17,0.1899874020604652
0.5306122448979592,0.5112781954887218,0.14285714285714285,0.0,0.3333333333333333,0.0,0.0,0.0,0.0,0.0,0.16666666666666666,0.0,0.0,0.0,0.0,0.07692307692307693,0.1111111111111111,0.0,0.0,0.0,0.0,0.29684652523790506,0.5087221521647751,0.5678335961196816,0.4124490474862306,0.4778300722369364,0.29907509086690903,0.5611133690034582,0.8026284730390456,0.3365056304647642,0.3712710746895991,0.44619935255369914,0.37252471436979295,0.2788012204759234,0.06502266301186843,0.3024000683324264,0.349374381167876,0.2722485254428406,0.7519685857974648,0.6624730067404216,0.6300537521475686,0.5899325864131206,0.2788012204759234,0.2977994776523989,0.28639602576414,0.539635599993574,0.5148245121583628,0.16667622907323315,0.6015666431026554,0.13732612398777844,0.8747381571982885,0.37648313091677643,0.6327964416619419,0.6423009654541791,0.5380052308682584,0.516427175311282,0.0625666991429413,0.38043766974645016,-0.38197657644346716,-0.5224097321759109,-0.487190184427251,-0.23949311579344182,-0.1115062819262393,-0.616228985140054,0.48002463348832003,1.8645002071355348,-0.3465892964992662,-0.790785158366422,0.18772331113791357,-0.3244772182959572,-0.28703705056619033,-0.5120321314872098,-0.3444331752170583,-0.40956431237656443,-0.5342583966360818,-0.8030952327766316,-0.213282300199696,-0.19445263953462938,-0.6033935990183081,-0.2947610000634226,-0.2151843099742899,-0.3197060786534293,0.6286772572889348,-0.42105463235620727,1.2409092969796078,-0.630438265139899,-0.4644927877065577,-0.23574766706889205,-0.5360948423525856,-0.3864786128859004,-0.298958472456628,0.0,1.0,2024-09-18,7.195667324892563
0.15646258503401358,0.15789473684210525,0.07142857142857142,0.0,0.0,0.2222222222222222,0.0,0.0,0.3333333333333333,0.0,0.0,0.0,0.0,0.0,0.0,0.15384615384615385,0.0,0.0,0.047619047619047616,0.2,0.0,0.130335912676,0.1887452711223203,0.2376841833102725,0.23613738780365678,0.5833463424278165,0.350600881602351,0.583368170776021,0.8825326670195669,0.33110547246361266,0.42745604343594834,0.467347897968045,0.40406460705702596,0.2835660121134662,0.07234613188471073,0.3079519177850649,0.3760120779480758,0.28950426957659303,0.8146641236068586,0.6990574723027776,0.6955804772078718,0.7233444165807809,0.2835660121134662,0.31739753898087564,0.27989918676785486,0.5949089480379697,0.5499202673448076,0.11460978376190606,0.7337907407236932,0.19374212767772359,0.8586388474863738,0.42119151710103786,0.7207016058837152,0.7296506497164463,0.6472131319447195,0.6219513385085779,-0.3740535280800946,0.1261500961601596,0.2396041390276683,-0.47667264061712455,-0.47893095145708986,-0.24787608282719745,0.8527824792113,-0.666252610646052,0.35379595894223786,0.6955521860551133,-0.308921554860202,-0.8898408683640011,-0.1652308722516486,0.4832439583419795,0.708797282700443,-0.7229476224033893,-0.43634616188826897,-0.16880868278535746,-0.52946112754445,-0.5477054342124469,-0.1876704798056383,-0.18536631775350115,-0.7797525955879936,-0.32545712097443447,-0.1850187669743021,-0.27676724009238346,1.0914189373532641,-0.3818952367597403,0.9053758726619888,-0.6973105909744356,-0.3396609469718931,-0.470898144633952,-0.36532974351410463,1.5566330648857516,-0.15543203062637354,0.0,1.0,2024-09-19,9.02478470169774
0.06802721088435373,0.07518796992481203,0.0,0.0,0.0,0.0,0.0,0.0,0.0,0.0,0.0,0.0,0.0,0.0,0.0,0.15384615384615385,0.1111111111111111,0.0,0.0,0.0,0.0,0.07106360186637971,0.12316099201345104,0.17333681080681337,0.1286338845558016,0.5710774609200504,0.9449447065192174,0.4851087238343563,0.9834662700331542,0.45434001044414396,1.0,0.4858196107308075,0.43098116697190303,0.28752082626048825,0.08213943182784256,0.3125716722266212,0.3961763762230275,0.3041972289515087,0.854050972058485,0.7383718913028035,0.7120759975138333,0.727404669159973,0.28752082626048825,0.3323399512631138,0.2754530409001372,0.5495315610636307,0.5133742433352957,0.13603629981702658,0.6578246081848051,0.235319963666473,0.8724950998863661,0.3337943556208165,0.6530756146837343,0.6611706688024797,0.5700709329831958,0.5468148210788006,-0.1784711321798342,0.7624540662768083,-0.4836371266817332,-0.9403654576206565,-0.3385287797536497,-0.03684784441811904,-0.12857744575679336,-0.6764824842564167,0.8176059644936201,0.6674541725617867,-0.2546108832419941,-0.9252704068229071,0.5040242916908076,0.015231696540217533,-0.22154617384126837,-0.797697228113506,-0.5740835299935774,-0.5883330292461708,-0.32303209823385415,-0.820604571642488,-0.21978119288377806,-0.1987121525660483,-0.43738879940871667,-0.3744746985920031,-0.2304354586339444,-0.3623411638541116,-0.7698084450017932,-0.41211814490656407,1.3783140920171117,-0.876105914761896,-0.4956566244301249,-0.34614334638679395,-0.5445748087355973,-0.44952755581719667,-0.6330772179797101,0.0,1.0,2024-09-20,95.48270232797373
0.5578231292517006,0.5488721804511278,0.2857142857142857,0.0,0.0,0.0,0.0,0.0,0.0,0.4,0.0,0.0,0.0,0.0,0.0,0.15384615384615385,0.0,0.0,0.14285714285714285,0.0,0.5,0.19474471317626674,0.2416456494325347,0.308098505081571,0.26972320141406875,0.5710774609200504,0.9449447065192174,0.4851087238343563,0.9972829297255625,0.5775745484246748,0.9448805811606584,0.50258490602506,0.45027768373491206,0.2914756404075103,0.09576478617363904,0.31698284770342156,0.4132384747633724,0.31780182096531995,0.8815757872927968,0.7768444907882734,0.7069893719675152,0.9950122501438793,0.2914756404075103,0.34667869801404194,0.27143830037855476,0.5495315610636307,0.5133742433352957,0.13603629981702658,0.6578246081848051,0.2739279542274542,0.9256909809325912,0.3337943556208165,0.6530756146837343,0.6611706688024797,0.5700709329831958,0.5468148210788006,-0.5614954033719783,-0.35628815058783436,0.8242807233247844,0.15135979695130497,-0.45012250240047347,-0.3226867719099572,-0.24555262857555962,0.09026162362969643,0.159367426456297,0.09858746015989989,0.45829249431727415,-0.39704771186661725,-0.11905755080573027,0.26626362039150303,0.10467507620652255,-0.7436191250685384,0.2774033270789807,0.7985064288932477,-0.4142454038672006,0.8417622769470892,-0.0508308423386416,-0.15857497329213224,-0.13406087139373887,0.626360493410508,0.7071415200562587,-0.2142947310279409,2.2724524943672386,-0.24782424822086602,-0.5999458551730623,-0.05210530320510738,-0.21333500026705443,-0.2417568149349496,-0.47390347430013285,2.337468142548979,3.571486975968148,0.0,0.0,2024-09-21,0.0
0.4965986394557823,0.45864661654135336,0.0,0.0,0.0,0.0,0.0,0.0,0.3333333333333333,0.0,0.0,0.0,0.0,0.0,0.0,0.23076923076923078,0.0,0.0,0.19047619047619047,0.2,0.25,0.1491036977904706,0.23468894493484657,0.23773555507759114,0.2476401383152822,0.5710774609200504,0.9449447065192174,0.4851087238343563,0.9684472322309429,0.7008090864052061,0.8944690034429121,0.5189905089293765,0.46416177525617996,0.2954304545545323,0.1093901405194373,0.3214291429067977,0.4276756350667421,0.33039866542255325,0.8994933136504621,0.81219299540303,0.6881122842976294,0.9950122501438793,0.2954304545545323,0.3604690047712804,0.26781549865924514,0.5495315610636307,0.5133742433352957,0.13603629981702658,0.6578246081848051,0.30977823117693726,0.9136857706939384,0.3337943556208165,0.6530756146837343,0.6611706688024797,0.5700709329831958,0.5468148210788006,-0.31243409910025083,0.04584777166936415,0.25081363366828546,-0.37959599134591393,-0.43942807493443636,-0.22658294409845958,-0.14559851827070194,0.09971347430758305,0.31171384805188845,0.5212976246954731,-0.2610727024810756,-0.9137744123991022,0.1847409909863134,-0.009214401515508128,-0.017759810270533482,-0.878425127372094,-0.30250417698919063,-0.12753962385322712,0.18074304273527686,-0.21393974344722436,-0.17060316492679997,5.029342500113952,-0.16944394523458642,0.017504292160982808,-0.19270323772807074,-0.35517770342119254,-0.5136282002819967,-0.41593326944178394,-0.28430320708528695,-0.4729432262843371,-0.3246139168798323,0.3501257719066787,-0.48808835032466535,-0.2649312046634706,-0.34126583456151455,0.0,0.0,2024-09-22,0.0
0.30612244897959184,0.3157894736842105,0.2857142857142857,0.0,0.0,0.0,0.0,0.0,0.0,0.0,0.0,0.0,0.0,0.0,0.0,0.15384615384615385,0.0,0.0,0.19047619047619047,0.1,0.0,0.17805766146924706,0.3942307692307692,0.3184044719405713,0.31085485968526216,0.5887998988801737,0.27404377078338876,0.4836670229700586,0.9084433850688455,0.6895347669483014,0.27340373252923533,0.5432019788267057,0.47619445142932726,0.30928070232997484,0.12362865421921931,0.3261383272521492,0.44332280955716996,0.3439179922960225,0.9195724171280069,0.8455936019156693,0.6763422693757463,1.0,0.30928070232997484,0.389694451265143,0.26875617826897624,0.47471888274312724,0.5662218399426036,0.16278953841992994,0.6578246081848051,0.34306777405859945,0.9306280884172506,0.373004023447038,0.6677130331318326,0.6755929284312922,0.5883711629562159,0.5643208787546058,0.6076211190301826,0.4031896643963628,-0.9070079783713989,0.10057407531193956,1.5505128398062664,-0.10078825022265488,-0.2106596124501145,-0.6841891422243671,0.01616397484866749,0.01749075912778635,-0.4492648801090832,-0.4368095959026417,0.031199331067781947,-0.40130427720886486,-0.6485197760193865,-0.2262347223184836,-0.2558139211045292,-0.22710060503733737,0.05167835016049124,-0.15020771522760493,-0.19130841757982947,-0.16953853327549598,1.6022256312677652,-0.3090367735365253,-0.1491666640717092,-0.245437893761924,-0.549442776193006,-0.33258054787139135,-0.10805400260554587,-0.25859162815115866,-0.4319485669468715,0.21755406685750242,-0.5157820209258728,0.9979550534331191,-0.4469323082287845,0.0,1.0,2024-09-23,-55.13622277641771
0.22448979591836735,0.21804511278195488,0.07142857142857142,0.0,0.0,0.0,0.0,0.0,0.0,0.0,0.0,0.0,0.0,0.0,0.0,0.3076923076923077,0.0,0.0,0.09523809523809523,0.1,0.0,0.09994254715538158,0.17120638923917614,0.18910624979888802,0.1392914870237011,0.6046862989657367,0.32711932565153506,0.4823099318723829,0.7792872976173164,0.7027429267704832,0.32033300729931147,0.5478579446054868,0.49009415974443815,0.3248268638789913,0.14454953774953694,0.33108316552372585,0.45963837990865475,0.35809923196041815,0.940091347379493,0.8775480815100463,0.6676041657817331,0.9846368838390124,0.3248268638789913,0.4194537139679184,0.27198794016070593,0.43233066940485987,0.5556322297192455,0.13636286484328103,0.6971170094703942,0.37957001106968147,0.9609202247361803,0.4160258456870638,0.6887612096432878,0.6965146007840812,0.7412499532858589,0.7153821626575319,-1.1537211513282262,-1.7291826888281048,2.5426828472438947,1.3028528776999608,-0.5556549298599371,-0.7629858553242845,-0.33494799618112364,2.8172975554380795,-1.2161856847985437,-0.4292942221598757,-0.5781899851438521,-0.23276497834115112,0.20700539582934063,-0.2524707122028621,-0.06782278225414723,-0.5004399145960239,-0.36373048945819386,0.9317143463663615,-0.5314061586379927,-0.10108596575055237,-0.11999869993903302,-0.18125936112951918,-0.7694171718235323,-0.2877451755505628,-0.0417304620051807,-0.3188617711649885,0.49293653217943906,-0.4099614751169227,0.46202837091829135,-0.37681771273116,0.36801641780877054,-0.07946117534503186,-0.5008087619164318,0.32992911696879446,0.3015433956167746,0.0,1.0,2024-09-24,9.722485869303444
0.0816326530612245,0.08270676691729323,0.0,0.0,0.0,0.0,0.0,0.0,0.0,0.0,0.0,0.0,0.0,0.0,0.0,0.15384615384615385,0.0,0.0,0.0,0.1,0.0,0.08230673981860467,0.09092055485498109,0.13506145700493566,0.10116069238291422,0.592881963669246,0.28879282344752927,0.4271451270831528,0.5601836310134973,0.7061995367084877,0.2841415938676266,0.5526152653827436,0.5026065762064942,0.34081044822106676,0.16300668274360497,0.335169753958791,0.47115850870932086,0.36999406704671145,0.9452637894898338,0.9044310581863841,0.6369600243059524,0.9282531629865408,0.34081044822106676,0.441530161245554,0.2813995016794282,0.3834374142206465,0.545935447093191,0.12187904084343681,0.715989688332638,0.41615014815201257,0.9621812253692346,0.3757568264070006,0.6980012297667436,0.7062072214744178,0.7391822598934974,0.7137237666621856,0.83946557782191,0.08783094337832738,-0.8535753530923876,-0.868953087809204,-0.5912311999279872,-1.0325249392846032,-0.5336460460954646,-0.7078385945029648,-2.743953148611409,-1.3898630878843712,8.29335577236933,0.5997750466056472,-0.77616698756282,0.4135369937763943,0.7810256603388276,-1.010061383182223,-0.5936720088385886,0.42098349886380826,-0.5592206430072691,-0.8271887762838093,-0.2333739211496822,-0.19724559239473757,-0.8227367463311245,0.19722766024966004,-0.23015488727026537,-0.3926268302358912,-0.03429408863882402,-0.4313556444225737,1.1448813406083647,-0.9444316458486163,-0.5095590399615493,-0.04026277024925393,-0.5267831734103728,-0.4620361755088918,0.14725790204112382,0.0,1.0,2024-09-25,-6.398620087742179
0.3197278911564626,0.2932330827067669,0.0,0.0,0.16666666666666666,0.0,0.3333333333333333,0.0,0.0,0.0,0.0,0.0,0.0,0.0,0.0,0.07692307692307693,0.1111111111111111,0.0,0.09523809523809523,0.0,0.0,0.16729776517622566,0.28547709121479614,0.26225908193571074,0.2560059277978097,0.6184482103897384,0.4073095661588431,0.4274105921252538,0.27087165242497835,0.7252259550366214,0.3898846486645192,0.5629506467156036,0.5172044694756117,0.3654194565772464,0.1838996265855979,0.33940912882926,0.48585601006918466,0.38368465094194804,0.9592143204068816,0.9294959583967346,0.6259744459995005,0.9102100827858212,0.3654194565772464,0.4493643444288722,0.31458190041413303,0.36056152512641626,0.5928798717781196,0.09899883639683876,0.8018562979050727,0.4623345102573142,0.9321898446028026,0.4245383167287544,0.5798086674598928,0.5873112889553764,0.78461294754239,0.7590122402144357,1.1419568373137565,-1.4016126878525852,0.13401692519124597,1.348039517521785,0.28502809548157354,4.262255164190858,-0.034811955177117174,-0.7478704272982019,-1.3826631377060823,-1.20972667499066,1.7944755716539054,1.6473586199780599,2.0729624074379056,-0.42764210301584676,0.2774094807055407,2.0554054662699976,0.17340280146106166,1.1458080186476978,0.17649963554217146,1.0222757306031989,0.12758706066492637,-0.12161741960081972,-0.5446701035791529,-0.137043115806848,-0.1293029065462393,-0.2665097468636851,0.9179804941859864,-0.13556270535923434,-0.8826543374483238,-0.38551052501652533,0.6137881174908102,0.5513963370698101,-0.04851618017676327,1.0099051087648696,0.8249172168702199,0.0,1.0,2024-09-26,21.139007589153948
0.1836734693877551,0.18796992481203006,0.0,0.0,0.0,0.0,0.0,0.0,0.0,0.0,0.0,0.0,0.0,0.0,0.0,0.07692307692307693,0.0,0.0,0.0,0.2,0.0,0.11369177494699259,0.19057377049180327,0.27373869609422147,0.197408436694547,0.6104828633764194,0.33111282963421235,0.36819349905442,0.31241512773297847,0.7277610031734127,0.31923252946890057,0.5715481433885667,0.5306724940584759,0.3895026018561065,0.19993130761310773,0.3435303482153351,0.49675024291799375,0.3955271264647813,0.9611656170671756,0.9500456177569141,0.5986914725602664,0.8363465301250032,0.3895026018561065,0.44424786610034595,0.3561906973855917,0.32647034024950217,0.551662565118554,0.08143749379355225,0.8018562979050725,0.5052199893550944,0.872764790551732,0.3812296608631174,0.5861707139834061,0.5936698213630069,0.8848985870854783,0.8639687052975731,-0.007109688790244689,0.5717440175086689,-0.48022844886930466,-0.4855910011995605,-0.46183480090230167,-0.20744758980102374,-0.18958852911316623,-0.694732824094579,1.2597231635980952,0.30463363854533804,-0.4253760839660832,-0.523238253111723,-0.08033276493293891,0.162256438140648,0.13199560879260744,-0.505639332400993,-0.6208014234501044,-0.5544580029207233,-0.582708421693264,-0.8912296163864969,-0.24059156255905942,-0.20149664825948804,0.7368111227248093,-0.3906993333593929,-0.2384021077128124,-0.40702213193568193,-0.8582972061947389,-0.43313569369979776,1.2306123039071695,-0.955434821614275,-0.5464928758931588,-0.40407958624711443,-0.5267926122522734,-0.47586409504096794,-0.7042196862416417,0.0,1.0,2024-09-27,-11.219080065039469
0.25850340136054417,0.24060150375939848,0.21428571428571427,0.0,0.0,0.0,0.0,0.0,0.0,0.0,0.0,0.0,0.0,0.0,0.0,0.07692307692307693,0.0,0.0,0.0,0.0,0.0,0.16049103535646977,0.2711118116855822,0.3342873804406794,0.22757333297488752,0.6104828633764194,0.33111282963421235,0.36819349905442,0.32069254738872355,0.7302960513102046,0.3187500774871175,0.57627894686971,0.5462623711511352,0.4135857471349631,0.21501186184607057,0.34787900849551967,0.505968439943909,0.40649238157851464,0.9581399043167276,0.9657135426534924,0.5691939914452128,0.799816993952771,0.4135857471349631,0.42432401436133915,0.4083814801094663,0.32647034024950217,0.551662565118554,0.08143749379355225,0.8018562979050725,0.5450422199458904,0.8423708721865366,0.3812296608631174,0.5861707139834061,0.5936698213630069,0.8848985870854783,0.8639687052975731,0.247729119329785,0.3308259011461689,-0.5115125707786662,-0.10361903117648395,-0.2748966876936075,0.9503339669312135,0.26718991607874515,-0.15894482666601384,-0.37489700457571057,-0.08436677555774567,0.4539973481062436,-0.1128792845084954,1.129558770000652,-1.4044924461159467,-1.3081261766083452,0.019437935043674002,-0.1906364031092966,0.051212648923038874,-0.33682009590128686,-0.18002070306850834,-0.1797051965275945,-0.1577402140976858,-0.15794860572541974,-0.29732807593814314,-0.1918906878248579,-0.34775534340053144,-0.5837037937968526,-0.4018178418836436,-0.2663939012358716,0.48560120197821494,-0.35850357730774673,0.5758929827470096,1.7105189809211094,0.021001288529739183,-0.48541016328608916,0.0,0.0,2024-09-28,0.0
0.11564625850340135,0.09022556390977443,0.0,0.5,0.0,0.3333333333333333,0.0,0.0,0.0,0.0,0.0,0.0,0.0,0.0,0.0,0.0,0.0,0.0,0.0,0.0,0.0,0.10628695182662753,0.3003152585119798,0.20899728519968094,0.2020643119016335,0.6104828633764194,0.33111282963421235,0.36819349905442,0.26160867460379494,0.7327259885114414,0.3182884164270706,0.5775436451123088,0.5494515616889073,0.4330947466471162,0.2300924160790334,0.3523679714023018,0.5137684528119912,0.41664539557271496,0.9512493062758056,0.9764902202068604,0.5396390295333832,0.799816993952771,0.4330947466471162,0.41177356863236625,0.4480945680584698,0.32647034024950217,0.551662565118554,0.08143749379355225,0.8018562979050725,0.5820200054944868,0.8262870174975151,0.3812296608631174,0.5861707139834061,0.5936698213630069,0.8848985870854783,0.8639687052975731,-0.9648672096194727,-1.331696144145184,2.02903046186343,0.7507765009557439,-0.551638247354422,-0.5256613399410924,-0.3106718405313667,1.2356800892488229,0.020229455972959342,-0.12834377173690747,-0.5973835820755058,-0.31833945466130575,0.46716746377132173,0.6535696387656286,0.3133739902177347,-0.3797698918426508,-0.5098784375050255,-0.7748157198437539,-0.5594702221011412,0.18490382831446722,-0.09987919273932944,-0.18822699820166547,-0.8188915828691634,-0.2750556320681268,10.20208996271575,-0.06577763670517542,-0.7031729175272237,-0.4011100270722349,0.38799254907307945,-0.7826175634745633,-0.4197319696998613,-0.3588075684812076,-0.5131458800953763,-0.3280336861532948,-0.4855419422396101,0.0,0.0,2024-09-29,0.0
0.2040816326530612,0.21052631578947367,0.0,0.0,0.0,0.0,0.0,0.0,0.0,0.0,0.0,0.0,0.0,0.0,0.0,0.0,0.1111111111111111,0.0,0.0,0.1,0.0,0.16451181566662865,0.2818200924758302,0.2991389301462515,0.26708190375057544,0.6373763078191237,0.41265331374217,0.3707397419662093,0.26720495870551136,0.7520593709411778,0.3890462722489124,0.5872514504371704,0.5572432626072441,0.45259204921844365,0.24610342734381163,0.35725586331367154,0.5255751131243143,0.428862142963526,0.9564213814976085,0.9864308616640043,0.5345873498191854,0.8342521554217922,0.45259204921844365,0.4015516599461293,0.4861251502406274,0.3275545934155899,0.5507570814567617,0.08105169690153913,0.8018562979050727,0.6163565206467545,0.8772089022606205,0.43039496612541495,0.5997284930566092,0.606810997011699,0.8411245083859553,0.8164288743539931,-0.2797034162139331,0.36278663839187003,-0.049415966050363504,-0.718487151403255,-0.48338940660806884,-0.22536693884937337,-0.11538080698285431,-0.5904025198329461,0.7525717476747159,0.7698940311214284,-0.10403809643630983,-1.1909665692090659,0.2998520197345614,-0.07388071966790745,-0.27380614670975423,-1.0930720141086325,-0.49823366524023216,1.2680810068764046,0.08135646932768452,-0.6817666639482964,-0.21951236993855927,-0.12840135757561016,-0.6661601968819992,-0.34658087440487995,-0.22122524184204562,-0.14276542826558902,-0.6923068670446241,1.0704964553958576,0.5121606600778449,-0.5475628653849469,-0.48770262810768733,-0.6291718766608636,-0.515412140716292,-0.39501139232246263,-0.5414785298141549,0.0,1.0,2024-09-30,13.5230458660059
0.6394557823129252,0.6165413533834585,0.14285714285714285,1.0,0.3333333333333333,0.6666666666666666,0.0,0.0,0.0,0.2,0.0,0.0,0.0,0.0,0.0,0.07692307692307693,0.0,0.0,0.0,0.2,0.5,0.32416256939065935,0.623097940311055,0.6692561424544754,0.5594577610801764,0.5779365397465206,0.3507014152037739,0.37922672028393745,0.2542629958312106,0.7582766493043933,0.3313165883507989,0.5784125874422577,0.558049368494312,0.46388466103121395,0.2600491443232169,0.3612620441611938,0.5240576513821624,0.43395045900142826,0.922793258014371,0.9858054710449007,0.4707429654197441,0.6004884154888473,0.46388466103121395,0.38903297186721275,0.5128674353791398,0.35379620864410355,0.45043421597565264,0.14124948144789373,0.5831520291145427,0.6171232077767881,0.8061897769372776,0.38567935911014395,0.48837151732453865,0.4976542107167823,0.7517936835787662,0.727133468162121,-0.12514880597532105,-0.12377743195504695,0.22149622408759637,-0.3601442447092418,-0.33953981288510415,-0.011847882305992782,-0.22083244966082446,-0.5596518514023989,0.10951259361870698,1.7755002722063622,0.07965917440873078,0.021816296652431965,-0.9372592042342814,1.1633631348217697,1.4984205156099795,0.20675022276085087,-0.31338259906569826,-0.16978572930374933,-0.5387778027656094,-0.09857280177985456,-0.2020274500289981,-0.18334724051602003,-0.7544054502224464,-0.2822570848148835,-0.20397640516679244,-0.3443668852164401,0.09966698874853154,-0.4248332949504686,0.6080139734087509,-0.343356888026839,-0.43047420532015723,0.07317871635710199,0.12047054893119258,-0.03779100033123084,-0.29056340757961185,0.0,1.0,2024-10-01,-9.050484326879404
0.54421768707483,0.47368421052631576,0.0,0.0,0.0,0.2222222222222222,0.0,0.0,0.0,0.0,0.0,0.0,0.0,0.0,0.0,0.3076923076923077,0.0,0.0,0.14285714285714285,0.1,0.0,0.2555818708440596,0.35880622110130306,0.4837989817099573,0.33555569744036073,0.5788105348277321,0.320366560977496,0.3772880036842772,0.22742119962529098,0.7641005985297857,0.30263024237321634,0.5715022979299542,0.5589581897164937,0.4721945529343632,0.27057885595778686,0.36555605773016353,0.5229428532940945,0.4387533721335366,0.8928170959026647,0.9776588016376566,0.4252962536683299,0.6121437686661328,0.4721945529343632,0.3830990455198062,0.5302035338925633,0.3320914179570522,0.4066709183829335,0.14510333805892595,0.526596312564737,0.609788390283837,0.654192054318869,0.4282161636857964,0.5071142804666725,0.5159589877700672,0.685744071208527,0.6603505629924883,1.2941450611535157,-0.7788012702421305,-0.5374781663338491,0.6662197149356145,-0.023118409426662413,2.6369914496973053,-0.1426018110063164,-0.6854328844388995,-0.21332075417680185,-0.08914986371329214,0.2878471625478834,0.17700791308369437,-0.6373293389221442,0.5598239603635586,0.9867905734724918,-0.09189577021794271,-0.5690917470115623,-0.7361294203895855,-0.5277430832169806,-0.8384336059943416,-0.22903898028755001,-0.1972061278018622,-0.7218646408441578,-0.3742239324391704,-0.030663545383985833,-0.32471932332390446,-0.6338612700319213,2.8458257986388054,0.6603518193278548,-0.9112811883983366,-0.5254280750262947,-0.4405302571377647,-0.4913084405551553,-0.3989657425452252,-0.5457303518542723,0.0,1.0,2024-10-02,-4.872577126985622
0.326530612244898,0.2631578947368421,0.0,0.0,0.0,0.0,0.0,0.0,0.0,0.0,0.0,0.0,0.0,0.0,0.0,0.0,0.0,0.0,0.0,0.0,0.0,0.09873160549623206,0.20667297183690628,0.2276390269622745,0.16619172595024545,0.5681902521999778,0.2845456654551079,0.3748155042776544,0.18259299213889407,0.767336274654205,0.2695237952261994,0.5622748681560035,0.5565360630811815,0.47759326170621286,0.2799457906504763,0.36934087132097737,0.5199434448561,0.44208854471245296,0.8596275440137593,0.9626754337176899,0.38398606222469844,0.6312784206891342,0.47759326170621286,0.37996840572125024,0.5409485845050686,0.30647078867829025,0.36818191811002404,0.12249746628339647,0.526596312564737,0.6029774883260968,0.4157578554469306,0.38825219674342737,0.45361862857051594,0.46380048425368353,0.6272222683940767,0.6025569165860352,-0.8027865486318633,0.011363476915929089,0.7350865387504858,-0.41842422568552295,-0.453694365652633,-0.6141753702504569,-0.24117702606174402,-0.5695603039376915,1.2721524949080374,-0.030569275614154144,-0.1557423158850118,-0.4505431959327438,-0.34186108483388294,0.1669224116693138,-0.5016752586047872,-0.8532178167413328,-0.5273135325398031,-0.5104440189580393,-0.2130218249355622,-0.7193157912313148,-0.16443969416966078,-0.17321593763019497,-0.7214209408041129,0.18637208616738915,-0.18338980026901236,-0.37634427609529647,-0.7617639666037045,-0.4049992244762327,0.8945375157267124,-0.7100335586158815,-0.41155733726720645,-0.7769036727881443,-0.46591433905779356,4.08548385289881,-0.5495614682715392,0.0,1.0,2024-10-03,-6.048497669134645
0.8095238095238095,0.744360902255639,0.0,0.0,0.0,0.1111111111111111,0.0,0.0,0.0,0.4,0.0,0.0,0.0,0.0,0.0,0.3076923076923077,0.2222222222222222,0.05555555555555555,0.047619047619047616,0.0,0.0,0.3419016080851232,0.6939155107187894,0.7738569640640375,0.5450079138117017,0.6247536149527706,0.26628721676591144,0.3664901028821075,0.10307038081181523,0.766620248249267,0.25306811775895327,0.5653884701382248,0.5588944528830853,0.48672621883549816,0.2879011450095419,0.37382360033606865,0.5283563161712879,0.4510989879968097,0.8618011960905514,0.9512431972712772,0.40544348363080895,0.550352628107127,0.48672621883549816,0.38369319513685873,0.5526792080900584,0.29804217718553083,0.45260885766438635,0.0946392425637525,0.6799997963685269,0.6184793105109723,0.48841450305472117,0.4269047496848932,0.5490133916807078,0.5569829624230922,0.6510623771836421,0.6248350736403184,1.8764043056616426,-1.2490172249058382,-0.677276620803074,0.853162120442766,1.4112241496531153,-0.1964799376051284,-0.21997289683965757,-0.13281781625752057,-0.773544217200244,0.058944982104199385,0.21219165031055076,0.6026089864917235,-0.9906440391146757,0.5685767400864934,0.9965609006502014,0.43691836304782183,-0.5458895675020156,-0.7616151585001242,0.4433684855000075,-0.7626732270857678,-0.22234529325565436,-0.19020496391361283,-0.6090071383289267,-0.3573673900683965,-0.22768958832484232,-0.3841084935627722,-0.36068954483000126,-0.40622515839300366,0.7750528710615305,-0.8411432756993502,-0.4893003765072814,0.2616313239057227,0.2690651916079693,-0.303596513876328,-0.46518825946247216,0.0,1.0,2024-10-04,-3.281491056164787
0.25850340136054417,0.2781954887218045,0.0,0.0,0.0,0.0,0.0,0.0,0.0,0.0,0.0,0.0,0.0,0.0,0.0,0.15384615384615385,0.0,0.0,0.0,1.0,0.0,0.25999379530897254,0.33194619588062213,0.4960220751822992,0.31563003014305346,0.6247536149527706,0.26628721676591144,0.3664901028821075,0.07371689749422887,0.7659042218443286,0.25318668692472757,0.5626344426912917,0.5626401345380447,0.49585917596478524,0.295434339087981,0.37822476793276394,0.5354748995918337,0.4594419910378811,0.8600820514980547,0.9416588865619712,0.4166094237159887,0.5820074458793597,0.49585917596478524,0.38386315836403284,0.5669502633259258,0.29804217718553083,0.45260885766438635,0.0946392425637525,0.6799997963685269,0.6328738596826424,0.6420497479575774,0.4269047496848932,0.5490133916807078,0.5569829624230922,0.6510623771836421,0.6248350736403184,-0.39614648104258104,0.6174400523445968,-0.158219593305911,-0.44531023795382885,-0.4315675904914035,-0.5119142480024718,0.3134406856020315,-0.34642128898056596,-0.17342520909542009,0.4517014023650238,0.9050002658465436,-0.3298651057219427,0.9510908924942809,-0.5593703380830688,-0.7074747338854247,-0.3453822074058854,0.2838972858153972,-0.7948049530393525,-0.22426390877078925,0.049712810218886426,-0.10727552924309777,-0.19074962916968835,0.38671957944554664,-0.1827524259372571,-0.18624926420938773,-0.3761274956263497,-0.7638013350457643,-0.4248374711039012,0.3173896495153356,-0.04803732413297547,-0.22309398761433516,-0.7827087216847591,1.2264434444601366,0.14970999413112474,-0.5736463072408513,0.0,0.0,2024-10-05,0.0
0.33333333333333337,0.3157894736842105,0.0,0.0,0.0,0.0,0.0,0.0,0.0,0.0,0.16666666666666666,0.0,0.0,0.0,0.0,0.0,0.0,0.05555555555555555,0.0,0.0,0.0,0.19743359278093928,0.25886927280369904,0.3060001659703252,0.2516928164096498,0.6247536149527706,0.26628721676591144,0.3664901028821075,0.0004149676202125224,0.7673212109850969,0.2529520987494074,0.5728490230085281,0.563381170450767,0.504475791611867,0.30296753316641833,0.382993358541599,0.5414983163322917,0.467166993853688,0.8553325863765378,0.9327799384928657,0.42087151976273496,0.5820074458793597,0.504475791611867,0.38189734265663766,0.5819339416398739,0.29804217718553083,0.45260885766438635,0.0946392425637525,0.6799997963685269,0.6462402267706222,0.8311995843508581,0.4269047496848932,0.5490133916807078,0.5569829624230922,0.6510623771836421,0.6248350736403184,-1.3645431763554903,-0.9547064475987164,2.0788219034997533,0.46842722479611504,-0.4215080004224989,-0.8963166301944507,-0.2332700151859025,-0.005322461942570179,-0.2971730158000029,-0.820871182097195,2.224524022664794,1.1551926871271025,0.8351753291066638,-0.698877645788493,-0.24632901497327941,1.3575151196960957,-0.5565576354122493,-0.7522817193216458,-0.5031138504729573,-0.4481132565875573,-0.22792135335937364,-0.19132190034885074,-0.20996979382869008,-0.379676116908518,-0.23267640669861706,-0.4002042943092882,-0.6737356649257947,-0.42163942155025036,1.3959150735818817,-0.8443133271334775,-0.5024279983591156,-0.7496138396198984,-0.542508618724019,-0.4090980492609422,-0.6097362888240447,0.0,0.0,2024-10-06,0.0
0.34013605442176864,0.3308270676691729,0.0,0.0,0.16666666666666666,0.0,0.0,0.0,0.0,0.0,0.0,0.0,0.0,0.0,0.0,0.0,0.0,0.0,0.0,0.1,0.0,0.2196996237730467,0.32256200084068937,0.3698586598968839,0.3122477577533512,0.5637651794525809,0.2907849354264945,0.3642220150378057,0.0024296388139806446,0.7738216863275444,0.27406796819393764,0.5695664174590824,0.5578907247227116,0.5089571820643108,0.3083906547031461,0.38685726563481815,0.5347875142595404,0.46793413792148897,0.8142187035813817,0.9151893994077062,0.3682324437551958,0.39993172659289367,0.5089571820643108,0.3705947147552475,0.5970734553398387,0.30533035129030717,0.447064123928918,0.09190389603844751,0.6799997963685269,0.6586518533523178,0.627252152032164,0.38649264686114915,0.4190949236187084,0.43040229921436257,0.5800094711178319,0.5565087223624646,-0.2713301697895288,0.7916543461149531,-0.42235303773775285,-0.8974626411557074,-0.46441107494665596,-0.25596776429157064,-0.09589628364649379,-0.6081182910327968,0.7796976756467947,0.7104679951010014,-0.1084657721627946,-0.9250334111546864,0.3775270344551532,-0.10018102759537378,-0.07455274504744362,-0.8981752024174771,-0.5809250660265912,-0.700636976396232,-0.5588879595780133,-0.8733750550994623,-0.23580165810996767,-0.1980780366100969,-0.6537718707989463,-0.382546790637382,-0.23288044001180097,-0.3741595349977073,-0.495279394169296,-0.4243562790454476,1.2231296805534402,-0.9141792986930881,-0.5392054407590613,-0.15654896067909146,0.3877171202263202,-0.42687201218676196,-0.39289219347888216,0.0,1.0,2024-10-07,4.55222164741047
0.12244897959183673,0.12781954887218044,0.0,0.0,0.0,0.0,0.0,0.0,0.0,0.0,0.0,0.0,0.0,0.0,0.0,0.15384615384615385,0.0,0.0,0.09523809523809523,0.0,0.0,0.11958239402706608,0.12156368221941993,0.20875566853580868,0.16419227033984024,0.624820055864383,0.25298584796226126,0.3843750563370838,0.01099833368794954,0.7638465246441624,0.2414390809013679,0.5819219453371289,0.5595756879023117,0.5186612922551994,0.31385932073515477,0.39162684180750595,0.5409295457442047,0.47503704934370816,0.813208522185926,0.9008592898061515,0.3879333221697618,0.5071328575032873,0.5186612922551994,0.34838011774705535,0.6282415531513745,0.307850419836051,0.4586497640846546,0.055666294239069325,0.7705634401685009,0.6830623206593665,0.6274743327327043,0.42418982831530005,0.5972258378784128,0.6044725750302395,0.6413525291733299,0.6153153967997504,-0.1987512125922263,0.6070328889799014,-0.3324859813242747,-0.92515447825337,-0.47100383371832366,-0.17691210127043233,-0.09181841276782413,-0.676971898754292,0.8019352585591389,0.8763436884807418,-0.1907980309459487,-1.2809273449395884,0.3083715075947672,0.01540504161607925,-0.1977461047960441,-1.1719150972449546,-0.44582034152068095,-0.6314999485590113,-0.043651488938726286,-0.7563033230809925,-0.16546574608583756,-0.15382934220560335,0.3744257770510303,-0.2900054784251274,-0.21489716525238012,-0.385102784626895,2.463228055103905,-0.4130624591060242,0.872568519060955,-0.8924341018423911,-0.3701368474120229,-0.5641506047407526,-0.513649051000145,-0.10762729944839224,4.805396811921164,0.0,1.0,2024-10-08,-6.718089829264473
0.06802721088435373,0.09022556390977443,0.07142857142857142,0.0,0.0,0.0,0.0,0.0,0.0,0.0,0.0,0.0,0.0,0.0,0.0,0.15384615384615385,0.0,0.0,0.0,0.0,0.0,0.017540250771127433,0.031967213114754096,0.03214066154416758,0.02662804412916147,0.6700776602427849,0.2927260072693528,0.3954464975145209,0.027918574729517188,0.7513205816584763,0.2797450652556399,0.5918107754034532,0.5665795025263982,0.5243871944174217,0.32131979686893253,0.3968280068080823,0.5548886537538085,0.4863523995309009,0.8348119351087114,0.8949058277049445,0.4385485293858228,0.5522536718460189,0.5243871944174217,0.3682911252809049,0.6230356719585988,0.2973930557225082,0.5570877854738521,0.03274096325765269,0.910064624365398,0.7255773966143753,0.674387272666799,0.4647413487223684,0.6628394834979677,0.6689394749770807,0.7067289001287916,0.678561016890687,-0.19328862969083022,0.33511568226563615,-0.10602375038614478,-0.5971178804025086,-0.4160783089190402,0.16841379303452567,-0.14021349079253562,-0.58403029176133,0.7167497578193469,0.6107423977550938,-0.19417635542766568,-1.0759962193932893,0.27167091355215855,0.01900499807863423,-0.1616294735116005,-1.031104215358081,-0.5366427320919503,3.104631977546978,-0.4289929883533221,-0.6092956607966017,-0.20504298948750418,-0.16993488564405967,-0.6870835728565228,-0.27001679600257555,-0.18053379091925115,-0.32552241559136214,-0.6052942287237593,-0.3937163546781434,-2.289539806837455,-0.5597419702010622,-0.42593151289979514,6.786208930224457,-0.48312540139784554,-0.33774294957029954,-0.43733712963152854,0.0,1.0,2024-10-09,7.571756939942231
0.21088435374149658,0.21052631578947367,0.14285714285714285,0.0,0.0,0.0,0.3333333333333333,0.0,0.0,0.0,0.0,0.0,0.0,0.0,0.0,0.0,0.0,0.0,0.0,0.0,0.0,0.08132252881154764,0.17241488020176546,0.16268309659980998,0.13894368256037853,0.6568132454008575,0.224432758487356,0.3838728441154271,0.029556109250526586,0.5953791358140408,0.2428202572436452,0.5988055666993679,0.5688638077818986,0.5300473726103299,0.3274130971503322,0.40127578436359634,0.564132177214379,0.49544075939890675,0.8412187773816473,0.8917773233617147,0.4556181055248091,0.54172008075914,0.5300473726103299,0.3788477315321739,0.6244112745394803,0.25982238980981376,0.5220022691586992,0.019720100670539698,0.910064624365398,0.7650556814297402,0.8915213158707037,0.42909499436441845,0.6589305820629736,0.6653151638757311,0.5840756930844665,0.5593831914088631,-0.5422523286628683,-0.34162117298494965,0.7939400290136017,0.8490947424332722,1.1973389496630973,-0.6079958707990801,0.9128191788427069,-0.34243969086389886,-0.8399836404764109,0.468262689291698,-0.40541988620302344,-0.1822513404278318,-0.7351650013155997,1.458783019371676,0.5000160453626563,-0.6193770932788264,-0.5636946678269124,-0.8057967968863896,-0.5365687677521755,-0.815406861494983,-0.22473042720397554,-0.08452227824562779,0.10410671224157204,-0.3346417432961445,-0.22640146593106025,-0.3898715531794196,-0.7744870315986049,-0.36497345288182365,0.9897968188836829,-0.9404612465061286,-0.5231656353895743,-0.6805766779138701,0.4412246458780254,1.3470812121876508,-0.5951404758071785,0.0,1.0,2024-10-10,-12.096133510851049
0.3129251700680272,0.3157894736842105,0.21428571428571427,0.0,0.0,0.0,0.0,0.0,0.0,0.0,0.0,0.0,0.0,0.0,0.0,0.15384615384615385,0.0,0.0,0.09523809523809523,0.0,0.0,0.18511755133057653,0.27746952501050864,0.18152298660777544,0.24601032996058214,0.6955104849700398,0.22442193179181813,0.39023192230834614,0.03468580451858812,0.43943534673218787,0.2712359703273697,0.6142433472228968,0.5826815596707862,0.5382622981921106,0.33676700578097396,0.4058379354023778,0.5794455187924434,0.5079076017557682,0.8646519817362919,0.8952518909534745,0.49551662748579495,0.5672313501799182,0.5382622981921106,0.4018896510079468,0.6208903313799121,0.24665650209650636,0.5778589734751538,0.0,1.0,0.8145100843126127,0.9350442202650455,0.46474057109441347,0.6325185463198831,0.638401846390054,0.6367034262800652,0.6093885175793278,-1.178948518708644,2.250874990897066,-0.8228220429877042,-0.9173354235835708,-0.5631052572656995,-0.5344305325198465,0.08140392898360155,-0.12639962710002894,0.960887870182039,-0.4744794517670522,-0.27206116082793774,0.16817186853503296,0.27098195753168347,0.7601368464801863,-0.47104015184681786,-0.10001372219121206,5.422922013017356,1.6044539645872715,1.609532079093424,-0.4204290740001833,-0.06484976548106007,1.375501424705271,0.9540202999347269,4.948429102891331,-0.058976278276120876,-0.07312532341061058,0.4837323121834431,-0.28615459626793904,-2.254641753185715,1.665844002957839,-0.24588471748929092,1.3496792488933997,-0.3092294005500638,0.6520097407867698,0.11892737999506423,0.0,1.0,2024-10-11,-0.0021815076711173
0.01360544217687075,0.015037593984962405,0.21428571428571427,0.0,0.0,0.1111111111111111,0.0,0.0,0.3333333333333333,0.0,0.0,0.0,0.0,0.0,0.0,0.0,0.0,0.0,0.0,0.0,0.0,0.03871683962873464,0.048171500630517027,0.08033302453820451,0.05871678635396749,0.6955104849700398,0.22442193179181813,0.39023192230834614,0.038812718281673306,0.2834915576503354,0.3032539061466334,0.6429876247903952,0.5963965962245572,0.5464772237738895,0.3436725006542467,0.410400086441161,0.5924029616661901,0.5194509743084197,0.8795566939353249,0.9018334576506255,0.5142904153923494,0.5803355345378652,0.5464772237738895,0.4201229650492557,0.6208058244326198,0.24665650209650636,0.5778589734751538,0.0,1.0,0.8604320298467085,0.9318763654258323,0.46474057109441347,0.6325185463198831,0.638401846390054,0.6367034262800652,0.6093885175793278,-0.21002194522040538,0.5820191562984536,-0.3007313859032786,-0.9267976550337567,-0.47987313858206065,-0.22167927793117662,-0.10031318466017593,-0.6645645047015932,0.827268046860641,0.8915170845849645,-0.22006962356162457,-1.2658929798468646,0.2374577300476435,0.010729006963745447,-0.19725820081461815,-1.1519282258302113,-0.17742346201009343,0.44859252091878066,-0.4633315312612653,-0.4376793007246653,-0.1985437576750056,-0.17646933359387973,-0.06625401970862757,-0.33046142053490224,-0.1674399684425286,-0.18363438240528132,-0.30096457989830366,-0.3847424154734139,0.36509769118887886,0.10804965183657034,-0.44564944956929825,0.3228047516427957,-0.5340699608854825,0.4495159870600421,-0.3204265779440529,0.0,0.0,2024-10-12,0.0
0.38095238095238093,0.38345864661654133,0.3571428571428571,0.0,0.0,0.0,0.0,0.0,0.0,0.0,0.0,0.0,0.0,0.0,0.0,0.5384615384615385,0.4444444444444444,0.05555555555555555,0.2857142857142857,0.0,0.0,0.31196754103446467,0.5533312316099201,0.3726632196775321,0.35327188227743034,0.6955104849700398,0.22442193179181813,0.39023192230834614,0.04145885539005317,0.2727518310726671,0.30560851074209805,0.6584109091920505,0.6113597701106377,0.5535221343208221,0.35057799552751945,0.4144671478915871,0.6033669517901288,0.5301392822275428,0.8876096847907966,0.9091528779847671,0.5187488356290662,0.5803355345378652,0.5535221343208221,0.43643315468614396,0.6202518521328777,0.24665650209650636,0.5778589734751538,0.0,1.0,0.9030738364140831,0.9624348396355037,0.46474057109441347,0.6325185463198831,0.638401846390054,0.6367034262800652,0.6093885175793278,-1.4240795221791123,0.8460093455691,0.6007951953109181,-0.32626404177310414,0.5287887355887797,-0.6877830132798274,1.3627972981270313,-0.46596604988671997,-1.2399969355914393,-0.905246636543164,1.6698812874982156,1.004102562140165,1.3178038321606784,-1.6313192658465645,-1.8307507116902146,1.3312187368311679,0.02889973397451241,0.002190459938845803,-0.1916107495947736,0.24916132693988427,-0.11536079026864027,-0.13130310876171297,1.3957258350330202,-0.13916721861665612,-0.09898295125903496,0.5745291420023796,-0.17965179937879655,0.0770214507870648,-1.480494055117867,0.7168212950405223,0.2353296900929252,0.7195029895887293,2.8602279434904885,0.14334437738256464,-0.11091976243352787,0.0,0.0,2024-10-13,0.0
0.25850340136054417,0.24812030075187969,0.07142857142857142,0.0,0.0,0.0,0.0,0.0,0.0,0.0,0.0,0.0,0.0,0.0,0.0,0.38461538461538464,0.2222222222222222,0.16666666666666666,0.23809523809523808,0.0,0.25,0.16989422298946122,0.17485287936107607,0.20641514823577498,0.18820590024228695,0.7450937708134262,0.19295182120485654,0.3797333569602279,0.0365774504574167,0.24371376350709006,0.2773526761711954,0.6747779736260151,0.6255026179396461,0.5627916746310468,0.35919896857510203,0.4192697124088607,0.6222436432191589,0.5452273532700165,0.9178806362232887,0.9227299663925757,0.5565602830159649,0.645423616703585,0.5627916746310468,0.46934255173199624,0.6113411399812385,0.24651027971709105,0.5779944923434814,4.451748938660849e-05,0.9999999999999998,0.9426697996552167,0.958764128132028,0.49812580553924324,0.7959801001381491,0.8004012429636066,0.6696030106775978,0.6401331259157808,-1.3626485161725619,-1.510580031195127,2.5503752228091776,1.7268492033150709,-0.5896954477470641,-0.9496671529880764,-0.41615097353847363,2.331720586279672,-0.6381616265950906,-0.6871420420491762,-0.41045449831615244,-0.10320955314444279,-2.2931619393473155,2.7705076216844127,4.674633067536204,0.014596530819757068,-0.4694857305905693,0.06975159265004467,-0.22567459014407842,0.9629680299070663,-0.10725540721372441,-0.17775623095660478,-0.5733506214918771,-0.2884907549132148,-0.18200249125814397,-0.2888462560027618,-0.5061079774630961,-0.38618214080879393,-1.1993896173853957,-0.27162532805111494,2.069212747704836,3.3857801802850487,-0.5048521245667992,-0.1837617596265488,-0.38360137420573615,0.0,1.0,2024-10-14,-6.341157844872725
0.346938775510204,0.3383458646616541,0.21428571428571427,0.0,0.0,0.0,0.0,0.5,0.0,0.0,0.0,0.0,0.0,0.0,0.0,0.07692307692307693,0.0,0.0,0.047619047619047616,0.0,0.0,0.10114149019599365,0.18901849516603614,0.18730936699256692,0.180544120760398,0.6957649050462145,0.32857474286598104,0.2426603403239913,0.21957118069098736,0.2523238220210757,0.4246685015238508,0.6832764723934917,0.633848143693295,0.569583888462537,0.3667934057027935,0.4233405478477028,0.6286660157281627,0.5540329381802778,0.9100000928706726,0.931581458267049,0.5280062525706897,0.5088393323148273,0.569583888462537,0.48017903041847276,0.6143006951533625,0.2586973302900626,0.48461007599167244,0.09610258265686317,0.7093114843102035,0.9380783491184492,0.8770726361407762,0.4549994478841519,0.6327964416619419,0.6386718843499894,0.6022615779953248,0.5762819641422049,-0.2252303588202341,0.5598698914235053,-0.267762715362401,-0.8485084812142472,-0.44989337361956194,-0.18670123169293254,-0.13351483622874816,-0.5645543960854884,0.8074843883340971,0.7086872704260554,-0.22972364235729303,-1.0598272846876329,0.21744770524853457,0.1367796344700638,0.006711721971204438,-0.9900561135709512,-0.5095806791074343,0.051790436331891065,-0.5343690752372768,-0.7568725251604043,-0.20965202884327433,-0.18960900965017857,-0.48200533781349286,-0.3216589267648118,-0.09274511977444816,-0.25317993764614266,-0.5564828440174796,0.35379695248748166,0.5568651178175156,-0.7469994193435127,-0.49229485003905826,0.6522272219889338,-0.4962100795993551,0.03684158926703622,-0.4683248947701047,0.0,1.0,2024-10-15,29.17793860743698
0.1904761904761905,0.18045112781954886,0.07142857142857142,0.0,0.0,0.0,0.0,0.0,0.0,0.0,0.0,0.0,0.0,0.0,0.0,0.07692307692307693,0.0,0.0,0.047619047619047616,0.0,0.0,0.1696907329048061,0.17493694829760403,0.2551618746969207,0.1880244370440317,0.7258669593667912,0.2644049184131158,0.24158996100490193,0.3018102244443691,0.22139476186012885,0.361688207771642,0.6898996679798817,0.6457313811156018,0.5766755511113519,0.3750863724160851,0.4277650244301654,0.6399281765996143,0.5653380152431602,0.9166577248186638,0.94036088884825,0.5275708281015219,0.6688350668648206,0.5766755511113519,0.49854727742455474,0.6123496226416787,0.2341361762585168,0.44277536248228994,0.07616473684432212,0.709311484310204,0.9338148593343081,0.8421124543832573,0.4935168046511924,0.6103915289833662,0.6162462461374711,0.6455342117637085,0.6173076897687537,-0.8137572238462966,-0.7689652659243362,1.4096926927185438,0.37259669834684594,-0.5423753701017426,-0.6028200833971429,-0.2787135887223374,1.4810723698553991,-0.38158101971096337,0.05423720416236025,-0.43061050715255794,0.015268190190610239,0.9294085138869473,-1.2908070283282906,-0.7687128301395091,0.02555802161320253,-0.48279104371940734,-0.7422657523717336,-0.4001016075926743,0.5748406288355615,-0.1821108131947434,-0.192932063337262,-0.7619865949344554,-0.3249993331474053,-0.20440966711434283,-0.3656834037220907,-0.6500021075217219,-0.41345564253707723,-0.0775309878655174,-0.5110616393714326,-0.10086665195855485,-0.38241285988361845,3.3554664380100157,-0.36160177992977055,-0.43563480846412184,0.0,1.0,2024-10-16,-10.687201838170902
0.48299319727891155,0.5037593984962405,0.0,0.0,0.0,0.1111111111111111,0.0,0.0,0.3333333333333333,0.4,0.0,1.0,0.0,0.0,0.0,0.07692307692307693,0.0,0.0,0.0,0.0,0.0,0.3853426064999003,0.6255779739386297,0.6802993788532354,0.6107143937280941,0.7247606911799425,0.2663815636841698,0.23482445569215993,0.36057561825737056,0.20738488009319367,0.36740021591903227,0.696281497244323,0.6646522060657531,0.5842200422801618,0.3846278413892108,0.4321053194366691,0.6492435205836209,0.5756898502424974,0.917208994181575,0.9475250517915781,0.517810705546893,0.6629091874510018,0.5842200422801618,0.5142222732116704,0.6130368703266944,0.2113679692252345,0.5350810636410372,0.056749775431606087,0.8392065090615175,0.9483373546595473,0.7956582971332912,0.4548574752375485,0.6283652886358373,0.633858725289442,0.6179921118640532,0.5908839402265694,0.1436114378659891,0.10397026963877823,-0.2217592332466542,-0.1462835767837405,-0.4278273713751435,-0.4225743523022785,-0.21401512436413947,0.5962179864556779,0.05843473317206188,0.26378712057526876,-0.2557313695198494,-0.46581090469795217,0.04455464682384788,-0.47757207192982837,-0.3888281490403579,-0.42677398329731875,-0.5333692057973376,-0.7817657870526036,-0.5333192466475587,-0.7158427464781006,-0.22727631294344428,-0.1898569287720844,0.9502845624398972,-0.3421271385625915,-0.23259652326582794,2.2639666687315465,-0.6098346814606789,-0.2681554661763031,0.9736893823226848,-0.7201894760228997,-0.5051125383486931,-0.6572039397502561,-0.44010654327503745,-0.4761012365843399,-0.4750228190160791,0.0,1.0,2024-10-17,0.3685939496370194
0.23129251700680273,0.20300751879699247,0.14285714285714285,0.0,0.0,0.0,0.0,0.0,0.0,0.0,0.0,0.0,0.0,0.0,0.0,0.0,0.1111111111111111,0.0,0.23809523809523808,0.0,0.0,0.16326136504283562,0.2312631357713325,0.2500755052074601,0.2353006408339242,0.7504257890128345,0.25006109349624933,0.09440007886922319,0.5367963788893051,0.18984273529451157,0.35343654995851415,0.7082629544652068,0.6794138852215168,0.5934589137821344,0.3950656977942746,0.4358920961424744,0.6620945726551213,0.5879620803034413,0.9279138406148404,0.955986987759176,0.5256523928734873,0.7132921509635636,0.5934589137821344,0.5353342205031364,0.6125087924475503,0.18049849973780896,0.49746453592988243,0.04145408128410505,0.8392065090615171,0.9618225288901265,0.8690468162183685,0.4923445860541973,0.6090994753527594,0.6146837715168265,0.6527189861330118,0.6237136214064352,-0.16291403220235826,0.3907198445169173,-0.18154832152357026,-0.8615000319051632,2.1423829159481933,-0.7150794236448964,-0.3219791558810277,0.088592360118423,-0.7378053917702125,-0.5498065147073464,-0.20680098037950462,-0.053339962322264255,1.0260026644336626,-0.2112818329626465,-0.5062262388493317,-0.10363670108271462,-0.2723105578401535,-0.7294289143351309,-0.3469250253345562,-0.7240524489711969,-0.20845232691219479,-0.19358789007607255,1.294209229012495,-0.32394904596509577,-0.2261523662041467,-0.37487283564107426,-0.37268314764182303,-0.4099518734474953,0.8338206573252442,-0.7389646456923576,-0.4599731691379797,-0.22407864692560783,-0.5199593304053799,-0.4344333949840806,-0.4730645788963604,0.0,1.0,2024-10-18,-3.032175194898868
0.47619047619047616,0.4962406015037593,0.14285714285714285,0.0,0.0,0.0,0.0,0.0,1.0,0.0,0.6666666666666666,0.0,0.0,0.0,0.0,0.38461538461538464,0.2222222222222222,0.0,0.0,0.30000000000000004,0.0,0.3117844269821907,0.4120638923917612,0.5452542930708519,0.4149189632402606,0.7504257890128345,0.25006109349624933,0.09440007886922319,0.6238079503465149,0.17230059049582902,0.35781989621896626,0.7094262977093306,0.6888567129327949,0.6026977852841071,0.40334333972868563,0.4404890383865503,0.672968539792544,0.5993252562857965,0.9321252597543477,0.9638307905930816,0.5219173739834532,0.6527967504106859,0.6026977852841071,0.5534050412743952,0.6141540343474157,0.18049849973780896,0.49746453592988243,0.04145408128410505,0.8392065090615171,0.9743444763899503,0.8957040250697124,0.4923445860541973,0.6090994753527594,0.6146837715168265,0.6527189861330118,0.6237136214064352,-0.7937232023592814,-0.6147693987951602,1.2598130446582847,0.7315500425087131,-0.26730715788022247,-0.7914733887882243,-0.3211237199583933,2.2230160679581097,-1.02156434258494,-0.7091852841020521,-0.1362496310703826,0.07273277140110011,0.13782201649257028,-0.25973019288890253,-0.2095669785469719,-0.07273320990241523,2.181613874866748,-0.6921828842366851,-0.42378397851203436,0.21515733466554404,-0.14329087881941602,-0.1558712012108194,-0.22724316175221396,-0.31611590948658963,-0.17434176865478684,-0.3391228257774194,0.034581242355970404,0.37655828121008733,0.08130117270108042,-0.3114883519535641,-0.19820583122615723,-0.12162995920895966,0.11341185940359137,-0.3765034899694453,0.01230777240433741,0.0,0.0,2024-10-19,0.0
0.34013605442176864,0.37593984962406013,0.0,0.0,0.5,0.1111111111111111,0.0,0.0,0.0,0.0,0.3333333333333333,0.0,0.0,0.0,0.0,0.7692307692307693,0.0,0.0,0.19047619047619047,0.0,0.0,0.26019344799760896,0.44883354350567467,0.4524830910674658,0.41417798851405163,0.7504257890128345,0.25006109349624933,0.09440007886922319,0.6663741415365666,0.13711052046650485,0.3668127142179445,0.721352245390352,0.6998584267806942,0.6101611824180715,0.4116209816630967,0.4445803863738824,0.6821695889088257,0.6098467155287182,0.9312012424769237,0.9698701333777415,0.5110140717611882,0.6527967504106859,0.6101611824180715,0.5696672215367791,0.6142938596348246,0.18049849973780896,0.49746453592988243,0.04145408128410505,0.8392065090615171,0.9859719990683578,0.9375259209169793,0.4923445860541973,0.6090994753527594,0.6146837715168265,0.6527189861330118,0.6237136214064352,-0.6980742135845281,-0.5200234704289722,1.090403873869472,0.06631654363154801,-0.5239636992519607,-0.6961818434852052,-0.31277505332304945,1.3059337774962214,0.1117070024160624,-0.3484791653500085,-0.6478052818126017,-0.2076217072144947,-0.9843822763458324,0.29327923344204715,0.523210130929832,-0.46993261740431286,-0.4079900875380169,-0.7702554902158766,0.19778119091279067,-0.05590293794760411,-0.08542240811371338,-0.1853190484814799,-0.15995656927285745,-0.352477066716287,-0.22711997350311638,-0.37243898811592097,1.3636670839147358,-0.41467591915604257,0.47857809859708633,-0.5964644222111678,3.390243394987707,-0.231360041632179,-0.41514494378723504,-0.4544015097480023,1.9534364158968183,0.0,0.0,2024-10-20,0.0
0.6394557823129252,0.631578947368421,0.2857142857142857,0.0,0.0,0.0,0.0,1.0,0.3333333333333333,0.2,0.6666666666666666,0.0,1.0,1.0,0.0,0.0,0.2222222222222222,0.0,0.0,0.1,0.0,0.2283837590590921,0.29290668348045396,0.37625754981508985,0.3460435982135956,0.738599846915819,0.2550908669089785,0.06926141136332165,0.680393538498717,0.11641739083861102,0.37808650157606816,0.7241303151857608,0.7049224578573519,0.6207679897523395,0.41948947069017173,0.44849631200804296,0.6876655550630648,0.6183506027554362,0.9196629050748011,0.9717583940740477,0.48593149784791567,0.6232483589547548,0.6207679897523395,0.5763974262489455,0.626199307185118,0.16460587280875227,0.512118152138707,0.04741255872269606,0.8392065090615171,0.9967689844125931,0.9107943925917277,0.4544962115076938,0.5183163375310437,0.5271634180890836,0.612737259031726,0.5856501027999124,-0.2902538593524427,0.7255913931208955,-0.3485462902666144,-0.7459662989499521,-0.28803950953619756,-0.44996411028554045,-0.18014906068948794,-0.6055287357226853,0.4046704951290155,0.15734790875860366,0.8749970712332995,-0.33782552381331377,0.5905745722030377,-0.3312984302262595,-0.48689808052403266,-0.2575395933619063,-0.4067539096917676,0.5371556095894261,0.27718368670804233,-0.11262455532302522,-0.20989256284444083,-0.06520650356519715,-0.569588155609849,-0.24228007156982248,-0.19730367063505844,-0.3292054229837051,-0.6704219378233179,1.0311003380995944,0.37621402717556607,-0.5222939138695853,-0.36849014737670127,-0.7063519113818341,-0.45769887159972955,-0.3905900778616326,-0.530798196633893,0.0,1.0,2024-10-21,0.963701181511878
0.3197278911564626,0.3233082706766917,0.07142857142857142,0.0,0.0,0.0,0.0,0.0,0.0,0.2,0.3333333333333333,0.0,0.0,0.0,0.0,0.07692307692307693,0.0,0.0,0.047619047619047616,0.2,0.0,0.12626719193952265,0.21922026061370323,0.26122430776543537,0.21827502427910384,0.7355246590311841,0.2450483334622226,0.06997505355351241,0.6460223163189005,0.10011615762623371,0.37068619909629974,0.7264788047841444,0.7096250807740567,0.6311140765550523,0.42725156463656333,0.45236662125994975,0.6917206226029631,0.6259025928201112,0.9048247551909404,0.9694840688059294,0.46077941270463196,0.7781088853187837,0.6311140765550523,0.5792749775149364,0.6404471601735295,0.1515448878782033,0.44602276599196894,0.04093184119786286,0.7914502420955074,1.0,0.8650908414106769,0.41736914243411327,0.5866945626741837,0.5930643732803412,0.6709394534529142,0.6416603617767546,-0.019352507933446308,0.28825642582299316,-0.22748864816111408,-0.6575122620471457,-0.376257533649907,1.2149485555909505,-0.15519960425457235,-0.4560480856351638,0.34586943901005623,0.5007261263723222,-0.25674837901677916,-0.6519438311417918,0.2992298265943387,-0.3205574205804693,-0.24542951087752266,-0.5908915155925368,3.205816351491042,-0.7479476762242209,-0.5195451367829595,-0.17302540148530396,0.2243096210521512,-0.1786317350066386,-0.6662375203674755,1.39965874450085,-0.08751332370863531,-0.2949920900523696,0.20665893278988967,-0.402062026475402,0.5533130546365935,0.5410905278109284,1.6024132180405575,-0.6134903306122567,-0.42661939004700555,-0.34228579738887155,-0.33279200600426534,0.0,1.0,2024-10-22,-1.9057766193818049
0.2925170068027211,0.2631578947368421,0.07142857142857142,0.0,0.0,0.0,0.0,0.0,0.0,0.2,0.0,0.0,0.0,0.0,0.0,0.0,0.0,0.0,0.0,0.1,0.0,0.1594083492008758,0.2476775956284153,0.3412733762710984,0.280021237915055,0.6760292534472301,0.27452323872863665,0.08698487509322816,0.5477164165579889,0.09794698927466738,0.4058639490690209,0.710246919633029,0.7073355699206072,0.6382334837769132,0.4375278941344831,0.45509396489974385,0.6836333492378426,0.62666586372994,0.8560760432368615,0.9552297261935404,0.3883911380031951,0.5216467467622623,0.6382334837769132,0.5687572859181564,0.6591829438173784,0.20018927564248312,0.3498948619378252,0.25578748082597846,0.25319356170073753,0.9264171262729322,0.6487405742378003,0.37812503679846543,0.45423990034098083,0.46560293422014276,0.6086018722470032,0.5826452911307681,0.09802917764828038,0.42800509347051896,-0.45537824912324754,-0.923345607490851,-0.48424624316526516,-0.3147070008162726,-0.18453566306567057,-0.6308898821243357,0.9513811889406004,0.4669191490971056,-0.04718982703588402,-0.7956215537403807,-0.03327945095096809,-0.0274186773623408,-0.1727140004967338,-0.7122253169081842,-0.4423612526310805,-0.5450792871223467,0.0011373783479210512,-0.6307076317650243,-0.22301618643880164,-0.1344284472239188,-0.6643381356649647,-0.34035055391227353,-0.2311745396331919,-0.34148125636259646,-0.7508294332708764,-0.4161990613787908,1.2799792278508904,-0.41669642205782814,-0.42857377373257227,-0.6016213783640407,-0.49669172689177715,-0.42862667531137955,-0.6102356341898343,0.0,1.0,2024-10-23,5.70213759096132
0.24489795918367344,0.20300751879699247,0.7857142857142857,0.0,0.0,0.0,0.0,0.0,0.3333333333333333,0.0,0.0,0.0,0.0,0.0,0.0,0.15384615384615385,0.5555555555555556,0.05555555555555555,0.14285714285714285,0.0,0.0,0.1694897830682197,0.19837116435477092,0.2599225133100862,0.25483313786834505,0.6897911648712318,0.27612868300982135,0.07225810588227544,0.385571909524172,0.10007699208655252,0.4071489520051197,0.69701761738441,0.7008361904342308,0.64252718825513,0.4486194831800532,0.45743501558532884,0.6794546180376031,0.6288135013773406,0.8222077412681736,0.9351870832904361,0.35341580704517433,0.47412279841332494,0.64252718825513,0.5673277683095783,0.6669709362714844,0.17294212983087476,0.3175845059635622,0.23035678033531026,0.25319356170073765,0.8580901720977969,0.4961483640317192,0.41748445355083774,0.47621998450813324,0.48670209494908295,0.6337789815926762,0.6066720252484501,-0.7486504926527119,-0.5830515899785537,1.190991407636691,0.2689504964085787,-0.5248611293161702,-0.5362945283116216,-0.22990387172706123,-0.3798738566804869,0.07772470135273711,0.21273258469079076,1.3980894991726898,-0.6578503193615737,0.42063972677137634,0.27735379982969866,-0.43773857058630106,-0.6119200712869323,-0.12427507152219348,1.2418608395463056,0.28051754417527414,-0.3615903742729192,-0.1484646318472233,-0.1257596330850707,0.6928943011971841,-0.31348069637402265,-0.163938943611802,-0.09307091465601129,-0.42912160547424866,-0.39871347394726603,-0.06193468897100934,-0.1570992452287697,1.3615734535347892,-0.18519948240983772,-0.44454547657230525,0.35390895509438025,-0.318618408056601,0.0,1.0,2024-10-24,0.2938304105982725
0.2925170068027211,0.3082706766917293,0.0,0.0,0.0,0.0,0.0,0.0,0.0,0.0,0.0,0.0,0.0,0.0,0.0,0.07692307692307693,0.0,0.0,0.047619047619047616,0.1,0.0,0.19977732293525124,0.2523224043715847,0.2956185527726359,0.27704053686223246,0.6878665391145216,0.2696713324568866,0.06585991684103976,0.33692151321267383,0.10080942115340852,0.39937197025692206,0.683368399020015,0.6999079434440985,0.6466938311475268,0.46028212581519945,0.46104276421654866,0.6755461553904247,0.6306005417951273,0.7916274604433128,0.9113525126992839,0.33050339421284436,0.5001354543308179,0.6466938311475268,0.564880194402722,0.6752862406941054,0.18644647547038384,0.45180203342178155,0.18458198038584095,0.5025998251168227,0.8301292109335647,0.35734995626499055,0.37858883632864515,0.43543325321216675,0.4478789374165433,0.5733841508819352,0.5488713003056863,-0.6861229083250179,-0.5071095500141007,1.0683206203260363,0.1984597076519113,-0.4712288476271715,-0.4898538635469409,-0.24509360639815655,-0.6340413735330368,-0.3778965795630021,0.19660602983352102,2.478828804947495,-0.4281472523140954,0.3877346007678459,0.2767864014981451,0.20671572974484914,-0.709329058577068,0.08137436432358582,-0.5490715202391625,-0.3923078801707675,0.7776202221754351,-0.17316980249462402,-0.17894614840566075,-0.50995269085226,-0.23473571882985242,-0.21491122457976727,0.2311225685567571,-0.3646172605940341,-0.40111884318530583,0.2099931301559951,-0.24225666886647254,-0.011377965907637618,-0.4066582414770186,0.7207391190131945,-0.12119254313125882,-0.3892263241506343,0.0,1.0,2024-10-25,-1.178369926306011
0.29931972789115646,0.2857142857142857,0.07142857142857142,0.0,0.0,0.0,0.0,0.0,0.0,0.4,0.0,0.0,0.0,0.0,0.0,0.0,0.0,0.0,0.0,0.0,0.0,0.16140914586590843,0.22653425809163513,0.26089970593897144,0.21484738608983772,0.6878665391145216,0.2696713324568866,0.06585991684103976,0.24759735166199806,0.10154185022026407,0.39916857542845696,0.672299372494706,0.6954419847853073,0.6508604740399235,0.4755804787958038,0.46536730622682754,0.6722389946889642,0.6322552088486333,0.7650461032999146,0.8855044504103898,0.31833703535570224,0.406033561510766,0.6508604740399235,0.5614206845546494,0.684324718053305,0.18644647547038384,0.45180203342178155,0.18458198038584095,0.5025998251168227,0.8041654612810636,0.38919826449008743,0.37858883632864515,0.43543325321216675,0.4478789374165433,0.5733841508819352,0.5488713003056863,-0.6040887584137224,-0.11872199833587271,0.6615145834468328,0.0961728307526057,0.12875250653235146,-0.2935720582254437,0.033252143455403484,0.22414956612386214,0.07818430333302043,-0.5532247840796711,-0.12243708596538337,0.40849003331590866,1.5680997500139158,-1.399228318786764,-1.0664398536123854,0.7618551492218046,0.08645252493522125,-0.3241839989642424,-0.4480704730098398,1.0272617638265156,-0.12028278663282031,-0.147247557895743,-0.7445294579871738,0.4008646197463851,0.10346306707362087,-0.20163825061884771,1.637169405484219,0.35115121936795546,-0.02615466669639088,0.9707102647612152,-0.13697999341739267,-0.704157952700568,-0.4934847986646453,0.6266740822536341,1.163329628445,0.0,0.0,2024-10-26,0.0
0.45578231292517013,0.481203007518797,0.07142857142857142,0.0,0.0,0.0,0.0,1.0,0.6666666666666666,0.4,0.8333333333333333,0.0,0.0,0.0,0.0,0.07692307692307693,0.1111111111111111,0.0,0.09523809523809523,0.0,0.0,0.23846616578739854,0.2914144598570828,0.4018186734680628,0.3702672549658748,0.6878665391145216,0.2696713324568866,0.06585991684103976,0.04430563019234067,0.09697220250927252,0.40043969607009466,0.6619012924883698,0.6911060391094042,0.6590535035190683,0.4908788317764081,0.470341519108862,0.6694406279415741,0.6337873079722485,0.7419007274698423,0.8589220491728635,0.3138998523358473,0.406033561510766,0.6590535035190683,0.5353380766481877,0.7158757686961295,0.18644647547038384,0.45180203342178155,0.18458198038584095,0.5025998251168227,0.7800562651751695,0.3840200440736406,0.37858883632864515,0.43543325321216675,0.4478789374165433,0.5733841508819352,0.5488713003056863,-0.6675046200299232,0.7652317463163417,-0.03231538549099321,-0.882629138554933,0.2704621740818737,-0.372152339363397,-0.1684953752415702,-0.16803352786130124,0.08873377852240594,0.23368149754549308,0.017378811889011612,-0.5443431579977374,0.7524903799871058,-0.5556092723764507,-0.49158863221497945,-0.5772016191956231,-0.41165880744362565,-0.7355486588311984,0.08782378548627451,-0.7026415018320074,-0.204852524110498,-0.17488881660755856,-0.032532679054313667,-0.34097862102204196,3.588357163580717,-0.37591477786883926,-0.7151058258209413,0.2258615888875824,0.7036398949176726,-0.6218554181993597,-0.4552597216866324,-0.5069890351254542,-0.4655144869418965,-0.19248725746709333,-0.5882084753505412,0.0,0.0,2024-10-27,0.0
0.435374149659864,0.41353383458646614,0.07142857142857142,0.0,0.3333333333333333,0.0,0.0,0.5,0.0,0.0,0.0,0.0,0.0,0.0,0.0,0.0,0.1111111111111111,0.0,0.0,0.0,0.25,0.2510455823194411,0.2933165195460277,0.4218542272472467,0.33841374281288117,0.7049029611579956,0.2990580774882066,0.06683881672195358,0.038901967957856345,0.10694368196242765,0.4320352696202514,0.6682009770621864,0.6857560175601325,0.6643404851092232,0.5067666093924856,0.47556844498576467,0.6703710802415852,0.6369896727562292,0.7312210273876408,0.8349319369325781,0.329563546523029,0.45428340597219163,0.6643404851092232,0.5253188451684192,0.7313676335979817,0.15917989638499275,0.4757592716750964,0.19903046931070068,0.5025998251168229,0.7576691545054113,0.42985666874788203,0.4195951579995585,0.4781013679158648,0.4886113580507949,0.6539527972427781,0.6258928805880672,-0.6370847496116461,0.5268272426066379,0.14245826583345478,-0.5530609617441049,-0.48189846688711835,-0.4510199955035699,-0.0014154808478077253,-0.3651568542361629,0.3636817295771897,0.28733399863290415,0.5171945996270084,-0.39269936598484345,-0.6995104220196224,1.2540945961720793,0.842956521500582,-0.6656859307556177,0.854077134618329,-0.7696619983508465,0.15831125123441897,-0.2600247291375077,-0.170922187452846,-0.17053309679692658,-0.5416463866993037,4.2957800978137435,-0.19687622748314249,-0.3154696948377282,-0.5071309732064757,0.2362286919584104,0.5702940206752024,0.329977825461314,-0.34170162056683484,-0.6640294555491394,-0.31070126956408306,-0.42723580032418995,-0.4579227846105253,0.0,1.0,2024-10-28,5.426586848238357
0.9863945578231293,0.9248120300751879,0.0,0.0,0.0,0.0,0.0,0.0,0.0,0.0,0.0,0.0,0.0,0.0,0.0,0.38461538461538464,0.0,0.05555555555555555,0.09523809523809523,0.0,0.25,0.30838941246224083,0.36060319461958806,0.5030007321888156,0.3685097502864766,0.7153017740803742,0.3281076482870621,0.06662888913793463,0.028709375508637027,0.11460138184057955,0.46366740730675704,0.6737668985889034,0.6816281053534308,0.6673261292540484,0.5206170324115149,0.4809496236247828,0.6731716265999221,0.6410436061316656,0.726724407997974,0.8145928438441135,0.35162453105312297,0.33996492918320775,0.6673261292540484,0.5245732261177807,0.7366055260490683,0.15058635302999135,0.4086762046502281,0.27649878497579783,0.29386048172718726,0.7071817118844048,0.5036713796519924,0.46268796656288647,0.49802039496274764,0.5076885453002578,0.6016452302212326,0.5754223902669795,-0.27084268009770385,-0.7056983426118826,0.8521491776215666,1.2456619285199813,-0.23931653699086025,-0.2739385508825776,0.7769757201757834,-0.03639234019996152,-0.15061799294134476,0.35332897460985563,-0.3621318345518275,0.3411061371871347,0.2557699498762424,-0.40595126441318297,-0.1697398049812874,0.4443467848968939,-0.22645476894867342,-0.4476257499717362,-0.21562442816056604,-0.41999383382123295,-0.16453227047734095,1.5054177251982157,1.4089229334331654,0.20898435600629706,-0.18013476187288202,0.6250331460155567,0.22625396588283753,-0.29550884283232,-0.01092389198321918,0.14436107359281297,-0.34962146680446776,-0.49657510095951046,0.37679249112790897,-0.35889929415343685,-0.05915581233631654,0.0,1.0,2024-10-29,5.088207884527862
0.48299319727891155,0.4661654135338345,0.0,0.0,0.16666666666666666,0.0,0.0,0.0,0.0,0.0,0.16666666666666666,0.0,0.0,0.0,0.0,0.07692307692307693,0.0,0.0,0.0,0.0,0.0,0.4581326041920579,0.6300231189575451,0.7757458644315997,0.6212308581529062,0.694006111483529,0.32378006341350246,0.06802346232451095,0.009251074334368992,0.13610326312547683,0.4521928305363422,0.6751064345338644,0.6749974432261308,0.6697815596301488,0.5327940830206437,0.48503998604826215,0.6714184171699085,0.642567540901263,0.7094311501895516,0.7939103835490524,0.3495497627985963,0.41538373614848045,0.6697815596301488,0.5195639299871804,0.7440548679210517,0.13566433795343702,0.38172059259185104,0.2434065857395804,0.31548256259679736,0.6633769025011431,0.5201899463804057,0.4199059870020596,0.5544922420883676,0.5620744162860013,0.5329221745195695,0.5106920314384903,-0.14103713071327356,-0.09697315890596911,0.21341308428273695,-0.011985724981591526,-0.4736497356130248,0.7825209452440469,-0.21983913664506619,0.17680958467470675,0.05866116040560912,0.04768085765518164,-0.03201160424565676,-0.26154103746692553,0.30955560425886947,0.04218342082401122,0.1480805388167227,-0.2845637155505774,0.8323307333813575,-0.7635989015311536,-0.4251979123371379,-0.7142351688322747,-0.20442393390720381,-0.19221209876111106,-0.6702261183904187,-0.3412425083293736,-0.2267057789316282,-0.33665793392666427,-0.7420100980120956,-0.3942824626810385,1.1508510153161322,0.08951300534369247,-0.46854097576008574,-0.5580915140116481,0.002941355444939744,-0.477649662431323,-0.6192965570251401,0.0,1.0,2024-10-30,-0.721301332783375
0.4285714285714286,0.41353383458646614,0.07142857142857142,0.0,0.0,0.0,0.0,0.0,0.3333333333333333,0.0,0.0,0.0,0.0,0.0,0.0,0.07692307692307693,0.1111111111111111,0.0,0.0,0.0,0.0,0.19354371631806716,0.1936002522068096,0.32965996970759304,0.23189316522224201,0.5742860707979229,0.41264248704663214,0.11085555152014281,0.052662105167807075,0.1768401108686044,0.5411639049320951,0.6503253731160354,0.6556866428102159,0.6617784627937429,0.5385858028669404,0.48749673231496793,0.646756782581388,0.6314436145574742,0.6273676295852717,0.7564315498696528,0.2480590507576094,0.059069885996992366,0.6617784627937429,0.5531950030571675,0.7074086720778006,0.21396420711636133,0.27272817655662956,0.6294555305240856,0.32040613674884005,0.6234015336736427,0.3435857347795974,0.37074145936771696,0.35716179418176597,0.37145762091909,0.42299585178425714,0.4079790736766508,-0.2276823541654628,0.6209956527597376,-0.31753486483315746,-0.8886175396829266,-0.4528843053620083,-0.2051007236566246,-0.09725705712423821,-0.6315538716641709,0.6906462327502354,0.7847002293469186,-0.013059307078810896,-1.1227787295796985,0.46745297622266996,-0.05105802877566992,-0.2819392507414178,-1.0179844279411112,-0.0844428871015618,-0.29041909063024735,-0.4246867111448717,-0.21091962379312415,-0.1971797533132627,-0.15136306560772378,-0.5953106331479123,-0.23450617260464765,-0.11847003540659545,-0.15667500423212818,-0.5739353897997596,-0.37652704422591293,0.5084662181332544,0.13398016723115644,-0.2984291622136934,-0.38572685448421673,1.138044167202124,-0.3770173843558673,-0.46903262799948225,0.0,1.0,2024-10-31,14.918776875298612
0.45578231292517013,0.4511278195488722,0.3571428571428571,0.0,0.16666666666666666,0.0,0.0,0.0,0.0,0.4,0.3333333333333333,0.0,0.0,0.0,0.0,0.07692307692307693,0.0,0.0,0.0,0.0,0.0,0.22801785524153165,0.30833333333333335,0.4270749536666176,0.3968969793098349,0.6001170008248398,0.3153244141984379,0.11556411935501543,0.07932643074142931,0.19651426696838614,0.4252303027370925,0.6311801210320116,0.639773002918373,0.6554806943418185,0.5436778531136017,0.492447147435664,0.6308901891503655,0.6238482434425663,0.5767413934197244,0.7135346793048265,0.21532100613429894,0.16206901384142725,0.6554806943418185,0.5652670786144185,0.688856869560504,0.23001723396629092,0.2172073784951815,0.548300460906388,0.3204061367488399,0.5862815483338204,0.18833299471582507,0.4129161114958517,0.3981936802766177,0.41104452959567583,0.4097100711226287,0.3961132443625314,-0.28117097737478514,0.638815966892381,-0.2830858155308922,-0.8488354001905167,-0.42390627057661984,-0.2023276667023756,-0.09371018381983652,-0.5170556913928812,0.6531746991652835,0.856410648180295,-0.20913875890281824,-1.0912742144039267,0.34639140363646065,-0.08955837247876969,-0.21719241436180925,-0.9886373791695524,-0.44571178599910394,-0.2753837764588531,-0.3964707845785133,-0.7405648460279226,-0.2146417478771984,-0.19499209178634105,-0.7263106747079319,-0.35030148246332904,-0.1532230183077993,-0.38138695825828567,1.2870449124495973,-0.08280607172471545,1.260426307220497,-0.8923307401315964,-0.48748049372022106,-0.6420940528775934,-0.5203291571511084,-0.4734595526229903,0.2277711366827618,0.0,1.0,2024-11-01,-14.217314479648236
0.44217687074829937,0.47368421052631576,0.3571428571428571,0.0,0.0,0.0,0.0,0.0,0.0,0.0,0.0,0.0,0.0,0.0,0.0,0.0,0.1111111111111111,0.16666666666666666,0.0,0.0,0.0,0.5682105249503706,0.7568411097099622,0.9386440450242493,0.7275296473901223,0.6001170008248398,0.3153244141984379,0.11556411935501543,0.09669080998441645,0.21618842306816788,0.4198158002726565,0.6083178511608924,0.6308514967966854,0.649182925889896,0.5476117051632894,0.49785556129043407,0.6174646100933465,0.6168154924102431,0.5369033597789096,0.6690552474206296,0.20575850883347002,0.07077718914675796,0.649182925889896,0.5736300018126776,0.6729557868115466,0.23001723396629092,0.2172073784951815,0.548300460906388,0.3204061367488399,0.5518129905182712,0.09037639882774956,0.4129161114958517,0.3981936802766177,0.41104452959567583,0.4097100711226287,0.3961132443625314,0.010171288241449347,0.5818252486111387,-0.5048441774430757,-0.5264871146195689,0.08276330558479694,0.28836335798366686,0.2285495504489933,-0.43293735205842915,0.10249383010571554,0.8622271636953397,-0.5826771752920692,0.10208912263746972,0.5610675556366295,-0.5066475234776817,-0.9166390506581473,0.12634467580789452,-0.40898531731387827,-0.7188675926183911,0.20225011248092692,-0.27675417944481856,0.9660087350900501,-0.19172211210891618,-0.6954406996822535,-0.3433170250367578,0.5943949979884274,-0.383689520453208,-0.6091976822696832,-0.4007724293867747,0.9594011864963723,-0.595004616219,1.002634915500812,-0.7701401448962596,-0.30155621463430743,-0.34779636326731783,-0.5644860586460304,0.0,0.0,2024-11-02,0.0
0.48299319727891155,0.45864661654135336,0.21428571428571427,0.0,0.16666666666666666,0.2222222222222222,0.0,1.0,0.0,0.0,0.0,0.0,0.0,0.5,0.0,0.3076923076923077,0.0,0.0,0.0,0.0,0.0,0.31231528478072523,0.35916351408154684,0.5741845014200625,0.3988695514834616,0.6001170008248398,0.3153244141984379,0.11556411935501543,0.10806914671714173,0.2426737008422264,0.4126654167833891,0.5831867614343764,0.6203126367858154,0.6396117257552394,0.551545557212977,0.5022813439453184,0.6061045047374058,0.6103036858988311,0.5059716162488181,0.6255815940983037,0.2118358435094801,0.07077718914675796,0.6396117257552394,0.571660526817757,0.6592801181355714,0.23001723396629092,0.2172073784951815,0.548300460906388,0.3204061367488399,0.5198064725466898,0.13970595659465418,0.4129161114958517,0.3981936802766177,0.41104452959567583,0.4097100711226287,0.3961132443625314,-0.2517371078312849,0.35780333251973373,-0.0711177873282108,-0.5560803628845142,-0.43962253370245613,-0.24019765017119826,-0.14820463545207932,-0.2781379673244264,0.5225800946131115,0.5598707367366832,-0.05741975040785348,-0.7719270216841033,0.18453488029554627,0.06697045445380567,-0.08622693956862068,-0.876846604963618,-0.5256740368104353,-0.3105042482530479,-0.5351129239226876,-0.6650738739511413,-0.1957045006404353,-0.19004475611536195,-0.4953197178548172,-0.2871796196191454,-0.2169360410334059,-0.30979245211663314,-0.7455507255167987,-0.3620808468501652,0.6264125742509825,-0.77890539158162,-0.4668136551039479,-0.325136445443626,2.0698445444528617,-0.36853034559182335,-0.5505746889670767,0.0,0.0,2024-11-03,0.0
0.5510204081632654,0.48872180451127817,0.2857142857142857,0.0,0.0,0.0,0.0,0.0,0.0,0.0,0.0,0.0,0.0,0.0,0.0,0.07692307692307693,0.0,0.0,0.09523809523809523,0.0,0.0,0.32213712691457685,0.3727301387137453,0.5906279831613509,0.3651728436963381,0.5822951715823041,0.28525868068981525,0.11584266932777088,0.11127820225258346,0.23329874268575157,0.3818588326963477,0.5588135949580844,0.6079054749749444,0.6321205840482254,0.5548628111778093,0.5064427631188053,0.5930417496828841,0.6024082469126153,0.47242190899231834,0.5822447701647879,0.21266262389716817,0.05069082712482431,0.6321205840482254,0.5779116719219974,0.6430075801319886,0.21421329498334085,0.22658409242565075,0.5620064575487684,0.32040613674884016,0.4900861344302212,0.11865235695958518,0.3729009321981742,0.3466616624210434,0.36172824228508754,0.34010739511350563,0.3326337696905157,-0.7525515619488023,1.0809506335990704,-0.22224157236919165,-0.3415862415379814,0.0954716371661872,-0.533070335725956,-0.23400134279853863,0.4972054076801694,0.1919177424611746,-0.2199768363748331,-0.5028230691510516,-0.21809893356765103,-0.18073771892429977,0.31891696046503865,0.6234023282887386,-0.10068717885309107,-0.48841683270408676,-0.7513181527648825,-0.4358846124484445,-0.6086783487704336,-0.19459258826664377,-0.18453854762671218,-0.7049763635427228,-0.22568933970704066,-0.20234239205313792,0.2453215915522309,-0.7791536005489108,1.261191301188069,0.979074137553436,-0.8544750821894342,-0.4047363260513722,-0.6927958637304534,-0.2551649742986129,-0.4708303115435153,-0.5650852918373364,0.0,1.0,2024-11-04,-5.120309763068132
0.6530612244897959,0.6466165413533833,0.14285714285714285,0.0,0.0,0.0,0.0,0.0,0.0,0.0,0.16666666666666666,0.0,0.0,0.0,0.0,0.15384615384615385,0.0,0.0,0.0,0.0,0.0,0.4665253676198362,0.37899327448507775,0.6145689203065823,0.4321226825637389,0.6598111889736176,0.31097208259222026,0.16780198316180095,0.15495874826570202,0.24337734156367574,0.40767422214906,0.5774735215959224,0.6046083000212104,0.627759657821688,0.5605913630331152,0.5117540308259532,0.5969959767128081,0.6032137692688426,0.49042197105657714,0.5521667893555917,0.2927780987520949,0.29570576495619716,0.627759657821688,0.5712824856992196,0.6408727500061513,0.2350152317479337,0.3727046647045273,0.4690397710368336,0.0,0.41690132699647464,0.24317288014436808,0.4147629778884818,0.4458830763333786,0.45744882302188977,0.4710877115871709,0.4531461999756854,-0.420154412554252,1.1840776784235905,-0.6184232062576266,-0.8096187663686281,-0.4538691815013591,-0.7080855172548222,-0.31398217827448577,-0.39806815266710416,1.0773294159785025,-0.6377621485991567,0.44440814712318405,1.2919938310172332,0.30847362759029656,0.16219347931563496,0.04611330648495772,0.936559845013706,-0.3556336727260898,-0.4846630727197274,-0.2749777442267263,-0.6425543298203392,-0.2240019462635648,-0.19009772485626164,-0.0955870575340292,-0.3777574336237427,-0.19377944969262395,-0.09184207016436596,-0.8161898194040873,-0.4219162884066507,1.2362539478218306,-0.5851750619001924,-0.3882737514365584,-0.6948780452565327,-0.48227226171684506,-0.4159687540442422,-0.6654248735621016,0.0,1.0,2024-11-05,4.615414512806559
0.3945578231292517,0.3609022556390977,0.0,0.0,0.0,0.0,0.0,0.0,0.0,0.2,0.0,0.0,0.0,0.0,0.0,0.0,0.1111111111111111,0.0,0.0,0.0,0.0,1.0,1.0,1.0,0.9630335942146844,0.8216364018411157,0.7071084989559973,0.3580047233819885,0.4373472657682437,0.3387645113345741,0.8040240615611587,0.6258047704733567,0.6203294597547933,0.6341552811687823,0.5718616913289374,0.5193929038841674,0.6316716951702741,0.6209031134550891,0.5956671434498559,0.5549504748749571,0.4913420290853428,0.5501946963893765,0.6341552811687823,0.5997285174127445,0.6306227791622314,0.36135727625597247,0.7952279947350858,0.3328352576373691,0.5811126739925481,0.4316246544459499,0.5237376632633605,0.4850775417269606,0.7165962611896796,0.7184435498037814,0.6071053463846602,0.5790997084568944,-1.8938533421013761,-0.3912734391432357,2.0901263012267424,0.9948144834654673,1.8285652262373648,-0.9620094698319643,-0.5880424878671995,1.2422715575352712,-1.14555432552232,-1.2663817351860416,-0.027295860075283285,2.7808310383202475,2.24807290238838,-1.4661667024274612,-1.2348826793765888,2.5590036705603767,-0.17215049091362372,-0.24968748123613588,-0.05539419869159825,0.7326687887433853,-0.13984549885141348,-0.16941326187796965,-0.4871694478127918,-0.09029828175803226,-0.10014528271671137,-0.22725361650177398,-0.5384475046770271,1.3063134762071469,-0.46470128908993197,0.5434791320938688,-0.19902733959979366,-0.49040103304342736,1.2170921502585594,-0.4072163116390835,-0.32121809599093404,0.0,1.0,2024-11-06,67.96733814362406
0.54421768707483,0.5413533834586466,0.07142857142857142,0.5,0.0,0.1111111111111111,0.0,0.0,0.0,0.0,0.0,0.0,0.0,0.0,0.0,0.07692307692307693,0.0,0.0,0.09523809523809523,0.0,0.0,0.4688540184292295,0.6483816729718369,0.6848884018920618,0.5933325716359579,0.8703786429740896,0.48998839996906657,0.3670117295546462,0.5688091296315972,0.39069232623220795,0.5571499748798886,0.6847706336384514,0.6397768118924816,0.6420744310579458,0.5854430523460987,0.5281995178669714,0.6704493280142945,0.6423855660756388,0.704943316347616,0.5850517261059913,0.6564061850113379,0.6838990471594076,0.6420744310579458,0.6397577317889596,0.6144958752293892,0.3509896365603584,0.8959698076246976,0.2922919014381833,0.7091145256660742,0.46350840531232373,0.8226796603269714,0.5397974434703352,0.965639199214227,0.966798918410534,0.6585790311236104,0.6267277938853363,-0.9356289566593504,-0.6984403948641177,1.462705779719767,1.2389132349739618,0.24024824456153226,-0.7781889159125659,-0.4003144115967313,-0.3144034991413554,1.1523922630502725,-0.767017121337987,-0.3591598921878727,-0.27104700128539383,-0.726176605523804,-0.2172068841998588,-0.8204329795821924,-0.32250884014371267,-0.46443927000654334,0.26618032080822435,-0.23722139211962368,1.2833107540569741,-0.20496689162345588,-0.1903346825088328,-0.793269593906518,2.5374628889722657,-0.19581298851140205,-0.3763585977864394,1.3570622427000572,-0.3900990740842089,0.19096859252305376,-0.5604537088175211,-0.37252365284325345,-0.48470783562552894,-0.4817292218738344,-0.4474568466927667,0.7346403040584469,0.0,1.0,2024-11-07,-22.17842399040687
0.4217687074829932,0.42105263157894735,0.0,0.0,0.0,0.0,0.0,0.5,0.0,0.0,0.0,0.0,0.0,0.0,0.0,0.07692307692307693,0.0,0.0,0.0,0.2,0.0,0.27799329050222865,0.33919714165615805,0.4056630881432267,0.3180344175199357,0.8952032362665827,0.449929626479004,0.3666216658513253,0.6329072292238472,0.4339501626876263,0.5030631098478433,0.7491527429255393,0.6609195384056648,0.65163247213418,0.5962326498039641,0.5359654084715455,0.708067284986301,0.6648759207107293,0.8027812957322047,0.6340893612033468,0.7708277353125714,0.6911710956038147,0.65163247213418,0.6844973206308698,0.5975854442429958,0.3213515016947135,0.9444412061208345,0.2642742183952451,0.7797255748029761,0.5031612778650436,0.9704706595504141,0.5916401217809808,0.964151500874412,0.9635875069689976,0.6577111242127622,0.6253779662528635,1.0293105059357455,-1.3125599733299682,0.16269531868882212,1.2640503086428498,0.9886644123247976,1.2409503658181262,-0.3544080715436803,-0.3528501738498105,-0.5912179560943137,-0.18322013466440662,0.2891917090158843,-0.21094794292441374,0.6100107864535672,-1.0217631778237553,-0.8482908547056691,0.046549093698807414,2.416867736518325,-0.32612769159719396,-0.37206951567607605,0.12478645370266399,-0.09582589081651947,-0.15186890304641026,-0.16482289775967016,-0.23618717334023012,0.18889505350265925,-0.2602455272635707,2.717156063768522,0.04134509404261266,-0.42822662986426496,2.24884250482904,-0.0923700779681071,0.3249328857454931,-0.390562247520308,-0.40205841325951336,0.3416777015807354,0.0,1.0,2024-11-08,-5.258093200209513
0.4625850340136054,0.42857142857142855,0.0,0.0,0.16666666666666666,0.0,0.0,0.0,0.0,0.0,0.5,0.0,0.0,0.0,0.0,0.3076923076923077,0.0,0.0,0.0,0.1,0.0,0.2102222284677494,0.2506515342580916,0.3238910895951848,0.30664424139982055,0.8952032362665827,0.449929626479004,0.3666216658513253,0.6506502268096888,0.4772079991430447,0.4910607046464358,0.8174232306599345,0.6845650148394462,0.6611905132104106,0.607446724948046,0.5449722201199982,0.7398978639626144,0.6857003231506287,0.8766854263849402,0.6921710273336998,0.8254755529251253,0.693119780193501,0.6611905132104106,0.7235891958287226,0.5847111122768913,0.3213515016947135,0.9444412061208345,0.2642742183952451,0.7797255748029761,0.5399818023782836,0.9622173988396473,0.5916401217809808,0.964151500874412,0.9635875069689976,0.6577111242127622,0.6253779662528635,0.805842633204936,-0.007564398253308905,-0.7411565088259001,-0.0511237313790151,-0.12070451373428509,0.481105842197074,-0.34589632365646605,1.543837548145268,-0.8665132499198163,0.14080745966445263,-0.7250584724823494,0.1866084933229119,-0.2594406215452396,0.1983913665532288,0.42364470888967126,0.3224917139664876,0.20178305755942155,-0.5952763198737748,-0.39440772419377634,-0.011827615947481591,-0.18541091100330687,-0.18108411031603827,0.0032654504886743888,-0.34195228499959585,-0.21699426550059328,-0.35083181898992677,-0.3703977955475916,-0.406671804115404,0.711403169265467,0.32443742372249446,-0.26688577719899476,-0.3909074576747214,-0.4916250422893814,-0.381390250047983,-0.4787065964789323,0.0,0.0,2024-11-09,0.0
0.3129251700680272,0.2932330827067669,0.0,0.0,0.0,0.0,0.0,0.0,0.0,0.0,0.16666666666666666,0.0,0.0,0.0,0.0,0.07692307692307693,0.0,0.0,0.0,0.0,0.0,0.335555852218096,0.3740962589323245,0.5163201330472321,0.41590188889747665,0.8952032362665827,0.449929626479004,0.3666216658513253,0.6579292004941425,0.5193772344442511,0.47972996133171997,0.8687812226429896,0.7222804607309694,0.6715292894251093,0.6186608000921279,0.5556220067754705,0.7668314307887272,0.7049821772616447,0.9309957538357725,0.7524899064707198,0.8389937294885075,0.693119780193501,0.6715292894251093,0.7599777244084986,0.5749990592448766,0.3213515016947135,0.9444412061208345,0.2642742183952451,0.7797255748029761,0.5741722894262924,0.9566405238193311,0.5916401217809808,0.964151500874412,0.9635875069689976,0.6577111242127622,0.6253779662528635,-0.485228638600038,0.9883720315834789,-0.39141434288721255,-0.8931858198229268,-0.2509142119768644,-0.343208141334761,-0.3360138782961363,-0.6527965262392702,-0.032904935659406886,-0.4792109158189265,2.1718908069815748,0.11664542975192325,0.6174102805073789,-0.3471710319994792,-0.6172122424311269,-0.07769325814423955,-0.2563196530420537,-0.4064328469439187,-0.28052096090675277,1.3162615858965743,-0.026607591191502442,-0.17237267063801515,-0.5208248313946072,-0.18699529718490268,-0.11679816850233342,-0.33974152576361266,-0.3110327815414442,-0.3994011998330047,0.3750731970273791,-0.1760781048773769,1.2891199242654177,-0.7429935647609389,-0.48321858562441733,-0.41598572908357906,-0.324267855440752,0.0,0.0,2024-11-10,0.0
0.17687074829931973,0.18045112781954886,0.0,0.0,0.0,0.0,0.0,0.0,0.0,0.0,0.0,0.0,0.0,0.0,0.0,0.0,0.0,0.0,0.0,0.0,0.0,0.18095819238109342,0.20651534258091636,0.24440598148019563,0.21582359088785907,0.9016307192525783,0.39831103549609465,0.36431526727712127,0.6364617907500048,0.5525481033166852,0.42052874555809516,0.8862344355257292,0.7577155373069022,0.682495421075604,0.630097252728758,0.5663671367178598,0.7908657514358062,0.723508718856392,0.9729237756974489,0.8114400620212527,0.8307233291942764,0.698425900399951,0.682495421075604,0.7951421968422157,0.5671504113215287,0.2768276949928179,1.0,0.28859999670793113,0.7797255748029761,0.6059205988280147,0.9579436944509047,0.6397752921825948,1.0,1.0,0.6765596527033684,0.6430268502797181,0.5433021080962807,-2.272980152581735,1.4313465507783543,2.5255135106147746,-0.34028176614493905,0.14122408949054766,-0.42908723309886715,1.243761257830721,-1.4184283334659025,-0.0517449463343884,1.2742143520766414,0.12237496500857706,0.9041362246392994,-0.9639660266157558,-0.15147484666383154,0.16528803961420693,-0.3180252408177694,3.060377880287632,-0.37120847080419705,0.34179665796013625,-0.1139055102006903,-0.09916157816172232,-0.5154468093578268,-0.18139373605151943,-0.12094327745385222,-0.2176784111379936,-0.2637701316094533,-0.38934485421815024,-0.17980476015090852,0.5659645719457731,0.22785452001212342,-0.5012730436265552,-0.21211798294339002,-0.2961995870604732,-0.19945967374561988,0.0,1.0,2024-11-11,-7.151459048500664
0.37414965986394555,0.38345864661654133,0.14285714285714285,0.0,0.0,0.0,0.0,0.0,0.0,0.0,0.0,0.0,0.0,0.0,0.0,0.0,0.0,0.0,0.14285714285714285,0.0,0.0,0.16339248508144738,0.2843421605716688,0.2620818211122157,0.3014506974571629,0.8824260547764808,0.3844528652076406,0.3346656080376773,0.5734977694344002,0.5763403318024181,0.4014254993079531,0.888862947771063,0.7908936062751071,0.6961215012595616,0.6402561047144388,0.5768273906303563,0.8074844051344279,0.7386521493393037,0.9903646255087305,0.8630490202385986,0.7863647449017128,0.6487012518368892,0.6961215012595616,0.8241847585137165,0.5678685252541911,0.26607355481997286,0.8927021458574342,0.37508329573972965,0.5959549209953867,0.6092543030223339,0.9405550868021372,0.5926354855631146,0.8570148610124015,0.855654370407924,0.6599043182831061,0.6277203408201896,-0.39673346263415266,-0.10642767258318868,0.4586784463094316,0.5059941707173685,-0.48732716037545715,-0.169133090311583,-0.31611325041639826,-0.2994871438437691,0.45263940513034007,-0.1420984387197743,0.7612176774878358,-0.6004554053052308,-0.49399662419346385,0.4017635999647471,0.2963822437303231,-0.5300966648642608,-0.27381645351688016,0.5111475005813504,-0.4585283291791111,-0.10535479179715404,-0.1421485678381581,-0.17016599584270037,-0.5081570688209477,-0.17252127027712902,-0.1680818016258108,-0.26392437792322454,-0.1144855047256144,-0.3900586546344576,0.021161538202613288,-0.23098230162684352,-0.33488348180663424,1.1250803980479702,-0.1128887428560575,-0.2487339102911366,-0.01511202272581525,0.0,1.0,2024-11-12,-2.06785137318255
0.7074829931972789,0.6917293233082706,0.0,0.0,0.0,0.1111111111111111,0.3333333333333333,0.0,0.0,0.4,1.0,0.0,1.0,0.0,0.0,0.0,0.0,0.05555555555555555,0.0,0.2,0.25,0.4934706976980488,0.6773329129886507,0.6964335009407808,0.7050366118804627,0.8839633786337915,0.380861495630655,0.3345860900607289,0.47295209429600577,0.5990078063280802,0.39278168483862186,0.8864106282265665,0.8242523475818375,0.7089405281882009,0.6499185086194306,0.5899398289229421,0.8218439732700933,0.7528348057471828,1.0,0.9067939901852389,0.7388472391394224,0.6436895535225748,0.7089405281882009,0.8504451289105734,0.5693030871010327,0.2462954956581025,0.8250968033326691,0.3383441757551189,0.5959549209953865,0.6123498854884877,0.9246627467253284,0.6395173418810192,0.6200563776182453,0.6235459551058691,0.7229268543004063,0.6877576833375774,-0.1704399844016233,0.8339931397353216,-0.5520011759058577,-0.4684557024188964,-0.3273558309581551,-0.2577656300748877,0.41128206327739725,-0.29214867429813596,0.5154305618314051,0.09065298180590196,-0.42132889347629676,-0.14674515065000443,0.9018814013335663,-0.49540761290677204,-0.46434707042055184,-0.09792135579174198,-0.07602117372104372,-0.6414086933383265,-0.5279253602045032,-0.5465485808767532,-0.21153041864072378,-0.1939147279578933,-0.6849787280234759,-0.3351651377720465,-0.2117651190256414,-0.3732648680558304,-0.434103776906919,-0.12774233686385192,1.210196032296357,-0.41735736047348704,-0.410957394631981,-0.6624788992568851,-0.1515435639138541,-0.4299361393528398,-0.4341571026975879,0.0,1.0,2024-11-13,-0.5472027148041625
0.7755102040816326,0.7669172932330826,0.0,0.0,0.16666666666666666,0.0,0.0,0.0,0.6666666666666666,0.6000000000000001,0.16666666666666666,0.0,0.0,0.0,0.0,0.15384615384615385,0.0,0.0,0.14285714285714285,0.1,0.0,0.4473707621771115,0.5129571248423708,0.5758633985190253,0.508135600055111,0.8439054508015857,0.3753538009434692,0.34890829678334856,0.3031832384658886,0.6218808162500165,0.38240240427151406,0.8752184435926438,0.8549978152359357,0.7192420382347322,0.6586033972081946,0.6015768460762789,0.826239045203792,0.7617727333393258,0.9801912797009621,0.9367371330009624,0.6554508278468855,0.6079989776548413,0.7192420382347322,0.8656322090009461,0.5746837735062655,0.24000217384363487,0.7465186376717874,0.394697012309718,0.4596862861873515,0.5958360682444628,0.8684791086095952,0.5930310760126876,0.4887803748392919,0.4995943652748745,0.6673523651857773,0.635643896962059,-0.255540005855401,0.653639944585079,-0.31948648217664366,-0.7067395187637477,-0.32109444590197184,-0.08394946352849486,-0.24179098631783694,-0.2597703901510103,0.52079314503669,0.10963525682653821,0.11185805995187147,-0.6552910204330913,0.5083117945766318,0.02690207224521178,-0.22709249206604323,-0.4852264197633825,0.5137615989834461,-0.30791611444743816,2.0264221870499677,-0.22629852923423185,-0.12887345412532553,-0.15218915111277387,2.4147085329619444,-0.2603341334821812,-0.1701402093716813,-0.30427237456365214,0.004455143589392008,-0.322901336159668,-0.7774978428177567,-0.32550512693522526,-0.06762456116746692,-0.18692295978876508,0.25147047688795787,0.32101773381653126,0.20946739236048093,0.0,1.0,2024-11-14,-0.8438028709675915
0.2789115646258503,0.23308270676691728,0.0,0.0,0.0,0.1111111111111111,0.0,0.5,0.3333333333333333,0.0,0.0,0.0,0.0,0.0,0.0,0.0,0.1111111111111111,0.0,0.09523809523809523,0.0,0.0,0.23816198459312524,0.28490962589323243,0.33903334140603963,0.30240337924800303,0.7570083007925916,0.43820895522388065,0.3915068468899636,0.06634442569581199,0.6583576583693747,0.43371832958697076,0.8450669815114349,0.8664208016201851,0.7238066980677225,0.6633972870618692,0.6125899532341936,0.8131344100784705,0.7609502509959487,0.9113934382870928,0.9431426078447397,0.5132263947746488,0.6562825433453323,0.7238066980677225,0.8681977640629484,0.5800437105564056,0.2918742366535916,0.6163383581018562,0.6684702391397512,0.0280804777163031,0.5190929814533671,0.7464108031308397,0.5420302355079585,0.32361870842549934,0.34517512984885984,0.5796095422906608,0.5540613376075918,-1.204436902078435,0.45288972397170435,0.7317588615193872,0.06359588035389083,-0.5695067689135151,-0.8419395433915897,-0.3445945380796084,1.157051355432031,-0.45124541613421654,0.4240679250262311,0.1440765534798428,0.4467737771083147,-0.45618943499538234,-0.3600708606590905,0.004700040677395728,0.5712839885560543,-0.3762012496334187,0.04656230603270919,0.13905739343029871,1.1165215274492946,-0.1840830230703824,-0.18099271992618174,2.2598388705754853,-0.03658979651168999,-0.19789534402585512,-0.33424097487905813,-0.7153197814558231,-0.16163114456702393,-0.47229005535647367,-0.5331989935176803,-0.13281879769483987,-0.5248059524359884,-0.5129411393033838,0.18898448382972124,-0.5533801134461916,0.0,1.0,2024-11-15,9.71163106364572
0.5850340136054422,0.5864661654135337,0.07142857142857142,0.0,0.5,0.0,0.0,0.0,0.0,0.0,0.0,0.0,0.0,0.0,0.0,0.0,0.1111111111111111,0.0,0.0,0.2,0.0,0.346470649595479,0.43743169398907106,0.5115448167862613,0.5244454451057022,0.7570083007925916,0.43820895522388065,0.3915068468899636,0.08074996433400344,0.6948345004887324,0.4252406489537738,0.81351316695714,0.8588254533171185,0.7283713579007127,0.6684667612928141,0.621636972682774,0.8020458726647366,0.7601886932706012,0.8535046934703223,0.9335006543110685,0.4162611216655997,0.6450479559643248,0.7283713579007127,0.8704501845755885,0.585627427020226,0.2918742366535916,0.6163383581018562,0.6684702391397512,0.0280804777163031,0.4478315437187783,0.6228462300801256,0.5420302355079585,0.32361870842549934,0.34517512984885984,0.5796095422906608,0.5540613376075918,0.08110200283792818,-0.3835186777963563,0.25131535922668286,0.3917717417217638,-0.42480775805217824,-0.516988466242207,-0.27765378236879656,1.073288818241297,0.01099056098890554,-0.00025543474443939177,-0.6043648291951726,-0.10510808265382773,0.3103902900498753,-0.36791953291563995,-0.23283451163475216,-0.07074830657078057,-0.2515337759780323,0.020050134727852498,-0.3730744387653419,-0.15750983037998828,-0.18454199590388048,-0.15499886851395903,1.0824029305134448,-0.3090053670731979,0.44097581071234804,-0.23100868882992306,-0.5225599199563741,-0.3867900998981527,0.47706652586830234,-0.025881493488073386,-0.28604941626377356,-0.6441820988035373,-0.3894606506306091,-0.3776983088333988,-0.42834065541186245,0.0,0.0,2024-11-16,0.0
0.3537414965986394,0.3233082706766917,0.0,0.0,0.0,0.0,0.0,0.0,0.6666666666666666,0.0,0.3333333333333333,0.0,0.0,0.0,0.0,0.07692307692307693,0.0,0.0,0.14285714285714285,0.1,0.5,0.28341553107669226,0.33682219419924336,0.3212525001397199,0.42998544933984356,0.7570083007925916,0.43820895522388065,0.3915068468899636,0.09124122454221624,0.7249511267624493,0.41840135269485323,0.7861494387525889,0.8455017253700472,0.7318112926831368,0.6735362355237591,0.6302762010648006,0.7926632640838847,0.7594835472286103,0.804822662452616,0.9133692181428614,0.3528792810050863,0.6450479559643248,0.7318112926831368,0.8724897185545277,0.5895908405557133,0.2918742366535916,0.6163383581018562,0.6684702391397512,0.0280804777163031,0.381660208679517,0.5382697844367625,0.5420302355079585,0.32361870842549934,0.34517512984885984,0.5796095422906608,0.5540613376075918,-0.37408544349852685,1.4565895536506763,-0.893198567297302,-0.7399658306998438,-0.06707625505923508,-0.49854077160579824,-0.332936113401201,-0.5941659893761824,-0.4957694848489284,-0.10968302319140237,2.471649618214716,-0.09484129211331882,1.5756479122505058,-0.41276758849299805,-0.22072238206257416,0.028680356763578864,-0.3561169044081816,-0.6884332226150867,0.4398584407407409,0.23229012079487207,-0.09933117345330397,-0.17235313497981336,0.33905777381061375,0.05690620638833795,-0.09567436547465241,-0.24555638377441918,-0.1207932122080852,-0.22544767277482838,0.038382808203691075,-0.567165983706149,-0.12989090485657534,0.0833633970556966,0.1333457987251028,-0.11105302273732931,0.08282207678712028,0.0,0.0,2024-11-17,0.0
0.3605442176870748,0.3383458646616541,0.07142857142857142,1.0,0.16666666666666666,0.0,0.0,0.0,0.6666666666666666,0.2,0.6666666666666666,0.0,0.0,0.0,0.0,0.07692307692307693,0.1111111111111111,0.0,0.23809523809523808,0.0,0.0,0.16369639603656444,0.18894493484657418,0.21935293025125313,0.2506376415160914,0.7824524690901216,0.3443105714948574,0.3614159404906221,0.09144349690672131,0.7284579489308141,0.33123999589015474,0.7640017216207191,0.832250812311341,0.736244504577499,0.6794860248575745,0.6392928603390722,0.7896501990738471,0.761494700025624,0.778111841119084,0.8904506395048293,0.3360382006510414,0.6694313704686945,0.736244504577499,0.876361123217217,0.5938104140905045,0.26691878468172026,0.6399345518439905,0.6918920912016889,0.0280804777163031,0.32021539757163175,0.5514897065888961,0.5862868198504865,0.3517316553139499,0.3716425932115055,0.5882914003030981,0.5619410447356054,-0.36868888440902214,0.9602479221998386,-0.4755840849691139,-0.8439768275067515,-0.5032416358930693,0.7203982587077262,-0.19201049631586803,-0.6433337207266624,0.9039590121568933,0.3393741727184099,-0.358897820415992,-0.6013412451671711,0.6085665839828475,-0.74704417793368,-0.7845765842701276,-0.35071176334163146,0.07247887587693373,0.28085627110436917,-0.11977183556145038,0.24909159312641274,-0.14861692882045463,-0.1691964032171329,0.29412489535987796,-0.27756419567974866,0.8057578126370737,-0.16533708598425678,-0.579830561595698,-0.2328078396866907,-0.07204327830882418,0.06468896972055939,-0.33376803554956047,0.02366674003661759,-0.3050354279674783,0.21322384118304333,-0.463220266301627,0.0,1.0,2024-11-18,-13.223813755728653
0.5374149659863946,0.5037593984962405,0.0,0.0,0.0,0.2222222222222222,0.0,0.0,0.0,0.0,0.0,0.0,0.0,0.0,0.0,0.38461538461538464,0.0,0.0,1.0,0.0,0.0,0.39515850337231445,0.44186633039092055,0.5607155014590147,0.5093823194357167,0.8082947426873135,0.35252030005413354,0.34169982956409206,0.09797150102140766,0.7346782400278511,0.33756817050269783,0.7562321538597168,0.822036984757692,0.7437897089744059,0.6853994458746833,0.6486928558759892,0.7921038222037335,0.7660626269254447,0.7691415537250015,0.8698276244699783,0.3499089559201187,0.7222730294425009,0.7437897089744059,0.8826186296888157,0.6012289285576875,0.28067873841334845,0.6128235117113152,0.5920113758472695,0.10383857894344231,0.2739383560221761,0.4985073996517276,0.6311330683621614,0.4183259201290457,0.4336033576584551,0.6042383531187476,0.576593637645308,-0.6720740983907078,0.6563215761756421,0.064657829682814,-0.7134461193411717,-0.2974367174834348,0.0642766959260304,-0.12043532249210072,0.3764850043953965,0.1031538003425924,-0.21110606247635602,-0.16909586019319128,-0.5435276460225137,-1.2310968801412023,1.9701429761354805,1.949436650761033,-0.42114755464055,-0.11778410686535781,-0.1512957561959508,-0.20327891731631562,-0.335281976619192,-0.19300283925589806,-0.1714045468179868,0.7087331893072268,-0.2944883858493044,-0.15428515441651092,2.1767786746101594,-0.5127462028389513,0.28889841621050943,-0.29282167404977943,-0.017025439667571564,-0.39280344603506046,0.5067996997567701,0.08128770099960483,0.30019856530938227,-0.4105914980165306,0.0,1.0,2024-11-19,1.332376137715685
0.2040816326530612,0.21052631578947367,0.0,0.0,0.0,0.0,0.0,0.0,0.0,0.0,0.0,0.0,0.0,0.0,0.0,0.3076923076923077,0.0,0.05555555555555555,0.7142857142857142,0.0,0.0,0.11645842938083345,0.14995796553173601,0.1742631961932956,0.16024376556298958,0.8084384279108008,0.3116386977031939,0.3299354492577844,0.10947559131954611,0.7128178434181809,0.3040832268873872,0.7674532128827396,0.8118400436559225,0.7592481791286634,0.6933743299824453,0.6580912088064856,0.7942077827312009,0.7703072330592278,0.7598275593060059,0.8509533871000052,0.36047580189029294,0.6541430490064646,0.7592481791286634,0.8743691545957386,0.631485177020747,0.2829516387656956,0.5405786567372042,0.5256576761861167,0.10383857894344238,0.23096681744053882,0.4457981491540818,0.6730429937165434,0.41626566155860956,0.43169596951954403,0.6263766727148697,0.5974637246925808,-0.5412772967626097,-0.6355118146696946,1.0432751820855026,0.37220678432182613,-0.3694803745683617,-0.4901938567793939,-0.18611101035681485,-0.20227334940378877,0.9092156780882737,-0.1914913946116536,-0.2142228187969581,0.3356898735050011,0.4820358932227577,-0.0016162314734260396,0.13422063713402338,0.43561686663416976,-0.3448836767880854,-0.4341784177389716,-0.3577248675873227,-0.7804249921721331,-0.14742993739046117,-0.16958158159509945,-0.5114840478326639,-0.2916730653042587,7.630437533180311,2.071910830302843,-0.41565716338698383,-0.3631995958406321,-0.4761258589321452,-0.6486044375797445,-0.4715523785547164,2.241367437385287,-0.4347100919217898,-0.09554060189644113,-0.3771495601588307,0.0,1.0,2024-11-20,-6.54753352787012
0.7891156462585034,0.7293233082706767,0.14285714285714285,0.5,0.0,0.0,0.0,0.0,0.3333333333333333,0.0,0.0,0.0,0.0,0.0,0.0,0.07692307692307693,0.1111111111111111,0.0,0.09523809523809523,0.1,0.25,0.4188649631150576,0.5693568726355611,0.5122826508509367,0.6702864094145795,0.8433966106492363,0.3823988863970304,0.3335266512505717,0.11562271029507883,0.7273348687117549,0.3665083353355,0.7863014712503018,0.8049961424614729,0.7753092200422795,0.7025284558250071,0.6665305600314362,0.8027560633459974,0.7778976299849951,0.7697842248267803,0.8383937558943206,0.3986312930315889,0.47899861847314784,0.7753092200422795,0.8701365341123761,0.6598203925324269,0.30572148117646525,0.6198357955627509,0.44949660039036554,0.2765004290930711,0.21563098390601365,0.44630278701779547,0.7200352732040294,0.5271642696862497,0.5356457743850894,0.7860977600081214,0.7508087122212532,0.24911996077140192,-0.36179734267722774,0.07694650948483378,0.3581636314019058,-0.027242784991193383,-0.6639427321915672,-0.24778396289252316,0.023850643364138176,-0.8675042868472929,0.24130527568304466,1.8679172643475124,0.5998486029245376,0.8596600263318215,-0.8583004320824268,-0.6988173924386307,0.5828779620318227,0.8611147000475516,1.0310678080053737,0.411903500082367,0.11611008039713828,-0.1328186936265773,-0.08197159389002702,-0.2318650302463811,0.42574555277029114,-0.15718455753335608,-0.1496030575458192,1.8164275271322012,0.2570056774674099,-0.5446177010071466,0.9663669599875995,-0.18848110650884795,0.006742848884151555,-0.41960629604488175,-0.09001845559606766,2.46841556152222,0.0,1.0,2024-11-21,12.126850835758706
0.5510204081632654,0.4962406015037593,0.0,0.0,0.0,0.0,0.0,0.0,0.0,0.0,0.0,0.0,0.0,0.0,0.0,0.07692307692307693,0.0,0.0,0.23809523809523808,0.0,0.0,0.2878297255505177,0.3504203446826398,0.3345702074233897,0.42811369005413646,0.8662187937031307,0.3686799164797773,0.32747704793963917,0.11959163568946667,0.7388826774500221,0.35155571719187195,0.8101290885545698,0.8030914014758386,0.7928769553148332,0.7128396211617467,0.6749674513531083,0.8144076651894796,0.7873153129055517,0.7879510820294651,0.8329800755798502,0.4418101166719057,0.421396066092398,0.7928769553148332,0.8629997396411859,0.6926054373335502,0.2653151920473875,0.6225460387389288,0.4225111379446038,0.3135022569530498,0.20665518313331777,0.5563804606243193,0.7660421869830856,0.689365711867249,0.6906527961128334,0.7829909210020645,0.7468057874892052,-0.3737775514614687,0.3761951271631879,0.0264416122205281,-0.5235723007246018,-0.36807142092666245,-0.4046897828582567,-0.19480975606363454,-0.017668619743247464,0.5361990737659401,0.376510864744266,-0.2942062597161718,-0.7209770798662732,0.26195467623025037,-0.12944909974625263,-0.35879794966287254,-0.6200944646441559,1.1636165363484368,-0.2889462309316712,0.5204500313788072,-0.030692988750567436,-0.15095622554352128,-0.14776402489112914,0.525560504363632,-0.24017893110327643,0.12345388582677246,-0.22228240697026688,-0.22316812292403135,0.05395641513105019,-0.5967655709423356,0.7224384979136,-0.23741478414282305,0.7421342997469813,0.025151734446381153,-0.08390996176424204,-0.2175597242079586,0.0,1.0,2024-11-22,-2.096867228352861
0.40816326530612246,0.42105263157894735,0.2857142857142857,0.0,0.0,0.0,0.0,0.0,0.0,0.2,0.16666666666666666,0.0,0.0,0.0,0.0,0.23076923076923078,0.0,0.0,0.0,0.1,0.0,0.20155414538758512,0.2690521227406473,0.26145124678150233,0.3231019453526939,0.8662187937031307,0.3686799164797773,0.32747704793963917,0.12330851361343788,0.7504304861882889,0.34924593302494,0.8284052804539952,0.8010059881516787,0.8104446905873868,0.721193812235537,0.6819600909939858,0.8242667129031958,0.7960353896838459,0.7996038230947022,0.8316215270891267,0.4663129189611119,0.35281087529980204,0.8104446905873868,0.8467423487192072,0.7319084525417328,0.2653151920473875,0.6225460387389288,0.4225111379446038,0.3135022569530498,0.19832051098724313,0.6661850777913205,0.7660421869830856,0.689365711867249,0.6906527961128334,0.7829909210020645,0.7468057874892052,1.1681871215753132,-0.40090187905033814,-0.7423952233195759,0.14005787500004774,-0.14661957662129657,-0.25113069891717643,-0.2487399446528498,0.17066035725038364,0.49194427763078574,0.046140351882159245,-0.5465024799218229,0.1870974613604366,0.22256971115888435,-1.4346214684565293,-1.1733837286851208,0.7556846093627239,-0.4734885193284387,1.6486975399332076,-0.006164253202776259,-0.5485873836150275,-0.20809263695224037,-0.18575481495684895,0.49306545498144616,-0.3101563751759178,-0.20931871342465236,-0.3620280890564184,0.07363026777585575,-0.3426377964862324,0.24211003927077226,-0.6214213861852187,-0.2904881949580412,-0.10264270494198449,-0.46447240141482504,-0.2974077361271824,-0.32891066341040925,0.0,0.0,2024-11-23,0.0
0.9999999999999999,0.9999999999999998,0.0,0.5,0.16666666666666666,0.0,0.0,0.0,0.0,0.0,0.0,0.0,0.0,0.0,0.0,0.07692307692307693,0.0,0.0,0.047619047619047616,0.1,0.0,0.6317683963954421,0.9188314417822615,0.6673311124923155,1.0,0.8662187937031307,0.3686799164797773,0.32747704793963917,0.13022317034561454,0.7684854652330517,0.34567078778229277,0.8410431880719784,0.8036283398592694,0.8291890025932975,0.7295480033093291,0.6887717314325688,0.832608984045569,0.8041095348489318,0.8060201171455204,0.8321713646056039,0.4778441852819976,0.35281087529980204,0.8291890025932975,0.807698257945443,0.7893499765344618,0.2653151920473875,0.6225460387389288,0.4225111379446038,0.3135022569530498,0.1905811725658879,0.709555884444829,0.7660421869830856,0.689365711867249,0.6906527961128334,0.7829909210020645,0.7468057874892052,-0.1597662640819288,0.4074202609374838,-0.19868854299138247,0.0061569138917180405,-0.08167182802848766,-0.6171449353439626,-0.21589065533986648,0.9951512100817914,-0.3008946339086776,-0.7465049245575395,0.138260805739734,0.5401172572511469,1.0241335047955362,-0.7245836253116449,-0.4711818630661881,0.6383296092751888,0.6031352677056928,-0.4772279647948782,0.7648346024451317,1.8092815689091115,-0.06744965328365286,-0.026638173105295704,1.6154247532839867,-0.16826932297107505,-0.1496960106062117,0.5908272014992347,0.708179649535159,-0.1433030971219336,-1.3316804767218589,2.0493586913943704,0.23058422849301788,-0.35632891218432744,-0.08984567102811027,-0.19118953925890833,1.4615182095491615,0.0,0.0,2024-11-24,0.0
0.5374149659863946,0.5338345864661653,0.21428571428571427,0.0,0.0,0.1111111111111111,0.0,0.0,0.6666666666666666,0.0,0.16666666666666666,0.0,0.0,0.0,0.0,0.23076923076923078,0.1111111111111111,0.0,0.0,0.1,0.0,0.30256716388869825,0.4636822194199243,0.42424950646409254,0.520391086796536,0.8861651116072276,0.5994014384038358,0.3143333217385378,0.12298047891869233,0.8309106490098146,0.5386629706122339,0.8580016471365797,0.8188073556114732,0.8441326290443598,0.7385922953403341,0.6958792493577111,0.843529494285642,0.813674022787362,0.8193948974599422,0.8360228903044615,0.49779436600848403,0.40923014570760474,0.8441326290443598,0.7841607820632497,0.8297203516871345,0.2643231373153405,0.6234923070676426,0.42321033599353297,0.3135022569530498,0.18339464403177264,0.7416686944053258,0.8286206857478788,0.681238071661862,0.6823133435887526,0.8219903961303401,0.7844238045376271,0.39751795876437696,-0.3938334155650207,-0.0334475627366938,0.20981196422627868,-0.33421897143389445,0.22235709671341833,-0.16305508596120086,-0.474744461946484,0.23718079745971915,0.16717042350907899,0.6410742792911276,-0.3450758087861863,0.1286096401174812,-0.15046827269952212,-0.19377857976137197,-0.397508044915917,0.20897318067487147,0.8100987651689915,-0.1998176455964908,-0.34121480217728667,2.3779877214753418,-0.15810665757515194,-0.2947895127073539,-0.13578540902255343,0.6909288896819429,-0.17662248025472538,0.5886314314814688,0.39818424393290597,-0.022691004319474434,-0.3221021531531232,0.9698980384715129,-0.302266751211661,-0.36845610624433195,-0.27534775234394326,0.41423406636147786,0.0,1.0,2024-11-25,36.01977099642151
0.5170068027210885,0.5263157894736841,0.14285714285714285,0.0,0.16666666666666666,0.5555555555555556,0.0,0.0,0.0,0.2,0.3333333333333333,0.0,0.0,0.0,0.0,0.3076923076923077,0.2222222222222222,0.0,0.0,0.0,0.25,0.1859869647440592,0.2698823034888609,0.2493500906909277,0.40597013922259817,0.9240656004070722,0.3213131235016627,0.2983603136983006,0.11258968649662161,0.7474123963954313,0.30655827826835547,0.8756020604764059,0.8384405856856345,0.8508948872956967,0.7510579377000255,0.7035489713658052,0.8601075714001638,0.8264983027411663,0.848091263398939,0.8464240157675892,0.5373697867525264,0.4807624651861784,0.8508948872956967,0.799510586842004,0.8294072833201778,0.23919127838727428,0.581955217549506,0.3753631236520123,0.3368831237203279,0.18004806616862656,0.8349247676320309,0.871225477224721,0.6990640995951353,0.6986400292547339,0.7810833106967296,0.7426050561294808,-0.0069969155433462285,0.27681132496643834,-0.2292060023645044,-0.340888307228948,-0.33981105679349183,-0.24574203324748517,0.18360215708717068,-0.6506099291006707,0.6544775392853589,0.48825427929342896,-0.1292710332612738,-0.6939443802641209,0.06821852151701423,0.326496106334012,0.27457879468973445,-0.6776679433310561,-0.2904136273195328,1.747162098240349,-0.021535954471315403,0.7764166081402394,0.016880573361251535,-0.17271242277606505,0.13129861729962244,-0.26348466617145844,-0.13333341194157142,-0.21122036867811397,-0.05451243420752663,0.0006464069048749184,-0.6333407950269524,0.10578124579001262,0.09663784171263241,-0.21987038824560387,0.4426761848449791,-0.28003076572159424,-0.29404021440728645,0.0,1.0,2024-11-26,-31.917843480113262
0.6666666666666666,0.6691729323308271,0.14285714285714285,0.5,0.0,0.0,1.0,0.0,0.0,0.6000000000000001,0.8333333333333333,0.0,0.0,0.0,0.0,0.15384615384615385,0.0,0.0,0.0,0.0,0.5,0.28873691839804394,0.4122635561160151,0.42566815757696874,0.485417415762431,0.8987435105325057,0.2483365555641482,0.30152624799712835,0.07427661816542086,0.6951113372521189,0.24849714741369122,0.8826983246254461,0.8550978642891733,0.8527675033307744,0.7605351173568753,0.7099569312602476,0.8692327445242309,0.8357213521382434,0.8531732153888598,0.8560412268058673,0.5326330479734657,0.4569819074382898,0.8527675033307744,0.8043740659002339,0.8288826653430963,0.21418364519010435,0.5361927103050868,0.37419973673850604,0.29175349856735827,0.17051949137759026,0.8823228151468193,0.833862231432299,0.6614172662444999,0.6629399328820352,0.5878345778352416,0.5602024183662356,0.3761514793385158,0.3724925612579915,-0.6661308653247004,-0.37629994642045683,-0.03735210924326137,0.058076375393810456,-0.20224891345149382,-0.6809928494645913,0.6338143344305486,0.2835938870032266,0.012917458594134635,-0.4385878578381472,-0.14720645595643903,0.566834163554874,0.3008447685790986,-0.24535437866591822,-0.3188171005875255,-0.1381457413768664,-0.4614484804926297,0.13479466949092875,-0.17752665136023674,-0.16887740854022543,-0.5901402694228582,-0.2948487099014566,-0.20944708619449678,2.644441053697278,0.43125522686976986,-0.403121429228235,0.4888332333417751,0.12475665765340607,-0.2591164217663375,-0.19486538024808184,-0.5041980402492863,-0.3246565917970711,-0.2616424107265767,0.0,1.0,2024-11-27,-12.30271409090079
0.10204081632653061,0.09022556390977443,0.0,0.0,0.0,0.0,0.0,0.0,0.0,0.0,0.0,0.0,0.0,0.0,0.0,0.0,0.0,0.0,0.0,0.0,0.0,0.07355315306940337,0.11438629676334594,0.06910067229272199,0.15460160426908975,0.8987435105325057,0.2483365555641482,0.30152624799712835,0.05700190271931786,0.651480256551022,0.2559433197848162,0.8897945887744863,0.8687648442862823,0.8530012281787869,0.7684464783873057,0.716547532963407,0.876954044859982,0.8442612126910891,0.8538309779157935,0.8639027785242892,0.5220246201660836,0.4581756418461064,0.8530012281787869,0.805094405370971,0.8287362039846498,0.21418364519010435,0.5361927103050868,0.37419973673850604,0.29175349856735827,0.16167152907162863,0.8976080527011105,0.833862231432299,0.6097375166697278,0.6135253354169489,0.5375032281563281,0.5141373520231285,-2.2874571571179994,-2.23646079700701,4.026407646311383,2.2688584204085966,-0.1831664089354483,-1.353888068766904,-0.6970465170455409,3.006685399052357,-1.8810735674714285,-2.1147954100201067,1.649903892495393,0.9453539990476323,-0.8745303384879531,1.340946556530469,0.8008303940286774,0.35111493594494264,0.32795755635352364,-0.09180379514684417,-0.20792186574789068,2.1201198853406176,0.02956366071033752,0.23727803765899705,1.268978893825708,-0.170710791795418,0.2729103621668087,0.5508192460426267,-0.5754412067856925,0.06044126860377634,-2.5379097883337605,5.203563541917629,1.0889277859508322,-0.7563785608508702,4.38802649468057,-0.3596013114140391,-0.2795995603138342,0.0,0.0,2024-11-28,0.0
0.1904761904761905,0.18796992481203006,0.0,0.0,0.0,0.0,0.0,0.0,0.0,0.0,0.0,0.0,0.0,0.0,0.0,0.0,0.0,0.0,0.047619047619047616,0.0,0.0,0.1441437283166857,0.18182009247583017,0.2224030583701827,0.15711184517828758,0.935957983415701,0.10620988322635527,0.3078128140264007,0.04844351261577089,0.5770884940347871,0.131278684490579,0.9050103311385653,0.8837683298150054,0.8556918098590938,0.7781043035473889,0.7233007527023592,0.8906922835233768,0.8560649360628432,0.8717884934104858,0.8747726454044803,0.5402021184167678,0.6272744927464583,0.8556918098590938,0.8152403828667047,0.8257255077874168,0.2013400059440188,0.5480987842188483,0.38320045686090665,0.2917534985673583,0.15345556407323524,0.8836401807310537,0.8610172217930456,0.6310140784335646,0.6332564446187344,0.550297046160265,0.5255681802232408,1.4601176619029652,-0.32291354211100615,-1.079630236716413,0.4428028041568646,1.2657477211972414,-0.05320050194749637,0.169111099618899,-0.6219909410321303,-0.13697021337025136,0.03857884472859768,-0.41873805822432014,-0.12735194611682085,-0.10590300658356924,-0.2676458958010799,0.11684776381447846,-0.24999289918441545,-0.4575810234086353,-0.5718398775943835,1.434480257856099,-0.5592024290757796,-0.17524185519286198,-0.1790775118132022,-0.0926363914044797,-0.1778743150428875,-0.21224617716442,0.3434654956246666,-0.6649259526707898,-0.2425936713895448,0.37405558633702635,-0.00028670422596931394,-0.39688370921287375,0.04319754731161205,-0.4271634839498095,-0.3459942236018441,-0.5598005341045295,0.0,1.0,2024-11-29,-27.321650502179384
0.3877551020408163,0.3383458646616541,0.2857142857142857,0.0,0.0,0.0,0.0,0.0,0.0,0.0,0.0,0.0,0.0,0.0,0.0,0.15384615384615385,0.1111111111111111,0.0,0.0,0.1,0.0,0.19840218396476514,0.21706599411517444,0.2753978348211387,0.3160971298570809,0.935957983415701,0.10620988322635527,0.3078128140264007,0.04544950260750669,0.5026967315185518,0.14143276080128742,0.9158741727192883,0.898754928891849,0.8583823915394024,0.786423285007265,0.7308779198480995,0.9023169470077885,0.8669943095552082,0.8823218082215379,0.8861553900209009,0.5433011401787172,0.9522341118683332,0.8583823915394024,0.8248688678752334,0.8230846339735871,0.2013400059440188,0.5480987842188483,0.38320045686090665,0.2917534985673583,0.1458264537175843,0.915530334472914,0.8610172217930456,0.6310140784335646,0.6332564446187344,0.550297046160265,0.5255681802232408,-0.18300374148963797,0.5640638099013624,-0.3105082660946393,-0.8951714595968231,-0.4664885877814448,-0.18655533016547404,-0.10263622284178488,-0.6682654050302116,0.8028783062540769,0.8788323349334733,-0.19569077053449446,-1.2727401002053145,0.23733942232700816,0.0637968850268395,-0.10760955222472925,-1.1639371156236897,-0.39594226013091455,0.6305050166292437,-0.22855224261162693,-0.4737030882713629,-0.20088398038311436,-0.1724735261679346,0.20547696113235844,-0.3532615913765884,-0.2160411954728991,-0.2853044030743159,0.460270281283184,-0.36465084898397715,0.5207690597748168,-0.5462736232930913,-0.3535587960341934,-0.6255560195618879,0.2898869122481116,-0.18054839594512598,0.03999419199598702,0.0,0.0,2024-11-30,0.0
0.25850340136054417,0.24060150375939848,0.07142857142857142,0.0,0.0,0.0,0.3333333333333333,0.0,0.0,0.0,0.0,0.0,0.0,0.0,0.0,0.0,0.0,0.0,0.0,0.0,0.0,0.11763996901978313,0.12463219840269021,0.13553001268487486,0.13209344682624224,0.935957983415701,0.10620988322635527,0.3078128140264007,0.03641592843652405,0.43947685550928606,0.1505144216463002,0.9184688606802487,0.9096331050128459,0.8606486381622691,0.7947422664671429,0.7374053412993611,0.9121532007253688,0.8771140998259153,0.8869184038096565,0.8964340910639792,0.5366300472100853,0.9522341118683332,0.8606486381622691,0.8328997426858766,0.8209167765454577,0.2013400059440188,0.5480987842188483,0.38320045686090665,0.2917534985673583,0.13874227981590848,0.947420488214774,0.8610172217930456,0.6310140784335646,0.6332564446187344,0.550297046160265,0.5255681802232408,2.5025170353689146,-1.5607331197525525,-0.9927170075307579,1.5626518105718756,-0.35256904620106466,-0.25526653474897276,-0.38118395812054345,-0.45133832709221555,0.28336424659243326,2.7509960208440796,-0.7209928088463218,1.3740502453468515,2.0613275012999335,-2.959529248319646,-2.3420630942857135,1.4102220353891672,0.09445162444229042,-0.09757896879447304,0.7884901373935954,0.22546909221144135,-0.17412616596175715,-0.17366667225638313,-0.22933160221934315,-0.28540218595088557,-0.13474325499023107,-0.2611891311625001,-0.10719345750329051,0.699162112523396,-0.01643046717230743,0.03802558725559833,-0.2562144389456648,-0.3747969510291494,-0.4058446614318437,-0.40365273976637184,-0.1751697268519311,0.0,0.0,2024-12-01,0.0
0.2040816326530612,0.18045112781954886,0.0,0.0,0.0,0.0,0.0,0.0,0.0,0.0,0.16666666666666666,0.0,0.0,0.0,0.0,0.07692307692307693,0.0,0.0,0.0,0.0,0.0,0.15244655615326452,0.17102774274905422,0.21520141402200857,0.18047859238325026,0.9522975861422625,0.41060242827314214,0.30575665311061195,0.029775497275609495,0.4451364433672991,0.45984851316874875,0.93015332418467,0.9197494228293284,0.8652614765533393,0.8036265640688907,0.7441751393441045,0.92363957947072,0.8881950718234393,0.8959322718558335,0.9069563206300945,0.5381015483871396,0.9628158928307452,0.8652614765533393,0.8480684636281044,0.8173458733400079,0.15265514977595007,0.5962150974545246,0.4195752914111559,0.29175349856735827,0.1321641183357809,0.957780365128322,0.9100352221027634,0.6256821611952694,0.6279682684440433,0.5605323236757308,0.5347467294393005,-0.5706770340395101,0.8546257997933505,-0.19826098382823765,-0.9133419186355792,-0.5816325161987707,-0.8174890153290121,-0.42423433426350227,-0.641837819807166,2.0690726748018595,-0.224455010081122,-0.7941910973082121,-0.2744188970148207,0.9595104879102115,-1.2172253572060212,-1.5221744654883733,-0.2934198629235259,0.6666530386545357,0.12172317920596097,0.6059635354244078,-0.4132582574179845,-0.1629451566170647,-0.07145726649784506,-0.733232808979928,-0.19904165507671964,-0.21262043534639716,-0.3723110652602952,-0.4944573913129203,-0.28391667589789593,0.41775941047547,-0.30700196993701767,-0.1504642556953927,0.19352966383299336,-0.4784503024072734,-0.45722950763496284,-0.35276497339284224,0.0,1.0,2024-12-02,80.51194148305119
0.10204081632653061,0.06766917293233082,0.14285714285714285,0.0,0.0,0.0,0.0,0.0,0.6666666666666666,0.2,0.3333333333333333,0.0,0.0,0.0,0.0,0.0,0.0,0.0,0.0,0.0,0.0,0.04364102943823225,0.07869903320722993,0.08315056839191128,0.10539651389033573,0.95531767668556,0.3615002706673885,0.3032577252648032,0.019477232385110007,0.4409460653696291,0.4108451235986226,0.9424967130338295,0.9302206735497798,0.8699722055009858,0.8108998723240344,0.7509897364742475,0.9339435213780511,0.8987714418455486,0.9008691577053901,0.916633411298296,0.5329948657384451,0.9483460479281157,0.8699722055009858,0.8628222667544314,0.8142257528083192,0.11041067231830226,0.5406420490104396,0.39064277379087,0.27380279878370667,0.12350180190186222,0.9727197750166456,0.9555264574580846,0.5741174027965216,0.5794022655872647,0.5834816565420158,0.5556056102813814,-0.014934039351752769,0.48246527099811726,-0.3969512050445944,-0.8250698450145129,-0.4795057378052539,0.2240842275977747,-0.08564894339749565,-0.6857766300827526,0.7022375565715379,0.844606475616688,-0.19135644912078098,-1.1976648430623476,0.37232227454873035,0.01805510535071943,-0.24013421414703814,-1.1120154696008249,-0.611696984876612,4.946914018565895,-0.5742115358924876,-0.82284435443984,-0.23129976286633394,-0.19383110879679463,-0.821504953123319,-0.3692722509392009,-0.22736069092141498,-0.3865181639749421,-0.8297078195142329,-0.4310014306311481,0.49830179643653566,-0.9021907061041676,-0.5192901092086837,-0.7412504068077534,-0.4811757522360722,-0.478684047770126,-0.66142087823612,0.0,1.0,2024-12-03,-7.194836452145847
0.14285714285714285,0.12781954887218044,0.0,0.0,0.0,0.0,0.0,0.0,0.0,0.0,0.0,0.0,0.0,0.0,0.0,0.0,0.0,0.0,0.0,0.0,0.0,0.10169288617040309,0.12094367381252627,0.15992144071274658,0.1522056179662008,0.9958185439285163,0.3473312195499188,0.3096863392681992,0.0,0.4348810974385069,0.39784735096772006,0.9555571295698737,0.9454517452814599,0.880001333736546,0.8212811018022617,0.758696717603625,0.9505033276910293,0.9128049155504137,0.9234777135461636,0.9301421025251885,0.5561469986459443,0.9594358139014475,0.880001333736546,0.8911262369507096,0.8098033022720799,0.09874666701354773,0.6643312639169003,0.3491533894187231,0.4507163303783051,0.14062946056807002,0.9885694407794724,1.0,0.6714254913077851,0.6705779899446769,0.6237155005608487,0.5919107686284284,-0.14811844013699402,0.7499063166804728,-0.5011118729992825,-0.8856973624022448,1.015917929972929,0.24062628084247084,-0.1872948460374173,-0.6799389645452595,0.05788766953099038,0.462641803185024,-0.4313930987619566,-0.6910358546917148,0.5153314630830109,-0.8989129701029759,-0.7132146144788273,-0.46032509668549726,-0.3767368147294239,0.5317715378820081,-0.5277696800780933,0.080049746342492,-0.198201608182511,-0.16549073394417596,-0.8088825838543575,4.8460058784393665,-0.15799054413911726,-0.2572455132101815,-0.19080836326275194,-0.37758059975358643,0.02727536674720681,2.4189266259083877,-0.325330608090003,0.30860830329116423,-0.42606397598853785,-0.3499422565300988,-0.2640960142029834,0.0,1.0,2024-12-04,-2.237118437118435
0.3197278911564626,0.3082706766917293,0.14285714285714285,0.0,0.0,0.0,0.0,0.0,0.0,0.0,0.0,0.0,0.0,0.0,0.0,0.0,0.0,0.0,0.0,0.1,0.0,0.15063995334591207,0.24613282891971416,0.25003881108794673,0.315982875250772,0.9832288014329631,0.37959941226509936,0.2769760117349147,0.025985622816092315,0.42219614905667946,0.4340987019763124,0.9658707077925968,0.9568590513889657,0.8949361518205858,0.8301852842390449,0.7660699130953024,0.9620780605612662,0.9244806962754524,0.9300382336418822,0.9426225211756237,0.5499337457270631,0.8925912736574427,0.8949361518205858,0.9042066754303129,0.8239910602602336,0.06419992929914387,0.6528813201921995,0.32713450135586997,0.47165615539293765,0.15951303109054882,0.9550617326063934,0.9532087928836814,0.6528136903383456,0.653170523095032,0.6520792115656964,0.6183064784869904,-0.2719760175153332,0.7052931188792548,-0.3482196282920073,-0.8546050215831004,-0.452598255911842,-0.12978327258712263,-0.15163808994503022,-0.36715405343532215,0.631373977706782,0.6601514653399743,-0.209082353394593,-0.8959298001032954,0.25031348814024434,0.04277906729404859,-0.22256790363833942,-0.862931513155013,-0.008843339069729228,1.2870796687264283,-0.11244656358777344,-0.3418385064947289,0.3033832951341689,-0.14083835027375916,0.12819535768157236,-0.27626850593401253,-0.19946228859050832,-0.3186786889486447,4.649178647485018,-0.3110530579373077,-0.35229796321169754,0.2873575596154512,-0.09426857497669569,0.3603535413944007,-0.5194271780056647,-0.29418416507724376,6.6310304806822735,0.0,1.0,2024-12-05,5.2113333949477925
0.08843537414965985,0.09022556390977443,0.0,0.0,0.0,0.0,0.0,0.0,0.0,0.0,0.0,0.0,0.0,0.0,0.0,0.0,0.0,0.0,0.0,0.0,0.0,0.04827736049849396,0.0508932324506095,0.06051029665219789,0.07921708711241644,1.0,0.3351805738148635,0.2771455232219493,0.04133326424697807,0.39989756705006485,0.3938224639399026,0.9798434371695661,0.965783160309627,0.9109781852053676,0.8397079897024202,0.7742435867537178,0.9751190183438894,0.937047589300759,0.9403403160597906,0.9552347241602765,0.5507300417851189,0.8822541961692342,0.9109781852053676,0.9164294704101543,0.840536574565129,0.03627911012492857,0.6397962283503762,0.301854205300234,0.4968059639296612,0.1806260871957276,0.9370575906436822,0.9968096146809042,0.6225917733396152,0.6244104138873852,0.7591273854192755,0.7185811712782777,-0.21957578524823687,0.5730789181950575,-0.2842557195192897,-0.907459238021927,-0.4829519833673749,-0.23664142361141263,-0.11431464063505882,-0.44897815819987413,0.6636127015040966,0.8759518736139927,-0.23728862358441116,-1.2223836765120337,0.2605165966398202,0.039500625610027255,-0.16265177192108288,-1.1253691007080961,-0.4040151013630884,-0.7249507101460063,0.17061859241584812,-0.460493468859854,-0.1801124826159508,-0.1835559429122394,-0.7465430299981659,-0.30974402411855617,-0.2147687396084435,3.137356645758454,0.0021907066010976245,-0.40254887540998685,0.18909120010735495,-0.07578896755154373,0.3161528432855619,1.2558868307126176,-0.4502524964444607,-0.45137720199837833,-0.3627663644393568,0.0,1.0,2024-12-06,-6.818343692575057
0.4625850340136054,0.44360902255639095,0.0,0.0,0.3333333333333333,0.0,0.3333333333333333,0.0,0.3333333333333333,0.0,0.0,0.0,0.0,0.0,0.0,0.07692307692307693,0.0,0.0,0.0,0.0,0.0,0.18374506070382168,0.25508617065994116,0.282805530763503,0.26675090143523944,1.0,0.3351805738148635,0.2771455232219493,0.0515955156673612,0.37759898504345024,0.39929935972402086,0.9902511812571513,0.9776832207009107,0.9270202185901493,0.8483427363622393,0.7824208741462595,0.9861536749291862,0.948683601361223,0.9440945670910283,0.9662821255951513,0.5412748564391027,0.8571037399551403,0.9270202185901493,0.9217655767026969,0.8620036127318293,0.03627911012492857,0.6397962283503762,0.301854205300234,0.4968059639296612,0.2002310678648218,0.9181431928064677,0.9968096146809042,0.6225917733396152,0.6244104138873852,0.7591273854192755,0.7185811712782777,-0.10101882130706469,0.7338668040813684,-0.5311501297435648,-0.8463737562001871,0.42819292082600224,-0.48842238647756414,0.6776958796664078,-0.3941984990273248,0.12476680670362812,0.054922523590141305,-0.6019564247294732,-0.4766521581075913,1.052664995588863,-0.2365874756661484,-0.6261839217456476,-0.1019166006397589,2.519722564689431,0.928528236102201,0.16097191161689747,1.3127854848605878,-0.09366137810918805,-0.1771621514255546,0.24831740552476905,4.695812734357307,-0.21217592140907832,-0.25880198090243506,-0.4170134989168115,-0.30362172587560243,-0.7331151873144404,-0.6655949011942066,0.8336952775230883,-0.4211764749445645,-0.15560238475223,-0.41112980668391014,-0.3270283637577198,0.0,0.0,2024-12-07,0.0
0.1904761904761905,0.18045112781954886,0.0,0.0,0.0,0.0,0.0,0.0,0.0,0.0,0.0,0.0,0.0,0.0,0.0,0.0,0.1111111111111111,0.0,0.047619047619047616,0.0,0.0,0.0711539698402292,0.10347835224884405,0.10742796238683393,0.17941333620089994,1.0,0.3351805738148635,0.2771455232219493,0.05838285856542286,0.3756229664046704,0.39978930345487795,1.0,0.9895832810921963,0.9413824571563882,0.8569774830220602,0.7896719799108425,0.9954906920398212,0.9594576866023949,0.9426759673089864,0.9747581885369103,0.5257377539591094,0.8571037399551403,0.9413824571563882,0.9264760171443314,0.8812706099892962,0.03627911012492857,0.6397962283503762,0.301854205300234,0.4968059639296612,0.21843569277183816,0.9382262919916106,0.9968096146809042,0.6225917733396152,0.6244104138873852,0.7591273854192755,0.7185811712782777,0.02935895496898851,-0.07208000744146681,0.034137181866179096,-0.08274399427223542,-0.4947412781460644,-0.3756477716230586,-0.19448695605012084,-0.47920192890359065,0.4648098203214005,1.701561505370279,-0.25150425149642397,-0.8841730201142632,-0.2789211986677616,0.1346996366204077,0.05833511366790883,-0.8452464734520456,1.224614502402572,-0.20967303761315534,-0.4152007834914529,-0.689933206995096,-0.17101893124059164,-0.15795941844772143,1.0326993982027868,-0.07570942048974254,-0.20308918768867834,-0.31618778230160044,0.13687491554752365,0.5558389419761913,0.12274916828812106,-0.6575459256046715,-0.4187691756326101,0.0368987229750807,-0.49063266808891765,0.31874680570512154,-0.12469624232998582,0.0,0.0,2024-12-08,0.0
0.44217687074829937,0.42105263157894735,0.42857142857142855,0.0,0.16666666666666666,0.0,0.0,0.0,0.0,0.0,0.0,0.0,0.0,0.0,0.0,0.0,0.0,0.0,0.0,0.0,0.0,0.22587437230199983,0.36707650273224046,0.30334689886705496,0.39035422288385346,0.9586035308753083,0.4328729409945094,0.2948054994089906,0.054851110186662264,0.39301380501586713,0.4970608049385886,0.9918804039303115,0.9922446747843958,0.9513056710192593,0.8641799982742793,0.7963090233058203,0.995376767600888,0.9650993812786783,0.914112803934243,0.9742531114629149,0.47146995017304744,0.6634735562551382,0.9513056710192593,0.9226004344724146,0.8996781424479341,0.031471471981745935,0.6458044559174507,0.3055008780428745,0.4968059639296612,0.23533998732835348,0.8214453884512832,0.9461920336681793,0.5372387743857155,0.5450044402068888,0.6901075903367826,0.6544025039427711,1.5229587004124172,-1.6480942714608258,-0.009574395293420754,1.6479188995999214,1.6528991456817512,1.3950590443101556,-0.3913595731633137,-0.4824849306099234,0.1246039313045717,-1.2306804168279406,-0.7664158817426339,1.2647173456884098,-2.081044545009846,1.2121169681181128,1.0385305769755309,1.0370798977394917,0.7577470979983755,0.7036803692302176,0.26474480892084257,0.9531442284017116,0.09988439339526489,-0.13610949574697753,-0.23482091168923677,0.28999250216468847,-0.026846199004299003,0.1376916761914589,1.5148855699520831,0.9237334706723943,-1.5387789148636324,1.9974423353696555,0.08339949806710811,0.5342361008267248,-0.32895097944747137,1.941184959151934,0.5408725828190664,0.0,1.0,2024-12-09,16.09318110593325
0.5238095238095238,0.5263157894736841,0.14285714285714285,0.0,0.0,0.1111111111111111,0.0,0.0,0.3333333333333333,0.0,0.16666666666666666,0.0,0.0,0.0,0.0,0.0,0.2222222222222222,0.0,0.0,0.1,0.25,0.17912532232775363,0.24329550231189576,0.22816516418360383,0.295171734754571,0.9387571444236364,0.3542943314515506,0.2999347962547694,0.05145003167936103,0.4022458256899162,0.41305029937472926,0.9821775485007249,0.9925736431815277,0.9599091632693231,0.8711050228962467,0.802651671566375,0.9914380515925991,0.9682452081093516,0.8766375119889576,0.9642898054773177,0.41431937576511135,0.5633124044118447,0.9599091632693231,0.9114918477503089,0.9211749570609005,0.019681920861543745,0.5703835134974546,0.3827645037063584,0.3151472931275741,0.22519045616656963,0.6508270444260532,0.9012183652616255,0.5034345628338937,0.5136509886658164,0.6429293754695817,0.6106618666392098,0.4955976316084437,0.4290513804988049,-0.8251019181902753,-0.7044065543011206,-0.28189008068400356,-0.3434334372122304,-0.011857453319317021,-0.6867432402660382,0.8062069982082056,-0.09053934277101038,0.2595456415072516,-0.21888970370963565,0.33351188176122026,-0.3157774825523464,-0.3208309552878525,-0.11625053360383404,0.1870580429365418,1.4002960880968214,-0.10991123921020941,0.8221894441020596,-0.1416865619708921,0.565875532058132,-0.3615022829727051,0.4740452399032463,-0.15346466042744142,-0.07959217738361861,0.819840450993196,-0.3624515404982968,-0.7015643708160032,2.6917868032808334,-0.1374770703737999,-0.3431814288567026,0.1013250252593489,-0.3038672485804612,0.4767721511647502,0.0,1.0,2024-12-10,-11.150103369721233
0.3945578231292517,0.37593984962406013,1.0,0.5,0.16666666666666666,0.1111111111111111,0.0,0.0,0.0,1.0,0.0,0.0,0.0,0.0,0.0,0.07692307692307693,0.5555555555555556,0.05555555555555555,0.0,0.2,0.25,0.15978792711974243,0.23672761664564942,0.22042778569053537,0.29781471263286297,0.9932738029967556,0.3885592761580698,0.314559052648991,0.05635674539673538,0.40357912778008354,0.4481914863876033,0.9807100224065266,0.9993096234429153,0.9698038836696448,0.8800226051701721,0.8098030030130605,0.9986598762850214,0.9768660363916375,0.874117053810372,0.9556762390652072,0.42247506671389623,0.609036180359319,0.9698038836696448,0.914133111475449,0.9348803683535012,0.03744979608585686,0.6214941581568096,0.31909492385863325,0.454679704778634,0.23561854801076154,0.618668688313562,0.9486531150553876,0.5241545353637794,0.5328873838786639,0.6990750321142292,0.6619292205486985,-0.01907784565359262,0.585901979123305,-0.48118041221883573,-0.8387091907248709,-0.24779468893389434,-0.17966161111651116,-0.16477437783684068,-0.6737507430452546,0.7922179527136821,0.4940180503667485,-0.0889613142922901,-0.8834234523689884,0.05328806953439778,0.21049954340375,0.036511878530126524,-1.006494198289477,0.9408760336466273,-0.14919549505163995,-0.1562749410555177,0.5528760260370164,-0.1625580049269584,-0.0718990993791609,-0.6179150535834186,0.6629724860974735,-0.05682275986650712,0.49857600579544903,0.3991987260375351,-0.3829714622573464,-0.5103660001959218,2.0213301732633724,-0.18406248849268733,0.2748657006364745,0.8219734311867005,-0.36759276294336024,-0.0806540402340052,0.0,1.0,2024-12-11,5.472271830175313
0.33333333333333337,0.3533834586466165,0.07142857142857142,0.0,0.0,0.1111111111111111,0.0,0.0,0.0,0.0,0.0,0.0,0.0,0.0,0.0,0.0,0.2222222222222222,0.0,0.09523809523809523,0.0,0.25,0.17788189792202305,0.2573245060949979,0.28082066116029064,0.34457341026476823,0.9568333937423468,0.29700564534838764,0.32212190034680344,0.06809024509058906,0.38806656133256556,0.3569548554119639,0.9712919038098642,0.9998426893693377,0.9757861556720187,0.8897378421847915,0.818374291590926,0.9977156813180343,0.9810328860482613,0.8482384318356052,0.9421842346850215,0.39299750440336956,0.5593676583527812,0.9757861556720187,0.9114954051393127,0.9461927778560923,0.021904688960529328,0.5685132690779842,0.33291077034078365,0.38356338159338055,0.23518335335212748,0.5847594446936785,0.9077942094267613,0.4888953660153162,0.5003178303859557,0.625348682716995,0.5940369551613643,0.2846441010022849,0.09132909993186758,-0.3418346125061202,-0.19221086693689052,-0.279225826309382,-0.5261667393301834,0.20341101955399588,-0.3867083180194564,-0.3628198699581609,0.5517018995919062,1.1676843970723223,-0.23121106663736746,0.2348923484143922,-0.19751057165356914,-0.10565299189324699,-0.19393107266998608,0.1025372435960433,-0.48684976905310473,0.0694956468426268,-0.10352312082649207,-0.10909855639519794,-0.13965354855335543,-0.19760926533720286,0.21813937413199627,-0.21522124149998897,-0.3282140950233568,0.2278892522780914,-0.25988791605488104,0.6857132723288291,-0.42862732647768703,0.10775833642376946,-0.4774432957940817,-0.5095360435995834,-0.396940860891493,-0.26123986519885145,0.0,1.0,2024-12-12,-13.86292579538402
0.6462585034013606,0.6466165413533833,0.07142857142857142,0.0,0.0,0.1111111111111111,0.0,0.0,0.0,0.2,0.0,0.0,0.0,0.0,0.0,0.15384615384615385,0.0,0.05555555555555555,0.047619047619047616,0.30000000000000004,0.25,0.20877223325098246,0.27083858764186636,0.27216705872922053,0.3611100843131786,0.9566562179780469,0.28261387363699636,0.18506013695074164,0.1824164496155085,0.36943916286169554,0.34617652056665094,0.9618351288882021,1.0,0.9817567307335704,0.8989708158835636,0.8270883507113744,0.9968824453695451,0.9848725294448482,0.8245966699695191,0.9253600610037424,0.37286314401076004,0.5669216454463593,0.9817567307335704,0.9065596735197143,0.9591290219711457,0.020254093148501462,0.5031972871571535,0.3708659355130308,0.2610016713090524,0.21734117709361622,0.5390801011044537,0.8679689935294688,0.46384006643934617,0.47732570362397164,0.6015994921963679,0.5721721628432774,-1.058506807914391,-0.6558747382449815,1.5404584062562168,0.570469852469975,-0.49825609111668395,-0.499848987647759,-0.34301541029546356,1.062701651595154,-0.23858357991398182,-0.4521807649741222,0.2724798655159682,0.14161068715206912,0.07180835408554136,-0.29176798860840847,-0.16898650369054105,0.10420030354317956,1.0086486225790614,0.6286827931754668,0.3522107907564951,1.4349084735660447,-0.12008566619778409,-0.14632054443599643,0.6462286477110123,-0.2345745743044388,-0.13411174974457904,-0.09612127081561579,2.6462929087417613,0.4487380436024693,-1.2935227088107857,0.6322282104195182,-0.07601030361353293,-0.26007720143118834,0.3730655039007205,-0.22124538859474188,1.2339797403287043,0.0,1.0,2024-12-13,-2.5299006799872736
0.16326530612244897,0.15037593984962405,0.14285714285714285,0.0,0.0,0.0,0.0,0.0,0.0,0.0,0.0,0.0,0.0,0.0,0.0,0.0,0.0,0.0,0.0,0.0,0.0,0.053083563892373474,0.053678015973097945,0.0601478716563895,0.07562982851727765,0.9566562179780469,0.28261387363699636,0.18506013695074164,0.23376223960747647,0.35081176439082506,0.35045003203235825,0.9614102628771528,0.9953974896194344,0.9877273057951221,0.9082703776154464,0.8360757956294727,0.9961773995669745,0.9884277548120579,0.803075756916026,0.9064111406484945,0.3600245360616856,0.48471905889504163,0.9877273057951221,0.8985811265588559,0.9742397927693478,0.020254093148501462,0.5031972871571535,0.3708659355130308,0.2610016713090524,0.20077344199642744,0.35494076960249005,0.8679689935294688,0.46384006643934617,0.47732570362397164,0.6015994921963679,0.5721721628432774,-1.1073926506593381,1.0208369184283093,0.15813756128441545,-0.5801301660838116,0.37495804648001724,-0.35274291164996474,0.3858621950340897,-0.1501409497318664,-0.14150848691491263,-0.4084113475863711,0.08678424519374357,-0.5536532993810168,-0.3793692688891566,0.7225825439212417,-0.7630848880907876,-0.9258387155782976,-0.4326260149745274,-0.3539178746308786,0.22432995693031024,-0.3260729890664223,-0.1572383164803182,-0.16915772205123594,-0.14923530941108804,-0.2745451808854721,-0.13651440618721505,-0.07632766537095965,-0.27676520005419464,4.450663424964346,-1.3460464802631373,-0.5373926966300763,-0.2499787734678947,0.2004844398169113,-0.1607991500129757,3.9616591885493984,-0.21981259757189353,0.0,0.0,2024-12-14,0.0
0.1904761904761905,0.14285714285714285,0.0,0.0,0.0,0.0,0.0,0.0,0.0,0.0,0.0,0.0,0.0,0.0,0.0,0.23076923076923078,0.1111111111111111,0.0,0.23809523809523808,0.0,0.0,0.07348791733708497,0.10868011769651115,0.10226538203376875,0.17332255755575793,0.9566562179780469,0.28261387363699636,0.18506013695074164,0.2714535860383791,0.2822489723230186,0.3667356649729242,0.9653154945393236,0.9922745752311437,0.9923810478176645,0.9175699393473273,0.8466220339786368,0.9955808223494174,0.9917196301520672,0.7834617301180312,0.8862488338843877,0.3526927479549279,0.48471905889504163,0.9923810478176645,0.8928032336808851,0.9857027000441017,0.020254093148501462,0.5031972871571535,0.3708659355130308,0.2610016713090524,0.185389116549038,0.2893332291482461,0.8679689935294688,0.46384006643934617,0.47732570362397164,0.6015994921963679,0.5721721628432774,0.09588699657202619,0.28541428426556514,-0.3319787921186207,-0.6099909619210508,-0.26128586101302054,0.30498728407554254,-0.11987772511028232,-0.6569548469863694,0.614891668685542,0.761481964561491,-0.28002971938253773,-1.2649283874279107,0.23887191529027482,0.0009079445003443538,-0.18730930466732693,-1.181952433975306,0.11092428237852182,1.785113747929055,0.5475456632623471,0.19838082432965815,-0.10051378309159503,-0.0044074435615080775,0.785045261011774,0.8777185063400315,-0.07441192214396779,-0.06325638686130827,2.140731311865804,0.05727817278481614,-2.023842407074151,2.1082100381525177,-0.05585484578353801,2.2707977321127775,-0.431520786715813,0.6925157463595276,0.8652138275470898,0.0,0.0,2024-12-15,0.0
0.10204081632653061,0.10526315789473684,0.5,0.0,0.0,0.0,0.0,0.5,0.0,0.0,0.8333333333333333,1.0,0.0,0.0,0.0,0.0,0.1111111111111111,0.0,0.0,0.0,0.0,0.0500500212678216,0.051092896174863386,0.07429994676530047,0.07391600942264459,0.9820895828753144,0.40729719279251414,0.18464972105043664,0.29675900356972407,0.3008586291391615,0.4966484770048002,0.9628753140237141,0.9901696726561307,0.9962117246140725,0.9277494424069861,0.8575455429657559,1.0,0.9974305975310855,0.7797623850259292,0.8691753549015557,0.3713567371221297,0.5474601200210257,0.9962117246140725,0.8955810475463899,0.9897542727086188,0.005560374855563488,0.5196048003857703,0.38367514502428623,0.26100167130905255,0.1711036714907478,0.402648358255266,0.9167495951335596,0.5626366518402581,0.5685383698369966,0.6072654294716868,0.5770308111542445,-0.5466439949737651,0.19086724699704768,0.34461502524619686,0.3558738440698179,-0.22659012959852423,-0.5200964222845564,-0.37937105384407227,-0.42243519476777264,-0.6897736775192425,4.108022799861901,-0.07852314001628938,-0.049641617655215194,-0.2585900132628258,1.8855435310061701,1.0430462870254513,-0.4455364647224986,-0.5211304184535817,-0.547803711194706,-0.5105716442629424,-0.09704624998020903,-0.1263574434330866,-0.18569826427675065,-0.7718605003813616,-0.352258489007912,-0.20888951989051424,-0.3517462107568243,-0.5887236982406461,-0.29464715945891634,0.31587157031966956,-0.6018694976936672,-0.363122566937628,-0.3604182628796014,2.6184457482538663,-0.1959878120961705,-0.5236641412972821,0.0,1.0,2024-12-16,22.48672230652504
0.6462585034013606,0.5864661654135337,0.14285714285714285,0.5,0.0,0.0,0.0,0.0,0.0,0.0,0.0,0.0,0.0,0.0,0.0,0.0,0.0,0.0,0.0,0.1,0.0,0.22467137567404402,0.3755254308532997,0.31954876394447107,0.4504067800027555,0.95612523085516,0.43102312272832727,0.18859095844296114,0.3099997997988881,0.34039774781409404,0.510362546875672,0.9627208065783641,0.9850133374402548,1.0,0.9364412084574898,0.8680839048168068,0.9987125297496497,1.0,0.7598832414030106,0.8504457749041929,0.36134988222967623,0.43141140353227503,1.0,0.8895978793461587,1.0,0.0,0.44733586345553594,0.4884866246152497,0.04289567384552958,0.1268065175480605,0.4002826125260969,0.8662648774113961,0.5535922764260104,0.5602256087912927,0.5413184487669978,0.5173472596805445,-0.03874334995147549,0.5488542675366161,-0.43139119779360413,-0.39535764087138586,0.017525116557125787,-0.49690894966827964,-0.24563118388689006,0.07958530041642348,-0.11805133577469713,0.9342994836229305,-0.060817181208812875,-0.04372586380895657,-0.14031645040472143,-0.46990411554467,-0.15495369085777985,0.03476076521432164,-0.07669940131130018,-0.5787102771778841,0.8813497178237766,-0.1851063718081376,-0.09686932572156888,-0.15610651783927806,0.2720821597368534,-0.26294251400441043,-0.18703387666970642,3.406967028166483,3.423936610028899,0.5990351426088742,-0.7577704758108246,1.1829570622361942,0.6067338094244055,0.312567376808335,-0.2480348054534932,-0.3220622480962815,3.1952642498458887,0.0,1.0,2024-12-17,3.4934298922821183
0.8231292517006803,0.7969924812030074,0.0,0.0,0.16666666666666666,0.0,0.0,0.0,0.0,0.2,0.6666666666666666,0.0,0.0,0.0,0.0,0.0,0.1111111111111111,0.0,0.0,0.1,0.25,0.4106142914356347,0.7343421605716688,0.7530034136821646,0.7061304317143903,0.7587119970139407,0.539670559121491,0.45192721266201263,0.4632027861063526,0.40345158871496833,0.604681873025886,0.9195332060188841,0.9566562235177116,0.9907552800276154,0.9379431115427277,0.8746661412462853,0.9594033529529788,0.9817094345636797,0.6318496651733799,0.802803146195665,0.186645150807833,0.13345218426677796,0.9907552800276154,0.9501959662452908,0.9421253574010704,0.2072424736346824,0.22891222569998476,1.0,0.6848637496003327,0.17701259467307406,0.3022941037692596,0.807976552073189,0.18115661957884482,0.21658843359390412,0.36361673989398824,0.3573984036663469,1.4908540576300702,-0.6986647372778583,-0.7882034217504836,0.29228844890630384,1.1348447461503688,-0.019323287906300387,0.6040786862169618,-0.4464211426484222,-0.3604819074407454,0.11302118492568403,-0.7009295344708253,0.3656081986561689,0.645688447290164,-0.3174374614092763,0.02797612714561014,0.28140013038380174,-0.5993301925254817,-0.6433793673225862,-0.45728885527745355,-0.6811857549540437,-0.2281296047309272,-0.19975481454677316,-0.8282025650567353,-0.3843127897637611,-0.2376270552534048,-0.35057082739860307,-0.7524506474354075,-0.4301548600460611,1.3778959223341423,-0.8629669470758561,-0.3400971429847935,-0.408625694751936,-0.09552666160578986,-0.4842129530091497,-0.6604966385780788,0.0,1.0,2024-12-18,15.457366046869849
0.2789115646258503,0.2631578947368421,0.0,0.0,0.0,0.0,0.0,0.0,0.0,0.0,0.0,0.0,0.0,0.0,0.0,0.0,0.2222222222222222,0.0,0.0,0.0,0.0,0.08865033377238189,0.17129045817570407,0.13291964947518942,0.19508469962800046,0.753092068197545,0.48552470806588816,0.2667976724024794,0.4593047458336972,0.4855472463612869,0.5245128066368941,0.8751194456871563,0.9325037091472455,0.9786826819658856,0.9399873622902764,0.8807634562217945,0.9250537071776339,0.9641853057225056,0.5275997396830773,0.7380968418865321,0.08353928699341073,0.05166638227735448,0.9786826819658856,0.9864397883093972,0.8971989003104701,0.2268587703559013,0.17516451134512306,0.8898178980602768,0.6900584723538412,0.22437162802562793,0.0859809602613566,0.7535772552266033,0.226719477428989,0.2570925692518642,0.3578135885440751,0.35217130033028776,-0.008549941019585413,0.7253790217872473,-0.609708200148545,-0.7265477709935644,-0.07315940449109884,-0.23297849824968636,-0.3790298108456821,1.8069753656879928,-0.7821995364962269,-0.5018068744215407,-0.4820654806162892,0.15645274395297434,0.4378596320291558,-0.22717544451834157,-0.5320230146684153,-0.06480538158373488,-0.2810234270299049,-0.7750873090883497,1.9077097847635114,0.0025231543054659244,-0.1262011905847585,-0.18208259551632233,-0.4069285168464207,-0.14014703806520643,-0.09448040222092582,-0.31390449491718775,-0.49594670785388606,-0.3609636123132893,0.2674000550684144,-0.2534315995291592,0.17713065925743768,-0.17688856203226647,-0.35744896517852137,-0.4303750303696197,-0.2669765933610829,0.0,1.0,2024-12-19,-6.672053913123033
0.8571428571428571,0.849624060150376,0.0,0.0,0.3333333333333333,0.0,0.0,0.0,0.3333333333333333,0.2,0.6666666666666666,0.0,0.0,0.0,0.0,0.0,0.0,0.0,0.0,0.0,0.0,0.3828092765535644,0.6488965952080706,0.6498477758565113,0.715413618476986,0.8236388120797145,1.0,0.2874737904440481,0.4563181239616608,0.6789915375654432,0.9545962433052799,0.8460976204203456,0.9189745505299456,0.9712674990514074,0.9486144465606543,0.8869454495615461,0.9096466780366157,0.9553456747611762,0.4856887669160368,0.6756410951026858,0.09713809671881868,0.21901766136554796,0.9712674990514074,0.9936424864358084,0.8803660441563599,0.349094507490445,0.25125344856976256,0.6829311911805532,0.40433801447420276,0.22769559732221933,0.11463622742891191,0.8449287659466496,0.33127280857961944,0.35402707319703786,0.39223256781638305,0.3837562587349392,-0.1990544679415883,0.06897025728427732,0.1259408083011102,-0.26464106366200296,-0.4031385714283733,-0.2654698684649727,0.11992658319228199,-0.40576957975439487,0.6217451355809069,0.4985336345006275,-0.30236478110957776,-0.7459737596377954,0.34813714033207593,-0.27173706798205577,-0.4403489662580735,-0.6822010603702554,-0.34780810970869397,-0.5969586065967633,-0.39221648251129454,-0.6710035966461692,-0.22863494724041386,-0.18628591033988412,-0.11603100541525381,-0.3689657851667536,-0.23305656572471095,-0.3740704134585483,-0.7519665818872441,-0.3410798592392299,1.2586517993040685,-0.5006202293230371,-0.45701563074605056,-0.7574936971565571,-0.22489930947334225,-0.47647693963049137,-0.6139458211968342,0.0,1.0,2024-12-20,67.92774174576466
0.3877551020408163,0.3609022556390977,0.0,0.0,0.3333333333333333,0.0,0.0,0.0,0.0,0.2,0.0,0.0,0.0,0.0,0.0,0.0,0.0,0.0,0.0,0.2,0.0,0.2122456171262444,0.3319356872635561,0.3155366853693771,0.39339877209902513,0.8236388120797145,1.0,0.2874737904440481,0.4480527399618736,0.8724358287695995,0.8792914510371845,0.8115267268416799,0.8990383800483901,0.9638523161369275,0.9563478345797769,0.8924442949093905,0.8966099610711389,0.947160831278465,0.4537165678638346,0.6175209891651332,0.12333585182794493,0.17800926471571554,0.9638523161369275,0.998588445850519,0.865145950524818,0.349094507490445,0.25125344856976256,0.6829311911805532,0.40433801447420276,0.2307821402404827,0.2389142576241354,0.8449287659466496,0.33127280857961944,0.35402707319703786,0.39223256781638305,0.3837562587349392,0.4257348097039474,0.13063935672155289,-0.5061990972813011,0.08049154533114126,-0.04714959237872231,-0.37045323420954934,-0.15277115664775592,-0.5494162544089637,0.6828820846070022,0.17946211804584872,-0.021054380267848803,-0.42271612640988915,-0.09320888120722512,0.08092375478868255,-0.185828859868119,-0.45755654084158637,-0.22418211409114494,-0.5359213192840556,0.8539462438574016,-0.34453472360234394,-0.16282770419124393,-0.10313291396400825,0.1898524662329373,-0.24693248899421685,-0.17132547442351626,-0.1039305329508158,-0.04048362233912987,0.6208560182137257,0.03322058074772295,1.3046973595546634,-0.30481667810903135,-0.4702004708280427,-0.23768518576679773,-0.009064953189725224,-0.31532915584950494,0.0,0.0,2024-12-21,0.0
0.326530612244898,0.3082706766917293,0.07142857142857142,0.0,0.3333333333333333,0.0,0.0,0.0,0.0,0.0,0.0,0.0,0.0,0.0,0.0,0.0,0.0,0.0,0.09523809523809523,0.0,0.0,0.18941862369359636,0.351744430432955,0.31035095949477276,0.4801533027982297,0.8236388120797145,1.0,0.2874737904440481,0.435604283232941,1.0,0.834637958228426,0.7826207526952187,0.8833848296052267,0.9553584113842621,0.9640812225988977,0.8974465683167434,0.8855788928695816,0.9395822724981784,0.42989551287941014,0.5649485999251568,0.15685747610688922,0.17800926471571554,0.9553584113842621,1.0,0.850751749988941,0.349094507490445,0.25125344856976256,0.6829311911805532,0.40433801447420276,0.23364821580744166,0.36820179346340454,0.8449287659466496,0.33127280857961944,0.35402707319703786,0.39223256781638305,0.3837562587349392,0.1998384915249081,0.09916337439074427,-0.26982930853689746,-0.3875759367966446,-0.3337350983902068,0.6231793173466369,-0.1589064124486329,-0.32388244416265616,0.33848645010225514,0.49803639257003923,-0.18513175672614385,-0.7794645503804183,0.019278554818457264,0.009970090182588591,-0.07883720340880815,-0.7514050496246699,-0.3593359612371599,-0.7276914003568444,-0.4401130859757289,0.02035018822600062,-0.1642114992934712,-0.18315652589778164,-0.40662749051418146,0.05423057839545296,1.2255829734202335,-0.34614904071479863,0.11351498750039629,-0.16659325548402704,0.8318721106378445,-0.40871741267307327,-0.2048932835762597,-0.5556784155885793,-0.4767119207923547,-0.3945531558106264,-0.2340953236281634,0.0,0.0,2024-12-22,0.0
0.23129251700680273,0.17293233082706766,0.0,0.5,0.0,0.1111111111111111,0.0,0.0,0.3333333333333333,0.0,0.0,0.0,0.0,0.0,0.0,0.07692307692307693,0.0,0.0,0.0,0.0,0.0,0.06132429077084639,0.0778688524590164,0.0971767544446458,0.11839129514317111,0.8714514206201267,0.28390070373521,0.30015238068262495,0.424116935770107,0.983205013189079,0.23456242073278755,0.807218314423948,0.8733712271238572,0.9498216573138691,0.9734688270543188,0.9031580791136147,0.8855015728005249,0.9375711838932723,0.43942162726296496,0.5253206217010504,0.23507302067062327,0.2678640511430367,0.9498216573138691,0.9959449619012606,0.8449243498438239,0.36922250234823806,0.24032791894644262,0.6654716610687481,0.40433801447420276,0.23630957169104638,0.42555577112676235,0.8848464084808549,0.36435672818162224,0.38527649970511957,0.42473166560595355,0.4130487400446332,-0.20969010372078234,0.6814219008542197,-0.38567795079865896,-0.8326254686077862,-0.4358113086868127,-0.14754622285352417,-0.13450555726316638,-0.6662347666522974,0.877801956700918,0.670963279014315,-0.20189866646272076,-1.1190578489143266,0.4014691288208148,0.06112794807700662,-0.24422858885593457,-1.0689487824128403,-0.4575499199491702,0.9843535004380277,-0.5294148482678829,0.05998867138940926,-0.011015376568011529,-0.18498331600355317,-0.78081550116151,-0.26917675293602755,-0.1502253443124142,-0.33706468045674964,-0.26672604895868135,-0.3912550901936564,0.2223442557613595,-0.2957502066165655,-0.31228899604737426,0.7043212934145892,-0.45434964454483473,-0.3467640039191541,0.009800891331776687,0.0,1.0,2024-12-23,-56.3032486057773
0.1292517006802721,0.12781954887218044,0.0,0.0,0.0,0.0,0.0,0.0,0.0,0.0,0.0,0.0,0.0,0.0,0.0,0.38461538461538464,0.0,0.0,0.0,0.0,0.0,0.06456586349787835,0.13434216057166876,0.12139430879851598,0.13835896781044488,0.9444321705813694,0.0,0.3369994133586778,0.41417077882464054,0.9080316136202349,0.0,0.848965024039992,0.8719346090561029,0.9464291878614297,0.985998011180099,0.9099521636952659,0.8995654345613406,0.9433503253845856,0.4890149919958463,0.506268576606583,0.3594014132617247,0.41673013034612716,0.9464291878614297,0.9876980457965434,0.8454717985389548,0.3728391857482547,0.45674732838673165,0.577010683607557,0.02197099860663644,0.184377692910083,0.570454361621574,0.9043728686050931,0.5106302953835834,0.5203261435271401,0.4969732025374564,0.47760286199039675,-0.12849420392132266,0.6160298825599441,-0.4053256110658158,-0.7946180121461162,-0.05198873358695066,0.4097116160203311,-0.14452402604904455,-0.6028890840481081,0.3430322655333889,0.5476228713217104,-0.025476418370720275,-1.145926833947358,-0.1329400545258308,0.33378988208885924,0.6954026456204607,-0.821310428699213,-0.4140324286894217,1.0929440424653043,-0.49033177582972404,-0.623916819982958,-0.20870854498374405,-0.18731917174060583,-0.7512503679194076,-0.30189231345422646,-0.1992577443871512,-0.24849254452917915,-0.01191046316919269,-0.2162673698319882,0.4645529009107918,-0.2674897615343203,-0.4268953978325409,0.614283472407718,-0.4897935581305858,-0.3997114765694751,-0.2355270161856204,0.0,1.0,2024-12-24,-51.0831329593018
0.1292517006802721,0.12030075187969924,0.0,0.0,0.0,0.1111111111111111,0.0,0.0,0.0,0.0,0.0,0.0,0.0,0.0,0.0,0.0,0.0,0.0,0.0,0.0,0.25,0.07046745428769553,0.17244640605296344,0.07222023697626907,0.2007201400627056,0.9444321705813694,0.0,0.3369994133586778,0.3863099362370681,0.8258743623046745,0.006427929892636436,0.8753197985911187,0.8704979909883486,0.9438678787740464,0.9958453029356491,0.9166302321872255,0.9114656252820303,0.9487013823209871,0.5286963197589121,0.5011489032321125,0.44358662955375205,0.4341078160227251,0.9438678787740464,0.9817136266553916,0.8457121853281917,0.3728391857482547,0.45674732838673165,0.577010683607557,0.02197099860663644,0.13615523404204555,0.7234196583670323,0.9043728686050931,0.8024723102845233,0.7986803718080228,0.455151914387342,0.44053642974601764,0.8951560495993378,-2.4479301665697206,1.2538897699224147,3.066880557277863,-0.4987769252036913,-1.3793287446636118,-0.2663821599632455,2.4428191246960953,-1.7179764126500234,-2.063426177590852,2.0957467496336446,3.0662088416201754,-0.7512196093368008,2.340781296023549,2.5059141242557987,2.404886355780587,-0.1067934080039935,-0.1358787537436935,-0.5094891321529129,2.076606822201244,-0.007241637969946314,-0.1718859201318452,-0.7977392604014878,-0.20968853503118828,-0.19808160179865966,-0.3070573411527545,-0.07091014713639844,4.059500555923893,-1.5333149701786215,0.6649302782924321,1.3739897868536206,-0.6756713936430576,0.8022416653427656,-0.43270286039172634,0.5994896092256382,0.0,0.0,2024-12-25,0.0
0.4897959183673469,0.42857142857142855,0.0,0.0,0.0,0.0,0.0,0.0,0.0,0.0,0.0,0.0,0.0,0.0,0.0,0.0,0.0,0.0,0.0,0.0,0.25,0.11668537622425094,0.26171710802858345,0.13072195397879985,0.3361068078943212,0.9417215974555839,0.17737375299667468,0.3340964909836248,0.3352523480183088,0.7917200032135825,0.1688973972423743,0.9010831785116098,0.8657537867709637,0.9400204054559111,1.0,0.923243638075153,0.921010242553141,0.9533722611246152,0.5586465284676686,0.5046929012180223,0.49593615496225313,0.3551097654860189,0.9400204054559111,0.971564305023751,0.846902139647951,0.34362712574356213,0.4783200969416537,0.6001685806521613,0.021970998606636427,0.09137723652172502,0.8156843459840639,0.8721065296974997,0.806773299687767,0.803020460564871,0.46535316727455484,0.4495213074031877,1.5718894858557808,0.05246309144306535,-1.5029462074047675,0.8247846414581093,0.18756838506645243,1.027237033225828,0.3370569485160168,0.17404893057674303,0.2350386554433188,-1.483220224019012,-0.7370541061119393,0.7791315025878836,-0.30451558959193603,0.8208220326264662,0.3485376973358245,0.9078280077126646,0.6309182211183727,-0.21590890124110856,0.2368669643869593,-0.040959725899552164,-0.08656453194686789,-0.15286424254380204,0.25319347604477904,-0.0990569298124699,-0.13884730239855814,3.0591149104798236,-0.08802164036836714,-0.2644053583473132,-0.8923728490810248,1.0976100032183664,-0.1634323340748346,-0.5368437913452899,1.7610123811715277,3.1602242647295804,-0.2035930769196316,0.0,1.0,2024-12-26,65.24417996040326
0.22448979591836735,0.21052631578947367,0.07142857142857142,0.0,0.16666666666666666,0.0,0.0,0.0,0.0,0.0,0.0,0.0,0.0,0.0,0.0,0.0,0.0,0.0,0.0,0.1,0.0,0.06928223939622087,0.32008196721311477,0.08936260056305716,0.2778520806099852,0.8678781959834039,0.21682623153661745,0.3719843451925635,0.26908908895918815,0.7661044012693652,0.2082363576189396,0.9107353564419594,0.8553826485866525,0.9312978754361403,0.9999134897543485,0.9290294908348766,0.9147901588794323,0.94996556664168,0.5409242658374311,0.5030074826961088,0.46433783353932206,0.3062409853604011,0.9312978754361403,0.9566485637758522,0.8438158386395918,0.3990803630594879,0.3719819117188076,0.7953665401220918,0.3384015341260918,0.0948193698924984,0.7292330561222262,0.8370065145226464,0.5933169364434188,0.5982238832245537,0.3717843240170927,0.36660208099804337,-0.5213327183744477,-2.4687716725708895,2.5857419057038484,2.8133639731171893,3.835080564413747,0.4691574811224267,0.07137863947605805,-0.6651530726263338,-1.9101210986586417,1.3444325612094412,-1.3071052033768034,1.9711089431367532,-0.052891671395921075,1.2934631669952286,1.1421803057814794,2.223128764875868,-0.2603245253184178,2.6485017259325887,-0.35052314161322173,-0.4353619569861127,-0.17792205359302335,-0.11290687868351687,-0.6887910335565367,-0.30556433433515645,-0.15496655036262694,-0.2484240708385699,0.12032861965727365,-0.3107120329344636,-0.5478112267125965,2.3715373095854293,-0.3165282417819228,1.1744821422638394,-0.4473715424994362,-0.2907323572821371,-0.0305099448429925,0.0,1.0,2024-12-27,8.7821437547555
0.3945578231292517,0.3533834586466165,0.14285714285714285,0.0,0.3333333333333333,0.0,0.0,0.0,0.0,0.0,0.0,0.0,0.0,0.0,0.0,0.15384615384615385,0.1111111111111111,0.0,0.0,0.0,0.0,0.06067166320850627,0.24369482976040352,0.09046229509862533,0.23417153648922479,0.8678781959834039,0.21682623153661745,0.3719843451925635,0.17572762793886032,0.7404887993251474,0.21212241480543664,0.9099557479362472,0.8682122891090067,0.9225753454163694,0.9989681004075024,0.9332501480048485,0.9095270111555234,0.9468112198982226,0.5272738710357564,0.4981771881048807,0.445335177177027,0.3124441588685388,0.9225753454163694,0.9398005337622628,0.8421104342711194,0.3990803630594879,0.3719819117188076,0.7953665401220918,0.3384015341260918,0.09801563659393064,0.6347150600097422,0.8370065145226464,0.5933169364434188,0.5982238832245537,0.3717843240170927,0.36660208099804337,-0.19368982540504034,-1.112897165998712,1.1272914615821013,0.6225950037127648,1.3748393573384192,-0.03129711649725873,-0.3867750416534799,-0.43966635525069236,0.4760728161936785,-0.6959921871809777,-0.7485118774605036,-0.13663573072352045,-0.39792769882877543,-0.35639132837288773,0.48470991949881415,0.03546195037454587,0.26303856400917747,3.105406669578326,-0.42959353384008725,0.07175475063019338,-0.1507778341959995,-0.09482755743765915,-0.6618896643319164,-0.24136724983925587,-0.17769368430679688,-0.28572334968157437,2.9711136518294663,-0.347677737159943,-0.4800277219766244,1.2551426139170578,-0.25917720020991425,0.041233109073550406,-0.42407145008309055,-0.27455781930614814,1.0038973482461866,0.0,0.0,2024-12-28,0.0
0.34013605442176864,0.2932330827067669,0.0,0.0,0.0,0.0,0.0,0.0,0.0,0.0,0.0,0.0,0.0,0.0,0.0,0.3076923076923077,0.0,0.0,0.14285714285714285,0.0,0.0,0.07120488289726642,0.3487074401008827,0.08213442354385032,0.2789274180811275,0.8678781959834039,0.21682623153661745,0.3719843451925635,0.16884847070793257,0.6937294966726029,0.2193944657396919,0.89325315131547,0.8817024057416987,0.9165857628259815,0.9980227110606563,0.93765279795368,0.9050735784660642,0.9438905284690939,0.5169692461260018,0.49168443582559457,0.4352899126048337,0.3124441588685388,0.9165857628259815,0.930983254188428,0.8389727295927685,0.3990803630594879,0.3719819117188076,0.7953665401220918,0.3384015341260918,0.10098359853097483,0.5435436953623268,0.8370065145226464,0.5933169364434188,0.5982238832245537,0.3717843240170927,0.36660208099804337,-1.430459064836251,-2.8103483067660306,3.7200012424851265,2.850218566527329,-0.20394565735798273,-0.008790178693984336,-0.5277323004694483,-0.2572567134519335,1.976533644693094,-1.4066782272710532,-1.138097330868753,2.0907541485970924,1.0133644511201814,-2.071609232754649,0.6055619301494231,2.857867520222895,0.40914023064564986,4.49495566117864,-0.47664992994739486,0.17162397007573937,0.39563060853883264,-0.14914934421428458,-0.18816179083948908,-0.14810352969630333,0.05041847545701965,-0.11025479235774971,1.3555942360188387,-0.3800407093507281,-2.2100738764869714,2.990921095495533,1.2870557296690954,2.5636645614976836,-0.45800676398235496,0.37452826465660877,0.24790908120858707,0.0,0.0,2024-12-29,0.0
0.435374149659864,0.44360902255639095,0.07142857142857142,0.0,0.16666666666666666,0.0,0.0,0.0,0.0,0.0,0.16666666666666666,0.0,0.0,0.0,0.0,0.0,0.0,0.0,0.0,0.1,0.0,0.09971570840762659,0.16519546027742749,0.12074962134491288,0.2346268746996616,0.7971877668777472,0.25914933106488286,0.39465652054988976,0.18099382936064193,0.6731371262536321,0.262357754138164,0.8611272702930393,0.8785937750063129,0.9072395148337176,0.9946315804483703,0.9410068480261735,0.8876194156423782,0.9337847261017469,0.4699432719511135,0.4744947897110016,0.37065480673225304,0.2412891683861887,0.9072395148337176,0.9287616091109054,0.8258317719006234,0.4537292377698652,0.3389957173796477,0.7462258163930598,0.33840153412609186,0.10373956318680166,0.4624752226957375,0.7988666405828031,0.4181302754198376,0.4332489896320646,0.3415353139385515,0.3388510078772976,0.5594118189996315,-1.0595214037528908,0.38317491695513883,0.646038034089174,-0.18864011272757822,-0.17132737361900122,-0.21074444344544174,0.5351611161777241,-0.8402032886777236,2.4661337990817302,-0.5605460733671334,0.5457845697634214,-0.4039933377529926,0.36921372968813426,0.9247672295455681,0.3934018839098259,-0.02051535289492915,-0.5547116825866367,-0.01877374358280674,-0.5156614887343578,-0.20207161426586645,-0.18343298922823695,1.1747014639782012,-0.31729396686553496,-0.1630590904857806,-0.23277225826839945,-0.1857070513771769,-0.046286348856614895,0.16597967638140054,-0.3544385744901041,-0.3863214053754629,0.4058609261124597,-0.33427656240250175,-0.29630486350519236,-0.36075110198078775,0.0,1.0,2024-12-30,8.660562537781558
0.6190476190476191,0.5714285714285714,0.07142857142857142,0.0,0.0,0.1111111111111111,0.0,0.0,0.0,0.0,0.0,0.0,0.0,0.0,0.0,1.0,0.0,0.1111111111111111,0.19047619047619047,0.1,0.0,0.17555454426057973,0.25063051702395966,0.22440937992018747,0.2767666618500509,0.7691880542481941,0.21199133864356973,0.34832133862559256,0.15620413095400762,0.6349222714674023,0.22428762485952064,0.8234837881501393,0.8721945080560758,0.8924456306220208,0.9900493407420292,0.9439455590552868,0.8674296824603989,0.9214958642324653,0.4185133069828024,0.4476242530500746,0.3121588176126949,0.18452706217090786,0.8924456306220208,0.9148625980780132,0.8124510970668206,0.4446393788284311,0.2815647290365653,0.6619548676126986,0.339651397592079,0.10647650366361694,0.3447308806684782,0.7641138918346169,0.2688477724452395,0.29570710797204947,0.333116170678691,0.3308707292837984,-0.37883657501380247,-1.1153172410327503,1.3011164805681286,1.1256438773330517,-0.1333035616606442,-0.287848128811697,-0.33184140260669714,1.5976697868202343,-0.26962882888441175,-0.6356052929642743,-0.8808613599055393,1.196662447538361,1.1779799930800168,-0.6549406642823128,0.041512360116395246,1.356634006361284,-0.0766374717809584,0.1855213880174285,0.19072135574160176,1.6793823464258213,0.3551958044385819,-0.14594205474723917,0.5297221320407396,1.3509402110654318,-0.1461289092169256,-0.0520248974522882,-0.03550604975707223,0.13236360029781094,-1.1700553366790678,0.7159097351122701,1.583625291675005,0.55999346672352,-0.3841090834892322,-0.3487918691414442,-0.1245960757710994,0.0,1.0,2024-12-31,-8.880798077623242
0.40816326530612246,0.40601503759398494,0.2857142857142857,0.0,0.0,0.0,0.0,0.0,0.0,0.0,0.0,0.0,0.0,0.0,0.0,0.07692307692307693,0.0,0.2777777777777778,0.0,0.0,0.0,0.18673271671964256,0.24630096679277008,0.24515454151826718,0.26895534325108117,0.7691880542481941,0.21199133864356973,0.34832133862559256,0.11942393273236744,0.6165225017741656,0.22730794247805275,0.8019515079973818,0.8657952411058387,0.8800575004493343,0.9861315423326555,0.9466213809424247,0.8503460620756496,0.9101172884275748,0.3798487403647475,0.4162652177243998,0.28503743164106454,0.20582441710940974,0.8800575004493343,0.9061296030537882,0.7991697641670212,0.4446393788284311,0.2815647290365653,0.6619548676126986,0.339651397592079,0.10901794839208834,0.23386354341877438,0.7641138918346169,0.2688477724452395,0.29570710797204947,0.27682214434362873,0.28214664615257523,-0.7982125368559316,-1.3985519658454255,1.9313471527666712,0.9221934736133514,-0.4424493008105695,-0.5162968771222175,-0.3411560861989737,2.3326040700436543,-0.9640279539662612,-0.21533291298279195,-0.65407477949125,-0.10221593054715145,0.6922087290613217,-0.5447731962073764,-0.566941715954022,-0.5595126950125028,-0.4367612207486415,-0.09409921162146902,-0.47196108776915663,1.452597107624909,-0.1727278284755425,-0.1638797211407161,-0.11543297806884503,-0.15035527551848077,-0.031621499045660834,-0.22049575826021678,-0.7742558799006094,-0.269381421583592,0.1055696258129048,-0.5346721169213655,-0.019144240719209765,-0.6102037568835911,0.1183601829540154,-0.4438653190750861,-0.46612121574483134,0.0,0.0,2025-01-01,0.0
0.5578231292517006,0.5413533834586466,0.5714285714285714,0.0,0.16666666666666666,0.0,0.0,0.0,0.3333333333333333,0.0,0.16666666666666666,0.0,0.0,0.0,0.0,0.07692307692307693,0.0,1.0,0.0,0.0,0.25,0.3455242180224655,0.49010088272383356,0.620754984331611,0.5036460661130918,0.7547179799370056,0.28829324878199675,0.3450484630961441,0.08389009375739856,0.6177516971733863,0.3000651631059942,0.7772621374967779,0.852076268612155,0.8667257695017963,0.9816599213655675,0.9488469043138892,0.833089242314168,0.8980665184036614,0.3435488346233554,0.3819185641199849,0.26698499261284425,0.41810963296964376,0.8667257695017963,0.8956812154934308,0.7856273153225253,0.4975810418491846,0.25446218475886634,0.6215258315424816,0.339651397592079,0.11137786135424022,0.1869078134211863,0.7238807545301826,0.2514633425698931,0.2794545545933584,0.29950876245733676,0.3012853503182425,0.6537812201230258,0.18763173749518938,-0.7662900078162634,-0.21077169060996956,0.12728242252773167,1.435420186614948,-0.05814777401962472,-0.660962358745366,0.29684682074153435,0.28838943451068655,-0.4967420925144329,-0.36460309346141256,0.06155211346139173,-0.21484030988111688,-0.42362717913377707,-0.17111970474246396,-0.44284472284469134,-0.6711809835321988,0.5999230421091168,-0.6912066769470013,-0.21808027510671985,-0.18197038852845798,0.7687235073148843,-0.34513697669182175,-0.22655689761706352,0.041575447830350706,-0.7975586743106055,-0.2847281365065116,0.8246085511002794,-0.22122783213132152,-0.44631825238197836,-0.7640356303133089,-0.5279381285435379,-0.2111737841318546,-0.6226227573921835,0.0,1.0,2025-01-02,15.769654929915134
0.5170068027210885,0.5563909774436089,0.07142857142857142,0.0,0.0,0.0,0.0,0.0,0.0,0.0,0.16666666666666666,0.0,0.0,0.0,0.0,0.0,0.0,0.0,0.19047619047619047,0.0,0.0,0.2064617965607203,0.32844682639764605,0.40797651124731216,0.3657222739354999,0.8364937780517048,0.29535534761426036,0.38696636973096354,0.08885534940189149,0.6205093528647749,0.30628482160546355,0.7704146645125984,0.8393909247255946,0.8587927829875124,0.9814034929618973,0.9524605663282273,0.8343193513559601,0.8954705213387442,0.36324067436695906,0.3594642603398204,0.33884354349675583,0.5558289788929376,0.8587927829875124,0.8779859871820879,0.7857715874851161,0.5111466609798883,0.2494011198623554,0.5360646187664452,0.2559107812778554,0.10165460323907916,0.29257141438130085,0.7646211274405568,0.4815199597530884,0.49275811104618966,0.38413359073057574,0.37684554965977124,0.5672242749171064,-0.00966348350876684,-0.5179979166975941,-0.3305048614999317,-0.25468972140834384,1.831380676835741,-0.16079128333203827,-0.6417300845133802,0.2975701919480783,0.549873363396746,-0.3713073756217203,-0.6143043672378522,0.6049067932218639,-0.42683647687580617,-0.5582692086577299,-0.464618735792422,-0.501266811854608,-0.705946677070278,-0.04957252500712495,-0.7644460086020783,-0.21617894502373278,-0.18317917320549082,-0.7296623832306851,-0.16147516191901462,-0.22952262120329803,0.3470828420608406,-0.5212218617463298,-0.4071779537599911,1.210091468100488,-0.6772967893414364,-0.47960192268751994,-0.38639781115619154,-0.11674371384422971,-0.4732245400138121,-0.46924767500430037,0.0,1.0,2025-01-03,1.2607408716396762
0.40816326530612246,0.39097744360902253,0.0,0.0,0.0,0.0,0.0,0.0,0.0,0.0,0.16666666666666666,0.0,0.0,0.0,0.0,0.0,0.0,0.0,0.047619047619047616,0.0,0.0,0.1671727525425451,0.301817990752417,0.32989876374688737,0.2924464263511447,0.8364937780517048,0.29535534761426036,0.38696636973096354,0.08664604677962831,0.623267008556164,0.3057527166475472,0.7789904759300743,0.8267055808390325,0.8508597964732303,0.9841535245318767,0.9556949865769013,0.8353602128528603,0.8930668203527095,0.38092820696895024,0.3460125752473008,0.39324113040051634,0.4490681793428314,0.8508597964732303,0.8584088921036912,0.7872607225592354,0.5111466609798883,0.2494011198623554,0.5360646187664452,0.2559107812778554,0.09262586356071523,0.39135801056385994,0.7646211274405568,0.4815199597530884,0.49275811104618966,0.38413359073057574,0.37684554965977124,1.0582038661644106,-0.42619210860667867,-0.618827551605999,0.13892435947840534,-0.0051108780968577815,1.1674058257864663,-0.23581853961333174,-0.6504637826284689,-0.12695580969097792,1.8751285368061703,-0.4110810526307632,-0.7018777746334675,-0.18948499630214058,-0.39044688456580207,-0.061664296158133215,-0.3622527267811386,-0.3666515271644027,-0.620449522724832,-0.24854952103779257,-0.7041329338485711,-0.19072611027980796,-0.1725986337083741,-0.7390409179075702,-0.30304080468578815,-0.19595732677830177,0.6574024483132695,0.8465923808605955,-0.40879565651679356,0.6115259874020161,0.3150729752337429,-0.451113140421004,-0.2256257320480696,1.0645673666455249,-0.4145514308809696,2.1199495602268636,0.0,0.0,2025-01-04,0.0
0.6190476190476191,0.6240601503759398,0.0,0.0,0.0,0.0,0.0,0.0,0.0,0.0,0.16666666666666666,0.0,0.0,0.0,0.0,0.07692307692307693,0.0,0.0,0.0,0.1,0.75,0.3377651113682587,0.7121794871794872,0.6692493681554883,0.6729428290112608,0.8364937780517048,0.29535534761426036,0.38696636973096354,0.07348040372802882,0.5990392726591058,0.31046364648280755,0.7936752830986542,0.8143387941537075,0.841247728368506,0.986903556101856,0.959047562309971,0.8362409418117771,0.8908411712915658,0.39684384613975127,0.3393110083129932,0.43402816713527437,0.4490681793428314,0.841247728368506,0.827471255231206,0.7942225446377114,0.5111466609798883,0.2494011198623554,0.5360646187664452,0.2559107812778554,0.08424203385937734,0.5073014721608926,0.7646211274405568,0.4815199597530884,0.49275811104618966,0.38413359073057574,0.37684554965977124,0.5942656311287016,-0.4112496430621223,-0.20114510031509222,0.5887990395605225,-0.3147185741547307,2.248615732327697,-0.2806927345715757,-0.07738526682873957,0.07670719719532902,-0.07288013747208338,-0.45103922244422984,-0.06885274382574304,0.5505335485105198,0.741362617280424,0.4502487639587088,0.23298898124656278,-0.341327676409494,-0.7984838148624585,1.2312838042851104,-0.2832848380641472,0.01226973723918083,1.7326968575027222,0.21965887965338862,-0.10365125114870509,-0.2044295954452457,-0.21237323158737684,1.108365961422497,-0.3274143468204559,0.12464312750567937,-0.6019389868969955,0.086609010780254,-0.6766975371667089,0.07262771958826608,-0.4053766668147179,2.718163517193633,0.0,0.0,2025-01-05,0.0
0.4693877551020408,0.481203007518797,0.0,0.0,0.0,0.1111111111111111,0.6666666666666666,0.0,0.0,0.0,0.0,0.0,0.0,0.0,0.0,0.0,0.0,0.0,0.0,0.0,0.25,0.28201147651648756,0.5554960067255149,0.5036623553898864,0.5884313850682671,0.8729006967653001,0.49221251256670023,0.39508278453931034,0.08148600528956584,0.6122825810425399,0.496482210456929,0.8163033757814357,0.8149290581746529,0.8357533400471873,0.9909131910519804,0.9629401869710783,0.8440346598479529,0.8925922773363286,0.4315125841705326,0.34279309981027917,0.4955620900693964,0.5082954690151656,0.8357533400471873,0.8064819145545776,0.8005638889643789,0.5222934479471981,0.24407904488219917,0.5287938052085479,0.25591078127785555,0.07645704913670659,0.5589199739554639,0.819500776183788,0.6398452410422673,0.6426681727463142,0.39546490750042257,0.3873448315734976,0.7178058784517908,0.06671274330159462,-0.7227279298929029,0.1216658795264324,0.7395506478221437,-0.2877432844722338,-0.1421809818918962,-0.6503410813257593,-0.08706238332498678,1.558983607894878,-0.45158785947035357,-0.729687860657102,0.256113847927776,-0.23621049047737264,-0.29097102341556397,-0.6131336531686391,-0.41242386436016903,-0.7666774396118037,-0.14517231431187783,0.14341529182984564,-0.21096023536088543,-0.15124882947242202,-0.7451877320526403,-0.3330166074626369,-0.22121765313503938,-0.32706124846966655,-0.774792337906722,-0.41983261311372055,1.103711271421386,-0.4455124803471867,-0.30726786350167573,-0.773720338803806,-0.3631400617072695,-0.46400104507780415,-0.5803961127421614,0.0,1.0,2025-01-06,34.70580856969902
0.6666666666666666,0.6766917293233081,0.2857142857142857,0.0,0.0,0.1111111111111111,0.0,0.5,0.0,0.2,0.0,0.0,0.0,0.5,0.0,0.0,0.0,0.0,0.047619047619047616,0.2,0.0,0.37656415774832414,0.6021647751155947,0.6482281538736854,0.6187962269096481,0.7994996945338579,0.4268208181888485,0.42313932198376536,0.11052107810476249,0.5878583479506716,0.43972863432053577,0.8260738797797726,0.8068929480843812,0.8384460970731986,0.9915029894625498,0.9657440039557166,0.8364186958380255,0.886528409825841,0.4191829465943768,0.34243371363889674,0.47235027553291786,0.3132853677120955,0.8384460970731986,0.803192659468678,0.8071580157829246,0.571927733792847,0.16950173154886145,0.6958196372090691,0.5451043823913415,0.11037456915578481,0.5064689774436013,0.7693178891977919,0.5727271275363939,0.5791007078103476,0.3464817139934372,0.3432131208733156,-0.2782071746281185,-0.895973926801234,1.0209956615984492,0.8304930074486793,-0.2684306760174285,0.7633648411070384,0.34896030831045816,0.4515150690975641,-0.23036170721194618,-0.2941720689620721,-0.5622236973474969,-0.5218222265456609,0.328939644566117,0.5643527241678876,0.8703553170277532,-0.2269914156202421,-0.21559929357792523,-0.7793847652294338,0.07703238210586864,-0.2586638400000913,1.922757451178949,-0.1679280767908452,-0.024193899957484007,-0.22463939051511528,-0.16921062886948401,-0.15658440187102318,-0.36998323972791414,0.5359713123918728,0.5043601551497823,-0.6361818770306289,0.9467798351726713,-0.7064028081359341,-0.3140587240690088,-0.38942118664900405,-0.3403932180888851,0.0,1.0,2025-01-07,-8.55829413050695
0.7074829931972789,0.6766917293233081,0.07142857142857142,0.5,0.0,0.0,0.0,0.0,0.0,0.0,0.3333333333333333,0.0,0.0,0.0,0.0,0.0,0.0,0.0,0.0,0.0,0.5,0.41457951057526893,0.6151324085750315,0.8270549694846058,0.6980301161700512,0.8096997248914128,0.41512953367875655,0.42015908039929317,0.12661146762408415,0.5726226182665397,0.4320975368988328,0.8202279356061055,0.8000555856288178,0.8421832696658385,0.9915515989136079,0.9683001960190349,0.8319491742795044,0.881981685470123,0.41683866822587146,0.3415482232443986,0.46917133380603476,0.196876882023158,0.8421832696658385,0.7982053810903,0.8166115051018519,0.5443311039842527,0.1413631607543115,0.6946896050163697,0.5917147895905659,0.14850113288730882,0.46847980038583875,0.818661049082321,0.5878061440424189,0.5934848033101474,0.5608636454656047,0.5360879212830704,-0.19601699338298698,0.8256327016536598,-0.5211543362998723,-0.5521290948370955,-0.25961248684768806,-0.13165232199425336,-0.21366951616188545,-0.6594567641311935,0.6496940646147403,0.3097572196579169,0.2909438655191976,-0.7215893704936915,-0.33280942677566333,-0.2773591081349896,-0.42352711807734256,-0.5306731339010107,0.06649671422771632,-0.6177867017191214,-0.500314545952729,0.022029851632186973,-0.06857719429960568,-0.19115407471534573,-0.48746942451647274,-0.3608847000850523,-0.22639931548944617,-0.35803999505592904,-0.14526915394579978,-0.4135938103267608,1.0587632566241674,-0.7156480788512217,0.2900855669939902,-0.6744173834780216,-0.511546368726384,-0.4626898198714284,-0.3753424616443147,0.0,1.0,2025-01-08,-1.6733335842189945
0.34013605442176864,0.3157894736842105,0.07142857142857142,0.0,0.0,0.0,0.0,0.5,0.0,0.0,0.0,0.0,0.0,0.0,0.0,0.07692307692307693,0.0,0.0,0.09523809523809523,0.0,0.0,0.20578452318733034,0.31380832282471627,0.2939554623713095,0.40531989609551683,0.8096997248914128,0.41512953367875655,0.42015908039929317,0.13836161028491076,0.4460382550245705,0.4642215172427624,0.8143819914324393,0.8015260400832318,0.8412630271112267,0.991595237155904,0.9717380991462026,0.8281672714222914,0.8777717555111231,0.41665063257640006,0.34079186656022364,0.4699516136860607,0.19506512312262314,0.8412630271112267,0.7981813510935467,0.8151784786991829,0.5443311039842527,0.1413631607543115,0.6946896050163697,0.5917147895905659,0.18390437063800968,0.39973359831748934,0.818661049082321,0.6091976969822802,0.6140633341983504,0.5666667968155179,0.5414742709206087,0.15223802070871126,0.7515272137666023,-0.7811391419048324,-0.46992773484837075,-0.4728826922314698,-0.4919380989618177,-0.18492815999843912,-0.6752275076049861,1.0013244650525646,0.23189721525619825,0.17328820720090193,-0.5913355656634548,-0.09697042450784524,0.192359826104711,0.030195439383716178,-0.532360190639437,-0.28549229348364086,-0.7468120714625702,0.11290650814210365,-0.37173790176442656,-0.18276564243504734,-0.1681730374552531,0.7640687880871481,-0.3378674598446046,-0.19600534846440565,-0.28459391786037896,-0.7358326456023727,-0.34090216793745287,0.6252687473312634,0.46753863527942774,-0.1578891457633305,-0.5293662218212833,-0.308895727390853,-0.42315753281867097,-0.5582330303373385,0.0,0.0,2025-01-09,0.0
0.3537414965986394,0.3383458646616541,0.3571428571428571,0.0,0.16666666666666666,0.0,0.0,0.0,0.0,0.0,0.0,0.0,0.0,0.0,0.0,0.0,0.0,0.0,0.047619047619047616,0.1,0.0,0.18242256432097279,0.25043085329970577,0.33179782556293014,0.3748979269509814,0.7087970467825047,0.4631057149485733,0.47827881694028895,0.18471383586782777,0.3298374462729132,0.547684876162003,0.7865210344621136,0.7944286516618906,0.833681305435654,0.9869383732519204,0.9736662787043961,0.8054321464649021,0.8633089184136438,0.361829211019412,0.32620286445650476,0.3863689854057775,0.10092651541230624,0.833681305435654,0.8113707530981973,0.7938048200786341,0.5964576868642917,0.12191743166958185,0.6565057681594161,0.5917147895905657,0.21677880569223196,0.30623404640165963,0.7658719975506934,0.3391385244396177,0.3581207852085434,0.3896277315222563,0.3796047224286281,0.6311126019258899,0.22417472935372398,-0.7763752331039196,-0.5028895217676573,-0.46405520940377737,0.2490214296350928,-0.23176787957627545,-0.6788981626343075,1.0405877318101535,0.4580176981345641,-0.37380074044139455,-0.6492224290403625,0.7244180577169815,-0.4048930480764998,-0.5130990590765475,-0.5633661795699848,-0.28471640483946814,-0.4880341874295802,0.33770213503627766,0.044771575555254454,0.3492178796027525,-0.1420060222131524,-0.6977405830281186,-0.27073818909060443,-0.20129772401240204,-0.34008837257261254,-0.6814895184476207,-0.3565956297050022,0.2666646021620885,-0.6310147081316052,9.616953326736777,-0.5113742904361772,-0.4125199412444113,0.45862589965271794,-0.41309339199609185,0.0,1.0,2025-01-10,6.9835244746428105
0.22448979591836735,0.24060150375939848,0.2857142857142857,0.0,0.0,0.1111111111111111,0.0,0.0,0.3333333333333333,0.0,0.0,0.0,0.0,0.0,0.0,0.07692307692307693,0.1111111111111111,0.0,0.0,0.0,0.25,0.13448278657646445,0.19865489701555275,0.22859138049487385,0.23566356723043475,0.7087970467825047,0.4631057149485733,0.47827881694028895,0.1995255498033763,0.2136366375212564,0.5856310144189112,0.7507167919775872,0.7873312632405494,0.8260995837600813,0.9814919094605337,0.97575199623755,0.7861947330394177,0.8499174025826424,0.32115349289698897,0.30415604973623145,0.3413057628039209,0.1691862912300714,0.8260995837600813,0.8208485174791988,0.7750836573034157,0.5964576868642917,0.12191743166958185,0.6565057681594161,0.5917147895905657,0.24730506681400977,0.19827267503172977,0.7658719975506934,0.3391385244396177,0.3581207852085434,0.3896277315222563,0.3796047224286281,0.3142628456155494,0.4709551334529684,-0.6925536890258852,-0.4111344847604389,0.28053368021962405,2.504579042097771,-0.2303445461190712,-0.7125619774180456,0.0715391970415361,0.25153794825587006,-0.548222618970593,-0.473292751381504,0.8665150715761165,-0.28332814588926075,-0.795941026099329,-0.23489437150963352,-0.42986129317404803,-0.42786565989308306,0.2389437095741084,0.30160994620981946,0.273476103458946,0.376941593549994,-0.7584829550310257,2.2830104359732273,-0.21441082945669943,-0.3167784147595342,-0.7285159617134318,-0.41949946890318074,0.10384747059391365,-0.11128747568867062,0.6719180708708015,-0.4932855492867966,1.3362159403839282,-0.45344307029711745,-0.4744470114152605,0.0,0.0,2025-01-11,0.0
0.38095238095238093,0.3458646616541353,0.07142857142857142,0.0,1.0,0.0,0.0,0.0,0.0,0.0,0.0,0.0,0.0,0.0,0.0,0.0,0.1111111111111111,0.3333333333333333,0.09523809523809523,0.0,0.0,0.24309125489876032,0.35907944514501894,0.4301798407023593,0.4361467970065293,0.7087970467825047,0.4631057149485733,0.47827881694028895,0.1855336320402193,0.2524222379925818,0.5725630207140348,0.730927228525351,0.7819344547926521,0.815361328487187,0.9760454456691452,0.9769986704102607,0.7699169216793944,0.8375178508872718,0.29202413180303594,0.27908824411045235,0.3230516724087278,0.1691862912300714,0.815361328487187,0.8217086421416209,0.757546686760314,0.5964576868642917,0.12191743166958185,0.6565057681594161,0.5917147895905657,0.2756508807128033,0.06944982687781559,0.7658719975506934,0.3391385244396177,0.3581207852085434,0.3896277315222563,0.3796047224286281,0.4058681715220483,0.2320881430996993,-0.5741492365035353,-0.4132860933665923,-0.33367604646829835,0.6897914763140075,-0.09142515633111832,-0.6972434417377018,0.4561738826682556,1.3038685666084837,-0.4683667163357627,-0.6598588258103129,0.400361530227156,-0.029834395337129047,-0.1527353702638986,-0.3955645380605208,-0.40511544571357194,-0.5207630632280885,-0.5299062188284704,-0.21693411736922788,-0.2097042692279063,-0.17965698731101054,-0.7900627664813464,1.1315102651111226,-0.1996079687494637,-0.2991035718854211,0.25245929581352916,-0.4184879450516827,1.008606063844,-0.6807169567512049,-0.4376916638184456,-0.42523580700185604,-0.22036664571432418,-0.009529277039215984,-0.2617230419676712,0.0,0.0,2025-01-12,0.0
0.25850340136054417,0.24812030075187969,0.21428571428571427,0.0,0.16666666666666666,0.0,0.0,0.0,0.0,0.0,0.0,0.0,0.0,0.0,0.0,0.07692307692307693,0.0,0.16666666666666666,0.0,0.0,0.0,0.12734150068127292,0.14277007145859605,0.19558868940460122,0.21108202472604098,0.7189527831989846,0.41195267187379164,0.4679352703128745,0.18301341860079637,0.3415817522059905,0.489784388379931,0.7111280009918657,0.7681205753607756,0.8004754378507304,0.9709503491554639,0.9783959916236675,0.7581095692343744,0.8271001146038142,0.27794205486702384,0.255441925817554,0.33164089332387087,0.19306238873194642,0.8004754378507304,0.798301044656446,0.7508162648441372,0.5809081259870643,0.1275619739801785,0.6675894504312858,0.5917147895905659,0.301971993618826,0.12597087895114453,0.8149869791753455,0.30033059963107,0.32266378132176377,0.3507431592369336,0.3452169784592947,-0.5919172080449405,-0.21040808785762188,0.7282909487241526,0.08724954236582279,-0.3962753428196718,-0.5323380318834958,-0.27136382941522474,0.998340607772611,-0.6541896008306403,1.4273949985631267,-0.3860888319091463,-0.29634241441686515,-1.2631805157240263,1.47227717122037,1.7237379237628285,-0.6967201430787219,-0.13480148419940224,-0.27725040823753005,-0.2646372585971491,-0.5403121494556676,-0.21435413394292377,-0.1939504158790389,0.3850178465511016,-0.35416871835889335,-0.1607238775922295,-0.3791267809535767,-0.5691150432623736,-0.41975980299395454,1.0342701003116186,-0.7695476736227146,-0.46746269312255573,-0.734636810627535,-0.4431776825579496,-0.36369747472645264,-0.5783027621914617,0.0,1.0,2025-01-13,-6.959908921217273
0.10884353741496597,0.10526315789473684,0.2857142857142857,0.0,0.0,0.0,0.0,0.0,0.0,0.0,0.0,0.0,0.0,0.0,0.0,0.15384615384615385,0.0,0.0,0.09523809523809523,0.0,0.0,0.03822727437327486,0.061160151324085754,0.06117812962734017,0.08970834831524861,0.7263536525486032,0.36881293016781386,0.46693187834519345,0.1695015540505911,0.4214044695579986,0.42321100398320943,0.6929435000096644,0.7551764751664729,0.7860781441234295,0.9654212063131435,0.9799030950350787,0.7495515624807823,0.8182289513632703,0.2742718456002275,0.2355886696144377,0.3545601606858714,0.29664147064107216,0.7860781441234295,0.7681475203299879,0.7496767463664691,0.5700128151860242,0.22410039867936365,0.5765309724408152,0.339966535439953,0.29059431255810597,0.191819808269546,0.8610034466692751,0.419782475025354,0.4336828603862114,0.28302522452071294,0.2861936997703002,-0.16744004413053148,0.5432352452655544,-0.30721209974179553,-0.8360458357843996,-0.45684660725870685,-0.1974949177374872,-0.09967763981624506,-0.631371847680963,0.8126075686984802,0.8185906246451257,-0.2349188535310039,-1.2504845826364233,0.21897653419830576,0.07637010241137059,-0.13636236911523594,-1.1478244457213533,-0.4422874403546072,0.7142951994820995,-0.5185402939158029,0.3253880168388525,8.139422865119176,-0.17763998885030152,-0.663556034330174,-0.2692846117370143,-0.06739994041882781,-0.27871756898980227,-0.5269733874364283,-0.38989343332246196,-0.8745266959818473,0.6527239148976461,4.719622446543697,0.9744250114403934,-0.5218846205286923,-0.0030031961893446503,-0.3084978586297552,0.0,1.0,2025-01-14,-6.308694472089027
0.3605442176870748,0.37593984962406013,0.07142857142857142,0.0,0.0,0.2222222222222222,0.0,0.0,0.0,0.0,0.0,0.0,0.0,0.0,0.0,0.15384615384615385,0.0,0.05555555555555555,0.0,0.5,0.0,0.21007840718879395,0.2739806641445986,0.30227373700251947,0.3534768684828668,0.84472434854146,0.43103394942386514,0.5499639172909656,0.2148705182659327,0.47630451374476124,0.4722788995862478,0.7226002082727367,0.7561437641412132,0.7796744969602223,0.9626761646406781,0.9840707561129705,0.7652270847618556,0.8224086087377991,0.34074538483559635,0.23666221815487765,0.4810086662987905,0.5503973977125147,0.7796744969602223,0.7385277425018906,0.7607528820184868,0.6262115245605113,0.4197004715501464,0.4800584406729068,0.0196866939946176,0.2344599416725851,0.40686030812850466,0.9114889420193926,0.579694474833702,0.5854413433612895,0.40525507594464366,0.3955376377352125,-0.31621537391837007,0.0664758805502193,0.23675726294794694,-0.21318890672202742,-0.47475300717721813,-0.3238644452678579,-0.22476153693766704,-0.2695036988115591,1.0903809989782611,0.10182439299592876,-0.5373059462441583,-0.3766650974893248,-0.6692135928705518,1.6600176815233119,1.908059113993489,-0.05428445700974788,-0.439526562002482,-0.2317265602507857,0.8146406382866203,-0.5570173640026114,-0.18342671502618577,-0.17743662129496174,-0.4254207766945479,-0.22958575652972862,-0.041878730585567556,6.079180996034896,3.6984477916688427,-0.2766759001206492,-0.03298428451590247,-0.46107312167828013,-0.3801491272800029,0.2183855781224891,-0.5172907673412241,-0.4334086598061504,1.8447842827463072,0.0,1.0,2025-01-15,9.711801230240358
0.4965986394557823,0.48872180451127817,0.0,0.0,0.3333333333333333,0.0,0.0,0.0,0.0,0.2,0.0,0.0,0.0,0.0,0.0,0.07692307692307693,0.0,0.0,0.19047619047619047,0.0,0.0,0.3270585602846808,0.385708280790248,0.3743827625704174,0.4869010454296477,0.8308182117239582,0.3910122960327895,0.5483322745698467,0.22733913193968888,0.5140038562992917,0.42265139596072354,0.7492228664419258,0.7511980651935124,0.7772278392897398,0.960326091110705,0.9871264687956263,0.7757987195103091,0.8248226557922695,0.3875790568334815,0.24946744859863984,0.551896394414952,0.5141780135170632,0.7772278392897398,0.7304694365054853,0.7626560353322303,0.5699458246731748,0.40634756949078293,0.4542026839311991,0.035485686198743184,0.18458304761584365,0.5478527964369322,0.8638780039490168,0.5591366079200173,0.5659522347216405,0.393694511269682,0.3851542546274356,-0.7050407248655526,-0.5454986904351339,1.1185583398259258,1.1627829224755393,-0.5621610882415152,-0.36550541121935926,0.9858684781619365,1.9700487599572012,-1.4322349988583774,-0.7846327562671284,-0.31218773104485836,0.8149029860636239,-0.5920125689879173,-0.41032103223942634,0.5427214736993448,0.5702072558883199,-0.2570405500041798,-0.06410891972398673,1.3748191320138692,-0.2815756949939479,0.17461335688895838,-0.17154268149115273,3.6739435297863765,-0.30327685925879644,0.7595980996223075,-0.3012592371276137,-0.5965975011555521,0.1146089393509665,-1.0945153422721294,-0.4155609667310367,0.13921179878259615,-0.046740868444160893,0.5628266438539056,-0.31197045275995455,-0.40534942977439364,0.0,1.0,2025-01-16,-5.693828018932489
0.2789115646258503,0.2857142857142857,0.42857142857142855,0.0,0.16666666666666666,0.0,0.0,0.0,0.0,0.2,0.0,0.0,0.0,0.0,0.0,0.0,0.0,0.05555555555555555,0.23809523809523808,0.0,0.0,0.1469627010511763,0.1681904161412358,0.19342260730348465,0.22744731686498804,0.8964423862766573,0.40354342278246075,0.5754639097034024,0.26108860030765335,0.5544153287896845,0.4252004387355447,0.7901634502561459,0.7625911511310157,0.7791136143832436,0.9602464770155503,0.9904842928565323,0.7974489808532379,0.8339288939250462,0.46288627342298794,0.2789210919212095,0.6524930672061142,0.6160354262468208,0.7791136143832436,0.7391509292005107,0.7594236378399843,0.5742367288651877,0.5017014409969303,0.3972334139471986,0.22294590061897324,0.16494060795683363,0.7622285344800225,0.91238899083221,0.8053183418911257,0.8034519215484194,0.5377090492682195,0.5143336384728217,-0.37808928566826094,0.9928374506068629,-0.49461218702562343,-0.8942547033152942,0.2123090817132278,-0.43095572967116913,-0.19752508961517146,-0.6819885702009657,0.9940083607567195,0.05114729686922014,-0.45842514755333214,-0.37443019782631437,-0.9932069042780463,0.985872713949788,0.5808792237498743,-0.4999492660443015,-0.36712752845584085,-0.009048599274375584,-0.4077166542430956,-0.7889852922033537,-0.20720934346322933,-0.1772464285973541,0.20670922362552213,-0.3074492308796974,-0.19001448932092738,-0.07754515680566038,0.26811489913071607,-0.3904678572265404,-0.02629011447047672,-0.6778861408223146,-0.48936107382626143,1.287829106861311,0.7964305419887082,-0.12407619459699296,0.01237647080674196,0.0,1.0,2025-01-17,1.8904244471873444
0.14285714285714285,0.14285714285714285,0.0,0.0,0.0,0.0,0.0,0.0,0.0,0.0,0.0,0.0,0.0,0.0,0.0,0.0,0.0,0.0,0.0,0.0,0.0,0.18077815905520067,0.32775325767129043,0.26871216624581334,0.39081460173868626,0.8964423862766573,0.40354342278246075,0.5754639097034024,0.2639874423322453,0.5948268012800773,0.4155942229545869,0.8288882488071936,0.7727854894338106,0.7809993894767473,0.9588793198519259,0.9940388771286717,0.8157684327587926,0.8423605958998408,0.5230115445902258,0.317820835925862,0.7095703577794085,0.5195655571541454,0.7809993894767473,0.7474873271078302,0.7564378599220207,0.5742367288651877,0.5017014409969303,0.3972334139471986,0.22294590061897324,0.14670119970203865,0.8274127019825556,0.91238899083221,0.8053183418911257,0.8034519215484194,0.5377090492682195,0.5143336384728217,-1.0815736046904703,0.0234997694385664,0.983389609110684,0.16562796046356143,-0.5090140580462384,-0.7656161054271103,-0.042486259403995905,-0.08765476455408483,-0.3538729657587212,-0.49894118928067294,2.0513876700631433,-0.221147087830788,0.13184390343696342,0.2930228353854162,0.5271037710559028,-0.09500471615689678,0.09122403485019577,-0.64926246727295,-0.3178581076947729,1.1149838723530079,-0.10928418289955892,-0.1094310387681626,-0.64936725144163,-0.23848733436989947,-0.0874055284916245,0.4862023887507168,-0.45934173684206553,-0.12329772288507077,0.0017562418725280088,1.3862361855626029,0.09886376009872978,-0.5582252183383329,0.09392145804057227,0.08522078216702357,-0.31319920463806106,0.0,0.0,2025-01-18,0.0
0.15646258503401358,0.16541353383458646,0.0,0.0,0.0,0.0,0.0,0.0,0.0,0.2,0.0,0.0,0.0,0.0,0.0,0.0,0.0,0.0,0.09523809523809523,0.1,0.0,0.12660715279808327,0.17884615384615385,0.17678267089157115,0.2545138970565997,0.8964423862766573,0.40354342278246075,0.5754639097034024,0.23893234265921617,0.6260782239599374,0.4083548357413188,0.8659983208069555,0.7829798277366065,0.7875520656512194,0.9575121626882996,0.9970194385643367,0.8312695074481109,0.8501677273579844,0.5705569408976602,0.36106857026777417,0.7358427336773666,0.5195655571541454,0.7875520656512194,0.7661663619065351,0.7534153027302546,0.5742367288651877,0.5017014409969303,0.3972334139471986,0.22294590061897324,0.12976460632258613,0.9101238289622907,0.91238899083221,0.8053183418911257,0.8034519215484194,0.5377090492682195,0.5143336384728217,-0.21113396947174068,0.6029467331091006,-0.3175189924062342,-0.9301309529341618,-0.47975845908592535,-0.22563661051336495,-0.10654231947764099,-0.6662245704179222,0.8396330925343877,0.869216230793096,-0.21442285780504097,-1.2448808892644276,0.2967451966576329,0.028444734232772582,-0.18676934648967047,-1.1303885994266778,-0.26722244604324463,-0.6679225894859585,-0.03736066314840607,-0.6945157114848612,-0.2118219154534252,-0.18153100696702015,0.25393526810088485,-0.33684846688581266,-0.20041258889356175,-0.3224930179756547,-0.517568682935451,0.14808665173948934,0.4335013167775823,-0.5680093965275075,-0.48826626366154574,0.7131171000913747,-0.5322436452871737,-0.222463582338394,-0.49750947984401944,0.0,0.0,2025-01-19,0.0
0.08843537414965985,0.09022556390977443,0.0,0.0,0.0,0.0,0.0,0.5,0.0,0.0,0.0,0.0,0.0,0.0,0.0,0.0,0.0,0.0,0.0,0.0,0.25,0.17438084155716127,0.21705548549810846,0.1632216533692823,0.21969480578397144,0.8964423862766573,0.40354342278246075,0.5754639097034024,0.24196301797074019,0.667536119331039,0.39899592598851785,0.8772821963581032,0.8050326451300087,0.7959532507510296,0.9561450055246752,1.0,0.844385801415994,0.8573965527821912,0.6077044820151257,0.4051423989767433,0.7408343413064185,0.5195655571541454,0.7959532507510296,0.7836308356607287,0.754173766266141,0.5742367288651877,0.5017014409969303,0.3972334139471986,0.22294590061897324,0.11403776961309453,0.9179593736269547,0.91238899083221,0.7903048064714479,0.7885987235521142,0.6107041480484088,0.5813934617679493,-1.2069709325967848,2.2533685980524467,-0.7989487040831578,-0.8616526061724891,-0.6229195466604037,-1.5928938331408948,-0.6170077953373068,2.600739130155306,-0.15034058661355362,-1.5374752969555945,-0.4706795703525434,2.6613072471094488,1.6800656600979789,-1.3368319360102636,-0.843544619572797,2.7473219075625273,1.647684872701016,-0.5820758344147168,2.336915247467224,0.0870902118126701,-0.03840050894501446,0.7209023107433734,0.03486042185319424,0.17506822972137284,-0.15832169865796536,0.6696801712157557,-0.13935323015318452,1.8897940025140694,-1.1452999251506146,1.2831638584767686,0.8500979282805838,-0.4760674228665487,-0.18440244342292172,-0.3738399853929969,0.05053655646836563,0.0,0.0,2025-01-20,0.0
