counts__tweet_count,counts__nlp_tweet_count,counts__tesla,counts__stock,counts__market,counts__price,counts__profit,counts__loss,counts__revenue,counts__inflation,counts__interest,counts__bitcoin,counts__dogecoin,counts__crypto,counts__ethereum,counts__spacex,counts__model,counts__cybertruck,counts__starship,counts__buy,counts__sell,counts__likeCount,counts__quoteCount,counts__retweetCount,counts__replyCount,counts__tesla_stockprice,counts__tesla_volume,counts__tesla_volatility,counts__tesla_volatility_std_10,counts__tesla_avg_volume_20,counts__tesla_volume_spike_20,counts__tesla_stockprice_sma_5,counts__tesla_stockprice_sma_10,counts__tesla_stockprice_sma_20,counts__tesla_stockprice_sma_50,counts__tesla_stockprice_sma_100,counts__tesla_stockprice_ema_12,counts__tesla_stockprice_ema_26,counts__tesla_stockprice_macd_line,counts__tesla_stockprice_macd_signal,counts__tesla_stockprice_macd_hist,counts__tesla_stockprice_rsi_14,counts__tesla_stockprice_bb_mean_20,counts__tesla_stockprice_bb_upper_20,counts__tesla_stockprice_bb_lower_20,counts__tesla_atr_14,counts__tesla_pdi_14,counts__tesla_mdi_14,counts__tesla_dx_14,counts__tesla_adx_14,counts__tesla_stoch_d_3,counts__tesla_obv,counts__tesla_stockprice_momentum_7,counts__tesla_stockprice_roc_7,counts__tesla_stockprice_momentum_21,counts__tesla_stockprice_roc_21,scores__neg,scores__neu,scores__pos,scores__polarized,scores__anger,scores__disgust,scores__fear,scores__joy,scores__neutral,scores__sadness,scores__surprise,scores__Extroversion,scores__Neuroticism,scores__Agreeableness,scores__Conscientiousness,scores__Openness,scores__arts_culture,scores__business_entrepreneurs,scores__celebrity_pop_culture,scores__diaries_daily_life,scores__family,scores__fashion_style,scores__film_tv_video,scores__fitness_&_health,scores__food_&_dining,scores__gaming,scores__learning_educational,scores__music,scores__news_social_concern,scores__other_hobbies,scores__relationships,scores__science_technology,scores__sports,scores__travel_adventure,scores__youth_student_life,binary__no_tweets,binary__is_trading_day,date,tesla_change_volatility
0.1610738255033557,0.1417910447761194,0.045454545454545456,0.0,0.0,0.0,0.0,0.0,0.0,0.0,0.0,0.0,0.0,0.0,0.0,0.07692307692307693,0.0,0.0,0.0,0.0,0.0,0.0809976472979057,0.1435792349726776,0.11114874610548375,0.11807544340515494,0.16466506056563646,0.28979025577719575,0.2504131359410553,0.06860502260295188,1.0,0.11098232626053253,0.19170189346455457,0.19430080254341586,0.17236085935703327,0.0,0.0,0.17390004230573708,0.10929774996138697,0.6358157422957827,0.7376636786859636,0.3405999432057995,0.38500910782830805,0.17236085935703327,0.17328810057898725,0.18509236974170507,0.25508680344117685,0.2980451084891625,0.4897911437751623,0.0,0.5945288159734488,0.237843846854316,0.2308143274547838,0.3616285027893546,0.27720575103069484,0.6356603561308114,0.5995211037867116,-0.8749070509708056,-0.461031246686788,1.2142479211379744,0.605824140273793,-0.28034945925592913,-0.5496360001110354,-0.2716848682735228,-0.2852633813927472,1.025133705537068,-0.007918919952815563,-0.4415760890695599,-0.20581022879537994,1.5864078712855247,-0.9241672694444748,-0.6945188311269868,0.07159306998262498,-0.14260955487674207,-0.545457547481862,-0.3689181720070715,0.4716062920842984,0.025397210854576507,-0.12067933254713303,5.577639786229989,-0.1576882692126257,0.12006470309672301,0.13075417803014122,-0.2491206106205163,-0.32212247741243544,-1.6616169013181405,-0.5827474169685184,0.3375371973752544,0.8511770306474885,-0.3499108851926316,1.8128550155435836,-0.10308655255265213,0.0,0.0,2024-07-20,0.0
0.34899328859060397,0.3208955223880597,0.045454545454545456,0.0,0.0,0.0,0.0,0.0,0.0,0.0,0.16666666666666666,0.0,0.0,0.0,0.0,0.07692307692307693,0.0,0.0,0.0,0.0,0.0,0.12036414185826172,0.21335645229087852,0.18476844034749898,0.17523261102029278,0.16466506056563646,0.28979025577719575,0.2504131359410553,0.0774480402207008,0.9692132850692003,0.11563759091627221,0.17798236880606932,0.19355101688979848,0.17872171000059967,0.005790823113078769,0.0034203619776277394,0.1700418361058036,0.11102160389149285,0.6161480691674868,0.720771844404944,0.3242975358808673,0.38500910782830805,0.17872171000059967,0.1504318541376075,0.22545455016408056,0.25508680344117685,0.2980451084891625,0.4897911437751623,0.0,0.5270683323767023,0.14820437293709268,0.2308143274547838,0.3616285027893546,0.27720575103069484,0.6356603561308114,0.5995211037867116,-0.7911772603022459,-0.885460011839954,1.5026865634935898,0.5369100487230999,-0.4376036358393384,-0.3563530226222499,0.74769313819397,0.8961565844548771,-0.2494120585904976,-0.964320457570169,-0.4096487173501762,1.0501859269929334,-1.4841227144247775,2.3538253778232443,3.161084611867715,0.9004166674593284,2.4342331055289343,0.0049466349521869995,-0.4663518553497821,-0.22427994752851255,-0.15667043816026072,-0.15413481881347538,1.3777064307481046,-0.2413647091546017,-0.17986428613659625,-0.30924792496291914,0.7203257510215844,-0.346484095475039,0.10904213965033854,0.40954144164246226,-0.23479304472272175,-0.6271887809905087,-0.4731383112766386,-0.3701976810584879,-0.0433620487046481,0.0,0.0,2024-07-21,0.0
0.40268456375838924,0.3731343283582089,0.09090909090909091,0.0,0.0,0.0,0.0,0.0,0.0,0.0,0.16666666666666666,0.0,0.0,0.0,0.0,0.0,0.0,0.0,0.0,0.0,0.0,0.23641856370050368,0.5094052122740648,0.3030505232863705,0.30392765397804794,0.2073932728175707,0.36952017259480596,0.2755377450690759,0.09413637353424831,0.9030190585943789,0.172794185911721,0.18036115293087052,0.19489489315640407,0.18311186820133096,0.012747958792897363,0.007458547159436724,0.17483082653409676,0.11701280287396787,0.6143310797934984,0.7068438770591524,0.35917445747877275,0.5012969612422605,0.18311186820133096,0.14585524427200358,0.24008982403927903,0.26276801863211474,0.2928649154081047,0.482378586779056,1.1102230246251565e-16,0.4644264547511516,0.2582205084676705,0.28485684675038314,0.4050326754865445,0.32548440574169907,0.6368589681417607,0.5889077026596505,-1.2118352098868912,1.2865215065145479,0.019326943445868806,-0.6553523763622314,-0.5075996438286144,-0.8606316567848823,-0.4912639176660893,0.8762672286265986,0.05643048019884904,-1.5915742291692268,1.1759601465041314,0.24640703613013365,-1.1209190672349825,-0.3674319891354586,-0.5256978751697964,-0.032347304101601686,-0.23563353831482906,0.017221234753928553,5.198069803560192,-0.7664121140672389,-0.1599346881852281,11.166592932045948,0.24594732505813235,-0.27361054636691734,-0.06829416435812008,-0.35983094657949577,5.11469402700382,-0.3280564632742093,-2.0749054306394337,-0.7560444730647834,-0.3833271473747164,-0.667099011433297,-0.4858441278135778,-0.3486512741478457,3.2297990647208388,0.0,1.0,2024-07-22,1.9888140026942835
0.15436241610738255,0.1417910447761194,0.13636363636363635,0.0,0.0,0.0,0.0,0.0,0.0,0.0,0.0,0.0,0.0,0.0,0.0,0.0,0.26666666666666666,0.0,0.047619047619047616,0.0,0.0,0.04490915370284394,0.06571038251366121,0.04158064718265373,0.06251920500497794,0.1895869910159571,0.4312597344162812,0.2890704746524384,0.10836353136464842,0.868186444919435,0.2164045134627857,0.17810881892764652,0.1941369176335599,0.18310970141287986,0.019388647463958297,0.011239264651927039,0.17552683244664213,0.12072864934889993,0.6048889826916458,0.6935475288342949,0.3666069539578598,0.4445754586821693,0.18310970141287986,0.14585512724243843,0.2400854058921731,0.25178764710404045,0.29487370889231107,0.4267702840266713,0.06267415655304384,0.415678349346496,0.3223892235531467,0.2251002845809893,0.3553102025048527,0.27221026042129987,0.5404984213037805,0.4524066663798753,-1.3761001904050147,1.3487035020949785,0.11884964353180892,-0.6164658832901916,-0.45876724627190607,-0.9340290467647944,0.5786741086702338,1.851462745983817,-1.208658240737388,0.5035649277634804,-0.6800478176805579,-0.11124194406111701,-1.5381371690443286,1.5454028621326217,-0.12538514368222456,-0.21146035222259607,-0.47660107611958236,1.1405895185648665,0.7922563358412513,-0.4513283399816144,-0.16966034769574767,-0.1684214461866449,-0.5378568419811471,6.121836851180101,-0.18184693880788996,-0.2897698910512335,-0.3869734023329511,7.202596476934462,-2.07881745534289,-0.21462976550427212,-0.28086729415485906,0.28533134659060594,-0.44568438793816134,-0.43047522827626367,-0.22879808258897968,0.0,1.0,2024-07-23,1.050334708734324
0.1476510067114094,0.14925373134328357,0.045454545454545456,0.0,0.0,0.0,0.0,0.0,0.0,0.0,0.0,0.0,0.0,0.0,0.0,0.0,0.0,0.0,0.0,0.0,0.0,0.089708157925601,0.20480243799915931,0.16424174989175236,0.1812906377905333,0.08410278290979545,0.7543829389572781,0.5683373420975839,0.3403842737650423,0.8690671856495495,0.4087462553713528,0.1597660747516293,0.1809275963420267,0.1765190454866158,0.023294042667808212,0.013975053081866307,0.15623357114820902,0.1133191076699791,0.5582495754766736,0.6722708555040314,0.272699508343856,0.22026479627747153,0.1765190454866158,0.16568822357705626,0.202809451397582,0.3366912443636739,0.20926073208935614,0.8441043612282829,0.40042625506656526,0.42117330214139254,0.2754875647931631,0.1354384268475659,0.23262463230017466,0.13428688493256846,0.37516350881237814,0.2587983179919402,1.1602366519755385,1.0338235085952865,-1.9750666306028475,-0.46301470146776463,4.938744540848661,4.219719183540974,0.5309967473422533,-0.789058568952771,-2.512664754236975,-1.9728648446124666,-1.4261607748750658,3.991757024187605,-2.1732650374227327,1.1652359167584914,1.7930025231805302,3.63497134460635,-0.5971106515643997,0.588843378814065,-0.5741020368009317,-0.7570550567496048,-0.23624538647976698,-0.20373998282477665,-0.6031386810999547,-0.33846038484638213,-0.22341426430622904,-0.34159207878155384,-0.8419366944792144,-0.3903977611721319,1.0451966751847281,-0.9278260344332083,-0.47866540836704374,0.007805864064759229,-0.5394551063746935,-0.41624786529936963,-0.709431100295254,0.0,1.0,2024-07-24,21.44983573596575
0.2483221476510067,0.18656716417910446,0.045454545454545456,0.0,0.0,0.0,0.0,0.0,0.0,0.0,0.0,0.0,0.0,0.0,0.0,0.0,0.06666666666666667,0.0,0.0,0.0,0.0,0.0812407003950356,0.11989281210592687,0.11332894132949006,0.12255251416561166,0.0988892967668259,0.3661230776330514,0.5610098423241745,0.43274314267064745,0.8347246091290619,0.18432963463597604,0.14478998366470863,0.16765681352044137,0.16973977310668242,0.02758126071101008,0.01714396977330135,0.14269553973762394,0.10797936659866014,0.525976012615045,0.6478871241658346,0.2361376042803357,0.2569305901920957,0.16973977310668242,0.17271611174408696,0.1802560992900808,0.31990086109363247,0.18629843071247892,0.7856587563659435,0.4002192600826231,0.4262446488555734,0.1477487540465777,0.1891665424498914,0.252019163314389,0.1562992801595782,0.390636394420776,0.27653180213556044,1.9194189341024064,-0.8921388970285228,-1.0199404926799707,1.4693485986604595,1.1799118780049849,4.154192006708157,-0.3553487754521465,-0.6518791814897789,-0.9376986450870834,-0.3115268994329694,-0.3358780199254867,0.6562826757249045,-1.1869581025338432,1.2003682005426601,1.350644441382214,0.5019564963386822,-0.2416500716547139,-0.7210957578851975,-0.5064815858435975,2.075815700831388,-0.10760709872954101,-0.18500684409329038,-0.7198793990062645,-0.26924492839097436,0.001852956071849184,-0.30418300745400545,0.9359250227260867,-0.2523949374448689,-1.9285940965257233,0.2917380887323316,-0.01663344486156582,-0.08446393643476198,7.084193282226116,0.01846463573040224,0.629977429710373,0.0,1.0,2024-07-25,-0.4634079062656671
0.18120805369127516,0.16417910447761194,0.0,0.0,0.0,0.0,0.0,0.0,0.0,0.0,0.0,0.0,0.0,0.0,0.0,0.0,0.0,0.0,0.0,0.0,0.0,0.1292380931276561,0.44758301807482137,0.2511881838160868,0.22686488280337763,0.09732734965630097,0.33132491895197114,0.549882387052457,0.47187994077252177,0.796535948650023,0.17073849218934042,0.12945826216243117,0.15259556273885588,0.16286294231723664,0.031547292753112965,0.0203736151709355,0.13094587881257203,0.10287449951055838,0.4994835727082195,0.6223365626137374,0.22240708034737167,0.3460238379927133,0.16286294231723664,0.1768289386023134,0.16093944054792986,0.2907998279904094,0.1705671660577765,0.7621489599743813,0.4116629641924626,0.4326736405601315,0.06286144956803373,0.138659022601189,0.3046536411839901,0.20952569058755424,0.37036906076858145,0.2559965661825102,0.1562534405883671,-5.637506175524151,4.7228476419394845,5.598885420606085,2.0033972159896014,1.7157115915633205,-0.8190523219398812,6.774622140879644,-5.190554955755458,-2.984308059145117,-1.6548737626710508,3.1016617654436653,0.3654829290417612,-2.721592281092117,-1.7653475991207552,2.238105048850898,9.726833264560604,-0.8403319616476053,-0.41220012261968836,0.5699953329786076,0.13760880412169274,-0.09302168872270006,-0.24298520658178432,0.46597464153375134,-0.08081447965304048,-0.21370041960102176,-0.03151881264135267,-0.3000025082544202,-1.489501877015119,-0.08291665978630137,-0.035396808696547405,-0.7421387717662984,3.0680930086474625,3.1282863508524246,0.20038698897333043,0.0,1.0,2024-07-26,-0.7070021186577624
0.3087248322147651,0.2835820895522388,0.045454545454545456,0.0,0.0,0.0,0.0,0.0,0.0,0.0,0.0,0.0,0.0,0.0,0.0,0.0,0.0,0.0,0.047619047619047616,0.0,0.0,0.16076613881753074,0.4140710382513661,0.2602680025584269,0.2579708452660431,0.09732734965630097,0.33132491895197114,0.549882387052457,0.4890087137202901,0.7583472881709838,0.17865017149996273,0.10439800902920904,0.14083664228015325,0.15598611152779085,0.03555690820037938,0.023880302599688763,0.12100385802983593,0.09814777072527914,0.47838055687488434,0.5970819969438086,0.2258901736849933,0.27804758223874915,0.15598611152779085,0.1785516277314123,0.14444483906978245,0.2907998279904094,0.1705671660577765,0.7621489599743813,0.4116629641924626,0.43864341857150685,0.08904451893494954,0.138659022601189,0.3046536411839901,0.20952569058755424,0.37036906076858145,0.2559965661825102,1.0792719272028597,-1.0455315567264816,-0.1037952576553468,0.3070026352950281,0.3562795427012588,-0.6390020376114168,2.9577731460226993,0.28442842698548526,-1.8427076209307698,0.83746594039816,-0.9889333266270474,1.6203425337867448,-0.7467001284215949,-1.6279786129266198,0.6428902322143258,1.9406484501154235,1.3919240134303508,-0.5854654761683744,-0.00974856546464469,-0.2169296766454704,0.15301384263223977,-0.06949058962062991,0.09572227483758326,-0.14161231145822992,0.030321873147031643,-0.21862344516571683,0.5643129861608167,-0.25838889195773507,0.29787937017744903,0.5660481742004445,-0.020209126164109695,-0.4306837500864742,-0.2886649947906363,-0.018008918887201183,-0.03787040184066552,0.0,0.0,2024-07-27,0.0
0.16778523489932887,0.14925373134328357,0.045454545454545456,0.0,0.0,0.0,0.0,0.0,0.0,0.0,0.0,0.0,0.0,0.0,0.0,0.23076923076923078,0.0,0.05555555555555555,0.0,0.0,0.0,0.027728158866033262,0.03726355611601513,0.025324587713341024,0.05633365700168389,0.09732734965630097,0.33132491895197114,0.549882387052457,0.4776770148840996,0.7184254543889599,0.1873252948355885,0.08339196192536913,0.12877862904765058,0.14880142806642305,0.039566523647646235,0.02753153306421885,0.11259137890598203,0.0937711699981687,0.46174051449893744,0.573082341883795,0.24065717230904982,0.27804758223874915,0.14880142806642305,0.17768411430847997,0.13036116029046063,0.2907998279904094,0.1705671660577765,0.7621489599743813,0.4116629641924626,0.4441867838677838,0.08604860475788934,0.138659022601189,0.3046536411839901,0.20952569058755424,0.37036906076858145,0.2559965661825102,-0.560648006554267,-0.4146899397968436,0.8810921316904554,0.9223083901622667,-0.23686938641948213,-0.36165264362197713,0.7743071445078168,1.2495174375982883,-0.3042277291210824,-2.0261305144274813,-0.3920219175782327,2.239635817111828,1.2334206092850608,-1.4668997454850043,-0.6992522293349186,2.3635279051261233,-0.03963325467983531,0.8445481491110947,4.4908610934686015,-0.24968223151425764,-0.09826764959671738,-0.10671287152109692,0.3837462286939262,-0.25505715693569836,-0.07798289746277041,0.6992359600742399,-0.1512537934333791,-0.18532582639529344,-2.4640501828842534,1.590921258412834,-0.2672952442331557,2.2327127660682495,1.381420962231356,0.008144041375820676,-0.08515337850039922,0.0,0.0,2024-07-28,0.0
0.5167785234899328,0.48507462686567165,0.13636363636363635,0.0,0.0,0.0,0.0,0.0,0.0,0.0,0.16666666666666666,0.0,0.0,0.0,0.0,0.0,0.13333333333333333,0.0,0.0,0.0,0.0,0.39003012085635547,0.6556221101303068,0.669774940851902,0.5428548163079684,0.14002087080391867,0.5309032384600297,0.5735022244051471,0.46754984581215114,0.6986549481096813,0.3235483175259548,0.09612361761955956,0.1258696312609534,0.14224763070035673,0.04474150473060223,0.031800085121276855,0.11352021503099063,0.09411023151521536,0.4640428342361459,0.554407833537536,0.30332014891757386,0.3952843670744136,0.14224763070035673,0.1663136497695905,0.13000503894465887,0.29788470539206935,0.16710322801650923,0.7532387939372295,0.4116629641924625,0.44933419450004136,0.18634149810462775,0.20763766600023814,0.30459872933134585,0.21547235335463782,0.40988673401919906,0.3008411299214957,0.7180077533277837,0.14108199508768915,-0.7915841069695646,-0.8063823277708759,-0.4577024675441314,-0.4164910892878312,-0.23522508594882383,-0.6780575280149205,-0.36884421577415394,-0.1960590625822692,2.7958148011130137,0.29306715918594617,0.3701031404252218,-0.2581588431534483,-0.16091298192227557,0.11169530979516386,-0.49838226913956973,-0.7943514131579299,-0.5816204750150408,-0.8664112627943243,-0.23238263932758313,-0.19861156437562275,-0.7626839503037325,0.6875246082766431,-0.22394814199086766,-0.38585344705932223,-0.3235629055493695,-0.3995160835434157,1.3172592821804212,-0.6394100654232452,-0.5069009812372065,0.00947883243962871,-0.41748256272391515,-0.4649847701791314,-0.3083778019548045,0.0,1.0,2024-07-29,1.5114129446951896
0.36241610738255037,0.3283582089552239,0.09090909090909091,0.0,0.0,0.0,0.0,0.0,0.3333333333333333,0.0,0.5,0.0,0.0,0.0,0.0,0.0,0.06666666666666667,0.0,0.0,0.0,0.0,0.19179208015509566,0.31121269440941574,0.3703943940417782,0.2177064000294989,0.10711559038883733,0.36568351465786775,0.5920455501160697,0.4367841933975331,0.6808290337131664,0.2188442815482711,0.09799661331699916,0.11907649734222514,0.1334369594121253,0.04936791058473877,0.03559284742002056,0.10810400200651216,0.09103952942098004,0.45414532733649293,0.5372103623476716,0.3207009930062493,0.30370036796281735,0.1334369594121253,0.15366961151859249,0.12640688082234341,0.2944623159897004,0.13400006830884248,0.7721473874345802,0.48593077753859215,0.4652757058927028,0.2136963815591659,0.1539502322818116,0.28069882751876896,0.18632394700126717,0.3413483179694258,0.2300871258452016,-0.8469977834747082,0.2348001979370247,0.5872887178782525,-0.7744417283728254,-0.45165579751848717,-0.5951427080879367,-0.36043228115406994,-0.6762798186357624,1.497401580814171,-0.817455880339958,0.19061717029620495,-0.49349734504112436,0.7896580306797069,0.2382145585964245,-0.904221352254406,-1.5169025518233195,0.23065176414703414,-0.6791373060923417,0.07421675563984842,0.22734961543809226,0.05080802064952127,-0.13999960089979072,0.14388170958006424,-0.028014622768114714,-0.08902798570543433,-0.2545183669886757,1.2427188109614122,-0.2829339887030481,0.15617762545442393,0.3004678834694608,0.07500940609548525,-0.5468679742901816,0.3954995766224472,-0.37562718959020736,0.4758236006804825,0.0,1.0,2024-07-30,1.1689043872143756
0.18120805369127516,0.11194029850746268,0.045454545454545456,0.0,0.0,0.0,0.0,0.0,0.0,0.0,0.0,0.0,0.0,0.5,0.0,0.0,0.0,0.0,0.0,0.0,0.0,0.08682167944987956,0.17101723413198824,0.1597249860421215,0.15127705601101293,0.13991674452745162,0.17495644750049036,0.5815282647948354,0.3689400027728998,0.5825090017070966,0.10897353273239366,0.10769353844702312,0.11615520849987893,0.13149445175953323,0.055186210600944086,0.040110837550835,0.10970357756870841,0.09157022422151262,0.45828187732394565,0.5243960340860029,0.37227906165775126,0.35489408819203966,0.13149445175953323,0.1522508904746498,0.12399727052846521,0.2897390975959918,0.1383710594232323,0.7038487003952668,0.4298828148741071,0.4716550418351018,0.3184300072109042,0.18998573251095507,0.4995879515179479,0.4449080985679168,0.37229408918622175,0.263829819355419,-0.8194970383137639,0.8977502133466333,-0.010892517278224304,-0.8829593589441557,-0.10343892953889222,-0.767825410644479,-0.39973531840844523,-0.5915544886117258,-0.8676499519515418,-0.9303999284108981,3.9933795799924914,-0.012704370185426687,-1.6016014160426764,0.9861314084122418,0.28401389079684664,-0.9346655780655209,-0.6099947441157126,-0.08425752994201438,-0.6003379444961175,-0.8529048024153808,-0.2254462405220249,-0.20080282476507788,-0.7917493149470454,-0.35317790608171856,0.1309673885743961,-0.41693887178885214,-0.8536810292967898,-0.40937426972204277,1.2618944970307007,-0.8944608667590229,-0.4911788192535632,-0.1406959126128786,-0.24740395329238105,-0.4030813967275506,-0.7169845599803252,0.0,1.0,2024-07-31,-0.6553117741661896
0.24161073825503357,0.208955223880597,0.13636363636363635,0.0,0.0,0.0,0.0,0.3333333333333333,0.0,0.0,0.0,0.0,0.0,0.0,0.0,0.07692307692307693,0.0,0.0,0.0,0.0,0.0,0.35202963118300434,0.5183690626313577,0.6098760246832875,0.37226674369153995,0.08712255085437826,0.26935807653702826,0.6479324259132908,0.2889079457204132,0.536544013924553,0.18744480236615033,0.10537006871357002,0.10195846405917175,0.12469350157086023,0.05893527688536426,0.04373346083469398,0.10110615178249416,0.08663118020726013,0.4427799942254843,0.5106082110492051,0.36082358754567134,0.3149880240934334,0.12469350157086023,0.15004227842087214,0.11230395376727331,0.31043062378375863,0.10370541135233402,0.832823126599402,0.5830421004163495,0.5005971504495159,0.20493965736548092,0.14521329052588428,0.3926158061630047,0.30896193498453195,0.3977917096418241,0.28249505294424254,-0.1645728229309342,0.5447252908428191,-0.316918839176562,-0.883107888838517,-0.4665893009943301,-0.1973065413618016,-0.10012932248732198,-0.6522590214928543,0.7285563240665759,0.9335939487219623,-0.16070661156791624,-1.2403130617600506,0.273847348876718,-0.032174198855226356,-0.23684382067842638,-1.129726409076281,-0.6147519646594862,-0.6904048966004949,-0.5854334041513158,-0.8426576199084949,-0.20042495293872709,-0.20304185137201852,-0.7879663826028344,-0.15696066909716674,-0.21307444631965405,-0.419204579667313,-0.008101273066957506,-0.40152981962658907,0.007894226530521365,-0.9537052484679432,-0.47870417640519514,-0.6356604002569707,6.041237801363735,-0.1503631386549433,2.1653877301440705,0.0,1.0,2024-08-01,4.164807747346644
0.12751677852348994,0.11194029850746268,0.045454545454545456,0.0,0.0,0.0,0.0,0.0,0.0,0.0,0.0,0.0,0.0,0.0,0.0,0.0,0.13333333333333333,0.0,0.0,0.0,0.0,0.03751362680945383,0.038724253888188315,0.06197128713374329,0.04859327179537605,0.055223895063169604,0.2636945210378763,0.6708720162419968,0.12216504214193133,0.4899530588270924,0.1952487838966149,0.09578378442518909,0.0860982571495651,0.11590017782253914,0.06132285437940055,0.04601905548542706,0.08781898922945541,0.07877688510101799,0.4195353443118652,0.4942752768362736,0.3308743202918291,0.2788328475787364,0.11590017782253914,0.1501044703228156,0.0937399130490778,0.3002401072350527,0.0838588708752972,0.9204169266395726,0.6713149574972103,0.5407385684959247,0.1565094728968097,0.10096501486116694,0.3445964389621643,0.24874374577247566,0.33826097896346413,0.2177558474475397,0.05641466824247543,0.31971938100066644,-0.32873489398839595,-0.6115627738224231,-0.3483672626635002,0.34787674104787464,-0.19813104529818185,-0.4804186134475999,0.7777096194463763,0.3048377478645574,-0.40893177054635255,-0.6701477616417473,-0.1345435063740491,0.30948930381588313,0.3437068242939668,-0.6674580232228328,-0.2172059418250531,0.037989277172120056,-0.5171297469336624,-0.752914303306742,-0.201126751393706,0.03842344051993097,-0.6476193676402047,-0.15697362717057273,0.26214393916113926,-0.3719543302977824,-0.08786686264328324,-0.3871400776891639,0.9712372446645232,-0.06875634348360457,-0.4614391902763709,-0.20234389942482012,-0.3978208147555658,-0.4205857123412273,-0.5234996006570415,0.0,1.0,2024-08-02,1.381224601293907
0.14093959731543623,0.12686567164179102,0.13636363636363635,0.0,0.0,0.0,0.0,0.0,0.0,0.0,0.0,0.0,0.0,0.0,0.0,0.07692307692307693,0.06666666666666667,0.0,0.0,0.0,0.0,0.02844623835201677,0.036706599411517445,0.029877481157569632,0.05471890018313893,0.055223895063169604,0.2636945210378763,0.6708720162419968,0.1456383860326304,0.4433621037296316,0.20806354466408464,0.0764768671163576,0.08268939600864766,0.10710685407421783,0.06413299587910493,0.04790063143280909,0.0765760055307304,0.07150438963227512,0.40188798420991856,0.4771831330180178,0.3219404192564775,0.3176190861480925,0.10710685407421783,0.1475515664262077,0.07826353962487698,0.3002401072350527,0.0838588708752972,0.9204169266395726,0.6713149574972103,0.5780127423961614,0.030700546230938458,0.10096501486116694,0.3445964389621643,0.24874374577247566,0.33826097896346413,0.2177558474475397,-1.0369252061004322,-0.9050964460719138,1.7488741282469933,1.463558459356243,-0.1470033183788268,-0.23856369774964287,-0.30353728330886065,-0.46933380934363544,0.9510671972879448,-1.6735097514661035,0.8058707662786819,0.6009640322749346,-4.845022308264378,4.289865163592331,4.58928345969427,-0.039849135400196134,0.10306911762004017,1.691687391535804,-0.21649397854577165,-0.047984895082749925,-0.03574569955782676,-0.11637115707238188,2.6412674047027807,-0.19041017463195548,0.00043263863914763374,-0.1442560627915056,0.47481633695054754,2.1442025744683613,-3.447447279239811,0.45292954452059364,-0.19610478217389643,1.9460887045621897,-0.3575142590528829,9.858280106025102,0.09059142286009393,0.0,0.0,2024-08-03,0.0
0.05369127516778524,0.04477611940298507,0.0,0.0,0.0,0.0,0.0,0.0,0.0,0.0,0.0,0.0,0.0,0.0,0.0,0.0,0.0,0.0,0.0,0.0,0.0,0.039936320845221605,0.08257671290458175,0.029086017225913276,0.06338880763037895,0.055223895063169604,0.2636945210378763,0.6708720162419968,0.1573863434985231,0.4025366404146762,0.2200583648919596,0.06466195671518038,0.07753513619571228,0.09735745063491075,0.06694313737880953,0.04987706405853387,0.06706271163180888,0.06477059753158776,0.3888270746453444,0.46052990357555035,0.3271052875205074,0.3176190861480925,0.09735745063491075,0.13953545310044313,0.06722718170081377,0.3002401072350527,0.0838588708752972,0.9204169266395726,0.6713149574972103,0.6126244753035239,0.022822701715490314,0.10096501486116694,0.3445964389621643,0.24874374577247566,0.33826097896346413,0.2177558474475397,1.3681115147265481,-1.0454187851758938,-0.3733171009460298,0.7491691987745904,-0.10550027300560075,0.5378507881053923,0.8431680479418,0.03675290866763157,-0.20202027855046814,-0.07740064307643066,-0.7215758132077954,0.007916048972373777,0.4471733170445664,0.1367509634756819,0.28313763983957557,0.32201377280904186,1.0433907834089533,-0.18772036616700596,-0.196163605403491,2.7565429505381536,0.3920008972305982,-0.07356972463889742,-0.11461080903278027,-0.17664467589727048,0.18938864893748647,-0.04352231094949786,-0.07048155844761335,1.4139601050574369,-2.1666567579378384,1.9038953428551326,0.6967434155109005,-0.634920893012614,1.2908075932309766,3.2373459734635226,0.3361080214328603,0.0,0.0,2024-08-04,0.0
0.05369127516778524,0.0373134328358209,0.0,0.0,0.0,0.0,0.0,0.0,0.0,0.0,0.0,0.0,0.0,0.0,0.0,0.0,0.0,0.0,0.0,0.0,0.0,0.007210250927866144,0.03781000420344683,0.011969057260326713,0.014188657677700072,0.02471367789738621,0.36423272609804214,0.6982142259082982,0.16769985265205797,0.38594468114271874,0.30793800689444395,0.038432058045791084,0.06896382537263224,0.08485254728361635,0.06892046964501286,0.05141233804138101,0.05326228358606322,0.055397313894320455,0.36860586104801857,0.4425943643498906,0.31201587266147274,0.2830540163574269,0.08485254728361635,0.12905471305587424,0.053306562830835236,0.36325299154135093,0.06154455064408493,0.8357258555469854,0.67131495749721,0.6447639415746462,0.0875467764659176,0.047411852714922986,0.22872371105534056,0.11566978856478824,0.29031677563559344,0.16709175489852038,4.015747603526737,-1.0400069791541837,-2.8476578747151864,-0.44527700199995346,0.15029850141932888,-0.9463554071117292,12.72393112498362,-0.7856678982636964,-4.620260422044154,-3.5876271300652522,-1.5244822783330654,1.532243295577474,0.593430552704946,1.3803619680953136,-1.6495672578381615,2.7024216047608363,-0.404724080659511,-0.2533842332738506,-0.4300189370624948,-0.1435247254606234,-0.16880367829463952,-0.18871667880373302,-0.6907593732599004,-0.29668630403345736,-0.10875625257778024,-0.32496453135492265,-0.7935655919879054,-0.20430256768368718,0.9968156354003027,-0.5257628587566193,-0.26895368933038827,-0.6801999792356498,-0.07830715722302234,-0.4200538441459777,-0.6052183271915629,0.0,1.0,2024-08-05,1.623882956818723
0.22818791946308722,0.2164179104477612,0.045454545454545456,0.0,0.16666666666666666,0.3333333333333333,0.0,0.0,0.3333333333333333,0.0,0.0,0.0,0.0,0.0,0.0,0.0,0.06666666666666667,0.1111111111111111,0.0,0.0,0.0,0.2668138208952159,0.512358133669609,0.4976038739957807,0.4004596909991519,0.03082264895870257,0.2112227003703405,0.6982895607007154,0.1640839749439235,0.359293634968225,0.18949065148628627,0.02561346940038489,0.061113616905450585,0.07447659794205852,0.07017110533753657,0.05303594392197064,0.04273644763519158,0.04734671833191273,0.356090662419708,0.425390908654582,0.3206305711108871,0.20564788315686894,0.07447659794205852,0.12097828086458906,0.041023922573187654,0.34553665130408673,0.041597575841182344,0.7600197330386372,0.6713149574972102,0.6746077316835455,0.19461632700623685,0.08680382191884384,0.29047858655717607,0.18284838203142112,0.2824713454304823,0.16179127118812744,1.2285582376522781,-0.274739220442429,-0.90870963962505,0.5374029472146102,0.62563208160749,2.157147326967591,-0.04718504767257538,-0.6903830054127239,-0.39982283281733705,0.43583918457148946,-0.3472893173179255,-0.4355706060802878,-0.007518459796088695,-0.7737352611694435,-0.7283348650631685,-0.3387167892949234,-0.49908372786736654,1.5860207079591633,-0.4035300801407114,-0.5695190149656081,-0.20987479553323354,-0.17915387490438356,-0.3690855478548134,-0.3160101619729675,-0.18873938671129542,-0.07795723769883309,-0.6717733590423827,-0.34549607784789155,-0.3267047440870552,-0.7305529393585396,-0.4467692658351232,-0.3032737030355695,3.7099349992413724,-0.24552415295480817,-0.5384070687443472,0.0,1.0,2024-08-06,0.0044027185712947
0.05369127516778524,0.02238805970149254,0.0,0.0,0.0,0.1111111111111111,0.0,0.0,0.0,0.0,0.0,0.0,0.0,0.0,0.0,0.07692307692307693,0.0,0.0,0.0,0.0,0.0,0.06333005983635398,0.20803909205548549,0.11946250453736901,0.1543329564031023,0.0,0.19608546673281266,0.7188619231710704,0.1536515015871546,0.33397619628264175,0.18396389036172914,0.013039870328692471,0.04962510592282976,0.06201722030476875,0.07082484629512786,0.05292101129017335,0.028020364536006315,0.03672203539332686,0.33655842029372235,0.4071723597477993,0.308685592768454,0.1918537966116718,0.06201722030476875,0.11332764885037006,0.023857501037783724,0.3369445687922511,0.024865817088342457,0.7169184774118593,0.684261942469482,0.7042656359020425,0.24457488026668087,0.048812815071046955,0.1897697457992016,0.06941139910179,0.2794929661144233,0.15115578410270364,-0.1746015331655251,0.600720635020746,-0.355922295502052,-0.8966128671046362,-0.4868945085544237,-0.10099439112768221,-0.09087640378549458,-0.6739048211699327,0.7615193417453708,0.8804080801573215,-0.18826249220441837,-1.2162099429819666,0.15969625860883854,0.01043297030548924,-0.2636561321052683,-1.1080559298881933,-0.1915702532791281,-0.8162924227608725,-0.45996140061281054,-0.8693881576627276,-0.23314613534882073,-0.19974818063137162,-0.6483919290083495,-0.36141849948069815,-0.23062300509893677,-0.4168159560431021,-0.8718899772373969,0.878568795764593,1.0055880548374134,-0.7468560688627673,-0.48397037438093293,-0.002247361846377872,-0.49649725102949055,-0.49164604378718124,-0.715316026369473,0.0,1.0,2024-08-07,1.2022377953107677
0.08724832214765102,0.07462686567164178,0.0,0.0,0.0,0.0,0.0,0.0,0.0,0.0,0.0,0.0,0.0,0.0,0.0,0.0,0.0,0.0,0.0,0.0,0.0,0.08715493837736521,0.16885245901639345,0.16748551005672913,0.16247741491414594,0.024574807553084832,0.16074794928297012,0.7079571092751409,0.1362017032103573,0.3197137305720128,0.1574526164966428,0.006061562517839625,0.03599786373200431,0.053267255482000064,0.07214938308909458,0.05370194788280502,0.02020027645331912,0.029412138776366614,0.33154680807134856,0.39145424873544016,0.33810917294599696,0.3791425070811381,0.053267255482000064,0.10694715838205204,0.012991568937868347,0.31541205017960505,0.012882179905038538,0.6704688726088135,0.6842619424694822,0.7318051183906471,0.27534378929232706,0.0835333081055829,0.3122355847584147,0.2065122063114867,0.3025570611254994,0.17797429103561951,-0.6387219023132489,1.3291844897504475,-0.5521067988788833,-0.8500942874032148,-0.5119367258455292,-0.45186163342147484,-0.2509628848315564,0.11599634920440452,0.2626246475865771,0.21471862692351132,0.30053716309169887,-0.5321597595529093,-0.30661958166272335,-0.17666633496813433,-0.45318404494156084,-0.6051970115824196,-0.23655035088183915,-0.3509895018035569,1.174290325509115,0.04597834973135985,-0.0754769389175053,-0.14621987667185338,-0.4866509543205587,-0.25584218459367564,0.015573071952711359,-0.3485284318861839,-0.49236168277327175,-0.2662610392608196,0.17974768970897387,-0.5238324897204695,-0.09712990995817031,0.2184948953700992,-0.23639358906621652,-0.40250612187154955,-0.10931317490016187,0.0,1.0,2024-08-08,-0.6297009546652466
0.2751677852348994,0.2761194029850746,0.0,0.0,0.16666666666666666,0.2222222222222222,0.0,0.0,0.0,0.2857142857142857,0.0,0.0,0.0,0.0,0.0,0.0,0.0,0.0,0.0,0.0,0.0,0.12105676481572664,0.23672761664564942,0.18595337814532115,0.22708458806032522,0.028601200121540438,0.12391234122085446,0.7080188291556528,0.11608397557982589,0.30137999078709754,0.13001157645330205,0.0,0.026730032664323944,0.044768777058742715,0.07389553551198269,0.05470622419261162,0.01434219338759557,0.02305787204398091,0.33062610070864723,0.3786697239536615,0.37262977026046074,0.3485480290104499,0.044768777058742715,0.09827953199476169,0.005354904790071391,0.28142195034265804,0.007464645762141425,0.6406953869679597,0.6783309199329958,0.756486116556613,0.27122768756899585,0.11484463791414967,0.36910062265849153,0.27636434593661974,0.3432006881197912,0.21726070953404547,-0.18690927352274142,-0.27512271987685916,0.41194393202876994,-0.08357407558864197,2.7620095328766205,-0.3091836691234611,1.2400737398782347,0.2315126512640438,-1.7637578029364018,-1.3871227345612887,-0.5780829315115025,1.6933546456976685,3.234822181784079,-3.5675465779986193,-2.761584039987045,2.4380282233679047,-0.10450462826190345,-0.6254472608766635,-0.5185615963244358,-0.16160152782941106,-0.2033712007925094,-0.1797625334230237,-0.06127797954721433,-0.33361019252162477,-0.2066776647988448,0.1254083411343677,-0.644191401695942,-0.3776933843063914,0.6304648434182583,-0.23404426713739693,-0.3750958963799947,-0.5564852481032158,0.7402635228246147,-0.002591607438291464,-0.5989298810107984,0.0,1.0,2024-08-09,0.003586613454698
0.6241610738255033,0.49999999999999994,0.0,0.0,0.0,0.2222222222222222,0.0,0.0,0.0,0.0,0.0,0.0,0.0,0.0,0.0,0.0,0.0,0.0,0.0,0.1,0.0,0.25514943414623076,0.48404791929382096,0.47963165878307623,0.3974821470273725,0.028601200121540438,0.12391234122085446,0.7080188291556528,0.06165925155188373,0.28304625100218206,0.13472072043454772,0.000885126733145114,0.01359035652026186,0.03627029863548492,0.0755052561330739,0.05570949727911023,0.009385353870444146,0.01717429173621654,0.33148221974036207,0.36863740591484895,0.4050160078660562,0.3502299577149108,0.03627029863548492,0.0876793724873065,0.0,0.28142195034265804,0.007464645762141425,0.6406953869679597,0.6783309199329958,0.7794041862821526,0.32422258312553975,0.11484463791414967,0.36910062265849153,0.27636434593661974,0.3432006881197912,0.21726070953404547,1.8587689547834014,-0.2209269361542509,-1.5430314696270404,1.1132144421895176,-0.4103659255791863,-0.2603008147268972,2.32325570506221,-0.6856859517123249,0.15505804562010553,-1.1187391492601666,-0.33640781991507757,1.1722122377717243,0.041106455964030945,-1.279494977183271,-1.4256610138636532,1.416260189844978,-0.40041554468129636,-0.884187351120059,-0.3669680492459807,-0.46814749990488674,-0.20905107778626592,-0.11537057418969679,-0.43094583653451174,-0.3394496874850645,-0.2086824458105834,-0.16439631585882314,-0.7218629705884019,-0.3878052472490118,1.266334655173757,-0.12689756229789217,-0.4149782586064316,-0.6755241039937564,-0.3875453842991809,-0.46555343224038953,-0.6069223864254911,0.0,0.0,2024-08-10,0.0
0.2080536912751678,0.15671641791044774,0.0,0.0,0.0,0.0,0.0,0.0,0.0,0.0,0.0,0.0,0.0,0.0,0.0,0.0,0.0,0.0,0.0,0.0,0.0,0.09057692276510868,0.11433375367801597,0.11466178465519666,0.0922147519020637,0.028601200121540438,0.12391234122085446,0.7080188291556528,0.046349483904835495,0.2559003221328029,0.14197270958072725,0.00037933830578384953,0.006682501914272776,0.025103038151345403,0.07711497675416534,0.05665354726019156,0.005191105048239164,0.011726532191989714,0.3337206828813014,0.36112219992693795,0.43463579902772953,0.3502299577149108,0.025103038151345403,0.06173013979884234,0.007155967281047837,0.28142195034265804,0.007464645762141425,0.6406953869679597,0.6783309199329958,0.8006852510272964,0.3316830481664544,0.11484463791414967,0.36910062265849153,0.27636434593661974,0.3432006881197912,0.21726070953404547,2.338207809554077,-1.1053614274351917,-1.226438271236312,2.065370112137189,1.7104149748828854,1.218945091493957,-0.6100989925971388,1.2350398310949384,-0.973095431393121,-2.0701069068780096,-0.7244201013099839,2.051227431695726,-1.3850843637297043,1.3770674656956585,2.6906308663835405,1.9349661703081007,-0.3668227135579806,-0.7813463643709464,-0.5321023936465575,1.2496928877059479,-0.057548792133944884,7.3034087141939565,-0.6943010400591049,-0.24462586094117286,-0.1730362556201609,-0.1318970388798074,-0.6552573680524212,-0.3586027572227037,-0.3476146943373335,-0.7593777405543312,-0.016962730522377668,-0.7565517865212606,-0.41561220999086645,0.08799027424383248,-0.23063852651386818,0.0,0.0,2024-08-11,0.0
0.2751677852348994,0.26119402985074625,0.0,0.0,0.0,0.0,0.0,0.0,0.0,0.0,0.0,0.0,0.0,0.0,0.0,0.0,0.0,0.0,0.0,0.0,0.0,0.1456859831813959,0.28558217738545605,0.22553560712678836,0.23513532614707655,0.01988896622150993,0.1550428602743519,0.7099928992948408,0.04038635211852633,0.2253713134443025,0.17991373096888144,0.0049077383205536895,0.002511570315897771,0.014503787200519924,0.07848688756889122,0.057471623792349935,0.0,0.005786167153376542,0.333903440447484,0.3551517266279436,0.4528132415575268,0.3357045464184385,0.014503787200519924,0.036714563823769364,0.014403968652467958,0.24300267435349399,0.01936082750136975,0.6863624903809825,0.678330919932996,0.820446239719216,0.31554023165406,0.08065215515750168,0.403604212803801,0.32167663728788126,0.28937243984909666,0.1650508871545607,-1.7725143271738266,1.9995559280629027,-0.0734643048951823,-0.5834068486847256,-0.33272052502315463,-0.17474947710270308,-0.3748254262476804,0.3613323560554781,0.6063844902150565,-1.2871924793646379,0.1183235669040061,1.3452100676977223,-0.8930241373974774,-1.1112101468415836,-0.8880125921331011,1.2619986361408735,1.939262032436599,-0.7659902779675863,-0.08379495566251645,2.2496278952559576,0.006712372315771738,-0.16820681225096165,3.297550406069345,-0.2600214621661418,-0.11378830005201877,-0.18883454202298108,0.31305030502881387,-0.2460389414993324,-1.5262184332672946,1.8370264656445265,1.3881094110559844,-0.5026944188461667,-0.4408808755957827,-0.36265262162294354,0.06097963739017679,0.0,1.0,2024-08-12,0.1147113787563824
0.5637583892617449,0.5447761194029851,0.2272727272727273,0.0,0.0,0.0,0.0,0.0,0.0,0.14285714285714285,0.0,0.0,0.0,0.0,0.0,0.0,0.6,0.05555555555555555,0.0,0.0,0.0,0.3322250465216708,0.5556431273644389,0.5083038792458625,0.4562525350606571,0.05577927051333964,0.22543350600505327,0.6994044895775176,0.029292116206007388,0.16690891180957035,0.2694821657742831,0.012012496252983618,0.0025771267805637654,0.01273471525013925,0.08087920260957315,0.05880865165965654,0.002372309962255237,0.003977517633691363,0.34841178818506835,0.35368505858849825,0.5058111886186869,0.326201643322004,0.01273471525013925,0.03469176570149368,0.013072298408129512,0.23917372528417336,0.14923231755039135,0.6075495542461872,0.3333557782578416,0.7869491212369795,0.3658982234768248,0.12135934510922652,0.4507444873530039,0.3864791284708783,0.34556155529704247,0.22486499027059897,-0.2834992343243956,0.013116122430776995,0.2531158343546816,0.4759191577777391,-0.20461316561551385,0.6597658122733597,0.2574479481488617,0.9610008667605218,-0.5494247475347825,-0.38099535897348524,-0.6660678037903031,0.02841410229834824,-0.9547065579230855,0.5716524803936942,0.42150504666955263,-0.11295891515072523,-0.2598422669829767,-0.6244249655805202,-0.42390658145009236,0.771889728555313,-0.09387204814316678,-0.18382120604611552,-0.5824746898770418,-0.30682987538377426,-0.19917923051281283,-0.30670191278796016,-0.7831586120990969,1.4338805522365425,0.21155828718066966,-0.31350766708516414,0.06618689375834821,-0.5251191905637606,-0.41844430473283617,-0.3933569223300887,-0.6053961183587586,0.0,1.0,2024-08-13,-0.6145776448131635
0.6174496644295302,0.5373134328358209,0.045454545454545456,0.0,0.16666666666666666,0.0,0.0,0.0,0.3333333333333333,0.14285714285714285,0.0,0.0,0.0,0.0,0.0,0.0,0.06666666666666667,0.0,0.0,0.0,0.0,0.20252808730670468,0.41275746111811684,0.25198021227265877,0.2992907975761747,0.03339122069310052,0.1908372463283224,0.5825907398497712,0.1138374070540335,0.14753535730281908,0.24264542238425182,0.01310310744842813,0.0,0.008643739259448835,0.0822084769501853,0.05964278895457864,0.00015983792746232517,0.0,0.35315336792636204,0.3535933950000433,0.5219913760164311,0.33227925728672353,0.008643739259448835,0.030277013515607076,0.00968232779836875,0.22793610641507933,0.127576834251652,0.55757212188338,0.3333557782578417,0.7558446540749026,0.3817966783525329,0.08385406500644699,0.4640954450157137,0.4081658586192657,0.432514934848645,0.31596879779019726,0.9772745240037302,1.1381764030588635,-1.8945223157316853,-0.16533197539437267,0.01358815495627958,-0.22098833885564315,-0.8025268563913273,0.67157205350116,1.3146415152625934,-2.4768403267604517,-0.6950552743707196,2.362336405824341,-4.075807903128257,-0.7883286007608521,-0.3679297684636966,1.2842730062653929,-0.2880344188549098,-0.36964418273290023,10.021617075274053,0.24813866834125617,-0.14027708754568005,-0.08725294112354018,-0.33729991174486357,-0.2342045124858485,-0.1490314930340019,-0.32246001464608254,-0.5895675396762172,0.9920905497509594,-2.2080379315200482,-0.16955832602844637,-0.07858538014531224,-0.3609688606094525,0.3963859171988901,-0.23204284932118838,-0.42331566500219414,0.0,1.0,2024-08-14,-6.822087702181701
0.013422818791946317,0.00746268656716418,0.0,0.0,0.0,0.0,0.0,0.0,0.0,0.0,0.0,0.0,0.0,0.0,0.0,0.0,0.0,0.0,0.09523809523809523,0.0,0.0,0.008096365121204964,0.014564943253467843,0.01140791949423084,0.01706326282279772,0.07768138005555958,0.3038920359495598,0.5791195502925899,0.15804866950929175,0.14450332413637001,0.3589088265515369,0.024277880690174114,0.006252302462948722,0.0074166621486647655,0.0838920986727193,0.06146614578567122,0.006635776226969647,0.0008728136306539458,0.3740156737708877,0.3582792686946609,0.5782104293323277,0.3736087424939619,0.0074166621486647655,0.027626566644692208,0.010231435419431167,0.238737429682237,0.19631916469932686,0.4880882530849854,0.13452105560382632,0.6970788946804751,0.6012262348230268,0.13182265090416223,0.49530247963482843,0.4486887177688398,0.4633881032201855,0.3568939102593516,-0.00040986786217992317,0.27698628561657124,-0.23882541229369858,-0.6790413253759835,-0.005808304133524565,-0.38176583892840926,-0.17433544239216595,-0.2312820711778081,0.28577248345835327,0.5938640992618044,-0.1429120289628461,-0.7600866236834785,0.05559649750696085,-0.028926150149159398,-0.03422605328630471,-0.6706436964158609,3.8486060824650887,-0.5537372058868812,-0.25471679590998686,-0.5017842614786835,-0.1194224528442017,-0.12388181841219038,0.4895249121270083,-0.21168534471145334,-0.08432422881020975,-0.2191010046398147,1.906428729835357,5.8984448280462205,-2.402032429822282,-0.18358899666458212,-0.3588459971205221,2.0941161659144303,-0.36382370219448534,-0.16020750839217307,0.3756312587381704,0.0,1.0,2024-08-15,-0.217564828224992
0.11409395973154363,0.08955223880597013,0.0,0.0,0.0,0.2222222222222222,0.0,0.0,0.0,0.42857142857142855,0.0,0.0,0.0,0.0,0.0,0.0,0.0,0.0,0.0,0.0,0.0,0.11382008449837938,0.23365910046237914,0.21790605289259746,0.17967280817119188,0.0845539791199802,0.2976423964834962,0.5730747769161522,0.1882151703834077,0.14078054643031912,0.3544509806198298,0.037017434994857656,0.012594743501860739,0.006618844024580239,0.08566383269093658,0.06354395910451938,0.013410798057837958,0.0023878921952034116,0.39389964222419166,0.3665639894183275,0.6205593972239479,0.4893195330944222,0.006618844024580239,0.025729862687911775,0.010793238191704524,0.2244845973865912,0.22667234729251473,0.4478545091462498,0.03926311478311879,0.6281942924370822,0.7409252269184708,0.17921282796966054,0.4998076827634126,0.45421749400166117,0.4722141706344213,0.3681749350314866,2.4809930979081476,-0.845118041817353,-1.5843744776392805,1.94756802269586,0.5028588724268669,0.7259795432398829,-0.357241974499461,-0.7424243815193869,1.1769777148867606,-1.0704308220983456,-0.7578389129580562,1.5771544684026517,-1.3633411144286196,0.16041759067170222,0.34317291833542957,2.6450714507008786,-0.45814069038155386,-0.10869096203207756,3.075243410513907,-0.7241526068040703,-0.1565357395549872,-0.18248506441404158,-0.5246656676028738,-0.3366004129531651,-0.2088689466498242,-0.37476530417506954,-0.7028719572328223,0.5315443307017309,0.2537663497349784,-0.27350729983803973,-0.3933831922301765,-0.6702738275064346,-0.4653817679755174,-0.4736498532846985,-0.5993062825308325,0.0,1.0,2024-08-16,-0.3796962276951254
0.14093959731543623,0.1417910447761194,0.0,0.0,0.0,1.0,0.6666666666666666,0.0,0.0,0.5714285714285714,0.16666666666666666,0.0,0.0,0.0,0.0,0.0,0.0,0.0,0.0,0.0,1.0,0.13986011340315954,0.22953972257250946,0.26110801563282393,0.1478723927285242,0.0845539791199802,0.2976423964834962,0.5730747769161522,0.20096860621510262,0.137057768724268,0.35636675944685925,0.05174062583862438,0.022575487056211707,0.005821025900495824,0.08739198330398923,0.06575979144436361,0.019143508837803247,0.0037907427179340036,0.41033465494063337,0.37694099621826815,0.6451801035637863,0.5773492733363546,0.005821025900495824,0.023792874716279222,0.011402604665161742,0.2244845973865912,0.22667234729251473,0.4478545091462498,0.03926311478311879,0.5642300189253602,0.9150837559609717,0.17921282796966054,0.4998076827634126,0.45421749400166117,0.4722141706344213,0.3681749350314866,0.3866089651337269,-0.5312215814124347,0.09814564835541943,-0.5639436859771899,-0.5907552090577524,2.1044769703851793,0.6860575811139566,0.1505497165793614,-2.07718110219042,2.093182974813082,0.7649766503498222,0.9303337391745055,-1.1369545700225787,2.9358490501803227,2.665916522777144,0.8002310656977336,-0.4049782324933177,-0.644532277310468,-0.17351709515788796,-0.9199141578634576,-0.23733814046128018,-0.20451486847598954,2.4540407875154355,-0.3619204224928957,-0.03658272467236433,-0.42647905501049305,-0.7716188506148254,-0.2648577295602127,0.7826844221810468,-0.9370929972480833,-0.534674610621211,-0.758584782092496,-0.5362052782244844,-0.4970122170560217,-0.6828043327745131,0.0,0.0,2024-08-17,0.0
0.10738255033557048,0.09701492537313433,0.0,0.0,0.0,0.0,0.0,0.0,0.0,0.0,0.0,0.0,0.0,0.0,0.0,0.15384615384615385,0.0,0.05555555555555555,0.0,0.0,0.0,0.017933016360819,0.026881042454812945,0.03743026000324037,0.03430321169139247,0.0845539791199802,0.2976423964834962,0.5730747769161522,0.20630224950319848,0.1112764970568123,0.3700292736010051,0.05829216750389121,0.029655422693092293,0.0023565925039819025,0.0891201339170421,0.06815128435638462,0.023994264113158636,0.0050896783871292595,0.4238802007667543,0.3883326734852127,0.6571201073152322,0.5773492733363546,0.0023565925039819025,0.011008316552740816,0.019212434185842397,0.2244845973865912,0.22667234729251473,0.4478545091462498,0.03926311478311879,0.5048346220930469,0.9018539999210813,0.17921282796966054,0.4998076827634126,0.45421749400166117,0.4722141706344213,0.3681749350314866,0.5483913125687727,-0.10905097194764324,-0.4173521161618324,-0.31680593425831377,-0.4278445909532035,0.8116844437271064,-0.25210624317254504,-0.5394490158744218,0.008247306677794062,0.2694438771309729,0.9376710166991225,-0.2577404353391772,0.2305451654380727,-0.43624748671036223,-0.45635824038526895,-0.1190896194168012,-0.06147495005837809,-0.7525742522739203,-0.4712045180339077,-0.22513407895611817,11.527665632249068,-0.18902268417610926,-0.33011282669946385,-0.14751919961354187,0.10750553374491649,-0.3282685122004737,-0.5965636430764822,-0.3624514701221881,-0.5370016586429576,-0.49801588647060807,3.205174468468176,1.2465565366456726,-0.5019294730048054,-0.34295053605206766,-0.3230165857242941,0.0,0.0,2024-08-18,0.0
0.2080536912751678,0.18656716417910446,0.0,0.0,0.0,0.0,0.0,0.0,0.0,0.0,0.0,0.0,0.0,0.0,0.0,0.0,0.0,0.0,0.0,0.0,0.0,0.06904507751269719,0.14253888188314418,0.11327305336284671,0.1952165710001352,0.10746271328607304,0.22651683837696276,0.5877881520451191,0.19852157123659592,0.09589503029259727,0.30253848281073403,0.07515706356818597,0.038964228114140464,0.002378273620795235,0.09147360309920505,0.07087402322512337,0.0324167017608723,0.008648796514557633,0.4431937598027902,0.40185191266328185,0.68215591748843,0.6313912211298137,0.002378273620795235,0.011087878581354627,0.019164085652696006,0.20875168683344103,0.2365251586230644,0.4632580252880957,0.03926311478311867,0.44968175360589907,0.9320420014334873,0.22002028114705396,0.5498598783656353,0.5255704178194239,0.4515109982226158,0.34389616653544325,0.7881589458470946,0.4124274214082302,-1.0913560152279398,-0.712267886842262,-0.4918999282725884,-0.5670399330907714,-0.42386995837863606,-0.6365572345847368,0.7547326829583767,-0.6825553763647487,1.4262676073553324,0.2149822915666695,0.36505621688029644,0.0914961442133266,-0.7102538960471965,0.3448278130743772,-0.2512105508020589,-0.08365965033715156,-0.342869618201924,1.6536585602068676,-0.18668932927891907,-0.16194346811754826,-0.7281930789581951,-0.3175141021230113,-0.20369732502143498,-0.052032511609080234,-0.2611858121000684,-0.3622052749232422,-0.31778017172413986,4.8909464553140785,-0.10379350460295685,-0.5969375378798649,-0.48532320020349645,-0.42489902710449146,-0.3289477939722897,0.0,1.0,2024-08-19,0.9277280869917082
0.2818791946308725,0.26119402985074625,0.0,0.0,0.0,0.1111111111111111,0.0,0.0,0.0,0.0,0.3333333333333333,0.0,0.0,0.0,0.0,0.0,0.0,0.0,0.0,0.0,0.0,0.23969699704844794,0.5348781000420345,0.3547999577735363,0.5139028872036283,0.10183968250277586,0.2124762047602017,0.5648639269721119,0.18750537442625792,0.10004192030042347,0.28560700669094485,0.08065752326731679,0.04760929152292148,0.0,0.09253853910707222,0.07351545658837433,0.03848352289786372,0.011365889470269286,0.45661078073398803,0.41572805614624575,0.6863557428287043,0.7129835239612355,0.0,0.0,0.027254608111909828,0.1951396012918145,0.29457937981517374,0.4122766023680394,0.07856277246009938,0.40437475476291523,0.899367678059834,0.1805122991692354,0.4841492536012113,0.4288716642673316,0.4800596562615518,0.3783442585753795,0.39163737740943433,0.05146230352782721,-0.40975554473896236,0.10127753884065963,0.2891336609675402,0.7345474664417915,-0.6108799075017647,1.9463861377910807,-1.052682855733308,-2.066534225576602,0.16118028685460944,1.818152009304182,0.1636213613559772,-1.8357165759536151,-0.49045983344690797,1.7774534053412843,0.10362603109063517,-0.6067589229416369,-0.24213275059479608,0.8152777161136369,-0.039177947551296555,-0.1686451351239639,-0.6278545599608045,-0.20100027190874856,-0.04509045988867305,-0.2460999828569942,-0.5834925330787208,-0.3114812448351985,0.26984851460167497,0.8335064200701968,0.36461946473717927,-0.3440076994736487,-0.2432894074726288,-0.01762437751967605,-0.45083293591316703,0.0,1.0,2024-08-20,-1.4321633768181077
0.16778523489932887,0.15671641791044774,0.045454545454545456,0.0,0.0,0.0,0.6666666666666666,0.0,0.0,0.0,0.16666666666666666,0.0,0.0,0.0,0.0,0.0,0.0,0.0,0.0,0.0,0.0,0.0598105191132048,0.09878100042034468,0.10003381504244381,0.07609791172457872,0.10937178329383368,0.1902373178582554,0.5669223369810534,0.1628239783927384,0.09129705872508087,0.2658278342093807,0.08630814097845185,0.05714344338387756,0.0013896755626628954,0.09178152628281089,0.0760941540329908,0.045036674841167024,0.014656470640595609,0.46995596028521924,0.4298733342891594,0.6895227502009921,0.7182724541980795,0.0013896755626628954,0.00485816343847878,0.024440741735470395,0.1698728359942805,0.2751039113321517,0.40203261428466086,0.06112294284846492,0.3596829232708882,0.8859979828837681,0.2179620554409727,0.5315092593958789,0.49673872232177185,0.4536176445974336,0.3464542205743462,-1.8292721383684507,2.582239315157759,-0.5237321528143637,0.36003331296288416,-0.3846184190060195,-0.8294418220926624,-0.3394562096985202,1.2692809258401991,-0.4192547766775157,-2.4251366799660623,1.6444522965049364,0.39393310734310066,-2.7356649145024097,0.521188352139484,-0.7975747589881702,-1.0299930471454017,-0.22596736355465868,-0.750447318210464,-0.40715377912382106,9.601238650622099,0.02813020694569348,-0.16038112035500712,-0.5712117727746857,0.0511594965520045,0.09755888298711207,0.19310038699053786,-0.464055363066175,-0.2984614471547199,-3.466534376383151,0.9378004110468323,0.7752246123366817,0.3270285492800756,-0.06288643100333474,-0.3856117217851686,0.0797344371570445,0.0,1.0,2024-08-21,0.130465162712845
0.14093959731543623,0.14925373134328357,0.0,0.0,0.0,0.0,0.0,0.0,0.0,0.0,0.0,0.0,0.0,0.0,0.0,0.0,0.0,0.0,0.0,0.0,0.0,0.06635122550754967,0.10753467843631778,0.11364902695662925,0.118298221462899,0.06560225531371011,0.24427991277963015,0.5105985482372215,0.13634517861070602,0.08915124940028463,0.32492818806899393,0.08199313609542236,0.06253943562698394,0.0020379025817269802,0.08839628247360343,0.07775590307641511,0.04233175073943707,0.013201157043911671,0.464760650982601,0.4400043790989808,0.6422857775927067,0.6584123690015286,0.0020379025817269802,0.005644176272337931,0.024875781702725974,0.18473321637533102,0.22928595824920267,0.519640821571935,0.1087677472930663,0.3253439437130739,0.7114636418814365,0.17551061637004928,0.39212134798454185,0.3076614308367416,0.463061224150477,0.3560234708611745,-0.20672841834526523,0.27101202660661133,-0.04121578114085053,-0.5913138209831018,-0.4718954241030245,-0.19731501857275524,-0.10361673320327039,-0.3900841165691124,0.5643782765082871,0.78411161777062,-0.16777195088451802,-1.1408284475355726,0.18919822980433096,0.007986209367522286,-0.14834420507234708,-1.0580159112743655,-0.2921790851030031,-0.7176641098712873,-0.44266902278385417,-0.8157291556086496,-0.2090783470345229,-0.18757153952450187,1.0356042298698478,-0.30488640925932825,-0.16884375781804847,0.10910133571305308,0.20701423384400602,-0.19795583711834558,-0.1148701880517959,-0.6975853528594844,-0.48494638540787094,2.035608459400201,-0.2901921538480079,-0.28638411346629095,-0.3746142991658047,0.0,1.0,2024-08-22,-3.56523615853136
0.08724832214765102,0.06716417910447761,0.0,0.0,0.0,0.0,0.0,0.0,0.0,0.0,0.0,0.0,0.0,0.0,0.0,0.07692307692307693,0.0,0.0,0.047619047619047616,0.0,0.0,0.011326912090661993,0.010729298024379991,0.01739922242338127,0.019426246635283126,0.09913229338759455,0.25587872215235874,0.5283116792825504,0.06688901914486131,0.08828740430456128,0.3378576701949363,0.0853123854626111,0.06765682227297332,0.004780398454929613,0.08592627716158041,0.08008114725658422,0.04636287752922752,0.015302555175578991,0.4727207459104232,0.4499251081852789,0.6398109144627381,0.6907231369501714,0.004780398454929613,0.011314823306773358,0.023947320519326243,0.18237313669228816,0.19806271737571896,0.4662039529645683,0.10876774729306621,0.29345774840938915,0.6973438042577565,0.21903553397054765,0.43431687307934264,0.3616599856741695,0.5315270373549951,0.4478249851934899,-0.14537562329554035,0.2903114256944343,-0.11511170323275288,-0.33386140325549934,-0.476627500760755,-0.2148355402781641,-0.2206691231130721,-0.30146894484477843,0.6550882194256658,0.34037393656972553,-0.024376915663233866,-0.7381144941050108,-0.013019867600499882,0.18153325736512121,-0.056520937781030324,-0.8193054107850098,0.07218535680356063,0.24956171908404964,1.0063187543510812,0.5720773276411453,-0.1381149134715147,-0.09023896446183358,0.5220972951502338,-0.20639348652363265,-0.056501077986113535,1.0106286165149787,1.1304080728053232,0.42385356923068646,-3.199241901006909,3.091192239777747,-0.12646385805778346,5.233412548480496,-0.27129498305010624,0.6057635525583389,1.4350286163612016,0.0,1.0,2024-08-23,1.1626745225081558
0.1610738255033557,0.16417910447761194,0.0,0.0,0.0,0.0,0.0,0.0,0.0,0.0,0.0,0.0,0.0,0.0,0.0,0.0,0.0,0.0,0.0,0.0,0.0,0.12808428002613753,0.32453762084909626,0.2068458807463697,0.29445574552292925,0.09913229338759455,0.25587872215235874,0.5283116792825504,0.07121292242600398,0.08742355920883804,0.3383102112017009,0.08341568187474369,0.075416892164192,0.007522894328132135,0.08297022876678828,0.08236373147157316,0.04977383096674248,0.017248294186382074,0.4789154462785678,0.45927485481664926,0.6330919521241789,0.6790288193555918,0.007522894328132135,0.01653633872416349,0.023549153103908926,0.18237313669228816,0.19806271737571896,0.4662039529645683,0.10876774729306621,0.2638491384845391,0.6639193384364893,0.21903553397054765,0.43431687307934264,0.3616599856741695,0.5315270373549951,0.4478249851934899,-1.0764981231836068,-0.5019046753983467,1.4375869677791269,0.4812059089515375,-0.5811564845492494,-0.7538606085877433,-0.49385554662791825,0.9657085137180593,0.9111495184231369,-1.1949294668622261,-0.6856943761242125,0.34894374242617526,-1.9783725441686402,1.8856993187945785,0.8769819828427395,0.43032450091137014,-0.21982209090073163,0.3247818616940826,-0.21995576718451496,3.9882817892413245,0.3927630254812804,-0.17480146185625836,-0.3261324974882674,-0.20531070339984747,-0.19759890498888827,-0.3529931464127227,-0.7181544687943299,-0.3578830726848476,-1.0205691393337217,0.5495171969891737,1.2851475908530745,-0.7486779155152506,-0.47320413044166815,-0.2215917775827461,-0.3775134942919983,0.0,0.0,2024-08-24,0.0
0.24161073825503357,0.23134328358208955,0.0,0.0,0.0,0.0,0.0,0.0,0.0,0.0,0.0,0.0,0.0,0.0,0.0,0.23076923076923078,0.0,0.0,0.0,0.0,0.0,0.18026578561495352,0.35907944514501894,0.3736121860606379,0.2700838260057277,0.09913229338759455,0.25587872215235874,0.5283116792825504,0.07273942613541316,0.07544767852389533,0.3446683773726592,0.0827992526057395,0.07794895590858253,0.012171042601803683,0.08001418037199615,0.0845148206803471,0.05266002233694744,0.01904990438156995,0.48365640788493486,0.4678361819530821,0.6238143274830836,0.6790288193555918,0.012171042601803683,0.020827534306383177,0.028256630561473317,0.18237313669228816,0.19806271737571896,0.4662039529645683,0.10876774729306621,0.23635542926860692,0.7614715169290818,0.21903553397054765,0.43431687307934264,0.3616599856741695,0.5315270373549951,0.4478249851934899,0.6048075397146289,-0.04302745866566,-0.5269948289675025,0.861246696014244,0.23187041665986707,0.39285917787060987,0.9181132957267535,-0.6339401729573719,-0.43098140090895554,-1.0235084841276771,0.9644445848725895,0.44687181893194966,-0.0054552547470818,-0.4329860639934814,-1.0225006768590816,0.33577973447579307,-0.37413204421516033,-0.8571858193886056,-0.3973764456280084,-0.1813499739511806,-0.11792833244909565,-0.1907236908951822,-0.32593826746381815,-0.2385923643098464,-0.19621702582353465,-0.344442801634277,-0.7821827940647573,-0.3855124001830741,0.9814555878064269,-0.49547575036796304,-0.28386679178376073,-0.4327471618145204,0.0037464973864860243,-0.41604632971270483,-0.5377521565614144,0.0,0.0,2024-08-25,0.0
0.20134228187919465,0.1791044776119403,0.045454545454545456,0.0,0.0,0.0,0.0,0.0,0.0,0.0,0.0,0.0,0.0,0.0,0.0,0.23076923076923078,0.0,0.0,0.0,0.0,0.0,0.1070734018191419,0.20218579234972678,0.1941672156671471,0.1689226145847417,0.07445335955804255,0.1276786229334195,0.5321819447825349,0.07206829794990365,0.06621392742209276,0.20841966085669647,0.07484888511052545,0.07675667974799283,0.014896194243169902,0.0763844939019801,0.08630906795329463,0.05045057579392065,0.018179578736114754,0.47838560353799425,0.4734828436831399,0.5895163785252456,0.5975803964913922,0.014896194243169902,0.021565882042979267,0.03311530836188947,0.17221575306318104,0.20433941056374705,0.47694616997325334,0.1087677472930661,0.21082555642524142,0.6780444382786351,0.18737563195729656,0.3589913086693324,0.2676395607639671,0.5376290016776244,0.45925046085283716,-0.9048580644786836,0.6112228394509036,0.31617792145371276,-0.7648246434473379,-0.46062511068664364,-0.6822419040855756,-0.07637731472873635,-0.5217580115605822,1.2503526995733407,-0.7023117864780087,0.06076083292626755,0.954666135865195,-0.25925236453587236,-1.6099415079356987,-0.5131217615812619,1.4343203078299886,-0.1985619117160336,-0.6622321242743288,-0.43653609213461,-0.23990820368073965,-0.1752891072686495,-0.19042588999168447,3.0160609656182418,-0.3194135173833344,-0.19281660636793344,0.6557889294549792,-0.6160148728025884,-0.39344929619149427,-0.13865746966376166,-0.6075441627447056,-0.27864647381823143,0.2586736534683415,-0.4783475725517378,0.10544304696961204,-0.5488223148887882,0.0,1.0,2024-08-26,0.251121141187749
0.1342281879194631,0.13432835820895522,0.13636363636363635,0.0,0.16666666666666666,0.0,0.0,0.0,0.0,0.0,0.0,0.0,0.0,0.0,0.0,0.15384615384615385,0.0,0.0,0.0,0.0,0.0,0.05091089512396681,0.08497267759562842,0.05374107838936525,0.09415522560503448,0.06056929108489972,0.1479850479365922,0.5279560010648467,0.06998701390636539,0.060897604485950274,0.23305306370103787,0.07370295952373318,0.07392552948160991,0.01867932087001245,0.07224128889176484,0.08790256028661203,0.045964105666339794,0.015945601816945265,0.4691883257245266,0.4759020480140333,0.5515376901660161,0.5858431225774504,0.01867932087001245,0.0170754218811886,0.04637239788678904,0.16147826774285745,0.17269261441807998,0.5305541293936707,0.21972318686779524,0.20379483348220778,0.5392713965341609,0.1538363550398767,0.3459150779396203,0.250877354741167,0.5167079098860135,0.42915711455346695,0.4596133218826224,-0.7335592438777374,0.20478902342365807,-0.3736839760529933,9.473962302432884,-1.316703875529538,0.045892477342348637,0.5201477120820559,-4.040847238080774,-2.830463041831597,-1.741522041997433,3.2623976761956808,-2.166707929335014,0.4489346325731379,3.7079209277086562,3.3956888723032206,-0.46408304965361175,1.8311607644645564,-0.5273289172102965,-0.6230569216935018,-0.212293831364212,-0.18101751994307405,4.329574543394777,-0.2825708049852702,-0.20046263384954457,-0.37342491213595275,-0.7447347756067292,-0.38540100697205837,-0.6019107581613612,-0.8271936434511629,-0.4647033287514401,-0.000538240278875895,-0.4185756819878459,-0.3648454975874396,-0.5684062877313478,0.0,1.0,2024-08-27,-0.2735123797460215
0.013422818791946317,0.02238805970149254,0.045454545454545456,0.0,0.0,0.1111111111111111,0.0,0.0,0.0,0.0,0.0,0.0,0.0,0.0,0.0,0.0,0.0,0.0,0.0,0.0,0.0,0.0,0.0,0.0,0.0,0.04855954855168321,0.155455311097523,0.5204563820046559,0.06664450944779132,0.06031263299334855,0.24158613060442272,0.0621883530876175,0.06967675036292076,0.020177395400594822,0.06688060956984809,0.08944837347493106,0.03990420557150132,0.012641778610876342,0.4576893348411786,0.4752142091195672,0.5149759600545261,0.47362580772221985,0.020177395400594822,0.015432288043513487,0.05146261354653092,0.1538477030357781,0.14830977070717877,0.5771950323949855,0.30909346668262605,0.21069784053731605,0.3220156671254517,0.11960569964938905,0.31498268641861393,0.21351091926768334,0.5363940882440472,0.4601759256656005,7.125114999078452,-4.565621422971584,-2.703268920928283,5.379886147220535,0.40118638903448667,5.013439761062015,-1.0412721372817562,-0.35646867695427764,0.6586488653103412,-3.623275270480439,-0.20871863326035986,3.35269780200617,-4.915216796123247,4.175707710071005,2.356173096480189,2.924736267975731,-0.0599555333275045,4.743190740459493,-0.13308349553380125,0.9953108758780717,0.0073619237933111375,-0.13999644171383727,0.3065788638236988,-0.199178087412613,-0.08922423459279488,-0.26565262653981386,-0.11296272844236913,-0.2738283969662439,-1.1681456334002798,0.7378276679745828,-0.014127680867046286,-0.6230940179313552,-0.39591008242933917,0.1796174640140963,0.12607506426361298,0.0,1.0,2024-08-28,-0.4867231020129203
0.3422818791946308,0.3582089552238806,0.0,0.0,0.3333333333333333,0.0,0.0,0.0,0.0,0.0,0.0,0.0,0.0,0.0,0.0,0.38461538461538464,0.0,0.05555555555555555,0.0,0.0,0.0,0.27523776992162524,0.5544976881042455,0.4834986544548637,0.36640230337147706,0.05039918338729321,0.14502809280431952,0.5203656713863882,0.0470484667964627,0.06264646203821922,0.22903685181237984,0.05109260212764688,0.06294097678782229,0.02153888617301558,0.06148202987476681,0.09043608741031994,0.03512334134326511,0.009771908492679726,0.4494669858451585,0.4727882181688214,0.49452248008497257,0.542228757998645,0.02153888617301558,0.013977617787787944,0.05604310008173863,0.14627652332075602,0.17159650668121673,0.5260978784836299,0.21754471548950477,0.2033488358380739,0.19519315014537905,0.15287130814573047,0.38717651469525044,0.30079025606986787,0.51260357682628,0.42372482992018595,-0.0877602326534626,0.5427333666239086,-0.3868479329852177,-0.8695604286370265,-0.4600567868988536,-0.23246901831948455,-0.0777698821931097,-0.568773684008523,0.2871226169614092,0.21338548243275982,0.9497135461321874,-0.5471882914932772,-0.5892549102382592,0.9281220270031576,0.7129657045060888,-0.5125354711518648,0.1201830218692738,-0.451300794980698,-0.1671653230079128,-0.2832079607633261,-0.22160438994682488,-0.19280832590910427,0.5591233689962881,-0.3019082849720907,-0.21538614155041566,-0.36422106103482055,-0.7943029702187521,-0.37878857393318327,0.6410797455780635,-0.36512488159193957,-0.4674614813209514,-0.18526382446851453,-0.5241198295393861,-0.3601249802148234,-0.6618753124194556,0.0,1.0,2024-08-29,-0.0059158868059405
0.37583892617449666,0.3283582089552239,0.0,0.0,0.0,0.0,0.0,0.0,0.0,0.14285714285714285,0.16666666666666666,0.0,0.0,0.0,0.0,0.15384615384615385,0.0,0.0,0.0,0.1,0.25,0.25629032981608063,0.5100252206809583,0.5075824164037392,0.36335562138177707,0.07757725377909253,0.1511531317419846,0.5270738739333183,0.035028391262392586,0.06565726408673511,0.23452305036654855,0.04618486380709308,0.060077042037298356,0.02459790518002114,0.05893149060685843,0.09214250439717964,0.03620065287761043,0.009910166586829083,0.45295994349610835,0.4716442548729528,0.5096085750354739,0.5002985435548237,0.02459790518002114,0.012828222533041167,0.06383270976723854,0.1354934121045691,0.14919105525834508,0.4818526022975216,0.2175447154895046,0.1965247600459205,0.2272225710931247,0.18670379360169065,0.37712211255873485,0.28960083731774733,0.5368299270036584,0.4577083603048038,-0.3011224310152283,0.432369704591562,-0.09251663984603879,-0.8876926890779737,-0.4666126328023876,-0.24536402186364492,-0.010099153910419701,-0.645244076564911,0.8225427413860592,0.7661467012178073,-0.2919570826875169,-1.1102105205861632,-0.17639579772479766,0.5875067120413462,0.2234540893024069,-1.0359631312872126,-0.5597234263274422,-0.824742177758272,-0.5814824001294777,-0.826165165713417,-0.2273780253892832,-0.20417546348819202,-0.6825091794032722,-0.3456783764399483,-0.2023818177055552,-0.4222485971660504,0.2870691258778389,-0.4087363753278499,1.3124818362730397,-0.9344569489452623,-0.4608113626812239,0.048722151353430915,-0.4941066291127117,-0.3736657546913253,0.4177554895050255,0.0,1.0,2024-08-30,0.4375156465026286
0.02684563758389262,0.0373134328358209,0.0,0.0,0.0,0.0,0.0,0.0,0.0,0.0,0.0,0.0,0.0,0.0,0.0,0.07692307692307693,0.0,0.0,0.0,0.0,0.0,0.07290836244259445,0.12211013030685161,0.12583034558521758,0.10859738934844332,0.07757725377909253,0.1511531317419846,0.5270738739333183,0.008377666773218866,0.06866806613525112,0.23324281655097903,0.04689612463780646,0.05632401883459859,0.027656924187026144,0.05569878654718152,0.09416862338033838,0.037112224175902875,0.01003818334067108,0.45587994431586965,0.4713952081698197,0.5201393905287492,0.4724133883509728,0.027656924187026144,0.01084845613388874,0.07260274618352114,0.1354934121045691,0.14919105525834508,0.4818526022975216,0.2175447154895046,0.19018811823892096,0.33773467970510535,0.18670379360169065,0.37712211255873485,0.28960083731774733,0.5368299270036584,0.4577083603048038,-0.9819788536483525,-0.5556586985454746,1.395843671752888,1.1982333922221367,-0.07371608507268468,-0.6802232879545635,-0.3496754779551012,2.4565957985520415,-1.2143155885596908,-0.27179582399414054,-0.6571135211448305,0.4351061099542061,-0.23765264639932984,-1.201961476386349,-0.7095514643884222,0.31904220432900343,-0.5604264104620615,-0.8522606842334552,-0.568909292710962,-0.9267037283216444,-0.24092522099801023,-0.20769348274451857,-0.7491353028836013,-0.3658512282066095,-0.2303944756281378,-0.42528297103248236,-0.839708536624679,5.2650762220538025,-0.2455145208386628,-0.9949275994422921,-0.5352356646969906,0.5731787571084166,-0.5512422462239003,-0.4825796560273954,-0.7071869658228395,0.0,0.0,2024-08-31,0.0
0.2818791946308725,0.26865671641791045,0.0,0.0,0.3333333333333333,0.0,0.0,0.0,0.0,0.0,0.0,0.0,0.0,0.0,0.0,0.07692307692307693,0.13333333333333333,0.0,0.0,0.0,0.0,0.19452819756428044,0.3555695670449769,0.386837311258151,0.2906377905333153,0.07757725377909253,0.1511531317419846,0.5270738739333183,0.00012533511977345403,0.06823815193638316,0.2334251239045592,0.050768566154263506,0.05773754650048324,0.03126010482207997,0.05246608248750484,0.09591870432150562,0.0378835537359965,0.010156717372006296,0.4583177709707997,0.4717520989665022,0.5272696818461873,0.4724133883509728,0.03126010482207997,0.0057469367546802985,0.08620292824504949,0.1354934121045691,0.14919105525834508,0.4818526022975216,0.2175447154895046,0.18430409370384998,0.44124065453889605,0.18670379360169065,0.37712211255873485,0.28960083731774733,0.5368299270036584,0.4577083603048038,2.3758645213088276,-1.6392707761340595,-0.8004751626277039,1.4391596794668826,2.1821941545760755,1.9474932848163768,0.1305030903500557,-0.6590343551074481,-0.9513218895720881,0.012425251725678588,-0.9578950913803812,1.5026492720902889,-0.5650221347390046,-0.5053973403159056,-0.16666790098863069,1.477116090890666,-0.2139467670078285,-0.5203104801310484,-0.5453122869351934,-0.46654346970521304,-0.18689311883238757,-0.16680914215614243,-0.712956167493177,-0.33738273853974143,-0.21094919291982833,-0.33220295150930335,-0.4361227816326013,-0.36763707069799284,0.7868613415298951,2.8316757703594235,-0.392823728541934,-0.20715452457572106,-0.4914521734946878,-0.4703826916229975,-0.4184712656578056,0.0,0.0,2024-09-01,0.0
0.44966442953020136,0.417910447761194,0.0,0.0,0.16666666666666666,0.1111111111111111,0.0,0.0,0.0,0.0,0.0,0.0,0.0,0.0,0.0,0.07692307692307693,0.06666666666666667,0.0,0.0,0.0,0.25,0.2536725771573327,0.4936948297604036,0.4133423205699895,0.3852554726582185,0.07757725377909253,0.1511531317419846,0.5270738739333183,0.0,0.060028276278688675,0.23693859037944567,0.05737543426982561,0.05519319170044401,0.032621595594500175,0.04923337842782838,0.0976687852626722,0.03853621720992173,0.010266471104723784,0.46035004434382526,0.47250122309469134,0.5318852369470078,0.4724133883509728,0.032621595594500175,0.0054464657842439035,0.0894206412306563,0.1354934121045691,0.14919105525834508,0.4818526022975216,0.2175447154895046,0.17884035663556969,0.44124065453889605,0.18670379360169065,0.41618590152016144,0.3386401892188265,0.5459465720649744,0.47166377397555115,-0.5344201160595217,-0.29713376611786235,0.7551045578315321,-0.1338087010321141,-0.4671186341453364,-0.2075818091513617,-0.1985568908751581,0.22886366428442337,0.15120178303161919,0.7712131199131992,-0.289957928305372,-0.11504565386657939,-0.18184444556736157,0.30126736380181635,0.20914334178755528,-0.05368376170548746,-0.5190720576522475,-0.47183907297834143,-0.5413862607032216,0.056310669705088155,-0.2030377978085536,-0.19617440886908938,-0.758865748890692,-0.27537887012133594,-0.18999654938833496,-0.34156960292704436,0.03861201955391176,-0.4062063583438745,0.8187653124592871,0.31790365603074583,-0.106740528292857,-0.14572242676012007,-0.45388548800443806,-0.42469525342455927,-0.27843979425696513,0.0,0.0,2024-09-02,0.0
0.2684563758389261,0.2761194029850746,0.18181818181818182,0.0,0.3333333333333333,0.0,0.0,0.0,0.0,0.0,0.16666666666666666,0.0,0.0,0.0,0.0,0.0,0.13333333333333333,0.0,0.0,0.0,0.0,0.12765616715480868,0.19404161412358134,0.23279313944160585,0.19131104118782188,0.065394002760776,0.22812626186877719,0.48661871360856845,0.0299252336054804,0.06414966344215078,0.32016786795524743,0.06078951519872333,0.05121072712322272,0.034620472827577964,0.04525029295263738,0.09924270402000801,0.0367921110336914,0.009114921732899628,0.45768785451771443,0.4724932114859388,0.5229757398901641,0.35198969083477155,0.034620472827577964,0.0011444657127863689,0.09870329276897982,0.1338792731279771,0.15012606229703956,0.4836990120788822,0.21754471548950466,0.17376688650073807,0.4111462444450202,0.145747387069866,0.4188780913277165,0.34230651491039393,0.4956415015598525,0.3990176339505606,0.2675001056333569,0.2126729474869879,-0.4331854110418651,-0.4787408661022965,-0.11109402271675828,0.42408131060286525,-0.10072198182438662,-0.6433061942439383,0.47814817632384965,0.688603189293493,-0.30440345128731844,-0.9058622197654012,-0.046226876695373696,0.16226803727193514,0.072399425319487,-0.7312567114339178,-0.5778807593523273,-0.49438406927343215,-0.5632209304393547,-0.9038140111636924,-0.20710200592950062,-0.19436308746732367,0.14417337261727994,-0.3497115854295862,-0.22062081690510274,-0.38048511217959124,-0.4346812253482713,-0.3992434208480613,1.0537503776243442,-0.9191344977535654,-0.5236341530981478,0.22993491095621013,-0.5101490477021211,-0.4716790126519373,-0.49248809168528346,0.0,1.0,2024-09-03,-2.627032143035734
0.31543624161073824,0.30597014925373134,0.045454545454545456,0.0,0.0,0.0,0.0,0.0,0.0,0.0,0.16666666666666666,0.0,0.0,0.0,0.0,0.0,0.0,0.0,0.0,0.1,0.0,0.16288697571576896,0.2480664144598571,0.33069135672837485,0.24135621135953,0.09597365509871003,0.25084047671239196,0.5127740257778481,0.03038128861722052,0.05828611322306543,0.34846440278702706,0.06497808201912336,0.050837881763720616,0.035762998875707996,0.04173051120373483,0.10125878540934974,0.04108013419553347,0.011194105390586184,0.46665889821312223,0.4745333176910211,0.547076701902786,0.4841677317902985,0.035762998875707996,0.0027904407720926727,0.0991623800522069,0.1388160960380258,0.15873011624228212,0.40861281711648423,0.1199331447199453,0.15438568094795152,0.5154456682851667,0.18880601126621244,0.48629198954277086,0.43271671532258826,0.551067899178479,0.4771778705582294,-0.25174226394637816,0.2249941328989415,0.040513742247665525,-0.37143495473634064,-0.37954114081865314,-0.22040737139323693,-0.1689939189502082,-0.24465729152145207,0.3589693899231955,0.6472822118518797,0.037095361786687264,-0.8888749462626789,0.13178383470949304,0.062366718279929526,-0.18962418552150737,-0.8628010834409298,-0.5493866382880066,0.2386917735081997,-0.5087843079980683,-0.5341000238535617,-0.131174775217214,-0.18723562285004,0.5589665053399332,-0.299058061302589,-0.21110457119239862,-0.3803550520552183,-0.8534779338052824,-0.002124449543485422,0.7510676464850152,-0.8887020769155141,-0.3898017788774127,-0.7326765579931905,-0.11051303128020283,-0.11599493042891872,-0.6876583198249896,0.0,1.0,2024-09-04,1.7442669847449688
0.32885906040268453,0.33582089552238803,0.045454545454545456,0.0,0.6666666666666666,0.0,0.0,0.0,0.0,0.14285714285714285,0.16666666666666666,0.0,0.0,0.0,0.0,0.07692307692307693,0.06666666666666667,0.1111111111111111,0.0,0.0,0.0,0.24029179343135088,0.3899537620849096,0.4359272688679751,0.3663746481643088,0.13332178022459795,0.47410154943064475,0.29108381988944076,0.22037524169931422,0.077789349693408,0.5809593007697159,0.07767022054295214,0.05778670447126977,0.03880901053585517,0.03999383242844157,0.1039398675362172,0.05174802228891495,0.01696091585249393,0.48706071021404906,0.48081955726007014,0.5970425281917925,0.5621262439485702,0.03880901053585517,0.012960015029003236,0.09356022805830333,0.1607954944174146,0.30879582436723335,0.34044079375064906,0.1849523169375238,0.1461606340131793,0.6514761395578538,0.2525276156315819,0.5424976660366754,0.5075029386164807,0.5438036242675286,0.46212650131064664,-0.2076762382239432,0.7339198429486777,-0.4401027913065552,-0.9051655215807143,-0.4914121655039961,-0.26477911809005367,-0.13979144988263362,-0.6751285817017474,0.3836822963795444,0.7254553753757885,0.7194047401776058,-1.1945660396246773,0.34377141084310914,-0.070432537450274,-0.3270685043200681,-1.1179573807906538,-0.4903029238330397,0.2518218654296201,-0.5348368860444167,-0.6542029533814079,-0.19959696157703294,-0.19721159644396194,-0.7499105983114704,-0.29400145474934236,-0.2004617757186812,-0.3878871354397926,-0.2800791329566884,-0.39038095277367507,1.1699308870451106,-0.8385482792240432,-0.4466199688589077,-0.3410242611355164,-0.45449027006987597,-0.46303313030459503,-0.4957050188528371,0.0,1.0,2024-09-05,-14.530802911805674
0.523489932885906,0.5447761194029851,0.09090909090909091,0.0,0.0,0.0,0.0,0.0,0.0,0.0,0.0,0.0,0.0,0.0,0.0,0.0,0.13333333333333333,0.0,0.09523809523809523,0.0,0.0,0.1639042639955508,0.27344472467423286,0.27682100213333966,0.23968614412664857,0.06584519897096086,0.4326949479100569,0.40794989315841246,0.23311822701979537,0.09271610074261094,0.5250676269606381,0.07499901900463524,0.058409472130169005,0.03764046979400759,0.036346144148590276,0.10567338610296628,0.048056374426806325,0.015359891874805687,0.47872769857969205,0.48394758421326917,0.5598786688824164,0.4830535062159469,0.03764046979400759,0.012816796493006932,0.09127211881312869,0.21431768378165916,0.23399317361499472,0.49138419332840644,0.07269641447690396,0.12165205520132066,0.6143796015597913,0.19263822337408065,0.39267071801564796,0.30836466559925874,0.46600324662188913,0.3597671841603394,-0.4894641596989059,-0.09441483994884452,0.5381008583040454,0.023667428798635797,-0.6011132716651578,-0.9574314381472917,-0.4099885882501503,4.086000868686101,-1.7910279161257256,-1.0075421016063193,-0.8617389220802325,0.44126051263190114,-2.516240940001265,0.08694174816365875,0.011343496028333793,-0.17212762561371636,0.021347684412811953,0.06473860042290987,-0.2187374521923711,-0.25075911039397564,-0.18760555034694948,-0.17407270097785527,3.3531114076885715,-0.3025114299239601,-0.18593100995981346,9.19889079701231,-0.3878750812208881,-0.3302980605648796,-0.7187616847689013,0.05300877182276288,-0.36223433866837007,-0.5513533412861429,-0.3315251252322596,-0.3257817024626087,-0.4906141090202555,0.0,1.0,2024-09-06,8.9623506848983
0.21476510067114093,0.19402985074626866,0.0,0.0,0.0,0.0,0.0,0.0,0.0,0.0,0.0,0.0,0.0,0.0,0.0,0.15384615384615385,0.0,0.0,0.19047619047619047,0.0,0.0,0.11073071046414656,0.2349936948297604,0.15305455963951697,0.1847598298897479,0.06584519897096086,0.4326949479100569,0.40794989315841246,0.24061955212857636,0.10764285179181388,0.5145764322304621,0.07232781746631922,0.060449868641374804,0.03647192905216101,0.033648749608847006,0.10727641441844715,0.04493267238963772,0.01387746226583464,0.47208868921770475,0.48493548461500136,0.5346950059257758,0.40550282337737487,0.03647192905216101,0.01256454582851163,0.08911274478956521,0.21431768378165916,0.23399317361499472,0.49138419332840644,0.07269641447690396,0.0988940891617377,0.4428892296277065,0.19263822337408065,0.39267071801564796,0.30836466559925874,0.46600324662188913,0.3597671841603394,-0.5278733157902009,1.8684831542555933,-1.1212472170952277,-0.8986071234549639,-0.344185471122499,-0.45907097292047977,-0.4234779187934593,-0.4820348147459679,1.4751560139426436,-0.6995559535022544,-0.27381874333806583,1.1979263806527485,0.6698788765565956,-0.17476797978530345,-1.2513934325176732,1.220989271845059,-0.02719155219644191,-0.5368533460965051,-0.5164554669900933,-0.22951678431184752,-0.17923510927850775,-0.1892956557633929,-0.6019525727074696,-0.3096833435896543,-0.16328757579828473,-0.35768692939753016,0.19952739282659926,-0.29074735779239586,-0.1637877781187403,-0.6636639206897939,-0.432141757673821,2.2760654133038427,-0.5199968192766451,1.2203492731937995,-0.31713349181363415,0.0,0.0,2024-09-07,0.0
0.30201342281879195,0.30597014925373134,0.13636363636363635,0.0,0.16666666666666666,0.0,0.3333333333333333,0.0,0.3333333333333333,0.0,0.5,0.0,0.0,0.0,0.0,0.07692307692307693,0.13333333333333333,0.0,0.0,0.0,0.25,0.05997806739007887,0.1423182009247583,0.11750981285434524,0.11114627760911516,0.06584519897096086,0.4326949479100569,0.40794989315841246,0.24245567141252164,0.1304307908591429,0.4991583453409718,0.07243054763852175,0.062273114833707455,0.033872520610549794,0.03095135506910396,0.10891507630685349,0.04228953989664863,0.012504842257528681,0.4668525478396193,0.4845313124321893,0.5183139714695136,0.40550282337737487,0.033872520610549794,0.009116699395462335,0.08771760956881325,0.21431768378165916,0.23399317361499472,0.49138419332840644,0.07269641447690396,0.07776169212498207,0.23966781026308118,0.19263822337408065,0.39267071801564796,0.30836466559925874,0.46600324662188913,0.3597671841603394,-0.2853182526683941,0.40717392017386084,-0.08549916501862832,-0.7452550083973527,-0.47178565581919435,-0.3301561558048583,-0.1839014742211007,-0.5022967815791481,0.7781069652636993,0.5323699605921289,-0.0410930239229069,-0.7699433939205669,0.15303081428859602,0.08682903577852603,-0.04674900923481927,-0.7685583562961067,-0.5040695170422946,-0.21470512657726679,-0.5234636968211754,-0.6700073103733136,-0.21094246920587437,-0.08767215835579252,-0.5791193017218358,-0.30769624580484317,-0.18363581354850464,-0.37604704963219526,-0.5565565803299439,-0.3930510218779151,0.9794453818768145,-0.6670449924912337,-0.4566290806148908,-0.5152822508076017,0.2170152672566136,0.7937979307072501,-0.5530293843710868,0.0,0.0,2024-09-08,0.0
0.2953020134228188,0.29850746268656714,0.0,0.0,0.3333333333333333,0.3333333333333333,0.0,0.0,0.0,0.14285714285714285,0.0,0.0,0.0,0.0,0.0,0.0,0.2,0.05555555555555555,0.0,0.0,0.25,0.17999122263220504,0.287505254308533,0.27945507538947983,0.2794558684349611,0.08507466346583381,0.17464783045098473,0.4187862036037866,0.23472995336933772,0.12624979079697973,0.23457634132538577,0.06994902128257052,0.06315810835126967,0.03282538618348019,0.02877884947064857,0.11083178421550655,0.04367750849789365,0.013211846834647822,0.4696466464101442,0.48484537722293947,0.5267657323491647,0.4635710045120347,0.03282538618348019,0.006955041169200871,0.08806798366967972,0.20068315249698998,0.24276691052049676,0.505710186274945,0.07269641447690398,0.05813875201942331,0.29758181532478695,0.2286451608632163,0.423108651358192,0.3475183949358851,0.46215318978660835,0.35564371004156753,0.18121917866656687,0.38021284840256736,-0.49739345441416233,-0.758275833196146,0.5868339469703606,-0.6644453748192729,-0.5922249699238452,1.8085845758467516,-1.859905326163774,0.8910523562577678,0.19307138315690425,0.44310056556778077,-0.8214173686213884,0.883574745443354,0.6600981216663019,0.13940662259816608,1.0799440170480534,-0.2834035928963402,-0.26066231152218006,-0.03796573155211067,-0.18700088841304655,-0.19017644743699053,1.1438709279107258,-0.32976303030117365,-0.20687170039127376,-0.36442562559376174,-0.6071210398458036,-0.2790656666468613,0.2734215814039616,1.041284955380492,-0.355357458741611,-0.6404230841338687,-0.5251526790115894,-0.428899719449075,-0.5640761755884243,0.0,1.0,2024-09-09,0.7626731477989201
0.3959731543624161,0.3656716417910448,0.3181818181818182,0.0,0.0,0.2222222222222222,0.3333333333333333,0.0,0.6666666666666666,0.0,0.16666666666666666,0.0,0.0,0.0,0.0,0.15384615384615385,0.13333333333333333,0.0,0.19047619047619047,0.1,0.0,0.16457434900738457,0.25209121479613283,0.3447768178972463,0.24316762742904902,0.11943771175145512,0.24068380308501683,0.404204859272562,0.22319349940343616,0.13182541390319447,0.3003948071879805,0.06678784059682707,0.06809931277994585,0.0334540988741826,0.02637800771342247,0.11324536029341858,0.051328862107430595,0.017401075127321697,0.4841082358921335,0.4883956729483037,0.5648476621543483,0.6059331502122998,0.0334540988741826,0.009407854077103761,0.08649398294383248,0.19413741426428166,0.3186072313513247,0.4448006682155399,0.07695672489228211,0.040557736175200254,0.4589881330756854,0.2707637772776845,0.4967858541702158,0.44412680689059914,0.5039953733698306,0.4088666841970476,-0.3617390663848887,0.5076956792582464,-0.10102662812868618,-0.5613868457679283,-0.48039415198457036,-0.28692621293408077,-0.12685720997620226,-0.6289592668730852,0.5196024467203186,0.6666610583372463,0.43787367518981396,-0.9480995412929077,0.11671502721384652,0.2421579907707393,-0.05764596012036619,-0.9341809217550788,-0.44340274126058254,0.26607358017302457,-0.3580169796396209,0.03948386371023098,-0.20815561465245772,-0.18964459409174234,-0.4287649494282066,-0.3253817247481158,-0.1609829195377101,-0.3506623715989734,-0.6081464510233319,-0.31418122336041265,0.2835122271577736,-0.673677439931272,-0.3530029361002767,0.7767480285422242,-0.4600663343159518,-0.19227237300968725,-0.5186533167740673,0.0,1.0,2024-09-10,-1.0184856229374928
0.174496644295302,0.16417910447761194,0.0,0.0,0.0,0.0,0.0,0.0,0.0,0.0,0.16666666666666666,0.0,0.0,0.0,0.0,0.0,0.0,0.0,0.0,0.0,0.0,0.14899398069303374,0.5120954182429592,0.235098659196873,0.29783736279944445,0.126240928607243,0.26755079202095133,0.37899486687085693,0.20778207070185561,0.13439743951442584,0.3268176062001923,0.0805389838151801,0.07384356827125627,0.03724155907792881,0.02464890872362313,0.11584714489305281,0.059085388619158685,0.0219797713318044,0.49769798895152745,0.49433606611170106,0.5929728252535581,0.6551582793413039,0.03724155907792881,0.017190471196438906,0.0852692516168968,0.19485840358075845,0.3082553777156048,0.3935926826663556,0.11987877735850495,0.0306832990143055,0.6325221183401895,0.315368953721741,0.45915061172642224,0.39239217315328,0.5032326555405116,0.40767342375974314,1.000866486914048,-1.1292995914980615,0.04168276111055243,0.5812497734451161,2.9758747866449897,1.2686833653581098,0.5363904323703266,-0.3940558579378131,-0.778814834446021,-1.8759037356073784,-1.3427687808749522,2.206640064481813,-1.7109437383897896,-0.23907876681796542,0.3063696580183591,1.492389521889572,-0.453929800745483,-0.8489486470995333,2.423509205265029,-0.768481236534141,-0.20488018708178718,-0.1899719894068593,-0.36102800589344575,-0.31435842876047393,0.10091505461876639,-0.37065742653745837,-0.692221660059368,-0.34661353859074906,0.168610509579697,-0.782926996720587,-0.46259764664758896,-0.23683757499188154,0.8542806935333689,1.0424791459547995,-0.5749208249572998,0.0,1.0,2024-09-11,-1.779000039881784
0.3557046979865772,0.33582089552238803,0.0,0.0,0.0,0.2222222222222222,0.0,0.0,0.3333333333333333,0.42857142857142855,0.6666666666666666,0.0,0.0,0.0,0.0,0.3076923076923077,0.0,0.0,0.0,0.0,0.0,0.2508250131201111,0.38438419503993276,0.44865674118960075,0.3557458302093192,0.13207221194347418,0.20104756740542476,0.35338952304259363,0.18499833029240179,0.12833719860818227,0.26103687762275396,0.09561781713325102,0.08027614788613169,0.03929896937186972,0.025958285946602655,0.11860953252540829,0.06674771271177116,0.02681911257232672,0.5101024996383404,0.5019181543180598,0.612291259769118,0.7035656163139691,0.03929896937186972,0.02389786275428052,0.081676098127897,0.1776470326389813,0.3253673518300851,0.36180748796842976,0.18161939618206058,0.03079322900317827,0.7654536231721235,0.35381920671821376,0.4092632355170195,0.3298859188829202,0.5551358753935655,0.4785856302815555,-0.21951039109489207,0.6673466453623804,-0.37157079834157175,-0.45375184597317736,-0.3555999207832127,-0.05390439106221675,0.2628086995939364,-0.10786554958993737,0.14565994477091798,0.4355210667908629,-0.23488371221453583,-0.29712491243347855,0.298508921443155,-0.08067314383513295,-0.6072303345563346,-0.26042482820559604,-0.015157548525192006,-0.6006346440656569,-0.5386968797017311,-0.5873330596695892,-0.19915366771486662,-0.18202385547442723,-0.3381182649157908,-0.30479387499778504,-0.18509896090413494,0.8622222142282313,0.0466444492161114,-0.38071329305712237,0.5428865874828965,0.07017152138292806,-0.4470642330727784,0.6088816756741403,-0.49791282910133045,0.389745324790597,-0.3446223955743651,0.0,1.0,2024-09-12,-1.8396258506468088
0.060402684563758385,0.06716417910447761,0.045454545454545456,0.0,0.0,0.0,0.0,0.0,0.0,0.0,0.0,0.0,0.0,0.0,0.0,0.15384615384615385,0.0,0.0,0.09523809523809523,0.0,0.0,0.07576241221956607,0.07816309373686423,0.08645303914810933,0.09126832925675095,0.1337382853304665,0.12891251427714387,0.27790469399946804,0.2011557343856777,0.11430419473971953,0.19146769330912386,0.11107598875710578,0.08834350042037786,0.0414604417487523,0.02690952661776136,0.12138446734149066,0.07354524753049996,0.03147135694673753,0.5199486438014895,0.5102299722937867,0.6208782606399803,0.7027578491812377,0.0414604417487523,0.03041415046078344,0.07852740454147777,0.15605794588382793,0.3205254600445591,0.33579413046444195,0.20715175233765798,0.03473258641171256,0.7948352925684016,0.38559330630319444,0.5187077555991647,0.47270925889746473,0.5217928247328518,0.4317612328621638,-0.9330300726906535,1.7578878082809157,-0.6478130437925025,-0.9442067191221933,-0.5508217988071101,-0.784037671495511,4.585119532049831,-0.632152111015939,-1.2188620466382563,-0.39695380661505797,-0.47922593266242686,-0.4756064987173591,0.7299642987282038,-0.9620713632778195,-0.8813311731526503,0.19215727298644314,0.0973169720123898,-0.26494444382010335,-0.38797360886222454,2.0116091885558904,-0.026452560610734407,-0.16030495779301834,-0.14924875167550006,-0.21988395110453385,-0.09446787751975164,-0.20399888346176365,-0.16255618685418963,-0.3195040302307167,-2.572523877428999,-0.027820436491341836,0.7020153590966163,4.908846906906871,-0.4666902930575108,2.5887899771812473,-0.07382090878430697,0.0,1.0,2024-09-13,-5.5248738033151
0.22818791946308722,0.23134328358208955,0.0,0.0,0.0,0.0,0.0,0.0,0.3333333333333333,0.14285714285714285,0.16666666666666666,0.0,0.0,0.0,0.0,0.07692307692307693,0.0,0.0,0.0,0.0,0.0,0.14891334132880918,0.2829129886506936,0.3486477652434429,0.2135658009562556,0.1337382853304665,0.12891251427714387,0.27790469399946804,0.17366164555603986,0.1002711908712568,0.19662530804018577,0.12215591837819506,0.09280123373690474,0.043621914125634986,0.027903402317337345,0.12401184715441327,0.07929700776173221,0.035778990626747165,0.5270828084093798,0.5185069049131157,0.6204677517114074,0.6523435406773792,0.043621914125634986,0.03638189303542483,0.07602638316036259,0.15605794588382793,0.3205254600445591,0.33579413046444195,0.20715175233765798,0.03839056114820877,0.8120892944510743,0.38559330630319444,0.5187077555991647,0.47270925889746473,0.5217928247328518,0.4317612328621638,0.23743331881437071,0.4868649488349709,-0.6419341959053394,-0.8802421448919644,-0.3990992951924757,-0.44433885610783797,-0.25730461764257323,-0.683081608169096,0.9828880399257843,0.19100264734103772,0.16852576837507102,-0.4634903950477764,0.8827947200549988,-0.28584729591172386,-0.783052724838338,-0.7781242909871501,-0.5112046806750185,0.39453935918407884,1.7053426740905806,-0.15030863026565522,-0.179100781901316,-0.18560482897149516,0.1669555374093431,-0.26929718739234354,-0.21184059781531003,-0.34931523163125905,0.6281640216484247,-0.3462928947308117,-0.04327568462580182,-0.6722717242584588,-0.33378698635719833,-0.75447951026398,0.6483477542845332,-0.45177559740060136,3.5836488302489147,0.0,0.0,2024-09-14,0.0
0.08724832214765102,0.07462686567164178,0.13636363636363635,0.0,0.0,0.0,0.0,0.0,0.6666666666666666,0.0,0.16666666666666666,0.0,0.0,0.0,0.0,0.07692307692307693,0.06666666666666667,0.0,0.0,0.0,0.0,0.0819326747785255,0.08847204707860445,0.09537253281442204,0.09869836158261533,0.1337382853304665,0.12891251427714387,0.27790469399946804,0.17968165277108014,0.10040756733149392,0.19657447391053587,0.12541193062564782,0.09285039795949968,0.04732481995865301,0.028897278016913774,0.1266623141223543,0.08416388180354406,0.03976754033046026,0.5320109016892708,0.5262526701726095,0.6142173083652,0.6523435406773792,0.04732481995865301,0.04291084416476787,0.07610406560483796,0.15605794588382793,0.3205254600445591,0.33579413046444195,0.20715175233765798,0.04178725197495514,0.8120317717046112,0.38559330630319444,0.5187077555991647,0.47270925889746473,0.5217928247328518,0.4317612328621638,1.7279597769909307,-0.8386358553712677,-0.8875565874743434,0.5377280594201461,0.37540223255455935,4.077869245696952,-0.23708249347733565,-0.6819824885814579,-0.45978319868068523,0.07746356004155054,-0.5717612948721714,-0.29589466440236545,0.6330607188154261,-1.5817472452266552,-1.0091546539981608,0.002746084995807659,0.18599809590332808,1.107005169281886,-0.3475299548283514,0.4900914694846564,-0.12538058905395363,-0.13136613852932588,0.3585049733268938,-0.29747718446428195,-0.14710356943569466,-0.11631101587291065,-0.43381665640551015,-0.36435584011411426,-0.8535177802961218,0.5733461072175643,-0.15607201462247916,0.20420472269587694,1.6231535770447425,0.37018347031980514,-0.3325816071903867,0.0,0.0,2024-09-15,0.0
0.22147651006711408,0.19402985074626866,0.0,0.0,0.0,0.0,0.0,0.0,0.0,0.0,0.0,0.0,0.0,0.0,0.0,0.0,0.0,0.0,0.0,0.1,0.0,0.10191745490924559,0.19980033627574612,0.125542437878267,0.20349162354502884,0.12155503431215009,0.09896166226334555,0.24823716352337577,0.2017780402404288,0.09498923301789497,0.16657771265830787,0.12434502732063057,0.09942638155935535,0.051133957971138955,0.029558598759998556,0.12913661890646477,0.08598564610783288,0.042207468709557494,0.5308008686865391,0.5321732441208779,0.5927396051977013,0.608478959110031,0.051133957971138955,0.04589948266206623,0.08058521237389693,0.1351461740540143,0.33810851629641187,0.35498575483971073,0.2071517523376581,0.04494132202836254,0.7651386200434831,0.35659118059467687,0.4689851987825834,0.4057896691744517,0.5348685417413708,0.4506272586615934,2.0072037132792366,-0.5946921348411122,-1.3587022397941553,0.9568550147087677,2.0291599638210336,-0.7947100886350903,-0.3683831674505612,0.4033323690262781,-1.4782812556441849,0.3176617419967763,0.3014301356189084,1.5557701933724588,0.4360748845377532,-1.2398735470024902,-1.249504206139443,1.4403656256440647,-0.1422548177098175,-0.6544123649745354,-0.4345782502690589,1.458737044254823,-0.11705599203167863,-0.18333412697846027,2.498046654051601,-0.3287749690650683,-0.20425048226905346,-0.1373366760080046,-0.5527848430238862,-0.10834964652694004,-0.5107551349368876,-0.500678858509369,0.34442632572137616,-0.31432753776502353,-0.4603259834882787,-0.28174613767258844,-0.369746887252077,0.0,1.0,2024-09-16,-2.2984052403360544
0.36241610738255037,0.3731343283582089,0.13636363636363635,0.0,0.0,0.4444444444444444,0.0,0.0,0.0,0.0,0.0,0.0,0.0,0.0,0.0,0.38461538461538464,0.0,0.0,0.047619047619047616,0.1,0.0,0.20367314465956082,0.47175283732660783,0.40280433397068194,0.4362209466684694,0.12533843025983726,0.17071426099195866,0.21040293765563267,0.22725303167177566,0.09667573611569358,0.24259330459422176,0.12281185275861328,0.10644895685260547,0.055929527253304356,0.029157825734063558,0.13166562922782743,0.0882402523089858,0.04485582300209545,0.5305010726375272,0.5368413124345028,0.5780009068097337,0.6200446443314248,0.055929527253304356,0.04742920912668647,0.0888631784764633,0.12396601241924865,0.386121777572547,0.31066467561047917,0.3232578808065665,0.06531979034064883,0.7294237778902273,0.3922340632723955,0.4205812809434577,0.34362666752364046,0.5533561080884556,0.47682955217313416,-0.17552047202130114,0.594425961816855,-0.3496289937557865,-0.8998978049941929,-0.44664460233903003,-0.23208119637973362,-0.05808635292206659,-0.6511962620647588,0.7321055863568403,0.8815250018226449,-0.18157990381941175,-1.183527171794292,0.2355205479908117,0.000369483491405256,-0.20649400740348836,-1.0721956067109222,-0.5702497648252419,-0.6452425300602428,-0.5578824210488225,-0.8498137418887478,-0.22609559963626394,-0.19107433382258251,-0.5888547988364287,-0.12163362944071493,-0.21265914986928275,-0.3860049798189543,-0.4635046270849083,-0.3991206588307711,0.6816560226951719,-0.1414315947247056,-0.4931923220105373,1.472483229685848,-0.5370661727392549,-0.40614499355028244,-0.528686320103875,0.0,1.0,2024-09-17,-3.000049396705473
0.5369127516778524,0.5149253731343284,0.09090909090909091,0.0,0.3333333333333333,0.0,0.0,0.0,0.0,0.0,0.16666666666666666,0.0,0.0,0.0,0.0,0.07692307692307693,0.06666666666666667,0.0,0.0,0.0,0.0,0.29684652523790506,0.5087221521647751,0.5678335961196816,0.3771463513563343,0.12301285514620797,0.23560229357268944,0.2109787571210071,0.23291142005053236,0.10668649512815975,0.3069823400135928,0.1203698435730236,0.1131970214833522,0.060464939674078844,0.02959175869512476,0.1343462097430409,0.0897096600273406,0.047068793483127536,0.5287348623128975,0.5401728511132641,0.5622734668446071,0.6513597144103646,0.060464939674078844,0.04758100706781421,0.09822101915211312,0.11702807978801955,0.3660798080763747,0.2755292859352769,0.3452245933370153,0.0875440497166442,0.6782019137561137,0.35058574438451195,0.4061314993836459,0.3260838330906343,0.5634898026255626,0.49227626128745083,0.06222220549902333,0.350909300216082,-0.3610879466214331,-0.4813267751171637,-0.4908311441933947,-0.24711085971659383,-0.12162476711371731,-0.5989546925815269,0.4153965913536025,1.996158507543295,-0.33532566986540446,-0.736676087433575,0.14390243583658086,-0.34517392493685256,-0.29957928463315936,-0.4556532164095702,-0.3145173369852629,-0.4772946815829103,-0.5474903925222783,-0.8377022428635196,-0.2141750910358658,-0.20064449657160224,-0.561195715227758,-0.2968040563053929,-0.20672378026222094,-0.33822081525795783,0.5694966764522269,-0.4004783797633451,1.229030424635034,-0.6376113274704175,-0.46427567154176663,-0.17548650993683845,-0.5353568163779603,-0.38620019521523213,-0.3554127125996122,0.0,1.0,2024-09-18,0.0470715373136254
0.16778523489932887,0.16417910447761194,0.045454545454545456,0.0,0.0,0.2222222222222222,0.0,0.0,0.3333333333333333,0.0,0.0,0.0,0.0,0.0,0.0,0.15384615384615385,0.0,0.0,0.047619047619047616,0.2,0.0,0.130335912676,0.1887452711223203,0.2376841833102725,0.21592571196794455,0.18104826560102638,0.3779953159430991,0.2381563682665213,0.20542875126127202,0.13175834142251674,0.4419169662411936,0.1311415706185579,0.12452573623892227,0.06692768561213536,0.030714487856700168,0.1380230361866791,0.10189180848644808,0.055087381592035856,0.5474092707552083,0.5470981734659564,0.6045628523584303,0.7084620696711681,0.06692768561213536,0.06324337972919247,0.09331818267034486,0.1469656038612588,0.4282363256185439,0.2145419750014858,0.5007560773016009,0.13155582124154702,0.7848058833445093,0.4054126445701751,0.4887643642699728,0.42516167459926435,0.6222941168972314,0.5725019015589363,-0.40277183178356646,0.08244603310582428,0.30449719241913725,-0.43269087591837824,-0.481793302497162,-0.2557508494812606,0.945005430047253,-0.6528330399684208,0.2833960177582121,0.704688475847414,-0.2939683507689961,-0.8410505249191262,-0.2277659425172438,0.4886692311426039,0.7023299028113177,-0.6776070952402639,-0.418094805341816,-0.23447905185459636,-0.5421704828636749,-0.5577648229190784,-0.1851013365913017,-0.1906479166869079,-0.7434206256251618,-0.32065125005522777,-0.1724383849291922,-0.29315787506589963,1.0247773466770376,-0.35898387727005604,0.869013703471812,-0.7102098103126968,-0.3401577525807767,-0.43379223414215873,-0.3455107426550609,1.7605263299727687,-0.21505393169997727,0.0,1.0,2024-09-19,2.2206439951419688
0.08053691275167785,0.08208955223880596,0.0,0.0,0.0,0.0,0.0,0.0,0.0,0.0,0.0,0.0,0.0,0.0,0.0,0.15384615384615385,0.06666666666666667,0.0,0.0,0.0,0.0,0.07106360186637971,0.12316099201345104,0.17333681080681337,0.11762374168807385,0.16136760489596857,0.3617539831789287,0.2394900246386511,0.1662765249593946,0.15503510625919503,0.4118191223744746,0.13743232548912476,0.12947513678863387,0.0721611876509557,0.03274108656006758,0.1410825418036089,0.10849027122256694,0.0604876409918742,0.554114538861628,0.5541680677565685,0.6062640839772186,0.5634011323098072,0.0721611876509557,0.07095606318178893,0.09521676090765951,0.13516196191813912,0.392395546978955,0.18846760860593975,0.5007560773016008,0.1724238948003854,0.8170587775918458,0.35208889194507265,0.45497504738347955,0.38455705392249795,0.5732602612483142,0.5009873499762577,-0.194479493910252,0.7542218508682106,-0.46994549284371345,-0.9257724501587998,-0.32815523389595463,-0.03825246107435105,-0.14050771958209515,-0.6638512074548449,0.7684140771826814,0.6736453997461532,-0.23433791690924322,-0.878382427816106,0.47697419995296364,0.00552129253210471,-0.23368889614931057,-0.7562687661130725,-0.5733121299346539,-0.6575930141125415,-0.31325195320245747,-0.8568945487997683,-0.22155243505716055,-0.20533072311234762,-0.38966939492209746,-0.3587320119203006,-0.22405785116156654,-0.3829649759960319,-0.8064405586596496,-0.39100900223306684,1.3764614112263427,-0.9043150561565608,-0.49526128016697957,-0.2967528419920619,-0.5447843184499126,-0.4558559127553044,-0.6821573820786941,0.0,1.0,2024-09-20,0.1066038748790187
0.5637583892617449,0.5522388059701493,0.18181818181818182,0.0,0.0,0.0,0.0,0.0,0.0,0.2857142857142857,0.0,0.0,0.0,0.0,0.0,0.15384615384615385,0.0,0.0,0.14285714285714285,0.0,0.5,0.19474471317626674,0.2416456494325347,0.308098505081571,0.2466368195282636,0.16136760489596857,0.3617539831789287,0.2394900246386511,0.12156623203314001,0.1783118710958731,0.3990452096217918,0.14649701207021038,0.13362148627571102,0.07739468968977647,0.035638393424404335,0.14388206937549086,0.1140735858454367,0.06548788117690996,0.5583985482107119,0.5608012709828543,0.6011253782438445,0.8476628582890291,0.07739468968977647,0.07737959464291921,0.09863745257701106,0.13516196191813912,0.392395546978955,0.18846760860593975,0.5007560773016008,0.21037282024787834,0.8648186938200397,0.35208889194507265,0.45497504738347955,0.38455705392249795,0.5732602612483142,0.5009873499762577,-0.6023946364853506,-0.4268865546974115,0.9305655950693044,0.23514613089885664,-0.45026904315875493,-0.332855242873243,-0.26989765685123335,0.16197668853779273,0.08007709752281968,0.0451535439514359,0.5483947659561709,-0.32179718245758904,-0.17914443776495917,0.26467167476194015,0.09452239025046424,-0.699360453316804,0.38623511348093237,0.741112789494119,-0.41440253207626476,0.9652560978259364,-0.0297651692753038,-0.16117264368010242,-0.0762524126377894,0.4187965495721378,0.8415684950823349,-0.22759497131813192,2.186768523526645,-0.21691812565498317,-0.7461487616479818,-0.009756753995069128,-0.21455427254311113,-0.18208737805954683,-0.46621630040296336,2.6231835782371524,3.4296111321490317,0.0,0.0,2024-09-21,0.0
0.5033557046979865,0.46268656716417905,0.0,0.0,0.0,0.0,0.0,0.0,0.3333333333333333,0.0,0.0,0.0,0.0,0.0,0.0,0.23076923076923078,0.0,0.0,0.19047619047619047,0.2,0.25,0.1491036977904706,0.23468894493484657,0.23773555507759114,0.22644390909426124,0.16136760489596857,0.3617539831789287,0.2394900246386511,0.06842745966508763,0.20158863593255139,0.38682152860833297,0.15470027980857814,0.13707951163922338,0.08262819172859703,0.038535700288741315,0.14690543904202136,0.11879792898786534,0.07011773320009129,0.5607367393385312,0.5666412324112196,0.5917910077748367,0.8476628582890291,0.08262819172859703,0.08260135722537187,0.10347708364571007,0.13516196191813912,0.392395546978955,0.18846760860593975,0.5007560773016008,0.2456111081634073,0.801645927986853,0.35208889194507265,0.45497504738347955,0.38455705392249795,0.5732602612483142,0.5009873499762577,-0.3371480579180719,-0.002332881118355796,0.3165002563225832,-0.3294615281921028,-0.4385664379871756,-0.23380486067644668,-0.1593352644660409,0.17215688017966327,0.2393896713745064,0.5121696128835289,-0.24143267514494413,-0.866269163963361,0.14076198830361095,-0.01971540070585336,-0.028659381583706532,-0.8412216080900419,-0.2672672187543728,-0.19285687857493108,0.24540718953375537,-0.19191815690470032,-0.1657270432306264,5.546464913886788,-0.11281237036971868,-0.05421148421421424,-0.1811723605688205,-0.37544715297438974,-0.5543908329937643,-0.39505162577532515,-0.40747421244340487,-0.4666302716538348,-0.32519677747555775,0.46807783453860924,-0.481986168120785,-0.2519160733688872,-0.39678634168423954,0.0,0.0,2024-09-22,0.0
0.31543624161073824,0.3208955223880597,0.18181818181818182,0.0,0.0,0.0,0.0,0.0,0.0,0.0,0.0,0.0,0.0,0.0,0.0,0.15384615384615385,0.0,0.0,0.19047619047619047,0.1,0.0,0.17805766146924706,0.3942307692307692,0.3184044719405713,0.284247901277056,0.20215205603582564,0.2870403913379559,0.2683071903492946,0.06465843758894704,0.20810014966981782,0.31191357904886585,0.17271901212910623,0.1451550665463136,0.09117002907740768,0.04254626266705863,0.15051852634371665,0.13048270676802987,0.07859973525168495,0.576097696366638,0.5748174132820693,0.6192821685157532,0.9011170564182848,0.09117002907740768,0.09498389546211361,0.10681869292032053,0.14122413977626525,0.38668358045690393,0.1843121210973469,0.5007560773016009,0.27833237551354134,0.8680330624502307,0.39849784546180267,0.5388165598721953,0.48719039194736313,0.6159378763501494,0.5572744692253271,0.6426970425308439,0.3749296435260075,-0.9232886229857173,0.1811416204630536,1.7389688170732025,-0.10415328705580924,-0.231301391739194,-0.6721517252799557,-0.06967443730887939,-0.04444321926098889,-0.4480583873043855,-0.36369405321574316,-0.020920695844347074,-0.4244855972429968,-0.6632671508126591,-0.15489842950787663,-0.2146516017822866,-0.29326974278764595,0.10228148791093405,-0.12206031744545204,-0.18923101218265398,-0.17323452150419208,1.717785082051038,-0.3078946151720576,-0.13168978903830028,-0.26027872632184046,-0.589627953026511,-0.3067285130116253,-0.2183644066663274,-0.23392413163126347,-0.43191757339047004,0.3224518054679808,-0.5127742780236603,1.1433055495387616,-0.5001207324541433,0.0,1.0,2024-09-23,2.30100510549478
0.23489932885906042,0.22388059701492535,0.045454545454545456,0.0,0.0,0.0,0.0,0.0,0.0,0.0,0.0,0.0,0.0,0.0,0.0,0.3076923076923077,0.0,0.0,0.09523809523809523,0.1,0.0,0.09994254715538158,0.17120638923917614,0.18910624979888802,0.12736912941407835,0.21697331396069053,0.29606123885229063,0.26261446921838183,0.05862265112423504,0.21309819710829614,0.3183184460212247,0.18089857197704684,0.15498012131184358,0.09872760525306401,0.047794196474710504,0.15434591975789747,0.14316341100520735,0.08797796030965599,0.5922089355102685,0.5850337274924426,0.6432891742575179,0.8947735114265633,0.09872760525306401,0.11143229231079343,0.10329000070564753,0.13013961906533733,0.4793136644071187,0.15210743212418953,0.6423997285244719,0.3300041545126969,0.9099261256095313,0.4457416851995255,0.5562881700252039,0.5075666738165501,0.644195901319986,0.5980303240044854,-1.2331062351585056,-1.8763154352979794,2.7706209380176405,1.4596206109039576,-0.5657501509860333,-0.7866539466941809,-0.3687806910804375,3.0991526285922872,-1.3583741921663222,-0.5380574805790491,-0.5896117822371797,-0.14869340175955256,0.1642068874787759,-0.27083870377942204,-0.07902775100578006,-0.44345431393887436,-0.33626363234097395,0.8754604864553563,-0.5443274162153752,-0.06821707120354165,-0.10828240375493216,-0.1861295294931063,-0.7327414331482757,-0.2913536045379519,-0.00958051154471825,-0.3373347415044438,0.43594456526988934,-0.3887237284539294,0.3933158970959525,-0.36227370323324776,0.363472357296969,-0.0038105012539674807,-0.4961279348709117,0.40527849029834734,0.23183594385645065,0.0,1.0,2024-09-24,-0.4443307065956636
0.09395973154362416,0.08955223880597013,0.0,0.0,0.0,0.0,0.0,0.0,0.0,0.0,0.0,0.0,0.0,0.0,0.0,0.15384615384615385,0.0,0.0,0.0,0.1,0.0,0.08230673981860467,0.09092055485498109,0.13506145700493566,0.09250205877653364,0.22651855807245824,0.1607502567001627,0.23109327418780867,0.04791460094782306,0.17846488816205786,0.20098787874415883,0.1957324036624566,0.1659318957732986,0.1045486278454858,0.05313592705574133,0.15783805125884942,0.15569237286026927,0.0976433289721852,0.6068390681868703,0.5965442715974272,0.6585188574890788,0.8653090895034847,0.1045486278454858,0.12777980484099638,0.09622879686763341,0.10496817285418858,0.4553715768624597,0.13806111632426893,0.642399728524472,0.37798509215477,0.9746019791462744,0.48046239178725614,0.5750782514858895,0.5308616466417293,0.6221851017853096,0.5611618267677413,0.8896079371561915,0.041990713942472065,-0.8660732679393864,-0.8498339787491771,-0.6046802427002502,-1.0644571298890324,-0.5885668678949618,-0.6976235576888897,-2.955999947715637,-1.5993073232510042,9.150907102265188,0.7285492810716802,-0.8710948671807367,0.41670791947311814,0.7749988927553819,-0.9797471257980741,-0.5953865409749565,0.36035962435473756,-0.575172161677601,-0.8641116156913985,-0.23698248406399616,-0.20371724449455667,-0.7878344812833873,0.08541195526233707,-0.2237389608262304,-0.41474881595477897,-0.08278525905847534,-0.41139364963308256,1.125995473458146,-0.9784913967291755,-0.5090841868399577,0.03924776731007175,-0.5250046788480389,-0.46967528607945896,0.08095556590917266,0.0,1.0,2024-09-25,-2.471286492552649
0.32885906040268453,0.29850746268656714,0.0,0.0,0.16666666666666666,0.0,0.3333333333333333,0.0,0.0,0.0,0.0,0.0,0.0,0.0,0.0,0.07692307692307693,0.06666666666666667,0.0,0.09523809523809523,0.0,0.0,0.16729776517622566,0.28547709121479614,0.26225908193571074,0.23409364667707322,0.21679975251207273,0.17290976845068476,0.21073089231759723,0.052940417536862655,0.1497520007778368,0.223609548014117,0.20835341851500377,0.17717457313932705,0.11397717126601259,0.059053709768718154,0.16131914194267527,0.1644619532023779,0.10559306487069775,0.6132582502608578,0.6072170800365305,0.6486609111719099,0.7983074979074564,0.11397717126601259,0.13634042451567474,0.10594754643816584,0.1056566222490285,0.48165585362443003,0.10901699928536307,0.7119002503490036,0.4329841126088894,0.9078511823064428,0.4446163132432446,0.4678314630328378,0.3961510218472202,0.5729333821786062,0.4925175833954573,1.2117566220405465,-1.530484487175159,0.19143499686991727,1.5076711708456922,0.3541851659128071,4.392661538952306,-0.03679075456643635,-0.7407401645333339,-1.5324639491372887,-1.4002901089060915,2.015457761931549,1.8323821261698732,2.129099922383128,-0.45167519735547357,0.2683105205387772,2.2461527581190497,0.26903610231411346,1.0913860286497747,0.24070148249902454,1.1631201893669771,0.17276937222270353,-0.12051272135758347,-0.5005190052057994,-0.17427623089761324,-0.1091131432421203,-0.2823929634060716,0.854135336134636,-0.09796233486150285,-1.04948599560839,-0.3717108654027191,0.6078384719397798,0.6891674943769256,0.006702979650364944,1.156507827643308,0.7436587868751374,0.0,1.0,2024-09-26,-1.6368787233629
0.1946308724832215,0.19402985074626866,0.0,0.0,0.0,0.0,0.0,0.0,0.0,0.0,0.0,0.0,0.0,0.0,0.0,0.07692307692307693,0.0,0.0,0.0,0.2,0.0,0.11369177494699259,0.19057377049180327,0.27373869609422147,0.1805116827886282,0.23845886543352401,0.19509500790290388,0.16360690313221893,0.0828762497921478,0.12349114812211393,0.2569286416435308,0.22590586751958464,0.1905272984158406,0.12475853168900486,0.06489190545685986,0.16511340984220102,0.17596478491122847,0.11518179490724267,0.6243837818794742,0.618293333912539,0.6534084032758007,0.8287798638705155,0.12475853168900486,0.1473061604624044,0.11567125842054604,0.09022527907716094,0.44771487817128036,0.09123149135447439,0.7119002503490034,0.4840546316020003,0.9209097805344182,0.48251565238152416,0.533267360864264,0.4733163343562455,0.6662066454326436,0.6273945234424586,-0.011982109620280216,0.5528803458902748,-0.46629549978688234,-0.4421744803961197,-0.4630854754038525,-0.21408281422112985,-0.20799400221038594,-0.6835078824715624,1.2307474106193153,0.2727962275707699,-0.42182966952294837,-0.45476343709123973,-0.13836640184760646,0.15730086462177312,0.12200958534855258,-0.44892584637331706,-0.6259588919040798,-0.623428139699249,-0.6012188266246906,-0.934307949492552,-0.2451757296348513,-0.2083941666386236,0.8235858387845308,-0.3713366015992346,-0.2331125435683503,-0.42985622550015035,-0.8935025723898303,-0.41327984470956164,1.2179820776892154,-0.9904367546491358,-0.5458067956559393,-0.3603940582456531,-0.5250151723685972,-0.48495220607703493,-0.7517297200263265,0.0,1.0,2024-09-27,-3.851214180841112
0.2684563758389261,0.2462686567164179,0.13636363636363635,0.0,0.0,0.0,0.0,0.0,0.0,0.0,0.0,0.0,0.0,0.0,0.0,0.07692307692307693,0.0,0.0,0.0,0.0,0.0,0.16049103535646977,0.2711118116855822,0.3342873804406794,0.20809467913814084,0.23845886543352401,0.19509500790290388,0.16360690313221893,0.10335655455735075,0.09723029546639117,0.2683710736701522,0.23417234825979372,0.20415453435485698,0.1355398921119969,0.07062019642388828,0.16907279834261202,0.18569795020333268,0.1240602486447846,0.6313301715527257,0.6287389791757334,0.6459877978205848,0.824075752254077,0.1355398921119969,0.15454998265110453,0.12978946768600996,0.09022527907716094,0.44771487817128036,0.09123149135447439,0.7119002503490034,0.5314772563813175,0.911185588384951,0.48251565238152416,0.533267360864264,0.4733163343562455,0.6662066454326436,0.6273945234424586,0.2594174244729582,0.2985318391482492,-0.49979436182127157,-0.035993203938565345,-0.25852446104858867,0.9791964578560021,0.29726303560801626,-0.10643311911353467,-0.4786169678426062,-0.1569768402403072,0.5436789076464946,-0.022370528937235956,1.1356755161553003,-1.4601172150556077,-1.3268973258031351,0.10363165278866263,-0.1412025435783666,-0.012575130840789615,-0.32854209027059206,-0.15473887760696936,-0.17605939085905037,-0.16025425919265246,-0.10093468194559609,-0.2987983654864278,-0.18024883684310883,-0.3676576231011153,-0.6233365635305289,-0.38009448368761795,-0.3882580953506635,0.5739925922938951,-0.3588926206342599,0.7160763225782184,1.9622894615861335,0.06397872288642865,-0.5377493725751284,0.0,0.0,2024-09-28,0.0
0.12751677852348994,0.09701492537313433,0.0,0.3333333333333333,0.0,0.3333333333333333,0.0,0.0,0.0,0.0,0.0,0.0,0.0,0.0,0.0,0.0,0.0,0.0,0.0,0.0,0.0,0.10628695182662753,0.3003152585119798,0.20899728519968094,0.18476904829213733,0.23845886543352401,0.19509500790290388,0.16360690313221893,0.11763599221853063,0.09949023001971691,0.267362221415418,0.2390642652414663,0.21093127603151496,0.14512019011792232,0.07634848739091693,0.17295991570804425,0.19393370545049793,0.13228103914250844,0.634923143580198,0.6379151405877286,0.6310493104607683,0.824075752254077,0.14512019011792232,0.16151973265289588,0.14170568118512628,0.09022527907716094,0.44771487817128036,0.09123149135447439,0.7119002503490034,0.5755125508192551,0.9665009121486814,0.48251565238152416,0.533267360864264,0.4733163343562455,0.6662066454326436,0.6273945234424586,-1.0319796007595323,-1.456670326758167,2.2206048486625436,0.8725537447292481,-0.5613548105518761,-0.5420530344445409,-0.3419280700289749,1.3956588411156885,-0.0654230590679406,-0.20556323726153483,-0.6106854032818515,-0.23886274009709063,0.4381631641053393,0.6645033023960056,0.30449442312024566,-0.31646895363007094,-0.5009589056906031,-0.8456713241722794,-0.5754489312743684,0.24526156236405203,-0.0854433551098176,-0.19379517707604052,-0.7838614230275112,-0.28149535557874716,11.633287411709762,-0.07173102242603056,-0.7408794283002915,-0.3793444612981142,0.31387780867437515,-0.8028214654643533,-0.41977084369266465,-0.3106641089113029,-0.5098435797143779,-0.3216309396676372,-0.5378782431374343,0.0,0.0,2024-09-29,0.0
0.21476510067114093,0.2164179104477612,0.0,0.0,0.0,0.0,0.0,0.0,0.0,0.0,0.0,0.0,0.0,0.0,0.0,0.0,0.06666666666666667,0.0,0.0,0.1,0.0,0.16451181566662865,0.2818200924758302,0.2991389301462515,0.24422159810223826,0.24252000206981417,0.2511514011790902,0.1635394832673811,0.12579440370917927,0.10064716655429473,0.3264442850981555,0.24270753852309102,0.22051049718045324,0.15280784637831124,0.08218763145580577,0.17690575456723934,0.20166788470667574,0.14031061204327266,0.6372990548705769,0.6457980734605534,0.6158314105501048,0.8302173490691465,0.15280784637831124,0.1709610649804265,0.1467238260481023,0.08650138222141346,0.4518830480869633,0.09341566603133378,0.7119002503490034,0.6164024670830541,0.9493709930971427,0.5256030528710731,0.47513876350915407,0.4026473102925012,0.6503342224872626,0.6004692847646942,-0.3022903682614941,0.332274282080962,-0.004983912827306134,-0.6898315416356444,-0.48667206206356217,-0.23255157256692888,-0.12591050142028248,-0.5711380908155259,0.700406122933836,0.7868223802406863,-0.06901643703851984,-1.1583449609381515,0.2619763877892271,-0.08647304973107557,-0.2862676687457318,-1.0671021675651196,-0.4878363201403102,1.2147052327985135,0.13519290267441741,-0.7047117839089904,-0.2212472754793521,-0.12797626706192497,-0.6260500061578018,-0.3370618656584149,-0.21358975105764078,-0.15252725173421933,-0.7301885764502337,1.1800151234402658,0.44710625316654223,-0.5476394562655192,-0.48735277328961385,-0.60765116650422,-0.5123630680866513,-0.3956271078109369,-0.5925802976127637,0.0,1.0,2024-09-30,-0.0057305947512187
0.6442953020134228,0.6194029850746269,0.09090909090909091,0.6666666666666666,0.3333333333333333,0.6666666666666666,0.0,0.0,0.0,0.14285714285714285,0.0,0.0,0.0,0.0,0.0,0.07692307692307693,0.0,0.0,0.0,0.2,0.5,0.32416256939065935,0.623097940311055,0.6692561424544754,0.5115721677995059,0.22998957519074392,0.2897539139564129,0.15962063174736074,0.13027970936535432,0.10310117775323124,0.3661457265947793,0.24571065052738938,0.22861062794703235,0.1592879332401297,0.08792255383158099,0.18067041129696604,0.20585039290930474,0.14645651794480408,0.632765524288544,0.6510702100408605,0.5851092021675479,0.8235493466605346,0.1592879332401297,0.1766730146782718,0.15360600859153284,0.11159951256403322,0.36753950864962565,0.25613698443160926,0.3736153441574636,0.6035305482517344,0.8997891112259921,0.47894296079547694,0.4318443306823625,0.35456958661295584,0.6012640099936983,0.5297855818872468,-0.1376920108913534,-0.18141413037884752,0.2851073388037667,-0.3087769337760908,-0.3292615784469249,-0.012485997255983977,-0.24255388766888406,-0.5380178365492383,0.027942615760027188,1.8978301416013486,0.13267408957374804,0.11955743781808582,-1.0407284506694532,1.190783694683875,1.49677004736481,0.3007470407143443,-0.2795261982436295,-0.2354644583684129,-0.5525021673175601,-0.06546234630141264,-0.20139892967214054,-0.1884265704277683,-0.7172304035048984,-0.28709001815614726,-0.19398515834581256,-0.36410154441780596,0.049015898530083146,-0.4044823671091821,0.5499538179008304,-0.3259476882805783,-0.4304516437380132,0.16385982702692112,0.1945719719130346,-0.0009742941831292354,-0.34720292869718045,0.0,1.0,2024-10-01,-0.3331160188364435
0.5503355704697986,0.47761194029850745,0.0,0.0,0.0,0.2222222222222222,0.0,0.0,0.0,0.0,0.0,0.0,0.0,0.0,0.0,0.3076923076923077,0.0,0.0,0.14285714285714285,0.1,0.0,0.2555818708440596,0.35880622110130306,0.4837989817099573,0.30683452353150853,0.1987504740896906,0.32774726859489833,0.18580413883798408,0.12483324998679118,0.11710472583645348,0.3983562925859906,0.23666968389567877,0.23302329822738588,0.16345262304314156,0.09182510679658262,0.18400495096676017,0.2035013368103713,0.14893390736507905,0.6161849209252814,0.6515054762802895,0.5281919547523628,0.6841440071759239,0.16345262304314156,0.17746665953037066,0.16142645890626328,0.1396288926833935,0.30141046388806586,0.3552419054975817,0.15601550441094586,0.558874786870458,0.747255807221238,0.4287665551776616,0.36728760933746274,0.28515256983119386,0.5614558145180194,0.4792685694322531,1.3738348131500178,-0.8729533872194035,-0.5275981757069201,0.7826377666622462,0.016989285778469757,2.71756705252945,-0.15602051209199622,-0.6734913078155376,-0.3096525244723153,-0.16226126255887907,0.3612542136494884,0.2830819602093979,-0.7248958244914355,0.5677258566529542,0.9820190265622512,-0.013528768288371911,-0.5676868503894251,-0.806654009479485,-0.5402652654499683,-0.8764372787937558,-0.23206159190489842,-0.2036738263805168,-0.6836072473940358,-0.3585371967822628,0.0029978667551680254,-0.34348205548532446,-0.6726853263087437,3.0612088124013423,0.6061106664140958,-0.9425023252203916,-0.5248624658156057,-0.40043402346143386,-0.4855660652511126,-0.39999582660883054,-0.5967382809818412,0.0,1.0,2024-10-02,2.2331281424443183
0.3355704697986577,0.26865671641791045,0.0,0.0,0.0,0.0,0.0,0.0,0.0,0.0,0.0,0.0,0.0,0.0,0.0,0.0,0.0,0.0,0.0,0.0,0.0,0.09873160549623206,0.20667297183690628,0.2276390269622745,0.15196689978982042,0.16973276886228117,0.25128696193915345,0.20963849168638582,0.10150627059351708,0.1306302231020704,0.31188790674595346,0.2210218491484055,0.22919652869079354,0.16570081988727792,0.09554669617787626,0.18668051230215477,0.19604427222410115,0.14824301577431975,0.5911484739938794,0.6461422605628087,0.4599590667659559,0.6008018960034968,0.16570081988727792,0.17631476806822133,0.167514018212644,0.14561199451482965,0.25916572798284404,0.38744307776031883,0.053424998774320054,0.5019903082253072,0.49250660411640346,0.38566660843782863,0.3367397684547416,0.25153855284863,0.5249891788507356,0.4337722118768092,-0.8593661114638103,-0.038739561566540355,0.8350569631831023,-0.3707506881943475,-0.4541776306450549,-0.6332809150771211,-0.2650576649731744,-0.5486898148867346,1.2437450822515286,-0.09754061407424283,-0.12578511520512037,-0.378165069352304,-0.41376137129581014,0.16211773733213156,-0.5155268428028679,-0.8146950578348445,-0.5206066515604892,-0.5790375547276843,-0.1912565628487954,-0.745870067724042,-0.15873045991236712,-0.17728032433679955,-0.6831487893532601,0.07697847993312272,-0.17058694245805142,-0.3976607952257502,-0.7985257853109818,-0.38346557473510606,0.8573844902732448,-0.7240222227941444,-0.41164296253797794,-0.7699300994749264,-0.4573344740314403,4.5543704136519265,-0.6004848437960167,0.0,1.0,2024-10-03,1.9883715604294805
0.8120805369127516,0.746268656716418,0.0,0.0,0.0,0.1111111111111111,0.0,0.0,0.0,0.2857142857142857,0.0,0.0,0.0,0.0,0.0,0.3076923076923077,0.13333333333333333,0.05555555555555555,0.047619047619047616,0.0,0.0,0.3419016080851232,0.6939155107187894,0.7738569640640375,0.49835912437468505,0.2024297437609106,0.28499832712253537,0.1616718453141468,0.07208023650457489,0.14788168592928375,0.33801077675240576,0.21281859346898513,0.22747980706468618,0.16999125289004502,0.09895183710471656,0.18937614959100435,0.19589733716537672,0.1509665229079944,0.581825514254784,0.6397248918003378,0.44755445687428846,0.5578005281489622,0.16999125289004502,0.17646245632960111,0.17636156825351712,0.1437505238020731,0.24342931091323367,0.34269822022806884,0.0829736863011717,0.45360990405190366,0.3684014952837066,0.43188656737581965,0.35421137860775065,0.2719473692550787,0.5574604965702082,0.47348847579086883,1.9939322341305639,-1.369382330466804,-0.6772935755795321,0.9814285441330461,1.586549199388629,-0.2027788925507487,-0.24160310919664513,-0.0782928128336349,-0.8954926176731164,0.001355982838514064,0.2781881994726074,0.7315353873898752,-1.096943834825372,0.5767617042693547,0.9918489553332094,0.5429611677944789,-0.5415401316177905,-0.8323578136185984,0.5366444753462623,-0.7933949445857612,-0.22446312330329718,-0.19597129330051052,-0.5669959676548327,-0.3454416909027581,-0.22093696422507647,-0.40580909357521716,-0.4039180820892293,-0.38476461209743573,0.7291812566037681,-0.8663586291828164,-0.48894138405761806,0.37086934610288996,0.3597703038926033,-0.29463304421588726,-0.5179737707281227,0.0,1.0,2024-10-04,-3.923583290823829
0.2684563758389261,0.2835820895522388,0.0,0.0,0.0,0.0,0.0,0.0,0.0,0.0,0.0,0.0,0.0,0.0,0.0,0.15384615384615385,0.0,0.0,0.0,1.0,0.0,0.25999379530897254,0.33194619588062213,0.4960220751822992,0.2886143512088398,0.2024297437609106,0.28499832712253537,0.1616718453141468,0.05270698995313419,0.16513314875649732,0.32964325634432423,0.20369068182711092,0.22463636574265444,0.1742816858928119,0.10216938303910228,0.1920190885550369,0.19577300750030258,0.15348828877250753,0.5732360006434994,0.6326315176849409,0.4395996511394108,0.6151361297876881,0.1742816858928119,0.17577789902596042,0.18619175817056943,0.1437505238020731,0.24342931091323367,0.34269822022806884,0.0829736863011717,0.4086852430337435,0.34724780858461346,0.43188656737581965,0.35421137860775065,0.2719473692550787,0.5574604965702082,0.47348847579086883,-0.4263004975507462,0.6011237839514524,-0.12149022580085413,-0.39934073049858826,-0.4299649353647783,-0.5278844550900776,0.34842246979790936,-0.30835614770805764,-0.2679327262285287,0.4352787384920873,1.0388578265507555,-0.2510072529791661,0.9477449865210014,-0.5876635686526464,-0.7225817495949954,-0.2802815692345871,0.3935532067111747,-0.8658315931322069,-0.2037234203953479,0.09707621973053293,-0.0938394498813481,-0.19657052254573545,0.4618498267532723,-0.20978686685096964,-0.17383693705076766,-0.3974332910445865,-0.8005303042677936,-0.4044867922900712,0.2381231369748603,-0.005340441190252709,-0.22425744757908378,-0.7763067710207987,1.4241242240316738,0.20617456036601686,-0.624038124939116,0.0,0.0,2024-10-05,0.0
0.3422818791946308,0.3208955223880597,0.0,0.0,0.0,0.0,0.0,0.0,0.0,0.0,0.16666666666666666,0.0,0.0,0.0,0.0,0.0,0.0,0.05555555555555555,0.0,0.0,0.0,0.19743359278093928,0.25886927280369904,0.3060001659703252,0.23014970685480401,0.2024297437609106,0.28499832712253537,0.1616718453141468,0.03912029637522227,0.18569494453928304,0.32002426027898023,0.19741574829542552,0.22294013129323131,0.1793330784594661,0.10538692897348778,0.1946389403640515,0.1956678054760086,0.15582325716557577,0.5653190105068389,0.6251507584161629,0.4350411463489018,0.6151361297876881,0.1793330784594661,0.17216078278110736,0.20108459353902775,0.1437505238020731,0.24342931091323367,0.34269822022806884,0.0829736863011717,0.3669694863740233,0.4454399400371394,0.43188656737581965,0.35421137860775065,0.2719473692550787,0.5574604965702082,0.47348847579086883,-1.4576285510141156,-1.0586646980347283,2.2739212447148622,0.5723092283830461,-0.41895701454450146,-0.9240726584169722,-0.2563114709809271,0.05902708192633927,-0.3973389924744212,-0.970677152063,2.48762971176059,1.3137896856924316,0.8256833946834707,-0.7316825904609389,-0.25862291920080394,1.5117379043417436,-0.55356206134085,-0.8229445138527683,-0.5129527902362105,-0.4486000191262073,-0.2307928960304743,-0.19720012324621763,-0.1546861577720035,-0.36277288831401366,-0.22660485621027787,-0.42270112257950304,-0.7119168068824576,-0.40109804041695496,1.3953467061417144,-0.8698001264206884,-0.5019939281486706,-0.7399530388584289,-0.5424872562051584,-0.41118987779837124,-0.6593315924919326,0.0,0.0,2024-10-06,0.0
0.34899328859060397,0.33582089552238803,0.0,0.0,0.16666666666666666,0.0,0.0,0.0,0.0,0.0,0.0,0.0,0.0,0.0,0.0,0.0,0.0,0.0,0.0,0.1,0.0,0.2196996237730467,0.32256200084068937,0.3698586598968839,0.28552157720719284,0.17032283541676785,0.17851160053993562,0.16397268025155132,0.03907469955410457,0.18655674940745737,0.21554325306203617,0.19094322891193383,0.21489736087028266,0.1821427811634867,0.1077280822692076,0.19679454637517024,0.1895271182422107,0.15468273780683295,0.546546067567844,0.6148835814516984,0.4022523357729626,0.5106725171547247,0.1821427811634867,0.16708401456689836,0.21298702547051862,0.13711088936935445,0.2482128284844069,0.3488434664275126,0.08297368630117183,0.32823342661856864,0.3295817059877895,0.3955220350594555,0.2969617062344989,0.211949943372036,0.5366120076238529,0.4488920278502224,-0.2933729855630126,0.7850499499975687,-0.40432283460239926,-0.8801504618377607,-0.4659046181817723,-0.26409062282757273,-0.10435805592321686,-0.59021900438941,0.7287724039274186,0.7211676691339199,-0.07387780620766979,-0.878132706830232,0.343769855945824,-0.113623918622966,-0.08579876836129212,-0.8620053150832003,-0.581021910757081,-0.7708578781347006,-0.5748032339074989,-0.9147372389589588,-0.23973837673985252,-0.20463308209076359,-0.6132496293447814,-0.3650030565102896,-0.22683675532787773,-0.39536797919450567,-0.5363378736328221,-0.40397690635426636,1.2099534601796855,-0.9456485954881424,-0.5385610378582157,-0.08848911396309687,0.4916801785746048,-0.4308263393085621,-0.4472732952206384,0.0,1.0,2024-10-07,0.1958899643134115
0.1342281879194631,0.13432835820895522,0.0,0.0,0.0,0.0,0.0,0.0,0.0,0.0,0.0,0.0,0.0,0.0,0.0,0.15384615384615385,0.0,0.0,0.09523809523809523,0.0,0.0,0.11958239402706608,0.12156368221941993,0.20875566853580868,0.1501385833159208,0.1830614618852543,0.11038453107514104,0.14189523064128196,0.04605877329069004,0.17271699334216373,0.15312901777565655,0.1939779594761003,0.20835825668918218,0.1858933861151092,0.1097916315232964,0.19913434495150206,0.18673219193961277,0.15493700066305194,0.5355067859862114,0.604151508508064,0.396781732344727,0.44232585784793876,0.1858933861151092,0.15953259703525124,0.22978982847284102,0.11532680540057016,0.22144258872804468,0.3184300991501997,0.0777014441477856,0.29147185850871876,0.2596909861890722,0.4255813558663277,0.3369595835350959,0.25296190801995333,0.5459829289096215,0.46020097482347677,-0.21607747741951497,0.5901364555545805,-0.3080936953299644,-0.909597401986546,-0.4731188849708371,-0.18261110410929682,-0.09984739439255529,-0.6643783352682728,0.7520268166855346,0.9044294422183293,-0.16427455818315065,-1.253136117983683,0.27094759251330586,0.005700243647078581,-0.20974364035560566,-1.150071550444787,-0.4287713329645205,-0.7011292866149788,-0.0034341019569933367,-0.7864127765335694,-0.15989520263659845,-0.15595160029175298,0.44914711760115406,-0.2931095879972076,-0.20639741881371418,-0.4068525703029904,2.3744681168345765,-0.39200962666322225,0.8338124537080744,-0.9220413965345209,-0.3704593592768705,-0.5362272557131885,-0.510402974001218,-0.07812860160188778,4.636288299825647,0.0,1.0,2024-10-08,-1.875969264963584
0.08053691275167785,0.09701492537313433,0.045454545454545456,0.0,0.0,0.0,0.0,0.0,0.0,0.0,0.0,0.0,0.0,0.0,0.0,0.15384615384615385,0.0,0.0,0.0,0.0,0.0,0.017540250771127433,0.031967213114754096,0.03214066154416758,0.02434887351122801,0.17108646341987221,0.1679909318504332,0.1381881102763507,0.0530638391354836,0.14950615335816675,0.21872215222584782,0.1868415950427501,0.2004056248421966,0.18527117709783603,0.11168179697917135,0.20069973171580202,0.18211014689332417,0.15394067696115576,0.5218212792717151,0.5924438498085837,0.3853016528869577,0.3580407956507851,0.18527117709783603,0.16003622657516337,0.2278868067555102,0.10512078359958033,0.21588094794640256,0.2857666691357992,0.112499693976307,0.2625659753093547,0.14658831461749158,0.3901905193485611,0.3674523448953943,0.28382163763299223,0.5358855912171616,0.44787169434196916,-0.21025990801036,0.30306076141636495,-0.06559921035845877,-0.5607699107132817,-0.41301545890066277,0.17330252172928207,-0.1533787158135626,-0.5642748314216244,0.6629461462269529,0.6109894421789087,-0.16798379153566678,-1.037201358112711,0.2323010743124345,0.009416623934370524,-0.17340668801863496,-1.0018912471365637,-0.531119799989243,3.0669704580342203,-0.4307567985662648,-0.6252749945104809,-0.20482207774930106,-0.17367058003373523,-0.6476693189591319,-0.27758078603827635,-0.16734087426589492,-0.34432487518026567,-0.6445788853429941,-0.37150989815131036,-2.5590294778165767,-0.560861435925907,-0.4259349312840677,7.537921529816559,-0.47646866850140907,-0.33235761768401567,-0.49073732161185474,0.0,1.0,2024-10-09,-0.3210244598905509
0.22147651006711408,0.2164179104477612,0.09090909090909091,0.0,0.0,0.0,0.3333333333333333,0.0,0.0,0.0,0.0,0.0,0.0,0.0,0.0,0.0,0.0,0.0,0.0,0.0,0.0,0.08132252881154764,0.17241488020176546,0.16268309659980998,0.1270510945316437,0.16317254862726216,0.2648886094350289,0.13341758126727044,0.06031947821712039,0.1388000592941132,0.32195112328044917,0.17790335858324158,0.19103945907751796,0.18538391295073275,0.11315034680612424,0.20107664960508276,0.17670753158966002,0.15220412714195786,0.507669666842918,0.5798493923384334,0.374866362817028,0.3063588424134538,0.18538391295073275,0.15984620750901146,0.22834822505473418,0.1068137689036247,0.18306464959579544,0.4134686307517845,0.07867294467868509,0.23064094707844301,0.17575263564903287,0.3458317299047504,0.40085711114360195,0.3203688221785555,0.4668749795631302,0.3636918027391085,-0.5819010486009104,-0.4114019414684948,0.8980769500083176,0.9771033765255076,1.3525007610335678,-0.626911951463681,1.0114139161206561,-0.30406773549653027,-0.96497003247873,0.4535758786269822,-0.3999187504467179,-0.09546746917393613,-0.8279188900852323,1.4957575594611539,0.49227504442078396,-0.5686161407499665,-0.5616048393623481,-0.8769174875311267,-0.550052468024131,-0.8511972438310816,-0.22717065434419784,-0.07970142798457236,0.169836913292129,-0.3277865968522982,-0.21947291680155873,-0.4118572406497831,-0.811043710122481,-0.34105303353209854,0.9595947009329197,-0.9741810192307796,-0.522612965224795,-0.6641177939709437,0.5511665357324671,1.5290159511636683,-0.645057912359116,0.0,1.0,2024-10-10,-0.4144426214301888
0.3221476510067114,0.3208955223880597,0.13636363636363635,0.0,0.0,0.0,0.0,0.0,0.0,0.0,0.0,0.0,0.0,0.0,0.0,0.15384615384615385,0.0,0.0,0.09523809523809523,0.0,0.0,0.18511755133057653,0.27746952501050864,0.18152298660777544,0.22495360070797332,0.0903853154197296,0.6083580419257704,0.2913318276058052,0.13637958002727063,0.16605609669403432,0.6514720831516857,0.15239263141400627,0.17456058569543442,0.18095039582444838,0.11382682712019598,0.1996417538578702,0.15841678731486253,0.14310929194544175,0.4701323159654518,0.5612106343067598,0.3037408361299714,0.2025853991457947,0.18095039582444838,0.17463716600254497,0.2015616020512454,0.1699312732218644,0.11865243535602937,0.69023986150814,0.4587939257659137,0.2581249841403625,0.1149129498917284,0.26968458620010693,0.233888275590097,0.13692931338346165,0.41130326540995377,0.29730961174777104,-1.259973005584694,2.325617332854783,-0.833142796204161,-0.9012827772085066,-0.5739028305292367,-0.5510910914737218,0.09175929852072517,-0.07138005068326525,0.918247653465757,-0.5879787506959444,-0.2534974594525191,0.2737714703912305,0.23157558874252848,0.7745169301000046,-0.48470485374925915,-0.02207157811614544,6.1847606338987156,1.5539563302238288,1.829856268674904,-0.4182548812610682,-0.045679021658653174,1.5265859049612394,1.0480196563070254,3.776523991067636,-0.02918167134118546,-0.0794421850390172,0.4268887494028356,-0.25753414381312373,-2.5215849732154956,1.8552974619443376,-0.2469178357223154,1.5660572536259736,-0.2831418515955067,0.7611093086237566,0.053250304872060075,0.0,1.0,2024-10-11,13.775990177097896
0.02684563758389262,0.02238805970149254,0.13636363636363635,0.0,0.0,0.1111111111111111,0.0,0.0,0.3333333333333333,0.0,0.0,0.0,0.0,0.0,0.0,0.0,0.0,0.0,0.0,0.0,0.0,0.03871683962873464,0.048171500630517027,0.08033302453820451,0.05369104831671972,0.0903853154197296,0.6083580419257704,0.2913318276058052,0.17701754028216,0.19331213409395565,0.6306331102814631,0.13419213458055324,0.16176917279957626,0.17651687869816401,0.11358806893708351,0.19820685811065786,0.14294000369772553,0.13468814824496422,0.4407103671123019,0.5395877584290286,0.2686256145527724,0.13098920077869372,0.17651687869816401,0.18522676571325536,0.1797355614138969,0.1699312732218644,0.11865243535602937,0.69023986150814,0.4587939257659137,0.28364587569785965,0.09728521590728727,0.26968458620010693,0.233888275590097,0.13692931338346165,0.41130326540995377,0.29730961174777104,-0.22808063975865336,0.5637282897776346,-0.2740910529017145,-0.9113447229799232,-0.4828243108383093,-0.22875084754194833,-0.1092437293738818,-0.6510148519106496,0.7785179653773329,0.921193221269465,-0.19641332051901378,-1.237294493108713,0.1962738531322563,0.000872984432867467,-0.2092527600301826,-1.1290386542031563,-0.12631277622160217,0.38820488009328036,-0.46883636896121944,-0.4371631696494727,-0.1974443487598098,-0.18085964206634167,-0.0061902229395897216,-0.3245389888853767,-0.15245876589360036,-0.1954179143097947,-0.3451560919017958,-0.3620008355870539,0.2893123523901589,0.16411198184744,-0.4455400997348419,0.4380665158359373,-0.5331056784176949,0.5373966330823473,-0.3764070121587374,0.0,0.0,2024-10-12,0.0
0.38926174496644295,0.3880597014925373,0.2272727272727273,0.0,0.0,0.0,0.0,0.0,0.0,0.0,0.0,0.0,0.0,0.0,0.0,0.5384615384615385,0.26666666666666666,0.05555555555555555,0.2857142857142857,0.0,0.0,0.31196754103446467,0.5533312316099201,0.3726632196775321,0.3230343293304982,0.0903853154197296,0.6083580419257704,0.2913318276058052,0.20433252890287928,0.22882592874186503,0.6050187873220677,0.11309125591500413,0.15240300703489773,0.16953598582577645,0.11334931075397103,0.19651449390830644,0.12984426371399493,0.12689079296674333,0.4179819320827975,0.5171045432421977,0.25850168278160324,0.13098920077869372,0.16953598582577645,0.19185330425668234,0.15723211866411158,0.1699312732218644,0.11865243535602937,0.69023986150814,0.4587939257659137,0.30734384642982077,0.053248723369074144,0.26968458620010693,0.233888275590097,0.13692931338346165,0.41130326540995377,0.29730961174777104,-1.5210338723517292,0.8424350613950188,0.6912585468705544,-0.27274941040988676,0.6209254413137434,-0.7091453768857094,1.5091488990775959,-0.4371127920183075,-1.3832742299270648,-1.063896327648732,1.8786593943312064,1.154586881477322,1.3339016324014155,-1.6942796918089267,-1.852710009489975,1.48406528460796,0.10619445781883118,-0.062016773011602626,-0.16751284859577636,0.3156953795267291,-0.10301759067962443,-0.1311687126120738,1.5044168524858974,-0.17592640328900136,-0.07465224679805574,0.6002504992084283,-0.22579929652066993,0.12729838897975645,-1.6909490491752814,0.8250116461325279,0.23154447398681768,0.8738275940385032,3.2404647676202663,0.19914190317001557,-0.17152405930186954,0.0,0.0,2024-10-13,0.0
0.2684563758389261,0.2537313432835821,0.045454545454545456,0.0,0.0,0.0,0.0,0.0,0.0,0.0,0.0,0.0,0.0,0.0,0.0,0.38461538461538464,0.13333333333333333,0.16666666666666666,0.23809523809523808,0.0,0.25,0.16989422298946122,0.17485287936107607,0.20641514823577498,0.1720968178074952,0.09510590081913861,0.28337563598186377,0.27044012368457104,0.21362102888096884,0.2274238461158371,0.30007441707373317,0.09579169509463015,0.1397345109473357,0.16192421016616032,0.11323940603285776,0.19489038641606304,0.11965301242653426,0.12015658052451283,0.4024435702583384,0.49557328897156067,0.2697037599881548,0.15053770367743946,0.16192421016616032,0.193434904409721,0.1393586593927535,0.15502149762972806,0.12633995666262765,0.7113813451118641,0.45879392576591377,0.329349104966642,0.06684589925002146,0.31575436385278977,0.29218177617291685,0.19609318173005336,0.37356535946444563,0.25882049395478346,-1.4556107661456916,-1.6455264005077306,2.7788578905689927,1.9104897381366541,-0.6029997131467224,-0.9790589143595819,-0.45860186419724636,2.576158056272559,-0.753919558469471,-0.8229313382013623,-0.40544650577870683,-0.012181588069677193,-2.468523316069198,2.8499037845883044,4.692358340261419,0.09853687078939868,-0.4554400462367838,0.006122439401759332,-0.2052877890641941,1.0981119360653482,-0.09381660796960867,-0.18227545944544907,-0.53015347188146,-0.29193283002278053,-0.1690101620272561,-0.3058344166256917,-0.5469918623958424,-0.36352641292573906,-1.3893329041289495,-0.24807388381574194,2.0549394298652524,3.802652862889553,-0.5006230953517785,-0.16224104198037909,-0.4381875264235559,0.0,1.0,2024-10-14,-1.601860716613146
0.3557046979865772,0.34328358208955223,0.13636363636363635,0.0,0.0,0.0,0.0,0.3333333333333333,0.0,0.0,0.0,0.0,0.0,0.0,0.0,0.07692307692307693,0.0,0.0,0.047619047619047616,0.0,0.0,0.10114149019599365,0.18901849516603614,0.18730936699256692,0.16509083199154365,0.09652903054888029,0.14895070203168084,0.26529089419693297,0.21554079176942542,0.2261196944121675,0.1739361536186879,0.08061803021485014,0.12723400095605153,0.153805131438694,0.11384198524548694,0.19328685648892818,0.11129788453823397,0.11406758222464553,0.3915372194018397,0.47586027894759725,0.2910997144702355,0.1395161303085961,0.153805131438694,0.19132402536509385,0.12477818634226512,0.13853642727196724,0.14758686935055831,0.6483385735480419,0.369840205322441,0.33641362888290577,0.09667767757057477,0.34938301278286765,0.27427070352897936,0.17796084515667007,0.35954530666943035,0.2453748610592891,-0.24427737366955243,0.5403442764396754,-0.23878838565390512,-0.828093597110937,-0.4500183141071092,-0.1927003703935158,-0.14596912283058813,-0.5432981616524954,0.757829684503673,0.7192002997462986,-0.2070129561361679,-1.0201642436981588,0.17520286483433276,0.1310001323964261,-0.004038566489479173,-0.9586948684793353,-0.5006233594079573,-0.011992399654948804,-0.5476131290518019,-0.7870366893226994,-0.21005411812726982,-0.19531563696942852,-0.4357699334327037,-0.3177005100096385,-0.06756248486438333,-0.26840375420359924,-0.5965545104032075,0.4205782409911971,0.4950727182945618,-0.764153403701853,-0.4919187319919316,0.799927187578448,-0.4910154043354905,0.08147889755405614,-0.5210411797873309,0.0,1.0,2024-10-15,-0.4012418742190826
0.20134228187919465,0.18656716417910446,0.045454545454545456,0.0,0.0,0.0,0.0,0.0,0.0,0.0,0.0,0.0,0.0,0.0,0.0,0.07692307692307693,0.0,0.0,0.047619047619047616,0.0,0.0,0.1696907329048061,0.17493694829760403,0.2551618746969207,0.1719308865644858,0.10263800161019665,0.07190604197191872,0.23901820993763367,0.20847216855725714,0.2149562068344435,0.10407721304586823,0.08340777120530307,0.11545459332066521,0.14667464746128578,0.11499029600239152,0.19170039054786503,0.10537961025904741,0.1090579916042751,0.38605866413624207,0.45884007786019915,0.3227869960558071,0.17803710038295595,0.14667464746128578,0.18829637751281147,0.11335896857811834,0.10888010102860024,0.1372850597868323,0.623340333848212,0.369840205322441,0.3429735439480079,0.14281400349817738,0.3758811204879944,0.3028954558807157,0.20845872064619847,0.355949526058602,0.24292181302268537,-0.8710497171275248,-0.8625690581024733,1.557421443950693,0.47040498249188306,-0.5512187097100909,-0.6215774738262573,-0.30657804024352686,1.6599605666872979,-0.4856066144894269,-0.0038452357085216288,-0.42757680754048666,0.11265773533182986,0.9249129735428556,-1.3427551719272481,-0.7841934145165227,0.1100720377361406,-0.4704339083610349,-0.8128428463386572,-0.3987178337670906,0.6726784070969153,-0.1787901732553171,-0.19897159065940812,-0.7250637062721306,-0.32029560397736895,-0.19447759294758746,-0.3864725500321608,-0.6885659172019707,-0.39242625594494746,-0.1856141800411562,-0.508012695906966,-0.10272913835557715,-0.3365938112615368,3.7910402914273895,-0.3587165679072854,-0.4890725710564175,0.0,1.0,2024-10-16,-2.055486013434716
0.4899328859060402,0.5074626865671642,0.0,0.0,0.0,0.1111111111111111,0.0,0.0,0.3333333333333333,0.2857142857142857,0.0,1.0,0.0,0.0,0.0,0.07692307692307693,0.0,0.0,0.0,0.0,0.0,0.3853426064999003,0.6255779739386297,0.6802993788532354,0.5584415983480623,0.10111074560398803,0.07859178328737729,0.19851227778463665,0.20082933662448077,0.2020796294436713,0.1137646560729024,0.08584978039089264,0.10728480490299841,0.1380959548603512,0.11642473751747129,0.18962057001658084,0.10008397488976162,0.10426238771653873,0.38216636001392773,0.444335986783197,0.3523949958351702,0.21626491111044438,0.1380959548603512,0.1799829778909967,0.10513539122522741,0.08262241114563373,0.1260476092534517,0.6212189895956675,0.39062273267367315,0.3521883173948935,0.17134789137708392,0.3487642423965447,0.31300476986987497,0.21893764858563713,0.3645213172483853,0.25087468527167145,0.14853364484535506,0.05902975441044327,-0.18952811538128014,-0.08136181984299952,-0.4258721208862298,-0.4358053879390461,-0.23501302924724737,0.706921050390952,-0.025470817449406144,0.22766842641438081,-0.23556815547731155,-0.3942525671260395,-0.0068572598997963695,-0.5032199185617198,-0.40199133586942404,-0.3659330322236262,-0.5274308374337394,-0.8526808588977453,-0.5464489264299266,-0.742063199975086,-0.2300606658972386,-0.19558839236669195,1.0441596636584813,-0.33360184861425696,-0.22651406271540406,2.373261246040348,-0.6490461301455401,-0.2384617108225643,0.942311932431306,-0.7350477731458003,-0.5046631150717582,-0.6384435443562761,-0.42864296309551503,-0.4852141972158894,-0.5275912793350848,0.0,1.0,2024-10-17,-3.2355535706352745
0.24161073825503357,0.208955223880597,0.09090909090909091,0.0,0.0,0.0,0.0,0.0,0.0,0.0,0.0,0.0,0.0,0.0,0.0,0.0,0.06666666666666667,0.0,0.23809523809523808,0.0,0.0,0.16326136504283562,0.2312631357713325,0.2500755052074601,0.21516058456962353,0.10045124387735094,0.07178547942360722,0.05255666671176629,0.2525864489227095,0.18845078190126885,0.1107270357008516,0.08814163156447785,0.09753350272316863,0.12947607012231555,0.11779096240880482,0.18748453681562383,0.09547874648118682,0.09975417718235513,0.37987128525503094,0.432209150977411,0.3803690403939688,0.26676984529601144,0.12947607012231555,0.1697324877905957,0.09911233527637708,0.05325127176525302,0.12121249314766674,0.6003474735092561,0.38333944779873597,0.35965028164878027,0.18390132855992433,0.322277292845925,0.4271743081609576,0.35240099932934976,0.34116670001224814,0.2287755141079648,-0.1779114142018418,0.36176467231684084,-0.14647049695135356,-0.8419085496648653,2.3866352616732693,-0.7372786983238927,-0.3544354479917156,0.16017879487393039,-0.8581196081461292,-0.6712011374990325,-0.18184500592990074,0.040365715763960495,1.026628700347369,-0.22831776208021454,-0.5201055852367931,-0.025884167767089076,-0.23324179160590675,-0.7998961712520949,-0.33974790563444723,-0.751062004732948,-0.20869225322215088,-0.19969311742711016,1.3995236811946372,-0.3194796571676039,-0.219189796334787,-0.39611656544667695,-0.41571830619226946,-0.38871355422907405,0.7922372271489125,-0.7554306268315183,-0.45978190097868,-0.1626684424164629,-0.5174183523034988,-0.43918006452353237,-0.5256762580163125,0.0,1.0,2024-10-18,-12.048554401742006
0.4832214765100671,0.49999999999999994,0.09090909090909091,0.0,0.0,0.0,0.0,0.0,1.0,0.0,0.6666666666666666,0.0,0.0,0.0,0.0,0.38461538461538464,0.13333333333333333,0.0,0.0,0.30000000000000004,0.0,0.3117844269821907,0.4120638923917612,0.5452542930708519,0.3794048599417397,0.10045124387735094,0.07178547942360722,0.05255666671176629,0.2919206739162366,0.1748219343588664,0.11433778275880727,0.08935868082255238,0.08919572820922439,0.12085618538427989,0.11841533260116843,0.18646419974305306,0.09158201475085448,0.09557990816922213,0.3790894220299392,0.42232932012018254,0.4068103810929986,0.08748582019364537,0.12085618538427989,0.1573568979457276,0.09559840384262186,0.05325127176525302,0.12121249314766674,0.6003474735092561,0.38333944779873597,0.36657924845596096,0.18015021813571547,0.322277292845925,0.4271743081609576,0.35240099932934976,0.34116670001224814,0.2287755141079648,-0.8497137827080351,-0.6997772799570485,1.3969311586014659,0.8521087172229069,-0.25021945630419845,-0.8160149112020865,-0.3534892233507255,2.459076982251807,-1.1548536458365595,-0.8472850186040164,-0.10438311044335141,0.1732078372828859,0.09135529478705616,-0.27833295855672274,-0.22163662457902142,0.006636676041408121,2.5321049725819234,-0.7623314494277702,-0.4249802908830153,0.27842298290554146,-0.13472297216545542,-0.1581980105720183,-0.17253405883375506,-0.31339425231096535,-0.16030317793640533,-0.35859807145990974,-0.015020438623656448,0.44469684642534085,-0.015192309913762445,-0.291350306771091,-0.19951162824728164,-0.0501316415196335,0.1867245575317649,-0.37517979880583885,-0.05101618394071666,0.0,0.0,2024-10-19,0.0
0.34899328859060397,0.3805970149253731,0.0,0.0,0.5,0.1111111111111111,0.0,0.0,0.0,0.0,0.3333333333333333,0.0,0.0,0.0,0.0,0.7692307692307693,0.0,0.0,0.19047619047619047,0.0,0.0,0.26019344799760896,0.44883354350567467,0.4524830910674658,0.3787273073661181,0.10045124387735094,0.07178547942360722,0.05255666671176629,0.32327794988069003,0.15499742580664688,0.11975986942668473,0.09025170616619094,0.08179211143543719,0.11198264415020798,0.11903970279353138,0.18508250393231196,0.08828478020980379,0.091714844268173,0.37950203351908257,0.41451958225324204,0.43116993315807783,0.08748582019364537,0.11198264415020798,0.14143682395836588,0.09573608779848952,0.05325127176525302,0.12121249314766674,0.6003474735092561,0.38333944779873597,0.3730132890626287,0.1804043698792554,0.322277292845925,0.4271743081609576,0.35240099932934976,0.34116670001224814,0.2287755141079648,-0.7478490346288077,-0.5997495785800097,1.2155287700013713,0.14471285333287415,-0.5310713464979566,-0.7178017161886601,-0.34425450000003216,1.4713261399633106,0.030237365514750633,-0.44877188182053673,-0.6660459381764563,-0.12220008016854479,-1.090350063385741,0.2925609819895315,0.5156106200761219,-0.4113503991674745,-0.3861401218950071,-0.8410720754208426,0.2643015661724107,-0.018691129683773084,-0.06903245577520298,-0.19059591202922196,-0.10300943279261913,-0.3416424978771904,-0.2202895543856304,-0.3935623201727475,1.292635903565058,-0.39371929866016053,0.4110732299374757,-0.600728365465319,3.3684150131737685,-0.17066683541307193,-0.4008922008564166,-0.46124059872343354,1.8472713127436398,0.0,0.0,2024-10-20,0.0
0.6442953020134228,0.6343283582089553,0.18181818181818182,0.0,0.0,0.0,0.0,0.6666666666666666,0.3333333333333333,0.14285714285714285,0.6666666666666666,0.0,1.0,1.0,0.0,0.0,0.13333333333333333,0.0,0.0,0.1,0.0,0.2283837590590921,0.29290668348045396,0.37625754981508985,0.3164247348172913,0.09402989398663308,0.05861647265133771,0.041786015599736714,0.34057309007404746,0.12945084406445195,0.11346037404691997,0.08829177751753492,0.0822223171385692,0.10349067270845336,0.11948879532557954,0.18360795942148245,0.08428448448365522,0.08747557923951765,0.37855118009749095,0.4080548789310545,0.44699745355255205,0.07880632479383429,0.10349067270845336,0.12648444713513984,0.0955335682980828,0.03169789975180182,0.1349232991627764,0.6342466652830641,0.3833394477987359,0.3789877553402489,0.16645438313474342,0.2970091447749734,0.4095379624500178,0.3301122703321609,0.33019762937854713,0.21763634838807455,-0.3135264330249113,0.7153042052660918,-0.3252909839432693,-0.7190523120126137,-0.2729062739462579,-0.4640349190441045,-0.19755270861492255,-0.5874299030565,0.3365968295563466,0.11007290481753486,1.005915801371186,-0.2593951001861263,0.5681135146796706,-0.35221573719677757,-0.5006595200072729,-0.18784165963384045,-0.38474706334702435,0.47752574948587156,0.35235460139514135,-0.08086472985269513,-0.2103271649618129,-0.058450619430915195,-0.5262658618271867,-0.2560326873892267,-0.18640109657795562,-0.348190073853772,-0.7086565086185362,1.1382697833379487,0.3012398282933866,-0.520206769871906,-0.3688220768308675,-0.692431112389196,-0.4482010255029039,-0.39074249251175563,-0.5821356817937747,0.0,1.0,2024-10-21,-1.0109114686666976
0.32885906040268453,0.3283582089552239,0.045454545454545456,0.0,0.0,0.0,0.0,0.0,0.0,0.14285714285714285,0.3333333333333333,0.0,0.0,0.0,0.0,0.07692307692307693,0.0,0.0,0.047619047619047616,0.2,0.0,0.12626719193952265,0.21922026061370323,0.26122430776543537,0.19959223933430845,0.09097538197421595,0.035194457583903466,0.0,0.3543524572880804,0.09711629775208364,0.09780792958663151,0.08598411706401576,0.08229196853784837,0.09675909613905043,0.11985451166289385,0.18208924857887265,0.0803238892185053,0.08323614573449456,0.3777460265256027,0.40269944096033955,0.4600505903971074,0.12195469987852056,0.09675909613905043,0.11737717658811386,0.09213143901787813,0.008348376203386243,0.11783062215291407,0.6080581010368048,0.3967070287939978,0.3865444991643691,0.14365453474055107,0.2739087218115124,0.40245039321916587,0.32122590966567016,0.3401134045358488,0.22614210118004058,-0.02502052961590232,0.25358925598049115,-0.19566314069262927,-0.6249920760878809,-0.3694407269123651,1.2519241601594402,-0.16995532833970298,-0.4264305690104596,0.2751070518681259,0.4894419354228356,-0.23668478165287654,-0.5903797716616492,0.26132120497419814,-0.34112735962098417,-0.25771792789092773,-0.5386397533791704,3.686286807546538,-0.8185733869729619,-0.5311741901773434,-0.14707119985341432,0.2825658617607974,-0.183238670565015,-0.6261299015160574,1.019556276627562,-0.06161615741328288,-0.31228427324708247,0.15428275926550086,-0.3803532292069808,0.49126146717297564,0.6342333693137274,1.5908095584084243,-0.5904254600090088,-0.4136487804231948,-0.33737650158224064,-0.3884995324337555,0.0,1.0,2024-10-22,-3.962003017956696
0.30201342281879195,0.26865671641791045,0.045454545454545456,0.0,0.0,0.0,0.0,0.0,0.0,0.14285714285714285,0.0,0.0,0.0,0.0,0.0,0.0,0.0,0.0,0.0,0.1,0.0,0.1594083492008758,0.2476775956284153,0.3412733762710984,0.2560534175690458,0.07598056260073316,0.25249662540235585,0.004791863771413718,0.34019159308059727,0.0972499964136625,0.32960149523783566,0.08041253369360324,0.08059163290200311,0.09090338177488255,0.12014348321422086,0.18013238952912924,0.07414631799776905,0.07776837229874167,0.37279745205596854,0.39728619915711866,0.4593703912591476,0.0,0.09090338177488255,0.11353624963276654,0.0843530541037153,0.0,0.09831902409580745,0.648104782079571,0.46941234791903097,0.404488419933076,0.09532182383536077,0.23069681980851087,0.3690456269709584,0.2797452158142137,0.357111725802885,0.2396642013622954,0.09998921679193185,0.4011284509236098,-0.43968604546906503,-0.9076738853598619,-0.4876096737269531,-0.32463081108242264,-0.20240486778750788,-0.6147453293603005,0.9083062722275319,0.4520915167337209,-0.006599846200651636,-0.7417721696950316,-0.0888182459484303,-0.038508409067287266,-0.18455883356522534,-0.6663236314968909,-0.4248732584596985,-0.6139691759089007,0.04623430794975436,-0.6487450467307503,-0.2252247007064357,-0.13460714417511152,-0.6241673409778516,-0.3322216560325318,-0.22489787198407718,-0.36107316906311715,-0.7877675547930967,-0.39533326710366645,1.2709512211606226,-0.4055671547274853,-0.4285620808477235,-0.5773877730870864,-0.49155087000152853,-0.4327648701276993,-0.659819917192917,0.0,1.0,2024-10-23,0.4730915698249127
0.25503355704697983,0.208955223880597,0.5,0.0,0.0,0.0,0.0,0.0,0.3333333333333333,0.0,0.0,0.0,0.0,0.0,0.0,0.15384615384615385,0.3333333333333333,0.05555555555555555,0.14285714285714285,0.0,0.0,0.1694897830682197,0.19837116435477092,0.2599225133100862,0.2330212391991052,0.23852835356919277,0.9652174163849695,0.6274009182887386,0.598248457019067,0.17243155275661848,0.9999999999999999,0.11185048670755504,0.09752120541571185,0.09315808229244849,0.12403466722383027,0.18032913004388818,0.09955696028522765,0.08942533824639187,0.42810206776110943,0.40557194743209213,0.6205714888013206,0.6588187937418548,0.09315808229244849,0.12384472688188641,0.07692292820850066,0.17706084731185767,0.6256124634864282,0.36729006777748696,0.4907110321108512,0.424351629470392,0.3716289265401251,0.3398715669722048,0.6287567252348383,0.6034648822490634,0.5575694562601111,0.4698183336833366,-0.8017120183577596,-0.6662913079121141,1.3232373362130132,0.3601897051752794,-0.532053378471515,-0.5530122375903019,-0.25258807358600105,-0.34438650427035467,-0.005298801276041431,0.17126266509061958,1.5802454404161947,-0.5966034046603915,0.3891684521198563,0.27612051440079205,-0.4512001239897489,-0.5607688510680319,-0.06641943651701317,1.1882607153737286,0.3560516674136541,-0.3537607084822895,-0.14059605821607402,-0.1250698974066174,0.7782082905818899,-0.3113470086918231,-0.1484795893744752,-0.1003744462623594,-0.4712467792375965,-0.3768049997434958,-0.16887984604238523,-0.12374113846837656,1.3513471728697162,-0.11996085002399055,-0.43357789455244716,0.4317711284533218,-0.374638748988371,0.0,1.0,2024-10-24,61.17956896243346
0.30201342281879195,0.3134328358208955,0.0,0.0,0.0,0.0,0.0,0.0,0.0,0.0,0.0,0.0,0.0,0.0,0.0,0.07692307692307693,0.0,0.0,0.047619047619047616,0.1,0.0,0.19977732293525124,0.2523224043715847,0.2956185527726359,0.25332784326257696,0.2687608830098911,0.7178622933419477,0.6376099720520767,0.7647257158329209,0.22027405994124782,0.7147885043928306,0.150171903911703,0.11785143669749365,0.09730109097864681,0.1277316233865421,0.18136753509165826,0.12675665084689602,0.10332855313585965,0.4827018189227467,0.4246560908482062,0.747640209817239,0.7075766227578838,0.09730109097864681,0.1430843467108931,0.06291845773013771,0.19003908425740745,0.6547654636951517,0.31154581498982736,0.5756667724414187,0.45556410892813975,0.6661251155517475,0.4261534114909562,0.6776551012524261,0.6647204548783792,0.5549906142810349,0.4637244810294172,-0.7351210725763818,-0.5861157496953207,1.1918821461368665,0.28523122444185484,-0.473365111236032,-0.5051476967164722,-0.2693899179504842,-0.6181396684788123,-0.4817537006039117,0.15344582299235945,2.7668437971014814,-0.3545665911099929,0.3545186437401602,0.2755347662129011,0.19718551890312416,-0.6632757957599585,0.1653285319181271,-0.6179955681470711,-0.39007501532260347,0.8949488207786145,-0.16864061162393057,-0.18358458156573157,-0.46464684928270766,-0.2501716327618773,-0.20641339829061553,0.23985626407467778,-0.40778246937600415,-0.37935380312324274,0.12289007832287913,-0.21619043915744562,-0.013752244176775976,-0.3632266334270153,0.8619134367934866,-0.09311532046513103,-0.4436883324549707,0.0,1.0,2024-10-25,0.6223955537399295
0.3087248322147651,0.291044776119403,0.045454545454545456,0.0,0.0,0.0,0.0,0.0,0.0,0.2857142857142857,0.0,0.0,0.0,0.0,0.0,0.0,0.0,0.0,0.0,0.0,0.0,0.16140914586590843,0.22653425809163513,0.26089970593897144,0.19645798252190907,0.2687608830098911,0.7178622933419477,0.6376099720520767,0.8850716340579863,0.26811656712587717,0.6779545073277463,0.1899553599476389,0.13746056562337783,0.10144409966484491,0.13327042549901502,0.18236930257737483,0.1497717736298465,0.11620190025573751,0.5253238160779274,0.44964653038610775,0.8171417870726847,0.9610833081685534,0.10144409966484491,0.16018706276881578,0.05143704888800382,0.19003908425740745,0.6547654636951517,0.31154581498982736,0.5756667724414187,0.484547125567477,0.9861541670743678,0.4261534114909562,0.6776551012524261,0.6647204548783792,0.5549906142810349,0.4637244810294172,-0.6477559250546825,-0.17607687300947789,0.7562765266582139,0.17646142591107092,0.1831772722002458,-0.3028478687272535,0.038497090599721506,0.306181771708987,-0.004818183656937563,-0.6749776890436778,-0.08921761841797977,0.5269933519685462,1.5974686398915041,-1.4546828440459971,-1.0837366519840181,0.8849037143225431,0.17105115109426922,-0.39118382052925477,-0.45191268808330337,1.1685854713952322,-0.1086048902728392,-0.14871045979263486,-0.7070259238063146,0.243613378882726,0.1554427915089126,-0.214312399203237,1.561728413785632,0.4177747406344484,-0.1304890170850247,1.1006406717733916,-0.13863594516239125,-0.6900211147914486,-0.48798560557236104,0.7331187763098544,1.0746023602281078,0.0,0.0,2024-10-26,0.0
0.46308724832214765,0.48507462686567165,0.045454545454545456,0.0,0.0,0.0,0.0,0.6666666666666666,0.6666666666666666,0.2857142857142857,0.8333333333333333,0.0,0.0,0.0,0.0,0.07692307692307693,0.06666666666666667,0.0,0.09523809523809523,0.0,0.0,0.23846616578739854,0.2914144598570828,0.4018186734680628,0.33857501935864504,0.2687608830098911,0.7178622933419477,0.6376099720520767,0.9708908410729074,0.3277285732274329,0.6361453694640061,0.23043427959330187,0.1572499717011886,0.10759248925755072,0.13880922761148728,0.18387446301294974,0.16924610829234243,0.12812166610747622,0.5580758122633194,0.47711041708702523,0.8462477573022283,0.9610833081685534,0.10759248925755072,0.18012972254615778,0.040819409797621775,0.19003908425740745,0.6547654636951517,0.31154581498982736,0.5756667724414187,0.5114599267325757,0.9954933917315455,0.4261534114909562,0.6776551012524261,0.6647204548783792,0.5549906142810349,0.4637244810294172,-0.7152928729148832,0.7571543774084705,0.013327292790866705,-0.8643768148333614,0.33824609599604133,-0.3838374302992723,-0.18466219976744727,-0.11622217769019977,0.006213674050012018,0.19440731537494163,0.06429332889929387,-0.4770015551736566,0.7386143573982098,-0.5837808687931694,-0.5053786853105288,-0.5242333880956792,-0.39027443124229844,-0.8060682786961125,0.1423648034038012,-0.7275930747505893,-0.2046058672841303,-0.179120790560368,0.028652730347370224,-0.33270958863150635,4.1162855249724615,-0.39721005054936787,-0.7526199364925505,0.2850139866656063,0.6525573984230046,-0.6282935467805041,-0.4550954100533664,-0.47343699141484225,-0.45688994318298726,-0.17188086756222543,-0.6382789027154433,0.0,0.0,2024-10-27,0.0
0.4429530201342281,0.417910447761194,0.045454545454545456,0.0,0.3333333333333333,0.0,0.0,0.3333333333333333,0.0,0.0,0.0,0.0,0.0,0.0,0.0,0.0,0.06666666666666667,0.0,0.0,0.0,0.25,0.2510455823194411,0.2933165195460277,0.4218542272472467,0.30944794060890624,0.2455745140822313,0.40660152058792987,0.6439732625441024,1.0,0.36046810470830315,0.35333341081049763,0.2690481142109653,0.17438030854350806,0.11149702219917101,0.14371513281505288,0.18504436306693506,0.18135410906972216,0.13677352882265925,0.5744362438543723,0.5028137428815521,0.8255305840814262,0.8566928998171098,0.11149702219917101,0.19119156977507523,0.0359690424536675,0.18932843892679996,0.6556533967948923,0.31212358873997603,0.5756667724414187,0.5364503849573106,0.9364305978184633,0.3686789855539807,0.6511180891547164,0.6341344274116174,0.5643252341441758,0.47768026485727505,-0.6828961641105925,0.5054596089341165,0.20047393701910576,-0.5139206734344942,-0.48504056949939095,-0.4651231778240451,0.00015013848756015159,-0.3285354386554888,0.29373382253148267,0.25368334478801935,0.6130663671391466,-0.31721535516652377,-0.7903738480048058,1.28444944256355,0.8373075486346891,-0.6173485788343687,1.0360933676374022,-0.840473505405302,0.22053155675481556,-0.24243275092859648,-0.16608918783580634,-0.1743287193470457,-0.4973947158402725,3.2694942162031904,-0.18591527547253603,-0.33377486569539255,-0.5479983638798199,0.29599928860064095,0.5094815050956863,0.40504346589630746,-0.34218675542486016,-0.6459411680896475,-0.28477818451860737,-0.43122824808874133,-0.5108686465442299,0.0,1.0,2024-10-28,0.3855387969220913
0.9865771812080537,0.9253731343283582,0.0,0.0,0.0,0.0,0.0,0.0,0.0,0.0,0.0,0.0,0.0,0.0,0.0,0.38461538461538464,0.0,0.05555555555555555,0.09523809523809523,0.0,0.25,0.30838941246224083,0.36060319461958806,0.5030007321888156,0.3369679445420912,0.23519610086817255,0.2500905661248082,0.64728612617171,0.9912213716710454,0.3695422080043864,0.21897675905786476,0.2682894134815026,0.19028557848928718,0.11550127703068147,0.14781285911230635,0.18606419776203198,0.18964316543818804,0.1437169858286973,0.5823446320205983,0.5251805011728212,0.7862679566557124,0.817471970293144,0.11550127703068147,0.2007529114013451,0.03310003095678715,0.18067995433425688,0.588198379713347,0.4415312527061054,0.3806588007118723,0.5303478962219819,0.8608768462561969,0.3256897661464375,0.639525232960391,0.6207048591652635,0.5401351299674062,0.44835572204446844,-0.29285381630377544,-0.7957752124853504,0.960406979408119,1.3988049108976464,-0.21959012286715127,-0.28261239579698766,0.8611531841278854,0.025563020153777195,-0.2440826333294471,0.3265955121211285,-0.35239060866548433,0.4559913243802579,0.21555701612636682,-0.42928286960477663,-0.1815664946664378,0.5507783605280722,-0.18156654205861128,-0.5156817878521549,-0.1941427078137218,-0.4177778065562972,-0.15883554970276337,1.6695170829984343,1.5180529023628422,0.0945454937436051,-0.1668873479161742,0.6532528390148414,0.17356185208116084,-0.26744619177699896,-0.1141468789383904,0.20353268535148783,-0.3500613075240752,-0.4619975980765216,0.4795348517173058,-0.35573089396668517,-0.12090255125398734,0.0,1.0,2024-10-29,0.1999487725710125
0.4899328859060402,0.47014925373134325,0.0,0.0,0.16666666666666666,0.0,0.0,0.0,0.0,0.0,0.16666666666666666,0.0,0.0,0.0,0.0,0.07692307692307693,0.0,0.0,0.0,0.0,0.0,0.4581326041920579,0.6300231189575451,0.7757458644315997,0.568057928440615,0.22835819290806825,0.09706150420526785,0.6484302494015504,0.9423406784887908,0.35099303294170525,0.09523475037506271,0.2590903661093993,0.2053837024378189,0.11957273869301044,0.15078596094018681,0.18636733738391353,0.19536813938634134,0.14944276322909045,0.5848060887033326,0.5436354265549748,0.7402359678191943,0.7930610510192034,0.11957273869301044,0.20921622783938232,0.031668790336969344,0.16408399376780247,0.548368842270661,0.4071564005556767,0.3806588007118723,0.524681299539177,0.7744578835818547,0.29686350149508556,0.6524366442972823,0.6431816768035821,0.5455106778833443,0.4555549246152701,-0.15461284003512882,-0.15311560751442227,0.2764519580993897,0.06144780272487837,-0.47601421950788964,0.8062382696731532,-0.24145515282871963,0.25519386469491273,-0.025234036663952034,-0.011088778516874268,0.010065092442784456,-0.17901457137589338,0.27219447187519547,0.03334464480835148,0.1381926377220317,-0.2162801053625797,1.0115871768632008,-0.8343585303375237,-0.42654826634345283,-0.7403011047737,-0.20411934480598534,-0.19817950079367266,-0.6302511651401385,-0.33291459732834794,-0.21981879128256698,-0.3560112461573912,-0.7790904179788879,-0.37210976363901266,1.1324007450613325,0.14398807564898716,-0.4683007077329306,-0.5295715268581448,0.06391028470089295,-0.48692487955907676,-0.6686808634183747,0.0,1.0,2024-10-30,0.0689160674963274
0.43624161073825507,0.417910447761194,0.045454545454545456,0.0,0.0,0.0,0.0,0.0,0.3333333333333333,0.0,0.0,0.0,0.0,0.0,0.0,0.07692307692307693,0.06666666666666667,0.0,0.0,0.0,0.0,0.19354371631806716,0.1936002522068096,0.32965996970759304,0.21204476456200297,0.20163142465348993,0.16963958143452126,0.6013971113946825,0.832542366781063,0.30250345483844754,0.17003844915352703,0.24380606038797636,0.218084976757714,0.12652111319825188,0.1528438257165795,0.18654149235530892,0.1951747535992412,0.15199528481552416,0.5758648715002561,0.556359655524373,0.6728007374741769,0.697952541242819,0.12652111319825188,0.21440314298424923,0.04015560166807941,0.1617860858805661,0.4953614259841847,0.5031096290222495,0.2299246738927872,0.49676549940812725,0.7046337580823931,0.26132008121855144,0.3528377439427614,0.270499585618613,0.5258245549473295,0.43294301264707735,-0.2468887121827212,0.6048775973624856,-0.29208412376368864,-0.8707447596172713,-0.45329120490824376,-0.2116639928915215,-0.10586325036429457,-0.6154604846239708,0.6356490182615755,0.8031804739683235,0.03087377826870418,-1.0864958226618815,0.4384638148832203,-0.06291226520017835,-0.2944503868741935,-0.9880848278262447,-0.021532234274757693,-0.3571300063203876,-0.4259813721150323,-0.188607748624317,-0.19589597276526985,-0.15323825471338476,-0.5528439001226173,-0.24999330295522615,-0.09680077513342765,-0.16712490762996315,-0.6137256602762446,-0.3532955750098584,0.4431422341477982,0.19226288064559546,-0.29916177519938975,-0.34023413461611396,1.3258473757674434,-0.37574754317333836,-0.5217332931847708,0.0,1.0,2024-10-31,-2.831081970935345
0.46308724832214765,0.45522388059701496,0.2272727272727273,0.0,0.16666666666666666,0.0,0.0,0.0,0.0,0.2857142857142857,0.3333333333333333,0.0,0.0,0.0,0.0,0.07692307692307693,0.0,0.0,0.0,0.0,0.0,0.22801785524153165,0.30833333333333335,0.4270749536666176,0.36292542927027127,0.198611603745389,0.11754675404086437,0.5936397882753826,0.6165494911792229,0.248256290834437,0.13819624833706592,0.22783418966731994,0.23079034601222204,0.1332808712498238,0.15466009007101167,0.18819721822978697,0.19444192857325282,0.15404811095914472,0.5665632688458039,0.5644171145871718,0.6178851249635816,0.6988825223650502,0.1332808712498238,0.21827799167725992,0.04979495887035201,0.14583326732447754,0.4598617361769623,0.5233840834152672,0.17216065815181364,0.46216228185660607,0.6465021940152308,0.23059789129031927,0.30020326607316017,0.21864513134927163,0.5988304845491721,0.5321811295257997,-0.30385329903427094,0.6236913352322092,-0.25519627525267985,-0.8284412361459985,-0.4215813727719606,-0.20880591369294263,-0.10193994198982381,-0.4921393004950026,0.5964640712239921,0.8824071420609452,-0.18441177123512795,-1.0532996944446735,0.31098336421402195,-0.10265772320236084,-0.22930857757956946,-0.9572018837675288,-0.4286490008925436,-0.34196604406999676,-0.39469144916102206,-0.7691615445546073,-0.21571829442195187,-0.20123799057920103,-0.6882011617290492,-0.33995233059677793,-0.13630013895294332,-0.4029529291616806,1.2172491487478154,-0.042059779866946465,1.249971557543399,-0.9219291841463015,-0.4871319093037932,-0.6218457882652907,-0.517829502802704,-0.48229569639276815,0.15969185530978147,0.0,1.0,2024-11-01,-0.480543827757085
0.44966442953020136,0.47761194029850745,0.2272727272727273,0.0,0.0,0.0,0.0,0.0,0.0,0.0,0.0,0.0,0.0,0.0,0.0,0.0,0.06666666666666667,0.16666666666666666,0.0,0.0,0.0,0.5682105249503706,0.7568411097099622,0.9386440450242493,0.6652582996349512,0.198611603745389,0.11754675404086437,0.5936397882753826,0.05831414205124662,0.1940091268304267,0.15369973167612203,0.21714148490356067,0.24526570230185474,0.1400406293013955,0.15643087715817805,0.18963914036925378,0.19382184585895534,0.1559488759069414,0.5581644167157522,0.5689470973005532,0.5763760023323243,0.7013984288824001,0.1400406293013955,0.22120627055545894,0.06055193962595462,0.14583326732447754,0.4598617361769623,0.5233840834152672,0.17216065815181364,0.43003072270162207,0.5992358410601442,0.23059789129031927,0.30020326607316017,0.21864513134927163,0.5988304845491721,0.5321811295257997,0.006421873468781678,0.5635235723763076,-0.4926538836903147,-0.48566258123788664,0.13285260895344525,0.29692975409983763,0.25452170907693206,-0.4015389679036194,0.02060291411951731,0.8888333092994434,-0.5945384953006891,0.20414045739129996,0.5370419889309814,-0.5332356801689767,-0.933022024306861,0.21613342154303136,-0.38726165416536545,-0.7892444827006461,0.26925735634381043,-0.26077020678018703,1.1245199900308738,-0.19764042779702035,-0.6563044139450392,-0.33452624728247987,0.7134236418131195,-0.40536939467298594,-0.6484194016032381,-0.3789867323856097,0.9269811515316431,-0.5991435589111448,0.9944614287079219,-0.7625005675922502,-0.27461127814132535,-0.3434645088107406,-0.6150800450960496,0.0,0.0,2024-11-02,0.0
0.4899328859060402,0.46268656716417905,0.13636363636363635,0.0,0.16666666666666666,0.2222222222222222,0.0,0.6666666666666666,0.0,0.0,0.0,0.0,0.0,0.5,0.0,0.3076923076923077,0.0,0.0,0.0,0.0,0.0,0.31231528478072523,0.35916351408154684,0.5741845014200625,0.36472916333779914,0.198611603745389,0.11754675404086437,0.5936397882753826,0.0657857358741609,0.17568080639993888,0.15929823435701848,0.208811779102563,0.24055393299589167,0.1465055420279039,0.15820166424534443,0.1911036472862654,0.19329716048531886,0.1577088434511975,0.550568561174676,0.5708382821865644,0.5453242895027008,0.7013984288824001,0.1465055420279039,0.2234645823285395,0.07147995555912867,0.14583326732447754,0.4598617361769623,0.5233840834152672,0.17216065815181364,0.4001942749148512,0.5944374448432588,0.23059789129031927,0.30020326607316017,0.21864513134927163,0.5988304845491721,0.5321811295257997,-0.2725066664723081,0.3270131733426325,-0.02822210116411975,-0.517131443610313,-0.43877922863833607,-0.2478369951991933,-0.1622179728362162,-0.23481104801352687,0.4598979322596111,0.5547857235506456,-0.017831796586219223,-0.7168053762116701,0.14054494929457256,0.058933299593590754,-0.09754417857266062,-0.8395604727705803,-0.5187590909144975,-0.3773870204747552,-0.5484380166556595,-0.6864145120925376,-0.19422131109368393,-0.1957950360545155,-0.4495271658802621,-0.2909142356055719,-0.20871475360153602,-0.32781678071289383,-0.7825739582191652,-0.33798793902886304,0.5696949330004129,-0.7987914269676474,-0.4665832657409162,-0.27367739337880903,2.361765396005814,-0.3663711643251777,-0.6014757024823634,0.0,0.0,2024-11-03,0.0
0.5570469798657718,0.49253731343283585,0.18181818181818182,0.0,0.0,0.0,0.0,0.0,0.0,0.0,0.0,0.0,0.0,0.0,0.0,0.07692307692307693,0.0,0.0,0.09523809523809523,0.0,0.0,0.32213712691457685,0.3727301387137453,0.5906279831613509,0.3339166533511966,0.17729956075765574,0.18248670350842786,0.5715107018316608,0.07941958383309075,0.1793873897998186,0.22205615954026417,0.19718654388375134,0.22975784732325732,0.15155042761305448,0.15939071616856537,0.1922599954015768,0.18883619583641198,0.15714627929265879,0.5360727522645571,0.5690443799102565,0.5019605019743042,0.6412509425477199,0.15155042761305448,0.22323946982836507,0.082354138497864,0.1426680528610914,0.46316123860517094,0.5271557805842498,0.17216065815181375,0.37248900196999263,0.5605733086714376,0.19386546020500361,0.30317009897882413,0.21886693814063468,0.5715894536331075,0.4961698725331225,-0.8058665990404856,1.0904735513380381,-0.19004460140465276,-0.28904272810610276,0.14675897162305265,-0.5496891908900949,-0.25712041550780834,0.600278757654705,0.1141158006844098,-0.306800721527904,-0.5068626324767934,-0.1332398739073026,-0.24409498698657792,0.3190278418836079,0.616414016475251,-0.022780280533777824,-0.4767736542625114,-0.8219727026404495,-0.43839923364480954,-0.6245983475305399,-0.19295910220645518,-0.18973722142451951,-0.6661572455348762,-0.2431436843021499,-0.19212798025420583,0.2547576853863191,-0.8156350377051839,1.3820812593868639,0.9480896039893157,-0.8808320142886636,-0.40486096114845727,-0.6775402019296035,-0.22303636679953331,-0.47939094231661766,-0.6156660530757205,0.0,1.0,2024-11-04,-1.3774524406881317
0.6577181208053691,0.6492537313432836,0.09090909090909091,0.0,0.0,0.0,0.0,0.0,0.0,0.0,0.16666666666666666,0.0,0.0,0.0,0.0,0.15384615384615385,0.0,0.0,0.0,0.0,0.0,0.4665253676198362,0.37899327448507775,0.6145689203065823,0.3951360636192677,0.20715032916031995,0.18525618099380461,0.584209166804937,0.08154339051723382,0.19191547082235516,0.2201813403085032,0.1984431103121871,0.22248534347880167,0.1580782135934774,0.16172713191763977,0.19384796694342132,0.19068795507456704,0.15969584638850343,0.5346187074455517,0.5672775547390411,0.5022791283134923,0.7035570078009579,0.1580782135934774,0.22511708715142764,0.09386385375875417,0.15046501254407763,0.5130003497050357,0.4494958651093235,0.30194360125830083,0.3662678661949514,0.57414106284458,0.23085420851419514,0.3668480630116443,0.28513981773395897,0.6013366682609733,0.5342206566004004,-0.45186858694371246,1.1993495887729608,-0.614273669832371,-0.786739059980609,-0.4543689266131536,-0.7300703579615894,-0.3455897389625081,-0.36398281680690586,1.0400135746460182,-0.7683757451305148,0.5331504387848334,1.4579362719039817,0.27105512707422647,0.1572358696868001,0.03560337816481261,1.0687516844859064,-0.32713926581529124,-0.5530360165436062,-0.2599622967046797,-0.6617304287119816,-0.2263437050819751,-0.19585331114784263,-0.03649891313054003,-0.36128230218525653,-0.18239555594331977,-0.09908481320082173,-0.8520741035369744,-0.401391417071222,1.2240353826565444,-0.5884723175320592,-0.3884925371157313,-0.6798274156856209,-0.47552020057747835,-0.41878055020993377,-0.7137911176092899,0.0,1.0,2024-11-05,0.8014715970005248
0.40268456375838924,0.3656716417910448,0.0,0.0,0.0,0.0,0.0,0.0,0.0,0.14285714285714285,0.0,0.0,0.0,0.0,0.0,0.0,0.06666666666666667,0.0,0.0,0.0,0.0,1.0,1.0,1.0,0.8806047886527612,0.33589034136629226,0.738725959597125,0.8129102989015897,0.2109824774001737,0.2648771320776371,0.6993485068684073,0.22969928675426643,0.230409298279876,0.17274242584127653,0.16747437307125057,0.19668011688666576,0.21652038754031921,0.17529879657176028,0.578736215930929,0.5759283822873135,0.6248675120271027,0.8246207235664247,0.17274242584127653,0.25068815218580554,0.09450778619901634,0.2712152780571362,0.7917704435290085,0.29730521230303997,0.6833331896831117,0.41781046347216005,0.7025155669325891,0.31906700103402486,0.5814516312928144,0.5142729201264922,0.7296600912135591,0.6967605035325626,-2.021335991941192,-0.4638221576996202,2.2860259303101755,1.13205880535958,2.0432335667058736,-0.9917796480537586,-0.6487364869449604,1.402758234942799,-1.2845131620017383,-1.4628834073819592,0.015242746529402234,3.0267155580613267,2.313495055671986,-1.523786037935435,-1.2532070237663078,2.7761070745558767,-0.12037062357626029,-0.31604988120899496,-0.016456126329453574,0.8456767340761779,-0.1308118823008253,-0.17309670055058685,-0.44110580798522625,-0.13796111741478592,-0.07597332341631743,-0.24119490789379994,-0.5788099636368311,1.4298941067332789,-0.6010356322021934,0.6368265054860974,-0.20032843835874597,-0.4552155702411094,1.4137280335895255,-0.4091109565955916,-0.37718106122386846,0.0,1.0,2024-11-06,14.319846177177808
0.5503355704697986,0.5447761194029851,0.045454545454545456,0.3333333333333333,0.0,0.1111111111111111,0.0,0.0,0.0,0.0,0.0,0.0,0.0,0.0,0.0,0.07692307692307693,0.0,0.0,0.09523809523809523,0.0,0.0,0.4688540184292295,0.6483816729718369,0.6848884018920618,0.5425475362283213,0.3649774817658523,0.4623002641992685,0.8168993023517921,0.2801814412561575,0.30803897472189945,0.42525100277623507,0.26757814059184204,0.2445036130889715,0.18926459798708806,0.1740790581226409,0.20040863843181234,0.24386108884743019,0.19273788547557147,0.6224452177759333,0.5928201416091976,0.7218416129712986,0.86670591699829,0.18926459798708806,0.2791193357316184,0.09568167078385525,0.2777332239230077,0.8395389094670709,0.2530330106669276,0.7595261334415125,0.4771225490965488,0.8560287020836213,0.38169638757684154,0.6697983469101143,0.6172706130556891,0.7616955701734209,0.7383352647687836,-1.0008412969445972,-0.788112658089159,1.61418755976549,1.3916284865155708,0.30518385970696743,-0.8023231348641255,-0.4410845437979648,-0.2738711301574864,1.1185087256472235,-0.9111784367211815,-0.34912756279828144,-0.18903095131335365,-0.8184539151815299,-0.23443443150336157,-0.8362290706207307,-0.25621111066511276,-0.4497531500713449,0.2042318892428532,-0.21809256240134886,1.4492454433575812,-0.20473569378365333,-0.1961140069673696,-0.7573872156792262,1.9034932392566448,-0.1847068248744607,-0.3976758253833663,1.2861375554272174,-0.367676916146923,0.1024773529015977,-0.561634119440206,-0.3728325144057675,-0.4489617641791285,-0.4749164824713085,-0.45356821809821685,0.6553743058829243,0.0,1.0,2024-11-07,0.2184805693782099
0.4295302013422819,0.4253731343283582,0.0,0.0,0.0,0.0,0.0,0.3333333333333333,0.0,0.0,0.0,0.0,0.0,0.0,0.0,0.07692307692307693,0.0,0.0,0.0,0.2,0.0,0.27799329050222865,0.33919714165615805,0.4056630881432267,0.2908129401787141,0.4493578994372148,0.9668954855382627,0.8735646056806432,0.3581810077210713,0.40697145753537334,0.7882708159751411,0.3246690681175928,0.26978325117227375,0.21105712742384364,0.1814028585165205,0.20488296384250015,0.2828999701705879,0.2175645874723502,0.6850945527758786,0.6206254017205715,0.8502648248468562,0.8235137635904911,0.21105712742384364,0.3272237561771474,0.08470969908741188,0.36135747301654886,1.0,0.17059128230915915,0.9261027724432054,0.5572330021851928,0.9496679859169553,0.49102644130255513,0.8081424301118828,0.7713016536426385,0.8506829378325667,0.8524993349073365,1.0917899573129937,-1.4364673775358392,0.22214365955594745,1.4183587428446405,1.124154201333442,1.2787231888709916,-0.390306093902975,-0.31528042976062437,-0.7048293540839898,-0.26619140625730253,0.36273045923516467,-0.1257049157926157,0.5885802680765521,-1.0650103511683486,-0.8642568861885428,0.13216169008920683,2.7972144015480196,-0.39314414416309784,-0.36763177340868736,0.17936581070413543,-0.0808421708526924,-0.15379476641155077,-0.10803762125888422,-0.25129923833224865,0.2525426325032124,-0.27581886492903546,2.624301920345872,0.08949462180369455,-0.5618994798302612,2.4882170771510213,-0.0942811568487275,0.44040420711471095,-0.3735626797801403,-0.4034125721988978,0.27108447663911894,0.0,1.0,2024-11-08,3.096833175726932
0.4697986577181208,0.43283582089552236,0.0,0.0,0.16666666666666666,0.0,0.0,0.0,0.0,0.0,0.5,0.0,0.0,0.0,0.0,0.3076923076923077,0.0,0.0,0.0,0.1,0.0,0.2102222284677494,0.2506515342580916,0.3238910895951848,0.28039768187907915,0.4493578994372148,0.9668954855382627,0.8735646056806432,0.40921169749772945,0.505903940348847,0.7199303415289358,0.38661240751360193,0.2958700352528232,0.23284965686059922,0.1892638637381311,0.2101206602480935,0.3159328697517214,0.24055227450640482,0.7317167340339723,0.6535052748960297,0.909979679070626,0.7955230319312169,0.23284965686059922,0.3649364256986798,0.08600736182391644,0.36135747301654886,1.0,0.17059128230915915,0.9261027724432054,0.6316212800532195,0.9285005198354225,0.49102644130255513,0.8081424301118828,0.7713016536426385,0.8506829378325667,0.8524993349073365,0.8538000020492611,-0.05872260334763787,-0.7456958008952613,0.01982923737426109,-0.08979638858992577,0.4955817449897773,-0.38089098123857584,1.7275623057754894,-0.9927127278400185,0.09179878660982911,-0.7508661243282857,0.29319803693054525,-0.3269708433029723,0.19460440899294892,0.4154378224918129,0.4225459318396479,0.30101803636326,-0.6645957142736593,-0.39240362776568094,0.029620635286094675,-0.18253634326014342,-0.1859367222385296,0.06564154903679878,-0.33346600842758656,-0.20878093006239318,-0.3708862860117377,-0.4134698019446799,-0.38523789167081685,0.6608871455469091,0.3990286495196458,-0.26779878894549497,-0.34592487134265737,-0.4859180434749156,-0.38057863285271004,-0.5311937549987895,0.0,0.0,2024-11-09,0.0
0.3221476510067114,0.29850746268656714,0.0,0.0,0.0,0.0,0.0,0.0,0.0,0.0,0.16666666666666666,0.0,0.0,0.0,0.0,0.07692307692307693,0.0,0.0,0.0,0.0,0.0,0.335555852218096,0.3740962589323245,0.5163201330472321,0.3803036541747072,0.4493578994372148,0.9668954855382627,0.8735646056806432,0.4318346744240996,0.6062919342472914,0.659889286359991,0.44175920361168375,0.3251116444848541,0.2550432604938119,0.19712486895974168,0.21581959125001904,0.3438837847819114,0.2618371699083071,0.7652507215483583,0.68745909994324,0.9226172691006718,0.7955230319312169,0.2550432604938119,0.39390172263969836,0.09847650582099254,0.36135747301654886,1.0,0.17059128230915915,0.9261027724432054,0.7006961095021011,0.9160585588626876,0.49102644130255513,0.8081424301118828,0.7713016536426385,0.8506829378325667,0.8524993349073365,-0.5211716682153293,0.9927339976072618,-0.371193853922517,-0.8756025764313399,-0.23228112588723177,-0.3540057998387304,-0.3699596968889727,-0.6383400562471784,-0.12098705986519166,-0.5932061379867789,2.4298410416316774,0.21947835529718693,0.5963720951324267,-0.36860166434661956,-0.6317686329463292,0.0014170407188524089,-0.2152215150845626,-0.47413642209676077,-0.2661094215360227,1.485363451602466,-0.002267676130914592,-0.17635257974943974,-0.47588061038757073,-0.21308306746835481,-0.09490057337817154,-0.35924737734262513,-0.3550619590184349,-0.3775337352882052,0.3000157537315461,-0.14434512373987202,1.279308010254081,-0.7326808661221066,-0.47657226496033345,-0.41879930403022486,-0.38016351179503116,0.0,0.0,2024-11-10,0.0
0.18791946308724833,0.18656716417910446,0.0,0.0,0.0,0.0,0.0,0.0,0.0,0.0,0.0,0.0,0.0,0.0,0.0,0.0,0.0,0.0,0.0,0.0,0.0,0.18095819238109342,0.20651534258091636,0.24440598148019563,0.1973506311532836,0.549253767864396,1.0000000000000002,0.939981723025465,0.45774819923143123,0.712927551200945,0.6260648191683146,0.49033864876456446,0.36650141177715945,0.283667091697935,0.20771263948632301,0.2229629539813206,0.3863634302961678,0.29182072820483995,0.8238450563499051,0.7279889674552737,1.0,0.8651881195333262,0.283667091697935,0.4439617641878497,0.09956038292382052,0.4788502519074955,0.8551441445767325,0.11946415483214928,0.9261027724432052,0.7648370225617771,0.9198651275516202,0.6034203427357969,0.9999999999999999,1.0,0.9619352704068032,1.0,0.5741982541022895,-2.4504278140770035,1.5806082735430165,2.7597732281803964,-0.3300734766138149,0.1452791787555654,-0.4729110687027004,1.4043627286037186,-1.5698645347968032,-0.1209357896022067,1.4442366497736272,0.22551553396645785,0.8983007071241432,-1.0053440202987263,-0.163190115247463,0.25711490950287486,-0.2847580277878715,3.022337705261911,-0.36667692162887155,0.4172346567699872,-0.1013656012976646,-0.09580727747926931,-0.470323708824115,-0.20873132823600726,-0.09961179966378342,-0.23114603556528393,-0.3085613478466769,-0.36687772153127673,-0.2953506935764698,0.6612373331179742,0.22411205491129788,-0.46715814674072875,-0.17517938460610244,-0.28646100800092295,-0.25810987480912345,0.0,1.0,2024-11-11,3.520750827107056
0.3825503355704698,0.3880597014925373,0.09090909090909091,0.0,0.0,0.0,0.0,0.0,0.0,0.0,0.0,0.0,0.0,0.0,0.0,0.0,0.0,0.0,0.14285714285714285,0.0,0.0,0.16339248508144738,0.2843421605716688,0.2620818211122157,0.27564866824813483,0.47459215575341884,0.6839092262076445,0.9906883399145161,0.47522004731387485,0.7606096454945241,0.4021571522364453,0.5152961596666366,0.39907812956440636,0.3085641658557007,0.2151491853944677,0.22902675653463456,0.40823515289557166,0.311903564256653,0.8390294646826507,0.7638767980977148,0.9453754303099532,0.7543278126362083,0.3085641658557007,0.4600070359307076,0.13296917827319177,0.5255482905965474,0.7159565684022942,0.28902615742259274,0.6445827457204454,0.7820865571433602,0.8628188312254407,0.5202808801125176,0.834569450834526,0.7959534885429068,0.8870042569653007,0.9054057816687358,-0.42692562420099656,-0.16309717914581645,0.5390807302334153,0.6122571597613218,-0.4909810330439152,-0.17459358778207607,-0.34794698503909915,-0.25780534995182486,0.38675915327312554,-0.2207595846473757,0.8809916490602605,-0.536126710592894,-0.573963380125243,0.40455377007402316,0.28739902246196475,-0.47466316790666724,-0.2349387973006774,0.45129510483776336,-0.46350987993986165,-0.07289620935391287,-0.13342625570963773,-0.17392484260758312,-0.4627915026878194,-0.20183848952931702,-0.15318825730128677,-0.27967970124429364,-0.16168370982520788,-0.3676340864522116,-0.07972023009973307,-0.20395066812527013,-0.3354076100632043,1.3193421738861926,-0.06486245358669498,-0.234021496406001,-0.07783081801028857,0.0,1.0,2024-11-12,2.59652489050175
0.7114093959731543,0.6940298507462687,0.0,0.0,0.0,0.1111111111111111,0.3333333333333333,0.0,0.0,0.2857142857142857,1.0,0.0,1.0,0.0,0.0,0.0,0.0,0.05555555555555555,0.0,0.2,0.25,0.4934706976980488,0.6773329129886507,0.6964335009407808,0.6446905075037795,0.4806664357104188,0.5090046955939869,0.9699031132353981,0.44869196631878366,0.7101865054886902,0.3056253690565096,0.5224246134305464,0.4323718547729376,0.32368798536082,0.22234697311950014,0.23561954801691465,0.42788690566139786,0.331123585253166,0.8488803641702696,0.7948342948286611,0.8873583623913903,0.7860865754085474,0.32368798536082,0.4863243047354684,0.13369852377449043,0.5486458107076759,0.6295440893763673,0.24963350297309306,0.6306902235243739,0.7960160631138633,0.8107233701121128,0.587232796901942,0.6404043256120282,0.5510030401280789,0.9090513579226052,0.9450617039384156,-0.18592644117342644,0.8297489917184335,-0.5431493327886615,-0.42395314983411214,-0.3159289965614938,-0.26594361138204936,0.4566479020193382,-0.24990139242238998,0.4524214818293266,0.0363874219113328,-0.4173860543433099,-0.058054799218750966,0.895926329482637,-0.521632267041306,-0.47797094274692137,-0.019869706474190243,-0.01204173915790392,-0.7111228145233058,-0.540467400683148,-0.5564967748612902,-0.2121864087212992,-0.20005269758216823,-0.6454944644376002,-0.3281932114050169,-0.20283761406943687,-0.39442905480240104,-0.47614862068988517,-0.08967563137470638,1.1960760658555187,-0.40628468811114155,-0.4110464510154215,-0.644237928657012,-0.10783649253375792,-0.43421155032819425,-0.48762747858931405,0.0,1.0,2024-11-13,-1.0374088984552388
0.7785234899328859,0.7686567164179104,0.0,0.0,0.16666666666666666,0.0,0.0,0.0,0.6666666666666666,0.42857142857142855,0.16666666666666666,0.0,0.0,0.0,0.0,0.15384615384615385,0.0,0.0,0.14285714285714285,0.1,0.0,0.4473707621771115,0.5129571248423708,0.5758633985190253,0.4646428176354183,0.4145088579100563,0.4820107987124612,1.0,0.37412609623708576,0.6841189006361366,0.2955440760729844,0.5144900431563195,0.460372017369975,0.3327913285695151,0.22747837079729172,0.2411674104366438,0.4320456017912553,0.34211491082452294,0.8286289998059866,0.8149804584109628,0.7601373950421462,0.685239582910567,0.3327913285695151,0.4980238939591255,0.139027232231008,0.5602479557373274,0.5597242367373114,0.3727645804540095,0.42862979846839977,0.7785827709229207,0.7008996791270182,0.522779185567904,0.4896433730867201,0.40498014544945665,0.6697297677761969,0.5849844808302886,-0.27655669621292395,0.6393417007881212,-0.29417390465390447,-0.677339346408384,-0.3090773425227487,-0.08679822122993654,-0.265736785767067,-0.21502810158381966,0.45802927309859326,0.057359303364113365,0.16802687490174797,-0.5939066859550866,0.48148903309492647,0.01756909218370092,-0.2392690483897584,-0.42744461178751647,0.6525891110565817,-0.3747767415753694,2.292164650700608,-0.2054648475959944,-0.1183567530201644,-0.15414709659041056,2.5572921491154785,-0.2700585219122163,-0.15552779162771238,-0.32202363555663027,-0.04466079960389042,-0.29647212196197853,-0.9366564124367359,-0.3065673129887015,-0.06967716133897622,-0.12185403806734527,0.3402095884385157,0.3954333008489096,0.1417920787514497,0.0,1.0,2024-11-14,1.5179089449157246
0.28859060402684567,0.2388059701492537,0.0,0.0,0.0,0.1111111111111111,0.0,0.3333333333333333,0.3333333333333333,0.0,0.0,0.0,0.0,0.0,0.0,0.0,0.06666666666666667,0.0,0.09523809523809523,0.0,0.0,0.23816198459312524,0.28490962589323243,0.33903334140603963,0.27651980727393405,0.447622390878072,0.44575089123989065,0.9955064444151192,0.2199906099350763,0.6540436513059846,0.280011072678527,0.5140948955706015,0.4887573163821628,0.34396292593863154,0.2337789232806714,0.24763975002729233,0.4418059022799279,0.35569813300063347,0.8204975584380663,0.8292424077052685,0.6908956629156172,0.7546439991222957,0.34396292593863154,0.5137436107291198,0.14395846664870626,0.5515511037350107,0.5094178153966351,0.3479269088496707,0.41008120565664996,0.7596070300702822,0.6789180018628126,0.583876915198454,0.40849405040555964,0.3298972655824129,0.672744503936903,0.5816875012474327,-1.2871177541509835,0.4274003174995547,0.8314937050938223,0.14181975496530747,-0.5809078210772172,-0.8680283638948411,-0.3794510351742174,1.3109711322117277,-0.558456466712893,0.4047488883952345,0.20340118882823013,0.5673327147702565,-0.5341515933249771,-0.3819186778823884,-0.006062519573990356,0.684358898390363,-0.35031703017094684,-0.017265263899299128,0.1991800790409244,1.266424727598458,-0.18102896552994885,-0.18583617645609965,2.3972713341836047,-0.09623608455500857,-0.18707357763064236,-0.35347472480146114,-0.7528304424163607,-0.1255852564931476,-0.6091781376903149,-0.5320456318801575,-0.1344985476007353,-0.4930083389904834,-0.5096159615666704,0.2495645465225964,-0.604219210610714,0.0,1.0,2024-11-15,-0.2232397875557179
0.5906040268456375,0.5895522388059702,0.045454545454545456,0.0,0.5,0.0,0.0,0.0,0.0,0.0,0.0,0.0,0.0,0.0,0.0,0.0,0.06666666666666667,0.0,0.0,0.2,0.0,0.346470649595479,0.43743169398907106,0.5115448167862613,0.4795566563010853,0.447622390878072,0.44575089123989065,0.9955064444151192,0.20216855713435156,0.6239684019758329,0.2889852430609663,0.49095505391567396,0.5019461567488206,0.3551345233077482,0.23948826695251013,0.25375675328289693,0.45006461807803544,0.36827519057110614,0.8101216612807409,0.8382849700556791,0.6294772007479292,0.7576716686353718,0.3551345233077482,0.5278646181472066,0.15077731167754116,0.5515511037350107,0.5094178153966351,0.3479269088496707,0.41008120565664996,0.7419866992785464,0.6519854893857546,0.583876915198454,0.40849405040555964,0.3298972655824129,0.672744503936903,0.5816875012474327,0.08196202779770068,-0.455635093984778,0.31703750123259145,0.49079533624920874,-0.42256784465435804,-0.5331142494431346,-0.3054057550262894,1.2207540191752313,-0.07508440932506828,-0.06404946106929583,-0.6183504676646739,-0.014182057801271835,0.2730734140409998,-0.39002117888734605,-0.24504609580436595,0.008725460471828941,-0.20982827253952083,-0.04400428380003597,-0.36874617828083944,-0.13006429915258227,-0.18154997743978346,-0.15723828850843174,1.1806724486727715,-0.3078702161276918,0.5390512631214949,-0.24513573641666891,-0.5631785421948144,-0.3641706251145373,0.4094513603466196,0.018712553390947573,-0.286852829857185,-0.6241394438881064,-0.37233799250061306,-0.37649982038637164,-0.4819394016065589,0.0,0.0,2024-11-16,0.0
0.36241610738255037,0.3283582089552239,0.0,0.0,0.0,0.0,0.0,0.0,0.6666666666666666,0.0,0.3333333333333333,0.0,0.0,0.0,0.0,0.07692307692307693,0.0,0.0,0.14285714285714285,0.1,0.5,0.28341553107669226,0.33682219419924336,0.3212525001397199,0.3931817623127128,0.447622390878072,0.44575089123989065,0.9955064444151192,0.16605321061079398,0.6282954058219805,0.2876720528038925,0.4848144691160592,0.5117015538632632,0.36775432930039076,0.24519761062434908,0.25981553742221164,0.4570527622148961,0.3799206142474696,0.7981055312075855,0.8427778454211404,0.5759393464053224,0.7576716686353718,0.36775432930039076,0.5398204951424836,0.16319784038146912,0.5515511037350107,0.5094178153966351,0.3479269088496707,0.41008120565664996,0.7256249635433636,0.678974638091531,0.583876915198454,0.40849405040555964,0.3298972655824129,0.672744503936903,0.5816875012474327,-0.40280582122872516,1.4870531022322226,-0.9085015831676392,-0.7126715352948225,-0.031112523623193562,-0.5141009463729371,-0.36655528411449695,-0.5751915658961388,-0.6050164312397879,-0.18494658273034562,2.7589614048039746,-0.003363999079833316,1.6054170177548388,-0.4363196359394559,-0.23286007902175934,0.113357782157402,-0.32768382340256447,-0.7585497042222169,0.5327520272345801,0.29720254251390477,-0.08482126039309507,-0.17633108702966616,0.41260273173607925,-0.023600936209856073,-0.07089179164527297,-0.2604030778070078,-0.1678897150629512,-0.1932072166510492,-0.06124235364774163,-0.5689211543571678,-0.13158739958042684,0.17504739232932442,0.20888587819834287,-0.08191329969023911,0.017941853846205603,0.0,0.0,2024-11-17,0.0
0.3691275167785235,0.34328358208955223,0.045454545454545456,0.6666666666666666,0.16666666666666666,0.0,0.0,0.0,0.6666666666666666,0.14285714285714285,0.6666666666666666,0.0,0.0,0.0,0.0,0.07692307692307693,0.06666666666666667,0.0,0.23809523809523808,0.0,0.0,0.16369639603656444,0.18894493484657418,0.21935293025125313,0.22918484740471246,0.5101700812158473,0.5155917948244633,0.9928702753942735,0.14754477555090428,0.6576400624182115,0.32630195060168543,0.4915319780732643,0.5188798179453338,0.3849290620421698,0.25261426086055716,0.2667787220131722,0.4747551077262997,0.3971370899047566,0.8072920423639438,0.8484678146276312,0.5900259936642371,0.7937277465328805,0.3849290620421698,0.5596580050442841,0.17589055835875755,0.6049153998892709,0.4743503564215599,0.3188801450063157,0.4100812056566499,0.7104319232178362,0.7262836435226038,0.6514384729750571,0.349376369023746,0.2835704585681864,0.7624582325807207,0.6831907093044891,-0.3970585661956206,0.9630420618857697,-0.46132234100746233,-0.8232747281052794,-0.5083957870442425,0.742210894441194,-0.21067301648396075,-0.6281480656126379,0.8587156815071476,0.31117805290476586,-0.34883982094214133,-0.5370601150104137,0.5870594916824257,-0.7814068447494318,-0.8001539417647546,-0.28589005065643813,0.15530413594897963,0.21903341275892052,-0.08784741283856413,0.31561894302090215,-0.14076894107774696,-0.1728581172185234,0.36617533132644126,-0.28344420776934015,0.9536532859118002,-0.17621548588069874,-0.6195257813415702,-0.2010062763562212,-0.17972604175712464,0.11703840249538189,-0.33429854311901747,0.1094724107957083,-0.2784792523084097,0.2763438984142803,-0.5160492116200404,0.0,1.0,2024-11-18,-0.1312578651132767
0.5436241610738255,0.5074626865671642,0.0,0.0,0.0,0.2222222222222222,0.0,0.0,0.0,0.0,0.0,0.0,0.0,0.0,0.0,0.38461538461538464,0.0,0.0,1.0,0.0,0.0,0.39515850337231445,0.44186633039092055,0.5607155014590147,0.4657828267309087,0.535369699391253,0.2981465671400717,0.9937345992720767,0.11475525190467398,0.6798650899533139,0.1739575829695343,0.5190500617309572,0.529032642530576,0.40410484211355213,0.2606079087140655,0.2741062773096864,0.4944837651194769,0.4156703120652121,0.8196396619399016,0.8558365854082219,0.6097810744954307,0.8344861157357694,0.40410484211355213,0.580243325237801,0.19190813432416953,0.5893636054543128,0.4218013049907327,0.2753531849209423,0.4100812056566502,0.6963241000584179,0.7819769733062638,0.6988753114139481,0.5074447058602599,0.4129137340872365,0.7996877523433814,0.7271322875766943,-0.7201592992936393,0.6421728244951723,0.11716566695237472,-0.6844710099780027,-0.28318936901338404,0.06597256927730169,-0.1315014603648011,0.47025587828377596,0.02129306198122069,-0.2970001671480399,-0.1404466470355465,-0.47614225484984113,-1.3501458698222522,2.023655072332377,1.9505375008439931,-0.3600121410699732,-0.05910471733862434,-0.2168162777570065,-0.1804522099228936,-0.32492359359570616,-0.19115446779719492,-0.17528747030930417,0.7945739992941562,-0.29659226785167003,-0.13750733606471677,2.28176022979903,-0.5535230564257438,0.35180975173497886,-0.4166142572902955,0.02832693517465929,-0.3929963260832426,0.6401794301486502,0.15101090535030973,0.37243253265945114,-0.4645819721166614,0.0,1.0,2024-11-19,0.043092234572617
0.21476510067114093,0.2164179104477612,0.0,0.0,0.0,0.0,0.0,0.0,0.0,0.0,0.0,0.0,0.0,0.0,0.0,0.3076923076923077,0.0,0.05555555555555555,0.7142857142857142,0.0,0.0,0.11645842938083345,0.14995796553173601,0.1742631961932956,0.14652804238006858,0.5215897571945775,0.1682862812510816,0.9923453144200627,0.046408418582039035,0.6797155157711183,0.08721329982512974,0.5358912499048247,0.5375588840656742,0.42408927425127774,0.2685674497013971,0.28136055671627525,0.5085799322544919,0.4314132935774513,0.8203942659521548,0.8619037457490666,0.5944645416516426,0.7984624691856425,0.42408927425127774,0.5912492807549417,0.2209365873148792,0.5646357066426855,0.3891854694798828,0.2483371278889589,0.4100812056566501,0.6832239785532439,0.8122908342635616,0.6634571400870524,0.4760178561607913,0.38627635182486536,0.7924234774324307,0.7217817719477817,-0.5808626541530302,-0.7216760171029575,1.1650636315357137,0.46999035579458465,-0.36202467615432515,-0.5054981141804348,-0.20414740908786277,-0.15310045232285702,0.8642127123572043,-0.2753296092856654,-0.18999381778737295,0.45028423818492475,0.4538199414519451,-0.011871503242758749,0.12424818695438021,0.5415915567903772,-0.3150250107526768,-0.5021193949402682,-0.3517243413970577,-0.8128529783274183,-0.1394215047443484,-0.17328188235891243,-0.4662291410510229,-0.29440510242121615,8.710412122980431,2.171704775239581,-0.45799943091824713,-0.3391733999397685,-0.613293833255214,-0.6573330365888836,-0.4712948881104941,2.5455498988407865,-0.42264352229397434,-0.064775362807886,-0.4318781053672896,0.0,1.0,2024-11-20,-0.0692351596257245
0.7919463087248322,0.7313432835820896,0.09090909090909091,0.3333333333333333,0.0,0.0,0.0,0.0,0.3333333333333333,0.0,0.0,0.0,0.0,0.0,0.0,0.07692307692307693,0.06666666666666667,0.0,0.09523809523809523,0.1,0.25,0.4188649631150576,0.5693568726355611,0.5122826508509367,0.6129146744674836,0.5132940813639334,0.12024008675888645,0.9912883636946686,0.014317360693179827,0.6800131977219583,0.055064474022674725,0.5508436451602656,0.5333142061334069,0.44374417921641596,0.27715325618888953,0.2879759345077385,0.5189438479576507,0.4451368323723386,0.8140171709625005,0.8653027019646738,0.5630667940074938,0.7070347473527615,0.44374417921641596,0.5954378321377671,0.2573214810357529,0.5434841276252684,0.3696972741386911,0.22129325585369036,0.4258931466971514,0.6734359701044244,0.7666947831710056,0.6324856801904222,0.5676062992865315,0.4706485763897241,0.8117101184534818,0.7539484730503317,0.2608986498877098,-0.43270286607510705,0.13032431626544563,0.45505715067443603,0.01247609991935796,-0.6845741500444336,-0.27236580608033695,0.0904482091671228,-0.9937490806604181,0.2028301714946225,2.0960931116377797,0.7286267869459794,0.8514663096917757,-0.8962611642549777,-0.7138715960638012,0.6965596493775423,1.0440240555298541,0.9756640555038856,0.5017515234117729,0.16985547955042934,-0.1228352681245028,-0.07689521876860982,-0.1773096562719351,0.2629428711080742,-0.14080272451805548,-0.159703125363694,1.7380962692936737,0.3180152228068368,-0.6867834072385485,1.095925457622379,-0.18984251989097303,0.09088202558460337,-0.4058520563267088,-0.05867456166784282,2.350884752518055,0.0,1.0,2024-11-21,-0.0527097464538495
0.5570469798657718,0.49999999999999994,0.0,0.0,0.0,0.0,0.0,0.0,0.0,0.0,0.0,0.0,0.0,0.0,0.0,0.07692307692307693,0.0,0.0,0.23809523809523808,0.0,0.0,0.2878297255505177,0.3504203446826398,0.3345702074233897,0.391470212269079,0.5581395632130443,0.2998090612273152,0.8747094692343425,0.10844111585210255,0.7001578307280585,0.17065376124205547,0.5760066405246376,0.5431761340658836,0.4662001098075458,0.28775523790971114,0.2955634670834809,0.5361660150628915,0.4624566337197311,0.8211146941647975,0.8696409863709846,0.5741202172474125,0.7225056434790873,0.4662001098075458,0.6014186218530557,0.2974802622780408,0.5729384219576779,0.4367587270138367,0.17456903451630873,0.568272394681246,0.6857454036114257,0.7601811695951713,0.6800763837072576,0.5861765656668626,0.4824792019960543,0.8617972695787979,0.8120442412656086,-0.4024779207961927,0.34643024987676024,0.07624395593378148,-0.48256302702603593,-0.3604828986046407,-0.4173724755442333,-0.21376936593549095,0.04572955356549424,0.4741396492579208,0.35220718676084933,-0.27781168380708987,-0.6631197126866947,0.22206966655731306,-0.14383853024950957,-0.37177794429213634,-0.5693710561732258,1.384915756605086,-0.35564454425323483,0.6221237037547773,0.00894195579898656,-0.14342443910377534,-0.14927866590524566,0.60530876899495,-0.2544003539765913,0.1781638518917144,-0.2359777822027543,-0.26861398515351576,0.1028579663185178,-0.7427364175471167,0.8311098399864661,-0.2384963424997937,0.8986874072979729,0.08860241018790145,-0.05192597079283682,-0.2758104530769268,0.0,1.0,2024-11-22,-5.816812894850887
0.4161073825503355,0.4253731343283582,0.18181818181818182,0.0,0.0,0.0,0.0,0.0,0.0,0.14285714285714285,0.16666666666666666,0.0,0.0,0.0,0.0,0.23076923076923078,0.0,0.0,0.0,0.1,0.0,0.20155414538758512,0.2690521227406473,0.26145124678150233,0.2954467237797908,0.5581395632130443,0.2998090612273152,0.8747094692343425,0.14850300078845344,0.7203024637341584,0.1663821254270891,0.5869285255821766,0.552321054577076,0.4886560403986756,0.29746472048982964,0.30251059167749716,0.5507386179980953,0.4784934868191686,0.8226632890698737,0.8734648864440004,0.5680672659997404,0.6460918938118291,0.4886560403986756,0.5994785072996571,0.346991326929156,0.5729384219576779,0.4367587270138367,0.17456903451630873,0.568272394681246,0.697175591867927,0.7790470248456994,0.6800763837072576,0.5861765656668626,0.4824792019960543,0.8617972695787979,0.8120442412656086,1.2396914840038258,-0.47398735137456144,-0.7470222094178934,0.223127895413389,-0.11815449844914612,-0.25910525247391325,-0.2734232476420291,0.24857078993818665,0.42786126999747126,-0.01279075072062895,-0.5548204672336415,0.29371325976692997,0.1805964476850487,-1.4912206202958065,-1.1913329131259798,0.878410235582536,-0.4599508203814401,1.5985784710530868,0.038137196975121745,-0.5587315437578433,-0.2082839441909695,-0.1910753331290939,0.5717328949130839,-0.3087644109776783,-0.2000570911670353,-0.3826364139911693,0.023398980310725216,-0.3173854836151706,0.1573505030537816,-0.6278223493854922,-0.2912662228746917,-0.029274714011397304,-0.4557314169551828,-0.28779575662991586,-0.3847038519460321,0.0,0.0,2024-11-23,0.0
1.0,1.0,0.0,0.3333333333333333,0.16666666666666666,0.0,0.0,0.0,0.0,0.0,0.0,0.0,0.0,0.0,0.0,0.07692307692307693,0.0,0.0,0.047619047619047616,0.1,0.0,0.6317683963954421,0.9188314417822615,0.6673311124923155,0.914407133814329,0.5581395632130443,0.2998090612273152,0.8747094692343425,0.170458197841361,0.7332695762224231,0.1636889353349739,0.5921128599773644,0.5692752092020821,0.5124431101835315,0.3071742030699479,0.30935834279082586,0.563069282020191,0.49334242487420354,0.8198467852246483,0.8758814927717398,0.55150711849924,0.6460918938118291,0.5124431101835315,0.5804744829176938,0.41944902531961814,0.5729384219576779,0.4367587270138367,0.17456903451630873,0.568272394681246,0.7077893381061064,0.8265137867150087,0.6800763837072576,0.5861765656668626,0.4824792019960543,0.8617972695787979,0.8120442412656086,-0.17455908804861428,0.37939608187073964,-0.16482414983164428,0.08074031839147067,-0.04708404040186895,-0.636341527377049,-0.23708761318418065,1.1365952811026772,-0.4012307843102668,-0.8885162764296467,0.19701578517497648,0.665688208189969,1.0246604348775699,-0.7582199101644027,-0.48484742944474185,0.7549133916264115,0.7533050020231312,-0.545537290902442,0.8931328581708261,2.025771654285221,-0.04863033470056166,-0.016018554427179237,1.731423222851981,-0.19853523790623712,-0.13229143095814222,0.6173547923138238,0.6477172128458902,-0.10616429253741082,-1.5312767999272245,2.2716518234946297,0.22682615200403347,-0.307941379549018,-0.03924459172378406,-0.17044716401775137,1.3662098521177979,0.0,0.0,2024-11-24,0.0
0.5436241610738255,0.5373134328358209,0.13636363636363635,0.0,0.0,0.1111111111111111,0.0,0.0,0.6666666666666666,0.0,0.16666666666666666,0.0,0.0,0.0,0.0,0.23076923076923078,0.06666666666666667,0.0,0.0,0.1,0.0,0.30256716388869825,0.4636822194199243,0.42424950646409254,0.4758493221401443,0.5096494498335117,0.3387478800604543,0.9085035401988708,0.17137567550378202,0.7502343233218731,0.1851243298593445,0.5893942426581933,0.5765968772691332,0.531337048968635,0.31556009578714994,0.3155049572162282,0.5643632625171273,0.5021037326146465,0.796314974819085,0.8724465936864807,0.48265028383733316,0.5647765798919451,0.531337048968635,0.5439170544842538,0.5023429059794842,0.6037942453621017,0.4184622129758641,0.16252926885630586,0.568272394681246,0.7176449596129875,0.7345878620960485,0.6288818632260114,0.4104170551016548,0.33158262931762084,0.8333576266517837,0.7897617207037176,0.41894030693663564,-0.46652484436348274,0.012114963755003634,0.29730298474869526,-0.32343913429254384,0.22889973328710236,-0.17864452429346608,-0.4465676511908909,0.16144854218686763,0.12092495572772406,0.7490801343174945,-0.267034684170452,0.08165446349152401,-0.16553747045371145,-0.20575191236344612,-0.3351354435156747,0.30912064271348433,0.7528043143718404,-0.1766138484506412,-0.33142667198431325,2.7273553097949863,-0.16065741259002866,-0.24232708323219226,-0.17329914400599902,0.8231416283167703,-0.18805914686679914,0.5300965290291667,0.46761238305335606,-0.1267726172220606,-0.30287294868105136,0.9619117761013003,-0.24855572238706067,-0.3489864393483802,-0.26342415057431073,0.34203950609061556,0.0,1.0,2024-11-25,1.7903267099631082
0.523489932885906,0.5298507462686568,0.09090909090909091,0.0,0.16666666666666666,0.5555555555555556,0.0,0.0,0.0,0.14285714285714285,0.3333333333333333,0.0,0.0,0.0,0.0,0.3076923076923077,0.13333333333333333,0.0,0.0,0.0,0.25,0.1859869647440592,0.2698823034888609,0.2493500906909277,0.3712219914207402,0.5083999345159061,0.14495367859985928,0.9094168455183325,0.16748003233924869,0.6846073438628202,0.07087045702780223,0.5882799235723213,0.5837710526683988,0.5421119090262722,0.3247882742768412,0.3216335044322519,0.5652226542156131,0.5100875290408653,0.773702344731451,0.8645401778862809,0.4300322880571934,0.42976855089410804,0.5421119090262722,0.5323230219255053,0.5386894719827893,0.5736204277353467,0.37812037410497196,0.17782597229205488,0.5011542324313918,0.7167093623618599,0.6403480399157279,0.5956231418202513,0.3685512526273854,0.2982710680800507,0.8008137060870557,0.7393800361855434,-0.011862007792414154,0.24150612849996383,-0.19750207392816094,-0.28830055886130296,-0.329558392874358,-0.2535513696966258,0.20480398034717204,-0.6359849642474087,0.5978264846674627,0.4756628653086682,-0.09672095487261517,-0.634635511071669,0.018061311253870654,0.326852099925321,0.2654625665857299,-0.6299576771787554,-0.2536422831367103,1.6978855309621943,0.02109081902848655,0.8936295174645593,0.047098756945623606,-0.17672636789725388,0.19793325404659703,-0.27250610685867216,-0.11369411401632196,-0.22436852618496872,-0.10267761437878298,0.04636903855126007,-0.7819804728227818,0.1616493362702872,0.09364581370506732,-0.15804579687800763,0.5527802669668138,-0.26859788770461424,-0.35060300161428853,0.0,1.0,2024-11-26,0.047533660295862
0.6711409395973154,0.6716417910447762,0.09090909090909091,0.3333333333333333,0.0,0.0,1.0,0.0,0.0,0.42857142857142855,0.8333333333333333,0.0,0.0,0.0,0.0,0.15384615384615385,0.0,0.0,0.0,0.0,0.5,0.28873691839804394,0.4122635561160151,0.42566815757696874,0.4438691478508831,0.48986471581550484,0.11957497375312945,0.9189101027605913,0.15758515226137731,0.6467274590719196,0.05948748500991616,0.5727348310561979,0.5887573326368654,0.5499123011395576,0.33316279948434746,0.3271627980309463,0.5624562213886866,0.5155733944602396,0.7458906917079664,0.8518705238386318,0.37398149679734205,0.5197945948270108,0.5499123011395576,0.5204799057383478,0.5690754190448823,0.5661759112046783,0.33870091857894374,0.27175959468977184,0.31582295520223463,0.687986997917676,0.5117840307920044,0.5647132386324571,0.3610242209056046,0.29181549546507285,0.6467021404538065,0.5430389599439682,0.3961853246630558,0.3425212781343296,-0.6653587632130279,-0.32595658060392574,0.001413756409232503,0.059582146206291056,-0.22199805243595724,-0.6687091325066518,0.5762184395623207,0.24955121744119227,0.05939498342411172,-0.36556779768968506,-0.20878584285988724,0.5749627722159899,0.2918887698986906,-0.17501872446482458,-0.2856503807971164,-0.20355374622387362,-0.46674816840787137,0.19033599871385712,-0.17358637307789934,-0.17250716599234947,-0.5475015638378468,-0.29687219629961004,-0.20020299641939934,2.772556965926798,0.3752577777347284,-0.38147580501539785,0.4220766642253664,0.18224957852892104,-0.2600738669841231,-0.13057854796386184,-0.49989592486783196,-0.3178999662421252,-0.3189202247652105,0.0,1.0,2024-11-27,0.4938489482758879
0.11409395973154363,0.09701492537313433,0.0,0.0,0.0,0.0,0.0,0.0,0.0,0.0,0.0,0.0,0.0,0.0,0.0,0.0,0.0,0.0,0.0,0.0,0.0,0.07355315306940337,0.11438629676334594,0.06910067229272199,0.1413688098427955,0.48986471581550484,0.11957497375312945,0.9189101027605913,0.14420695842054976,0.5530769341118076,0.07439571807322692,0.557189738540075,0.5863604892600367,0.5524423359618992,0.3418641951706488,0.33277339713512954,0.5601153936120564,0.5206528994781789,0.7209460460083059,0.8360443140080731,0.3368371340557319,0.511640942745857,0.5524423359618992,0.5200509026284974,0.5749021067155591,0.5661759112046783,0.33870091857894374,0.27175959468977184,0.31582295520223463,0.661316230933791,0.4751459462872411,0.5647132386324571,0.3741552796530711,0.30217913712737643,0.6162648108418769,0.5096396615359329,-2.4405181910767273,-2.4118726248788773,4.359385119571686,2.4868513901120792,-0.15814664858553099,-1.3956732897865907,-0.7693092798878938,3.303134325758185,-2.053664562639197,-2.4002226352771805,1.8567252017331055,1.09268385512965,-0.9746736001956166,1.3741102250607635,0.7949244405858751,0.45266716719867056,0.4432050724890649,-0.15681528002150538,-0.18560098639003395,2.366487206789331,0.06149620943095484,0.27433650313314134,1.3734541545011576,-0.20043196551742531,0.3480323132816412,0.5753677203676528,-0.615207198240355,0.1097295169258241,-2.8255225896593683,5.6959455633047575,1.0802607843722543,-0.7473838815881862,4.938976690465303,-0.35650647423400317,-0.33648105601246403,0.0,0.0,2024-11-28,0.0
0.20134228187919465,0.19402985074626866,0.0,0.0,0.0,0.0,0.0,0.0,0.0,0.0,0.0,0.0,0.0,0.0,0.0,0.0,0.0,0.0,0.047619047619047616,0.0,0.0,0.1441437283166857,0.18182009247583017,0.2224030583701827,0.14366419203775857,0.5324540577231375,0.0,0.9213181822462257,0.124699361299383,0.44621032514532644,0.0,0.5513415590950281,0.5860163271982544,0.5576324790751669,0.35194413163472704,0.33889090200238814,0.566162144654542,0.5297368985520472,0.7137507735554387,0.8217419277039746,0.354768530715184,0.7377450943301306,0.5576324790751669,0.5231383569126675,0.5821705597292219,0.5426946610529777,0.35125466050189064,0.28360347506917793,0.3158229552022348,0.6365505187344689,0.46670861486098353,0.5845563880808271,0.3705840810287684,0.3004913998783432,0.5725338448416232,0.46178885410071,1.5505931603104999,-0.39165142187573415,-1.1081315676948005,0.5450607371309073,1.4273585171948253,-0.05510649295948229,0.18877496486199732,-0.605160653425849,-0.22981079899255002,-0.021144808991118067,-0.41454144525394787,-0.03762029004969096,-0.16529241858195365,-0.2865046580116647,0.10676933448896654,-0.1799000047190349,-0.44202453798176783,-0.6409587405492054,1.6357333506628595,-0.5703668888482974,-0.1709927424142411,-0.1837291048204705,-0.03345010427174527,-0.2059971614361242,-0.20338437261663764,0.35775657933971766,-0.7032491379156405,-0.21137564523457084,0.2989238897394371,0.046498978431617634,-0.397053253958878,0.13092641492838622,-0.414253670367841,-0.34147352647749535,-0.6104979311375764,0.0,1.0,2024-11-29,0.1246551488806035
0.3959731543624161,0.34328358208955223,0.18181818181818182,0.0,0.0,0.0,0.0,0.0,0.0,0.0,0.0,0.0,0.0,0.0,0.0,0.15384615384615385,0.06666666666666667,0.0,0.0,0.1,0.0,0.19840218396476514,0.21706599411517444,0.2753978348211387,0.28904147051954915,0.5324540577231375,0.0,0.9213181822462257,0.09778226509407464,0.33934371617884507,0.014778920928669809,0.5565338041596568,0.5872987481866161,0.5628226221884344,0.36401087401260324,0.3456412868474644,0.5712786263058756,0.5381480088056287,0.7053248296493111,0.8083778538240503,0.36581000105357764,0.6880193241276394,0.5628226221884344,0.5252398529601507,0.590603142562659,0.5426946610529777,0.35125466050189064,0.28360347506917793,0.3158229552022348,0.6135537859779556,0.492595470378129,0.5845563880808271,0.3705840810287684,0.3004913998783432,0.5725338448416232,0.46178885410071,-0.1993066552989837,0.5447719920400901,-0.2845600812991246,-0.8777140656536966,-0.46817798087665546,-0.19254999550848828,-0.11181331513856396,-0.6550009363164201,0.753012985930417,0.907178933431992,-0.16964654449329528,-1.2445092648349116,0.19614927254717016,0.055657095844626844,-0.1190572308505897,-1.1416760364008072,-0.37256333033139205,0.5716738908756498,-0.20847894863098165,-0.47664950073687046,-0.20010089793571037,-0.1764635388796509,0.2745788594382507,-0.3422519791738653,-0.2076976947074198,-0.30211735505550713,0.4038050082718871,-0.3407111924990683,0.4563427929827145,-0.5462398186917236,-0.35397611890057773,-0.6036792562778611,0.38291860491297136,-0.15869095624475274,-0.02394080987162609,0.0,0.0,2024-11-30,0.0
0.2684563758389261,0.2462686567164179,0.045454545454545456,0.0,0.0,0.0,0.3333333333333333,0.0,0.0,0.0,0.0,0.0,0.0,0.0,0.0,0.0,0.0,0.0,0.0,0.0,0.0,0.11763996901978313,0.12463219840269021,0.13553001268487486,0.12078719010803968,0.5324540577231375,0.0,0.9213181822462257,0.054958700356749046,0.22881821413144476,0.03306279487439043,0.562010543909413,0.589560389951308,0.5617733209729133,0.37607761639047943,0.35190684832953656,0.5756079569339272,0.5459360738552412,0.6960307066149152,0.7955663768925055,0.3723126143169491,0.6880193241276394,0.5617733209729133,0.5225353900689187,0.5915898547226075,0.5426946610529777,0.35125466050189064,0.28360347506917793,0.3158229552022348,0.5921996769897646,0.5184823258952747,0.5845563880808271,0.3705840810287684,0.3004913998783432,0.5725338448416232,0.46178885410071,2.6607329635248225,-1.698475358334911,-1.0150653700278531,1.7358855477522024,-0.34351909467856045,-0.26336789350675693,-0.4199237461350181,-0.42135788576692035,0.20974376352270008,2.975571412122458,-0.746402226546862,1.5443986483580452,2.11684811492452,-3.065444439935918,-2.367141533552915,1.5672032678788803,0.18006539930968368,-0.16263986833298297,0.9193655556593372,0.2897258885764806,-0.169726246154213,-0.17777621308100472,-0.17469196336029028,-0.28953338343902774,-0.11529650606611329,-0.2768091470951913,-0.1545092358374118,0.7865378089549679,-0.12005525944756343,0.08809188253749685,-0.2571884808002565,-0.3282279645385972,-0.3905527222293735,-0.4051739650417469,-0.2343560125197821,0.0,0.0,2024-12-01,0.0
0.21476510067114093,0.18656716417910446,0.0,0.0,0.0,0.0,0.0,0.0,0.0,0.0,0.16666666666666666,0.0,0.0,0.0,0.0,0.07692307692307693,0.0,0.0,0.0,0.0,0.0,0.15244655615326452,0.17102774274905422,0.21520141402200857,0.1650309123760125,0.5738632665217972,0.2354655791040299,0.9221627585700969,0.04799239058487274,0.17925375489535056,0.2742472274163976,0.581135672587425,0.5914164143759739,0.5679737432611266,0.38927466771542474,0.3587711610514638,0.5870762507936951,0.5574066100054413,0.7009594664638669,0.7864415665720813,0.4156949878052448,0.7473447352507137,0.5679737432611266,0.5331830396124511,0.5920563328045645,0.5310210926624173,0.3577050108197923,0.289689085084057,0.31582295520223475,0.5723708615007301,0.6328559604089257,0.6261920539418284,0.5128839134931249,0.4149320675554595,0.5113323065480561,0.4061244175687574,-0.6121729363595622,0.8515318545230687,-0.16436632188111958,-0.8970361647222116,-0.5941766784648936,-0.8428281798370104,-0.4675431243169738,-0.6265368935198167,2.0771050239129867,-0.31174827012211365,-0.8267703304336592,-0.19258389863993852,0.9566110023437416,-1.266793844364214,-1.5422513661505763,-0.22559974448621029,0.8248836782124586,0.05853871535336138,0.71695351367867,-0.4103948183133657,-0.15703390663564498,-0.06532757718144099,-0.6953535345708559,-0.22244163858744875,-0.20380974502666563,-0.3934280692198703,-0.5355291243294843,-0.25516277441479435,0.3458167067534658,-0.2864797639301249,-0.15204309002879543,0.29606172161144534,-0.47127118263536855,-0.4643649369416443,-0.40803169192896765,0.0,1.0,2024-12-02,0.0436653829282374
0.11409395973154363,0.07462686567164178,0.09090909090909091,0.0,0.0,0.0,0.0,0.0,0.6666666666666666,0.14285714285714285,0.3333333333333333,0.0,0.0,0.0,0.0,0.0,0.0,0.0,0.0,0.0,0.0,0.04364102943823225,0.07869903320722993,0.08315056839191128,0.09637532418048403,0.5541826587802575,0.12171394949063766,0.9268555610051901,0.036138449444888116,0.13644825074396572,0.17623546708428353,0.5957798411494164,0.5909493417577039,0.5725655285704604,0.40180566219633607,0.36535090450418195,0.5930706926978166,0.5660031230395057,0.6951455109150473,0.7778154122018792,0.4215628573352548,0.5913454045329823,0.5725655285704604,0.5387479996396378,0.5951413449465204,0.49540513315610313,0.31753068913668653,0.3116626193617089,0.23400463926167692,0.5416618455583782,0.6928710910501179,0.595084186941051,0.48370970727539286,0.39126359906311037,0.5688654613855393,0.4569435435043272,-0.020314926402154647,0.45862460372520275,-0.3771226948230527,-0.8031694248753221,-0.4824222747083383,0.23067981820250177,-0.09302314983422487,-0.6738615418204685,0.6477703638959486,0.8693657280374413,-0.16488767374678245,-1.1654028939495604,0.3382891313498894,0.008436011350361915,-0.2523903284426201,-1.0870370400900573,-0.6156990283918273,4.925015790916895,-0.5917962439060247,-0.8593496156076506,-0.23462796307792766,-0.19996070154197185,-0.7865617171415716,-0.3546903358561031,-0.2205631477318505,-0.40833796574095604,-0.8653741463370752,-0.4110183137825774,0.43223613208295886,-0.9326334412743748,-0.5187596034412946,-0.7307660595600947,-0.4743011691644988,-0.4880676561011953,-0.7098754913628923,0.0,1.0,2024-12-03,0.2425163629934168
0.15436241610738255,0.13432835820895522,0.0,0.0,0.0,0.0,0.0,0.0,0.0,0.0,0.0,0.0,0.0,0.0,0.0,0.0,0.0,0.0,0.0,0.0,0.0,0.10169288617040309,0.12094367381252627,0.15992144071274658,0.13917790287491244,0.576778908189913,0.07870196245832231,0.9224275579457655,0.006924627043629103,0.09187233913682435,0.14591942176141684,0.6058719018062109,0.5931495282441521,0.5827008320709145,0.4149145997799021,0.3726142175154604,0.6024019665006384,0.5762871149609088,0.6960883635930899,0.7711295765681648,0.4443953076194075,0.5937164256237866,0.5827008320709145,0.5386364430688919,0.6165855873723132,0.4650264055124027,0.31888003766175194,0.28712966422448905,0.26848764797549174,0.5183288115159568,0.8152978264125016,0.6222112621976255,0.5488158824862879,0.4460764123734626,0.5861543602996556,0.4713478545629345,-0.16215432907498722,0.7409746056174688,-0.4886573530542557,-0.8676395020894009,1.153976943839819,0.24772905269731013,-0.20545688705369286,-0.6675740372948351,-0.02604289597811048,0.44736584547971203,-0.42843605445850486,-0.6315708142405663,0.4888808956457317,-0.9381871256621174,-0.7283566449859786,-0.40124006312613164,-0.3509205626944061,0.47209560953708246,-0.540294759917679,0.13032908916857014,-0.19705595113031418,-0.16878121791804848,-0.7735195125828119,3.6969534653627876,-0.14171878856542433,-0.2726704459593185,-0.23677597768279696,-0.354411954918281,-0.07316028600219628,2.6728651956638374,-0.32590936988003166,0.4224721444760194,-0.41303130542972255,-0.34583526600402603,-0.3213196766597043,0.0,1.0,2024-12-04,-0.2282783515183739
0.32885906040268453,0.3134328358208955,0.09090909090909091,0.0,0.0,0.0,0.0,0.0,0.0,0.0,0.0,0.0,0.0,0.0,0.0,0.0,0.0,0.0,0.0,0.1,0.0,0.15063995334591207,0.24613282891971416,0.25003881108794673,0.2889369952924692,0.6169038576031328,0.2551772673258189,0.909254482090164,0.006450648363410555,0.07080909367672916,0.34640495898730594,0.6250997727153729,0.6058098282106785,0.5932740650199492,0.42895204012384236,0.38065846711937124,0.6178606102050335,0.589936595169021,0.7085779717747669,0.7686300945663209,0.4936576836270632,0.6994060165206949,0.5932740650199492,0.5520091156408002,0.6230297568167587,0.4721377796730797,0.45210059823469856,0.24417837420428046,0.4839087685565749,0.5290382465261296,0.8204929292140237,0.6656712596264445,0.6123288594565084,0.4986244650391669,0.6973703914512642,0.5775411033885332,-0.29406080376924093,0.693874369184221,-0.32494119613554534,-0.8345765349789859,-0.4529781892011875,-0.13403730013214993,-0.16601582508789986,-0.33068653808430215,0.5736664957312306,0.6655772672397113,-0.1843498407741829,-0.847466397615332,0.20981124406753343,0.03395955468919788,-0.23471685876977302,-0.8249171263393194,0.063661491635245,1.2338664546936848,-0.07972408592479187,-0.3321103256714009,0.3723278758589233,-0.14165918453141493,0.19472677625505658,-0.28243761268536133,-0.18885452730106916,-0.3371426025635268,4.525173561477561,-0.2839173211855522,-0.4804304289714816,0.3587737033281532,-0.09616879622400945,0.4793127315793782,-0.5168267381833108,-0.28423439391572153,6.421629821910414,0.0,1.0,2024-12-05,-0.6806698931583921
0.10067114093959731,0.09701492537313433,0.0,0.0,0.0,0.0,0.0,0.0,0.0,0.0,0.0,0.0,0.0,0.0,0.0,0.0,0.0,0.0,0.0,0.0,0.0,0.04827736049849396,0.0508932324506095,0.06051029665219789,0.07243666957558476,0.6853870634806426,0.25547838526944866,0.5147381191107852,0.39400960352927694,0.04977912942852902,0.3583994949322066,0.6599201760394071,0.626701371873116,0.6081247236248924,0.4449004914180369,0.38986659437413984,0.6438490570615811,0.6096192078025913,0.740105389276771,0.7738226875489596,0.584173183149107,0.7987064992343296,0.6081247236248924,0.5846989449306095,0.6156605594173374,0.4897787587512432,0.5326963514846992,0.19971794684503924,0.6196101116108675,0.5593773923660339,0.9197985213954322,0.7091591257473837,0.6533157369489198,0.5254155516383456,0.734381880990081,0.604412080717122,-0.2382553370564587,0.5542896628870962,-0.25644900187273184,-0.8907806409975229,-0.486193402360182,-0.24417173432513034,-0.12473118121290604,-0.4188158469165363,0.6073793589022316,0.9039965597040908,-0.21531893172573704,-1.1914489879775885,0.220555337688376,0.030575087078474103,-0.17443522272019563,-1.1010895414395714,-0.38166067867743236,-0.7953796497814213,0.2341797265723108,-0.4621701957791336,-0.1765217295581108,-0.18865618040925355,-0.7091064696611826,-0.30844406380461503,-0.20625145346599053,3.2898561428294695,-0.0468887259699986,-0.38086910934308293,0.1004629703904927,-0.03546840793023204,0.31190539407817447,1.4630291043573753,-0.4399226062222014,-0.45789937971851513,-0.4178123500201752,0.0,1.0,2024-12-06,-20.52487817694509
0.4697986577181208,0.44776119402985076,0.0,0.0,0.3333333333333333,0.0,0.3333333333333333,0.0,0.3333333333333333,0.0,0.0,0.0,0.0,0.0,0.0,0.07692307692307693,0.0,0.0,0.0,0.0,0.0,0.18374506070382168,0.25508617065994116,0.282805530763503,0.24391892722378594,0.6853870634806426,0.25547838526944866,0.5147381191107852,0.5292139528607726,0.028749165180328995,0.3706041950774521,0.6853123637565057,0.6497808109663525,0.6229753822298357,0.46086694452206667,0.39904812166067305,0.6658392813248135,0.6278438491299709,0.7617173977202283,0.7829069920840143,0.6299683965178369,0.7488037411691653,0.6229753822298357,0.6086292282248491,0.618633837309162,0.4897787587512432,0.5326963514846992,0.19971794684503924,0.6196101116108675,0.5875494563602304,0.9566925088556492,0.7091591257473837,0.6533157369489198,0.5254155516383456,0.734381880990081,0.604412080717122,-0.11199393670495542,0.7240409430932537,-0.5208221496672355,-0.8258235736559584,0.510846327137625,-0.5036723303959358,0.751336622819316,-0.3598149752927799,0.04389433896552444,-0.0030880852731240273,-0.6157061585644477,-0.4056759341010181,1.0547047109174112,-0.25444179793419297,-0.6407950418898106,-0.024074044842338407,2.9131223172413776,0.8722471145749581,0.2234820839394801,1.4815532338061759,-0.07838508229058093,-0.18162186565545813,0.3188442288984774,3.580271457978042,-0.20330452169711957,-0.27430390911010155,-0.45933389758868803,-0.2760428526942481,-0.8890352309007485,-0.6757783630494724,0.8264879679913776,-0.3791744760546314,-0.11234883847184204,-0.4134345390818827,-0.3828630950710602,0.0,0.0,2024-12-07,0.0
0.20134228187919465,0.18656716417910446,0.0,0.0,0.0,0.0,0.0,0.0,0.0,0.0,0.0,0.0,0.0,0.0,0.0,0.0,0.06666666666666667,0.0,0.047619047619047616,0.0,0.0,0.0711539698402292,0.10347835224884405,0.10742796238683393,0.1640568345235315,0.6853870634806426,0.25547838526944866,0.5147381191107852,0.6082276178104922,0.0,0.38823340072978674,0.7151855115896251,0.672860250059589,0.633919344412781,0.4768333976260962,0.4078366710609812,0.6844463941629333,0.6447185170256928,0.7753146325885449,0.793276299079613,0.6450894971100466,0.7488037411691653,0.633919344412781,0.632846976993116,0.613052696878303,0.4897787587512432,0.5326963514846992,0.19971794684503924,0.6196101116108675,0.6137092300691276,0.9964444943630767,0.7091591257473837,0.6533157369489198,0.5254155516383456,0.734381880990081,0.604412080717122,0.026856452678309706,-0.12683474495955976,0.0844843286884521,-0.013795111404827951,-0.49909408942215977,-0.3874400329129954,-0.21341230666451955,-0.4513686017567749,0.39948606965635625,1.816141563642944,-0.2309269887562442,-0.8350783454977247,-0.34748431176222866,0.12885286670405566,0.047899741620776135,-0.8063065295439026,1.4536548448188875,-0.2756930582219698,-0.4154619959490666,-0.7136632808099589,-0.1661990084219919,-0.16049542320257723,1.1293157166777283,-0.12662732699016066,-0.19297676933774707,-0.33452847556285875,0.08562390377474981,0.6346681601253102,0.02928007461955545,-0.667040168154313,-0.41881355591006114,0.12400734591888496,-0.48481478322499666,0.3929244066513568,-0.1849964891809719,0.0,0.0,2024-12-08,0.0
0.44966442953020136,0.4253731343283582,0.2727272727272727,0.0,0.16666666666666666,0.0,0.0,0.0,0.0,0.0,0.0,0.0,0.0,0.0,0.0,0.0,0.0,0.0,0.0,0.0,0.0,0.22587437230199983,0.36707650273224046,0.30334689886705496,0.3569426861195443,0.6873655686605541,0.34144928873865044,0.5109524603557682,0.6523605940122623,0.0047860550447016426,0.48653145568039957,0.7403643282928785,0.6911459898955519,0.6434129278756741,0.4928538561596322,0.4166538284077802,0.7005637927758035,0.6605467192139034,0.7831845311335963,0.8033670619034311,0.6418117645218281,0.7512589592541168,0.6434129278756741,0.654151712647242,0.607861119557441,0.5429373954660053,0.4945542405432129,0.17652376381671342,0.6196101116108674,0.6380004485131034,0.9328753098678026,0.7606036636332156,0.5909016677106904,0.47082289125447585,0.6710011488984595,0.5399216522814874,1.6175179301256513,-1.790706606112181,0.037678217370466845,1.826556847688528,1.8510072143078835,1.43755685712424,-0.4311793147123191,-0.45490458509697385,0.0437240159689681,-1.423440094317529,-0.7962745161604229,1.4291951946571635,-2.2451591184361255,1.2411142436438625,1.0340746578418614,1.1745325140771314,0.9275382909159743,0.6454753606587922,0.33856056465916967,1.0873438879173165,0.14132215241303822,-0.13645659836082025,-0.18036385391167326,0.1574790794678222,0.00733656636852231,0.14180352543894723,1.44141622018554,1.0245005414920263,-1.7534868548851101,2.2152899632623453,0.08048318104578102,0.6703174911951199,-0.3050670830787301,2.18537466019289,0.4658830819381055,0.0,1.0,2024-12-09,-0.2478139947151403
0.5302013422818792,0.5298507462686568,0.09090909090909091,0.0,0.0,0.1111111111111111,0.0,0.0,0.3333333333333333,0.0,0.16666666666666666,0.0,0.0,0.0,0.0,0.0,0.13333333333333333,0.0,0.0,0.1,0.25,0.17912532232775363,0.24329550231189576,0.22816516418360383,0.2699071399599307,0.7262408968291324,0.3483969219054651,0.4934701917191229,0.6728195659093493,0.024692874027106293,0.4801118652826737,0.7652586261931094,0.7140205697255646,0.656195332320196,0.5101107363000591,0.42603309866656114,0.7215290072472003,0.6792011909954747,0.7996622235020676,0.8151986386607915,0.6622965677884858,0.9402882596366701,0.656195332320196,0.6824350443956413,0.6013455867493338,0.5552563684641036,0.4803123828915152,0.13341133444185915,0.6720653411671145,0.6684401210703774,0.8987128122621498,0.8126912101931509,0.6835886832288639,0.5457005740873764,0.6853116684965168,0.5483577900366482,0.5233936973376748,0.40223306500280864,-0.8355840737662362,-0.6748585191285636,-0.2661771303697097,-0.3542380033136479,-0.011400056438383592,-0.6749026370772793,0.7564938847741021,-0.16379637834705035,0.3301805419702376,-0.13407310390234312,0.2974209495023657,-0.33619283676023115,-0.33357934115781324,-0.03915815273055407,0.28442430144735575,1.348051598408434,-0.07691254953059148,0.9438019584732859,-0.1329018007927215,0.6358525468961744,-0.31125880103748527,0.3004659184160741,-0.13657478329138753,-0.08622894182104174,0.757577652732324,-0.33838073744345426,-0.8551822055907053,2.969089899352612,-0.13913017930193153,-0.2934992647058538,0.1732871629960424,-0.294932148676686,0.403197361262463,0.0,1.0,2024-12-10,-1.1472544019597186
0.40268456375838924,0.3805970149253731,0.6363636363636364,0.3333333333333333,0.16666666666666666,0.1111111111111111,0.0,0.0,0.0,0.7142857142857142,0.0,0.0,0.0,0.0,0.0,0.07692307692307693,0.3333333333333333,0.05555555555555555,0.0,0.2,0.25,0.15978792711974243,0.23672761664564942,0.22042778569053537,0.2723238977863543,0.8087816796648849,0.3871846049124912,0.5086400814566798,0.6589360664190097,0.05419705091483484,0.5028982479892994,0.7933536098904979,0.7466382556143714,0.6746513350405706,0.5297040321895606,0.4366058569801806,0.754826502318896,0.7049640220657198,0.838299544952372,0.8334780224369861,0.7381703046291798,0.9796570806405803,0.6746513350405706,0.7304014266356704,0.5835205462188,0.5841348138530091,0.5506351600322044,0.09546292833471348,0.7873705218968211,0.7140348451609315,0.8997539899597071,0.8683685859831378,0.7784736818807989,0.614830438741351,0.7861034828859574,0.6334658929524791,-0.024728018379740174,0.5678275671684591,-0.467314856794892,-0.8176732295663952,-0.22886752131499463,-0.18544491424266782,-0.1805462872364746,-0.6609089636558937,0.7418651798782505,0.4820307597543663,-0.05246287521227524,-0.8342885302334428,0.002339222842344542,0.20710416842903523,0.025943378946894573,-0.9759932501580632,1.1339077303633955,-0.2146980459498597,-0.1283273650317089,0.6486026050402254,-0.15659442388909411,-0.06581367241338973,-0.5762001709597435,0.44723966411761085,-0.02673403663324758,0.5205401076610144,0.34371813950301966,-0.36012427897732313,-0.6500324187330099,2.2412232737584863,-0.18544917225128627,0.3854069107348694,0.9744594829288081,-0.3653353342367497,-0.1419263084149904,0.0,1.0,2024-12-11,1.0070606607320842
0.3422818791946308,0.3582089552238806,0.045454545454545456,0.0,0.0,0.1111111111111111,0.0,0.0,0.0,0.0,0.0,0.0,0.0,0.0,0.0,0.0,0.13333333333333333,0.0,0.09523809523809523,0.0,0.25,0.17788189792202305,0.2573245060949979,0.28082066116029064,0.3150803844688357,0.7856300548050595,0.2917994392976222,0.5150634119052955,0.6135078611253242,0.05331178342984566,0.39697849225502546,0.81617733830043,0.7716351869141347,0.6888602736079531,0.5490746792893798,0.4470200194735142,0.7786375721776249,0.7264371115472228,0.8560899689583923,0.8521599622975573,0.7429073313919835,0.9594306020244517,0.6888602736079531,0.7636697978088338,0.5741188496262455,0.5686103135916605,0.546245588107654,0.07462985919498705,0.8174375005165818,0.7608915950806505,0.924686261584623,0.821519178999008,0.6783144626585988,0.5313304350979492,0.7705579390102846,0.6222867880220198,0.2987313299996944,0.04568388118608444,-0.3181041570932309,-0.1301999723847055,-0.2632617132403808,-0.5425739294368785,0.22671518758098802,-0.35174761571516866,-0.46598759735576556,0.5457606786589723,1.3272720229941304,-0.14705605384706372,0.19357245086431138,-0.2141011334646901,-0.1170887349809292,-0.12090414910330827,0.18917714719615836,-0.5552414231133931,0.1220398977268097,-0.07088848136870372,-0.09590889449521985,-0.1403556906280691,-0.14191450313211212,0.10165784164123405,-0.20676575570283692,-0.34714970680880924,0.17517077195614855,-0.2297011599023736,0.6333227010181444,-0.41851968103801274,0.10470270955183138,-0.4409818857556998,-0.5058303867951612,-0.3977587615928771,-0.31852656350804,0.0,1.0,2024-12-12,0.4221645275642505
0.6510067114093959,0.6492537313432836,0.045454545454545456,0.0,0.0,0.1111111111111111,0.0,0.0,0.0,0.14285714285714285,0.0,0.0,0.0,0.0,0.0,0.15384615384615385,0.0,0.05555555555555555,0.047619047619047616,0.30000000000000004,0.25,0.20877223325098246,0.27083858764186636,0.27216705872922053,0.33020163718826434,0.8485596121079052,0.2989985809384266,0.4919187729573078,0.5325968326800581,0.05322220468901673,0.40507593585948776,0.853329122027358,0.8063834141419186,0.7069997598106733,0.5657261394240257,0.45790194134378026,0.8106466771813159,0.752792556726184,0.8881048584304307,0.8744088971040389,0.7848814840065912,0.984974708275285,0.7069997598106733,0.8093095739376537,0.5583752827458206,0.5819652454322888,0.5461747976300295,0.04672077179100842,0.8634429999179463,0.8113156399962949,0.9600339277359168,0.8690348719556393,0.6695237038120059,0.5150184417637057,0.789481454961019,0.6287609037445002,-1.131704377913367,-0.7431741065055958,1.6974446355658663,0.6808192972217291,-0.5029402484220439,-0.5154492724688171,-0.3777043121513775,1.2093510263566594,-0.33607051151004463,-0.5633428513916924,0.3443816808311393,0.24578410483838853,0.02184148248315911,-0.311406867560543,-0.18080859803755095,0.19283011035865935,1.2102811944387353,0.569836075759194,0.43555556591486067,1.6154144708889009,-0.10838112518952718,-0.14769057910518327,0.7299904809404415,-0.25004644284845456,-0.11457875313184421,-0.10357569766531272,2.5545813265356423,0.5211807472858008,-1.490334725324106,0.7331750077953322,-0.07801494515457232,-0.20221177138689198,0.4753914178616187,-0.20365250663618548,1.143693208213787,0.0,1.0,2024-12-13,-1.5147546911531418
0.174496644295302,0.15671641791044774,0.09090909090909091,0.0,0.0,0.0,0.0,0.0,0.0,0.0,0.0,0.0,0.0,0.0,0.0,0.0,0.0,0.0,0.0,0.0,0.0,0.053083563892373474,0.053678015973097945,0.0601478716563895,0.06915645472535308,0.8485596121079052,0.2989985809384266,0.4919187729573078,0.3924732186819393,0.053132625948187795,0.4051310478573191,0.890030431718273,0.8384643822649847,0.7251392460133926,0.5815523701106639,0.4682438327021349,0.8377313044921311,0.7771957467067039,0.9084121857204542,0.8968406452700914,0.7870327166186287,0.9713259379215308,0.7251392460133926,0.8477849473394887,0.5510907910523808,0.5819652454322888,0.5461747976300295,0.04672077179100842,0.8634429999179463,0.8581379674179646,0.9601779185840008,0.8690348719556393,0.6695237038120059,0.5150184417637057,0.789481454961019,0.6287609037445002,-1.183767072141967,1.027008694816445,0.21726323852579074,-0.5427055184866801,0.45259293135667716,-0.3638329073055841,0.4285301844134833,-0.09695083279359207,-0.23455658843526003,-0.5149857903062703,0.14049706523456315,-0.48681159812640007,-0.4532582992226675,0.7357481085365333,-0.7785311405251023,-0.8911166146916685,-0.4139025424941494,-0.4211721109651489,0.2937426990467313,-0.31482945424356235,-0.15055567641860634,-0.17281556101434792,-0.091931570842513,-0.2810987964080334,-0.11730955184431087,-0.08280294068750939,-0.3213468904637081,4.761744223445771,-1.546691066036983,-0.536598434248722,-0.250988477516777,0.30370133376879105,-0.11812628062789582,4.417570406492162,-0.27801360501778755,0.0,0.0,2024-12-14,0.0
0.20134228187919465,0.14925373134328357,0.0,0.0,0.0,0.0,0.0,0.0,0.0,0.0,0.0,0.0,0.0,0.0,0.0,0.23076923076923078,0.06666666666666667,0.0,0.23809523809523808,0.0,0.0,0.07348791733708497,0.10868011769651115,0.10226538203376875,0.1584873830799297,0.8485596121079052,0.2989985809384266,0.4919187729573078,0.023252545513412413,0.04873931470669335,0.40784702593453004,0.9178804499598427,0.8658090052225984,0.7463073996444235,0.5973786007973022,0.4795613931896253,0.860649066062821,0.7997912929849629,0.919315499024113,0.9172733574699494,0.7635093189128555,0.9713259379215308,0.7463073996444235,0.8783407200591034,0.5595257285789526,0.5819652454322888,0.5461747976300295,0.04672077179100842,0.8634429999179463,0.9016158428809438,1.0,0.8690348719556393,0.6695237038120059,0.5150184417637057,0.789481454961019,0.6287609037445002,0.09770782585964927,0.25058867440532406,-0.3075505999771601,-0.5744588855425808,-0.2436305238829435,0.31406337167271214,-0.13088468432294012,-0.6428188089863511,0.5564305209988343,0.7775286121082513,-0.2622465430062629,-1.236278107570377,0.19776302073688154,-0.009265694553639646,-0.19924317297145527,-1.160634197174783,0.19862856723547095,1.7361619099363377,0.6521712810346614,0.26003394369762317,-0.08616372265069493,0.008439226084300037,0.8734243029309579,0.6140714917148594,-0.04672543484079117,-0.06908505120904258,2.05717114590611,0.106377803107284,-2.273944595799487,2.335542505245971,-0.05797475775653233,2.5778781920761555,-0.4190978500496045,0.8058598587785333,0.7830660422691079,0.0,0.0,2024-12-15,0.0
0.11409395973154363,0.11194029850746268,0.3181818181818182,0.0,0.0,0.0,0.0,0.3333333333333333,0.0,0.0,0.8333333333333333,1.0,0.0,0.0,0.0,0.0,0.06666666666666667,0.0,0.0,0.0,0.0,0.0500500212678216,0.051092896174863386,0.07429994676530047,0.06758932631915339,0.941548084439313,0.44369440566701657,0.5068970657050846,0.021605688206011577,0.08175778354779628,0.5449011217386732,0.948109240267266,0.8960462274730301,0.7733616092940946,0.6157430519740136,0.4922235087825114,0.8975679489698227,0.8302779198782608,0.9559552361371404,0.9419779515306884,0.8137781373158013,0.997116821979192,0.7733616092940946,0.9266463666884179,0.5593804338409016,0.6288391035630869,0.5145119584940081,0.03406016177654908,0.8634429999179463,0.9419881558108529,0.9997681823161194,0.9299422722999733,0.8135815539098581,0.6165402464960612,0.9375273022722472,0.7622758365586828,-0.5865781077955562,0.15077095164865875,0.4169422595920401,0.45262223708298166,-0.2056639803561895,-0.5363174957742731,-0.41791843556439057,-0.3902275350937375,-0.8078916084091651,4.474833471431537,-0.04100227562409116,0.04426264047693633,-0.32607513440981517,1.9363196521780834,1.0386179149235986,-0.3856774592959009,-0.5136388516139866,-0.6167169112283205,-0.5212230766131873,-0.06378906500902415,-0.11550065470616,-0.19101311726168857,-0.7352660297732395,-0.3414726892887983,-0.1995692806213305,-0.371845910977961,-0.6282755296061958,-0.26653312551687136,0.23649428615142504,-0.6065962678416829,-0.3634851939488026,-0.312433408244048,2.9716662790884127,-0.17574823841953377,-0.5751590766668847,0.0,1.0,2024-12-16,0.9953665444262016
0.6510067114093959,0.5895522388059702,0.09090909090909091,0.3333333333333333,0.0,0.0,0.0,0.0,0.0,0.0,0.0,0.0,0.0,0.0,0.0,0.0,0.0,0.0,0.0,0.1,0.0,0.22467137567404402,0.3755254308532997,0.31954876394447107,0.41185517275286077,1.0,0.5425626175340632,0.4788821825228222,0.027600737373786027,0.1285087052365308,0.61400883234494,0.996917853654979,0.9331831082084159,0.8052243955727904,0.6363359080407874,0.5057308024874453,0.9398243121625536,0.8645186613318989,1.0,0.971789319628739,0.8738714416408315,0.9999999999999999,0.8052243955727904,0.9798415070653659,0.5635735494075926,0.6638964007803279,0.6463733203374362,0.0,0.9999999999999999,1.0,0.9897021549388142,1.0,0.8445689411183976,0.6298835218408477,0.9999999999999999,0.814835372688502,-0.04567148748292382,0.5287145678533512,-0.41400084562770123,-0.3462221478861238,0.06146433027052876,-0.512419092587619,-0.2699845493574921,0.1504776689229408,-0.21002684179443773,0.9684598107543593,-0.021562007733189774,0.05049603661352775,-0.2015305182008526,-0.49530397784131674,-0.16669018131585336,0.11975641240810096,-0.012806039169387856,-0.6478879259816934,1.022341763453497,-0.160313371943344,-0.08202664621373827,-0.15845690097137324,0.3433994276189592,-0.2720849198361501,-0.17472870778352914,3.572803631507771,3.319686699081491,0.6804401856520573,-0.9154895733909297,1.3310617808423695,0.6008245079402187,0.42682106761078936,-0.21510948613460512,-0.3150337663722718,3.061691726415347,0.0,1.0,2024-12-17,-1.8433512214715344
0.8255033557046979,0.7985074626865672,0.0,0.0,0.16666666666666666,0.0,0.0,0.0,0.0,0.14285714285714285,0.6666666666666666,0.0,0.0,0.0,0.0,0.0,0.06666666666666667,0.0,0.0,0.1,0.25,0.4106142914356347,0.7343421605716688,0.7530034136821646,0.6456907041630304,0.8620965576838121,0.6470759255627214,0.6319879557401598,0.12631862536806623,0.18681101276576761,0.6733428043671613,1.0,0.9540418798903287,0.828473804094953,0.6534478311085697,0.5169660527145002,0.9495869681518259,0.8820382582287525,0.979178876153912,0.9908886041675138,0.747818381023799,0.7756869430734673,0.828473804094953,0.991256408564962,0.5989847518553291,0.8511962803904878,0.4727991901597131,0.2742048517408817,0.4648094771138075,0.9734339013337798,0.862866165115204,0.9202694870494934,0.4956322022553597,0.38697159542650195,0.8750908505451032,0.7157655729837694,1.5833269638531402,-0.7883495068525287,-0.7960733710175968,0.3850068123961549,1.2841151469794858,-0.020190599649541868,0.6699063244190842,-0.41606179279188477,-0.46354272978147515,0.06110012382034044,-0.7243737426410024,0.48180900700682583,0.6261496155177753,-0.337906499901823,0.017355557209682907,0.3793037957411791,-0.6017627927214172,-0.7131103503715421,-0.46213537101508256,-0.7040750389568118,-0.23102929661216418,-0.20647783786726392,-0.7934820997598813,-0.3663750254131647,-0.2322316384915003,-0.37061238366913635,-0.7893626293308021,-0.4101212614987366,1.3760127284208705,-0.8900510222947746,-0.3405914539590601,-0.3653878216511686,-0.045560365634056986,-0.49417592443576386,-0.7089716498824828,0.0,1.0,2024-12-18,10.26339680120163
0.28859060402684567,0.26865671641791045,0.0,0.0,0.0,0.0,0.0,0.0,0.0,0.0,0.0,0.0,0.0,0.0,0.0,0.0,0.13333333333333333,0.0,0.0,0.0,0.0,0.08865033377238189,0.17129045817570407,0.13291964947518942,0.1783868410378692,0.8483513595549709,0.4695507458726075,0.4380296699978148,0.14503180054298873,0.23870834469006863,0.4688323523957171,0.9999525842191455,0.9730446271475761,0.8482045863527904,0.6703712122528472,0.5275056878109227,0.9552569136032556,0.8968462716164696,0.9521408776665647,1.0,0.6302871898635413,0.7579045624931753,0.8482045863527904,1.0,0.6301510233807757,0.9139031296693865,0.3942383765197693,0.28551917068714083,0.3655106130383891,0.9338416702532342,0.7126679890907673,0.8569690629755566,0.5105214463061006,0.39765268748895666,0.8607076172577516,0.7035643998759737,-0.01351595678784236,0.715079994931046,-0.6049416902382874,-0.6984030416701439,-0.03776913953151559,-0.24039650325161924,-0.41754097592644623,2.0109770043461896,-0.9045437078143179,-0.6181704673208968,-0.4840718259312316,0.26142309556149723,0.40730138427865004,-0.24472537847609155,-0.546059728246507,0.014979411979823444,-0.24306039249660039,-0.8459452372415852,2.1605190741326052,0.04535077651104234,-0.11532328125618029,-0.18703523462987542,-0.3581959664690117,-0.176687605145652,-0.06953476312544352,-0.33213223834981,-0.5369944278933506,-0.3368040828796591,0.18448588780464478,-0.2283222590374075,0.17367828736059351,-0.11083155405499837,-0.3367493807897415,-0.4346964318706018,-0.32413668078633007,0.0,1.0,2024-12-19,-11.791702740344157
0.8590604026845637,0.8507462686567164,0.0,0.0,0.3333333333333333,0.0,0.0,0.0,0.3333333333333333,0.14285714285714285,0.6666666666666666,0.0,0.0,0.0,0.0,0.0,0.0,0.0,0.0,0.0,0.0,0.3828092765535644,0.6488965952080706,0.6498477758565113,0.6541793163632788,0.7959042358156151,0.5482919344232033,0.46778184849359516,0.149159563147869,0.2993085860107334,0.5056608641070248,0.9879637958565892,0.98126768097426,0.8646595483597094,0.6865925285963309,0.5371886000690586,0.9501690644253209,0.9051626667620896,0.9067104899313942,0.9969253289654547,0.4868892209275196,0.6607173620622774,0.8646595483597094,0.9978331347656186,0.667310971734828,0.9416671443043207,0.3388054405337167,0.2605519266332472,0.33150250998664865,0.8919663488938514,0.516157080364548,0.7863810826890791,0.32789401392061573,0.2796303481802135,0.7612596759917907,0.6108902792043209,-0.2164004398487277,0.022078606805897974,0.1827871362631824,-0.20722078037252867,-0.39885587538316664,-0.2738840626049699,0.1343704207381996,-0.3722777006700143,0.5635973677122166,0.48701963990929054,-0.2867693371714753,-0.6894585718016598,0.31282166265961925,-0.29072814010191894,-0.45382644376909903,-0.6347280375997623,-0.3183205772364289,-0.6662923953054574,-0.38997366030538066,-0.6929141893762992,-0.2316029459586442,-0.1916596330857529,-0.057622851479516256,-0.35445224881329956,-0.22703693537089675,-0.3952744489844783,-0.7888863686076057,-0.31573464529155854,1.2480675668365115,-0.49667720669244014,-0.4568412769496414,-0.7486088252668501,-0.18938887281643552,-0.4856292694446211,-0.6634482195361747,0.0,1.0,2024-12-20,2.0505837788200143
0.3959731543624161,0.3656716417910448,0.0,0.0,0.3333333333333333,0.0,0.0,0.0,0.0,0.14285714285714285,0.0,0.0,0.0,0.0,0.0,0.0,0.0,0.0,0.0,0.2,0.0,0.2122456171262444,0.3319356872635561,0.3155366853693771,0.35972664364114604,0.7959042358156151,0.5482919344232033,0.46778184849359516,0.15252530154149516,0.3599088273313984,0.4726888618464288,0.9548030172161492,0.9797476287421498,0.8811145103666288,0.702896274203498,0.5467871956201434,0.945863961274761,0.9128630326376641,0.8661292879963851,0.9852080228663735,0.38518812835739547,0.6129187433590092,0.8811145103666288,0.9913963136281696,0.7095124956961703,0.9416671443043207,0.3388054405337167,0.2605519266332472,0.33150250998664865,0.8530821219172815,0.4364161340846338,0.7863810826890791,0.32789401392061573,0.2796303481802135,0.7612596759917907,0.6108902792043209,0.4489908328163942,0.08718555513682079,-0.49410472424322743,0.15978626378176375,-0.00930734831316858,-0.382086230386494,-0.1672691458868472,-0.5269935046471368,0.6275298487299948,0.1345049908077492,0.022095582956477997,-0.34884384467590457,-0.1519252303879024,0.07333785443934494,-0.19775369706539242,-0.3983266132621782,-0.17900546940591772,-0.6047328488852626,0.9919528061012182,-0.3350656984582514,-0.15690057823747988,-0.10017645750093138,0.25843467491445926,-0.2596470561248163,-0.1568749339906594,-0.11177126895544709,-0.08887499588759035,0.7035622579772225,-0.06678125996199646,1.4632264809001672,-0.30551276045758785,-0.43302586045854746,-0.20360341917239286,0.03076189888694193,-0.37142209131907933,0.0,0.0,2024-12-21,0.0
0.3355704697986577,0.3134328358208955,0.045454545454545456,0.0,0.3333333333333333,0.0,0.0,0.0,0.0,0.0,0.0,0.0,0.0,0.0,0.0,0.0,0.0,0.0,0.09523809523809523,0.0,0.0,0.18941862369359636,0.351744430432955,0.31035095949477276,0.4390556054032129,0.7959042358156151,0.5482919344232033,0.46778184849359516,0.15393683360626967,0.3944841173067084,0.45528253471614166,0.9083336707828757,0.9809603920794236,0.8949830745868695,0.7192000198106648,0.5563617007929015,0.9422211816858257,0.9199930010409738,0.8298097695450927,0.9675488034310065,0.31526743012764724,0.6129187433590092,0.8949830745868695,0.9865524221922017,0.7443945532194516,0.9416671443043207,0.3388054405337167,0.2605519266332472,0.33150250998664865,0.8169753397247526,0.3802691916894267,0.7863810826890791,0.32789401392061573,0.2796303481802135,0.7612596759917907,0.6108902792043209,0.20841461932895344,0.053954890606663836,-0.24100128201820908,-0.33794724097632517,-0.32290964590231164,0.6420112091854547,-0.17405554573745066,-0.2840805039794152,0.2673864703585548,0.486470280108618,-0.15805326906946532,-0.7247476272714858,-0.0334735307045453,8.952402313110384e-05,-0.09010936305769437,-0.7075538588746882,-0.3313114038883793,-0.798143790418817,-0.44308838005900353,0.06489131379574643,-0.15847142007475437,-0.18821675022083278,-0.3578849276363663,-0.02567957732981337,1.4308159747521376,-0.36597185971572216,0.06264061924282477,-0.1308432621564459,0.7901464983612879,-0.39690491711740433,-0.20616083460329274,-0.5269208108476827,-0.46933855748849035,-0.3951208535971305,-0.2919811080898167,0.0,0.0,2024-12-22,0.0
0.24161073825503357,0.1791044776119403,0.0,0.3333333333333333,0.0,0.1111111111111111,0.0,0.0,0.3333333333333333,0.0,0.0,0.0,0.0,0.0,0.0,0.07692307692307693,0.0,0.0,0.0,0.0,0.0,0.06132429077084639,0.0778688524590164,0.0971767544446458,0.1082578448604334,0.8290177687836308,0.20495921640112144,0.40177567374149525,0.1777070358867469,0.4036848422250594,0.17201648813895878,0.9008021587638078,0.9786536747749417,0.9121491335586932,0.7364076349596239,0.5664150069255377,0.945380233489366,0.9300008925059291,0.8090758624994403,0.9486915142382073,0.3011692988984305,0.6418708349401366,0.9121491335586932,0.9770856630432796,0.7916688478582439,0.9188822807787544,0.34779732376792943,0.2688559581416937,0.3315025099866486,0.7834476134031185,0.38616865138639433,0.8251933617416043,0.23311917431352638,0.22629981631834378,0.7525789251121047,0.5964903683124936,-0.22772723350528526,0.6686724094874861,-0.36505135749233547,-0.811203922368327,-0.43460871444112786,-0.152344864491405,-0.14706499059848208,-0.6528138209517153,0.8313625754385682,0.6775223093603909,-0.17646250748043354,-1.0825751518958189,0.36898139842372757,0.052901844559908706,-0.25650967992574003,-1.0417164321620218,-0.4419894872484036,0.9285500418937068,-0.5421191616712007,0.1083397787291923,0.015432128577832068,-0.19022654622682966,-0.7445188847254192,-0.2769281736178259,-0.1328930582976619,-0.35643811365480865,-0.31146960549854563,-0.36890186644569833,0.13614244431938624,-0.27426453235007775,-0.31294234370224516,0.8571509575905019,-0.44447756203933225,-0.34232397055883196,-0.053467737582805354,0.0,1.0,2024-12-23,-4.457874297206132
0.14093959731543623,0.13432835820895522,0.0,0.0,0.0,0.0,0.0,0.0,0.0,0.0,0.0,0.0,0.0,0.0,0.0,0.38461538461538464,0.0,0.0,0.0,0.0,0.0,0.06456586349787835,0.13434216057166876,0.12139430879851598,0.12651642719305795,0.9389795656684333,0.12912421980456176,0.37070293946703115,0.2086599891561576,0.40925778753261577,0.10923058601007665,0.9214367541134096,0.9893268373874708,0.9347719994866796,0.7571985109345863,0.578058291812454,0.9687794249550037,0.9505781651953678,0.8282501425793856,0.9379798072964105,0.3970213866426013,0.7149860384752331,0.9347719994866796,0.9827481254319039,0.8325545128553502,0.9583878993786801,0.5193857816892755,0.20926763600362053,0.5950312412136335,0.7919206822342797,0.48975248693356976,0.8569870548323468,0.3146531314678617,0.2768151763566873,0.8882391703988777,0.7089084603913169,-0.14125480986455247,0.5996350018523949,-0.38608996175602384,-0.7707875609804132,-0.014602681710796506,0.4219985636484315,-0.158146734747119,-0.5845868450321229,0.2721401465460471,0.5412541114939676,0.017240403619491456,-1.1108868484017436,-0.19376301402205331,0.3343817588856975,0.6888535548841516,-0.7811177776239802,-0.3929492837128894,1.0380697274340327,-0.4987781669135077,-0.6413015139808617,-0.20898310413324864,-0.19279640552050628,-0.7139703793431001,-0.3023442290397362,-0.18862204751858416,-0.26348448477841224,-0.060762535701335364,-0.18347948470961956,0.39602463769974366,-0.2435841961749158,-0.4268933036934319,0.7582471203460541,-0.48388191267888014,-0.4008197046333959,-0.2933812028697417,0.0,1.0,2024-12-24,-2.1964828907521383
0.14093959731543623,0.12686567164179102,0.0,0.0,0.0,0.1111111111111111,0.0,0.0,0.0,0.0,0.0,0.0,0.0,0.0,0.0,0.0,0.0,0.0,0.0,0.0,0.25,0.07046745428769553,0.17244640605296344,0.07222023697626907,0.18353992797354934,0.9389795656684333,0.12912421980456176,0.37070293946703115,0.2290827677646915,0.395325711170724,0.11226670950141102,0.9540127220447132,1.0,0.9548886818056638,0.7771745780401867,0.5898777388832016,0.9885787408105429,0.969631195463367,0.8391792683895749,0.9319036438769611,0.45156954670706956,0.687631032979137,0.9548886818056638,0.9881306220510366,0.8685007305144918,0.9583878993786801,0.5193857816892755,0.20926763600362053,0.5950312412136335,0.7997885318632147,0.5756157833539707,0.8569870548323468,0.5329377220786223,0.40840660271206364,0.8645940309376794,0.6843688177847835,0.9489174599299272,-2.6351307143162948,1.3905885492821577,3.3354520090929984,-0.5035101822216329,-1.4218939797247316,-0.2929378581542215,2.6958176288530886,-1.883109670372289,-2.343469192833876,2.3462386290631545,3.3274165241239615,-0.8448247390853567,2.4062799624038047,2.510409634867932,2.613923938259171,-0.04671921225650154,-0.20126736135025783,-0.5200226297506699,2.31879174401988,0.0197159611071113,-0.17581706709249756,-0.7620055486953722,-0.23071298368155682,-0.18728527351738486,-0.32494636907824564,-0.11881093898306966,4.347255991504172,-1.7476242155545711,0.7686772949335592,1.3636924963351853,-0.6587294867936615,0.9525229262285786,-0.4372681906180538,0.5232064173561083,0.0,0.0,2024-12-25,0.0
0.49664429530201337,0.43283582089552236,0.0,0.0,0.0,0.0,0.0,0.0,0.0,0.0,0.0,0.0,0.0,0.0,0.0,0.0,0.0,0.0,0.0,0.0,0.25,0.11668537622425094,0.26171710802858345,0.13072195397879985,0.30733846286212957,0.9106907973398121,0.2261199626198415,0.2976042963682557,0.27124859559534475,0.3920808567680565,0.192464569012215,0.9801477891523938,0.9963576088017563,0.9689610366148843,0.7928643754793322,0.601233442533527,1.0,0.9843630981610063,0.8334152602198008,0.9257278012519432,0.4503965845216767,0.5926240545514798,0.9689610366148843,0.9933194301267367,0.8919656199183017,0.9131765149483886,0.5430075159930672,0.22418971888487882,0.5950312412136333,0.8070943922329403,0.6171428999523009,0.8162163328047178,0.5099169967525717,0.39456156273658294,0.7930046327265914,0.6203003525908897,1.6696284876585143,0.004651220913764358,-1.5614159315688374,0.9512525062527303,0.24753780075495532,1.058457380985183,0.3745451626917204,0.2522204800391503,0.15920844915012736,-1.7024495856857396,-0.7640367373301561,0.9175361572750355,-0.37443575820320346,0.8371646959467651,0.33987263820011065,1.0385161493566593,0.784613830972923,-0.2819822783589707,0.30764555623165585,-0.002311602193120264,-0.07032895978622293,-0.15488981796681642,0.3238824834297633,-0.14476553344332257,-0.11996106283739508,3.2077439396227816,-0.13564653526243442,-0.23448798098608636,-1.059913650318818,1.238406606636588,-0.16493700308740797,-0.5062315428280082,2.01842490057023,3.532154694746225,-0.262152052843169,0.0,1.0,2024-12-26,-5.283274751334977
0.23489932885906042,0.2164179104477612,0.045454545454545456,0.0,0.16666666666666666,0.0,0.0,0.0,0.0,0.0,0.0,0.0,0.0,0.0,0.0,0.0,0.0,0.0,0.0,0.1,0.0,0.06928223939622087,0.32008196721311477,0.08936260056305716,0.25406992465492445,0.8326970384548508,0.2624640908199407,0.355686507556056,0.27881313971194877,0.3928529553811799,0.2220088371180118,0.9885249227931932,0.9766091833291224,0.9781619415411659,0.8056312844588117,0.6114950316097015,0.9949634899207682,0.9899812851696936,0.7968766940822778,0.9124517824364343,0.36684617765834115,0.5312835722464093,0.9781619415411659,0.9867889783890342,0.9190238557250194,0.9330013825541055,0.47019042595033506,0.4620911031105903,0.2446424934735441,0.7612181819833077,0.45688348114579336,0.7720819343819372,0.46947974079593513,0.3703471353404246,0.6397283877679169,0.4971849967566872,-0.5596219753013079,-2.657134065536574,2.8167283359768933,3.065867594950462,4.238905737840563,0.4832670457939192,0.0806700097568362,-0.6516487737183793,-2.0840403135692473,1.4215805391000207,-1.3899246749916732,2.173515997869747,-0.10947033766949123,1.3250912064481526,1.1383566775490523,2.42265395551401,-0.21973463718515335,2.6069373760583576,-0.34373802025550126,-0.4346230868781877,-0.17403522158792314,-0.11092956766611199,-0.649433571870064,-0.3051969475853411,-0.138281793510781,-0.26341262382622865,0.06934439188465207,-0.2835559605819154,-0.6902099590217717,2.621418017402201,-0.3171573449025784,1.3736085034672392,-0.43671973983580525,-0.28042087797715026,-0.09288890451472911,0.0,1.0,2024-12-27,4.432108139341739
0.40268456375838924,0.3582089552238806,0.09090909090909091,0.0,0.3333333333333333,0.0,0.0,0.0,0.0,0.0,0.0,0.0,0.0,0.0,0.0,0.15384615384615385,0.06666666666666667,0.0,0.0,0.0,0.0,0.06067166320850627,0.24369482976040352,0.09046229509862533,0.2141281235020096,0.8326970384548508,0.2624640908199407,0.355686507556056,0.17510865471183876,0.39362505399430336,0.22177194118833218,0.9893626337454835,0.9731388669099612,0.9873628464674472,0.8160949390700393,0.6209174649769554,0.9907018275460333,0.9951833101777374,0.7645136862291763,0.8944481701097566,0.31121483123181004,0.4784357891982801,0.9873628464674472,0.9772963743268936,0.9495795316090991,0.9330013825541055,0.47019042595033506,0.4620911031105903,0.2446424934735441,0.718618843894363,0.31434460146606036,0.7720819343819372,0.46947974079593513,0.3703471353404246,0.6397283877679169,0.4971849967566872,-0.21068717546903354,-1.2256740272333106,1.2550277917462338,0.7362481300391223,1.5467343649750032,-0.03253154719868266,-0.4261082198854374,-0.40878649480501933,0.41126407430458267,-0.8327091016328934,-0.776616804124095,-0.04740256101705845,-0.47280072678142576,-0.3781201482620627,0.47687554712000246,0.12049429451156456,0.37004734887663016,3.0677517786361794,-0.43142277074219415,0.12123679295624712,-0.14322193470724728,-0.0910390791440527,-0.6216374305227361,-0.25532353470081415,-0.1641128807238598,-0.3025570261444145,2.8741648263304587,-0.3227259600874423,-0.6174804085347355,1.4094284515056636,-0.26013429783165404,0.12876853863149992,-0.41081613838145975,-0.2625514420085829,0.9186887863988333,0.0,0.0,2024-12-28,0.0
0.34899328859060397,0.29850746268656714,0.0,0.0,0.0,0.0,0.0,0.0,0.0,0.0,0.0,0.0,0.0,0.0,0.0,0.3076923076923077,0.0,0.0,0.14285714285714285,0.0,0.0,0.07120488289726642,0.3487074401008827,0.08213442354385032,0.2550532209097949,0.8326970384548508,0.2624640908199407,0.355686507556056,0.17431280910913924,0.3848951753400247,0.22446731189214406,0.9651637994549791,0.9712910323545223,0.9964401749824253,0.8265585936812673,0.6306244683792374,0.9870958055366421,0.9999999999999998,0.7357909363807138,0.873492915268827,0.2764817589298631,0.4784357891982801,0.9964401749824253,0.9642375289172842,0.9840860443470585,0.9330013825541055,0.47019042595033506,0.4620911031105903,0.2446424934735441,0.6790623156689142,0.21024244191143027,0.7720819343819372,0.46947974079593513,0.3703471353404246,0.6397283877679169,0.4971849967566872,-1.5278279902400058,-3.0177524704836602,4.031286863275171,3.1050580250591175,-0.1808847840138497,-0.009334544100465369,-0.5820254874317109,-0.2123207259179963,1.9803345785427569,-1.617884923114356,-1.2043623819267841,2.299585469463775,1.0133203887631235,-2.148808787015904,0.5984647871643736,3.0906121419016945,0.5346904673405289,4.469190299540851,-0.48360574638285797,0.23070526734570143,0.4770442020252662,-0.15080276505265827,-0.13215279419004858,-0.1828688421184201,0.09515364657772499,-0.11840837729289214,1.2846932181338344,-0.3570187628696674,-2.4737650552120365,3.293838523090034,1.277255620926821,2.8995835921387774,-0.448543321208339,0.45455109487247286,0.17938535085962723,0.0,0.0,2024-12-29,0.0
0.4429530201342281,0.44776119402985076,0.045454545454545456,0.0,0.16666666666666666,0.0,0.0,0.0,0.0,0.0,0.16666666666666666,0.0,0.0,0.0,0.0,0.0,0.0,0.0,0.0,0.1,0.0,0.09971570840762659,0.16519546027742749,0.12074962134491288,0.2145444880099313,0.7832350445192796,0.16021205163999677,0.30991512628542095,0.16893385191784163,0.36409594807620893,0.14536730841596449,0.9297032589715131,0.9697955622337098,0.9999999999999999,0.8356721299031994,0.6396162823090853,0.9747217129611034,0.999372221053419,0.6925728192605632,0.846869596979956,0.20978355391391895,0.43065648128373213,0.9999999999999999,0.9570991471847528,1.0,0.8947765543371595,0.4890902379875552,0.4817165894575448,0.24464249347354394,0.6423312537452832,0.14422305192195956,0.7374110390772461,0.3387725968561246,0.28590046316367335,0.5859000840752031,0.4580249340471127,0.5913548562140325,-1.1693227422887837,0.45823197506371854,0.7611769749534438,-0.16413636561422662,-0.17685514806741803,-0.2313952259773578,0.6411592581594461,-0.9651997242557112,2.660851667588094,-0.5702396389202075,0.6716598231078563,-0.4791879755767047,0.3709512258465688,0.9196173237483203,0.4971672277866696,0.05050820735604347,-0.6236839899484524,0.024153960183213433,-0.5226408693688265,-0.2014490635618128,-0.18852090935526106,1.276040943150348,-0.31430946119503167,-0.14747957050325325,-0.24698654623812272,-0.2317569167372441,-0.0033623559531477266,0.07566503853072118,-0.33797827962799887,-0.3865513566543302,0.5293012244287543,-0.310987736778901,-0.28657731615703225,-0.41584156485842716,0.0,1.0,2024-12-30,-3.344469041296816
0.6241610738255033,0.5746268656716418,0.045454545454545456,0.0,0.0,0.1111111111111111,0.0,0.0,0.0,0.0,0.0,0.0,0.0,0.0,0.0,1.0,0.0,0.1111111111111111,0.19047619047619047,0.1,0.0,0.17555454426057973,0.25063051702395966,0.22440937992018747,0.2530774099976647,0.7361333168016538,0.228765993285416,0.33045604978819854,0.14085910471492732,0.34658665149247425,0.20811096922829872,0.8899593080469912,0.9627402087081267,0.9954624207907737,0.8407732084390166,0.6479270347386433,0.9553733584952575,0.9939460450787141,0.6393338644593067,0.8134258286382974,0.1295247882702354,0.28728920132588615,0.9954624207907737,0.9637498272569165,0.9826058555997623,0.9060259592709545,0.4210732174773108,0.577874440277381,0.0765884302658637,0.582966850750285,0.07405923418239689,0.696395424921743,0.09015989660810741,0.14095716961250537,0.49593207920693294,0.3926371425890127,-0.4078657055107697,-1.2282290134684892,1.4411586457944519,1.2711801398284235,-0.10358316529099038,-0.296948442981058,-0.3653443899947745,1.785542750547455,-0.36853532733929106,-0.7659928210270371,-0.9219299962494042,1.357486136060527,1.1866641098786763,-0.6863246719274492,0.030974364800229415,1.5108106774154453,-0.012736250294043636,0.12288280680575389,0.2564725941889816,1.8833867454157218,0.4311438502604421,-0.14727417271981252,0.6096088174490625,0.9817078361223178,-0.12823715348915318,-0.05729796165405024,-0.0839776791364025,0.18594063628412547,-1.3578581514152623,0.8240220309668361,1.5721290814695215,0.6986111826240573,-0.3663884511893885,-0.3445643317856189,-0.1848985333206236,0.0,1.0,2024-12-31,1.5528389498383977
0.4161073825503355,0.4104477611940298,0.18181818181818182,0.0,0.0,0.0,0.0,0.0,0.0,0.0,0.0,0.0,0.0,0.0,0.0,0.07692307692307693,0.0,0.2777777777777778,0.0,0.0,0.0,0.18673271671964256,0.24630096679277008,0.24515454151826718,0.24593468454627027,0.7361333168016538,0.228765993285416,0.33045604978819854,0.08689071092889289,0.3396198482261974,0.2102638033492528,0.8679732905893496,0.9556848551825436,0.9923708801085483,0.8479122560792894,0.6556480695330368,0.9390016739472347,0.988921808065099,0.59568186639528,0.7767127206447701,0.09105325590828123,0.20348712985641865,0.9923708801085483,0.9685698728361423,0.9704138892195271,0.9060259592709545,0.4210732174773108,0.577874440277381,0.0765884302658637,0.5278427622549298,0.005788537075532533,0.696395424921743,0.09015989660810741,0.14095716961250537,0.409559854949491,0.3348086450716786,-0.8544948570654608,-1.5272531400111202,2.1160061099165564,1.0548350905472417,-0.4418724787897176,-0.5324014561213903,-0.37564765515447796,2.5771096195522096,-1.0946863635008786,-0.3016700503755893,-0.6729295368417171,-0.011134613597758811,0.6751364769863238,-0.5725943502101751,-0.5811914428931753,-0.5056187035235256,-0.4185625384395351,-0.15913033698495482,-0.47840607625487025,1.6348033055589568,-0.16813889624782888,-0.16700881555623692,-0.05700493301924947,-0.1846181777772324,0.001909080784987971,-0.23410275142261935,-0.8108162853960714,-0.2397607709569092,0.010846970479215142,-0.5336448961918493,-0.021474103135343856,-0.586815257657188,0.19222579756235872,-0.44960034137192284,-0.5188861364549862,0.0,0.0,2025-01-01,0.0
0.5637583892617449,0.5447761194029851,0.36363636363636365,0.0,0.16666666666666666,0.0,0.0,0.0,0.3333333333333333,0.0,0.16666666666666666,0.0,0.0,0.0,0.0,0.07692307692307693,0.0,1.0,0.0,0.0,0.25,0.3455242180224655,0.49010088272383356,0.620754984331611,0.4605375557713345,0.6508851448507199,0.41846799035499616,0.3663355065218432,0.07030809219500458,0.35282426468127026,0.3666047366849976,0.8265776256506736,0.9346580974043528,0.9800242350160814,0.852558559051059,0.661922163008145,0.9090807096909723,0.9755010818099796,0.5295758986113912,0.7322618387260467,0.0,0.23234025669773495,0.9800242350160814,0.9860989969176182,0.9237545557221736,0.9427959582142991,0.40472783504539195,0.5567006450136691,0.0765884302658637,0.4766561086520999,0.0194303644112983,0.637822748284421,0.0,0.08284415284348554,0.34458086266589877,0.29011512197097755,0.6918568625076889,0.14735507316358443,-0.7726086104527415,-0.14993717731934864,0.18156860144814105,1.4791554766821458,-0.06260323943200068,-0.6471351316943563,0.2238428382980912,0.25484940502504577,-0.5001860206005554,-0.2876104728215735,0.01104143958757166,-0.23199132136076228,-0.4370026492978177,-0.09689893464061264,-0.4254180848500185,-0.7411498481762844,0.7102549361928249,-0.7150591544694291,-0.21962160526764435,-0.1869117868646712,0.8565596679375908,-0.3359401308106123,-0.21964957653554404,0.04093261240842659,-0.8337433574843671,-0.2560226230854527,0.7823529293777918,-0.19336094094786638,-0.4462050776188223,-0.7557949420005065,-0.5262886865220244,-0.19252551856904734,-0.6719336537933935,0.0,1.0,2025-01-02,2.6709160662585774
0.523489932885906,0.5597014925373135,0.045454545454545456,0.0,0.0,0.0,0.0,0.0,0.0,0.0,0.16666666666666666,0.0,0.0,0.0,0.0,0.0,0.0,0.0,0.19047619047619047,0.0,0.0,0.2064617965607203,0.32844682639764605,0.40797651124731216,0.3344190562814194,0.759042050967747,0.33605050936234526,0.4449881460218117,0.1171802692107963,0.3569194476721482,0.2953754946368321,0.8098075611480882,0.9134182904937111,0.9744330143982828,0.8619629635778118,0.6696221193915949,0.9041489235275599,0.9741995382870363,0.5157424930677534,0.6935453934895847,0.0674792434836537,0.4125127916140019,0.9744330143982828,0.9851537804520842,0.9131133569270711,0.9824478263972367,0.4846099356240276,0.4696845693858761,0.25214355073625627,0.45550997323131953,0.15160850085428607,0.6887676250791746,0.29465415090011876,0.25786461620322093,0.3919076092769811,0.3247093765144692,0.5996750053772164,-0.06093870568278394,-0.5067388338065455,-0.27725901243582896,-0.23641255754530724,1.8872561609559118,-0.1761404608407004,-0.6264208563568621,0.22459928618546351,0.5437404864388442,-0.3624648993820855,-0.550719282909134,0.5832056529654958,-0.45084351699019243,-0.5724660309967692,-0.40575841239455895,-0.4912543969415257,-0.7762130107022194,-0.010000207874245189,-0.7953381227651216,-0.21746327356375444,-0.18824166631186956,-0.6916643521367786,-0.19325699198566076,-0.2230203431616439,0.3615528689360354,-0.5618620581500141,-0.3857742234340985,1.1959638717901304,-0.6884822628357751,-0.4792983963538103,-0.34097116033198516,-0.06914817187104069,-0.48203605727493054,-0.5219435940537082,0.0,1.0,2025-01-03,5.702696339291702
0.4161073825503355,0.39552238805970147,0.0,0.0,0.0,0.0,0.0,0.0,0.0,0.0,0.16666666666666666,0.0,0.0,0.0,0.0,0.0,0.0,0.0,0.047619047619047616,0.0,0.0,0.1671727525425451,0.301817990752417,0.32989876374688737,0.26741509851399353,0.759042050967747,0.33605050936234526,0.4449881460218117,0.14723291308265363,0.3610146306630262,0.2938437071258061,0.8042992028384641,0.8921784835830695,0.968841793780484,0.8704634985627732,0.6774626036201307,0.8999758736969805,0.9729944053954223,0.5043722372584604,0.6599784025747419,0.12807478254529803,0.4528973541943053,0.968841793780484,0.9835742929123821,0.9032210477337639,0.9824478263972367,0.4846099356240276,0.4696845693858761,0.25214355073625627,0.43587427605488066,0.28189351666457557,0.6887676250791746,0.29465415090011876,0.25786461620322093,0.3919076092769811,0.3247093765144692,1.122560955507093,-0.5006874278152201,-0.6147066405604169,0.2219225379065611,0.036694410707952076,1.2029237648052626,-0.25913047419039276,-0.6358275560164178,-0.21933847933433087,2.007900833984742,-0.40613443145709993,-0.6429948835366368,-0.2533060589926147,-0.41327707280394577,-0.07283169650733223,-0.2980350172955165,-0.3395553727308868,-0.6899843089783261,-0.23065483924981553,-0.7292278606076857,-0.1885699947621183,-0.17660117956113972,-0.7013548282360744,-0.3032364685835677,-0.18487087610809316,0.6872233883445985,0.7838982481845072,-0.38748839113390837,0.5537220975144223,0.38886234014646515,-0.4509725433675632,-0.16436786887352461,1.2441604140271825,-0.417214708542588,2.010109474436321,0.0,0.0,2025-01-04,0.0
0.6241610738255033,0.6268656716417911,0.0,0.0,0.0,0.0,0.0,0.0,0.0,0.0,0.16666666666666666,0.0,0.0,0.0,0.0,0.07692307692307693,0.0,0.0,0.0,0.1,0.75,0.3377651113682587,0.7121794871794872,0.6692493681554883,0.6153437234970931,0.759042050967747,0.33605050936234526,0.4449881460218117,0.152051130073447,0.34911723498161407,0.2983221502729806,0.8095151557935201,0.8742778801622575,0.9574425612251963,0.8789640335477343,0.6849899106329674,0.8964448315326441,0.9718785416068911,0.4950613751818792,0.6310007734284495,0.18207950478288804,0.4528973541943053,0.9574425612251963,0.9668344871759158,0.8990155700951938,0.9824478263972367,0.4846099356240276,0.4696845693858761,0.25214355073625627,0.4176411286767589,0.3962853980217056,0.6887676250791746,0.29465415090011876,0.25786461620322093,0.3919076092769811,0.3247093765144692,0.6284736468840451,-0.48491196910051104,-0.16745461761670605,0.7003101844939499,-0.3021004089824028,2.317283691112577,-0.30876723585843063,-0.01858874051870606,-0.006362831559941229,-0.14428624272438156,-0.45000652751528747,0.024019986241639844,0.5259494519095189,0.7551355358990373,0.4422041693695226,0.3283590202626838,-0.31101772592787846,-0.8695419327482635,1.4103995711106785,-0.26792858089971294,0.04186467693355573,1.919564798337424,0.2892324857460919,-0.14833476850633984,-0.19450024298585572,-0.22557841900160597,1.041451125610208,-0.3012542471522151,0.031312232783556285,-0.606671707280533,0.08367433833778344,-0.6598566745789466,0.14138327370520995,-0.40707853901168856,2.5951207144997053,0.0,0.0,2025-01-05,0.0
0.47651006711409394,0.48507462686567165,0.0,0.0,0.0,0.1111111111111111,0.6666666666666666,0.0,0.0,0.0,0.0,0.0,0.0,0.0,0.0,0.0,0.0,0.0,0.0,0.0,0.25,0.28201147651648756,0.5554960067255149,0.5036623553898864,0.5380658562666699,0.761159320564924,0.27890270775407544,0.44081891791813366,0.16326465231789483,0.31997609108340863,0.2600225356242679,0.8152131772265625,0.8658335748302788,0.9425246957894345,0.887522361686404,0.692547832038911,0.8938561001525369,0.9710631174409639,0.4882266899090915,0.6062595104674333,0.23193039705735718,0.4556241087942994,0.9425246957894345,0.9293158355045357,0.9119448792220493,0.9848251637262218,0.48348213993274797,0.4685251520802759,0.2521435507362563,0.40071034896850305,0.39852472291788243,0.7344234298608026,0.3762979317597416,0.30919609279386895,0.29681827729520605,0.2702245287736945,0.7600421697969985,0.019695243864521577,-0.7259625820772643,0.20357021897544694,0.8515561554783864,-0.29684038410211955,-0.1555550197422196,-0.6356953995934206,-0.17762089668575556,1.658619519504918,-0.45060890386093944,-0.6722982127966319,0.2159191482022784,-0.25405262091532066,-0.30353725576277013,-0.5620459464807654,-0.3911365799052257,-0.8374634096043758,-0.11601515779022047,0.19978522021541728,-0.21153915411731714,-0.15311257452289948,-0.7077060928644843,-0.32652406178463267,-0.21358112592466122,-0.3459398311568233,-0.8113440938280596,-0.39918349051054,1.0818212951362616,-0.43685068026955176,-0.30794992735452775,-0.7664333028758874,-0.34307638987127975,-0.4718460504623668,-0.6306389607112032,0.0,1.0,2025-01-06,-0.2859805754940825
0.6711409395973154,0.6791044776119404,0.18181818181818182,0.0,0.0,0.1111111111111111,0.0,0.3333333333333333,0.0,0.14285714285714285,0.0,0.0,0.0,0.5,0.0,0.0,0.0,0.0,0.047619047619047616,0.2,0.0,0.37656415774832414,0.6021647751155947,0.6482281538736854,0.5658316842635726,0.7032280363865725,0.22227292130553664,0.47057485639518526,0.1806082777994269,0.2730245257666395,0.22628609891963583,0.8271308177999426,0.8505510662915898,0.9326018500317682,0.8927920864737894,0.6992681033367151,0.8807464579116002,0.9643492641608657,0.4619521706202841,0.5804726366645211,0.21962630643800962,0.35597771287495994,0.9326018500317682,0.9259269310146774,0.8950804192327595,0.9849626103800702,0.4210680833813221,0.5443197562271801,0.10782296761963976,0.36329884726158784,0.3394931699338636,0.6940087543997304,0.35915604422726366,0.29673053518418796,0.17503271284687938,0.20259629453932748,-0.30069689326340926,-0.9966580329172026,1.1412068461303093,0.9573226673286767,-0.2514488899699637,0.7864948371858019,0.3877118442046786,0.5510676117316005,-0.3274726876273199,-0.38877264641517195,-0.5720815871565659,-0.4532713779630891,0.29260628498292734,0.5724010822295057,0.8648734840986108,-0.1556947248045424,-0.1693334213927457,-0.8502794641126201,0.13039772589016974,-0.24094105550418812,2.210591843134075,-0.17146273119261937,0.0372688673366908,-0.24232800007025904,-0.15447125387496177,-0.1670298233445806,-0.4130619302107092,0.6136158074838759,0.43873655881096507,-0.643846754518874,0.9389257873769306,-0.6924870209421516,-0.28851079475219094,-0.3894511154900879,-0.39593298405390087,0.0,1.0,2025-01-07,2.0469079298778947
0.7114093959731543,0.6791044776119404,0.045454545454545456,0.3333333333333333,0.0,0.0,0.0,0.0,0.0,0.0,0.3333333333333333,0.0,0.0,0.0,0.0,0.0,0.0,0.0,0.0,0.0,0.5,0.41457951057526893,0.6151324085750315,0.8270549694846058,0.6382837178431396,0.7052412856343185,0.20692455899488907,0.45502243782463436,0.1842837142430054,0.24399763461118518,0.22225405899735326,0.8148812426426857,0.8355062015002666,0.9236632687553298,0.8974289143522679,0.7059587634647205,0.8700331509619108,0.9583398168243529,0.44216701296938854,0.5553296570261025,0.22720324790777474,0.18545441340768737,0.9236632687553298,0.9223530020668087,0.880504131655129,0.9443396533341342,0.39146416141053736,0.5335505642386571,0.08232153108806467,0.3247269630515112,0.282590924983502,0.733002927387215,0.36234277604817117,0.2989038923985365,0.3214441648095673,0.2800372909956818,-0.21316557469570838,0.8209224867885168,-0.5101187101887469,-0.5129297449908319,-0.24179939854001167,-0.13596365480851222,-0.23463074111969962,-0.6455135189298736,0.5928242820968401,0.27845683124392795,0.364654240498951,-0.6637648798337074,-0.4042297798591996,-0.2965319989585614,-0.4369019778423375,-0.4752698067940086,0.14856279088593555,-0.6872987038256937,-0.5098485142679284,0.06673242351487536,-0.049910284743924935,-0.19701548501829172,-0.4414157622773962,-0.34817421771579055,-0.21947047266385902,-0.3784510366626964,-0.19197101925232307,-0.39257266279332165,1.0335935010111297,-0.7301175043008998,0.2859871983097723,-0.6573519943590527,-0.5080653419167027,-0.47039742454795197,-0.4301108899244168,0.0,1.0,2025-01-08,-1.048389692962581
0.34899328859060397,0.3208955223880597,0.045454545454545456,0.0,0.0,0.0,0.0,0.3333333333333333,0.0,0.0,0.0,0.0,0.0,0.0,0.0,0.07692307692307693,0.0,0.0,0.09523809523809523,0.0,0.0,0.20578452318733034,0.31380832282471627,0.2939554623713095,0.37062740446662323,0.7052412856343185,0.20692455899488907,0.45502243782463436,0.1591090884993246,0.20626783405936733,0.23583704204772774,0.8026316674854292,0.8262998257108305,0.9180005077298093,0.9024418805924018,0.7128306057221946,0.8609680450814037,0.9527755137349891,0.42697217052447517,0.5317489564051943,0.24558716459449936,0.18514518628221405,0.9180005077298093,0.9228127889754745,0.8680535974085772,0.9443396533341342,0.39146416141053736,0.5335505642386571,0.08232153108806467,0.28891021342786866,0.2394640423261862,0.733002927387215,0.49728039618356784,0.39473131910895226,0.33582739809691875,0.2883932576919236,0.1577208270551729,0.7426858623700293,-0.7885089798351491,-0.4255184793821276,-0.47517486594059316,-0.5072958350282633,-0.2028390210180092,-0.662499524778824,0.9605332413985145,0.19243601548550757,0.2354741412194806,-0.5265171875013723,-0.15588621672676137,0.18837780646093757,0.019588407842450813,-0.47704515665226055,-0.2480963932889289,-0.8174280655290111,0.1701801741849774,-0.364883598592851,-0.1795335153623129,-0.17173223175724248,0.8517501271106551,-0.33029259061405664,-0.18492545634530722,-0.3013717235066364,-0.7730125676478143,-0.3155463581116285,0.5684676429977761,0.5543833604897848,-0.15942551664625898,-0.4980176576971147,-0.2827708944174079,-0.4267226269599806,-0.6089650225319363,0.0,0.0,2025-01-09,0.0
0.36241610738255037,0.34328358208955223,0.2272727272727273,0.0,0.16666666666666666,0.0,0.0,0.0,0.0,0.0,0.0,0.0,0.0,0.0,0.0,0.0,0.0,0.0,0.047619047619047616,0.1,0.0,0.18242256432097279,0.25043085329970577,0.33179782556293014,0.34280933885618065,0.7045470398398467,0.1449040691302191,0.425860200176168,0.12843828599313117,0.16168318772803136,0.19108624467245874,0.7902240236467277,0.822571384619428,0.9122943844706622,0.9076623360512311,0.7201441074683806,0.8531667159666929,0.9475519708945594,0.4152988077276412,0.5102214150313742,0.2697474510222044,0.20413799868430427,0.9122943844706622,0.9225485394620614,0.8563667573738505,0.9365190697925301,0.3947963609246344,0.5378349826343345,0.08232153108806452,0.2556518030630574,0.2951385402492871,0.6997487973751753,0.32498209286759555,0.27436982137329846,0.38998258085934046,0.3212336676472524,0.6677151218417914,0.1859352162903843,-0.7834078130474557,-0.46056937770953343,-0.46551520472736313,0.2563815977149675,-0.25464991142944077,-0.6664530332422103,1.0015918499267888,0.4422570699068145,-0.36520249075294925,-0.5875122457662151,0.7090535957306048,-0.4281904301893987,-0.5270203314945503,-0.5096738624918501,-0.2472220382668526,-0.5564359758407125,0.41946625838904894,0.0916600422212753,0.42435789299184873,-0.14294383261041033,-0.6586807941965516,-0.27814122169690203,-0.1909406369079108,-0.3596113819951391,-0.7195456412415133,-0.33217563388371585,0.18369677016474378,-0.6382371302389123,9.559513968008055,-0.47825406242652285,-0.397973885406378,0.5474611554814247,-0.46702864873201755,0.0,1.0,2025-01-10,-1.986656511697682
0.23489932885906042,0.2462686567164179,0.18181818181818182,0.0,0.0,0.1111111111111111,0.0,0.0,0.3333333333333333,0.0,0.0,0.0,0.0,0.0,0.0,0.07692307692307693,0.06666666666666667,0.0,0.0,0.0,0.25,0.13448278657646445,0.19865489701555275,0.22859138049487385,0.21549244705564227,0.7045470398398467,0.1449040691302191,0.425860200176168,0.07813218858790767,0.11709854139669518,0.2071788043690451,0.7773343113300395,0.818842943528026,0.9065882612115149,0.9116586857896117,0.7278771870690276,0.8465655913311678,0.942715357153421,0.40676555048453383,0.49105273628673973,0.29750506253994635,0.2740724316903573,0.9065882612115149,0.9215661307413301,0.8455278544194964,0.9365190697925301,0.3947963609246344,0.5378349826343345,0.08232153108806452,0.22476899343859008,0.34868373013873055,0.6997487973751753,0.32498209286759555,0.27436982137329846,0.38998258085934046,0.3212336676472524,0.330274851756712,0.44647281397519945,-0.6936521744294095,-0.36299892495942576,0.3492670562286049,2.581094865323159,-0.25307551742292694,-0.7027109151717961,-0.011767142324471104,0.21413537047151632,-0.556709094914373,-0.40213614636612516,0.8586848203920079,-0.3026940774377913,-0.8115877097103781,-0.16401128660025896,-0.410786955729156,-0.49575262264807113,0.3099485533261579,0.3731852684753826,0.3383781474322129,0.42799140630249244,-0.7214435310619877,1.7058142893860773,-0.20584466181479252,-0.3351483254707578,-0.7658138542223952,-0.3988304806373203,0.008999152556049259,-0.07400658948378493,0.6656359761691663,-0.45838412454276667,1.5461624947066803,-0.4601817262893176,-0.5270281799378377,0.0,0.0,2025-01-11,0.0
0.38926174496644295,0.35074626865671643,0.045454545454545456,0.0,1.0,0.0,0.0,0.0,0.0,0.0,0.0,0.0,0.0,0.0,0.0,0.0,0.06666666666666667,0.3333333333333333,0.09523809523809523,0.0,0.0,0.24309125489876032,0.35907944514501894,0.4301798407023593,0.3988157425730405,0.7045470398398467,0.1449040691302191,0.425860200176168,0.03509065632878684,0.11046091609404807,0.2096986192671547,0.7776346273540486,0.8251771884459027,0.8988138837919465,0.9156550355279928,0.7351374888787431,0.8409800243318772,0.9382370110968112,0.40078973499711723,0.4743545629481573,0.3265764160241271,0.2740724316903573,0.8988138837919465,0.9162751222339265,0.835427027290788,0.9365190697925301,0.3947963609246344,0.5378349826343345,0.08232153108806452,0.19609209878729889,0.3862142328389514,0.6997487973751753,0.32498209286759555,0.27436982137329846,0.38998258085934046,0.3212336676472524,0.427833159123199,0.19428977675229706,-0.5668653516828622,-0.36528690208515996,-0.322845027078264,0.7106657045882118,-0.09941240105080618,-0.6862119633566155,0.39045524739787646,1.3767648736912284,-0.4690312596290388,-0.5987197564666465,0.3678150731822505,-0.04100225218859772,-0.16445832837660365,-0.33309022207074696,-0.3829006653895519,-0.589444892811038,-0.5426640648111521,-0.19520034481818474,-0.21011341981264442,-0.1843666315606191,-0.7540737252898605,0.8112371616400906,-0.18902010369536665,-0.3165991421665137,0.19934466069405474,-0.39775863878841805,0.979776424145565,-0.6921952930305102,-0.43762782510105946,-0.38363353017906304,-0.18434973763009646,0.03024891945535192,-0.31899907645663494,0.0,0.0,2025-01-12,0.0
0.2684563758389261,0.2537313432835821,0.13636363636363635,0.0,0.16666666666666666,0.0,0.0,0.0,0.0,0.0,0.0,0.0,0.0,0.0,0.0,0.07692307692307693,0.0,0.16666666666666666,0.0,0.0,0.0,0.12734150068127292,0.14277007145859605,0.19558868940460122,0.1930149092294645,0.7342936819660438,0.1754381208394384,0.42900525841199255,0.03718120409248302,0.11557978325770146,0.2397275724803545,0.7842493940801036,0.8222558933517481,0.8860293092508987,0.9204633518968878,0.7428279085142103,0.8418605707262086,0.9371501437499881,0.407515377029037,0.46253030847875876,0.383929627214093,0.34288779744560405,0.8860293092508987,0.883855385128967,0.846821888085175,0.9375450963602447,0.394357148831091,0.537270260034376,0.08232153108806457,0.169463553753957,0.4391123644895263,0.7358288768340486,0.3687160720202059,0.3037592031453652,0.3864594030937678,0.32034361204063905,-0.6347934052420645,-0.27287415961860767,0.8277802835500936,0.1669725813057367,-0.3913456412107445,-0.5489344345278184,-0.29844823977838064,1.1400304474866159,-0.770680423623706,1.5132385937496213,-0.37869420801031245,-0.21568458406836058,-1.383930631046068,1.509688116801455,1.7234619516085583,-0.6500069851545841,-0.07828173384265448,-0.34384864748649807,-0.24849526237229347,-0.5496609085444124,-0.21539180388862467,-0.20009196068149976,0.4600914921616597,-0.34295670772785564,-0.14482542642760315,-0.4005809452394618,-0.6089830345375132,-0.39910633866357836,1.0073131212113666,-0.7886324244474806,-0.4672285918670237,-0.7235012231514159,-0.4320572657761144,-0.36103186643603247,-0.6285918108791236,0.0,1.0,2025-01-13,0.2185976191182437
0.12080536912751677,0.11194029850746268,0.18181818181818182,0.0,0.0,0.0,0.0,0.0,0.0,0.0,0.0,0.0,0.0,0.0,0.0,0.15384615384615385,0.0,0.0,0.09523809523809523,0.0,0.0,0.03822727437327486,0.061160151324085754,0.06117812962734017,0.08202995366216399,0.7101700706231439,0.2734139391072603,0.4299808114045005,0.03838843768760701,0.13152747692391076,0.3342671237520042,0.7853715997175215,0.8164870494973315,0.8717379864093143,0.9259367781787659,0.7501695158294136,0.838058709923371,0.9336624225151695,0.40486566469401336,0.4524664404142341,0.4046447470108225,0.36780891482224776,0.8717379864093143,0.844366488215804,0.8633949780214905,0.9577044177177649,0.5044721793629954,0.4472208841884714,0.29575328099831866,0.17681388720223595,0.4531558097878045,0.6906810617181556,0.42222955870655504,0.3399269438916026,0.24614991545370946,0.23908903997870515,-0.1827315494774239,0.5227823036236064,-0.2810305648813003,-0.8148410717268688,-0.4576270382022579,-0.20382499209039956,-0.10854073318694404,-0.6152644342317648,0.7631871260609345,0.8406230540494356,-0.21271704130121963,-1.2210587527214798,0.17681275473869656,0.06863693538483741,-0.14798544756813298,-1.1247201003166083,-0.4247900788241798,0.6561810155855171,-0.5300598742671331,0.39924884572306707,9.267560107320682,-0.18214757232790946,-0.6233592260054033,-0.277011966932695,-0.03875579326946278,-0.2952046829769771,-0.5675208491857368,-0.3674590128577874,-1.040765294123875,0.7554257225914269,4.690191255664481,1.1538517647402624,-0.5195587707682465,0.03745885546994398,-0.36474156236915156,0.0,1.0,2025-01-14,0.0676580193847087
0.3691275167785235,0.3805970149253731,0.045454545454545456,0.0,0.0,0.2222222222222222,0.0,0.0,0.0,0.0,0.0,0.0,0.0,0.0,0.0,0.15384615384615385,0.0,0.05555555555555555,0.0,0.5,0.0,0.21007840718879395,0.2739806641445986,0.30227373700251947,0.3232217701790828,0.820756731093785,0.2550151712680412,0.48975316123247503,0.058926812202615586,0.13472113436651734,0.31378002992504217,0.8118306907396378,0.823771844397436,0.8661207510977987,0.9344628933133595,0.759574382833122,0.8556856758179592,0.9418080311931583,0.4430381461315478,0.4531234269045459,0.5308010191859903,0.6259058897903566,0.8661207510977987,0.8177215258512169,0.8830429982446999,1.0,0.4805954853653323,0.3781245544952262,0.3465780363765369,0.19127769262431366,0.6485890528717304,0.734126057034933,0.5940882318618184,0.45976490529080527,0.36186987242405366,0.30977757685523954,-0.34117505926644065,0.019445176795989182,0.3014487735023496,-0.15250759610115117,-0.477221497929646,-0.33406902383139436,-0.24689997496727525,-0.22551143980515734,1.053661950884549,0.048729752368709946,-0.5447231276709853,-0.3003201377706467,-0.7584706325478872,1.7035002194958295,1.908907550101851,0.026050955411451245,-0.42167882327139833,-0.29793527949869053,0.948365034242015,-0.5679717991366788,-0.1802839447300454,-0.18192383162601936,-0.37730330127707173,-0.24617073150365545,-0.009749029873529116,6.377206876910869,3.5897718030294734,-0.24749022523557715,-0.13781698036969278,-0.4537437513358316,-0.3804143782364171,0.3233651955733776,-0.5144516089604044,-0.43804794936364677,1.741017156668436,0.0,1.0,2025-01-15,4.142619151100924
0.5033557046979865,0.49253731343283585,0.0,0.0,0.3333333333333333,0.0,0.0,0.0,0.0,0.14285714285714285,0.0,0.0,0.0,0.0,0.0,0.07692307692307693,0.0,0.0,0.19047619047619047,0.0,0.0,0.3270585602846808,0.385708280790248,0.3743827625704174,0.4452257894025246,0.7707741057758785,0.17979164022751135,0.5016230532618728,0.0786194026175917,0.1255837202593002,0.24017650710122454,0.8269095361166559,0.8249067727180128,0.862253076716376,0.9421306176191232,0.7680723397952757,0.8611798264244415,0.9442090322055354,0.45538099449986735,0.456464723082499,0.5623882869568941,0.5336858313915263,0.862253076716376,0.8060952535668706,0.8886372935816389,0.975918846682654,0.44060030191936944,0.34194368805282427,0.34657803637653695,0.20470836908767182,0.6974486454258434,0.6976430560829137,0.5149717375820408,0.4045913670418847,0.33916901332733307,0.29430549479646356,-0.7552682653569421,-0.6266449580779225,1.2456764140189882,1.3106730501628625,-0.5728696534526373,-0.3769867065758327,1.092216048921027,2.186616512620991,-1.584302520126206,-0.930640435193324,-0.29755445083276616,0.9552283656888194,-0.6771762869811017,-0.43379395721886616,0.5352409872236654,0.683225814276772,-0.2160338995471637,-0.1288834363197956,1.569572417525947,-0.2660551579827546,0.2261521840579784,-0.17543944316789448,3.8584108270896866,-0.30341985459362353,0.9011893203478105,-0.31886144401580385,-0.636022379355754,0.16712725033409287,-1.2768061335473482,-0.4043344724028985,0.1359762874236292,0.03213177136128336,0.6863561150411553,-0.30388447166981497,-0.4594555975025035,0.0,1.0,2025-01-16,0.7899379011073959
0.28859060402684567,0.291044776119403,0.2727272727272727,0.0,0.16666666666666666,0.0,0.0,0.0,0.0,0.14285714285714285,0.0,0.0,0.0,0.0,0.0,0.0,0.0,0.05555555555555555,0.23809523809523808,0.0,0.0,0.1469627010511763,0.1681904161412358,0.19342260730348465,0.2079794491082732,0.8147865774132522,0.3335590756486726,0.5034450377676949,0.09165435796240033,0.13344152915054797,0.3951896051369287,0.8520093184791864,0.8380751321597948,0.8611343985735113,0.9509997097345503,0.7773798405307321,0.874124413146034,0.9509593185690435,0.48093449412434225,0.46496714115754156,0.623121122706886,0.7286927192876614,0.8611343985735113,0.8015399005263906,0.8916634826303058,0.9837123309678482,0.49494689750319415,0.295832004460153,0.45897840028591824,0.23407245798172677,0.8164392804657283,0.748357348813947,0.5857371031759339,0.45400273015833936,0.46683862271848314,0.3730865333821266,-0.407069853490785,0.9974483490131404,-0.48169752581891606,-0.8767392055439106,0.2746108353280081,-0.44444373929954073,-0.21677288197566236,-0.669781581518335,0.9528826028490089,-0.007259008261146061,-0.458115908334724,-0.2979652367238614,-1.0996425871961808,1.00755317282261,0.5736315096938316,-0.4429379870027902,-0.34009178233400394,-0.07335199804889841,-0.40716250498575507,-0.822236079446424,-0.20728125646292545,-0.1817145856251712,0.275852108474424,-0.3066612854808808,-0.17811639694535786,-0.08408065907824466,0.21474784108193715,-0.3680676901306854,-0.1306343482502116,-0.6891220794241569,-0.4890017342445092,1.4981167336013845,0.9460624787472657,-0.09630114409107304,-0.050949001727541895,0.0,1.0,2025-01-17,0.120302231984315
0.15436241610738255,0.14925373134328357,0.0,0.0,0.0,0.0,0.0,0.0,0.0,0.0,0.0,0.0,0.0,0.0,0.0,0.0,0.0,0.0,0.0,0.0,0.0,0.18077815905520067,0.32775325767129043,0.26871216624581334,0.35736365982866064,0.8147865774132522,0.3335590756486726,0.5034450377676949,0.1028606031909428,0.14129933804179595,0.39084901172828324,0.8703362654342166,0.8510058478542111,0.8600157204306461,0.9587062798988327,0.7868017715205126,0.8850775249873819,0.9572095837204402,0.500819597052952,0.47630535618724024,0.6564909973391018,0.5995477562107256,0.8600157204306461,0.7968163039344596,0.8948883183639358,0.9837123309678482,0.49494689750319415,0.295832004460153,0.45897840028591824,0.26133911195477805,0.7540401177199655,0.748357348813947,0.5857371031759339,0.45400273015833936,0.46683862271848314,0.3730865333821266,-1.156270172833828,-0.02592671076426796,1.1009384963394628,0.25031860773730974,-0.5147123830057138,-0.7893648405668898,-0.04527954439836657,-0.029649585476229666,-0.45663158937678683,-0.6150044185206377,2.297534551547724,-0.1364516966946198,0.08506021262184237,0.2922962919319504,0.5195280124420952,-0.016800422765851815,0.1764282031859303,-0.7190437884457743,-0.3075142800145192,1.2647392757799478,-0.09611961202029848,-0.10710552178514673,-0.6086985070128709,-0.25308618678379274,-0.06149364008845878,0.5075543916162389,-0.5009796566855688,-0.08496598141675654,-0.10054149752537343,1.5517473299515963,0.09585900191276704,-0.5297183970380029,0.16505633493112415,0.13492765083657066,-0.3693391486110901,0.0,0.0,2025-01-18,0.0
0.16778523489932887,0.17164179104477612,0.0,0.0,0.0,0.0,0.0,0.0,0.0,0.14285714285714285,0.0,0.0,0.0,0.0,0.0,0.0,0.0,0.0,0.09523809523809523,0.1,0.0,0.12660715279808327,0.17884615384615385,0.17678267089157115,0.23272932312344055,0.8147865774132522,0.3335590756486726,0.5034450377676949,0.11095409569760595,0.1604586048987775,0.38054061226979263,0.8941557734778844,0.8639365635486276,0.8619864128734812,0.9664128500631152,0.7972761603425714,0.8943455426992915,0.9629968662680293,0.5160370375796359,0.48884740029887586,0.6706569006760432,0.5995477562107256,0.8619864128734812,0.8030976281391846,0.8916158760715622,0.9837123309678482,0.49494689750319415,0.295832004460153,0.45897840028591824,0.2866581477868975,0.7853164738534405,0.748357348813947,0.5857371031759339,0.45400273015833936,0.46683862271848314,0.3730865333821266,-0.22926492901953638,0.5858225099711379,-0.2920671276580862,-0.9148892846290883,-0.48269882035564354,-0.23282951239507393,-0.11613397176419765,-0.652802839015637,0.7914484118653208,0.8965549278346467,-0.19021345073400106,-1.2151541729293827,0.2587048359868228,0.01916164438819526,-0.19869992090536595,-1.106371738615016,-0.22750795836072937,-0.7378635740252532,0.0035420805842140686,-0.7186862476275874,-0.2125173069793481,-0.18642838852323257,0.324648948388096,-0.3295009556518256,-0.18993461465687433,-0.3411456191000038,-0.5582677813231747,0.20260126618689395,0.3627072728819251,-0.5698367871017482,-0.48791318537346695,0.8668128865695255,-0.5310752937074926,-0.20499835250404372,-0.5495816544887171,0.0,0.0,2025-01-19,0.0
0.10067114093959731,0.09701492537313433,0.0,0.0,0.0,0.0,0.0,0.3333333333333333,0.0,0.0,0.0,0.0,0.0,0.0,0.0,0.0,0.0,0.0,0.0,0.0,0.25,0.17438084155716127,0.21705548549810846,0.1632216533692823,0.20089049767081701,0.8147865774132522,0.3335590756486726,0.5034450377676949,0.1087865540213981,0.1720409129380711,0.3744911380303133,0.8927964648182987,0.8769492279497806,0.8668990548935215,0.9741194202273974,0.8077505491646305,0.9021877115324457,0.9683554612195013,0.5274240595233075,0.5014786950810655,0.6717071464217197,0.5995477562107256,0.8668990548935215,0.8132006043975546,0.89001750916864,0.9837123309678482,0.49494689750319415,0.295832004460153,0.45897840028591824,0.31016868105957934,0.7853164738534405,0.748357348813947,0.5386517404793746,0.41926113403754695,0.5185965814590067,0.4076834460208794,-1.2898164589013774,2.3282499503845413,-0.8075793589889292,-0.8420707940584873,-0.639355891446035,-1.642006998313953,-0.6807759266468425,2.8659066383442404,-0.24379254239314363,-1.762391344858494,-0.4715706590576525,2.9007740199705645,1.7153711614942118,-1.3902685408840272,-0.8594816977595623,2.9742810587218673,1.9304161761521441,-0.651282280253848,2.636484512582948,0.13804627188303262,-0.01565463534253307,0.8064097442664637,0.09828740741597834,0.06819674312768269,-0.1420951704391082,0.7001084665486309,-0.18615048078488622,2.048168055675755,-1.3312963800875766,1.43984910484769,0.8427968108753944,-0.43947053074319475,-0.14436696219155776,-0.3722371908283198,-0.013631117760031009,0.0,0.0,2025-01-20,0.0
0.523489932885906,0.5223880597014926,0.0,0.0,0.0,0.0,0.0,0.0,0.0,0.14285714285714285,0.0,0.0,0.0,0.0,0.0,0.07692307692307693,0.0,0.0,0.0,0.0,0.0,0.5666464347618356,0.7736969314838167,0.8005042336546045,0.8318778500227387,0.8063520312383069,0.2893114667097384,0.5032641003393412,0.10073410638126752,0.17873273178499183,0.3274864562313258,0.9008969903255168,0.8889662793325326,0.8712848795173492,0.9804654514237389,0.8181029797284575,0.9072336075438885,0.9724495430237436,0.532666274393078,0.5127796089236986,0.6560520604349738,0.576622794558299,0.8712848795173492,0.8207118126552704,0.8903714740576028,0.9978485358168634,0.4882019540563027,0.2906193525105,0.4589784002859182,0.33199989052706974,0.7721331507993066,0.7017382055637444,0.5634856467962333,0.4380431906038577,0.5590586459181407,0.43672735717746514,-0.6002030331738233,1.004496985598803,-0.30763370568433995,-0.68793258414843,-0.4775618054167361,-0.4442377056629219,-0.15594489436889997,0.5850161741336077,0.030961485946643334,0.37138932919824613,-0.2650424156566441,-0.8300412031068568,-0.08035725378113066,0.03285580443538237,-0.13223366720196936,-0.8544353165017287,0.793930520784984,-0.1910017040205827,-0.23416239641318098,-0.09245052873667327,0.05471918044280599,-0.18659678823196188,-0.5669220928256046,-0.28992525773478633,0.9035627331987485,-0.37700010176847815,-0.06174273511253336,-0.3312426621224323,0.7759219935816541,-0.6155380204124523,-0.2567275153089723,-0.692064950450002,-0.4019736711274075,-0.3610461556757003,-0.33877722222056433,0.0,1.0,2025-01-21,-0.0119326050671109
0.1610738255033557,0.17164179104477612,0.045454545454545456,0.0,0.0,0.0,0.0,0.0,0.0,0.0,0.0,0.0,0.0,0.0,0.0,0.07692307692307693,0.0,0.0,0.047619047619047616,0.0,0.0,0.07148133755410864,0.10115594787725936,0.1035858058113324,0.10483935397436056,0.7752516415910008,0.1372665182228273,0.5025931277365807,0.08529724519883963,0.14765279790111596,0.18825153594038993,0.8918955167462721,0.897312243715704,0.8790527466473402,0.9864997673751831,0.8279374614146245,0.905641255386378,0.9730413632225574,0.5249350301921177,0.5200566532331924,0.6087016950864323,0.6336156636940171,0.8790527466473402,0.8153188692654816,0.9130732501111583,0.9488437540414518,0.44275169934893427,0.2554943198578128,0.458978400285918,0.3522717278897394,0.7103394490329445,0.669190936631507,0.3392120593470536,0.28592549260458267,0.5265146145093736,0.41397073213718444,-0.04537906689370723,0.5021465044375497,-0.39132921483233907,-0.8382386172284545,-0.4372355049030546,-0.061283743359212065,-0.16634869175070516,-0.6189059826525076,0.7936626470381294,0.6534709840564569,-0.1725678466538388,-1.1323436568973495,0.1696718278567688,0.06773773136355031,-0.1090585032120481,-1.0542261730018672,-0.4589496666007845,1.4663657470309264,-0.4559734003682731,-0.648695183866877,-0.20173896415466658,-0.18081653885562116,-0.6777080543506044,-0.28331751733602184,-0.18563998961814393,-0.3562567432415663,-0.32852740557450766,5.436763017196827,-0.8018421517776715,-0.4742393539467874,-0.4349369059140269,-0.4468128476871832,-0.5075121610291713,0.17043416228255326,-0.026008458126503715,0.0,1.0,2025-01-22,-0.0442551142935121
0.261744966442953,0.2537313432835821,0.09090909090909091,0.0,0.0,0.0,1.0,0.0,0.0,0.0,0.0,0.0,0.0,0.0,0.0,0.15384615384615385,0.06666666666666667,0.0,0.09523809523809523,0.0,0.0,0.22495820751448617,0.3240962589323245,0.3024876919455278,0.37220067847441585,0.7657758326513838,0.0780080067376582,0.46959299451781167,0.06457707164817562,0.11913252074895475,0.1366092906177521,0.8807365527844608,0.9010283937514574,0.8794733351721594,0.9916586419561012,0.8376143512696338,0.9025078327784133,0.9726146600705372,0.5148548267461206,0.5235787465967204,0.5645157945016723,0.6117157891463125,0.8794733351721594,0.815781786650551,0.913411093342396,0.896142803003722,0.418071118732189,0.2948543957132832,0.380463347244519,0.3592954826482338,0.6337349147856014,0.6421280874987243,0.40332948587080275,0.3269870358131373,0.6058042372350618,0.4748582282282726,2.159945423108784,-0.921342765767633,-1.2190784568121775,0.9387247229325789,2.8437235048221647,-0.4482633505900936,-0.21073470656094673,-0.6684858203279027,-0.8623282555633748,-0.6046102354669735,0.2359412091714629,0.8204788939626662,-1.1666157055684447,-0.17597191312284402,0.3061275663331939,0.7828310542989816,-0.2586848088225898,0.08284771960593064,-0.39146922423495795,-0.028897400488476197,-0.2011059608427487,-0.09610498545478756,-0.4690649243417177,-0.3263076575068631,-0.18835182855077232,-0.34771843079920894,0.7600120303161563,-0.36872018736570467,0.625416212508529,0.20862354226227497,-0.30073067885205024,-0.36367235300129874,-0.4734071603502102,-0.37297455318240846,0.5373360205510596,0.0,1.0,2025-01-23,-2.177542361706619
0.2818791946308725,0.2761194029850746,0.0,0.0,0.0,0.0,0.0,0.0,0.0,0.0,0.0,0.0,0.0,0.0,0.0,0.07692307692307693,0.0,0.0,0.0,0.0,0.0,0.3612398680584344,0.45934216057166877,0.467293402227954,0.5541565776373849,0.7456438698091051,0.11109925355053821,0.4731890387191118,0.030793257306056438,0.09426967026416166,0.17981411117102306,0.8649938623575837,0.9052157175919029,0.8786364916994255,0.9951727392273079,0.8469118136454533,0.896061902473541,0.9701487842539296,0.49924127531014484,0.5228345865685193,0.5143132083829755,0.5657494527168644,0.8786364916994255,0.8152004590877813,0.9123377567499613,0.8530340697414964,0.3908032445393363,0.30519119725895516,0.3358429761549804,0.3591115070479843,0.5304656137949152,0.612002618589294,0.3017965481487245,0.2615769582685924,0.4715603570729855,0.3757012570399289,1.3566324370631424,-0.5125502588595758,-0.8227994181229832,0.1814671131344752,1.1786773168088212,0.6925556087840357,-0.26059942332064,0.31172647609195814,-0.8835194291599379,0.2016645804595185,-0.48518306341969675,0.22975123153591,0.027444457968786733,-0.07680315217876305,-0.07831482795688033,-0.11057918558617925,0.5991966730309388,-0.6996740797895366,0.03789579952952562,0.4307137188734968,-0.08533789511319624,-0.15260438546928784,-0.47671180216063114,0.31579778175978296,-0.18496786923556044,-0.3489827303289965,0.12093988830523655,-0.2956162999618847,-0.15472610780579657,1.5285220111702358,0.9818352533391881,0.7089020787432389,-0.4800624031463817,-0.4126920785883316,-0.10054382093410806,0.0,1.0,2025-01-24,0.2425701579980677
0.0,0.0,0.09090909090909091,0.0,0.0,0.0,0.0,0.0,0.0,0.0,0.0,0.0,0.0,0.0,0.0,0.0,0.0,0.0,0.0,0.1,0.0,0.06388669845039463,0.07670239596469104,0.09870435886623075,0.08613982472744258,0.7456438698091051,0.11109925355053821,0.4731890387191118,0.036152066679915384,0.06940681977936847,0.188943947927784,0.8492511719307068,0.8963494026778274,0.8777996482266915,0.9968175136456267,0.8562313591871634,0.8906076537540331,0.9678655659052189,0.48666436636876514,0.5193701565924989,0.48230278289201145,0.5703890934826752,0.8777996482266915,0.8145959451001232,0.9112917965793903,0.8530340697414964,0.3908032445393363,0.30519119725895516,0.3358429761549804,0.3589406725620385,0.47580669151645755,0.612002618589294,0.3017965481487245,0.2615769582685924,0.4715603570729855,0.3757012570399289,-0.7273626348415857,-0.8009208990278607,1.3701528938032894,0.30160516368209933,-0.50728853220367,-0.4951534661674877,-0.2606586045748359,1.179101474110609,-0.2953460208830928,0.17057491414281487,-0.30317690371131534,-1.2030469859104271,0.164255336833945,-0.0535422474134387,-0.28765563095493274,-1.4511524852644948,-0.22711812504392823,-0.4271633330686198,-0.4057602602977686,0.03157984595810131,-0.12852336312287138,-0.1672983225426563,-0.5579937834799901,-0.27010489557781425,0.1604261255983549,-0.31571091889158803,-0.3018852881379425,-0.3577250729077199,0.3401144509412076,-0.23013306534909772,-0.33378597301343677,0.8487513841944145,-0.449693413483145,-0.12146579606961848,-0.32264362969826615,0.0,0.0,2025-01-25,0.0
0.060402684563758385,0.05970149253731343,0.045454545454545456,0.0,0.0,0.0,0.0,0.0,0.0,0.0,0.0,0.0,0.0,0.0,0.0,0.0,0.0,0.0,0.0,0.0,0.0,0.060000389144385005,0.11986128625472889,0.09642085558267158,0.15170878452291695,0.7456438698091051,0.11109925355053821,0.4731890387191118,0.03929663501482125,0.05086025875823463,0.1960722703428431,0.8354288929821245,0.8933830320438827,0.8768305611888473,0.9984622880639459,0.8655604407110365,0.8859925202221421,0.9657514748415978,0.476609919882597,0.5143049463230198,0.46346580741013726,0.5703890934826752,0.8768305611888473,0.8138251474977096,0.9101640870747316,0.8530340697414964,0.3908032445393363,0.30519119725895516,0.3358429761549804,0.3587820405393745,0.4359586017189812,0.612002618589294,0.3017965481487245,0.2615769582685924,0.4715603570729855,0.3757012570399289,-1.0501920980412038,2.480224022088504,-1.1623421395445874,-0.8788893507400016,-0.4669754991639282,-0.64495639222485,-0.4176856253341827,-0.7108084373309452,2.0584504697984043,-0.7040168510574035,-0.7026381527340684,1.404696699969837,2.0765953705768827,-3.496171304722176,-2.4851286337704055,2.2779470389977874,-0.5444965298384215,-0.8153066261502306,-0.5048031452366346,-0.8128113298248998,-0.21417669654191865,-0.1951111034727248,-0.7617868801286163,-0.3110273470551624,-0.1901076185155452,-0.3468353664987192,-0.8373877567029699,-0.3528272793045523,1.233652374249157,-0.8001808174026184,-0.4900181975508603,-0.2241319479370807,0.3858423263944774,-0.2867569613491999,-0.6374899253377871,0.0,0.0,2025-01-26,0.0
0.08053691275167785,0.07462686567164178,0.0,0.0,0.0,0.0,0.0,0.0,0.0,0.0,0.0,0.0,0.0,0.0,0.0,0.0,0.0,0.0,0.0,0.0,0.0,0.08441741572456793,0.14043715846994537,0.12461718154161594,0.22163497584778574,0.7129122038061596,0.12089654695017135,0.4703825077919803,0.04094373672374729,0.03965558408686265,0.21162567038686267,0.8212351984561461,0.8813577907919037,0.8774354292823584,0.9992136164105111,0.8744162428323247,0.8759179796593783,0.9604271932080839,0.4569500105975939,0.5057678697410527,0.42261106871055565,0.5041040951903845,0.8774354292823584,0.8131827531177969,0.9121944851831976,0.8303704487814538,0.40120936683009417,0.3147444186672399,0.3358429761549803,0.35863473937547224,0.3398546891871524,0.58097040280831,0.24998625107811667,0.22811957492762508,0.4350937768277209,0.35066335059442344,1.000555041022421,0.027987784165261695,-0.9574700329567204,-0.9276817453497678,-0.11901426742538775,-0.43555570120088966,-0.29758134558039806,-0.4375660890268342,-0.9485360030135159,-0.21352787977339474,3.145857650983159,-0.16247900826283662,2.462175636941254,-0.17058084263956078,-0.12776790986332004,-0.30711068853878243,-0.2240572059544923,-0.8130166021759856,-0.10946761582617684,-0.1604291674864028,-0.04689614885623979,-0.14130607709760698,-0.12532525495984728,-0.14822628237891933,-0.14263424983317052,-0.32572034870227384,-0.68633247361471,-0.32121468493042316,0.9004507226555304,-0.7383688663822141,-0.12905447829613712,-0.7518243820661874,0.11298633537698878,-0.3855829075576992,-0.23272168383103933,0.0,1.0,2025-01-27,-0.1888556529740737
0.16778523489932887,0.15671641791044774,0.0,0.0,0.0,0.0,0.0,0.0,0.0,0.0,0.0,0.0,0.0,0.0,0.0,0.0,0.0,0.0,0.0,0.1,0.0,0.12830117397294258,0.1555590584279109,0.2177429051919921,0.17719920353003357,0.716174968371511,0.06774057708503986,0.41997078311893254,0.07080642749044742,0.024272204609320336,0.15680786106613528,0.8099418737033168,0.8697176859550757,0.8781183414570203,0.9999999999999999,0.8833192224869565,0.8680083505439864,0.9558329118407478,0.4428507461056703,0.49572181981554114,0.40485441966177516,0.4619107493255651,0.8781183414570203,0.8125013458901456,0.9144350572880315,0.7963305715503619,0.36094143209131263,0.3119775678928839,0.2907054913860429,0.3517142086775085,0.2630867375343472,0.6070829936057898,0.2685016894406935,0.23954804859818138,0.4991283779027974,0.39504846099982915,-0.1323056060877119,-0.43242642386513014,0.4968595753517001,0.3186798189211765,-0.5751992144615359,-0.33785507701971884,1.7505852114237914,-0.4682214252333313,-0.6932325517815121,0.501928698224672,0.5484086555427307,-0.30387667989632333,-0.897285658506329,2.34433513753974,2.235713765866062,0.06549728895344938,-0.1934054146783084,-0.3213669937852737,-0.2607710601854323,-0.44421999862709427,0.11491954014492477,-0.15004287562922441,0.1680095483487053,-0.19359755600929224,-0.18050175834452126,-0.29618823625589596,-0.4494887198041245,-0.34129329181474666,0.7669820402512244,0.4583165820724825,-0.34962231087775547,-0.7122787243559717,-0.10524211998178648,-0.44344647477287885,-0.3478819664260805,0.0,1.0,2025-01-28,-3.398698794139965
0.3691275167785235,0.3880597014925373,0.045454545454545456,0.0,0.0,0.0,0.0,0.0,0.0,0.0,0.16666666666666666,0.0,0.0,0.0,0.0,0.07692307692307693,0.0,0.0,0.047619047619047616,0.30000000000000004,0.0,0.27084416767150593,0.37216267339218156,0.4685364860920819,0.45450411140746566,0.6849705583747742,0.17805184766431695,0.42352341683521066,0.08262495446291597,0.02108103369403913,0.2856044336160537,0.7961275295420696,0.854394215566636,0.8768522423056607,0.9988734816685257,0.8918638546049812,0.8554340246974648,0.9483692517578548,0.4209522893664852,0.4826894038316866,0.36971274253669517,0.4455970239349323,0.8768522423056607,0.8145444121990943,0.9093604358021246,0.764810366098305,0.3323262412713513,0.307118190641288,0.25998291238075494,0.3406706790246428,0.14088860439922285,0.5707610117637909,0.26833703771765216,0.23743780342633203,0.464368795851329,0.37018061650567047,-0.4099870075129259,0.17590143554826987,0.23051845707022295,-0.36011863457560245,-0.35950501280770125,-0.12203258351504748,-0.11618330752609952,-0.5504187453608562,0.5587076421550431,0.6099992015948157,0.0528798805484791,-0.8196774045244828,0.3253201930647093,-0.3083305981163384,-0.30081078132636035,-0.7271946909026227,-0.4772353221220198,-0.4757368735034773,-0.36815448425505226,-0.6046186163216509,-0.18213211012917196,-0.1598902033924347,-0.31869064101515404,3.2536027946889448,-0.14490554531162875,-0.37163106449341776,-0.6650421894301368,-0.3910250759218558,0.9533766117691149,-0.7662682837599607,-0.43902625601684175,-0.31177960945721755,-0.19620570473743623,-0.28012069797119327,-0.5067484660930501,0.0,1.0,2025-01-29,0.2479411313686119
0.020134228187919462,0.029850746268656712,0.0,0.0,0.0,0.0,0.0,0.0,0.0,0.0,0.0,0.0,0.0,0.0,0.0,0.0,0.0,0.0,0.0,0.0,0.0,0.04826692926706277,0.0562421185372005,0.10049503189848036,0.08026923880578671,0.7237765043347196,0.35145021170552737,0.4075107230421757,0.09430365176055135,0.04390964979812906,0.47005445187956574,0.7911486796091811,0.8436513953030187,0.8780533047227278,0.9965531738671854,0.9010137627434603,0.8521085486602107,0.9454500477227634,0.41821040597662007,0.4716379800732771,0.3930238128522039,0.28492808825536936,0.8780533047227278,0.8135622208265354,0.9130457133309811,0.7972636891182074,0.3857439110180955,0.25334324682042275,0.3991333530576877,0.3513290112122703,0.18364664336767877,0.6231311425907506,0.34476125835498506,0.28785220096528047,0.504976066000974,0.3992153940430944,0.346753523812131,0.29581311084465467,-0.5789121870901452,-0.9442067191221933,-0.3195851451738273,-0.547021138644916,2.738952856315719,-0.6913033088398065,-0.4569939018448647,0.18650230135830248,-0.528486142405315,-0.3220468474398509,-0.10019834581655036,0.8169456370425325,0.6578733329467394,-0.26763622791859076,-0.41322601884397175,0.7128358087927219,-0.2117565903728603,-0.7724583452029837,-0.23556971112589226,-0.19868474002216474,0.8037061271859249,-0.3647241972430712,-0.2322539782671758,-0.39082161027711704,-0.842348964494458,-0.3978964860062476,0.8021151721256535,-0.24201324651199674,-0.46602805020553917,-0.742346328880668,-0.5568933883193032,-0.48665301931813887,-0.7214323196307407,0.0,1.0,2025-01-30,-1.114774644886496
0.16778523489932887,0.18656716417910446,0.0,0.0,0.0,0.1111111111111111,0.0,0.0,0.0,1.0,0.0,0.0,0.0,0.0,0.0,0.0,0.0,0.0,0.0,0.0,0.0,0.2079645965086182,0.2847835224884405,0.3530950925284563,0.3017935938248995,0.7387713237082026,0.2676638554633871,0.349382220163829,0.13213777379574101,0.057477736813833946,0.367620809076458,0.7895839106051905,0.8356741750929271,0.880190935810493,0.9952741143404845,0.9105973022867281,0.852120982625066,0.9442894530658175,0.421999813839211,0.4636612981085533,0.42920544003579253,0.414852777711464,0.880190935810493,0.8122716183049687,0.9190645522558665,0.7904009942393515,0.40243028365684036,0.21899175237249568,0.4666606746272678,0.37137477265394564,0.25009374009093044,0.6677467831414283,0.400362736800029,0.3248835767435391,0.5213933982399074,0.41096699561390543,-0.5600511979832503,0.6937856917306847,-0.07675367058583508,-0.9442067191221933,-0.51339860281249,-0.4832662732838806,-0.21190623113479176,0.09819425001983689,0.5751475612390966,0.34338700564815516,-0.32441637813069363,-0.6076976733256216,-0.15850435081844677,0.28260407669232857,0.29484194600813707,-0.5611836331871145,-0.14257595215174448,1.4229960910091117,-0.13418921847749055,0.13715089231973332,-0.12141444304005614,-0.16059719849398743,-0.32133373390739706,-0.22752205661120692,-0.16829816226847688,-0.3451606947239287,-0.49805251156285985,-0.005723441456922209,-0.02492806163252475,0.251328716072351,-0.05002878646683881,-0.31169090133318506,-0.3980446937178056,0.4652764131309081,-0.3698248262769518,0.0,1.0,2025-01-31,-4.092422027050969
0.4429530201342281,0.45522388059701496,0.13636363636363635,1.0,0.0,0.0,0.0,0.0,0.0,0.14285714285714285,0.0,0.0,0.0,0.0,0.0,0.07692307692307693,0.0,0.0,0.0,0.0,0.0,0.2994446044860781,0.4203867171080286,0.505491416116396,0.4130028638503423,0.7387713237082026,0.2676638554633871,0.349382220163829,0.14635544779646228,0.07104582382953895,0.35996542575880575,0.7954716192795459,0.8313680418824161,0.8823285668982589,0.9922773247793758,0.917830502516554,0.8521315036722514,0.9432148283834603,0.4255048982111917,0.4580795484045318,0.4573874962867061,0.2519643873148517,0.8823285668982589,0.8107107679928591,0.9254024751946517,0.7904009942393515,0.40243028365684036,0.21899175237249568,0.4666606746272678,0.3899886939926443,0.3619710182965012,0.6677467831414283,0.400362736800029,0.3248835767435391,0.5213933982399074,0.41096699561390543,-0.5688742775245079,-0.14310200105977608,0.6542196818290053,-0.1239926390925112,-0.4173225161146869,-0.41018110321561885,-0.16301711553406467,-0.3468974935904965,0.8217662223073637,0.383985168468622,-0.2952674570476692,-0.43708063395048385,0.4064775936977525,-0.4434828635605865,-0.14804393840730337,-0.29910221808207255,-0.4979354494280373,-0.12872394226432843,-0.5260495172620949,-0.8128270577772247,-0.23551485211726908,-0.19771711586193386,-0.7819234027470281,-0.36516989037853476,-0.21382397253398733,-0.39017524745343485,-0.7485253142727689,-0.4017014280975235,1.2777281854984586,-0.4150523993558912,-0.5044407950704775,-0.7549079877319378,0.39158382160701477,-0.46276881106785456,-0.6152805117101612,0.0,0.0,2025-02-01,0.0
0.3691275167785235,0.3880597014925373,0.0,0.0,0.0,0.0,0.0,0.0,0.0,0.0,0.3333333333333333,0.0,0.0,0.0,0.0,0.0,0.0,0.0,0.0,0.1,0.0,0.24244035686702017,0.41432324506095,0.5075880616528952,0.3449464718101255,0.7387713237082026,0.2676638554633871,0.349382220163829,0.1589000171712345,0.08123911945054119,0.35435645705558694,0.8006164485633203,0.8281804322467936,0.8826082380880119,0.9892805352182675,0.9246265592941928,0.8521404060967928,0.942219805529426,0.4287472780321578,0.45435381514614115,0.4792279302445538,0.2519643873148517,0.8826082380880119,0.8106701933581513,0.9260384748973367,0.7904009942393515,0.40243028365684036,0.21899175237249568,0.4666606746272678,0.4072730495214359,0.40499603693032044,0.6677467831414283,0.400362736800029,0.3248835767435391,0.5213933982399074,0.41096699561390543,0.31895774466088944,0.07611812341333844,-0.36325429545366095,-0.3613133112866177,-0.0708185714256314,0.16566903911304756,0.04721451778895636,-0.6459672805389459,0.5334546388421462,0.49192262948066473,-0.326765462235373,-0.6145348159863988,0.3284388444778028,-0.015926066131514212,-0.13171042771116015,-0.5120968161181133,-0.46282419061564617,0.009429018612293024,-0.5796075969723703,-0.7463537036078378,-0.22772035753149525,-0.1645209174684559,-0.6595114714816699,-0.28403525352623166,-0.22353041561607442,-0.37563356899229433,-0.8272073188756296,-0.41010597598020404,1.3405242471888175,-0.4870907648336313,-0.48592416798237925,-0.538203181995654,-0.5327529108788284,-0.4806471714291682,-0.7060557384243861,0.0,0.0,2025-02-02,0.0
0.4899328859060402,0.5149253731343284,0.045454545454545456,0.0,0.0,0.0,0.3333333333333333,0.0,0.0,0.14285714285714285,0.5,0.0,0.0,0.0,0.0,0.07692307692307693,0.0,0.0,0.047619047619047616,0.0,0.0,0.43147572738922496,0.6242328709541825,0.7501886924530359,0.7058761169630895,0.6661575989857699,0.3262947494721783,0.35688037457855426,0.15742409420699074,0.08708379756479712,0.41440254664914655,0.7963330381222637,0.8187978804918528,0.8798592418494541,0.98430167584431,0.9303726670636433,0.8384613421054499,0.9338294165144523,0.40579910081465176,0.44613818546247175,0.42639365359538006,0.1459215287185563,0.8798592418494541,0.8165006273958506,0.9133738365198758,0.836403220365592,0.3810070858712165,0.20261693362666028,0.4666606746272676,0.42332280822674245,0.3184584590614695,0.617704809260692,0.33723422663320457,0.2809295967522781,0.4142815893039937,0.3354255441681823,-0.45863468942812397,0.9817739320865514,-0.4200622146327343,-0.922992506807827,-0.4881395963051681,-0.3949842622497664,-0.09514418386661996,-0.672805423839507,0.19521297462675868,0.4492091388658504,1.2479721525930019,-0.7335901016067126,-0.008407409497638534,-0.16172315810429222,-0.31211860683724457,-0.7717856355150858,-0.23983608571868972,0.3056494590344908,-0.24897190804315855,0.5567936775609615,-0.1424992404539724,-0.17615594110099492,-0.45592804819707844,-0.273561542416737,-0.18857391504422674,-0.3483554717035381,-0.5828878724586325,-0.33581704915739574,0.09803851685829229,0.09528853720536039,0.04453116027463693,0.20198231362018632,-0.19026340744070636,-0.31733904419083314,-0.44983372042051045,0.0,1.0,2025-02-03,0.5504181321524859
0.5369127516778524,0.5597014925373135,0.0,0.0,0.0,0.1111111111111111,0.0,0.0,0.3333333333333333,0.0,0.3333333333333333,0.0,0.0,0.0,0.0,0.0,0.13333333333333333,0.0,0.0,0.0,0.0,0.4959463045606101,0.7833858764186633,0.9241882555107511,0.9229971484408608,0.6957653707676653,0.11482054062784822,0.2641566817741283,0.19245308684698287,0.07158871562893998,0.19220085404638373,0.7899553503004813,0.8129102272673709,0.8720523460627388,0.9775927719951992,0.9365468846805908,0.8324673699163638,0.9291060029199509,0.39912059773191944,0.43804215106661737,0.4278009757079301,0.25412132219056904,0.8720523460627388,0.8083868348885388,0.9065375163698022,0.7953540881060117,0.39036129200356334,0.17510243355191507,0.5190061150663731,0.4460931964410046,0.29100147624987516,0.6481746860874793,0.37893520971465283,0.30990172411373595,0.4705071170186056,0.37460821531741834,-0.11813858977764959,0.5824698064237885,-0.3928283335390294,-0.6711546956745691,-0.0004602749130222649,0.3309112624353568,0.14784502465150146,-0.25179760922417976,0.18283076745896726,0.2349267745861879,-0.4239959538114951,-0.31526916128072663,0.6365491929643936,-0.10417920745042493,-0.15217986064574737,-0.06949468163392857,-0.06765324335892513,-0.48841123623251126,-0.36506343878523334,-0.6960640697038786,-0.2100996115628985,-0.07474188266521095,-0.29638920366326166,-0.237992993234777,-0.20463755411671214,-0.3639941350926585,-0.5233120879676226,-0.19480381954568426,1.1756604588085398,-0.23607928678929685,-0.4490982976360229,-0.7222503427571191,-0.4675466943889631,-0.34604218881312326,-0.5552749390073559,0.0,1.0,2025-02-04,-6.769322279673162
0.32885906040268453,0.34328358208955223,0.045454545454545456,0.0,0.0,0.0,0.0,0.0,0.3333333333333333,0.0,0.0,0.0,0.0,0.5,0.0,0.0,0.0,0.0,0.0,0.0,0.0,0.23220688645037085,0.3255464480874317,0.40737980841153415,0.3877720965105274,0.6470323666944001,0.11569216747233987,0.28091758979377146,0.1921485956405083,0.06450408922170103,0.19587106168578003,0.7690678547077252,0.8012701349341598,0.8643235009733231,0.9679581403389662,0.9423517139438037,0.8182101077550838,0.9197197790202727,0.3772708103288034,0.42658085017788744,0.3882006366262229,0.2004636429663203,0.8643235009733231,0.8134256908098219,0.8843358701840975,0.7752502757087001,0.3551309146588972,0.2166553918952367,0.4152180125338292,0.4516387259909415,0.17863666596798575,0.6176241395407835,0.3511895500145537,0.28974589095509706,0.30379202998109545,0.2654677040208318,-0.3169021370246793,0.6712731707903492,-0.28411665300526284,-0.7766764099288663,-0.4536830250816141,-0.24000399918953372,0.0011700607619487408,-0.6608405894317323,0.6473565992305221,0.8861532629094234,-0.07347244854344104,-0.9597862426358331,0.2997591971300294,-0.05009457889729286,-0.27831446590681014,-0.8504611882926831,-0.39261906575396693,0.16595870990809378,-0.2766629167594638,-0.24206994361945952,-0.0301371114606727,0.2905991281365931,-0.33250923022653633,-0.27063581316546825,-0.20129829773511088,-0.25487193044114004,2.0741306101847616,0.43443400885279754,0.09238977176899542,-0.2225949731344761,3.1677939968190456,-0.342389452748669,-0.18480216863791193,-0.46110082494585836,1.406208791163082,0.0,1.0,2025-02-05,1.31248144668894
0.16778523489932887,0.1791044776119403,0.0,0.0,0.0,0.0,0.3333333333333333,0.0,0.3333333333333333,0.0,0.0,0.0,0.0,0.0,0.0,0.0,0.0,0.0,0.0,0.2,0.25,0.13387750491429906,0.16187473728457336,0.2487200808851299,0.21877573470667044,0.633668929603593,0.23507158761839939,0.26566158587283084,0.17935463368184873,0.05361871016176767,0.33344116497343823,0.7451377178813621,0.7919162664769384,0.853010986269141,0.9617229622404856,0.9481133816301829,0.8036274633026348,0.9096542634398346,0.3564226484998966,0.41265583149901336,0.35920915553612603,0.2206903524602677,0.853010986269141,0.810082080308067,0.864495733890031,0.7491211831630484,0.324658028271885,0.3344066845923249,0.2145639708405631,0.4266316793919493,0.1914086026134218,0.5760249378880538,0.2686116808157607,0.2341139770455124,0.3421110357987448,0.2874447767821964,-0.12514152888145627,0.5324964284050918,-0.34313868480142007,-0.8494110725116257,-0.40014319711580865,-0.151074295431551,-0.11123562677969866,-0.6756552987127011,0.7386191762387532,0.8880380190383385,-0.19866907813918766,-1.192907099912231,0.2958834532590543,0.011217772924259269,-0.2119325044134414,-1.0817692423635286,-0.564653347079221,1.0714836065848634,-0.5144999832820949,-0.5833935766519218,-0.20826743405342177,-0.19898374097199312,-0.5782304175844927,-0.35882209727303055,-0.22074848630500604,-0.3914767634485656,-0.8723534227616766,-0.3982891796869309,1.0306597461608578,-0.8122010312361834,0.18687333316600116,-0.6635076762019778,-0.40263661842689025,-0.44168148883317576,-0.7142518666882504,0.0,1.0,2025-02-06,-1.1791619839534806
0.37583892617449666,0.3731343283582089,0.0,0.0,0.0,0.1111111111111111,0.0,0.0,0.0,0.0,0.6666666666666666,0.0,0.0,0.0,0.0,0.0,0.0,0.0,0.0,0.1,0.0,0.4091875908341364,0.8114649012189996,0.6025298619567224,0.7338339950097714,0.5895869698305499,0.19111586695432467,0.2679083296644422,0.17500296513758176,0.037875103007582345,0.29212793038424945,0.7111708227306046,0.7769738313172276,0.8389451351333498,0.9546597095637558,0.9533365236396133,0.7829795150873253,0.8958000567556796,0.3256198668259648,0.3944889452090205,0.3092935259431542,0.1858487075918392,0.8389451351333498,0.8107882036591458,0.8340843214919968,0.7479047507524976,0.3265667713711266,0.2922826303611732,0.2719370271989204,0.4120334959325543,0.08593273548537306,0.5384938712368186,0.175100232993925,0.17150663612695427,0.24992736944373461,0.22932019507542162,-0.34740171449477875,-1.2817421920149368,1.4309734092507866,1.0069629214840252,-0.1788855694327014,-0.36763273292873655,-0.3534545050816955,1.995992634838212,-1.2271472752756138,-0.36510191138655884,0.08683399587699343,0.3557611593935163,0.6651451167500845,-1.0970748615518155,-0.7015864163734042,0.30926571770519795,-0.22124173205631087,-0.30521572496135474,1.8788025076333466,0.20958259237476556,0.24392223194893975,-0.18420668889842964,2.239514723063251,-0.12674341181500945,-0.20834009849615073,-0.37267810929320466,-0.6623509135687948,-0.3255738054949514,-0.5487646205987916,-0.3951494583740142,4.076204089341922,-0.7559920239416899,-0.2793983338590581,-0.28747209962864767,-0.5934141115045295,0.0,1.0,2025-02-07,0.175726676487109
0.37583892617449666,0.3582089552238806,0.0,0.0,0.3333333333333333,0.0,0.0,0.0,0.0,0.0,0.16666666666666666,0.0,0.0,0.0,0.0,0.0,0.0,0.0,0.0,0.0,0.0,0.23214078595275248,0.3038461538461538,0.4176411778022029,0.4119442839759584,0.5895869698305499,0.19111586695432467,0.2679083296644422,0.15335126906082117,0.02213149585339691,0.30017418754023284,0.6937369131781601,0.7657147617091282,0.8248792839975584,0.9490280576089544,0.9589461179888498,0.7655081742897558,0.8829720876036844,0.3031211553731844,0.3748229272847087,0.2916526879373604,0.20711295754194842,0.8248792839975584,0.8056544100650407,0.8105681519226493,0.7479047507524976,0.3265667713711266,0.2922826303611732,0.2719370271989204,0.3984780398631162,0.06536469582761932,0.5384938712368186,0.175100232993925,0.17150663612695427,0.24992736944373461,0.22932019507542162,-0.3032068743231339,0.375934366751938,-0.04183424729446548,-0.41313748344513573,-0.47407120272952846,-0.31575014980649485,-0.24100064151346454,0.05375215938043206,0.620648737697427,0.23669409719508094,-0.3667930481272265,-0.5184556959006177,0.44740046490162666,-0.051725154095853605,-0.2569869724406615,-0.4710957359849018,-0.2875236492084424,-0.41919781978735404,0.5503187728447638,0.2971494185295359,-0.15040159642885484,-0.1466693989798042,-0.6914795270236826,-0.3080844502182717,-0.21085748707331992,-0.39860926259504953,2.373309791884133,-0.23843625548793276,0.2143307676636707,0.24569617674473238,1.122971992747953,-0.1948549396059881,-0.5147005350610774,-0.4609599905042032,1.6369774762094123,0.0,0.0,2025-02-08,0.0
0.5033557046979865,0.46268656716417905,0.045454545454545456,0.0,0.0,0.0,0.3333333333333333,0.3333333333333333,0.0,0.0,0.0,0.0,0.0,0.0,0.0,0.0,0.06666666666666667,0.0,0.09523809523809523,0.0,0.0,0.384268081566825,0.694777217318201,0.6854314748608588,0.7202752614953477,0.5895869698305499,0.19111586695432467,0.2679083296644422,0.12361942490016825,0.006387888699211475,0.3085065385305755,0.669561786778083,0.7498750419762057,0.810813432861767,0.9433964056541532,0.9645993770582127,0.7507247320764276,0.8710943383888738,0.28738487741507085,0.35550028129105504,0.29569327281050173,0.20711295754194842,0.810813432861767,0.7955915173861496,0.7928718142850355,0.7479047507524976,0.3265667713711266,0.2922826303611732,0.2719370271989204,0.3858908306557807,0.006197487111391143,0.5384938712368186,0.175100232993925,0.17150663612695427,0.24992736944373461,0.22932019507542162,0.7058476742968226,0.1989298534531566,-0.830199409092191,-0.20684088564097672,-0.18808604882279611,0.8752780308675221,-0.24657426709479607,-0.6907909520557887,0.8632670162273106,0.006038441341597729,-0.4452607042616598,-0.4579624829711689,-0.4061095736447771,0.632078260044699,0.8297985823962543,-0.35608948166791127,-0.43341975478494443,-0.555970192794879,-0.1120900335911308,-0.02225980516489526,-0.18436927921732238,-0.18944151133784695,-0.35355121820738605,-0.2828948474911555,-0.19947549589069222,-0.20361639938137405,0.8129621274844886,-0.029770644936662188,0.7541432737113731,-0.40275530780724483,-0.3638886747177203,-0.7468954365026907,-0.35819992754796476,-0.35020798454158,2.6047102188945503,0.0,0.0,2025-02-09,0.0
0.6375838926174496,0.6716417910447762,0.09090909090909091,0.6666666666666666,0.16666666666666666,0.1111111111111111,0.0,0.0,0.0,0.0,0.0,0.0,0.0,0.0,0.0,0.0,0.0,0.0,0.047619047619047616,0.0,0.0,0.45019059967690206,0.6952606137032367,0.8631693219096073,0.7569629666048009,0.5517876484944776,0.2327451342339952,0.17056121520667444,0.16561615806917052,0.000135866403349727,0.36121568522083936,0.6478760853444501,0.7278035069570188,0.7949134730413027,0.9367329805180037,0.9697060816008837,0.731091061074745,0.8562083718504729,0.2636189258431144,0.3346205669956059,0.27737067254837816,0.17202316950218222,0.7949134730413027,0.7891547703637902,0.7670372880101384,0.7060074494823314,0.3455597472573147,0.3112967990795913,0.27193702719892043,0.37420270782039783,0.0,0.4971099845942728,0.2302072532605062,0.2022998680089362,0.21037345019250825,0.20313135161621795,0.7389907588396704,-0.5926560689904221,-0.17749447681445288,0.7391492605143519,0.722663842274697,0.7109962862177894,-0.15058987564141138,-0.6377893661373659,-0.24252382972603836,1.0305573451958425,-0.3185868664075736,0.021904308989446557,-0.608979988231072,0.38969121076785257,0.045584263658986296,-0.08394512462618473,-0.4463900959718803,0.35675116848974314,-0.4480414554679919,-0.5898405473657854,-0.19503488991456933,-0.19662385114980777,-0.7189176010535686,0.615717604235521,1.7185673107550143,-0.38126622139582306,0.0008155364367554444,-0.3627815854597495,0.6717488344343061,-0.7275635257434574,-0.46383730409522705,-0.19418915398049155,0.04545474127212316,-0.10038328874547753,0.36139692093584247,0.0,1.0,2025-02-10,-7.600544854117395
0.6510067114093959,0.6716417910447762,0.09090909090909091,0.6666666666666666,0.0,0.3333333333333333,0.3333333333333333,0.0,0.0,0.0,0.5,0.0,0.0,0.0,0.0,0.0,0.0,0.0,0.0,0.0,0.75,0.30060122807482165,0.5147435897435897,0.5496818619838196,0.5734583758404109,0.4746268998212534,0.4694197999469294,0.22367987813906587,0.15858550131329016,0.03684727462259774,0.6091332119586313,0.6116647548009624,0.6966239245935859,0.7761366069940739,0.9270595001118599,0.9736970900151679,0.699934312289471,0.8344882895666081,0.21976734633526265,0.3079131728078466,0.20879420162588275,0.13975221190526826,0.7761366069940739,0.7997946970292191,0.7149906170928286,0.7318000593067384,0.284489450046788,0.6157352976506217,0.11017813251562576,0.3390385687915927,0.004869473068351759,0.43382167966422713,0.06120550547072956,0.08644890486103035,0.13845706206767328,0.15419818245523886,0.9273963799178548,-0.9403440828509558,-0.05296918130361421,1.0580849469224913,0.3259864172750037,0.07905576880413971,-0.20744000253003544,-0.1184538026520728,0.33625239208603197,-0.690053519061473,-0.12363616690363032,0.5564416884310047,-0.7034343316339466,0.1397793150836434,0.7168846777357589,0.4638621961085905,-0.3116577474578284,-0.3081773100176144,0.7387534863951684,0.0762179978876762,-0.1267557831461285,-0.1860730719441709,-0.6560825371072085,-0.2968284373536235,-0.1794565277148366,-0.355556116457134,-0.2111602162535202,0.5964616083691819,0.3776007902480987,-0.2573628147382276,-0.058148869881218555,-0.7006967729536305,-0.15532269510909966,-0.42538909823628457,0.03814446088351359,0.0,1.0,2025-02-11,4.488480760377933
0.4697986577181208,0.48507462686567165,0.0,0.0,0.16666666666666666,0.0,0.0,1.0,0.0,0.14285714285714285,0.6666666666666666,0.0,0.0,0.0,0.0,0.07692307692307693,0.0,0.0,0.0,0.2,0.0,0.3263920964775407,0.5048654897015553,0.6063330663130483,0.6529025676323454,0.5024297808353734,0.39350173633143737,0.21389659511927772,0.14290737051561314,0.07171737747875695,0.49744783933094006,0.5918204546227963,0.6687261916281606,0.7596881486605837,0.9151434036214131,0.9783982694878864,0.6788113350809195,0.817236915733043,0.19818659419742723,0.28162415763999804,0.21371742274023348,0.2016445167800614,0.7596881486605837,0.7978372449361626,0.6827139634919281,0.7216221551692854,0.2517999856811733,0.5596859226726308,0.1101781325156257,0.30638615397913077,0.038338872623932756,0.49008371071742296,0.18235262161759755,0.16555411135102516,0.20009454996489,0.19113916293280067,0.05999799301171494,0.04614450850549584,-0.09581582975350565,-0.18768661064199738,0.10670748144303388,-0.22875818672613854,-0.23950396922782258,-0.44945835892815,0.3979414377347325,0.2944880609966802,0.05966416242294335,-0.2994400483055799,-0.16571450305675772,0.25022772557042383,0.03412494775559324,-0.2048057662600709,-0.0715036937175196,1.0756808541269363,-0.009802285262409416,-0.5659377383979279,-0.18967651968733457,-0.08576087301487823,-0.4186241279356927,-0.29350525393237653,-0.19127068795638577,-0.3712436067498775,1.041236360252939,-0.31832855299376556,0.6170922516500129,-0.05937256974825875,-0.40547520007605575,-0.6802755379382024,-0.4800563933547684,-0.33947040730710487,0.5949181455582051,0.0,1.0,2025-02-12,-0.7911674947943093
0.5302013422818792,0.5373134328358209,0.36363636363636365,0.0,0.0,0.2222222222222222,0.0,0.0,0.6666666666666666,0.0,0.0,0.0,0.0,0.0,0.0,0.07692307692307693,0.0,0.05555555555555555,0.0,0.2,0.25,0.46031500157008953,0.6829129886506936,0.792589594338041,0.6970955886871766,0.5698716180211759,0.3015442389561245,0.26900482326316766,0.09920539691805505,0.09276640510311918,0.3844674137917543,0.587331583837335,0.6573606037056445,0.7487095046301143,0.9050682047039807,0.9836429922857343,0.6736498203412427,0.8082005109507528,0.20846501278210955,0.26293770533321265,0.30317959990375276,0.3548130441165293,0.7487095046301143,0.787919841325847,0.6713376278536227,0.7310675418826034,0.3130459157598489,0.4951577437865856,0.016194074992370595,0.2619411104251907,0.1473810008242572,0.5378350062378896,0.31025766820967543,0.25795038260912667,0.2805826184354695,0.24496975342017402,0.9956305020566004,-0.6585355396547874,-0.35998910152713937,1.0375354543796693,0.11193482903331424,-0.45297910047204676,-0.25259225404915825,0.08855727790058976,0.34987902011146527,-0.46939916035247137,-0.04037698862817855,0.3120478168231839,0.46848751280414314,0.3625840334909493,0.11325162033439884,0.212011585296206,-0.10272102773519187,0.4269617292325157,-0.27431490042657886,0.18110682487203983,-0.09041452782113907,-0.11783938394926992,0.03106202150641723,-0.22754871974192123,-0.13638153080846613,-0.24673160379542391,1.3936915188073897,-0.32942193854696933,-0.01807569527601728,1.7901595803533634,-0.06128423413504514,-0.6418037667029839,0.1533244509589439,-0.3871416798987836,2.46222230225054,0.0,1.0,2025-02-13,4.492105292793092
0.2080536912751678,0.18656716417910446,0.0,0.0,0.0,0.0,0.0,0.0,0.0,0.0,0.16666666666666666,0.0,0.0,0.0,0.0,0.0,0.0,0.0,0.0,0.0,0.0,0.2732708612467862,0.32131147540983607,0.3878252298604325,0.3804895586228936,0.5695244951239401,0.17945764158888747,0.25597718487626087,0.09827323459056286,0.10032175026020873,0.25036170243177347,0.5827636787111512,0.6424591428993012,0.7377091794828315,0.8957557030885054,0.9870211959098362,0.6692169573382205,0.7997977643105307,0.21936348406385955,0.2504747525706309,0.37641382748931557,0.27880826521755636,0.7377091794828315,0.7758901922209913,0.6624096485264828,0.705930905473509,0.3119093681235116,0.4554835761487097,0.055962829550513904,0.22664759284729746,0.2864012099128654,0.5013829171110356,0.3794846635806485,0.3080660707897852,0.30128584626929433,0.2573465198424685,-0.9246681353815477,-0.16147998361685814,1.0019691103045567,0.28412688977368394,-0.5120798815718928,-0.2553688297888353,-0.3400591610606718,0.5842012432622792,-0.38418544341556365,-0.002826617685049835,0.8407117349203919,-0.15597634529837984,0.5146203089944188,-0.8890370406039302,-0.3695355280960878,-0.2672559953770595,-0.4131329799525322,-0.6314853379940558,-0.3253208626041773,0.7543215503722529,2.1259476324095763,3.5749654051724744,-0.6820418636688234,3.922815121498969,-0.1803970472928811,-0.3039636775596775,1.486197147832919,-0.36853306509233996,-0.26150447437765134,-0.5901629126798149,1.0152292181336457,-0.7576137805359429,-0.06493920196721971,-0.44200855333959826,3.1976233986073788,0.0,1.0,2025-02-14,-1.0162854209652683
0.2483221476510067,0.2761194029850746,0.0,0.0,0.16666666666666666,0.0,0.0,0.3333333333333333,0.0,0.0,0.16666666666666666,0.0,0.0,0.0,0.0,0.0,0.0,0.0,0.047619047619047616,0.0,0.25,0.2583047465345882,0.27436948297604036,0.4397282151246386,0.3658077164173601,0.5695244951239401,0.17945764158888747,0.25597718487626087,0.09274791364415251,0.10787709541729829,0.2471554477565648,0.5868020754605994,0.6333101212016872,0.726708854335549,0.888572125112017,0.9899788176903496,0.6654660732587401,0.7920174433473617,0.23074759339130999,0.24310138541412157,0.43630486916834127,0.2494205337714867,0.726708854335549,0.7616459809878138,0.6560964227613066,0.705930905473509,0.3119093681235116,0.4554835761487097,0.055962829550513904,0.1938750408106819,0.3968214925142441,0.5013829171110356,0.3794846635806485,0.3080660707897852,0.30128584626929433,0.2573465198424685,-0.4874073782287538,-0.04022733202955628,0.48938546362186086,-0.35217471666011535,-0.5079199291281719,-0.3700730579387767,-0.1893341984769978,0.3085679064679421,0.2005953692043472,0.5660287065702615,-0.23709977823307277,-0.7182910828907342,-0.21606472346621008,-0.21068205031506002,-0.2647354763199031,-0.8224357446574931,-0.3937201955031204,-0.19529810614689105,0.05217219092971458,-0.5528853381104052,0.4839736284591739,-0.19739090570672763,-0.40683882828021456,-0.3208247896201776,-0.21700711040409715,-0.4093695690597052,2.8537452367056075,-0.170563769842374,0.8045490361556509,-0.6972969338015562,-0.27611697360503934,-0.7179474457626941,-0.5222783145552092,-0.418779797820466,3.5770163072599,0.0,0.0,2025-02-15,0.0
0.020134228187919462,0.02238805970149254,0.0,0.0,0.0,0.0,0.0,0.0,0.0,0.0,0.0,0.0,0.0,0.0,0.0,0.0,0.0,0.0,0.0,0.0,0.0,0.046192951838518057,0.10860655737704918,0.08602512926209256,0.13314445851104365,0.5695244951239401,0.17945764158888747,0.25597718487626087,0.09114133276266237,0.11434958980268761,0.2444475031833527,0.6084087425535096,0.625738518331622,0.7177529321353487,0.8813885471355293,0.9917163514477895,0.6622922482684108,0.7848134424555389,0.24238245492747293,0.23985688948244416,0.4848908283707389,0.2494205337714867,0.7177529321353487,0.751699258478808,0.649008085746793,0.705930905473509,0.3119093681235116,0.4554835761487097,0.055962829550513904,0.16344338534811048,0.4378665335822707,0.5013829171110356,0.3794846635806485,0.3080660707897852,0.30128584626929433,0.2573465198424685,-1.2903773022383216,-0.9868727781763164,2.055912247264959,0.9372829418158084,-0.46113536332205957,-0.759098956647511,0.08979059392839343,1.4583407283965366,-0.09589577943807653,-1.0107873748529606,-0.5658592042974303,0.8785917671308107,-0.8324900179510507,0.5830343034110875,0.26495070287570405,0.9095478304002397,-0.431757041113261,-0.2871390559156788,0.13798698906437123,-0.8022343155776558,-0.22310785377586156,-0.1904704195098015,4.382145444495657,-0.3514802939382187,-0.2156066486490953,-0.3778479120245636,-0.8664186223444256,0.52563485721048,-0.19529099483942133,-0.6093880623050549,-0.395274109493981,-0.6155519563212748,-0.531212293913698,-0.48909682545324806,-0.7164220567833287,0.0,0.0,2025-02-16,0.0
0.8255033557046979,0.8358208955223881,0.0,0.3333333333333333,0.16666666666666666,0.0,0.0,0.0,0.0,0.0,0.8333333333333333,0.0,0.0,0.0,0.0,0.07692307692307693,0.0,0.0,0.0,0.0,0.0,0.47413043795498144,0.9011034047919294,0.8136977454568447,0.9999999999999999,0.5695244951239401,0.17945764158888747,0.25597718487626087,0.08883610753937175,0.12669717444423712,0.23937821028661668,0.6236851376054922,0.6233703457488959,0.7085932193461683,0.8742049691590411,0.9934538852052294,0.6596067040458244,0.7781430712594064,0.25408118373215766,0.23993006022384802,0.5239310427169837,0.2494205337714867,0.7085932193461683,0.7396040882279091,0.6440279093803469,0.705930905473509,0.3119093681235116,0.4554835761487097,0.055962829550513904,0.1351854195614371,0.4378665335822707,0.5013829171110356,0.4393164505514994,0.35429952007871707,0.33553687587185754,0.27866094711415285,1.3494851591042407,-0.4506814545014368,-0.8695628577921495,0.26242065360585076,0.02243945545532184,0.24437608110733075,-0.23694214396252597,-0.4751740603186383,0.33843170837049574,-0.19184283513950479,0.36478117717943037,0.48314902073367344,-0.15519438485335116,0.533177032357441,0.31734930955290486,0.36852908640639565,-0.166749231635595,0.22156444751519783,-0.41285338988142534,-0.48741160554799956,-0.1926642455806597,-0.17294915053465712,-0.6311231458812253,-0.28923790172151953,-0.20686055928435174,3.964985485900912,0.4243170310186718,-0.3786369443517014,0.706981907172276,-0.22262604032659236,-0.4099155735804076,-0.7120092524051941,-0.17934605360793807,-0.38218710366494724,0.8298204181767481,0.0,0.0,2025-02-17,0.0
0.3959731543624161,0.39552238805970147,0.0,0.0,0.0,0.0,0.0,0.0,0.0,0.0,0.0,0.0,0.0,0.0,0.0,0.0,0.13333333333333333,0.0,0.0,0.0,0.0,0.1203367936556494,0.15985708280790248,0.22787556290190647,0.2159057387627675,0.5635195973755728,0.0834367825374667,0.19514940094246636,0.09547643487235265,0.11623979686984465,0.14317721966959615,0.6222388839357433,0.6202933556141121,0.7010074550721955,0.8682075994212292,0.9951045918998892,0.6562024874110866,0.771349135880091,0.26355084233465853,0.2421488586206995,0.5491794392046592,0.3171682185567292,0.7010074550721955,0.7316666225936546,0.6374483940655622,0.6479227853888148,0.33878698593932205,0.4912478519706813,0.05596282955051382,0.1089458799023833,0.4420040830341135,0.4738176306956241,0.5519476186196619,0.4502232298310211,0.3258390200943614,0.27203362622941774,-0.3828606580024332,0.3555589250992484,0.050061789609700015,-0.4528299491057619,-0.4802730227524495,-0.2596295792021305,-0.1661724889838561,-0.5210589908859504,0.8460598096106617,0.5065152462003959,-0.1604369821209338,-0.7122001372340141,0.3813653494709669,-0.08174934006262463,-0.1801233864952624,-0.608850564380165,-0.4068085248397847,2.491948575360579,1.0754911508326623,-0.43464475263017205,-0.2062752587841444,-0.18229465416972523,-0.421212622552351,-0.15296006814417692,-0.1699749614006132,0.8480686938216911,0.09950226595123318,-0.352397742254315,-0.5835865069750232,-0.3493681270872219,-0.44142359335348713,0.9607355469213112,-0.28232390605751684,-0.4097375984508091,-0.3501238934112195,0.0,1.0,2025-02-18,-4.793892017287482
0.4832214765100671,0.47761194029850745,0.0,0.0,0.16666666666666666,0.0,0.0,0.0,0.0,0.0,0.0,0.0,0.0,0.0,0.0,0.07692307692307693,0.13333333333333333,0.16666666666666666,0.047619047619047616,0.0,0.0,0.21711775887424853,0.35831231609920133,0.34763557206979107,0.5072149362701114,0.5859077001593301,0.17263403209617315,0.07821681620064913,0.1732296353685251,0.09647604884432259,0.2447271892032912,0.6259690781096365,0.6198590549763665,0.6923962407960408,0.8641070294394312,0.995634584817983,0.6575418176289145,0.7673613025736641,0.2813121152426033,0.24797568009606116,0.5916363850739128,0.30532240647840203,0.6923962407960408,0.7148698655778256,0.6391728070087177,0.6250605147145036,0.39103557225381186,0.4342239209988724,0.18348748890658062,0.10374638278940285,0.5075094675532149,0.5096381896326765,0.543376674853423,0.440400188846905,0.3819192312744237,0.31011554653450696,-0.5977105830637613,0.3570639327735509,0.24917010256115774,-0.5478364377545774,-0.3418669348028517,-0.5067829152316247,-0.23440588892321015,-0.2636964682267901,0.8735087145271415,0.1270075336122584,-0.29619363268135934,-0.7122436329900657,0.3632778057095367,-0.2056195238359548,-0.45010110368213496,-0.5778041068230718,-0.26854905491735465,-0.6661484686952177,-0.47697791722580746,-0.6299046481860103,-0.16935354587711468,-0.16850862050663362,-0.26652609338705097,5.600018454654293,-0.17323157899447647,1.0940163226533037,-0.46967639103606,-0.31777282713760285,0.22699412850914572,-0.46603334759683634,-0.361310491778464,0.747043245742434,0.11829474675266295,0.24158934093292983,-0.41995323984538346,0.0,1.0,2025-02-19,-9.679590636023738
0.4563758389261745,0.46268656716417905,0.0,0.3333333333333333,0.0,0.1111111111111111,0.0,0.0,0.0,0.0,0.16666666666666666,0.0,0.0,0.0,0.0,0.15384615384615385,0.13333333333333333,0.0,0.0,0.0,0.0,0.37152317057549594,0.6268284993694829,0.5920257468523502,0.7379331112722624,0.5645262219994459,0.05075048744188196,0.0805839753797375,0.2155923438815248,0.0725015899429533,0.12172381766634036,0.6248310511333373,0.6213627149664058,0.6815129817704847,0.85942282898589,0.9969349751232363,0.6546450094546372,0.7614695584658222,0.28972663997667303,0.2545566971192721,0.600511283835118,0.33461470991896897,0.6815129817704847,0.6915190780693876,0.643857965089597,0.6066127501059053,0.35626149068432883,0.4689432561267727,0.1023346916316613,0.08672175527784987,0.5353763952926142,0.48509804440796067,0.4027800320048074,0.3257056237163687,0.31893798109776594,0.26778507109889654,0.11780942152774088,-0.043633494853641215,-0.07220826912440394,-0.15012938169137124,-0.18677351436263498,1.474582506120449,-0.19851716627679591,-0.4216106838502963,0.6106910650339832,-0.4665797858390087,-0.477861369071948,-0.2338455820795163,-0.30722042093288227,-0.2606813418309663,-0.3122883090078127,-0.331742515466212,-0.16581608806628875,-0.3051990784879931,-0.26651121200764516,0.7074038854803456,-0.08717047552373103,-0.1699704900384609,0.16333000059758665,-0.214557127451618,-0.15306248284907892,2.86614166242033,0.6207584350546467,-0.19660495171405037,-0.2822086101154334,-0.4238138610705936,0.06779461511880577,0.3779427060136738,-0.28563357853160937,-0.2649902544051012,0.42023647911028905,0.0,1.0,2025-02-20,0.2169516746162614
0.46308724832214765,0.47761194029850745,0.09090909090909091,0.0,0.0,0.0,0.0,0.0,0.0,0.0,0.16666666666666666,0.0,0.0,0.0,0.0,0.46153846153846156,0.06666666666666667,0.0,0.047619047619047616,0.1,0.0,0.26841320431755694,0.35692517864649015,0.46565063472358886,0.5226726606767536,0.5069073166504959,0.21280731912733483,0.09061495739571845,0.24296555066728112,0.06643854372382962,0.3021093894048926,0.6105741194876231,0.6251730922609273,0.6670308756867781,0.855492799117762,0.9973144018366068,0.6413335655683643,0.7500875403321283,0.2777732417093218,0.2570946468892443,0.5529350117932585,0.27729206764940795,0.6670308756867781,0.6664920227514248,0.6429546484783308,0.6171207768623734,0.30951081054161705,0.5856905855354333,0.046855650945241654,0.06257518029231768,0.48194541365202515,0.44555941754646966,0.31212567721823764,0.2555374417805995,0.242953616757845,0.21600755546358683,0.5363565760368135,0.1415952087946708,-0.6225864955531635,-0.33225353985846034,0.027873618264109657,0.8774416783565528,-0.14212509581703064,-0.6510084024473474,0.3187505518639256,0.6566597650278352,-0.34918846703083456,-0.7241037336138891,-0.030371625467982968,0.6334242741114825,0.6267057466153398,-0.42869418048868774,-0.4848406913039942,-0.7465390018879602,0.9557436741912039,-0.7349064964427434,-0.23475372420247756,-0.19855820780270778,-0.5281744221986161,-0.3582124720965961,-0.2268174836105035,0.9718057041144437,-0.6725875757206023,-0.3681093196493286,1.0560027779605963,-0.817265983691598,-0.5025809128371025,-0.4633207753137839,-0.5388369384815194,-0.473627077695125,-0.615429857796,0.0,1.0,2025-02-21,0.9173557912829812
0.523489932885906,0.5447761194029851,0.0,0.0,0.16666666666666666,0.5555555555555556,0.0,0.0,0.0,0.0,0.0,0.0,0.0,0.0,0.0,0.07692307692307693,1.0,0.0,0.0,0.1,0.75,0.33017847134356965,0.5352459016393443,0.4560254849127894,0.5926664536191447,0.5069073166504959,0.21280731912733483,0.09061495739571845,0.2619898089771678,0.060375497504706055,0.3051463767984236,0.5963171878419089,0.6257016201574412,0.6525487696030715,0.8486105100247404,0.9986504257147856,0.6300700361261333,0.7395486346527824,0.27058782637413836,0.25748583691631116,0.5276732936125468,0.3366809600344001,0.6525487696030715,0.6347437248620256,0.6499871638447403,0.6171207768623734,0.30951081054161705,0.5856905855354333,0.046855650945241654,0.04015336066289482,0.36714659694417784,0.44555941754646966,0.31212567721823764,0.2555374417805995,0.242953616757845,0.21600755546358683,-0.2765702700775271,0.464722968492352,-0.1433590980944036,-0.5744052580818035,-0.3679816061752049,-0.5281220481557558,-0.33093964829908934,-0.6083802568316082,1.1592987110672754,0.8338212550778062,-0.5954384856335465,-0.07852022620842375,0.5429591202739597,-0.5882551951897019,-0.5179702383583205,-0.18084145223463996,-0.12058853969915379,-0.49057203884134026,-0.36966799985464704,1.6151207322588896,-0.14609129909560284,-0.18463210975500371,-0.5661463640071106,-0.31653559498658157,-0.17465090744529635,0.0539486538730048,-0.3047569133344236,-0.3463245750898789,0.1895194757405069,-0.33745875998443214,-0.14932679339642632,-0.36315321683608787,-0.3973772325815226,-0.30627659162882653,-0.3643742776513597,0.0,0.0,2025-02-22,0.0
0.2953020134228188,0.291044776119403,0.09090909090909091,0.0,0.0,0.0,0.0,0.0,0.0,0.0,0.0,0.0,0.0,0.0,0.0,0.0,0.13333333333333333,0.0,0.0,0.0,0.0,0.1651781713781062,0.2744430432955023,0.2894635376179645,0.46659711894197325,0.5069073166504959,0.21280731912733483,0.09061495739571845,0.2576717441013905,0.0478322422897729,0.3115554159013275,0.5834274755252209,0.6182693200859344,0.6426020792482136,0.8417282209317188,0.999507648633087,0.6205393573673224,0.7297903886533881,0.26721989527737866,0.257030481102242,0.5177116746952451,0.3366809600344001,0.6426020792482136,0.6208066719593945,0.6455268577764972,0.6171207768623734,0.30951081054161705,0.5856905855354333,0.046855650945241654,0.019333099578430768,0.2899862370160328,0.44555941754646966,0.31212567721823764,0.2555374417805995,0.242953616757845,0.21600755546358683,-0.5235794109867622,1.173253309460561,-0.524846236961946,-0.9213903819302284,-0.3481391325044129,-0.16390555219319317,-0.11604594147972588,-0.6885627707467342,0.9750064793372861,0.3654787174091974,-0.2844000057474535,-0.8208183161124668,-0.20035786193508626,0.9372446460979738,0.5725332779682767,-0.9371592238018043,0.03653727227884283,-0.2982414925468799,-0.025675951285024166,0.5481753777750289,-0.1628887537258673,-0.18217799066015275,-0.41177381667771484,-0.281867021801036,-0.19486080228723376,-0.3262762319626179,0.4227873738361769,-0.3175981947416215,-0.16562966379038196,-0.44452759433241895,-0.053273211429916964,-0.19788836709443,1.7165038232922722,-0.13674058634533548,0.28413704992051514,0.0,0.0,2025-02-23,0.0
0.6308724832214765,0.6119402985074627,0.0,0.0,0.16666666666666666,0.0,0.0,0.0,0.0,0.0,0.0,0.0,0.0,0.0,0.0,0.0,0.0,0.0,0.2857142857142857,0.0,0.0,0.3116168787053166,0.3896595208070618,0.5426710270571148,0.5199778143782494,0.4816730603342919,0.22430806326937944,0.09472845412105046,0.24512039830354956,0.05993340569765415,0.3181265364466248,0.5596949124917163,0.6078993451818193,0.6292299841535648,0.8341571356381824,1.0,0.6077186584568921,0.7181593718041541,0.25786404392570195,0.25453189687749944,0.4936682481032233,0.3013572175107733,0.6292299841535648,0.5957229701020985,0.6470245564909447,0.6138302868086911,0.3110744159308088,0.5881593028415362,0.0468556509452417,0.0,0.23444335202671915,0.4049563881662497,0.2721828794400634,0.224621772992389,0.292532381700314,0.24326424455153897,-0.3604414570098174,-0.36154822890586785,0.6484492746487986,0.5861240827076528,-0.22387374506424138,-0.5002632154004667,0.12101651547811584,0.4416298337103863,0.16665843266369082,-0.3295188938377779,-0.35582037511583,0.14394467164973174,-0.13709914466846632,-0.44569465662326463,-0.5943939334896283,0.05870397705504467,0.01747794351871496,0.2981916100473343,-0.03662090773389579,-0.3273912859500776,-0.16890601824211432,-0.15141476565514275,-0.4036292554622183,-0.29169270418401855,-0.16295509165913646,-0.016579734810031374,0.10251915517157249,-0.1823010873140769,-0.07300460122078782,1.2932783705133406,-0.18413107841324206,-0.048157104525433946,0.8187893766321114,0.27065791008897877,-0.05842875131325596,0.0,1.0,2025-02-24,0.3727688796340223
0.8590604026845637,0.8955223880597015,0.09090909090909091,0.0,0.0,0.0,0.0,0.0,0.0,0.0,0.0,0.0,0.0,0.0,0.0,0.0,0.06666666666666667,0.05555555555555555,0.0,0.0,0.0,0.3824392110529977,0.48829340058848253,0.6933133717323181,0.767458117725144,0.38542171751049625,0.5599017040275968,0.2114820383041709,0.2277771928123738,0.10902988773966693,0.6477111486913688,0.5189156768220449,0.5861678710379925,0.6128899181718462,0.823900973137042,0.9991006171965341,0.5787284418590455,0.6974894670450129,0.2185461798696105,0.2435636586375852,0.3940026877038906,0.23677918142347243,0.6128899181718462,0.6015948928153438,0.6057316166946523,0.6799818869909622,0.2366587602669063,0.8826893377546609,0.3813993364447302,0.03232669165075153,0.15940481388867148,0.33329391497251315,0.12933359310971104,0.11299062721911415,0.16083104209468618,0.15153054060594853,-0.4114550488643586,0.5739145588893195,-0.11183962793514324,-0.5747762426735976,-0.45129819708512914,-0.33682232907277776,-0.15449264408864963,-0.638310499158542,0.9714621162773399,0.5014160307330942,-0.19792532227236173,-0.8619292155754462,0.10136957281355939,0.12211976866783641,-0.13203058958823757,-0.8456091517056011,-0.3774752991074416,0.12024463058691025,-0.005948080116067446,0.7585210029014406,0.15298546373371333,-0.18716883616300906,-0.6309576802042244,-0.32130058621795204,-0.16952186234281744,-0.19987176381172372,-0.7151224784562208,-0.3696131582899199,0.23092647629216193,-0.32795972397103923,0.09049028878303765,-0.26820662285701385,-0.4906656190765173,0.6578410949397819,-0.5854983827615712,0.0,1.0,2025-02-25,10.541024177748003
0.36241610738255037,0.3731343283582089,0.0,0.0,0.0,0.0,0.0,0.0,0.0,0.14285714285714285,0.16666666666666666,0.0,0.0,0.0,0.0,0.0,0.06666666666666667,0.05555555555555555,0.0,0.0,0.25,0.18434980188767455,0.3185687263556116,0.37285628719866365,0.5337224523408596,0.3437695120910679,0.3631338186600829,0.21063913550102864,0.20777220161524146,0.12318403011885914,0.4316938075937067,0.4817718037645573,0.5595197745767879,0.5947829503362724,0.8140891656213042,0.9966945691225314,0.5463474432719633,0.6740663068219717,0.17571232386043217,0.22501761303051837,0.30483181761963657,0.2742700890827123,0.5947829503362724,0.6117774213366265,0.5556336625537277,0.6870152437999633,0.20095682411125376,0.906649934538405,0.4528808826419169,0.07308735638241903,0.06933021089893898,0.2798424575360148,0.027965474780453192,0.03948128298618497,0.1682405226961481,0.14838265700194975,1.1331492349528758,-0.706078737413072,-0.4472055341699426,0.5671450749415292,-0.034992038937003575,-0.4104278137298342,1.4954229211306245,-0.18528735408241692,-0.3092568231107573,0.03243035004518118,-0.5276852417280669,-0.17082950435783625,-0.8054954948805,0.1495993985212379,0.49348767661972875,-0.2125667447448613,-0.23807742378543592,-0.3790773552883309,-0.5114889793085353,-0.013673062744251414,-0.11695176972140074,-0.1858994265468113,-0.1067431187709442,-0.32097644958602506,-0.2000680504046173,0.15050945751421088,-0.7657632301604673,-0.3864699767525054,0.8120975568188432,0.1540367040407008,0.08099886235812263,-0.5651291912896709,-0.4835505745623056,-0.3976176372288935,-0.6228423452870676,0.0,1.0,2025-02-26,-0.0688440801912992
0.4093959731543624,0.3731343283582089,0.0,0.0,0.0,0.0,0.0,0.0,0.0,0.0,0.6666666666666666,0.0,0.0,0.0,0.0,0.07692307692307693,0.0,0.0,0.0,0.1,0.0,0.21764429284628312,0.3726986128625473,0.4074786002717623,0.42071252104868545,0.3130510953358683,0.37253596686548907,0.21675301431913385,0.18726982509908935,0.14323557774303008,0.42950211762275126,0.43763383773417797,0.5292456791594098,0.5775106624930549,0.8033839120338121,0.993479981264353,0.5131581764551403,0.6492184890747954,0.13451898782041594,0.20078356444348122,0.2378989767342436,0.18134505985637905,0.5775106624930549,0.6272352980810969,0.5010622229294839,0.673193021617088,0.17494900802265023,0.923805330130553,0.5062061639388684,0.11895084702428227,0.027199551381746095,0.2255208242128326,0.013186222104778877,0.022906876663091602,0.1500799462628098,0.13224502306094105,-0.05859986686194495,0.6471288081078066,-0.5042051752439409,-0.8705969575183103,0.17458736625484508,1.0467789827578013,-0.30968382451265597,-0.6712655710886406,0.7150119183519796,-0.384627269177346,-0.38376118654978825,0.013687551993270085,0.7443415823752099,0.2044050909959981,0.11343886544275374,0.029368465110031782,-0.3664235807275292,-0.48378170718802205,-0.35899999858280746,-0.35792070062299564,-0.0738608020023518,-0.1779672705657935,-0.5953381696177281,0.036793981026670246,0.013747286621704711,2.5465551619117806,-0.44478159311804727,0.3528851850680794,0.2809318628365932,-0.5711928599246757,-0.25283884412849544,0.5100353066747825,-0.18625628084799076,-0.24130065361342176,-0.3081657281558008,0.0,1.0,2025-02-27,0.4996950175342629
0.6375838926174496,0.6194029850746269,0.13636363636363635,0.0,0.16666666666666666,0.0,0.3333333333333333,0.0,0.0,0.2857142857142857,0.0,0.0,0.0,0.0,0.0,0.46153846153846156,0.06666666666666667,0.0,0.09523809523809523,0.0,0.0,0.39156443068987196,0.6966267339218158,0.636178934075345,0.7587359726643641,0.35133640991347803,0.4530002192046333,0.11860483335346239,0.17638973096678368,0.17218047725385377,0.49276378285228983,0.40221282648002044,0.5041995961406684,0.5626296556174911,0.7937236973365539,0.9910182244297888,0.49229115762936226,0.6301492904430963,0.11973818853386398,0.1780244620814463,0.2552552160576452,0.11308375438721188,0.5626296556174911,0.6269273692622466,0.47013400078889434,0.6777091133395756,0.14476070165703864,0.9240980460405089,0.5588355740829191,0.16944809294283386,0.07041721386185179,0.2872894845979026,0.16499108667454487,0.13147674674289575,0.23627060798509358,0.1906621035326696,-0.49466006592798234,1.124238228569495,-0.5094918219656518,-0.7463185725155439,-0.11196189500384277,-0.7309918173741589,0.21461689043296184,-0.4973639799177214,1.0824493863444145,-0.5629510883728586,-0.4485904901445398,0.7394301748280188,2.2416869265057557,-0.41748383141489964,-0.8133437597167311,0.7182955856664337,-0.2576879819397278,0.785723676742472,-0.18570224429532403,-0.2743641172052055,-0.17420806233953146,0.21733257101663256,1.728746469035311,-0.15507420170869934,-0.16450876725227875,0.2343181941747555,-0.4920331826480371,-0.3779982970683875,-0.11666914189468357,0.16694540184699955,-0.2815003481755454,-0.12543149265772244,-0.49826416790267086,-0.34547315591360583,-0.44035398907637396,0.0,1.0,2025-02-28,-7.981889365363792
0.14093959731543623,0.1417910447761194,0.09090909090909091,0.0,0.0,0.0,0.0,0.0,0.0,0.0,0.0,0.0,0.0,0.0,0.0,0.0,0.0,0.0,0.0,0.0,0.0,0.058614927038130205,0.08058007566204288,0.13093703797163941,0.0985477943435883,0.35133640991347803,0.4530002192046333,0.11860483335346239,0.1686213351413168,0.20112537676467723,0.47504595366542546,0.3725372524397601,0.4765108236248894,0.5477486487419275,0.7840824328258785,0.9886764178752022,0.4746344493921655,0.6124926250433753,0.11213854223691838,0.1580835141425691,0.288417484477671,0.10474845106374331,0.5477486487419275,0.6222109416264217,0.44441093312881197,0.6777091133395756,0.14476070165703864,0.9240980460405089,0.5588355740829191,0.21633839272434613,0.1286709411936423,0.2872894845979026,0.16499108667454487,0.13147674674289575,0.23627060798509358,0.1906621035326696,0.7906961322525707,0.11148029549283497,-0.8338223205696462,-0.7110441694870344,0.009255834946915564,1.9452414079410432,-0.11652827705078925,-0.6762127192562205,0.20445405655408289,0.17363908218739363,-0.3700576583603001,-0.5918017909955797,-0.17160237050384144,-0.2582520943299588,-0.5635543464110391,-0.9960941617309178,-0.37044945041598665,2.330271746802451,-0.5680308887978613,-0.7969514511621081,-0.18850631565085882,-0.17762727652761723,-0.649478062472744,-0.289306756502807,-0.15835432475255604,-0.3373893770627121,2.4769614726180817,-0.3955623673581062,0.2941415479312142,-0.8188955118823229,-0.4766836213871286,-0.6052174719260142,-0.5130610107041625,2.588519741574592,0.7652552898700674,0.0,0.0,2025-03-01,0.0
0.4295302013422819,0.43283582089552236,0.09090909090909091,0.0,0.0,0.0,0.3333333333333333,0.6666666666666666,0.0,0.0,0.0,0.0,0.0,0.0,0.0,0.07692307692307693,0.0,0.0,0.23809523809523808,0.0,0.0,0.2411998510441771,0.38851408154686845,0.40490380213175897,0.44976277977851253,0.35133640991347803,0.4530002192046333,0.11860483335346239,0.1603177868944905,0.2254691806095499,0.46086341139361064,0.36477657218585957,0.4513459187324653,0.5352285679472489,0.7744411683152034,0.9856861737233268,0.45969415780684497,0.5961438607843739,0.11025176106057011,0.14170033464553689,0.33028306539660446,0.10474845106374331,0.5352285679472489,0.6199341300871044,0.4207719464270945,0.6777091133395756,0.14476070165703864,0.9240980460405089,0.5588355740829191,0.2598793853786074,0.19452361004220686,0.2872894845979026,0.16499108667454487,0.13147674674289575,0.23627060798509358,0.1906621035326696,0.6377910092113374,0.17290887831412732,-0.744245519883118,0.4690157496219313,-0.12304173293377942,0.13161358765736508,1.6233815728241552,-0.36454694311541663,-0.05122934913765861,-0.44873031866442803,-0.7082235134627383,-0.05085463075775029,0.7067215179915258,-0.14927449131548773,-0.4895523129853803,0.12291187879078767,0.014416018360126976,0.18918358315113473,-0.04979083206190353,1.149108550062395,0.20179162805017528,0.3734534034344781,-0.12922990644222185,-0.2041486948029562,-0.10451826463569601,-0.1378757097208395,0.6546744997990831,0.261375609597395,-0.41192480519181496,0.27890280737734713,0.21460683736877811,-0.5481158908873665,-0.017891747526746864,-0.19334084588226574,0.27176586298359523,0.0,0.0,2025-03-02,0.0
0.46308724832214765,0.44776119402985076,0.09090909090909091,0.0,0.0,0.0,0.0,0.0,0.0,0.0,0.6666666666666666,0.0,0.0,0.0,0.0,0.0,0.26666666666666666,0.0,0.2857142857142857,0.0,0.0,0.19563374595249305,0.2757566204287516,0.36217773389537433,0.36896655563613123,0.322422777999018,0.45216031934653944,0.11476992491478688,0.15482536031638652,0.22356156785111447,0.46115874775589594,0.3599162617051075,0.42956938155246593,0.5257219771374971,0.7640106750847983,0.9822778565519529,0.4416025871427651,0.5780320504316354,0.10253037758637473,0.1268323537573589,0.348112969451391,0.0865473727750039,0.5257219771374971,0.6258344354447516,0.3938149335699037,0.7147160033953841,0.1335651978836801,0.8884405997348167,0.558835574082919,0.3003103071289928,0.1644162113464,0.22559855757629066,0.1591670768987261,0.12220773764622636,0.2455687601595488,0.19210357086466776,-0.4442853430514306,0.17289141009818998,0.265110890843002,-0.23988953875980815,-0.4649969250897068,-0.3013207657448359,-0.22475732949104466,-0.14247431542461103,0.25896592597460144,0.3872799885445954,0.4264373888452191,-0.912032985461717,-0.1526388909069844,0.29908495418456726,0.272482649649836,-0.7550459475495149,-0.42389127130699344,-0.03513454873007323,-0.408221172579012,-0.6426819838276682,-0.1863324458504523,-0.17265958986243685,0.1118971654799233,-0.2715218450389569,-0.18352989614626855,0.4213516185571979,-0.1601381415705952,-0.32842702356973413,0.4213951298853152,-0.4454931255436102,-0.4345099372224875,0.3543098609299855,0.2148893239647665,-0.31824651341937116,-0.2894763774481707,0.0,1.0,2025-03-03,-0.3389261952645661
0.4697986577181208,0.49999999999999994,0.2727272727272727,0.3333333333333333,0.0,0.0,0.0,0.0,0.0,0.14285714285714285,0.6666666666666666,0.0,0.0,0.0,0.0,0.0,0.0,0.2777777777777778,0.047619047619047616,0.2,0.0,0.2984259109626838,0.43048549810844894,0.5644695921476843,0.5643398394768864,0.27865330298241264,0.5165095700128062,0.09704582468907863,0.1528816779839168,0.23715707042451073,0.5135376134457,0.35208443366203057,0.40262629975569064,0.5117450139493375,0.7515734802686579,0.9782366601685798,0.4180444462022317,0.5567597130947732,0.08501713136587136,0.11094276727054003,0.3360913574335621,0.06509876517106539,0.5117450139493375,0.6326573626038337,0.3563682691837584,0.7274361733958135,0.09851147556359269,0.9999999999999999,0.683110749901701,0.35653072796091817,0.12712727786550077,0.1579520590158534,0.24223957194576082,0.1785328692582571,0.28051001559021393,0.20906300052704846,0.22549180568230817,0.29113215759824873,-0.46175888613848587,-0.6312974980765458,-0.008247900695098068,-0.13137054766004208,-0.16886816536441762,-0.6468731944940342,0.6176167568865706,0.751628911885304,-0.32585769518408003,-0.841800801543137,0.09768258090583104,-0.08776978922132576,-0.2856678811510896,-0.6876873951138274,0.022957806952714432,-0.37752554706229186,-0.3895750502971358,-0.6233840631002916,-0.2121126563814516,-0.1940872619971578,-0.24772144919922587,-0.32839743243521546,-0.2223560369372604,0.11244200520025105,0.6287244668447304,-0.28573857004670433,1.0650214705793035,-0.8044094646184304,-0.3780644784229986,-0.7281694935942308,-0.3571855753846094,-0.22745859390837825,0.6780915207724876,0.0,1.0,2025-03-04,-1.5717691921489862
0.18791946308724833,0.1791044776119403,0.0,0.0,0.0,0.0,0.0,0.0,0.0,0.0,0.0,0.0,0.0,0.0,0.0,0.07692307692307693,0.4666666666666667,0.0,0.0,0.0,0.0,0.09511261676358344,0.1328604455653636,0.14545379617602114,0.24939926744429014,0.30315867536334684,0.32808761263080166,0.12603789518889008,0.14488353764065606,0.24009079012593615,0.3363849187457316,0.34111513282363704,0.37857582975535053,0.49508626135343803,0.7404636659310292,0.9752509328190496,0.40272952938179407,0.5395837350955535,0.08442910897717287,0.0980969557260789,0.3719085861912097,0.13210248444909145,0.49508626135343803,0.6233802451059771,0.33229180382954593,0.690814940213343,0.08438590975680943,0.9453508931060032,0.6831107499017012,0.408735404447706,0.11529196047915924,0.20815996373012524,0.3469590738189676,0.27137046277904275,0.2770594406698969,0.21036352237644035,-0.5013648252287667,0.19299377392518302,0.30099285636726447,-0.0407017758217836,-0.4871209033180472,-0.4918253249835227,-0.24633527232922142,0.7104758992876081,0.26301949709564937,0.08418402544817279,-0.5355929094447894,0.175760268263332,0.8602759548056663,-0.268657588275192,0.00201569411833334,0.0788407726511385,-0.2861255081216375,0.2667548070391216,-0.5642753392440556,0.15962081985084467,-0.13457453988091048,-0.19344225469104562,-0.7105576922499298,6.3718680398415035,-0.19701196009622762,-0.3813129991172975,1.1061909463258255,-0.37323485268583645,0.2389939428339283,-0.5283534830744909,-0.3571895188595458,0.08523438646757428,-0.4779199145582689,-0.13451802554743533,1.33711379090639,0.0,1.0,2025-03-05,2.612065889934168
0.16778523489932887,0.1791044776119403,0.0,0.0,0.0,0.0,0.0,0.0,0.3333333333333333,0.0,0.0,0.0,0.0,0.0,0.0,0.0,0.06666666666666667,0.0,0.047619047619047616,0.0,0.0,0.18977279913177564,0.296448087431694,0.35042432515280275,0.44012647648078274,0.24883727864758276,0.35351938807296057,0.15951365438284304,0.13596436144818125,0.2593290520433358,0.3511227180281279,0.3177777173758505,0.35109191650279525,0.4750563035017078,0.7248525085856684,0.971497819283922,0.37953198596774396,0.5180925350679075,0.06894033759639662,0.08428693716801566,0.3605624046140776,0.051165844876548044,0.4750563035017078,0.6161296817845907,0.298733593743125,0.6887743754031292,0.06257097736526002,0.9543274925361115,0.7311343014238134,0.4644286759483574,0.08759164546873928,0.15559832907437077,0.3095983906383926,0.2329641069737084,0.14964410750319912,0.11882957132636701,-0.6852513258655484,0.024349140896065352,0.618161803082603,-0.2964786731899004,-0.5224760397525151,-0.5018755317854176,-0.24263942039082417,0.4647228717118104,0.20010345362044926,0.2508816557478653,-0.1203619948947628,-0.8320407166102083,-0.011481831128486154,0.03399451421627435,-0.06280113037820069,-0.8771493320404656,-0.453883742257423,-0.2474787313328799,-0.5446091169993343,0.10282121421072782,-0.15967411606601012,-0.19300617962701683,-0.47819958374465354,-0.3077135888301009,-0.1825830307045553,-0.35292981081460867,0.8156090482795122,-0.4007810362735677,0.6955559951758099,-0.3142949588803885,-0.3663210737837491,-0.14974301979467017,-0.4390840686566807,-0.3761561257863271,0.21274539959524055,0.0,1.0,2025-03-06,2.939252522700131
0.10738255033557048,0.08955223880597013,0.0,0.0,0.0,0.0,0.0,0.0,0.0,0.0,0.16666666666666666,0.0,0.0,0.0,0.0,0.07692307692307693,0.0,0.0,0.0,0.0,0.0,0.05917999711384582,0.12680748213535098,0.10409049108586933,0.21968682014282379,0.24612988953240134,0.3761205394741396,0.16087449688133315,0.12005899774969661,0.2810653175661999,0.3616798325091274,0.29382387265905985,0.3346499225394668,0.4548572435246693,0.7105317797224008,0.9679735662574426,0.3593929931899722,0.4979147928500691,0.060397446926795995,0.07129007905470303,0.3701311651886501,0.05948000571259132,0.4548572435246693,0.6038018626236108,0.2708145574885352,0.6711620228874615,0.045821300654946606,0.9986156703520243,0.785994488873788,0.5243888409435611,0.09896452051667644,0.10094494086071393,0.24471186283807256,0.17570466448574318,0.1471742806360452,0.11679466175359648,0.4818938337673311,0.6157367100158424,-0.9812572405334569,-0.9175669044942003,0.7529183022836894,-0.5565742213373517,0.11068467032271623,-0.6657981227326879,0.012313027283414109,0.9009120012531677,-0.25858339208911674,0.44706850279332977,-0.8279478886050002,-0.9522640189959958,-0.056821632148701916,0.8157742527493992,-0.5365500162149233,0.14475399969340408,-0.4018222585590893,0.09469415083905977,-0.17126655964685045,-0.18395135227970028,-0.10647693082847653,5.424376631964354,-0.17281386264067097,-0.3047140598497206,-0.36146480545974174,-0.3891909324948334,-0.10284183049646163,-0.607848604869641,-0.16418573418797316,0.7312338630394003,-0.4760659552770603,0.867687167370719,-0.182245049311038,0.0,1.0,2025-03-07,0.1160735635324039
0.1476510067114094,0.1417910447761194,0.36363636363636365,0.0,0.0,0.0,0.0,0.0,0.0,0.0,0.0,0.0,0.0,0.0,0.0,0.0,0.06666666666666667,0.05555555555555555,0.0,0.0,0.0,0.15808098851321442,0.2073455233291299,0.2721642361046426,0.3211076832311115,0.24612988953240134,0.3761205394741396,0.16087449688133315,0.10001289322328547,0.3028015830890638,0.35192972008752743,0.2764532002263511,0.32312455089351677,0.43465818354763075,0.6950096830494695,0.9644493132309632,0.3423523069933958,0.479231698203922,0.058361298738368705,0.060428097132609715,0.39525304520876736,0.08513416879202859,0.43465818354763075,0.5863273602367349,0.24897225673172585,0.6711620228874615,0.045821300654946606,0.9986156703520243,0.785994488873788,0.5800661370105362,0.08488377947005593,0.10094494086071393,0.24471186283807256,0.17570466448574318,0.1471742806360452,0.11679466175359648,-0.12535993859993055,0.5451092845999224,-0.35382744529881854,-0.4621147591598262,-0.38805729681522466,-0.5863901121508663,-0.22367751472132094,-0.06063525211124291,0.7009724936486056,0.152658031048841,-0.24237023016910145,-0.7552957396929538,-0.9478484141565384,3.8376033928959687,5.20853607089212,-0.6896356382392619,0.09276223195428261,0.35145216057520445,-0.4274780393628185,-0.5123768929268757,-0.21421028314557858,-0.15533153766175295,-0.6598654932141422,-0.34719331397925823,-0.21474543233229446,-0.3187670918699179,-0.6799503738106746,-0.3539222881815161,0.7665121232825358,1.5559515141187157,-0.42666245810565223,-0.3983100263421797,-0.5127810644198492,-0.44955682325449997,-0.5432889930599917,0.0,0.0,2025-03-08,0.0
0.261744966442953,0.2761194029850746,0.18181818181818182,0.0,0.0,0.2222222222222222,0.0,0.0,0.0,0.0,0.0,0.0,0.0,0.0,0.0,0.0,0.13333333333333333,0.1111111111111111,0.0,0.0,0.0,0.19059719070182732,0.2965636822194199,0.2943805496327483,0.39331542914735923,0.24612988953240134,0.3761205394741396,0.16087449688133315,0.06548749069492425,0.3245378486119279,0.3425317364081121,0.2690481383288601,0.31522517820373963,0.41445912357059245,0.6794875863765385,0.960309244978557,0.3279332648270623,0.46193253649452726,0.06144622968121366,0.05244226014202685,0.4290977094506875,0.08513416879202859,0.41445912357059245,0.5637361754463153,0.23317126923002984,0.6711620228874615,0.045821300654946606,0.9986156703520243,0.785994488873788,0.6317664833584415,0.11677543474332067,0.10094494086071393,0.24471186283807256,0.17570466448574318,0.1471742806360452,0.11679466175359648,-0.0033900811715344807,-0.009274138002657086,0.011171388923157468,-0.31851046514292497,-0.43560195197247864,0.38764822561999857,0.05723186286797949,-0.17710765705585493,0.33233371764207464,0.44056719968016733,-0.38736381250784174,-0.8254583211682034,-0.012898800209471501,0.26915036825126515,0.22085454371668523,-0.761132865643295,-0.33559514069410395,0.6046174113585846,-0.5060847917883226,0.8161802057266526,-0.13091695106446152,-0.1601048153984222,-0.732679125855491,-0.2338718394560212,0.2636325892861071,-0.20941746503555175,0.5487365950889803,-0.22969395319331656,-0.16371417532906615,0.449453513666448,-0.2493926749604498,-0.5114109009028222,0.8736168797886875,0.3825065404245325,0.14542666893509687,0.0,0.0,2025-03-09,0.0
0.22147651006711408,0.2462686567164179,0.18181818181818182,0.0,0.0,0.0,0.0,0.0,0.0,0.0,0.0,0.0,0.0,0.0,0.0,0.0,0.0,0.05555555555555555,0.0,0.0,0.0,0.19368699711871012,0.37635561160151326,0.31894189966021247,0.44913439201563443,0.10548420810616166,0.8762953263264764,0.5152464580168603,0.37559778966753626,0.41216893721677894,0.7113343307299662,0.22404081866842707,0.28620480797338677,0.3858504698098538,0.6601264143700102,0.954135528207445,0.2892229376920221,0.43144793321812513,0.018249926544622208,0.03619945243906897,0.33193487236482555,0.029638104802158588,0.3858504698098538,0.5554583455872071,0.18278667151237404,0.7898587905817349,0.020962752243337157,0.8840550668788155,0.7859944888737883,0.6797739478243536,0.0793354540114815,0.0,0.06785344454087333,0.0,0.0,0.0,-0.2361074858598007,0.9698435991252342,-0.6173282210918234,-0.7775676928785124,-0.2918148005767841,-0.09733041540505498,-0.179500296590958,-0.6784286893822061,0.9804572597490908,0.405280546811211,-0.36726356943406446,-0.5183406587283115,1.0590865021394438,-0.5706215045525912,-0.7587599616613425,-0.15590329201421796,-0.45479507267397473,0.04736033886693523,-0.5690387833890972,-0.5905278651059299,-0.21318807848696744,-0.19705051466878337,-0.7522464883534263,-0.33771572132515365,-0.2171162472675702,-0.38998651323537786,-0.8080154018690565,-0.37412532707520646,1.1987042882738248,-0.7346729683892781,-0.37967466756428103,-0.7253777190324936,-0.001550936148736773,-0.02624459358817938,-0.6345033865075107,0.0,1.0,2025-03-10,30.1912432594712
0.22818791946308722,0.22388059701492535,0.09090909090909091,0.0,0.0,0.0,0.0,0.0,0.0,0.0,0.0,0.0,0.0,0.0,0.0,0.0,0.0,0.0,0.0,0.0,0.0,0.17191701712181248,0.2078499369482976,0.2567798031049999,0.27696843619021866,0.1347449099543394,0.7944945025785387,0.5586783235602006,0.5268595639472208,0.48090037792027496,0.604218621137598,0.1980638081832451,0.26063836817193287,0.3576710750358144,0.6415639447308062,0.9483849028698302,0.26198324844857135,0.4062312140987099,0.0,0.01904194961771566,0.32117131562376944,0.1024908589216896,0.3576710750358144,0.5264452150936727,0.1577870772876998,0.7849819830594018,0.0,0.8285706887838812,0.8073960134708658,0.7275687610526356,0.0851538961615959,0.09337421310985938,0.18345144551469927,0.10163306474716374,0.036902585270933264,0.02754562971590324,-0.9458262846004379,-1.9156429455135215,2.536615042163077,1.6253588595347035,-0.3825021079347794,1.4980086689185461,-0.39041416460289763,2.3093232030731543,-1.3718227395735427,-1.010909415646048,-0.4497906588938912,1.3567647272632024,1.9419482686584462,-0.48548415466915085,-0.15367740230011348,1.308137923183792,-0.2982481017842683,0.9523697307418878,-0.45750990583625833,0.31376589158677165,-0.1629315350410152,-0.17856066032757453,-0.7237278522693871,-0.19888293980545074,-0.15427977965814413,-0.3319000725478043,-0.10558884291673427,-0.3397373890685599,-0.21379188632061727,0.028615346330300266,-0.21528584336712941,1.262076101914028,-0.3870579200900347,-0.24082655932806038,-0.21539118876013919,0.0,1.0,2025-03-11,2.842158902214486
0.16778523489932887,0.15671641791044774,0.09090909090909091,0.0,0.0,0.0,0.0,0.3333333333333333,0.0,0.2857142857142857,0.0,0.0,0.0,0.0,0.0,0.0,0.0,0.0,0.0,0.0,0.0,0.1361009245962492,0.1396279949558638,0.25323684473476077,0.21982663257906318,0.19552240062865567,0.6059744799658502,0.6604535821248396,0.6699194111563156,0.5422667884427486,0.43270127613790577,0.18654129107768858,0.2422460975179357,0.3346232870061062,0.6248906921707301,0.9429143307648981,0.25038992504277124,0.38913399273782057,0.012765139265484171,0.008227989275978953,0.39581813295720897,0.2698517377024448,0.3346232870061062,0.4881731015594717,0.15451039610999306,0.7858398537057174,0.09749766498899959,0.7499487071984278,0.5434618431207211,0.7322827677006549,0.16213253211129536,0.1693007563627109,0.24086585344588238,0.1641240349661756,0.07707396123894816,0.06540820164193056,-0.16507705171809747,0.5584409718057848,-0.3282934840343242,-0.9002272439826506,-0.4768442515291751,-0.20562408500704096,-0.07569492324729439,-0.6571250051319826,0.7182493111952049,0.943433246795958,-0.15200350068014842,-1.2365231695414063,0.24799048422136782,-0.019127833051857706,-0.21896820563498434,-1.128652076545008,-0.24729377296017174,2.2757651010563853,-0.49663336217434784,0.2083361818413023,-0.14704335330817686,-0.16308543980830206,-0.6765259769293309,-0.2668297745605983,-0.15882574143203396,-0.04995914726723068,-0.6556781163310768,-0.375010384892357,-0.3471125971848434,0.21256277288810804,-0.321661120547315,-0.5649980054323909,1.7535642789329546,0.3306653363868231,-0.4176182762528265,0.0,1.0,2025-03-12,6.476060547818441
0.09395973154362416,0.08955223880597013,0.045454545454545456,0.0,0.0,0.0,0.0,0.0,0.0,0.0,0.0,0.0,0.0,0.0,0.0,0.0,0.0,0.0,0.0,0.0,0.25,0.16426973543046125,0.325021017234132,0.3225932468142448,0.44025092491303974,0.16980215107091423,0.4479037114805542,0.6624895112509246,0.7457577603751628,0.5682509352371208,0.3081456224581174,0.16916268385764455,0.22423077340986275,0.3135678725360461,0.6083642963281849,0.9373564292197122,0.23573230900222097,0.37065763890731396,0.018775262358231015,0.0009478777532032634,0.43740224280129236,0.2728484181393399,0.3135678725360461,0.4606408667555464,0.14274260800556215,0.7620447313823908,0.07987618306592059,0.7924013472062695,0.6070861089166496,0.7462222047062632,0.24766757290665933,0.10800378160000079,0.28613803515163383,0.2014656019906904,0.07253378941960387,0.05622954845697864,0.467747959018654,0.5593113578937189,-0.9193328842944365,-0.2985951223227957,0.8787751634047161,-0.5129932717970987,0.13048332513440225,-0.6678051789322584,0.3964854171699181,0.11639182986211241,-0.5804973791274798,0.4980278746885478,1.41113989217954,-1.6531931212919215,-1.467512816203429,0.7613881786105171,0.13194959673062767,-0.27120923053734824,-0.036479229279236074,0.03169511995345059,-0.15105724834888384,-0.17681206360631319,-0.02702220273216497,-0.28801422312527364,-0.16206913840685103,-0.3139423845415685,0.6576260064889696,-0.3266730052364541,0.14497135443284984,1.8342926616010484,-0.038740254425939764,-0.24631787676619707,-0.2642888774772461,-0.07273093367344508,-0.17996068295897383,0.0,1.0,2025-03-13,0.1216688398815168
0.060402684563758385,0.04477611940298507,0.2272727272727273,0.0,0.0,0.0,0.0,0.0,0.0,0.0,0.0,0.0,0.0,0.0,0.0,0.07692307692307693,0.0,0.0,0.0,0.0,0.0,0.07773391496006136,0.11443883984867592,0.15609960703420628,0.16428268538207205,0.2020826208636748,0.36384911798977815,0.6743833244083097,0.7712355684478414,0.5849449058865346,0.24290685355382244,0.15913382414374422,0.21519237746489583,0.29452867953089956,0.5929776830803034,0.9319385554395975,0.2294140946774137,0.3568702835967388,0.04015047612520101,0.0,0.5119159863489633,0.3583531351902368,0.29452867953089956,0.4246798322853811,0.14516649256545255,0.7188013922920711,0.09462495513877356,0.7513136951189451,0.5502899871828516,0.7506300301109667,0.3261948266005431,0.16152144052735729,0.341519614681434,0.2591469543825172,0.16660618276962652,0.11869708824573749,0.2985923480999862,0.22013111135484223,-0.46862858124433054,-0.5215652956829485,-0.39586346878067225,1.073584413467158,-0.14713449297052225,-0.6805981076415109,0.4489759312474852,0.8218300499286467,-0.27063820486317147,-1.0437346366971287,0.39684882996139564,0.09881311575079363,-0.17217581577412097,-0.8859539495617249,-0.5912211964437927,-0.6461078790575281,-0.423114116243521,-0.1341624533342152,-0.2220104777427988,-0.2039957476124641,-0.73916442779054,-0.34382030480375214,-0.21262276327029297,-0.39480694989980175,-0.7479360716439303,-0.4054516506907617,1.0616694694958113,-0.4839457836890707,-0.4495394676038954,-0.06983769266689079,-0.5391920515125228,-0.43775797644285364,-0.5756439915960759,0.0,1.0,2025-03-14,0.7099205429457633
0.4832214765100671,0.3582089552238806,0.045454545454545456,0.0,0.0,0.0,0.0,0.0,0.0,0.0,0.16666666666666666,0.0,0.0,0.0,0.0,0.3076923076923077,0.0,0.05555555555555555,0.09523809523809523,0.0,0.0,0.24259060983789438,0.23851408154686843,0.33413326513872355,0.29458326675598273,0.2020826208636748,0.36384911798977815,0.6743833244083097,0.7625247758649031,0.6016388765359486,0.23826871055634655,0.18112774021187894,0.20326136972349418,0.2754894865257532,0.5781405934379883,0.9259405000064814,0.2240679133256538,0.3441042138647248,0.06178517296031666,0.004177103725988951,0.572223544396191,0.2900313378782777,0.2754894865257532,0.3811883977793147,0.15648158864976547,0.7188013922920711,0.09462495513877356,0.7513136951189451,0.5502899871828516,0.7547230108439058,0.3335618864948417,0.16152144052735729,0.341519614681434,0.2591469543825172,0.16660618276962652,0.11869708824573749,-0.43315349230541855,0.26282297834459567,0.1770615700703795,-0.5227661810388795,-0.5030217586786376,-0.31536766050696163,-0.17705940729706562,-0.4874472541521604,0.284622538639145,0.5622427001926573,0.7928820624664513,-0.9256441655986407,-0.00013635512359372586,0.04086023903483301,-0.15561516541105713,-0.9697148442138066,1.1514097279115563,-0.5700901948675716,0.00923456922864958,1.7917108629286043,0.06934777198063241,-0.14172687036985093,1.2428541892128635,-0.20090547223677066,-0.12999334637904844,1.6031553696158807,1.4252980211389916,-0.19934556009837293,-1.6660637091405093,0.7869764175885363,5.10271008251188,0.3911241395480855,-0.2211432836303263,1.0268391028640769,2.487301495728955,0.0,0.0,2025-03-15,0.0
0.28859060402684567,0.2462686567164179,0.2272727272727273,0.0,0.0,0.0,0.0,0.0,0.0,0.0,0.16666666666666666,0.0,0.0,0.0,0.0,0.23076923076923078,0.06666666666666667,0.0,0.0,0.0,0.0,0.3471286819409441,0.4055695670449769,0.465171917595169,0.46177128529111716,0.2020826208636748,0.36384911798977815,0.6743833244083097,0.7265958497610637,0.6170617216651444,0.23407570608808262,0.19645946171415685,0.19774245442028304,0.25802641213234,0.5633035037956732,0.9189522202822481,0.2195442214126262,0.3322837789276749,0.08337661924386303,0.012444326121820837,0.6203534879097581,0.2900313378782777,0.25802641213234,0.33701378363898904,0.17191758494535136,0.7188013922920711,0.09462495513877356,0.7513136951189451,0.5502899871828516,0.7585236358102063,0.3698125222753151,0.16152144052735729,0.341519614681434,0.2591469543825172,0.16660618276962652,0.11869708824573749,-1.0129416286732278,2.1726296882174534,-0.9314478721831214,-0.8759768361335046,-0.5506145403678799,-0.8484198102367211,-0.4051344278233743,-0.4910626229988961,1.3584590335124198,-0.4668842479139989,0.20642858682021928,-0.1591724800489184,0.3348573831091556,0.3793086087851664,-0.10671396897220689,-0.1211756032969252,0.1639089435081172,-0.2902871771065001,1.715425605793115,-0.0546919367868912,-0.049357046463471776,2.516858126075197,1.5331653686644355,0.37067006699631794,-0.10980127667301912,0.1089419715386844,0.4763210425896686,0.18106438144393924,-1.4680845269966714,0.2817821373022043,-0.06842467602514232,0.896514185899251,-0.0459830047591958,-0.091911128400101,0.5816403692299321,0.0,0.0,2025-03-16,0.0
0.1946308724832215,0.1417910447761194,0.045454545454545456,0.0,0.0,0.0,0.6666666666666666,0.0,0.0,0.0,0.0,0.0,0.0,0.0,0.0,0.0,0.0,0.0,0.0,0.0,0.0,0.15770157273784155,0.2316204287515763,0.30165050149570877,0.2922971029634091,0.16053454172071369,0.4311005226299941,0.678119874979088,0.6472268396816991,0.6028259064268762,0.2852141870715579,0.18849328493900908,0.18763878780582743,0.2439800753249105,0.5473323145906942,0.9113631813399042,0.2078852930292754,0.31706528270657985,0.08984133520489052,0.020532864592037126,0.6182508478787796,0.2531499699789993,0.2439800753249105,0.3182043970256452,0.16458934666186087,0.7045501930472418,0.09838731103458104,0.7631438657191395,0.5502899871828516,0.7620527875646281,0.3469595834002447,0.10177961352851028,0.4983792200806694,0.4402857060379951,0.14953509239127732,0.09824747568537606,-0.0052040620394773,0.5471437295534957,-0.46766372621805974,-0.9191782338382571,-0.41466054668825425,-0.08419460657242954,-0.1502687724236887,-0.633908837415668,0.8520450614650446,0.6401944476694476,-0.2718594167370665,-0.9270047111387575,0.20357027331675398,0.0045806311875778985,-0.1649108743006752,-0.8947846934891134,-0.5335101263647508,3.990944595560745,0.7824529301229796,-0.8149762020346093,-0.19358392114723666,-0.15492686789112012,-0.6861174303450558,-0.33045875935424923,-0.19708169471931947,-0.38992813172422264,3.68153114878954,-0.3962186108582398,-0.12042286152592376,-0.46065988489890697,-0.4548020947107743,-0.5939508586540082,-0.484520222236117,-0.45405451908025973,2.139916489482729,0.0,1.0,2025-03-17,0.221455893690492
0.37583892617449666,0.291044776119403,0.5454545454545454,0.0,0.0,0.0,0.0,0.0,0.0,0.0,0.0,0.0,0.0,0.0,0.0,0.0,0.0,0.05555555555555555,0.0,0.2,0.5,0.2065294103976137,0.36082387557797396,0.3643618807937898,0.48000067601617524,0.11645263491118851,0.42866042894885614,0.6797129925666685,0.5023155041745759,0.6100682679265073,0.2813008497861278,0.17634645201290233,0.17233169715584096,0.22978198062400856,0.531051308340008,0.9031367456173979,0.1897112683937232,0.2984398030992912,0.08347551446665824,0.025551495244907574,0.582126103887822,0.24199972844599665,0.22978198062400856,0.31000952963413475,0.14440933274488887,0.6867381137461344,0.07419216113029475,0.8440838740702755,0.6493937674475692,0.7802242486292279,0.2634020493462501,0.04226361903476494,0.382286677093491,0.2976675829605305,0.20412616933532896,0.1228662693195467,-0.2892920921538901,0.5848071839974209,-0.23519805748585854,-0.8458694713133292,-0.4418576444798922,-0.28767380497573364,-0.10638113917891706,-0.613175809093381,0.5120472751986905,0.6782195627148867,0.35486693403264097,-0.9138215796181212,0.12590794549905504,0.12550306706846226,0.0021848710659868754,-0.876998199287814,0.03876252293086888,-0.38769266194342356,-0.5067451002611391,-0.6983760979849473,-0.12561730206913685,-0.1738001549380171,-0.5779931929238938,-0.260356620504709,-0.18080563999941898,0.19026941372012138,-0.493567852323862,-0.38024179459945706,0.8678643324437726,-0.6134899817953341,-0.4222484916757346,-0.21416915812665505,-0.5052210648792879,1.7683421151344478,-0.39453164951237824,0.0,1.0,2025-03-18,0.09421140990582
0.4899328859060402,0.44776119402985076,0.5909090909090909,0.6666666666666666,0.0,0.0,0.0,0.0,0.0,0.0,0.0,0.0,0.0,0.0,0.0,0.0,0.0,0.0,0.0,0.0,0.0,0.29607364125103436,0.36153846153846153,0.4921522568859338,0.516052311360759,0.15307187610180661,0.4316381508358619,0.7100899543605887,0.18228388492347655,0.6166005664819305,0.2814102179175063,0.16518748805109051,0.16134713821024493,0.21978976124707195,0.5156808030398609,0.8954111932548398,0.1812354246732717,0.28496065581578334,0.09596756745409457,0.03241614399259585,0.603848883543018,0.3440633810594333,0.21978976124707195,0.30118438014065396,0.13381761754927812,0.6718319305456362,0.15166086350855323,0.7779073112499401,0.4567106701521711,0.768139241319129,0.2496691931248882,0.10205520392835332,0.3440470689310582,0.25765647857024926,0.2860308800407019,0.19157024042976753,-0.10424728010235143,0.4973769076385893,-0.3322989317551533,-0.796835329512527,-0.2128959556694708,-0.132815915264397,-0.13176556915637838,-0.6034978381200559,0.5849874397940352,0.7821878018562474,-0.16748640487327535,-1.1122321732562965,0.1755091972072619,0.028222515980206656,-0.22043089013270814,-1.0319011190912217,-0.5918310364415588,2.5307009375952454,-0.5341143085489292,-0.7131674973984712,-0.22285475899573293,-0.17929694248983602,-0.7793787226648361,-0.3579487165246863,-0.18619864820440057,-0.4029272262738526,-0.848833088740991,-0.40490643769158907,0.8707791010844043,-0.631126454561553,-0.3550495179148108,-0.7502433990712027,-0.520443470666383,-0.4614609198492259,-0.7070348763818688,0.0,1.0,2025-03-19,1.7946966150013344
0.7516778523489932,0.6194029850746269,1.0,0.6666666666666666,0.0,0.0,0.0,0.0,0.0,0.0,0.0,0.0,0.0,0.0,0.0,0.0,0.0,0.05555555555555555,0.0,0.1,0.25,0.5005725286764281,0.5861076082387557,0.7488564136522449,0.71485023168918,0.15446026176371375,0.3568461068103418,0.7090866407464673,0.12125291691980483,0.6059730849356293,0.23216955793970148,0.15434463733427428,0.1671282668685018,0.2074929787535874,0.5011999531958727,0.8871436031679351,0.17432524676041417,0.27262277369147614,0.1105025563808692,0.04122365110034454,0.6267112185197588,0.3024433111239069,0.2074929787535874,0.28166214009451385,0.13101001637183562,0.6220079879959985,0.13996559622521298,0.7458399124252736,0.45671067015217104,0.7569174488168946,0.2764588204048076,0.15492472890489495,0.3869567834497859,0.30446311340516796,0.3196280406598103,0.2191371987326417,-0.2591112195168333,0.5823272596694732,-0.261208517995984,-0.8241003407070839,-0.4773710099543833,-0.250880814662758,-0.13147626473308072,-0.4564756405095883,0.5707744196803249,0.7817486063025615,-0.010869165147731417,-1.1208922478413421,0.1915965940659761,0.05491921453123549,-0.23121247894888597,-1.038231145561267,-0.3481409857776833,0.5511346351105988,0.1623503465886619,-0.5231053536346861,-0.20311596443140267,-0.18626343201350282,-0.014308028628607715,0.6410043796490952,-0.1641520207840746,-0.07812753605131106,-0.6789116948116333,-0.28102636868701697,0.6178400081306579,-0.43488522516304023,-0.43450308910737906,-0.7130651660796147,-0.028856218308251438,-0.3335201854143569,-0.5683432288946602,0.0,1.0,2025-03-20,-0.0582315381215337
0.261744966442953,0.2462686567164179,0.7727272727272727,1.0,0.3333333333333333,0.0,0.3333333333333333,0.0,0.0,0.0,0.16666666666666666,0.0,0.0,0.0,0.0,0.0,0.06666666666666667,0.1111111111111111,0.0,0.0,0.25,0.09229348188559912,0.14142496847414882,0.17090709557011655,0.14861754692166818,0.19767446725718496,0.5512483127011779,0.7619328810797596,0.08588543639011086,0.6168320047945348,0.36462796461667646,0.1533409711489927,0.17455646575358663,0.1978953332077521,0.48683943154303566,0.8783073753884477,0.1766234020142854,0.26564383612197506,0.14141853128027837,0.05532235028940957,0.6889746383737769,0.4314993925680012,0.1978953332077521,0.2582616836196472,0.1384572083919685,0.606736386431455,0.22127094382501644,0.6865217176560215,0.26841759518578934,0.7181984862482684,0.5269136626244268,0.2257863242241509,0.40426357420997366,0.3245650152278954,0.32478572461796207,0.23036582655712742,2.94892522697975,-2.219093532288465,-0.834276322487784,2.478054900989394,2.074001422366773,5.224239357426629,0.8487212897365125,1.0509148539765425,-3.4201067320170933,-0.684257997105991,-1.2345171176922285,2.5627378661881104,-2.3636658609498236,1.9719071062168188,3.1243781162109063,2.4466333639298115,-0.08143628824431261,-0.11016640094616995,-0.12573497660900515,-0.3069490698198906,-0.16347788345353229,-0.18860672408593995,0.6359659858399465,-0.3253946165075639,-0.1476147391792615,-0.36297551113769017,1.3843922965666422,0.64035162509297,0.06957814449399212,0.33650761090459413,-0.3580727024799838,-0.37289457599983394,-0.4156546737457615,-0.17709549838131117,1.522487943208795,0.0,1.0,2025-03-21,3.0689415840017498
