Date,sp500_close,bitcoin_close,nasdaq_close,sp500_volume,bitcoin_volume,nasdaq_volume,sp500_volatility,bitcoin_volatility,nasdaq_volatility,btc_change,sp500_change,nasdaq_change
2014-09-17,2001.5699462890625,457.3340148925781,4562.18994140625,3209420000.0,21056800,1796710000.0,,,,,,
2014-09-18,2011.3599853515625,424.4400024414063,4593.43017578125,3235340000.0,34483200,1774840000.0,,,,-7.192557601231164,0.48911800862372345,0.684764000978233
2014-09-19,2010.4000244140625,394.7959899902344,4579.7900390625,4880220000.0,37919700,3178490000.0,,,,-6.984264508683835,-0.047726958102545236,-0.2969488203100834
2014-09-20,,408.9039916992188,,,36863600,,,,,3.573491642945359,,
2014-09-21,,398.8210144042969,,,26580100,,,,,-2.46585445473928,,
2014-09-22,1994.2900390625,402.1520080566406,4527.68994140625,3349670000.0,24127600,1881520000.0,,,,0.8352101649706567,-0.8013323296818919,-1.1376088687881203
2014-09-23,1982.77001953125,435.7909851074219,4508.68994140625,3279350000.0,45099500,1847730000.0,,,,8.364741783421215,-0.5776501564770165,-0.41964004262400323
2014-09-24,1998.300048828125,423.2049865722656,4555.22021484375,3313850000.0,30627700,1765260000.0,,,,-2.8880814347395978,0.783249148610099,1.0320131577508107
2014-09-25,1965.989990234375,411.5740051269531,4466.75,3273050000.0,26814400,1939610000.0,,,,-2.7483091679796234,-1.6168772358634453,-1.9421720722844316
2014-09-26,1982.8499755859373,404.4249877929688,4512.18994140625,2929440000.0,21460800,1637480000.0,,,,-1.736994378879475,0.8575824615237426,1.0172931416857933
2014-09-27,,399.5199890136719,,,15029300,,,,,-1.2128327693262775,,
2014-09-28,,377.1809997558594,,,23613300,,,,,-5.591457216687113,,
2014-09-29,1977.800048828125,375.4670104980469,4505.85009765625,3094440000.0,32497700,1737750000.0,,,,-0.454420890480145,-0.2546802239196122,-0.1405048065867609
2014-09-30,1972.2900390625,386.9440002441406,4493.39013671875,3951100000.0,34707300,2200380000.0,,,,3.0567238732558177,-0.2785928622506484,-0.2765285277462115
2014-10-01,1946.1600341796875,383.614990234375,4422.08984375,4188590000.0,26229400,2312630000.0,,,,-0.8603337970520819,-1.3248560995234304,-1.5867817126784423
2014-10-02,1946.1700439453125,375.0719909667969,4430.2001953125,4012510000.0,21777700,2165500000.0,,,,-2.22697222086099,0.0005143341477165109,0.18340539991430482
2014-10-03,1967.9000244140625,359.5119934082031,4475.6201171875,3560970000.0,30901200,1777640000.0,,,,-4.148536263261304,1.11655096821337,1.0252340723351017
2014-10-04,,328.8659973144531,,,47236500,,,,,-8.524332054467354,,
2014-10-05,,320.510009765625,,,83308096,,,,,-2.5408487399317115,,
2014-10-06,1964.8199462890625,330.0790100097656,4454.7998046875,3358220000.0,79011800,1828240000.0,,,,2.985554258083245,-0.15651598591330806,-0.4651939162585439
2014-10-07,1935.0999755859373,336.18701171875,4385.2001953125,3687870000.0,49199900,2111360000.0,,,,1.8504665621736027,-1.5126053030587894,-1.5623510017613973
2014-10-08,1968.8900146484373,352.94000244140625,4468.58984375,4441890000.0,54736300,2451630000.0,,,,4.983235561959076,1.7461650296527242,1.9016155414441016
2014-10-09,1928.2099609375,365.0260009765625,4378.33984375,4344020000.0,83641104,2264220000.0,,,,3.424377642532228,-2.066141501469343,-2.0196528022420335
2014-10-10,1906.1300048828125,361.56201171875,4276.240234375,4550540000.0,43665700,2765750000.0,,,,-0.9489705523839986,-1.1451012338901223,-2.331925182115435
2014-10-11,,362.2990112304688,,,13345200,,,,,0.2038376510340001,,
2014-10-12,,378.5490112304688,,,17552800,,,,,4.485245473017008,,
2014-10-13,1874.739990234375,390.41400146484375,4213.66015625,4352580000.0,35221400,2467830000.0,,,,3.1343339653187696,-1.6467929557809624,-1.4634369140897108
2014-10-14,1877.699951171875,400.8699951171875,4227.169921875,4812010000.0,38491500,2496120000.0,,,,2.6781810112118443,0.15788647774723774,0.3206183015248998
2014-10-15,1862.489990234375,394.7730102539063,4215.31982421875,6090800000.0,25267100,3058740000.0,,,,-1.5209381938148914,-0.8100314924121665,-0.28033170833581256
2014-10-16,1862.760009765625,382.5559997558594,4217.39013671875,5073150000.0,26990000,2591940000.0,,,,-3.0946924386217045,0.01449777086941495,0.04911400762772633
2014-10-17,1886.760009765625,383.7579956054688,4258.43994140625,4482120000.0,13600700,2260070000.0,,0.0394262083751515,,0.31420128043384565,1.2884107385910504,0.9733461538238952
2014-10-18,,391.4419860839844,,,11416800,,,0.0374658219172854,,2.0023010768524196,,
2014-10-19,,389.5459899902344,,,5914570,,,0.0350865477639175,,-0.4843619645193642,,
2014-10-20,1904.010009765625,382.8450012207031,4316.06982421875,3331210000.0,16419000,1717370000.0,,0.034556612586796,,-1.720204787552615,0.914265720638352,1.3533097473594768
2014-10-21,1941.280029296875,386.4750061035156,4419.47998046875,3987090000.0,14188900,1997580000.0,,0.034345043469015,,0.9481656731152865,1.9574487182363987,2.395933348198742
2014-10-22,1927.1099853515625,383.1579895019531,4382.85009765625,3761930000.0,11641300,1967020000.0,,0.0343249837388329,,-0.858274545359361,-0.7299330200416732,-0.8288278931996573
2014-10-23,1950.8199462890625,358.4169921875,4452.7900390625,3789250000.0,26456900,1952380000.0,,0.0326816830298075,,-6.457126822962156,1.2303377138681793,1.5957639400820733
2014-10-24,1964.5799560546875,358.3450012207031,4483.72021484375,3078380000.0,15585700,1754300000.0,,0.0324126987508094,,-0.02008581299606238,0.7053449392805167,0.6946246175973281
2014-10-25,,347.27099609375,,,18127500,,,0.0325026193245737,,-3.090319409850706,,
2014-10-26,,354.7040100097656,,,11272500,,,0.0327824844919071,,2.140407347467921,,
2014-10-27,1961.6300048828125,352.989013671875,4485.93017578125,3538860000.0,13033000,1585580000.0,,0.0327493953265357,,-0.48350069057392364,-0.15015683952100956,0.04928855574404256
2014-10-28,1985.050048828125,357.6180114746094,4564.2900390625,3653260000.0,7845880,1966920000.0,,0.0312822312844055,,1.3113716357861849,1.1939073060167393,1.746791862795849
2014-10-29,1982.300048828125,335.59100341796875,4549.22998046875,3740350000.0,18192700,2184050000.0,0.010670085989217,0.0332564713796265,0.0124795591741984,-6.1593676352636795,-0.13853554985293615,-0.32995402274749175
2014-10-30,1994.6500244140625,345.30499267578125,4566.14013671875,3586150000.0,30177900,2034960000.0,0.0106952097326497,0.033202405524447,0.0124328868635234,2.894591678226255,0.6230124240393486,0.37171469287331504
2014-10-31,2018.050048828125,338.3210144042969,4630.740234375,4292290000.0,12545400,2424360000.0,0.010914838434534,0.0333313018317959,0.0126876849894279,-2.0225535163465924,1.1731393541549506,1.414763798788532
2014-11-01,,325.7489929199219,,,16677200,,,0.0337376653493015,,-3.7160037210550945,,
2014-11-02,,325.8919982910156,,,8603620,,,0.0329863627181088,,0.043900479879277476,,
2014-11-03,2017.81005859375,327.5539855957031,4638.91015625,3555440000.0,12948500,2033000000.0,0.0108055832100864,0.0287457709133744,0.0124913718728177,0.5099810100901436,-0.011892184463624389,0.1764279890794418
2014-11-04,2012.0999755859373,330.49200439453125,4623.64013671875,3956260000.0,15655500,1939320000.0,0.0107605955355463,0.0283754340615436,0.0124798975378835,0.8969571209719529,-0.28298416808330007,-0.32917256460931466
2014-11-05,2023.5699462890625,339.4859924316406,4620.72021484375,3766590000.0,19817200,2001870000.0,0.0107178327122288,0.0282905537290602,0.0123539791621116,2.721393533736638,0.5700497411807337,-0.06315201418490846
2014-11-06,2031.2099609375,349.2900085449219,4638.47021484375,3669770000.0,18797000,1986820000.0,0.0102545668517658,0.0285646511814539,0.0117669902518923,2.887900040604885,0.37755130048497954,0.3841392504782881
2014-11-07,2031.9200439453125,342.4150085449219,4632.52978515625,3704280000.0,16834200,1978830000.0,0.0101579153629753,0.0273613565789043,0.0116544201237035,-1.9682784596788183,0.034958621780534216,-0.12806872551406334
2014-11-08,,345.4880065917969,,,8535470,,,0.0266435421184853,,0.8974484091493373,,
2014-11-09,,363.2640075683594,,,24205600,,,0.0282311367421884,,5.14518612438124,,
2014-11-10,2038.260009765625,366.9240112304688,4651.6201171875,3284940000.0,30450100,1830010000.0,0.010145856398287,0.0282870990852355,0.0116606865560809,1.0075326995947043,0.3120184693883088,0.41209302296165706
2014-11-11,2039.6800537109373,367.6950073242188,4660.56005859375,2958320000.0,15838900,1663690000.0,0.0101208423946754,0.027076597714957,0.0116389790235117,0.21012418652148757,0.06966942090353978,0.19218984313051912
2014-11-12,2038.25,423.5610046386719,4675.14013671875,3246650000.0,45783200,1773060000.0,0.0097547538225365,0.0371955869782046,0.0111783069250373,15.193569725354639,-0.07011166816753844,0.31283961458914433
2014-11-13,2039.3299560546875,420.7349853515625,4680.14013671875,3455270000.0,58945000,1857580000.0,0.0097523755103082,0.0369582782182368,0.0111792289661405,-0.667204784236497,0.052984474656558866,0.10694866578928597
2014-11-14,2039.8199462890625,397.8179931640625,4688.5400390625,3227130000.0,29589200,1739950000.0,0.0095860037334006,0.0383224016039247,0.0110669692764887,-5.446894835320326,0.024027020881067784,0.17947971852054767
2014-11-15,,376.1329956054688,,,15727500,,,0.0392760293725758,,-5.450984603818732,,
2014-11-16,,387.8819885253906,,,11905600,,,0.0396873865373878,,3.123627295980569,,
2014-11-17,2041.3199462890625,387.4079895019531,4671.0,3152890000.0,41518800,1695070000.0,0.0095723297909351,0.0395170236367043,0.0110505120116491,-0.12220186486088247,0.07353590216279127,-0.3741044955650419
2014-11-18,2051.800048828125,375.197998046875,4702.43994140625,3416190000.0,32222500,1655760000.0,0.0090696530208291,0.0399330839717505,0.0105872181775043,-3.1517139000605376,0.5133983312177293,0.6730880198297928
2014-11-19,2048.719970703125,380.5549926757813,4675.7099609375,3390850000.0,18931800,1641560000.0,0.0086098071166963,0.03990960898096,0.0102088798894623,1.4277780416720232,-0.15011590075549863,-0.5684278970452206
2014-11-20,2052.75,357.8399963378906,4701.8701171875,3128290000.0,25233200,1667330000.0,0.0075196104457857,0.0413950236200976,0.0093518695754031,-5.9689129758029535,0.19670962134916703,0.5594905686740814
2014-11-21,2063.5,350.8479919433594,4712.97021484375,3916420000.0,29850100,1854340000.0,0.0070838318606354,0.0415006554066637,0.0079638828132001,-1.9539471456759827,0.5236877359639402,0.23607835562438062
2014-11-22,,352.9200134277344,,,15273000,,,0.0397303932273489,,0.5905752724699953,,
2014-11-23,,367.572998046875,,,15151600,,,0.0404363680745621,,4.151927933138033,,
2014-11-24,2069.409912109375,376.9010009765625,4754.89013671875,3128060000.0,30930100,1568130000.0,0.0060802685054924,0.0401972023908859,0.0072606847619533,2.537728010287066,0.28640233144536786,0.8894586633068746
2014-11-25,2067.030029296875,375.3479919433594,4758.25,3392940000.0,25442200,1720140000.0,0.0061270363820863,0.0400620031979463,0.0072847290890353,-0.4120469378375846,-0.11500296768531815,0.07066121791761137
2014-11-26,2072.830078125,368.3699951171875,4787.31982421875,2745260000.0,18601700,1362930000.0,0.0057426346278006,0.0402229371111655,0.007180733132536,-1.859073972939984,0.28059818899186517,0.610935201360796
2014-11-27,,369.6700134277344,,,8748030,,,0.0401657519623558,,0.3529110209242958,,
2014-11-28,2067.56005859375,376.4469909667969,4791.6298828125,2504640000.0,22946500,998600000.0,0.0058184281348432,0.0383588357131678,0.0071737536790824,1.8332505458648285,-0.2542427180532325,0.0900307218236307
2014-11-29,,375.4909973144531,,,15375600,,,0.0380873139576983,,-0.25395173166042895,,
2014-11-30,,378.0469970703125,,,9194440,,,0.0378383250356595,,0.6807086652250272,,
2014-12-01,2053.43994140625,379.2449951171875,4727.35009765625,4159010000.0,11763000,1893600000.0,0.0058387664239939,0.0370165969487724,0.0077913366834281,0.3168913008591234,-0.6829362527492333,-1.3415014666892433
2014-12-02,2066.550048828125,381.3150024414063,4755.81005859375,3686650000.0,12364100,1839170000.0,0.0057580938679575,0.037006289091918,0.0075788767050496,0.5458232411423625,0.6384461097458161,0.6020277819408726
2014-12-03,2074.330078125,375.010009765625,4774.47021484375,3612680000.0,13340100,1734510000.0,0.004831815393095,0.0372219212177856,0.0065265620196659,-1.653486654186953,0.3764742741791727,0.3923654649806929
2014-12-04,2071.919921875,369.60400390625,4769.43994140625,3408340000.0,14529600,1724090000.0,0.0045342425492654,0.0373718359551954,0.0062365056222857,-1.4415630832770754,-0.11618962070774064,-0.10535772999192838
2014-12-05,2075.3701171875,376.85400390625,4780.759765625,3419620000.0,15181800,1767100000.0,0.0041388291294337,0.0372377807126123,0.0057317077872087,1.9615588368569137,0.16652165347093018,0.23734074352159684
2014-12-06,,374.7850036621094,,,7009320,,,0.0369672454141657,,-0.5490190425720742,,
2014-12-07,,375.0950012207031,,,6491650,,,0.0367304751311901,,0.08271343718790902,,
2014-12-08,2060.31005859375,361.9089965820313,4740.68994140625,3800990000.0,18898700,1966770000.0,0.0043653399275769,0.0373846108898931,0.0059898735946708,-3.5153773299456126,-0.7256565211683386,-0.8381476205280847
2014-12-09,2059.820068359375,352.218994140625,4766.47021484375,3970150000.0,32915500,1950330000.0,0.0043405180590222,0.0365730715726588,0.0060187062382266,-2.6774693453109455,-0.023782354133117245,0.5438084699935564
2014-12-10,2026.1400146484373,346.364990234375,4684.02001953125,4114440000.0,16427700,1850810000.0,0.0050610934188257,0.0366208189374284,0.0063120626291433,-1.6620352688625162,-1.6350968819215161,-1.7297956684116822
2014-12-11,2035.3299560546875,350.5060119628906,4708.16015625,3917950000.0,32431300,1873050000.0,0.0050927373517813,0.0367013641691729,0.0063080872164791,1.1955659045429279,0.45356892119050585,0.5153721935023947
2014-12-12,2002.3299560546875,352.5419921875,4653.60009765625,4157650000.0,16989800,1888870000.0,0.0058825169424812,0.0249437867764254,0.0067040184469788,0.5808688453609046,-1.6213587335965784,-1.158840327921351
2014-12-13,,347.3760070800781,,,11675900,,,0.0249936579669504,,-1.4653531272593279,,
2014-12-14,,351.6319885253906,,,12415200,,,0.023373355339074,,1.2251800235389965,,
2014-12-15,1989.6300048828125,345.3450012207031,4605.16015625,4361990000.0,17264200,2143610000.0,0.0055763044125573,0.0214084607202639,0.0065032533624254,-1.7879452125651896,-0.6342586611898127,-1.0409132798206322
2014-12-16,1972.739990234375,327.06201171875,4547.830078125,4958680000.0,30864900,2231670000.0,0.0057658980788824,0.022420353859701,0.0068687633457344,-5.294123105105797,-0.8489022887163578,-1.244909540164274
2014-12-17,2012.8900146484373,319.7760009765625,4644.31005859375,4942370000.0,37567900,2279930000.0,0.0068958761756734,0.022610778625157,0.0079012862508346,-2.227715381526163,2.0352415732846962,2.1214508636287377
2014-12-18,2061.22998046875,311.39599609375,4748.39990234375,4703380000.0,39173000,2172260000.0,0.0080912426859802,0.0224182396658903,0.008861501527295,-2.6205859280311383,2.401520473971619,2.2412337341128685
2014-12-19,2070.64990234375,317.8429870605469,4765.3798828125,6465530000.0,23823100,3287920000.0,0.0081031580276735,0.0226448097659578,0.0088586218780579,2.070351272228921,0.4570048934014581,0.35759373300401354
2014-12-20,,329.9559936523437,,,20856700,,,0.0214503970862663,,3.811003257872536,,
2014-12-21,,320.8429870605469,,,15207600,,,0.0217283073401896,,-2.761885453548907,,
2014-12-22,2078.5400390625,331.885986328125,4781.419921875,3369520000.0,22315100,1720070000.0,0.0081233822240756,0.0226992765534405,0.0088597470729545,3.4418702333968154,0.3810463907886641,0.33659518143249745
2014-12-23,2082.169921875,334.5719909667969,4765.419921875,3043950000.0,16574200,1590820000.0,0.0081135051542473,0.0213213723083318,0.0088757051913244,0.809315472578076,0.17463617463617798,-0.3346286304367396
2014-12-24,2081.8798828125,322.53399658203125,4773.47021484375,1416980000.0,15092300,729750000.0,0.0081149896411701,0.0214831609247223,0.0088748012099141,-3.5980281403652503,-0.013929653841071588,0.16893144991894093
2014-12-25,,319.00799560546875,,,9883640,,,0.0215079758035905,,-1.093218393697526,,
2014-12-26,2088.77001953125,327.92401123046875,4806.85986328125,1735230000.0,16410500,930220000.0,0.0081243795168033,0.022169963092355,0.0089371360283295,2.7949191706237997,0.3309574570383944,0.6994837494464834
2014-12-27,,315.8630065917969,,,15185200,,,0.0229479564606841,,-3.6779876512901266,,
2014-12-28,,317.239013671875,,,11676600,,,0.0225978613127143,,0.43563413611660273,,
2014-12-29,2090.570068359375,312.6700134277344,4806.91015625,2452360000.0,12302500,1227740000.0,0.0081242019841932,0.0226456702560926,0.008938642180003,-1.4402390775512863,0.08617745425745227,0.0010462749108652858
2014-12-30,2080.35009765625,310.73699951171875,4777.43994140625,2440280000.0,12528300,1269200000.0,0.00819095181258,0.0225145791643269,0.0090281793965935,-0.6182281104684106,-0.48886047197381766,-0.6130802092365384
2014-12-31,2058.89990234375,320.1929931640625,4736.0498046875,2606070000.0,13942900,1515600000.0,0.0084343122877372,0.0234266389992661,0.0091553342588822,3.0430858466170996,-1.0310858415930158,-0.8663664478546385
2015-01-01,,314.2489929199219,,,8036550,,,0.0234480733831599,,-1.856380486469611,,
2015-01-02,2058.199951171875,315.0320129394531,4726.81005859375,2708700000.0,7860650,1435150000.0,0.0083851499122468,0.0234209043250137,0.009087849689907,0.24917184690256278,-0.03399636723855348,-0.19509393850979384
2015-01-03,,281.0820007324219,,,33054400,,,0.0306329396944427,,-10.776686435849992,,
2015-01-04,,264.19500732421875,,,55629100,,,0.0316054566645279,,-6.00785299812876,,
2015-01-05,2020.5799560546875,274.4739990234375,4652.56982421875,3799120000.0,43962800,1794470000.0,0.0090420499525352,0.0328871371073614,0.0094927771229807,3.890683553533014,-1.8278105145113743,-1.5706202164824656
2015-01-06,2002.6099853515625,286.1889953613281,4592.740234375,4460110000.0,23245700,2167320000.0,0.009159382881805,0.0341933616511513,0.0097061994011064,4.268162514326268,-0.8893471722946522,-1.2859471669250278
2015-01-07,2025.9000244140625,294.3370056152344,4650.47021484375,3805480000.0,24866800,1957950000.0,0.0093743250972471,0.034456163379727,0.009991406211924,2.8470732229305185,1.162984267174294,1.2569833590121648
2015-01-08,2062.139892578125,283.3489990234375,4736.18994140625,3934010000.0,19982500,2105450000.0,0.009940340054926,0.0347336154332998,0.0104314234321195,-3.733137995621494,1.7888280629516196,1.843248587828672
2015-01-09,2044.81005859375,290.4079895019531,4704.06982421875,3364140000.0,18718600,1715830000.0,0.0100548798737692,0.0351616536338386,0.0105005380834327,2.4912706601556422,-0.8403811034715436,-0.6781847346680303
2015-01-10,,274.7959899902344,,,15264300,,,0.0361162367214265,,-5.375884988044987,,
2015-01-11,,265.6600036621094,,,18200800,,,0.0363137651039834,,-3.324643248414827,,
2015-01-12,2028.260009765625,267.7959899902344,4664.7099609375,3456460000.0,18880300,1861960000.0,0.0101340199970664,0.0364362707100402,0.0105258529807765,0.804030075540374,-0.8093685160912578,-0.8367193675273943
2015-01-13,2023.030029296875,225.86099243164065,4661.5,4107300000.0,72843904,2162180000.0,0.0101342465997948,0.0466390929902435,0.0105206637407419,-15.659307504986518,-0.25785552362955766,-0.06881373042226802
2015-01-14,2011.27001953125,178.10299682617188,4639.31982421875,4378680000.0,97638704,2073810000.0,0.0101146255917543,0.0618966659502391,0.010278333241815,-21.144862196566883,-0.5813067327385291,-0.4758162776198671
2015-01-15,1992.6700439453125,209.843994140625,4570.81982421875,4276720000.0,81773504,1976260000.0,0.010141850042281,0.0702444213638377,0.0105180192421732,17.82170871915887,-0.9247875921837956,-1.476509544403637
2015-01-16,2019.4200439453125,208.0970001220703,4634.3798828125,4056410000.0,38421000,1970520000.0,0.0104497852637584,0.0702382456642281,0.010838175285612,-0.832520380537527,1.3424199395820402,1.3905614537018884
2015-01-17,,199.259994506836,,,23469700,,,0.0704064647864686,,-4.2465800131912035,,
2015-01-18,,210.3390045166016,,,30085100,,,0.0712513596644806,,5.560077444138201,,
2015-01-19,,214.86099243164065,,,18658300,,,0.0709120004132503,,2.1498570488300173,,
2015-01-20,2022.550048828125,211.31500244140625,4654.85009765625,3944340000.0,24051100,1835040000.0,0.0104591053235399,0.070866581824462,0.0108828830947228,-1.6503647079460393,0.15499523698385698,0.44170342875144986
2015-01-21,2032.1199951171875,226.89700317382807,4667.419921875,3730070000.0,29924600,1847420000.0,0.0104987865100817,0.0720509874157488,0.0108863328472692,7.373826066486888,0.4731623968765364,0.2700371430882198
2015-01-22,2063.14990234375,233.406005859375,4750.39990234375,4176050000.0,33544600,1996550000.0,0.0108084299727649,0.0723456843783778,0.0112887029295319,2.8687036825075785,1.5269721916580492,1.7778554717102768
2015-01-23,2051.820068359375,232.8789978027344,4757.8798828125,3573560000.0,24621700,1653830000.0,0.0108559021957899,0.0722140874866914,0.0112475336973084,-0.22579027249115535,-0.5491522439307173,0.15746001647269914
2015-01-24,,247.8470001220703,,,24782500,,,0.0734384764398574,,6.427373211222287,,
2015-01-25,,253.718002319336,,,33582700,,,0.0733721862749448,,2.3688009918918063,,
2015-01-26,2057.090087890625,273.4729919433594,4771.759765625,3465760000.0,106794000,1717510000.0,0.0104143463339948,0.074704101715996,0.0107660678943674,7.786199419605722,0.2568460857030219,0.29172411146065613
2015-01-27,2029.550048828125,263.4750061035156,4681.5,3329810000.0,44399000,1954160000.0,0.0106897881237563,0.0749140653183681,0.0113106587736764,-3.6559317133278313,-1.338786241041101,-1.8915404391314339
2015-01-28,2002.1600341796875,233.9149932861328,4637.990234375,4067530000.0,44352200,2118680000.0,0.0105561849188642,0.0776918190290305,0.0112372860955914,-11.219285371519872,-1.3495609366348305,-0.9293979627256199
2015-01-29,2021.25,233.51300048828125,4683.41015625,4127140000.0,32213400,2110710000.0,0.0106233919131261,0.0777030316435546,0.011201013334103,-0.1718542245643162,0.9534685287099887,0.9793018005593179
2015-01-30,1994.989990234375,226.4250030517578,4635.240234375,4568650000.0,26605200,2264230000.0,0.010788342623732,0.0774296676014841,0.0111196512157648,-3.035375941254781,-1.2991965252009852,-1.028522385781594
2015-01-31,,217.4640045166016,,,23348200,,,0.0775995789052835,,-3.957601154633905,,
2015-02-01,,226.9720001220703,,,29128500,,,0.0782104342847377,,4.372215818707081,,
2015-02-02,2020.8499755859373,238.22900390625,4676.68994140625,4008330000.0,30612100,2006450000.0,0.0104036858518291,0.0764290980573544,0.0105614630085567,4.959644263664864,1.2962463710669558,0.8942299629662864
2015-02-03,2050.030029296875,227.2680053710937,4727.740234375,4615900000.0,40783700,2153520000.0,0.0097922259433567,0.0760981688265221,0.0099348800270237,-4.601034448126972,1.4439495293299576,1.0915902830496371
2015-02-04,2041.510009765625,226.85299682617188,4716.7001953125,4141920000.0,26594300,2212960000.0,0.0097760992560219,0.0756645713563538,0.0099172383480924,-0.18260755368718629,-0.41560462088314765,-0.2335161941053543
2015-02-05,2062.52001953125,217.11099243164065,4765.10009765625,3821990000.0,22516400,2036590000.0,0.0099423515010249,0.0754012522972591,0.010082856042545,-4.294412915336587,1.0291406686777416,1.0261390450860164
2015-02-06,2055.469970703125,222.26600646972656,4744.39990234375,4232970000.0,24435300,2034060000.0,0.0099512310954774,0.0753273635642755,0.0100955988156801,2.374368050345965,-0.34181723141418763,-0.43441260179784
2015-02-07,,227.7539978027344,,,21604200,,,0.0753700427815676,,2.4691096133746093,,
2015-02-08,,223.41200256347656,,,17145200,,,0.0751552283900325,,-1.906440844572399,,
2015-02-09,2046.739990234375,220.1100006103516,4726.009765625,3549540000.0,27791300,1654680000.0,0.0099754387649809,0.0746533891519618,0.0101119079578096,-1.477987715627227,-0.42471943609877494,-0.3876177619358212
2015-02-10,2068.590087890625,219.8390045166016,4787.64013671875,3669850000.0,21115100,1773730000.0,0.010161006237248,0.0744926751704386,0.0103179506367705,-0.12311848303054873,1.0675561019232394,1.3040677897456554
2015-02-11,2068.530029296875,219.1849975585937,4801.18017578125,3596860000.0,17201900,1793630000.0,0.0101587256260365,0.0744468439098961,0.0103320830947424,-0.29749359511792584,-0.002903358867545336,0.28281238096101724
2015-02-12,2088.47998046875,221.76400756835932,4857.60986328125,3788350000.0,15206200,2075470000.0,0.0102791053128653,0.0677690628212995,0.0104804207616714,1.1766361924821833,0.9644506431775834,1.175329511369938
2015-02-13,2096.989990234375,235.427001953125,4893.83984375,3527450000.0,42744400,1942240000.0,0.0101072897008199,0.051776478313637,0.0104026949417416,6.161051351199998,0.40747384917307894,0.7458396513605026
2015-02-14,,257.3210144042969,,,49732500,,,0.0454717382432625,,9.299703207167,,
2015-02-15,,234.8249969482422,,,56552400,,,0.0488354157711877,,-8.742394206758973,,
2015-02-16,,233.843002319336,,,28153700,,,0.0480407626210176,,-0.41818147201877487,,
2015-02-17,2100.340087890625,243.6100006103516,4899.27001953125,3361750000.0,27363100,1751490000.0,0.0101071894740938,0.0476376082300913,0.0103867948205752,4.176733190278581,0.15975744623728527,0.11095940927010606
2015-02-18,2099.679931640625,236.3260040283203,4906.35986328125,3370020000.0,25200800,1684800000.0,0.009444651321255,0.0479570755550953,0.0098767052680849,-2.990023629482219,-0.03143092177338991,0.1447122473702489
2015-02-19,2097.449951171875,240.2830047607422,4924.7001953125,3247100000.0,18270500,1592890000.0,0.009258647307204,0.047867436939046,0.0094814263300364,1.6743822791281504,-0.10620573331896477,0.373807314227137
2015-02-20,2110.300048828125,243.7790069580078,4955.97021484375,3281600000.0,23876700,1761140000.0,0.0091074010279764,0.0462276094126198,0.0093189725673526,1.4549519225243168,0.6126533626735764,0.6349629072042617
2015-02-21,,244.53399658203125,,,12284200,,,0.0459691627899305,,0.3097024774383117,,
2015-02-22,,235.9770050048828,,,19527000,,,0.0464653794333962,,-3.499305494022753,,
2015-02-23,2109.659912109375,238.8919982910156,4960.97021484375,3093680000.0,16400000,1754850000.0,0.0085689119940566,0.0450451695019967,0.0088066237271704,1.2352870086102197,-0.03033391953459752,0.1008884190834003
2015-02-24,2115.47998046875,238.7350006103516,4968.1201171875,3199840000.0,14200400,1834890000.0,0.0083965298277121,0.0448049067799659,0.0086645437100847,-0.0657191039411642,0.2758770892866691,0.1441230653301817
2015-02-25,2113.860107421875,237.47000122070312,4967.14013671875,3312340000.0,11496200,1848560000.0,0.0082223747737841,0.0423786309637276,0.0084577565723507,-0.5298759655745333,-0.07657236475081541,-0.01972537792231943
2015-02-26,2110.739990234375,236.42599487304688,4987.89013671875,3408690000.0,13619400,1905550000.0,0.0082064870818938,0.0419309211461046,0.0084491436026721,-0.43963715091994704,-0.1476028227480719,0.4177454114211443
2015-02-27,2104.5,253.8280029296875,4963.52978515625,3547380000.0,44013900,1955590000.0,0.0081355534954697,0.0380740658150591,0.0084527968821055,7.360446158209011,-0.29563045487578377,-0.4883898982291024
2015-02-28,,254.26300048828125,,,13949300,,,0.0380654094428853,,0.17137492852363767,,
2015-03-01,,260.2019958496094,,,25213700,,,0.0376922234058335,,2.335768613570588,,
2015-03-02,2117.389892578125,275.6700134277344,5008.10009765625,3409490000.0,40465700,1931110000.0,0.0079132829169528,0.0379081937452129,0.007888310260263,5.944619113169725,0.6124919257840311,0.8979559794985104
2015-03-03,2107.780029296875,281.7019958496094,4979.89990234375,3262300000.0,50461300,2018900000.0,0.007702604194784,0.0374306824588552,0.0077717521750547,2.188116997881684,-0.45385421527393,-0.5630916867196301
2015-03-04,2098.530029296875,273.0920104980469,4967.14013671875,3421110000.0,41383000,1824830000.0,0.0077755540044731,0.0372247657923378,0.007813709008431,-3.0564161697168357,-0.438850348301556,-0.2562253433848083
2015-03-05,2101.0400390625,276.1780090332031,4982.81005859375,3103030000.0,41302400,1724200000.0,0.0077475612049935,0.0359347131045616,0.0078152106949945,1.1300215372570532,0.11960799848387271,0.3154717089450143
2015-03-06,2071.260009765625,272.7229919433594,4927.3701171875,3853570000.0,28918900,1918220000.0,0.0077713365877745,0.036074120644398,0.0076198649447836,-1.2510109338315867,-1.4173946589881803,-1.1126240164550105
2015-03-07,,276.260986328125,,,17825900,,,0.034826576255649,,1.2972849702017175,,
2015-03-08,,274.35400390625,,,22067900,,,0.0348041493731876,,-0.6902829267430466,,
2015-03-09,2079.429931640625,289.60699462890625,4942.43994140625,3349090000.0,59178200,1696510000.0,0.0077262385834049,0.035726212433472,0.0076270273729369,5.55960201254011,0.39444211911976446,0.30583909591415104
2015-03-10,2044.1600341796875,291.760009765625,4859.7900390625,3668900000.0,67770800,1876010000.0,0.0083497709080773,0.0353544781502055,0.0083045876628991,0.7434264975117566,-1.696133008584244,-1.6722489969242638
2015-03-11,2040.239990234375,296.3789978027344,4849.93994140625,3406570000.0,33963900,1846020000.0,0.0079746737942803,0.0350849075133448,0.0074485495219555,1.583146381445455,-0.19176795748703235,-0.20268566290058132
2015-03-12,2065.949951171875,294.35400390625,4893.2900390625,3405860000.0,32585200,1855110000.0,0.0078446027104542,0.0351614741714946,0.007303480546587,-0.6832447344437664,1.2601439566208406,0.8938275149790842
2015-03-13,2053.39990234375,285.3370056152344,4871.759765625,3498560000.0,31421500,1851410000.0,0.0077818544489422,0.0358799239531129,0.0072284002078066,-3.063317696159995,-0.6074710968194674,-0.4399958568902851
2015-03-14,,281.885009765625,,,22612300,,,0.0360773760454553,,-1.2097960592830526,,
2015-03-15,,286.3930053710937,,,11970100,,,0.0347707084346962,,1.5992321156832245,,
2015-03-16,2081.18994140625,290.5929870605469,4929.509765625,3295600000.0,21516100,1713480000.0,0.0076890375850075,0.0311574496923791,0.0071263567696264,1.4665098695448409,1.3533671171787054,1.1854032788620295
2015-03-17,2074.280029296875,285.5050048828125,4937.43017578125,3221840000.0,21497200,1724370000.0,0.0074200340001844,0.0258079541492494,0.0070080105161811,-1.750896409855296,-0.3320173700583018,0.16067338402454556
2015-03-18,2099.5,256.29901123046875,4982.830078125,4128210000.0,57008000,1983570000.0,0.0072893867563277,0.0331850570851042,0.0069387182520864,-10.229590778743635,1.2158421402569175,0.919504696318385
2015-03-19,2089.27001953125,260.9280090332031,4992.3798828125,3305220000.0,52732000,1674970000.0,0.0073074360016073,0.0325392662689445,0.006895594774593,1.8060927275961758,-0.4872579408787825,0.1916542313859848
2015-03-20,2108.10009765625,261.7489929199219,5026.419921875,5554120000.0,18456700,2825670000.0,0.0072543194102506,0.0319497999486972,0.0067808471793047,0.3146399996537985,0.9012754669798451,0.6818399212706439
2015-03-21,,260.0249938964844,,,17130100,,,0.0319001656698897,,-0.6586459050732407,,
2015-03-22,,267.9599914550781,,,18438100,,,0.0322252951804731,,3.051628783713256,,
2015-03-23,2104.419921875,266.739990234375,5010.97021484375,3267960000.0,22811900,1608880000.0,0.0072276316545137,0.0322560856476832,0.0067449775006766,-0.4552923046751367,-0.17457310425351702,-0.30737000233531653
2015-03-24,2091.5,245.59500122070312,4994.72998046875,3189820000.0,40073700,1611670000.0,0.0072815179761636,0.0351961232610858,0.0067273623060372,-7.927191192851335,-0.6139421956948832,-0.32409361218895816
2015-03-25,2061.050048828125,246.197006225586,4876.52001953125,3521140000.0,35866900,2219520000.0,0.0075545754424303,0.0351364174503749,0.0078979198800411,0.24512103336413738,-1.4558905652342857,-2.366693723179125
2015-03-26,2056.14990234375,248.5319976806641,4863.35986328125,3510670000.0,25730000,2004960000.0,0.0075657693893896,0.0351682981594029,0.0079090144864375,0.948423984058766,-0.2377499996742527,-0.26986777860629196
2015-03-27,2061.02001953125,247.0290069580078,4891.22021484375,3008550000.0,17274900,1678650000.0,0.0073550746859847,0.0351734787590031,0.0076879971927692,-0.604747371236869,0.23685613495147972,0.5728622258214466
2015-03-28,,252.79800415039065,,,16040900,,,0.0353767986116012,,2.3353521367486696,,
2015-03-29,,242.71299743652344,,,21699400,,,0.0337280912571613,,-3.9893537719022487,,
2015-03-30,2086.239990234375,247.5260009765625,4947.43994140625,2917690000.0,23009600,1778520000.0,0.0076680322125053,0.0339448719112615,0.0078500543734508,1.9830019780040065,1.2236645187396533,1.1494008466820915
2015-03-31,2067.889892578125,244.2239990234375,4900.8798828125,3376550000.0,22672000,1837660000.0,0.0078201010263579,0.0337090994656509,0.0080498567366694,-1.3340020604290626,-0.8795775050879251,-0.941093962638706
2015-04-01,2059.68994140625,247.27200317382807,4880.22998046875,3543270000.0,22877200,1874960000.0,0.0078452907620188,0.0319006533155692,0.0080814737579062,1.2480362956050373,-0.3965371271123064,-0.4213509173356722
2015-04-02,2066.9599609375,253.0050048828125,4886.93994140625,3095960000.0,26272600,1563670000.0,0.0078813894529229,0.0319363114105103,0.008053567831466,2.318500127551526,0.35296669586522,0.1374927198995568
2015-04-03,,254.322006225586,,,23146600,,,0.0315447627421673,,0.5205435929552138,,
2015-04-04,,253.697006225586,,,12493500,,,0.031439925986892,,-0.2457514429347607,,
2015-04-05,,260.5979919433594,,,19649200,,,0.0318394488034616,,2.720168369522291,,
2015-04-06,2080.6201171875,255.49200439453125,4917.31982421875,3302970000.0,20034200,1737560000.0,0.0078956920951412,0.0318885560788345,0.0080498736949896,-1.9593349552508799,0.660881512373579,0.621654515438097
2015-04-07,2076.330078125,253.17999267578125,4910.22998046875,3065510000.0,18467400,1572940000.0,0.0079009361645127,0.0319011116773731,0.0080489853995279,-0.9049252731916368,-0.20619040578628844,-0.14418105804469006
2015-04-08,2081.89990234375,245.02200317382807,4950.81982421875,3265330000.0,30086400,1714210000.0,0.0078998579633026,0.0304797870879944,0.0081950668628258,-3.2222093917192662,0.2682533127767339,0.8266383430399982
2015-04-09,2091.179931640625,243.67599487304688,4974.56005859375,3172360000.0,21643500,1729750000.0,0.0079517390708769,0.0303811909731873,0.0082436835210573,-0.5493418074075107,0.44574810183850566,0.4795212756252276
2015-04-10,2102.06005859375,236.072006225586,4995.97998046875,3156200000.0,28882000,1494240000.0,0.0080123504417855,0.030445927503146,0.0082459198713371,-3.120532513439611,0.5202865037342352,0.4305892706631731
2015-04-11,,236.552001953125,,,16365200,,,0.030496443628996,,0.2033259831241141,,
2015-04-12,,236.1529998779297,,,12387900,,,0.0301752454695008,,-0.16867414855967766,,
2015-04-13,2092.429931640625,224.5870056152344,4988.25,2908420000.0,31181800,1544190000.0,0.0080376641229592,0.0312118933636408,0.0081991455723747,-4.8976698448352955,-0.458128059365126,-0.1547240080818857
2015-04-14,2095.840087890625,219.15899658203125,4977.2900390625,3301270000.0,31719000,1571360000.0,0.0079578578162493,0.0310355347894331,0.0080387653971524,-2.4168847250684244,0.16297588743277025,-0.2197155502931869
2015-04-15,2106.6298828125,223.8329925537109,5011.02001953125,4013760000.0,22562000,1795530000.0,0.0079776664118204,0.0312286372017841,0.0080681048982859,2.132696373215137,0.5148195696902835,0.677677615811656
2015-04-16,2104.989990234375,228.572998046875,5007.7900390625,3434120000.0,24805400,1662850000.0,0.0079364052806135,0.0316396957660462,0.0080529459823203,2.117652737018516,-0.07784436134247175,-0.0644575446947071
2015-04-17,2081.179931640625,222.8820037841797,4931.81005859375,3627600000.0,20429800,1985190000.0,0.00820406806276,0.0256093782500838,0.0085160213101795,-2.48979289387814,-1.1311245518606405,-1.5172357442320816
2015-04-18,,223.3560028076172,,,12939000,,,0.0252902189856303,,0.21266814520228827,,
2015-04-19,,222.6000061035156,,,15021500,,,0.0252441593618316,,-0.33847163031152094,,
2015-04-20,2100.39990234375,224.62600708007807,4994.60009765625,3000160000.0,18364700,1646340000.0,0.0079418508573083,0.0253800278151917,0.008581118350165,0.9101531540930408,0.9235131672624686,1.273164179408881
2015-04-21,2097.2900390625,235.2689971923828,5014.10009765625,3243410000.0,24978000,1721260000.0,0.0079217790106473,0.0263066976584385,0.0085913054442077,4.738093442808955,-0.14806053255762563,0.3904216477541578
2015-04-22,2107.9599609375,234.17599487304688,5035.169921875,3348480000.0,23847900,1696380000.0,0.0072491229484401,0.026306730843317,0.0079626511368633,-0.4645755847049293,0.5087480356207541,0.42021147979471873
2015-04-23,2112.929931640625,236.4620056152344,5056.06005859375,3636670000.0,17036000,1858620000.0,0.0072312489534923,0.0218613711490698,0.0079565340269235,0.9761934580129861,0.2357715893671175,0.41488444368071864
2015-04-24,2117.68994140625,231.2680053710937,5092.080078125,3375780000.0,21448700,1895150000.0,0.006911112159499,0.022178278501861,0.0079045639866176,-2.1965474878836377,0.2252800575326619,0.7124128098523475
2015-04-25,,226.38999938964844,,,13957200,,,0.0223375023471484,,-2.1092437640122252,,
2015-04-26,,219.42999267578125,,,28943700,,,0.0229170942853257,,-3.074343713340466,,
2015-04-27,2108.919921875,229.28599548339844,5060.25,3438750000.0,38574000,2172470000.0,0.0068528986911505,0.0240533406870524,0.0079582547770662,4.491638853663882,-0.41413142499162614,-0.6250898971863816
2015-04-28,2114.760009765625,225.85499572753903,5055.419921875,3546270000.0,21469200,2032500000.0,0.0064434697621932,0.0231137944760426,0.007713741091603,-1.4963843511793695,0.2769231695356478,-0.09545137344992849
2015-04-29,2106.85009765625,225.80799865722656,5023.64013671875,4074970000.0,18936500,1871300000.0,0.0064526311240771,0.0227424027408751,0.0078211875025654,-0.020808514844261605,-0.37403355807980043,-0.6286280001931766
2015-04-30,2085.510009765625,236.1450042724609,4941.419921875,4509680000.0,33818600,2269290000.0,0.0063562406762082,0.0242585556094029,0.0082423735473354,4.577785409154522,-1.0128906614839228,-1.636666094826078
2015-05-01,2108.2900390625,232.07899475097656,5005.39013671875,3379390000.0,18815300,1854400000.0,0.0066034678760872,0.024295135605729,0.008578324514617,-1.7218274568252312,1.0923001659165044,1.2945715169958127
2015-05-02,,234.92999267578125,,,12535500,,,0.0239913709340331,,1.2284601318028887,,
2015-05-03,,240.3580017089844,,,18494100,,,0.0243987139275345,,2.3104793778690347,,
2015-05-04,2114.489990234375,239.0180053710937,5016.93017578125,3091580000.0,21223400,1668200000.0,0.0064195797938475,0.024407962229301,0.0084959956128865,-0.5575001990210882,0.2940748690645867,0.23055223963150961
2015-05-05,2089.4599609375,236.1210021972656,4939.330078125,3793950000.0,23929100,2069490000.0,0.0067784535327155,0.0238524497721202,0.0089442885287245,-1.212043908294802,-1.1837383677612334,-1.5467645539668284
2015-05-06,2080.14990234375,229.7819976806641,4919.64013671875,3792210000.0,29587200,2144620000.0,0.0067343744424368,0.024067136513351,0.0089533052980443,-2.684642389966496,-0.44557248130147054,-0.39863586953727825
2015-05-07,2088.0,237.33399963378903,4945.5400390625,3676640000.0,29064400,2042960000.0,0.0061858076960168,0.0249111319181446,0.0078337238297511,3.2865942629762612,0.37738134388320965,0.5264592861262463
2015-05-08,2116.10009765625,243.86300659179688,5003.5498046875,3399440000.0,27445500,1978760000.0,0.0065936155662238,0.0247738809392281,0.0080686731254573,2.750978354589839,1.3457901176364917,1.1729713068099334
2015-05-09,,241.83200073242188,,,19790500,,,0.0248006099665618,,-0.8328470512031005,,
2015-05-10,,240.29600524902344,,,15019100,,,0.0241146845539024,,-0.6351498059588678,,
2015-05-11,2105.330078125,242.1580047607422,4993.56982421875,2992670000.0,20892300,1731390000.0,0.006679062410096,0.0241487310412488,0.008034368275709,0.774877430770915,-0.5089560528435566,-0.19945800198492014
2015-05-12,2099.1201171875,241.11199951171875,4976.18994140625,3139520000.0,19282600,1705870000.0,0.0063471643405506,0.0241628493232405,0.0078051796618194,-0.4319515475265434,-0.29496376848567873,-0.34804525468349334
2015-05-13,2098.47998046875,236.3769989013672,4981.68994140625,3374260000.0,27180100,1672260000.0,0.0061150593715146,0.0225375105797503,0.0075901963486496,-1.9638179020291524,-0.030495478248648844,0.11052632766759274
2015-05-14,2121.10009765625,236.9290008544922,5050.7998046875,3225740000.0,24413700,1741970000.0,0.0063300238100523,0.0219888415167792,0.0079052256546623,0.23352608574040978,1.0779286625573148,1.38727749205807
2015-05-15,2122.72998046875,237.60499572753903,5048.2900390625,3092080000.0,16329400,1667260000.0,0.0063117999550355,0.0217099413588642,0.0079107365980979,0.28531537743747837,0.07684139066803652,-0.04969045937379679
2015-05-16,,236.1529998779297,,,11089700,,,0.0214557532896285,,-0.6110965155271209,,
2015-05-17,,236.802001953125,,,11134300,,,0.020873263618995,,0.2748227105015877,,
2015-05-18,2129.199951171875,233.1280059814453,5078.43994140625,2888190000.0,16780300,1643870000.0,0.0062341365982053,0.0211205990073747,0.0079054467462609,-1.551505452393498,0.3047948049283322,0.5972299949182247
2015-05-19,2127.830078125,231.947006225586,5070.02978515625,3296030000.0,14241900,1750980000.0,0.006217246297123,0.0211361225302624,0.0079078997069135,-0.5065885374378021,-0.0643374543626618,-0.16560511391360277
2015-05-20,2125.85009765625,234.0180053710937,5071.740234375,3025880000.0,15499400,1786830000.0,0.0062148939461387,0.021133997529352,0.0077917540749396,0.8928759974998313,-0.09305162517933008,0.03373647278677172
2015-05-21,2130.820068359375,235.343994140625,5090.7900390625,3070460000.0,15108900,1683670000.0,0.0061828114359014,0.0193849962456755,0.0077758054459683,0.5666182682946275,0.23378744854138933,0.3756068687900349
2015-05-22,2126.06005859375,240.34800720214844,5089.35986328125,2571860000.0,27003000,1544920000.0,0.0061423278939992,0.0197361839386931,0.0077490799757486,2.126254838070518,-0.22338863033564138,-0.028093395529493748
2015-05-23,,238.8719940185547,,,14605000,,,0.0197035764166527,,-0.614115007973548,,
2015-05-24,,240.9530029296875,,,11508000,,,0.0192872706995748,,0.8711816216392387,,
2015-05-25,,237.1100006103516,,,14423900,,,0.0190975280858232,,-1.5949177941796955,,
2015-05-26,2104.199951171875,237.11599731445312,5032.75,3342130000.0,16425000,1731950000.0,0.0063872087941921,0.0180733656482779,0.0080363798738211,0.0025290810535594233,-1.028198019783788,-1.112317949643904
2015-05-27,2123.47998046875,237.2830047607422,5106.58984375,3127960000.0,18837000,1809550000.0,0.0065888174354111,0.0162988370634338,0.0084301036776987,0.07043280427325715,0.9162641262365545,1.467186801450504
2015-05-28,2120.7900390625,237.4080047607422,5097.97998046875,2980350000.0,13829600,1741420000.0,0.0065348599531668,0.0160097980813513,0.0083670583692261,0.052679710511105426,-0.12667608976734135,-0.1686029923039123
2015-05-29,2107.389892578125,237.0959930419922,5070.02978515625,3927390000.0,14805000,2024170000.0,0.006642212133255,0.016015533855732,0.008438034460808,-0.13142426223767822,-0.6318469173072216,-0.5482602014833748
2015-05-30,,233.34500122070312,,,14098600,,,0.0140978847017182,,-1.5820561845702352,,
2015-05-31,,230.19000244140625,,,14730800,,,0.0139579839845418,,-1.3520747231747232,,
2015-06-01,2111.72998046875,222.92599487304688,5082.93017578125,3011710000.0,26090500,1902120000.0,0.0062896773170524,0.0149014788799264,0.0079051460181529,-3.155657279341828,0.20594612823712222,0.25444407965351523
2015-06-02,2109.60009765625,225.8029937744141,5076.52001953125,3049350000.0,20459000,1729750000.0,0.0060748057684656,0.0144363866849563,0.0076006550964615,1.2905623245084596,-0.10085961899480855,-0.12611143628418198
2015-06-03,2114.070068359375,225.87399291992188,5099.22998046875,3099980000.0,17752400,1852680000.0,0.0060770889634319,0.0144271549662847,0.0076099818163978,0.03144296021988513,0.21188711112078984,0.44735292779554126
2015-06-04,2095.840087890625,224.32400512695312,5059.1201171875,3200050000.0,14728100,1813960000.0,0.0062180542901882,0.0143285688179132,0.0077301879919787,-0.6862179097875454,-0.8623167576889856,-0.786586669651701
2015-06-05,2092.830078125,224.95199584960932,5068.4599609375,3243690000.0,18056500,1842890000.0,0.0062030151775365,0.0135107808852844,0.0077007146291914,0.2799480698914891,-0.14361829335245435,0.1846139947986103
2015-06-06,,225.61900329589844,,,11131500,,,0.0120149063583856,,0.2965110150589867,,
2015-06-07,,222.8809967041016,,,13318400,,,0.0108509997382419,,-1.2135531811591105,,
2015-06-08,2079.280029296875,228.488998413086,5021.6298828125,2917150000.0,23378400,1712210000.0,0.0062831203690811,0.0119259246047689,0.0077664826435795,2.516141704278918,-0.6474509789282434,-0.9239508348870884
2015-06-09,2080.14990234375,229.04800415039065,5013.8701171875,3034580000.0,28353100,1754340000.0,0.0062496412178314,0.0119203365293061,0.007692238024226,0.2446532398439727,0.041835300422188304,-0.15452683304197912
2015-06-10,2105.199951171875,228.8029937744141,5076.68994140625,3414320000.0,15904800,1792980000.0,0.006627873715537,0.0117907577627312,0.008035070452594,-0.10696900716746782,1.2042424827124476,1.252920852564654
2015-06-11,2108.860107421875,229.7050018310547,5082.509765625,3128600000.0,14416000,1623950000.0,0.0066008398964972,0.0118283035184821,0.007943587908628,0.3942291321283653,0.17386264178671507,0.11463816553543005
2015-06-12,2094.110107421875,229.98199462890625,5051.10009765625,2719400000.0,14017700,1428900000.0,0.0064558133994333,0.0113238514847628,0.0073917176838912,0.12058631533644615,-0.6994299881765143,-0.6179952310408909
2015-06-13,,232.4019927978516,,,13305300,,,0.0115003101672914,,1.0522554919354388,,
2015-06-14,,233.54299926757807,,,12165900,,,0.0115278088640035,,0.49096242936219614,,
2015-06-15,2084.429931640625,236.822998046875,5029.97021484375,3061570000.0,19912100,1790280000.0,0.0061821219762947,0.0117743212623814,0.0070756447951303,1.4044517667339385,-0.46225724936533874,-0.4183223932209268
2015-06-16,2096.2900390625,250.8950042724609,5055.5498046875,2919900000.0,41612000,1654820000.0,0.0062525475532013,0.0157934008416804,0.0071224391540797,5.941993109470145,0.56898566086796,0.5085435648955361
2015-06-17,2100.43994140625,249.28399658203125,5064.8798828125,3222240000.0,43858400,1712820000.0,0.005864628398211,0.0155277824311303,0.0064660957055443,-0.6421043316909514,0.19796413026920145,0.18455120581244433
2015-06-18,2121.239990234375,249.0070037841797,5132.9501953125,3520360000.0,30980200,1877920000.0,0.006053618338651,0.015480182972244,0.0067867057687169,-0.11111535503660619,0.9902710578908236,1.3439669661465148
2015-06-19,2109.989990234375,244.6060028076172,5117.0,4449810000.0,23965300,2468310000.0,0.0061192943231581,0.0158560867395658,0.0067954615278356,-1.7674205583297353,-0.530350174982186,-0.3107412833864287
2015-06-20,,245.2120056152344,,,20608100,,,0.0158378417031649,,0.24774649872099097,,
2015-06-21,,243.94400024414065,,,10600900,,,0.0154332580159904,,-0.5171057460715778,,
2015-06-22,2122.85009765625,246.9900054931641,5153.97021484375,3030020000.0,17692500,1619970000.0,0.0057158656928207,0.0155292169425783,0.0066032445752256,1.248649380995226,0.6094866554531064,0.7224978472493593
2015-06-23,2124.199951171875,244.29600524902344,5160.08984375,3091190000.0,15108700,1613540000.0,0.005630932403548,0.0156133044952009,0.0065791747332879,-1.0907324929045448,0.06358685039113965,0.11873621016715852
2015-06-24,2108.580078125,240.51499938964844,5122.41015625,3102480000.0,17344900,1628800000.0,0.005775213990851,0.015596025403385,0.006707558004636,-1.547714976149872,-0.735329696164333,-0.7302137877626014
2015-06-25,2102.31005859375,242.7989959716797,5112.18994140625,3214610000.0,16133100,1614760000.0,0.0058030265561926,0.0156813660892025,0.0067292086579144,0.9496275025787648,-0.29735743006855664,-0.19951965055512444
2015-06-26,2101.489990234375,243.593994140625,5080.509765625,5025470000.0,13983500,3843810000.0,0.0054425302762898,0.0156878750083596,0.0063873585662129,0.32743058337771913,-0.03900796440671206,-0.6196987229417306
2015-06-27,,250.9900054931641,,,20488600,,,0.0165584840798596,,3.03620431145335,,
2015-06-28,,249.0110015869141,,,15137600,,,0.0166456810100909,,-0.7884791676710412,,
2015-06-29,2057.639892578125,257.0639953613281,4958.47021484375,3678960000.0,34742900,2025580000.0,0.0066270830827409,0.0171823344352419,0.0078003000809128,3.2339911582594194,-2.086619391956246,-2.4021123157163538
2015-06-30,2063.110107421875,263.0719909667969,4986.8701171875,4078540000.0,44533800,2034430000.0,0.0066192103421256,0.0172489633894156,0.0077933747797678,2.3371595065360795,0.26584898861461426,0.5727553280189479
2015-07-01,2077.419921875,258.6210021972656,5013.1201171875,3727260000.0,27029800,1814560000.0,0.0067771096656242,0.016347777630691,0.0078629823312916,-1.6919280358101751,0.6936040108400654,0.5263822674973717
2015-07-02,2076.780029296875,255.41200256347656,5009.2099609375,2996540000.0,21551900,1490810000.0,0.0067776462342022,0.0165789170618201,0.007862132377331,-1.240811692215693,-0.030802274079833047,-0.07799845522540316
2015-07-03,,256.33599853515625,,,19033800,,,0.0165638292635094,,0.36176685606230663,,
2015-07-04,,260.885986328125,,,15620400,,,0.0166009510756001,,1.7750092920892246,,
2015-07-05,,271.9129943847656,,,44156100,,,0.0178691919671532,,4.226753691082363,,
2015-07-06,2068.760009765625,269.0299987792969,4991.93994140625,3486360000.0,49154800,1741500000.0,0.0067740214470394,0.0181286160459298,0.0078405809672603,-1.0602640054006462,-0.3861756863082544,-0.3447653355703628
2015-07-07,2081.340087890625,266.2070007324219,4997.4599609375,4458660000.0,28857600,2132080000.0,0.0068896328513842,0.0180739591964477,0.0078469344353988,-1.0493246328231565,0.608097510857486,0.11057864469610212
2015-07-08,2046.6800537109373,270.7850036621094,4909.759765625,3608780000.0,36980200,1931520000.0,0.0072900241767681,0.0178469678583182,0.0082308580719626,1.7197154534223102,-1.6652749054007154,-1.7548954068267841
2015-07-09,2051.31005859375,269.2279968261719,4922.39990234375,3446810000.0,40301200,1861600000.0,0.0070682797558273,0.0179605966484771,0.0077338232115288,-0.5749974388834178,0.22622025726091177,0.2574491894134612
2015-07-10,2076.6201171875,284.8940124511719,4997.7001953125,3065070000.0,100390000,1590230000.0,0.0074803619625656,0.020189600785994,0.0082921050648952,5.818865723357458,1.2338485100151564,1.5297475715635445
2015-07-11,,293.114990234375,,,41109900,,,0.0205413233393038,,2.8856267327177054,,
2015-07-12,,310.86700439453125,,,56405000,,,0.022472878037565,,6.056331048085162,,
2015-07-13,2099.60009765625,292.0539855957031,5071.509765625,3096730000.0,62053900,1694140000.0,0.0076967673535677,0.0260773184387854,0.008693787373903,-6.051790165209015,1.1066049239604414,1.476870709085909
2015-07-14,2108.949951171875,287.4639892578125,5104.89013671875,3002120000.0,28727200,1682660000.0,0.0077323233595993,0.0264244295882017,0.0087648205945166,-1.5716259884378525,0.4453159211633695,0.658193962673681
2015-07-15,2107.39990234375,285.8290100097656,5098.93994140625,3261810000.0,27486600,1691350000.0,0.0077313061984554,0.0264878303603309,0.0087643090690893,-0.5687596739571199,-0.0734986066058041,-0.11655873394220695
2015-07-16,2124.2900390625,278.0889892578125,5163.18017578125,3227080000.0,49482600,1823530000.0,0.0078606938472308,0.0253217730315724,0.0090208149816686,-2.7079199384585473,0.8014680412562258,1.2598743094291764
2015-07-17,2126.639892578125,279.47198486328125,5210.14013671875,3362750000.0,27591400,1854450000.0,0.0076829918357335,0.0252539697689336,0.0090130740868772,0.49732123848549303,0.11061829940426371,0.9095162155636771
2015-07-18,,274.9010009765625,,,25187100,,,0.0255121064160725,,-1.6355785675458256,,
2015-07-19,,273.614013671875,,,15332500,,,0.0252482677707601,,-0.46816392087172254,,
2015-07-20,2128.280029296875,278.9809875488281,5218.85986328125,3245870000.0,22711400,1814180000.0,0.0076745013446853,0.0254082324971261,0.0090125596336156,1.961512791296327,0.077123387202227,0.16736069153009403
2015-07-21,2119.2099609375,275.8330078125,5208.1201171875,3343690000.0,22930700,1774570000.0,0.0076144877569418,0.0255122801608856,0.0088235998779323,-1.1283850430048203,-0.42616893616069795,-0.20578720975653608
2015-07-22,2114.14990234375,277.22198486328125,5171.77001953125,3694070000.0,19389800,2035730000.0,0.0076344750512627,0.0254648757874421,0.008938023829818,0.5035572289903145,-0.23877098952062026,-0.6979504473464404
2015-07-23,2102.14990234375,276.04901123046875,5146.41015625,3772810000.0,18531300,2003310000.0,0.0074000732771924,0.0253593086080091,0.0087330765880477,-0.4231171035699033,-0.5676040278268291,-0.4903517206967467
2015-07-24,2079.64990234375,288.27801513671875,5088.6298828125,3870040000.0,37199400,2004380000.0,0.0076438810744663,0.0260565558705529,0.008990521739474,4.43001184888876,-1.070332804283558,-1.1227296636535988
2015-07-25,,288.6969909667969,,,20662200,,,0.0260613496172685,,0.14533742015652162,,
2015-07-26,,292.6860046386719,,,16032300,,,0.0260965988211099,,1.3817302558355227,,
2015-07-27,2067.639892578125,293.6239929199219,5039.77978515625,3836750000.0,30592000,1942520000.0,0.0076108119730327,0.0257097246936549,0.009094439318611,0.32047595935034145,-0.5775015185050969,-0.9599852766114414
2015-07-28,2093.25,294.427001953125,5089.2099609375,4117740000.0,25453600,2025110000.0,0.007910446109506,0.0255952346913956,0.0092323327852976,0.2734820902126067,1.2386154626733425,0.9808003104984309
2015-07-29,2108.570068359375,289.5899963378906,5111.72998046875,4038900000.0,24672600,1890350000.0,0.0079548744826779,0.0254085096423138,0.0092216121116838,-1.642853944491296,0.7318795346650031,0.4425052160178744
2015-07-30,2108.6298828125,287.72198486328125,5128.77978515625,3579410000.0,21635800,1908480000.0,0.0079477664849418,0.0252136183799975,0.0092337942580792,-0.6450538686529117,0.002836730636679441,0.33354274878847345
2015-07-31,2103.840087890625,284.6499938964844,5128.27978515625,3681340000.0,23629100,1926360000.0,0.0077418621689137,0.0250661081999028,0.0089049006155485,-1.0676942077459284,-0.2271519985995063,-0.009748907555884312
2015-08-01,,281.6010131835937,,,18995000,,,0.0250310089476832,,-1.0711332437264964,,
2015-08-02,,282.614013671875,,,17722200,,,0.0250309992257567,,0.35972899274365755,,
2015-08-03,2098.0400390625,281.2269897460937,5115.3798828125,3476770000.0,21474100,1790080000.0,0.0076983808130834,0.0249234729602913,0.0088984732926276,-0.4907838460522007,-0.2756886733696673,-0.2515444336927297
2015-08-04,2093.320068359375,285.2179870605469,5105.5498046875,3546710000.0,21908700,1819700000.0,0.0076143502036327,0.0239329181708181,0.0087989216838703,1.4191373730012335,-0.2249704779339723,-0.19216711857567015
2015-08-05,2099.840087890625,281.8819885253906,5139.93994140625,3968680000.0,20128000,2041490000.0,0.0076400602425779,0.0239532848230999,0.0088888323760305,-1.1696311896514655,0.31146787487494887,0.6735834148004161
2015-08-06,2083.56005859375,278.5769958496094,5056.43994140625,4246570000.0,18792100,2290950000.0,0.0076531194430546,0.0239760529232485,0.0092862299107842,-1.1724738757061592,-0.775298528243118,-1.6245326006115723
2015-08-07,2077.570068359375,279.5849914550781,5043.5400390625,3602320000.0,42484800,2008360000.0,0.0076519900142959,0.0238006564181339,0.0092900250858363,0.36183734496617603,-0.28748824444340126,-0.25511827477896487
2015-08-08,,260.9970092773437,,,58533000,,,0.0269926233253252,,-6.648419173359321,,
2015-08-09,,265.0830078125,,,23789600,,,0.0249349896797213,,1.5655346191397967,,
2015-08-10,2104.179931640625,264.4700012207031,5101.7998046875,3514460000.0,20979400,1784930000.0,0.0080182384231702,0.0242455702836342,0.0094715709377785,-0.23125080587227398,1.2808166466444781,1.1551363759140454
2015-08-11,2084.070068359375,270.385986328125,5036.7900390625,3708880000.0,25433900,1912340000.0,0.0072078871912258,0.0218010108507595,0.0086448778210185,2.236921042127915,-0.955710249815489,-1.2742515997054449
2015-08-12,2086.050048828125,266.3760070800781,5044.39013671875,4269130000.0,26815400,2089460000.0,0.0071964131870291,0.0190062752511968,0.0085917795757643,-1.4830573516412149,0.09500546545004873,0.15089169088462473
2015-08-13,2083.389892578125,264.0799865722656,5033.56005859375,3221300000.0,27685500,1632340000.0,0.0070942302538499,0.0188846543250938,0.0085533425989238,-0.8619471899818154,-0.12752120935421996,-0.2146954900685949
2015-08-14,2091.5400390625,265.67999267578125,5048.240234375,2795590000.0,27091200,1487630000.0,0.0071275728389515,0.0189446213864979,0.0085662658869403,0.6058793490122394,0.3911964108786803,0.2916459843602448
2015-08-15,,261.5509948730469,,,19321100,,,0.0185254495362034,,-1.554124479284047,,
2015-08-16,,258.5069885253906,,,29717000,,,0.0185580369896981,,-1.163829007468986,,
2015-08-17,2102.43994140625,257.9760131835937,5091.7001953125,2867690000.0,21617900,1510790000.0,0.0071397197090076,0.0183716342012674,0.0086673318543693,-0.20540076878609037,0.521142418513576,0.8608932800298952
2015-08-18,2096.919921875,211.07899475097656,5059.35009765625,2949990000.0,42147200,1501540000.0,0.0070839511248556,0.0406457369550141,0.0087611237907537,-18.178829052312683,-0.2625530186397551,-0.6353496163429284
2015-08-19,2079.610107421875,226.6840057373047,5019.0498046875,3512920000.0,60869200,1785420000.0,0.006526752034992,0.0429225766048084,0.0082323054955422,7.3929720030827095,-0.8254876246131082,-0.796550785987693
2015-08-20,2035.72998046875,235.3500061035156,4877.490234375,3922470000.0,32275000,2087000000.0,0.007637479041971,0.043669394855935,0.0098096064110085,3.8229430162150857,-2.1100170073477753,-2.8204456186167293
2015-08-21,1970.8900146484373,232.56900024414065,4706.0400390625,5018240000.0,23173800,2768540000.0,0.0092845844326552,0.0436408030378104,0.0113303225116674,-1.1816468184631113,-3.1850965718637547,-3.515131493327728
2015-08-22,,230.38999938964844,,,23205900,,,0.043644425306754,,-0.9369266119752861,,
2015-08-23,,228.16900634765625,,,18406600,,,0.0426380582155665,,-0.9640145179374393,,
2015-08-24,1893.2099609375,210.4949951171875,4526.25,6612690000.0,59220700,3508840000.0,0.0113409251569177,0.0446118433010364,0.0127503527244075,-7.746017530329796,-3.9413692866465566,-3.820410314620193
2015-08-25,1867.6099853515625,221.60899353027344,4506.490234375,5183560000.0,61089200,2612800000.0,0.0113867017945264,0.04583423078533,0.0125996260014007,5.279934758970639,-1.352199497897244,-0.43655930682131583
2015-08-26,1940.510009765625,225.8309936523437,4697.5400390625,5338250000.0,31808000,2631660000.0,0.0137604645011078,0.0460700094794824,0.0151092791614998,1.905157392221768,3.903385877450183,4.2394367845334235
2015-08-27,1987.6600341796875,224.7689971923828,4812.7099609375,5006390000.0,21905400,2368880000.0,0.0144834805654312,0.0460260607182185,0.0156576960022313,-0.4702616070475174,2.4297748621125326,2.4517070832244414
2015-08-28,1988.8699951171875,231.39599609375,4828.31982421875,3949080000.0,31336600,1936540000.0,0.0144798338968721,0.0465185065745953,0.0155473345438153,2.9483598646369513,0.06087363616984476,0.32434664477909436
2015-08-29,,229.77999877929688,,,17142500,,,0.0465182093619444,,-0.6983687452389642,,
2015-08-30,,228.7610015869141,,,19412600,,,0.0465172837411237,,-0.4434664452068082,,
2015-08-31,1972.1800537109373,230.05599975585932,4776.509765625,3915100000.0,20710700,1839010000.0,0.0145113905166566,0.0465714033171822,0.0155973731750735,0.566092192271328,-0.8391670369217286,-1.073045292771868
2015-09-01,1913.8499755859373,228.1210021972656,4636.10009765625,4371850000.0,20575200,2253750000.0,0.0153545140139935,0.0465311738768157,0.0163489053738717,-0.841098498038384,-2.9576446640986798,-2.9395871642351357
2015-09-02,1948.8599853515625,229.28399658203125,4749.97998046875,3742620000.0,18760400,1929080000.0,0.0158498990782378,0.046583461599485,0.0171213651941975,0.5098146920115454,1.8292975004431389,2.4563723908823887
2015-09-03,1951.1300048828125,227.18299865722656,4733.5,3520700000.0,17482000,1803320000.0,0.0158548996105964,0.0464169525846147,0.0171173514762913,-0.9163299471941166,0.11647935451044589,-0.34694841949889366
2015-09-04,1921.219970703125,230.29800415039065,4683.919921875,3167090000.0,20962400,1574720000.0,0.0159620015568836,0.0465691959541807,0.017104871402221,1.3711437526467307,-1.5329595723932221,-1.0474295579380954
2015-09-05,,235.0189971923828,,,20671400,,,0.0468168503804784,,2.0499496117687643,,
2015-09-06,,239.83999633789065,,,25473700,,,0.0470296752413041,,2.051323170935593,,
2015-09-07,,239.8470001220703,,,21192200,,,0.0454686338245965,,0.0029201902462583362,,
2015-09-08,1969.4100341796875,243.60699462890625,4811.93017578125,3548650000.0,26879200,1765600000.0,0.016711849661055,0.0454689257298752,0.0178849382768902,1.567663762699678,2.508305358648033,2.732972724585059
2015-09-09,1942.0400390625,238.16799926757807,4756.52978515625,3652120000.0,23635700,1963750000.0,0.0166455870918005,0.0456115298085608,0.0178442431410922,-2.23269260786767,-1.389756050907287,-1.1513132693369843
2015-09-10,1952.2900390625,238.4770050048828,4796.25,3626320000.0,21215500,1845770000.0,0.0166085271775978,0.0453660629537365,0.0179086065840069,0.1297427606794299,0.5277955033794246,0.8350670896186907
2015-09-11,1961.050048828125,240.10699462890625,4822.33984375,3218590000.0,19224700,1686190000.0,0.0166522998225754,0.0453620682040187,0.0179346706232009,0.6834997042964641,0.44870432109727076,0.543963382851187
2015-09-12,,235.22900390625,,,17962600,,,0.0454605915951691,,-2.031590429173191,,
2015-09-13,,230.51199340820312,,,18478800,,,0.0455166747509399,,-2.0052843908342277,,
2015-09-14,1953.030029296875,230.6439971923828,4805.759765625,3000200000.0,20997800,1467740000.0,0.0166550834166561,0.0454787381126661,0.0179324918089354,0.05726547336126764,-0.4089655710746709,-0.3438181186356748
2015-09-15,1978.0899658203125,230.3040008544922,4860.52001953125,3239860000.0,19177800,1587460000.0,0.0168852001033109,0.0454587998630922,0.0181005457024435,-0.1474117436522926,1.283131142251781,1.1394713131093859
2015-09-16,1995.31005859375,229.09100341796875,4889.240234375,3630680000.0,20144200,1666380000.0,0.0169960750282712,0.0454582225555674,0.0181534295725803,-0.5266940357192551,0.8705414349693852,0.590887697784237
2015-09-17,1990.199951171875,229.8099975585937,4893.9501953125,4183790000.0,18935400,1891510000.0,0.0169734303454964,0.0262033714109245,0.0180946022091678,0.3138465194607143,-0.2561059320011938,0.09633318699264759
2015-09-18,1958.030029296875,232.9750061035156,4827.22998046875,6021240000.0,20242200,3272150000.0,0.0171473948540007,0.0229149538536585,0.0180264432486159,1.3772283967388832,-1.6164165744279924,-1.3633202664721789
2015-09-19,,231.4929962158203,,,12712600,,,0.0218749182669474,,-0.6361239827747056,,
2015-09-20,,231.2120056152344,,,14444700,,,0.0217707394499483,,-0.12138190147400474,,
2015-09-21,1966.969970703125,227.0850067138672,4828.9501953125,3269350000.0,19678800,2021530000.0,0.0171889897560154,0.0219520954612049,0.0180286632835424,-1.7849414395180951,0.4565783605198437,0.035635651309551264
2015-09-22,1942.739990234375,230.6179962158203,4756.72021484375,3808260000.0,25009300,2042880000.0,0.0170671960922525,0.0220677660559038,0.0180236273547113,1.555800426051368,-1.2318429274285614,-1.4957698370727468
2015-09-23,1938.760009765625,230.2830047607422,4752.740234375,3190530000.0,17254100,1606330000.0,0.0170168916192367,0.0159298935509004,0.017915604472417,-0.1452581587625179,-0.2048642890328245,-0.08367068671245592
2015-09-24,1932.239990234375,234.5290069580078,4734.47998046875,4091530000.0,25097800,1995820000.0,0.0170057610449817,0.0134004167251185,0.0179068029661977,1.843819174444561,-0.3362984329369434,-0.384204753589934
2015-09-25,1931.3399658203125,235.1439971923828,4686.5,3721870000.0,22363600,2050530000.0,0.0170085018516187,0.0130130573122609,0.0179673680133158,0.2622235272096374,-0.046579328582951884,-1.0134160597717767
2015-09-26,,234.33999633789065,,,13724100,,,0.0129944748483412,,-0.34191851124923955,,
2015-09-27,,232.7570037841797,,,14179900,,,0.0119701714617738,,-0.6755110431206468,,
2015-09-28,1881.77001953125,239.1419982910156,4543.97021484375,4326660000.0,24713000,2387610000.0,0.0174882279235317,0.0128472663319238,0.0186698328351667,2.7432018813733805,-2.566609046896018,-3.0412842239677773
2015-09-29,1884.0899658203125,236.6869964599609,4517.31982421875,4132390000.0,22691300,2293450000.0,0.0174349417800399,0.0129823902914862,0.0185333462803501,-1.026587487182895,0.1232853252514099,-0.5865001169669037
2015-09-30,1920.030029296875,236.0599975585937,4620.16015625,4525070000.0,19743500,2398350000.0,0.0179149236042827,0.0129713853318213,0.0191453910410721,-0.2649063576558919,1.9075555906861608,2.276578503029403
2015-10-01,1923.8199462890625,237.5489959716797,4627.080078125,3983600000.0,20488800,2133990000.0,0.0179071798567355,0.0128855675672612,0.019138863705327,0.6307711719417464,0.1973884228037459,0.14977666663003042
2015-10-02,1951.3599853515625,237.29299926757807,4707.77978515625,4378570000.0,19677900,2183320000.0,0.0178005924399835,0.012873087603282,0.0188291941851682,-0.10776585396813365,1.4315289284541954,1.7440741389535441
2015-10-03,,238.72999572753903,,,16482700,,,0.0127507257755027,,0.6055789527699362,,
2015-10-04,,238.25900268554688,,,12999000,,,0.0125625668316636,,-0.19729110309610887,,
2015-10-05,1987.050048828125,240.38299560546875,4781.259765625,4334490000.0,23335900,2005320000.0,0.0171476384816349,0.0121275412673422,0.0178831603536377,0.8914638674640596,1.8289840800508328,1.5608202554510786
2015-10-06,1979.9200439453125,246.06300354003903,4748.35986328125,4202400000.0,27535100,2085020000.0,0.0153785994617036,0.0123084501228019,0.0163334202840206,2.362899222660775,-0.35882361830883447,-0.6881011272444337
2015-10-07,1995.8299560546875,242.968994140625,4791.14990234375,4666470000.0,22999200,2149890000.0,0.0151511114229574,0.0125531345920262,0.016346903539113,-1.2574053615949543,0.8035633639867479,0.9011540888758773
2015-10-08,2013.4300537109373,242.3040008544922,4810.7900390625,3939140000.0,18515300,1984230000.0,0.0136072972616095,0.012233395925717,0.0145606406138891,-0.2736947109176935,0.8818435459823082,0.4099253231284239
2015-10-09,2014.8900146484373,243.93099975585932,4830.47021484375,3706900000.0,17353100,1804260000.0,0.0129094502759914,0.0115323527433929,0.0138922117254365,0.6714700936135909,0.0725111326717931,0.40908407187700835
2015-10-10,,244.9409942626953,,,15912700,,,0.0115481960041379,,0.4140492630485104,,
2015-10-11,,247.0500030517578,,,16827300,,,0.0115837627894138,,0.8610272834936872,,
2015-10-12,2017.4599609375,245.30799865722656,4838.64013671875,2893250000.0,17388300,1343820000.0,0.0129102988809417,0.0109678655278574,0.0138831116337497,-0.7051221910595595,0.12754772073806375,0.16913305561629954
2015-10-13,2003.68994140625,249.50799560546875,4796.60986328125,3401920000.0,28198500,1565060000.0,0.0128759394379778,0.0105308159614733,0.0138324587133356,1.712132083434792,-0.6825423947869114,-0.8686381348872563
2015-10-14,1994.239990234375,251.988998413086,4782.85009765625,3644590000.0,27462600,1902460000.0,0.0115681420179098,0.0106049889830997,0.0126423177791345,0.9943580371429395,-0.47162741982138545,-0.2868643900003853
2015-10-15,2023.8599853515625,254.32000732421875,4870.10009765625,3746290000.0,25223500,1942900000.0,0.0114145949647709,0.0106305927498027,0.0122959572791923,0.9250439208903671,1.485277361914017,1.824226104070359
2015-10-16,2033.1099853515625,262.8689880371094,4886.68994140625,3595430000.0,35901500,1855290000.0,0.0114304520215249,0.0118029004074578,0.012276958071094,3.3615053738151213,0.4570474275370051,0.3406468741368185
2015-10-17,,270.6400146484375,,,43199600,,,0.0126190504512316,,2.9562356021361813,,
2015-10-18,,261.6430053710937,,,22434300,,,0.0144036070180037,,-3.324345547730978,,
2015-10-19,2033.6600341796875,263.43701171875,4905.47021484375,3287320000.0,25258800,1619920000.0,0.0109844064771866,0.0142808803306094,0.0120879649155787,0.6856695232925647,0.027054553471672627,0.38431481560492475
2015-10-20,2030.77001953125,269.4630126953125,4880.97021484375,3331500000.0,30889800,1711700000.0,0.0101094055564198,0.0146217922255535,0.011141640988246,2.2874541953110006,-0.14210903493528937,-0.49944243725839055
2015-10-21,2018.93994140625,266.2720031738281,4840.1201171875,3627790000.0,25637300,1895390000.0,0.0097965242312144,0.0143288497805401,0.0110377682412626,-1.1842105859227958,-0.5825414995899281,-0.8369257720938106
2015-10-22,2052.510009765625,274.02301025390625,4920.0498046875,4430850000.0,37808600,2156040000.0,0.0101610409696914,0.0148470556751889,0.0113269976407497,2.910935805375714,1.662757156411132,1.6513988406231084
2015-10-23,2075.14990234375,276.4960021972656,5031.85986328125,4108460000.0,29442500,2178270000.0,0.0102912376274846,0.0147946734280642,0.011973528676942,0.9024760150864397,1.103034453932339,2.272539161843956
2015-10-24,,281.65399169921875,,,25942400,,,0.0148007586147884,,1.8654842966854712,,
2015-10-25,,283.67999267578125,,,45717100,,,0.0147871239036003,,0.719322656973409,,
2015-10-26,2071.179931640625,285.29998779296875,5034.7001953125,3385800000.0,32108800,1758690000.0,0.0102551264633578,0.0146745752661917,0.0119397221416711,0.5710642833521851,-0.19131006866738298,0.05644696212581124
2015-10-27,2065.889892578125,293.7879943847656,5030.14990234375,4216880000.0,46331800,1986840000.0,0.010078956012777,0.0150190520164968,0.011802342529394,2.975116352951379,-0.2554118539720318,-0.09037862816512199
2015-10-28,2090.35009765625,304.6180114746094,5095.68994140625,4698110000.0,50808100,2141130000.0,0.0101710978066114,0.0155086411898612,0.0119692766952696,3.686337528027095,1.184003327863703,1.302944054052202
2015-10-29,2089.409912109375,313.8550109863281,5074.27001953125,4008940000.0,64495900,1928310000.0,0.0101488980206132,0.0156013254377006,0.0120126910476803,3.0323221752396767,-0.04497742019048401,-0.42035371306538005
2015-10-30,2079.360107421875,328.0150146484375,5053.75,4256200000.0,78305000,2016390000.0,0.0096545157012186,0.0166566518567385,0.0117243770854941,4.51163854851635,-0.48098770036724137,-0.4043935275865662
2015-10-31,,314.1659851074219,,,48598100,,,0.0193602642287261,,-4.222071832857665,,
2015-11-01,,325.4309997558594,,,37001100,,,0.019817368022401,,3.58568883406829,,
2015-11-02,2104.050048828125,361.1889953613281,5127.14990234375,3760020000.0,101918000,1888180000.0,0.0098100168954167,0.0261502987230947,0.0119547646365563,10.987888563872117,1.1873817006551102,1.4523849091021557
2015-11-03,2109.7900390625,403.4169921875,5145.1298828125,4272060000.0,206162000,2028630000.0,0.0094122426096598,0.0313622089548156,0.0115131416647535,11.691385221725149,0.2728067346863705,0.35068177859458594
2015-11-04,2102.31005859375,411.56298828125,5142.47998046875,4078870000.0,263900000,2096110000.0,0.0094425790870956,0.031321778766433,0.011509961752274,2.0192496229717305,-0.3545367230984642,-0.05150311856270129
2015-11-05,2099.929931640625,386.35400390625,5127.740234375,4051890000.0,151824992,2054490000.0,0.0094017671924416,0.0346179950743621,0.0114923393509078,-6.1251825583919945,-0.11321483923818487,-0.28662719446126417
2015-11-06,2099.199951171875,374.4700012207031,5147.1201171875,4369020000.0,122687000,2066430000.0,0.0094003870054207,0.0352905742176936,0.0112339926466295,-3.075936204981211,-0.03476213457177524,0.3779419769079251
2015-11-07,,386.4819946289063,,,56625100,,,0.0352712991443525,,3.2077318260598453,,
2015-11-08,,373.3680114746094,,,51817600,,,0.0364128386783415,,-3.393167944832398,,
2015-11-09,2078.580078125,380.2569885253906,5095.2998046875,3882350000.0,68224400,1850770000.0,0.0080638351009129,0.0363696921647915,0.0095848743423046,1.8450903235050609,-0.9822729385718598,-1.0067826536038882
2015-11-10,2081.719970703125,336.8190002441406,5083.240234375,3821440000.0,95797904,1906120000.0,0.0080615224446522,0.0440401085415246,0.0094832156118862,-11.423324118170564,0.15105949543003927,-0.2366802891834885
2015-11-11,2075.0,311.0840148925781,5067.02001953125,3692410000.0,107070000,1672340000.0,0.0075860366534032,0.0469171143767755,0.0088896493149459,-7.64059786796728,-0.3228085812548187,-0.31909203767436223
2015-11-12,2045.969970703125,338.1520080566406,5005.080078125,4016370000.0,78477800,1820930000.0,0.0081748545470733,0.0488870574368221,0.0093206412512227,8.701184203697988,-1.3990375564759017,-1.2224135915685608
2015-11-13,2023.0400390625,336.75299072265625,4927.8798828125,4278750000.0,52003000,2001050000.0,0.0081915701770878,0.0489565809630322,0.0094649812171798,-0.413724390407888,-1.1207364706699363,-1.5424367663947725
2015-11-14,,332.906005859375,,,38612000,,,0.0491088524963972,,-1.1423758568634534,,
2015-11-15,,320.1659851074219,,,44213100,,,0.049650141647624,,-3.826912259833104,,
2015-11-16,2053.18994140625,330.7510070800781,4984.6201171875,3741240000.0,47980100,1819190000.0,0.007973956630009,0.0497071287159763,0.0092865272790936,3.3061044786206084,1.4903265264943455,1.1514126911432943
2015-11-17,2050.43994140625,335.093994140625,4986.02001953125,4427350000.0,51001600,1861710000.0,0.0079388167437254,0.0491235687561947,0.0091570137627973,1.313068431412323,-0.13393792481354305,0.02808443393556015
2015-11-18,2083.580078125,334.5899963378906,5075.2001953125,3926390000.0,43783800,2017390000.0,0.0083042232220278,0.0491554273763066,0.0095310881816681,-0.15040490475721757,1.616245179852549,1.7886044466711493
2015-11-19,2081.239990234375,326.14898681640625,5073.64013671875,3628110000.0,45011100,1794110000.0,0.0081983194986512,0.0494463226372382,0.0095303693200511,-2.5227919584780656,-0.112310916925773,-0.030738858246237566
2015-11-20,2089.169921875,322.0220031738281,5104.919921875,3929600000.0,53152900,1766630000.0,0.0082126579605739,0.0494570214796399,0.0095550287323006,-1.2653676109382728,0.3810195689989637,0.6165156438643127
2015-11-21,,326.927001953125,,,28200500,,,0.0493072793432366,,1.5231874626433939,,
2015-11-22,,324.5360107421875,,,23439400,,,0.0493619361159406,,-0.7313532368550923,,
2015-11-23,2086.590087890625,323.0459899902344,5102.47998046875,3587980000.0,27478900,1668280000.0,0.008224721460584,0.049329909694318,0.0095644127026389,-0.4591233954424845,-0.12348607728660532,-0.04779588012330249
2015-11-24,2089.139892578125,320.0459899902344,5102.81005859375,3884930000.0,29362600,1956920000.0,0.0080857964585105,0.0493918767926961,0.009364400889036,-0.9286603434051854,0.12219959743400288,0.006468974425444252
2015-11-25,2088.8701171875,328.2059936523437,5116.14013671875,2852940000.0,41666900,1539300000.0,0.0080090122513071,0.0495424916560959,0.0093181425471303,2.549634714172888,-0.012913227667687988,0.2612301451932364
2015-11-26,,352.6839904785156,,,106105000,,,0.0508667369820903,,7.45811999158692,,
2015-11-27,2090.110107421875,358.0419921875,5127.52001953125,1466840000.0,55179100,781730000.0,0.0076117496777512,0.0505809797106016,0.0088258250829085,1.5192075210770817,0.05936176807606053,0.22243102238006518
2015-11-28,,357.3810119628906,,,36816600,,,0.050382622680851,,-0.18460969356444146,,
2015-11-29,,371.29400634765625,,,40409300,,,0.0502323505406273,,3.8930424166492505,,
2015-11-30,2080.409912109375,377.3210144042969,5108.669921875,4275030000.0,71701600,2244550000.0,0.0076519566541631,0.0494686734802637,0.0088738521352983,1.6232441013328103,-0.4640997274763192,-0.36762601773270287
2015-12-01,2102.6298828125,362.4880065917969,5156.31005859375,3712120000.0,60452200,2035570000.0,0.0078594736800114,0.0498499273234904,0.0089787843844389,-3.9311374787640463,1.068057336863748,0.9325350325484427
2015-12-02,2079.510009765625,359.18701171875,5123.22021484375,3950640000.0,54160500,2060340000.0,0.0081577592236683,0.0461136184256076,0.009019150029039,-0.9106494043992441,-1.0995693172566212,-0.6417349494887481
2015-12-03,2049.6201171875,361.0459899902344,5037.52978515625,4306490000.0,50714900,2088100000.0,0.0085431227650649,0.0411302185460282,0.0094646726778975,0.5175516404640979,-1.4373526666262015,-1.6725892328271375
2015-12-04,2091.68994140625,363.1830139160156,5142.27001953125,4214910000.0,35784100,1897490000.0,0.0088143585921313,0.0409303347436758,0.0097224433410143,0.5918979811516678,2.05256690573854,2.0791983142934622
2015-12-05,,388.9490051269531,,,66282200,,,0.0414420831082656,,7.09449236987052,,
2015-12-06,,388.7829895019531,,,77762000,,,0.0410149817454596,,-0.04268313398714252,,
2015-12-07,2077.070068359375,395.5360107421875,5101.81005859375,4043820000.0,63455800,1952690000.0,0.0086976834215313,0.0407318027027752,0.0090160771126932,1.7369641734802377,-0.6989502964787397,-0.7868112873074762
2015-12-08,2063.590087890625,415.56298828125,5098.240234375,4173570000.0,57801400,1871450000.0,0.0087732888041368,0.0411041495466595,0.009018528021652,5.063250120130314,-0.6489901652377839,-0.06997171940450464
2015-12-09,2047.6199951171875,417.56298828125,5022.8701171875,4385250000.0,90917200,2003450000.0,0.0088741873360467,0.0410113303658531,0.0094410437742614,0.48127481426387675,-0.7738985017979982,-1.4783555447096308
2015-12-10,2052.22998046875,415.47900390625,5045.169921875,3715150000.0,52138900,1746520000.0,0.0085935763191451,0.0336874307121491,0.0091607662983664,-0.49908263746698545,0.22513871531610885,0.44396538567050836
2015-12-11,2012.3699951171875,451.93798828125,4933.47021484375,4301060000.0,110944000,2084950000.0,0.0092668911353606,0.032423232601974,0.0099898099664884,8.775168909191544,-1.9422767297482935,-2.2139929627927657
2015-12-12,,434.99700927734375,,,131969000,,,0.0308057700046909,,-3.748518478903251,,
2015-12-13,,433.7550048828125,,,55050600,,,0.03078860095406,,-0.2855202146319513,,
2015-12-14,2021.93994140625,444.1820068359375,4952.22998046875,4612440000.0,130496000,2216060000.0,0.0093043417098668,0.0306742109829683,0.0100081806384241,2.4038920210135872,0.4755560017433602,0.38025496877545084
2015-12-15,2043.4100341796875,465.3210144042969,4995.35986328125,4353540000.0,83121104,2054710000.0,0.0092483370159636,0.0299640934587665,0.00976119200617,4.759086870479035,1.0618561082731848,0.870918414181121
2015-12-16,2073.070068359375,454.9339904785156,5071.1298828125,4635450000.0,107944000,2036610000.0,0.0096470400069837,0.0303777857135166,0.0101592950965458,-2.2322275599520713,1.4514969430300617,1.5168080299520215
2015-12-17,2041.8900146484373,456.0780029296875,5002.5498046875,4327390000.0,47978400,1897220000.0,0.0099963433850977,0.0304097217454888,0.0104384582085422,0.25146778985860596,-1.5040520909943789,-1.3523628798670195
2015-12-18,2005.550048828125,463.6159973144531,4923.080078125,6683070000.0,60220100,3765210000.0,0.0104665708015637,0.0303461394939655,0.0107929410561047,1.6527862199764431,-1.7797220006763759,-1.5885844152523032
2015-12-19,,462.3219909667969,,,47892700,,,0.0296814223424613,,-0.27911166895705497,,
2015-12-20,,442.68499755859375,,,75409400,,,0.0310462965251987,,-4.2474711979715085,,
2015-12-21,2021.1500244140625,438.6390075683594,4968.919921875,3760280000.0,77639696,1673400000.0,0.0106016825292174,0.0312409546671634,0.0109288044200052,-0.9139659153908575,0.7778402536028795,0.9311212294450089
2015-12-22,2038.969970703125,436.5719909667969,5001.10986328125,3520860000.0,50840400,1556670000.0,0.0106262551405594,0.0311950705124143,0.0108799229517156,-0.4712341050152391,0.8816736053143037,0.6478257229410866
2015-12-23,2064.2900390625,442.4010009765625,5045.93017578125,3484090000.0,47161400,1591490000.0,0.0108827944340569,0.0310792865580075,0.0110118972314516,1.3351772743957158,1.241806830075265,0.8962073164814122
2015-12-24,2060.989990234375,454.9849853515625,5048.490234375,1411860000.0,57157200,706880000.0,0.0108715911477607,0.0310068420828552,0.0109984307346159,2.8444746614998406,-0.1598636221499028,0.05073511730380176
2015-12-25,,455.6530151367188,,,39078500,,,0.0309543143709164,,0.14682457809902516,,
2015-12-26,,417.2739868164063,,,116166000,,,0.0337333481568283,,-8.422862802476327,,
2015-12-27,,422.822998046875,,,53591200,,,0.0337169871742419,,1.329824385364864,,
2015-12-28,2056.5,422.2789916992188,5040.990234375,2492510000.0,49638600,1310650000.0,0.0105609181031224,0.0337129062506045,0.0107602013305881,-0.12866053884701412,-0.217855994238203,-0.14855926528157815
2015-12-29,2078.360107421875,432.9830017089844,5107.93994140625,2542000000.0,51596500,1383470000.0,0.0104977010923804,0.0333574490802742,0.0105844527079943,2.534819448794612,1.0629762908764828,1.3281062632241047
2015-12-30,2063.360107421875,426.6199951171875,5065.85009765625,2367430000.0,46889400,1247530000.0,0.0102602705683267,0.0334837208484231,0.0105381191210645,-1.4695742250116273,-0.7217228595965963,-0.8240081957269885
2015-12-31,2043.93994140625,430.5669860839844,5007.41015625,2655330000.0,45996600,1437480000.0,0.0104072719309228,0.0324330922611016,0.0107689836179777,0.9251772096881439,-0.941191309542666,-1.1536058169839603
2016-01-01,,434.3340148925781,,,36278900,,,0.0323141370238567,,0.8748995929425352,,
2016-01-02,,433.43798828125,,,30096600,,,0.032350082475883,,-0.20629897281927434,,
2016-01-03,,430.010986328125,,,39633800,,,0.0324514021578871,,-0.790655652199379,,
2016-01-04,2012.6600341796875,433.0910034179688,4903.08984375,4304880000.0,38477500,2218420000.0,0.0103092919650124,0.0302053182550534,0.010911956413957,0.7162647438718084,-1.5303731089594375,-2.083318706573145
2016-01-05,2016.7099609375,431.9599914550781,4891.43017578125,3706620000.0,34522600,1927380000.0,0.0103254783193787,0.0302179740072512,0.0109130019391941,-0.26114880105213567,0.20122259542274534,-0.23780245396916033
2016-01-06,1990.260009765625,429.1050109863281,4835.759765625,4336660000.0,34042500,2168620000.0,0.0105149128818505,0.0301585324690164,0.0109760682091802,-0.6609363193875617,-1.3115396702646942,-1.138121329665276
2016-01-07,1943.0899658203125,458.0480041503906,4689.43017578125,5076590000.0,87562200,2552590000.0,0.0112790886258122,0.0311297624634077,0.0121739492826417,6.744967414278147,-2.3700443014411654,-3.025989646630789
2016-01-08,1922.030029296875,453.2300109863281,4643.6298828125,4664940000.0,56993000,2288750000.0,0.0113625535979337,0.0312296611577545,0.0122269047940416,-1.051853325504415,-1.0838374390218508,-0.9766707521371654
2016-01-09,,447.6109924316406,,,32278000,,,0.0313231354607299,,-1.2397719520954253,,
2016-01-10,,447.9909973144531,,,35995900,,,0.0272669893888823,,0.08489623562373261,,
2016-01-11,1923.6700439453125,448.4280090332031,4637.990234375,4607290000.0,40450000,2391110000.0,0.0113718618149624,0.0263099429242221,0.0121847305241394,0.09754921892843882,0.0853272125533655,-0.12144913741670704
2016-01-12,1938.6800537109373,435.6900024414063,4685.919921875,4887260000.0,115607000,2147470000.0,0.0115191464953911,0.0268627395727538,0.0123969960039302,-2.8405912064368044,0.7802798516756138,1.0334150155117516
2016-01-13,1890.280029296875,432.3710021972656,4526.06005859375,5087030000.0,173888000,2533200000.0,0.0122445798982666,0.0265208079608835,0.0136833035478318,-0.7617802165628129,-2.4965452304219538,-3.411493707670632
2016-01-14,1921.8399658203125,430.3059997558594,4615.0,5241110000.0,43945500,2565560000.0,0.012520335113413,0.0249680914455658,0.0141433481905147,-0.4775996611502853,1.6695905386662213,1.9650632173423555
2016-01-15,1880.3299560546875,364.33099365234375,4488.419921875,5468460000.0,153351008,2818630000.0,0.0129082668447896,0.0388761124699134,0.014808835917148,-15.332113923800161,-2.1599098001850003,-2.7427969257854845
2016-01-16,,387.5360107421875,,,120352000,,,0.0408510914303401,,6.369213021713627,,
2016-01-17,,382.2990112304688,,,45319600,,,0.0406652612619465,,-1.351358161965155,,
2016-01-18,,387.1679992675781,,,54403900,,,0.0408104467916402,,1.273607279662592,,
2016-01-19,1881.3299560546875,380.1489868164063,4476.9501953125,4928350000.0,46819800,2394550000.0,0.0127522706378798,0.0402689693748044,0.0146230186090828,-1.812911310968357,0.05318215543925753,-0.2555404075853196
2016-01-20,1859.3299560546875,420.2300109863281,4471.68994140625,6416070000.0,121720000,3204130000.0,0.0120687666021797,0.0446061330848404,0.0138864501697212,10.543504141779824,-1.1693855152413501,-0.11749636866091873
2016-01-21,1868.989990234375,410.2619934082031,4472.06005859375,5078810000.0,68338000,2447750000.0,0.0121661495139429,0.0447937743585909,0.0138986612209156,-2.3720384830985597,0.5195438361131455,0.008276897377723635
2016-01-22,1906.9000244140625,382.4920043945313,4591.18017578125,4901760000.0,91546600,2153340000.0,0.0128879080719266,0.0463671429109095,0.0149773801200588,-6.768842705359058,2.0283701024494727,2.6636519999008623
2016-01-23,,387.4909973144531,,,56247400,,,0.04607927865079,,1.3069535735354743,,
2016-01-24,,402.9710083007813,,,54824800,,,0.046780568006609,,3.994934358117752,,
2016-01-25,1877.0799560546875,391.72601318359375,4518.490234375,4401380000.0,59062400,2028880000.0,0.013078949406035,0.0442926763516088,0.0150065788715604,-2.790522118354033,-1.5637982053378963,-1.5832517702026538
2016-01-26,1903.6300048828125,392.1530151367188,4567.669921875,4357940000.0,58147000,1981180000.0,0.013412127354111,0.0442033347243086,0.0151680749613798,0.10900525845980447,1.4144335590226431,1.0884097330975617
2016-01-27,1882.949951171875,394.9719848632813,4468.169921875,4754040000.0,47424400,2115710000.0,0.0131205397016057,0.0442383033219991,0.0151524113010524,0.7188443331437089,-1.0863483795639506,-2.178353552288992
2016-01-28,1893.3599853515625,380.28900146484375,4506.68017578125,4693010000.0,59247900,2322310000.0,0.0131353504367354,0.0443924447722376,0.0152545788319916,-3.7174746465929775,0.5528577205787588,0.861879798208065
2016-01-29,1940.239990234375,379.4739990234375,4613.9501953125,5497570000.0,86125296,2617550000.0,0.0138273531795956,0.044349545062741,0.0158794189998978,-0.21431133644858047,2.47602174153414,2.3802447776905877
2016-01-30,,378.2550048828125,,,30284400,,,0.04428082772024,,-0.3212325860960319,,
2016-01-31,,368.7669982910156,,,37894300,,,0.044372648936894,,-2.5083624722259446,,
2016-02-01,1939.3800048828125,373.0559997558594,4620.3701171875,4322530000.0,51656700,1983340000.0,0.013491436199332,0.0444781907844231,0.0155466529884893,1.1630654274163321,-0.044323658717015935,0.1391415512356886
2016-02-02,1903.030029296875,374.447998046875,4516.9501953125,4463190000.0,40378700,2185180000.0,0.0136327093118791,0.0445025917688079,0.015841486649859,0.37313387049842106,-1.8743090830274922,-2.238347129167939
2016-02-03,1912.530029296875,369.9490051269531,4504.240234375,5172950000.0,45933400,2466190000.0,0.0133676851333635,0.0444659760514029,0.0156614651754534,-1.2015000596581338,0.4992038934619414,-0.281383685626857
2016-02-04,1915.449951171875,389.593994140625,4509.56005859375,5193320000.0,69285504,2200930000.0,0.0132657892412293,0.0456682943677428,0.0155125492031422,5.310188361482537,0.15267325638141926,0.11810702675560947
2016-02-05,1880.050048828125,386.5490112304688,4363.14013671875,4929940000.0,43825000,2489280000.0,0.0134562623009923,0.0456717604819758,0.0163150123643891,-0.7815785037633582,-1.8481246310869337,-3.246878187063318
2016-02-06,,376.5220031738281,,,49249300,,,0.0439454086076621,,-2.593981038710347,,
2016-02-07,,376.6199951171875,,,37076300,,,0.0439555723846492,,0.026025555620479146,,
2016-02-08,1853.43994140625,373.4469909667969,4283.75,5636460000.0,47671100,2702070000.0,0.0133060650834164,0.0439418302538595,0.0162986750666487,-0.8424948732218329,-1.4153935656373462,-1.819564218225056
2016-02-09,1852.2099609375,376.0289916992188,4268.759765625,5183220000.0,55318500,2465790000.0,0.0133119924164773,0.0439883009991506,0.0162644585288801,0.6913968501225609,-0.06636203533073592,-0.3499325211555271
2016-02-10,1851.8599853515625,381.6489868164063,4283.58984375,4471170000.0,85130896,2448380000.0,0.0133240718356372,0.044134853018497,0.0163325999264175,1.4945643131907493,-0.018895027740828407,0.34740952733911534
2016-02-11,1829.0799560546875,379.6539916992188,4266.83984375,5500800000.0,74375600,2812330000.0,0.0131462089906671,0.0439123823023934,0.0159542970539096,-0.5227303585499055,-1.2301161792504733,-0.3910271667218357
2016-02-12,1864.780029296875,384.2630004882813,4337.509765625,4696920000.0,67042800,1983190000.0,0.013816346360858,0.0440124344876656,0.0164620542998536,1.2140024574571084,1.9518049565855122,1.6562590690746504
2016-02-13,,391.8599853515625,,,61911700,,,0.0442204131201684,,1.9770274144603306,,
2016-02-14,,407.2300109863281,,,74469800,,,0.0323594317437385,,3.922325884072131,,
2016-02-15,,400.18499755859375,,,74070496,,,0.0306467528376185,,-1.7299838513058163,,
2016-02-16,1895.5799560546875,407.4880065917969,4435.9599609375,4570670000.0,73093104,2117920000.0,0.0142233938727615,0.0306695877858992,0.0171622508495109,1.8249082493738022,1.651665412216241,2.2697400267020384
2016-02-17,1926.8199462890625,416.3219909667969,4534.06005859375,5011540000.0,83193600,2296440000.0,0.0144104248119524,0.0308153217278997,0.0174813378856163,2.1679127316867275,1.648043921048603,2.2114739204164735
2016-02-18,1917.8299560546875,422.37298583984375,4487.5400390625,4436490000.0,76752600,1955870000.0,0.0144067263577516,0.0306354223023107,0.01753767755529,1.4534410875089776,-0.4665713707027619,-1.0260124244070634
2016-02-19,1917.780029296875,420.7850036621094,4504.43017578125,4142850000.0,55711300,1903770000.0,0.0142431303222402,0.0246026402912855,0.0175010028757742,-0.3759667949825962,-0.0026032942938902792,0.376378518558651
2016-02-20,,437.16400146484375,,,93992096,,,0.0251210209816385,,3.892486105775461,,
2016-02-21,,438.7980041503906,,,89820704,,,0.0210976898199443,,0.3737733848330871,,
2016-02-22,1945.5,437.74798583984375,4570.60986328125,4054710000.0,85385200,1794020000.0,0.0138459279237206,0.0210732116986017,0.0169143953859908,-0.23929423119869453,1.4454197186153817,1.469213305954331
2016-02-23,1921.27001953125,420.7359924316406,4503.580078125,3890650000.0,85244896,1777750000.0,0.0138936068920532,0.021454630422867,0.0170288230607449,-3.886252811778146,-1.2454371867771763,-1.4665391963279317
2016-02-24,1929.800048828125,424.9549865722656,4542.60986328125,4317250000.0,67743696,1978180000.0,0.0139166260769635,0.0207516910966253,0.0171195542302264,1.002765205857803,0.4439786812972857,0.8666390844436656
2016-02-25,1951.699951171875,424.54400634765625,4582.2001953125,4118210000.0,70798000,1667840000.0,0.0139978704493545,0.020760640620255,0.0170865814219915,-0.09671147241367972,1.1348275359951865,0.8715327360878211
2016-02-26,1948.050048828125,432.1520080566406,4590.47021484375,4348510000.0,61486000,1814920000.0,0.0131540757089283,0.0209296631705266,0.015838699868843,1.7920407767467728,-0.18701144822791393,0.18048141021227426
2016-02-27,,432.5190124511719,,,41893600,,,0.0194641519751583,,0.08492483841082699,,
2016-02-28,,433.5039978027344,,,53033400,,,0.0194304597233395,,0.22773226683849845,,
2016-02-29,1932.22998046875,437.6969909667969,4557.9501953125,4588180000.0,60694700,2065260000.0,0.012918072298271,0.0193974495602495,0.0154790371316882,0.9672328710496725,-0.8120976341902342,-0.7084245841764369
2016-03-01,1978.3499755859373,435.12298583984375,4689.60009765625,4819750000.0,74895800,2080150000.0,0.0129107359988615,0.0186607980002864,0.0154549593895118,-0.5880792374806099,2.3868791801894496,2.888357632322136
2016-03-02,1986.449951171875,423.989013671875,4703.419921875,4666610000.0,74955296,1912510000.0,0.0129160102934963,0.0194788848981577,0.0154382415131249,-2.558810389315269,0.40943087350047147,0.2946908890089972
2016-03-03,1993.4000244140625,421.6510009765625,4707.419921875,5081700000.0,100484000,1936290000.0,0.0126609073807315,0.0195608570448632,0.0154299071838767,-0.5514323767648155,0.34987406745825567,0.08504450094699578
2016-03-04,1999.989990234375,410.9389953613281,4717.02001953125,6049930000.0,90856096,2171230000.0,0.012650901802891,0.0200980926423725,0.0154269148262107,-2.540490972492626,0.3305892314438674,0.2039354426750739
2016-03-05,,400.5700073242188,,,135384992,,,0.0185996736441114,,-2.5232426598970292,,
2016-03-06,,407.7070007324219,,,91212496,,,0.0187670599480766,,1.78170938355513,,
2016-03-07,2001.760009765625,414.3210144042969,4708.25,4968180000.0,85762400,2084390000.0,0.0121956363828555,0.0181675027235944,0.0147247991601198,1.6222467752560865,0.08850141950174084,-0.18592288128812529
2016-03-08,1979.260009765625,413.9719848632813,4648.81982421875,4641650000.0,70311696,1993060000.0,0.0120021999453524,0.0181747484577949,0.0146082405648997,-0.08424133193374317,-1.1240108649505087,-1.2622561627196993
2016-03-09,1989.260009765625,414.8599853515625,4674.3798828125,4038120000.0,70012304,1789550000.0,0.0117953536093732,0.0180437583364813,0.0145159527152221,0.21450738715433904,0.5052393293786706,0.5498182239842997
2016-03-10,1989.5699462890625,417.1310119628906,4662.16015625,4376790000.0,81022896,1936470000.0,0.0115652657092403,0.0180363924919494,0.0138837838242412,0.5474200191670997,0.015580493345068724,-0.2614192014523953
2016-03-11,2022.18994140625,421.6900024414063,4748.47021484375,4078620000.0,73969696,1801790000.0,0.0118462235980876,0.0179645325037881,0.0141689670040933,1.0929397114499917,1.6395500534188479,1.851289009839019
2016-03-12,,411.6239929199219,,,92712896,,,0.0185965873632449,,-2.387063829639424,,
2016-03-13,,414.0650024414063,,,74322800,,,0.0185234397267244,,0.5930192514213672,,
2016-03-14,2019.6400146484373,416.43798828125,4750.27978515625,3487850000.0,95259400,1615100000.0,0.011085634516551,0.0182534138069994,0.013559058551996,0.5730950034057658,-0.126097292128724,0.038108490326904665
2016-03-15,2015.9300537109373,416.8299865722656,4728.669921875,3560280000.0,66781700,1692420000.0,0.0110962830201189,0.0169057778620531,0.0135961717736176,0.09413125172212933,-0.18369416879204792,-0.4549176945066846
2016-03-16,2027.219970703125,417.010986328125,4763.97021484375,4057020000.0,65185800,1781060000.0,0.0104396807299007,0.0165524791033498,0.0129015661215254,0.04342292102057499,0.5600351545632876,0.7465163259852359
2016-03-17,2040.5899658203125,420.6210021972656,4774.990234375,4530480000.0,83528600,1907190000.0,0.0104588420847616,0.0163114098145558,0.0128725584357712,0.8656884320788816,0.6595236486620859,0.23132007620267903
2016-03-18,2049.580078125,409.5480041503906,4795.64990234375,6503140000.0,104940000,2829040000.0,0.0104659613613014,0.0166008884018862,0.0128788659962377,-2.632535700554939,0.44056436889678974,0.43266408840005877
2016-03-19,,410.4440002441406,,,58423000,,,0.0163688765226624,,0.21877681850965836,,
2016-03-20,,413.7550048828125,,,45947900,,,0.0164406205095482,,0.8066885218695807,,
2016-03-21,2051.60009765625,413.3070068359375,4808.8701171875,3376600000.0,61655400,1609230000.0,0.0096990486120732,0.0147227102873779,0.0110467658326396,-0.10827616381386962,0.09855772666846896,0.27567097500775795
2016-03-22,2049.800048828125,418.0889892578125,4821.66015625,3418460000.0,66813300,1596200000.0,0.0091760528673619,0.0148921043377752,0.0102683249809423,1.1570049243740943,-0.0877387766836879,0.2659676545803791
2016-03-23,2036.7099609375,418.0409851074219,4768.85986328125,3639510000.0,61444200,1732630000.0,0.0093215617292939,0.0148937846596997,0.0105438040134592,-0.01148180211008043,-0.6386031602501285,-1.0950645889115318
2016-03-24,2035.93994140625,416.3940124511719,4773.5,3407720000.0,68346704,1590990000.0,0.0093239726556169,0.0130575484707387,0.0105554758274263,-0.39397396784595085,-0.03780702927851376,0.09730075640255187
2016-03-25,,417.177001953125,,,52560000,,,0.012919745134334,,0.1880405285714648,,
2016-03-26,,417.9450073242188,,,44650400,,,0.012927270488708,,0.18409580765434974,,
2016-03-27,,426.7650146484375,,,71229400,,,0.0130910605389998,,2.110327236754528,,
2016-03-28,2037.050048828125,424.2309875488281,4766.7900390625,2809090000.0,68522800,1381000000.0,0.0088688623652632,0.0131272465760151,0.0105035507629846,-0.5937757343340011,0.05452554858313974,-0.1405668992877307
2016-03-29,2055.010009765625,416.5159912109375,4846.6201171875,3822330000.0,75411504,1806490000.0,0.0084210194072102,0.0135038805253666,0.0105111885832222,-1.818583876313995,0.8816651779288476,1.6747135382682021
2016-03-30,2063.949951171875,414.8160095214844,4869.2900390625,3590310000.0,66034100,1717820000.0,0.0080518092153282,0.0133513971319311,0.0099014470796301,-0.40814319865865034,0.4350315260639448,0.4677470345696433
2016-03-31,2059.739990234375,416.72900390625,4869.85009765625,3715280000.0,60215200,1774270000.0,0.0076792096433161,0.0133775712974266,0.0092551791555291,0.46116696097924237,-0.20397592175670498,0.011501853232331882
2016-04-01,2072.780029296875,417.9599914550781,4914.5400390625,3749990000.0,51235700,1812250000.0,0.0076003766497413,0.0125697573811186,0.0090132856710425,0.2953928181838483,0.6330915127309877,0.91768618150605
2016-04-02,,420.87298583984375,,,45681200,,,0.0126031614278218,,0.6969553173317822,,
2016-04-03,,420.9039916992188,,,38053700,,,0.0116339824467424,,0.007367034810568107,,
2016-04-04,2066.1298828125,421.4440002441406,4891.7998046875,3485710000.0,50634300,1705730000.0,0.0076602497399407,0.0105156378256971,0.0091196184216738,0.1282973209025151,-0.3208322345054082,-0.4627133809929851
2016-04-05,2045.1700439453125,424.0299987792969,4843.93017578125,4154920000.0,60718000,1726010000.0,0.0076599511959422,0.0101148023931626,0.0091165981404884,0.6136043065408936,-1.0144492387214377,-0.9785688461817155
2016-04-06,2066.659912109375,423.4129943847656,4920.72021484375,3750800000.0,59091000,1761770000.0,0.0073334277478385,0.0097304818782327,0.0088867484361492,-0.14550960929827772,1.0507619269939372,1.5852837732144742
2016-04-07,2041.9100341796875,422.7449951171875,4848.3701171875,3801250000.0,57858600,1908940000.0,0.007781967674067,0.0097354948389366,0.0093869218695489,-0.15776541495821084,-1.1975786526205012,-1.470315207883599
2016-04-08,2047.5999755859373,420.3489990234375,4850.68994140625,3359530000.0,63454700,1588830000.0,0.0075799516544577,0.0098001241641499,0.0093100046512297,-0.5667710135955129,0.27865779152878023,0.04784750674307059
2016-04-09,,419.4110107421875,,,49792700,,,0.0097647960583917,,-0.22314512070426007,,
2016-04-10,,421.5639953613281,,,73478600,,,0.00960285703279,,0.5133352639766775,,
2016-04-11,2041.989990234375,422.4830017089844,4833.39990234375,3567840000.0,50747500,1545540000.0,0.0075953699079652,0.0084540582564308,0.0093634401287782,0.21799924988104014,-0.2739785807018724,-0.3564449443554274
2016-04-12,2061.719970703125,425.1900024414063,4872.08984375,4239740000.0,70728800,1759280000.0,0.0075032276110955,0.0084642537801828,0.0092775869123792,0.640736011028098,0.9662133782783799,0.8004705215368002
2016-04-13,2082.419921875,423.7340087890625,4947.419921875,4191830000.0,69060400,1936450000.0,0.0065091035839929,0.0084489343283344,0.0082490584266945,-0.34243365177535345,1.004013710204088,1.546155357164336
2016-04-14,2082.780029296875,424.2820129394531,4945.89013671875,3765870000.0,45281000,1645810000.0,0.0064990266610796,0.0084496974243384,0.008254672011256,0.12932739384234893,0.01729273803483533,-0.030920867450245915
2016-04-15,2080.72998046875,429.7130126953125,4938.22021484375,3701450000.0,54801500,1684790000.0,0.0065049612837212,0.0087347318402117,0.0082745808227675,1.2800447792337577,-0.09842848497145784,-0.15507667301498662
2016-04-16,,430.5719909667969,,,39392800,,,0.0086184367090666,,0.19989580164132548,,
2016-04-17,,427.3989868164063,,,52125900,,,0.0070822426001991,,-0.7369276722496432,,
2016-04-18,2094.340087890625,428.5910034179688,4960.02001953125,3316880000.0,55670900,1672260000.0,0.0065631871597323,0.0070853171459449,0.0082902145365779,0.27890019357359463,0.6541025289023228,0.4414506388753514
2016-04-19,2100.800048828125,435.5090026855469,4940.330078125,3896830000.0,52810500,1824250000.0,0.0065679030704116,0.0074799984223676,0.0083302512062908,1.614126104469693,0.3084485167834661,-0.3969730228651547
2016-04-20,2102.39990234375,441.3890075683594,4948.1298828125,4184880000.0,72890096,1781340000.0,0.0061028347620776,0.0077564833067248,0.0078803967224725,1.3501454267428992,0.07615448773992117,0.1578802339956331
2016-04-21,2091.47998046875,449.4249877929688,4945.89013671875,4175290000.0,68204704,1758190000.0,0.0062132945466632,0.0081109571064646,0.0078665081150842,1.8206117703021496,-0.5194027008290192,-0.04526449682595857
2016-04-22,2091.580078125,445.7369995117188,4906.22998046875,3790580000.0,58804400,2018930000.0,0.0062142329456205,0.0083308149351461,0.0080344371413961,-0.8206015200358463,0.004785972478082989,-0.8018810599038417
2016-04-23,,450.2820129394531,,,50485400,,,0.0083730297593109,,1.0196625886370603,,
2016-04-24,,458.5549926757813,,,68198400,,,0.0088415218181162,,1.8372885211030088,,
2016-04-25,2087.7900390625,461.4259948730469,4895.7900390625,3319740000.0,87091800,1582270000.0,0.0055957715551862,0.0088554978301792,0.0074179134703709,0.6260976858004641,-0.18120458796383465,-0.21278948291887367
2016-04-26,2091.699951171875,466.0889892578125,4888.27978515625,3557190000.0,78971904,1825020000.0,0.0055800783954891,0.0083184238015192,0.0074318284111777,1.0105617014595225,0.18727515871905798,-0.15340228740055029
2016-04-27,2095.14990234375,444.68701171875,4863.14013671875,4100110000.0,93564896,1938780000.0,0.0055515209947903,0.0122697056977549,0.0074478719637591,-4.591822169655291,0.1649352800310755,-0.5142841560304978
2016-04-28,2075.81005859375,449.010986328125,4805.2900390625,4309840000.0,74064704,2161400000.0,0.0058113882842845,0.011756776616097,0.0077019213412313,0.9723635940394271,-0.9230768513682652,-1.1895626288754735
2016-04-29,2065.300048828125,455.0969848632813,4775.35986328125,4704720000.0,49258500,2376460000.0,0.0058007721853181,0.0118536839636359,0.0077825042433556,1.3554230788261457,-0.5063088369821722,-0.6228588813150915
2016-04-30,,448.3179931640625,,,69322600,,,0.0122996799055329,,-1.4895707782496825,,
2016-05-01,,451.875,,,40660100,,,0.0123399972768468,,0.7934115717358248,,
2016-05-02,2081.429931640625,444.66900634765625,4817.58984375,3841110000.0,92127000,1880460000.0,0.0059129336374666,0.012768824876198,0.0079103564454059,-1.5946873919432947,0.7809946463542827,0.8843308499840052
2016-05-03,2063.3701171875,450.3039855957031,4763.22021484375,4173390000.0,59366400,1984340000.0,0.0061468468804998,0.0129130880159888,0.0081654024437964,1.267230044731571,-0.8676638198860664,-1.128564918758812
2016-05-04,2051.1201171875,446.7219848632813,4725.64013671875,4058560000.0,50407300,1950800000.0,0.0062463552615066,0.013047239011589,0.0082603564248416,-0.7954628089030136,-0.5936889314214544,-0.7889636932570943
2016-05-05,2050.6298828125,447.97601318359375,4717.08984375,4008530000.0,50440800,1888350000.0,0.0061278696678085,0.0130246757607173,0.0080308108448543,0.2807178430441981,-0.02390081258001331,-0.18093406864211348
2016-05-06,2057.139892578125,459.6029968261719,4736.16015625,3796350000.0,72796800,1860800000.0,0.0061499810009571,0.0137093496197812,0.0080677564690928,2.5954478142589776,0.31746390805036384,0.4042813075792351
2016-05-07,,458.5360107421875,,,38364500,,,0.0137181073874494,,-0.23215385699234536,,
2016-05-08,,458.5480041503906,,,40315000,,,0.0136370172915699,,0.002615586981646878,,
2016-05-09,2058.68994140625,460.4830017089844,4750.2099609375,3788620000.0,55493100,1625100000.0,0.0061503315012637,0.0136040870859965,0.0080857868785929,0.4219836398980714,0.07534970439868616,0.29664969561806753
2016-05-10,2084.389892578125,450.8949890136719,4809.8798828125,3600200000.0,58956100,1760120000.0,0.0063540381872623,0.0142921725571193,0.0078223488499602,-2.0821643056809114,1.2483643435067249,1.256153356708123
2016-05-11,2064.4599609375,452.7279968261719,4760.68994140625,3821980000.0,50605200,1859110000.0,0.0065679905879665,0.0142959986753405,0.0079726867364662,0.406526543244512,-0.9561518078546327,-1.0226854433938004
2016-05-12,2064.110107421875,454.7659912109375,4737.330078125,3782390000.0,59849300,1930450000.0,0.0065567244100964,0.0142815164828316,0.0080067136818534,0.4501586822668102,-0.01694649071644072,-0.49068230800071166
2016-05-13,2046.6099853515625,455.6700134277344,4717.68017578125,3579880000.0,60845000,1698030000.0,0.0066284760694675,0.0142415228207362,0.0077961280377517,0.1987884393882755,-0.847828902508041,-0.4147885416404651
2016-05-14,,455.6709899902344,,,37209000,,,0.014246999385748,,0.00021431353198764214,,
2016-05-15,,457.5679931640625,,,28514000,,,0.0141178797401854,,0.4163098409817101,,
2016-05-16,2066.659912109375,454.1629943847656,4775.4599609375,3501360000.0,59171500,1741510000.0,0.0068588212184991,0.0142254928213043,0.008148788175582,-0.7441514332660049,0.9796652464963085,1.2247499407202156
2016-05-17,2047.2099609375,453.7829895019531,4715.72998046875,4108960000.0,64100300,1925230000.0,0.0068220669957039,0.0141297018224532,0.0082686080852999,-0.08367147643265627,-0.9411297455333645,-1.2507691606113647
2016-05-18,2047.6300048828125,454.6189880371094,4739.1201171875,4101320000.0,86850096,1934100000.0,0.0065327795753658,0.0141289367628004,0.0077385495995648,0.18422870722276663,0.020517873267866804,0.49600246018379757
2016-05-19,2040.0400390625,438.7149963378906,4712.52978515625,3846770000.0,96027400,1805890000.0,0.0061842355048217,0.0154416609908322,0.0073558292480642,-3.4983122389776966,-0.3706707658226005,-0.5610816221942594
2016-05-20,2052.320068359375,442.6759948730469,4769.56005859375,3507650000.0,81987904,1970520000.0,0.0062621568237228,0.0153323420857588,0.0077260130820837,0.9028637197771028,0.6019504059596059,1.2101838298643086
2016-05-21,,443.18798828125,,,42762300,,,0.0149561685082532,,0.1156587242436613,,
2016-05-22,,439.322998046875,,,39657600,,,0.0149657730010768,,-0.8720882191243562,,
2016-05-23,2048.0400390625,444.1549987792969,4765.77978515625,3055480000.0,50582500,1865110000.0,0.0062531090002048,0.0149858975880213,0.0077053305443519,1.0998742961110253,-0.20854589704891735,-0.07925832552813095
2016-05-24,2076.06005859375,445.9809875488281,4861.06005859375,3627340000.0,65783100,1942280000.0,0.0064988551891664,0.0145964019917839,0.0084210881133927,0.41111521305619014,1.3681382686285826,1.9992588355480567
2016-05-25,2090.5400390625,449.5989990234375,4894.89013671875,3859160000.0,65231000,1784420000.0,0.0063637534692357,0.0146313491251856,0.0080206274361255,0.8112479176510368,0.6974740643369559,0.6959403446413326
2016-05-26,2090.10009765625,453.3840026855469,4901.77001953125,3230990000.0,65203800,1606250000.0,0.0063640486859532,0.0145914577020358,0.0080270710700456,0.8418621194288045,-0.02104439035032213,0.14055234377765569
2016-05-27,2099.06005859375,473.4639892578125,4933.5,3079150000.0,164780992,1505020000.0,0.0064050284200373,0.0140654803848185,0.0081165046875862,4.428913780222743,0.4286857336424754,0.6473167925529211
2016-05-28,,530.0399780273438,,,181199008,,,0.0246341223305433,,11.949375254117633,,
2016-05-29,,526.2329711914062,,,148736992,,,0.0246936080982491,,-0.7182489988974194,,
2016-05-30,,533.864013671875,,,87958704,,,0.0244610682093965,,1.4501262555236538,,
2016-05-31,2096.949951171875,531.385986328125,4948.0498046875,4514410000.0,138450000,2285350000.0,0.0062992189009267,0.0245315310234452,0.0080933297420994,-0.4641682676279957,-0.10052630048559275,0.2949185099321072
2016-06-01,2099.330078125,536.9199829101562,4952.25,3525170000.0,86061800,1797090000.0,0.0062768376778656,0.0242060523464228,0.0080610965190519,1.041426895780817,0.11350423274503196,0.08488587379458234
2016-06-02,2105.260009765625,537.9719848632812,4971.35986328125,3632720000.0,60378200,1729050000.0,0.0062969439472871,0.0241883450073248,0.0080863101871543,0.1959327249142495,0.28246780734553223,0.3858824429552321
2016-06-03,2099.1298828125,569.1939697265625,4942.52001953125,3627780000.0,122020000,1697840000.0,0.006244709711238,0.0257200252265704,0.0081592446176214,5.8036451231221475,-0.2911814656949452,-0.5801198171754285
2016-06-04,,572.7269897460938,,,94925296,,,0.0257035160405262,,0.6207058063578019,,
2016-06-05,,574.9769897460938,,,68874096,,,0.0255005138483146,,0.3928573369656352,,
2016-06-06,2109.409912109375,585.5369873046875,4968.7099609375,3442020000.0,72138896,1663840000.0,0.006304903007789,0.0255041192883101,0.0080695514281901,1.8365948110822705,0.4897281193053882,0.5298904466295662
2016-06-07,2112.1298828125,576.5969848632812,4961.75,3534730000.0,107770000,1747760000.0,0.0062947622529749,0.0258265784470308,0.0080627009011079,-1.5268040508522596,0.12894462510633087,-0.1400758142901748
2016-06-08,2119.1201171875,581.64501953125,4974.64013671875,3562060000.0,80265800,1692640000.0,0.0063118321559091,0.0258190742877227,0.008062961278523,0.8754875243001337,0.33095665337075086,0.2597901288607929
2016-06-09,2115.47998046875,574.6300048828125,4958.6201171875,3290320000.0,71301000,1632340000.0,0.0063194366172802,0.0255256786947187,0.0080231762969443,-1.2060645948779758,-0.17177585589538413,-0.3220337369331139
2016-06-10,2096.070068359375,577.469970703125,4894.5498046875,3515010000.0,66991900,1822200000.0,0.0063165067018407,0.0255214276646175,0.0080814957805946,0.494225118107372,-0.9175181182794367,-1.2920996363064874
2016-06-11,,606.7269897460938,,,82357000,,,0.0265973127567792,,5.066413930986835,,
2016-06-12,,672.7839965820312,,,277084992,,,0.0315686785060276,,10.887435032943138,,
2016-06-13,2079.06005859375,704.3759765625,4848.43994140625,3392030000.0,243295008,1888300000.0,0.0064309427415155,0.0320260701015013,0.0081962205365871,4.695709193584663,-0.8115191387155773,-0.9420654630399428
2016-06-14,2075.320068359375,685.5590209960938,4843.5498046875,3759770000.0,186694000,1919710000.0,0.0062787408227218,0.0328710599112751,0.0080481080372931,-2.6714363056839163,-0.17988851350955182,-0.10086000399814887
2016-06-15,2071.5,694.468994140625,4834.93017578125,3544720000.0,99223800,1802200000.0,0.0060756143288257,0.032632971028658,0.0077598956966833,1.2996653638348121,-0.18407128700851372,-0.17796098427454998
2016-06-16,2077.989990234375,766.3079833984375,4844.919921875,3628280000.0,271633984,1851770000.0,0.0059875635027032,0.0359272556305281,0.007598803174568,10.34444876069811,0.31329906996742096,0.2066161398522226
2016-06-17,2071.219970703125,748.9089965820312,4800.33984375,4952630000.0,363320992,2638220000.0,0.0060246266028947,0.0365788583134694,0.007806264646431,-2.270495309111209,-0.32579654199809127,-0.9201406595745643
2016-06-18,,756.2269897460938,,,252718000,,,0.0352585502144221,,0.9771538594757656,,
2016-06-19,,763.781005859375,,,136184992,,,0.0352504525814004,,0.9989085573125944,,
2016-06-20,2083.25,737.2260131835938,4837.2099609375,3467440000.0,174511008,1779560000.0,0.0060858965515362,0.0364693501229665,0.0078888970261538,-3.4767809715171794,0.580818525653326,0.7680730612334541
2016-06-21,2088.89990234375,666.6519775390625,4843.759765625,3232880000.0,309944000,1698080000.0,0.0061000356355503,0.0421224687930748,0.0078784763625605,-9.572917176344397,0.2712061607464289,0.13540459769976199
2016-06-22,2085.449951171875,596.1160278320312,4833.31982421875,3168160000.0,266392992,1682220000.0,0.0056780953287492,0.047977215630081,0.0075675226731337,-10.580625586293745,-0.16515636618127383,-0.21553383964951767
2016-06-23,2113.320068359375,623.9769897460938,4910.0400390625,3297940000.0,253462000,1738570000.0,0.0058742225958331,0.0484052663784029,0.0078170568284154,4.673748165334168,1.336407865930278,1.5873192264108216
2016-06-24,2037.4100341796875,665.2990112304688,4707.97998046875,7597450000.0,224316992,4411040000.0,0.0090046007786926,0.0493530752523785,0.0110552736437024,6.62236302995558,-3.5919799994431734,-4.115242584301415
2016-06-25,,665.1229858398438,,,126656000,,,0.0494065761330099,,-0.026458086913350165,,
2016-06-26,,629.3670043945312,,,109225000,,,0.0505690215974899,,-5.375845100310849,,
2016-06-27,2000.5400390625,655.2750244140625,4594.43994140625,5431220000.0,122134000,2659650000.0,0.0094700762674283,0.047068123993453,0.0118916914097434,4.116520224071096,-1.809650217612302,-2.4116508467224906
2016-06-28,2036.0899658203125,647.0009765625,4691.8701171875,4385810000.0,138384992,2074090000.0,0.009871377541567,0.0471363025257189,0.0123261405972269,-1.2626832312067848,1.777016508725926,2.120610499294706
2016-06-29,2070.77001953125,639.8900146484375,4779.25,4241740000.0,142456000,2116550000.0,0.0102128218977408,0.0472253908797037,0.0125843012130034,-1.0990650975278071,1.7032672570028273,1.8623678965963952
2016-06-30,2098.860107421875,673.3369750976562,4842.669921875,4622820000.0,138980000,2171180000.0,0.0104885200514466,0.0478779140052445,0.0127742583056957,5.226985838745257,1.3565044705922347,1.3269848171784338
2016-07-01,2102.949951171875,676.2960205078125,4862.56982421875,3458890000.0,134431008,1745130000.0,0.0104549419616934,0.0478797198924938,0.0127309771712538,0.43945981278201707,0.194860235588723,0.4109283239367434
2016-07-02,,703.7020263671875,,,112354000,,,0.0482190162749969,,4.052368345860824,,
2016-07-03,,658.6640014648438,,,129512000,,,0.0492399764976296,,-6.400155636164562,,
2016-07-04,,683.6619873046875,,,92008400,,,0.049594033718286,,3.7952561221273884,,
2016-07-05,2088.550048828125,670.6270141601562,4822.89990234375,3658380000.0,130476000,1690340000.0,0.0105071447245308,0.0498059321407952,0.0126644756303565,-1.906640033610929,-0.6847477437932237,-0.8158221539034338
2016-07-06,2099.72998046875,677.3309936523438,4859.16015625,3909380000.0,134960992,1876090000.0,0.0105295053298267,0.0497540196395556,0.0127283635204894,0.9996584316817492,0.5352963242081676,0.7518350917594008
2016-07-07,2097.89990234375,640.56201171875,4876.81005859375,3604550000.0,258091008,1672770000.0,0.0102526903259146,0.0508564347201504,0.0122218256860756,-5.428510178653701,-0.08715778419239317,0.3632294836186434
2016-07-08,2129.89990234375,666.5230102539062,4956.759765625,3607500000.0,141970000,1947260000.0,0.0105394499390313,0.0512794108120164,0.012516509045869,4.052847040600782,1.5253349296718177,1.6393852963447975
2016-07-09,,650.9600219726562,,,180536000,,,0.0514509128153334,,-2.334951388298123,,
2016-07-10,,649.3599853515625,,,102532000,,,0.0514647792245429,,-0.24579644941098433,,
2016-07-11,2137.159912109375,647.6589965820312,4988.64013671875,3253340000.0,107910000,1718450000.0,0.0105502519984025,0.0507499587286105,0.0125633959619571,-0.26194850435854455,0.3408615474199461,0.6431695825736661
2016-07-12,2152.139892578125,664.551025390625,5022.81982421875,4097820000.0,138172992,1866280000.0,0.0105930251904328,0.0472742782223497,0.0125696336120473,2.6081670906665577,0.7009293213798395,0.6851503929582226
2016-07-13,2152.429931640625,654.468017578125,5005.72998046875,3502320000.0,131449000,1650820000.0,0.0105882460887632,0.0465217567097821,0.0125822440298354,-1.5172661582416813,0.013476775533982632,-0.3402440132850737
2016-07-14,2163.75,658.0780029296875,5034.06005859375,3465610000.0,98511400,1641170000.0,0.0106183398011643,0.0463067852325773,0.012618721357168,0.5515907965864209,0.525920411762093,0.565952982592699
2016-07-15,2161.739990234375,663.2550048828125,5029.58984375,3122600000.0,81673104,1610300000.0,0.0106183315807806,0.0462620672163718,0.012605576504527,0.7866851543552045,-0.09289473209127541,-0.08879939436000628
2016-07-16,,660.7670288085938,,,50330200,,,0.0422341981288411,,-0.37511606484723625,,
2016-07-17,,679.458984375,,,74407904,,,0.0425055853066473,,2.828826916516869,,
2016-07-18,2166.889892578125,673.1060180664062,5055.77978515625,3009310000.0,69465000,1585570000.0,0.0105970022694461,0.042447730735301,0.0125789224308498,-0.935003650652666,0.23822949878407051,0.5207172397724502
2016-07-19,2163.780029296875,672.864013671875,5036.3701171875,2968340000.0,61203300,1694740000.0,0.0105811322794063,0.042373681298815,0.0125760139929278,-0.03595338446481522,-0.1435173652293842,-0.3839104706604646
2016-07-20,2173.02001953125,665.6849975585938,5089.93017578125,3211860000.0,94636400,1877330000.0,0.0105993006891798,0.0419857420196841,0.0127047111944996,-1.0669341750207062,0.42703001734318846,1.0634654989109427
2016-07-21,2165.169921875,665.0120239257812,5073.89990234375,3438900000.0,60491800,1880310000.0,0.010621563243678,0.0377577382483434,0.0127208396115811,-0.10109490754345307,-0.3612528916297486,-0.3149409301089201
2016-07-22,2175.030029296875,650.6190185546875,5100.16015625,3023280000.0,134169000,1639000000.0,0.0106335772795442,0.0316560233888057,0.0127247039623368,-2.1643225766245777,0.4553964713003289,0.5175556162256845
2016-07-23,,655.5560302734375,,,69532200,,,0.0306287888550164,,0.7588176149103898,,
2016-07-24,,661.2849731445312,,,118184000,,,0.028314443626808,,0.8739059068229693,,
2016-07-25,2168.47998046875,654.0969848632812,5097.6298828125,3057240000.0,78176496,1770620000.0,0.0104888944084111,0.0283821266271468,0.0124541218601987,-1.0869728745036777,-0.30114751244342264,-0.04961164669308182
2016-07-26,2169.179931640625,651.7839965820312,5110.0498046875,3442350000.0,225135008,2038060000.0,0.0103434604031017,0.0264499921676024,0.0122859764328449,-0.35361549353930544,0.03227842443460638,0.24364110695591634
2016-07-27,2166.580078125,654.3519897460938,5139.81005859375,3995500000.0,147460992,2122250000.0,0.0103375971457628,0.0254052213803712,0.0122961801126336,0.3939945100722264,-0.11985421207814095,0.5823867681084227
2016-07-28,2170.06005859375,655.0349731445312,5154.97998046875,3664240000.0,86428400,1950910000.0,0.0103190590478656,0.0252927257295527,0.0122766091118032,0.1043755362771126,0.16062090221755643,0.29514557351464354
2016-07-29,2173.60009765625,656.9920043945312,5162.1298828125,4038840000.0,60703500,2072640000.0,0.010314779830039,0.0252030299953514,0.0122773712647664,0.2987674445236399,0.16313092573088106,0.13869893522069354
2016-07-30,,655.0469970703125,,,38456100,,,0.0233647440906845,,-0.29604733561579,,
2016-07-31,,624.6810302734375,,,110818000,,,0.0248307313473845,,-4.635692848404204,,
2016-08-01,2170.840087890625,606.27197265625,5184.2001953125,3505990000.0,121887000,1866590000.0,0.0102894370341661,0.0239733599751529,0.0120927832587314,-2.946953200920699,-0.12697872845152114,0.4275427585323621
2016-08-02,2157.030029296875,547.4650268554688,5137.72998046875,3848750000.0,330932992,2142010000.0,0.010356867241679,0.0277320282304845,0.0122327037332994,-9.699763217344737,-0.6361619481225378,-0.8963815650052998
2016-08-03,2163.7900390625,566.35498046875,5159.740234375,3786530000.0,207982000,1909470000.0,0.0103593201463157,0.027558509058678,0.0122389303847176,3.450440244883124,0.31339432802557354,0.4284042561583101
2016-08-04,2164.25,578.2890014648438,5166.25,3709200000.0,125292000,1930000000.0,0.0103473573071877,0.0278781772667908,0.0122137480096823,2.1071627173149254,0.021257188969192597,0.12616459994692075
2016-08-05,2182.8701171875,575.0430297851562,5221.1201171875,3663070000.0,66127900,2017720000.0,0.0101929962916635,0.0277360835826953,0.0120513532627934,-0.5613061413004994,0.8603496447961101,1.0620879203968148
2016-08-06,,587.7780151367188,,,80797296,,,0.0264711404201271,,2.2146143317866906,,
2016-08-07,,592.6900024414062,,,82398400,,,0.025324696223606,,0.8356874837424755,,
2016-08-08,2180.889892578125,591.0540161132812,5213.14013671875,3327550000.0,61194100,1624450000.0,0.0073255824105628,0.025049659560162,0.0087645838687518,-0.2760273197432106,-0.09071655678379864,-0.1528403922844146
2016-08-09,2181.739990234375,587.801025390625,5225.47998046875,3334300000.0,92228096,1664320000.0,0.006233071052436,0.0250526942250805,0.0070258607909332,-0.5503711393499366,0.03897939364765346,0.2367065420529224
2016-08-10,2175.489990234375,592.10302734375,5204.580078125,3254950000.0,102905000,1651240000.0,0.005660116490094,0.025127496448123,0.0064349443213366,0.7318806479226669,-0.28646859974036376,-0.39996138961143624
2016-08-11,2185.7900390625,589.1199951171875,5228.39990234375,3423160000.0,74514400,1511670000.0,0.0049650898462912,0.0245351044063199,0.0057857917423383,-0.5038029006446343,0.47345880120621686,0.45767043375632976
2016-08-12,2184.050048828125,587.5590209960938,5232.89013671875,3000660000.0,69218000,1501620000.0,0.0044668877019181,0.0244431969964391,0.0054661285444659,-0.2649670922785896,-0.07960463737501922,0.08588161691662766
2016-08-13,,585.5880126953125,,,43563000,,,0.0243829604678298,,-0.3354570741573859,,
2016-08-14,,570.4730224609375,,,60851100,,,0.0246078549614145,,-2.581164557109794,,
2016-08-15,2190.14990234375,567.239990234375,5262.02001953125,3078530000.0,57262300,1533170000.0,0.0044735645269069,0.0246069528176831,0.0054863908513821,-0.5667283288201208,0.27929092187690685,0.5566691073465968
2016-08-16,2178.14990234375,577.4390258789062,5227.10986328125,3196400000.0,58405200,1698390000.0,0.0043925978000581,0.0242067757099504,0.0053882384572153,1.7980106868553447,-0.547907701986905,-0.6634364012379712
2016-08-17,2182.219970703125,573.2160034179688,5228.66015625,3388910000.0,54443000,1747890000.0,0.0043305521878008,0.0241980609456749,0.005326633659337,-0.7313365172209707,0.1868589648029051,0.0296587025966355
2016-08-18,2187.02001953125,574.3179931640625,5240.14990234375,3300570000.0,59896600,1659080000.0,0.0043140737007927,0.0242178648134532,0.0053220820001325,0.19224685625014448,0.21996173129046337,0.2197455131983661
2016-08-19,2183.8701171875,575.6300048828125,5238.3798828125,3084800000.0,50631600,1632740000.0,0.0034713588837505,0.0242334084702455,0.0046514455693971,0.22844691170509357,-0.14402713809749113,-0.03377803238907573
2016-08-20,,581.697021484375,,,45301400,,,0.0243865294862923,,1.0539785192048123,,
2016-08-21,,581.3079833984375,,,38299400,,,0.0241706195507206,,-0.0668798483693056,,
2016-08-22,2182.639892578125,586.7529907226562,5244.60009765625,2777550000.0,72844000,1560210000.0,0.0034455885485624,0.0242012136425161,0.0045715964703142,0.9366820136180065,-0.0563323157221185,0.11874310345760808
2016-08-23,2186.89990234375,583.4149780273438,5260.080078125,3041490000.0,85349200,1547050000.0,0.0032458326560846,0.0240894128638762,0.0044744162626631,-0.5688957275192363,0.19517694055308787,0.2951603588549734
2016-08-24,2175.43994140625,580.1820068359375,5217.68994140625,3148280000.0,56328200,1714780000.0,0.0034134748577033,0.0240574279059883,0.0047274942225695,-0.5541460732354953,-0.5240276852734871,-0.8058838665790824
2016-08-25,2172.469970703125,577.760986328125,5212.2001953125,2969310000.0,136130000,1511890000.0,0.0032982978714114,0.0240572943565955,0.0046771787765001,-0.4172863824260409,-0.13652276243513173,-0.10521411113728618
2016-08-26,2169.0400390625,579.6510009765625,5218.919921875,3342340000.0,48856800,1591060000.0,0.0033076583465956,0.0240500079152147,0.0046611759476052,0.32712742693985497,-0.15788165944199406,0.12892303270590766
2016-08-27,,569.947021484375,,,59698300,,,0.02414185617565,,-1.6741072603754348,,
2016-08-28,,573.9119873046875,,,86301600,,,0.0241955578265441,,0.6956726977862093,,
2016-08-29,2180.3798828125,574.1069946289062,5232.330078125,2654780000.0,110398000,1416640000.0,0.0034134666122632,0.0242103362015458,0.0046085534213868,0.03397861144782688,0.5228047221710774,0.2569527114947956
2016-08-30,2176.1201171875,577.5029907226562,5222.990234375,3006800000.0,70342400,1561020000.0,0.003423390295285,0.0228594975734718,0.0045465622668435,0.5915266884956027,-0.19536804841114863,-0.1785025717136457
2016-08-31,2170.949951171875,575.4719848632812,5213.22021484375,3766390000.0,75840896,1761770000.0,0.0033652198126442,0.0222731764977605,0.0042185966875806,-0.3516875050003643,-0.23758642617150993,-0.18705797048880202
2016-09-01,2170.860107421875,572.302978515625,5227.2099609375,3392120000.0,76923400,1592520000.0,0.0032963989392129,0.0117914021004147,0.0041642499104462,-0.5506795171634882,-0.0041384533048027805,0.2683513359730494
2016-09-02,2179.97998046875,575.5369873046875,5249.89990234375,3091120000.0,79910800,1474200000.0,0.0032806057354275,0.0101201368070093,0.0041382419104478,0.5650868352023108,0.4201041336424849,0.43407365642111895
2016-09-03,,598.2119750976562,,,159014000,,,0.0117426731492924,,3.939796797275985,,
2016-09-04,,608.6339721679688,,,97942896,,,0.0120290757370526,,1.7421913141426382,,
2016-09-05,,606.5900268554688,,,82446800,,,0.0114502279918355,,-0.33582504525986323,,
2016-09-06,2186.47998046875,610.4359741210938,5275.91015625,3447650000.0,78529104,1777940000.0,0.0032682953226178,0.0114121567212584,0.0041908274422238,0.634027447757779,0.2981678757711492,0.49544285396065924
2016-09-07,2186.159912109375,614.5440063476562,5283.93017578125,3319420000.0,75032400,1878460000.0,0.003269183968755,0.0114358926725291,0.0041844599075071,0.6729669286737572,-0.014638522293097811,0.1520120565690286
2016-09-08,2181.300048828125,626.3159790039062,5259.47998046875,3727840000.0,86713000,1839790000.0,0.0032902796977788,0.0118008547705776,0.0042150594469029,1.9155621948398593,-0.22230136296667036,-0.4627274490599187
2016-09-09,2127.81005859375,622.8610229492188,5125.91015625,4233960000.0,64550200,2208690000.0,0.005621497240628,0.0118390716032484,0.0063919903625261,-0.5516314720538151,-2.452206896667508,-2.5396013429990427
2016-09-10,,623.5089721679688,,,45016800,,,0.0117715563112512,,0.10402789625236775,,
2016-09-11,,606.718994140625,,,73610800,,,0.0129049458567608,,-2.692820597106127,,
2016-09-12,2159.0400390625,608.2429809570312,5211.89013671875,4010480000.0,72812304,2007610000.0,0.0062627941713286,0.0128799368826841,0.0070897006562543,0.25118495236247096,1.467705274849096,1.6773602706226631
2016-09-13,2127.02001953125,609.2410278320312,5155.25,4141670000.0,86920600,2071460000.0,0.0068146415556124,0.011793711316148,0.0073364263361745,0.1640868709129384,-1.4830674258895948,-1.0867484776724168
2016-09-14,2125.77001953125,610.6840209960938,5173.77001953125,3664100000.0,47877700,1902680000.0,0.0067290291810906,0.0116995610828693,0.0071729166108699,0.23685095030407943,-0.058767665020631465,0.3592458082779748
2016-09-15,2147.260009765625,607.155029296875,5249.68994140625,3373720000.0,59464600,1950940000.0,0.0069719667426678,0.0114215913853809,0.0076059810907784,-0.5778752313614799,1.0109273363029914,1.4674003983246031
2016-09-16,2139.159912109375,606.9730224609375,5244.56982421875,5014360000.0,64963400,3013860000.0,0.0070007588244174,0.0113017165217951,0.0076099984321254,-0.029976995520941685,-0.37722947474507773,-0.09753180177586307
2016-09-17,,605.9840087890625,,,37140300,,,0.0113201573976116,,-0.16294194886373736,,
2016-09-18,,609.8740234375,,,48679400,,,0.0113512499462323,,0.6419335480833732,,
2016-09-19,2139.1201171875,609.2269897460938,5235.02978515625,3141820000.0,54796400,1792650000.0,0.0067944936959826,0.0112463208373777,0.0073776428459334,-0.10609300716880599,-0.0018603060785604697,-0.18190317570843106
2016-09-20,2139.760009765625,608.31201171875,5241.35009765625,3117380000.0,72710896,1697530000.0,0.0067966398936615,0.0112530017323392,0.0073738592022145,-0.15018671902981007,0.029913821714999678,0.12073116599873313
2016-09-21,2163.1201171875,597.1489868164062,5295.18017578125,3685450000.0,82776200,2001890000.0,0.0071124316345557,0.0117250578898673,0.0075903161998562,-1.8350821103800485,1.0917162352442444,1.0270269514923491
2016-09-22,2177.179931640625,596.2979736328125,5339.52001953125,3523860000.0,67085300,1914550000.0,0.0071995850408404,0.0116718000743479,0.0076749940824168,-0.14251270660791127,0.6499784427785649,0.8373623234351646
2016-09-23,2164.68994140625,602.8419799804688,5305.75,3289860000.0,51067000,1762700000.0,0.0072179376264677,0.0117530896457416,0.0077511170584584,1.0974389712895327,-0.573677446354337,-0.6324542170030978
2016-09-24,,602.625,,,35359500,,,0.0117125252949743,,-0.03599284516910828,,
2016-09-25,,600.8259887695312,,,33977800,,,0.0117339093675596,,-0.29852914009023124,,
2016-09-26,2146.10009765625,608.0430297851562,5257.490234375,3199910000.0,59153800,1672190000.0,0.0073754218178252,0.011377171380454,0.0079470773736168,1.2011865582587822,-0.8587762798917709,-0.9095748127031955
2016-09-27,2159.929931640625,606.166015625,5305.7099609375,3414090000.0,49422400,1754700000.0,0.0074620837030478,0.0113792743665899,0.0080569450575418,-0.30869758688286675,0.6444170055012188,0.9171624560940783
2016-09-28,2171.3701171875,604.72802734375,5318.5498046875,3860390000.0,48722600,1788240000.0,0.0074709301655434,0.0114022451350703,0.0079574390012235,-0.23722680654858497,0.5296554012835575,0.242000483338356
2016-09-29,2151.1298828125,605.6929931640625,5269.14990234375,4215620000.0,55658600,1946150000.0,0.0076481010049681,0.0113750678484761,0.0081607495201662,0.15957021614345646,-0.9321411497187015,-0.928822783613148
2016-09-30,2168.27001953125,609.7349853515625,5312.0,4158800000.0,56122400,2063260000.0,0.0077878353325971,0.0113690773194868,0.0082794309351093,0.6673334895926697,0.7967969231286176,0.8132260127424074
2016-10-01,,613.9829711914062,,,56357000,,,0.0113150693586323,,0.6966938000768419,,
2016-10-02,,610.8920288085938,,,39249800,,,0.011375821739702,,-0.5034247736243724,,
2016-10-03,2161.199951171875,612.1329956054688,5300.8701171875,3113850000.0,46798300,1606460000.0,0.0078042696654535,0.0090299152347436,0.0082914574158301,0.20314011942423882,-0.32606955294726125,-0.20952339631965522
2016-10-04,2150.489990234375,610.2039794921875,5289.66015625,3716100000.0,49801600,1711810000.0,0.007849761358891,0.0084968643663455,0.0083025152544555,-0.3151302293994518,-0.49555622707156965,-0.2114739786050035
2016-10-05,2159.72998046875,612.510986328125,5316.02001953125,3883710000.0,68077504,1755640000.0,0.0078863803253443,0.0084968646238432,0.0083330541444114,0.3780714176687905,0.42966906501935576,0.4983281062036493
2016-10-06,2160.77001953125,613.02099609375,5306.85009765625,3438040000.0,56812100,1655480000.0,0.007834418452767,0.0084220596568686,0.0081904550470704,0.0832654069900629,0.048155976529717925,-0.17249599966345786
2016-10-07,2153.739990234375,617.1209716796875,5292.39990234375,3578770000.0,64071400,1647330000.0,0.0078515217671074,0.0084209541290122,0.0082075384919591,0.6688148712789665,-0.32534833570118105,-0.2722932633594022
2016-10-08,,619.1079711914062,,,42345900,,,0.0076629032884226,,0.3219789316688537,,
2016-10-09,,616.7520141601562,,,39243400,,,0.0076294539717327,,-0.3805405746458379,,
2016-10-10,2163.659912109375,618.9940185546875,5328.669921875,2881970000.0,67481104,1365600000.0,0.0078973140526071,0.0076600436164343,0.0082876500352632,0.3635179688199708,0.46059050395961254,0.6853227307178411
2016-10-11,2136.72998046875,641.072021484375,5246.7900390625,3393060000.0,103590000,1822980000.0,0.0081471556808941,0.008479889417854,0.0087872513193919,3.5667554560928183,-1.2446471596532338,-1.5365913823329636
2016-10-12,2139.179931640625,636.1920166015625,5239.02001953125,2959510000.0,92370200,1567930000.0,0.0081500111519451,0.0086528420314426,0.008785181449464,-0.7612256843642973,0.11465890375803589,-0.14809091794033558
2016-10-13,2132.550048828125,636.7860107421875,5213.330078125,3538030000.0,61620700,1737720000.0,0.0081566334272522,0.0086534032041831,0.0088262419612106,0.09336711639325035,-0.3099263747961212,-0.4903577636748313
2016-10-14,2132.97998046875,640.3779907226562,5214.16015625,3187910000.0,58144600,1593610000.0,0.0081573225570057,0.0086853848921333,0.0088118435009771,0.5640795997202019,0.020160447857309194,0.01592222461574977
2016-10-15,,638.64599609375,,,39035400,,,0.0086129390499413,,-0.2704644216381835,,
2016-10-16,,641.6309814453125,,,40298100,,,0.0086211482977461,,0.4673927919097709,,
2016-10-17,2126.5,639.1929931640625,5199.81982421875,2832440000.0,58063600,1427060000.0,0.0081180147667137,0.0086605190585887,0.0087843495772609,-0.37996735690011274,-0.3037994040303138,-0.2750266888917996
2016-10-18,2139.60009765625,637.9600219726562,5243.83984375,3172940000.0,65546700,1476970000.0,0.008189401830991,0.0086407830283869,0.008878961560022,-0.1928949792304402,0.6160403318245855,0.8465681700396965
2016-10-19,2144.2900390625,630.52001953125,5246.41015625,3364990000.0,69381696,1548910000.0,0.0082061562011571,0.0089634188125342,0.0088740655551904,-1.1662176602227792,0.21919710189710617,0.04901584671894721
2016-10-20,2141.340087890625,630.8569946289062,5241.830078125,3339320000.0,56957300,1745270000.0,0.0082019797739368,0.0089503719991539,0.0088362299327653,0.05344399657709609,-0.13757239543792377,-0.0872992768120473
2016-10-21,2141.159912109375,632.8280029296875,5257.39990234375,3456390000.0,55951000,1651490000.0,0.0068091801569022,0.0081404600165127,0.0074053835525064,0.31243345442188986,-0.008414160005176807,0.297030311679225
2016-10-22,,657.2940063476562,,,78556496,,,0.0104298906755899,,3.8661379244760097,,
2016-10-23,,657.0709838867188,,,54474600,,,0.0103466297983746,,-0.03393039625855243,,
2016-10-24,2151.330078125,653.760986328125,5309.830078125,3359950000.0,62218200,1533370000.0,0.0063125996368507,0.010432220040541,0.0070023329938519,-0.5037503770162544,0.4749839541692946,0.9972643655635993
2016-10-25,2143.159912109375,657.5880126953125,5283.39990234375,3756200000.0,90378800,1580830000.0,0.0057095266858358,0.0103901670930563,0.0067438490998383,0.5853861651613945,-0.37977277864983394,-0.49775935185072395
2016-10-26,2139.429931640625,678.3040161132812,5250.27001953125,3778120000.0,88877104,1732300000.0,0.0057192599956768,0.0114820029564435,0.0068444024966262,3.1503012551975074,-0.17404116452881535,-0.6270561272070929
2016-10-27,2133.0400390625,688.31298828125,5215.97021484375,4209400000.0,96105296,1926820000.0,0.0054337946569815,0.0115794841663746,0.0064194697420783,1.475587926682298,-0.29867267366989747,-0.6532960125841702
2016-10-28,2126.409912109375,689.6510009765625,5190.10009765625,4028270000.0,81145504,1911810000.0,0.0054200951605624,0.0115211664365069,0.0064770121717994,0.19439015652655822,-0.3108299343522414,-0.49597900528415284
2016-10-29,,714.47900390625,,,134760992,,,0.0128167949658253,,3.6000822002042243,,
2016-10-30,,701.864013671875,,,100665000,,,0.0135014611117121,,-1.765620846155791,,
2016-10-31,2126.14990234375,700.9719848632812,5189.14013671875,3926560000.0,97064400,1709060000.0,0.0054200090433752,0.0135374584223576,0.0064710696244021,-0.12709425062655821,-0.012227640782913607,-0.018496000451584393
2016-11-01,2111.719970703125,729.7930297851562,5153.580078125,4539190000.0,130527000,1880920000.0,0.0055511362132881,0.0149062001089788,0.0065739137817899,4.111582993933238,-0.6786883476427641,-0.6852784402973544
2016-11-02,2097.93994140625,740.8289794921875,5105.56982421875,4289120000.0,84865200,2124990000.0,0.0052298888710044,0.0149773333815081,0.0064371051694606,1.5122026734456728,-0.652550029741239,-0.9315903348438348
2016-11-03,2088.659912109375,688.7000122070312,5058.41015625,3892100000.0,172808000,2113730000.0,0.0050673163664122,0.0207984519932193,0.0063383230802814,-7.036572370709482,-0.4423400838946101,-0.9236905887574753
2016-11-04,2085.179931640625,703.2349853515625,5046.3701171875,3841910000.0,99907696,2020130000.0,0.0050002863265867,0.0210244847401438,0.006281447966488,2.1104941029334467,-0.16661307322337615,-0.2380202215833349
2016-11-05,,703.4180297851562,,,53752300,,,0.0210282826839883,,0.02602891457430534,,
2016-11-06,,711.52197265625,,,59902200,,,0.0210627735127528,,1.1520806302859343,,
2016-11-07,2131.52001953125,703.1309814453125,5166.169921875,3739720000.0,65047100,1916620000.0,0.0063760200746348,0.0212793187729319,0.007621972372075,-1.1793017690813201,2.222354396733728,2.373979749909183
2016-11-08,2139.56005859375,709.8480224609375,5193.490234375,3921850000.0,79660800,1739440000.0,0.0062983974350467,0.0212443950332845,0.0074837885654002,0.9553043732787758,0.37719744542996647,0.5288310859524525
2016-11-09,2163.260009765625,723.2730102539062,5251.06982421875,6267590000.0,132429000,2827570000.0,0.0065558604868583,0.021396965860841,0.007767598037912,1.8912481782264123,1.1077020753253342,1.1086877464915323
2016-11-10,2167.47998046875,715.5339965820312,5208.7998046875,6458450000.0,68807800,2986760000.0,0.0063274112979172,0.0208194612088258,0.0077214178307035,-1.0699989578151436,0.1950745950128452,-0.8049791936929562
2016-11-11,2164.449951171875,716.4110107421875,5237.10986328125,4993990000.0,63119700,2290080000.0,0.0061639274803763,0.0207161318435084,0.0076349287429334,0.12256778354984288,-0.13979503036608554,0.5435044473829365
2016-11-12,,705.0540161132812,,,64622500,,,0.0210290648579473,,-1.585262434358825,,
2016-11-13,,702.031005859375,,,80318096,,,0.021070759144289,,-0.4287629294803641,,
2016-11-14,2164.199951171875,705.02099609375,5218.39990234375,5373670000.0,62993000,2371900000.0,0.0061341666109633,0.0210433079391515,0.0076505718237375,0.42590572345375666,-0.011550278622274313,-0.3572573695404091
2016-11-15,2180.389892578125,711.6190185546875,5275.6201171875,4548110000.0,72038496,2159180000.0,0.0062028566129054,0.0210708522813051,0.0079216261356002,0.9358618392210527,0.7480797417763307,1.0965088133251477
2016-11-16,2176.93994140625,744.197998046875,5294.580078125,3847900000.0,141294000,2066130000.0,0.0061704746250978,0.0223228118727327,0.0078951393946292,4.5781490717260676,-0.1582263421610164,0.359388290216911
2016-11-17,2187.1201171875,740.9769897460938,5333.97021484375,3811730000.0,108579000,2084710000.0,0.0062226098639037,0.0223531434905077,0.0080071121079725,-0.4328160394457825,0.46763696083751416,0.7439709313585396
2016-11-18,2181.89990234375,751.5850219726562,5321.509765625,3580900000.0,87363104,1865770000.0,0.0062069720793662,0.0221852026686587,0.0080025857773589,1.4316277527319121,-0.2386798421690206,-0.23360552678142188
2016-11-19,,751.6160278320312,,,110608000,,,0.0221894621077049,,0.004125396125331804,,
2016-11-20,,731.0260009765625,,,154116000,,,0.0230213824528078,,-2.7394342447511155,,
2016-11-21,2198.179931640625,739.2479858398438,5368.85986328125,3611500000.0,60802400,1748170000.0,0.0062936334321192,0.0221974807296369,0.0080689857837238,1.1247185260575776,0.7461400625843329,0.8897869165272354
2016-11-22,2202.93994140625,751.3469848632812,5386.35009765625,3960520000.0,129906000,1890410000.0,0.0057947922156387,0.022293933391765,0.0075151456649934,1.636663102935887,0.2165432272904111,0.32577185511246665
2016-11-23,2204.719970703125,744.593994140625,5380.68017578125,3419850000.0,76543800,1617700000.0,0.0057948621649084,0.022364229881766,0.0075109146351802,-0.898784564083277,0.08080244329033981,-0.10526463694714439
2016-11-24,,740.2890014648438,,,85919296,,,0.0224380833091198,,-0.5781664517385599,,
2016-11-25,2213.35009765625,741.6489868164062,5398.919921875,1584590000.0,67807600,768080000.0,0.0057646860787069,0.0218489729728319,0.0074422633153989,0.18371005767632287,0.39143868916706737,0.338985880927245
2016-11-26,,735.3820190429688,,,54962700,,,0.0218310529762628,,-0.845004562109497,,
2016-11-27,,732.0349731445312,,,52601800,,,0.0218660188328315,,-0.4551438316092282,,
2016-11-28,2201.719970703125,735.81298828125,5368.81005859375,3515100000.0,61888600,1630150000.0,0.0058839229812212,0.020952234111698,0.0075425090931229,0.5160976285722985,-0.5254535631502799,-0.5577016091543152
2016-11-29,2204.659912109375,735.60400390625,5379.919921875,3709190000.0,68511104,1791760000.0,0.005832799184163,0.0206522968962681,0.0075116302143755,-0.028401832847246844,0.13352930642269722,0.2069334388812516
2016-11-30,2198.81005859375,745.6909790039062,5323.68017578125,5538400000.0,84070800,2056060000.0,0.0057970208497195,0.0207604314465917,0.007671518706421,1.371250706098892,-0.26534040390964186,-1.045364000030491
2016-12-01,2191.080078125,756.7739868164062,5251.10986328125,5067470000.0,80461904,2269790000.0,0.0058471114139239,0.0196315690194109,0.0080994761499907,1.48627355359785,-0.35155289737457407,-1.3631606351963144
2016-12-02,2191.949951171875,777.9439697265625,5255.64990234375,3782370000.0,127605000,1851030000.0,0.0058341378809285,0.0200660690432408,0.0080990072256889,2.7973983354282694,0.03970065063159112,0.08645865694500987
2016-12-03,,771.155029296875,,,69547296,,,0.0144833295256376,,-0.8726772998926546,,
2016-12-04,,773.8720092773438,,,60557900,,,0.0141180905854011,,0.3523260404520778,,
2016-12-05,2204.7099609375,758.7000122070312,5308.89013671875,3898530000.0,106363000,1800570000.0,0.0059027634644676,0.0147237307869181,0.0082880901546752,-1.9605305384388316,0.5821305253253195,1.0130095300156405
2016-12-06,2212.22998046875,764.2239990234375,5333.0,3857290000.0,116218000,1977480000.0,0.0058784149744204,0.0146556668137948,0.0081297143953523,0.7280857687529396,0.34108883546988267,0.45414131127887725
2016-12-07,2241.35009765625,768.1320190429688,5393.759765625,4504070000.0,96426096,2125370000.0,0.0062082775401053,0.0144123395380311,0.0083180363445828,0.5113710148497264,1.3163241364864575,1.139316812769553
2016-12-08,2246.18994140625,770.8099975585938,5417.35986328125,4203270000.0,80111904,2236580000.0,0.0061789581318968,0.014359646979519,0.0082368470817366,0.34863518890431155,0.21593430473272335,0.43754447142150266
2016-12-09,2259.530029296875,772.7940063476562,5444.5,3886460000.0,68705296,2042340000.0,0.0061636878378851,0.0140386667335311,0.0081388003686413,0.25739271614879655,0.5938984786955759,0.5009845645054023
2016-12-10,,774.6500244140625,,,53843100,,,0.0138235330436693,,0.24016983195536135,,
2016-12-11,,769.7310180664062,,,57313400,,,0.0139196746490472,,-0.6349972494194334,,
2016-12-12,2256.9599609375,780.0869750976562,5412.5400390625,4038850000.0,76571000,1931840000.0,0.0061184531177205,0.0136117121472421,0.0081652977611412,1.3453994691891902,-0.11374349205595102,-0.5870137007530585
2016-12-13,2271.719970703125,780.5560302734375,5463.830078125,3875630000.0,81645600,2094860000.0,0.006159532857725,0.0135457831081284,0.0082888030804865,0.06012857421731077,0.6539774750587091,0.9476149588240945
2016-12-14,2253.280029296875,781.4810180664062,5436.669921875,4409670000.0,75979000,1976570000.0,0.0062316319192013,0.0135517599822971,0.0082280906885614,0.11850370211665684,-0.8117171853951111,-0.49709006066529504
2016-12-15,2262.030029296875,778.0880126953125,5456.85009765625,4173360000.0,81580096,2101320000.0,0.0060161224951961,0.0135768575271893,0.0079593874517211,-0.4341763002112309,0.38832279549072535,0.3711863341206989
2016-12-16,2258.070068359375,784.906982421875,5437.16015625,5928980000.0,83608200,3281480000.0,0.0059287002918214,0.011124889302806,0.0077414150888689,0.8763751163498146,-0.1750622620483422,-0.36082980206304516
2016-12-17,,790.8289794921875,,,78989800,,,0.0111107947878833,,0.7544839328655017,,
2016-12-18,,790.530029296875,,,60524400,,,0.0108824009612703,,-0.037802129545694285,,
2016-12-19,2262.530029296875,792.7139892578125,5457.43994140625,3252840000.0,74886400,1688680000.0,0.0058753648270988,0.0108795656142333,0.0076912450944361,0.2762652751951755,0.19751207015203942,0.3729848776468092
2016-12-20,2270.760009765625,800.8759765625,5483.93994140625,3306250000.0,99629296,1679630000.0,0.0046228950005417,0.0094373701356604,0.0066283852484238,1.0296257433692224,0.3637512148869648,0.48557565973270655
2016-12-21,2265.179931640625,834.281005859375,5471.43017578125,2854880000.0,155576000,1496850000.0,0.0046853144538337,0.0116229801039083,0.0066428574832233,4.1710614719965955,-0.24573614565177593,-0.22811638636932585
2016-12-22,2260.9599609375,864.5399780273438,5447.419921875,2880670000.0,200027008,1585470000.0,0.0044029700001641,0.012804334313049,0.0064944236658223,3.626952064766198,-0.18629737285675851,-0.43882957718310855
2016-12-23,2263.7900390625,921.9840087890624,5462.68994140625,2021230000.0,275564000,1144900000.0,0.0044022097271353,0.0165527126263126,0.0062562565876719,6.644462051690314,0.12517152775348706,0.28031654893962976
2016-12-24,,898.822021484375,,,137727008,,,0.0174459576385328,,-2.5121897000261906,,
2016-12-25,,896.1829833984375,,,143664992,,,0.017511356366589,,-0.2936107508335395,,
2016-12-26,,907.6099853515624,,,123771000,,,0.0173199473715453,,1.2750746404257995,,
2016-12-27,2268.8798828125,933.197998046875,5487.43994140625,1989730000.0,167308000,1219050000.0,0.0043710815106632,0.0175800427667675,0.006239376079695,2.819274039322206,0.22483727122095676,0.4530734906332379
2016-12-28,2249.919921875,975.9210205078124,5438.56005859375,2402750000.0,236630000,1326660000.0,0.0047277810189698,0.0187969851456575,0.0064646621886342,4.5781305307506015,-0.8356529175972627,-0.8907593219138477
2016-12-29,2249.260009765625,973.4970092773438,5432.08984375,2338700000.0,199320000,1266350000.0,0.0045893602087721,0.0188404263619609,0.0062225917606228,-0.24838190586440323,-0.029330470962940502,-0.11896926344550085
2016-12-30,2238.830078125,961.2379760742188,5383.1201171875,2671550000.0,187474000,1551690000.0,0.0046828346995923,0.0192417458966668,0.0064630068451441,-1.2592779521968134,-0.4637050227782158,-0.9014896286894669
2016-12-31,,963.7429809570312,,,99135104,,,0.0192326674643331,,0.26060194719346175,,
2017-01-01,,998.3250122070312,,,147775008,,,0.0195493569557908,,3.588304343929827,,
2017-01-02,,1021.75,,,222184992,,,0.0194571026360369,,2.346429019261209,,
2017-01-03,2257.830078125,1043.8399658203125,5429.080078125,3773010000.0,185168000,1887670000.0,0.0048353448811306,0.0195448292708618,0.0065057940996709,2.161973655034255,0.8486575281279274,0.853779219801476
2017-01-04,2270.75,1154.72998046875,5477.0,3768890000.0,344945984,1885490000.0,0.0048619794675761,0.0249023250129167,0.0066487078792654,10.623277348965399,0.5722273788525856,0.8826526996365436
2017-01-05,2269.0,1013.3800048828124,5487.93994140625,3785080000.0,510199008,1799170000.0,0.0047359564848226,0.0362971716931545,0.0064835864408023,-12.24095485323401,-0.0770670483320468,0.1997433157978845
2017-01-06,2276.97998046875,902.2009887695312,5521.06005859375,3342080000.0,351876000,1711870000.0,0.0047531709105504,0.0429423099243255,0.0065400551485886,-10.971108130965924,0.35169592193697863,0.6035072821699572
2017-01-07,,908.5850219726562,,,279550016,,,0.0429418616899875,,0.707606540293404,,
2017-01-08,,911.198974609375,,,158715008,,,0.0429411907389451,,0.2876948852891692,,
2017-01-09,2268.89990234375,902.8280029296876,5531.81982421875,3219730000.0,141876992,1887740000.0,0.0048286190813375,0.0430224724441762,0.0065333047827731,-0.9186765912764572,-0.35485942758867184,0.194885864504446
2017-01-10,2268.89990234375,907.6790161132812,5551.81982421875,3640560000.0,115808000,1798610000.0,0.0047988985253355,0.0429678636633761,0.0065363526298061,0.5373131059129843,0.0,0.3615446749085871
2017-01-11,2275.320068359375,777.7570190429688,5563.64990234375,3625080000.0,310928992,1960830000.0,0.0046702372564809,0.0519053720262611,0.0064216341176577,-14.313649953773721,0.28296382793233654,0.2130846911384543
2017-01-12,2270.43994140625,804.833984375,5547.490234375,3466220000.0,222326000,1805840000.0,0.0047072200972018,0.0522826081957285,0.0064622824769385,3.481417032449219,-0.21448089967596173,-0.29045084166676727
2017-01-13,2274.639892578125,823.9840087890625,5574.1201171875,3090680000.0,168968000,1611260000.0,0.004658805055269,0.0524437297313392,0.0061152493715025,2.3793757204392474,0.18498402425362048,0.480034784874217
2017-01-14,,818.4119873046875,,,93063296,,,0.0524554004007084,,-0.676229323013644,,
2017-01-15,,821.7979736328125,,,71013600,,,0.0524408344452195,,0.4137263848341455,,
2017-01-16,,831.5339965820312,,,82755200,,,0.0524633709921989,,1.1847221898321436,,
2017-01-17,2267.889892578125,907.93798828125,5538.72998046875,3586950000.0,155095008,1759440000.0,0.0046409213281235,0.0547695867562045,0.0056088781102108,9.188318458808965,-0.29675026899970147,-0.6349008628218522
2017-01-18,2271.889892578125,886.6179809570312,5555.64990234375,3317670000.0,225676992,1686260000.0,0.0046399910328258,0.0550140790764503,0.005610802776579,-2.348178796282996,0.17637540575008437,0.3054837830091861
2017-01-19,2263.68994140625,899.072998046875,5540.080078125,3168390000.0,105625000,1809900000.0,0.0046359790712194,0.0550333657807114,0.0054500604220897,1.40477831009016,-0.3609308355419394,-0.28025207657850215
2017-01-20,2271.31005859375,895.0260009765625,5555.330078125,3536850000.0,86728400,1750340000.0,0.0046351503227331,0.0546030124446002,0.0054246424424052,-0.45012997599795934,0.3366237154707852,0.2752667792693897
2017-01-21,,921.7890014648438,,,111158000,,,0.054484921718056,,2.9901925149750097,,
2017-01-22,,924.6729736328124,,,116573000,,,0.0532067271604251,,0.31286684516582675,,
2017-01-23,2265.199951171875,921.0120239257812,5552.93994140625,3155240000.0,73588600,1652370000.0,0.004062921466949,0.0529953071572808,0.0050943852325835,-0.39591832046828035,-0.2690124758069401,-0.0430242071152831
2017-01-24,2280.070068359375,892.68701171875,5600.9599609375,3816950000.0,111349000,1808560000.0,0.0042064657344619,0.0533152625789986,0.0052485757617325,-3.075422629804214,0.6564593637664151,0.8647674932189098
2017-01-25,2298.3701171875,901.5419921875,5656.33984375,3849340000.0,120831000,1964040000.0,0.0043142353027534,0.0532945312973285,0.0054430346755722,0.9919468248676511,0.8026090549617448,0.9887569844943211
2017-01-26,2296.679931640625,917.5859985351562,5655.18017578125,3611510000.0,131958000,1837020000.0,0.0043093701894371,0.0531423231522925,0.0052817702303996,1.7796183080420969,-0.07353844075136395,-0.020502091472307526
2017-01-27,2294.68994140625,919.75,5660.77978515625,3137420000.0,125594000,1669190000.0,0.0041671196140278,0.0524546271714036,0.0050628677879999,0.23583636501629535,-0.0866463892926328,0.09901734694468534
2017-01-28,,921.5900268554688,,,68979600,,,0.0524595131016154,,0.2000572824646607,,
2017-01-29,,919.4959716796876,,,60851700,,,0.0524197154855711,,-0.22722198751717881,,
2017-01-30,2280.89990234375,920.3820190429688,5613.7099609375,3595040000.0,78227296,1782380000.0,0.0040339652632299,0.0524161670702772,0.0052384610196386,0.09636228875071762,-0.6009543517695892,-0.8315077781717806
2017-01-31,2278.8701171875,970.4030151367188,5614.7900390625,4089730000.0,164582000,2047460000.0,0.00398617763003,0.0529404175179792,0.0052167027374877,5.434808053482265,-0.08899054071440649,0.01924000585202812
2017-02-01,2279.550048828125,989.0230102539062,5642.64990234375,3919190000.0,150110000,2239570000.0,0.0039682517529091,0.0528800693913743,0.0051925055758282,1.9187899075688852,0.029836348965073256,0.4961870895870968
2017-02-02,2280.85009765625,1011.7999877929688,5636.2001953125,3809760000.0,145820992,2077010000.0,0.003956292363571,0.0529008783972566,0.0051881679052391,2.302977514468041,0.05703094032936118,-0.11430280352092703
2017-02-03,2297.419921875,1029.9100341796875,5666.77001953125,3605970000.0,201278000,1792330000.0,0.0041137035402152,0.0494363085296357,0.0052033321775008,1.789884028979083,0.7264758098647794,0.5423835768675112
2017-02-04,,1042.9000244140625,,,155064000,,,0.0433074158688236,,1.2612742670015331,,
2017-02-05,,1027.3399658203125,,,114208000,,,0.0374059357457572,,-1.4919990631405144,,
2017-02-06,2292.56005859375,1038.1500244140625,5663.5498046875,3112390000.0,111762000,1736140000.0,0.0041059847578058,0.0374197038998589,0.0051742877461998,1.0522377161797936,-0.2115356985885164,-0.056826284332189836
2017-02-07,2293.080078125,1061.3499755859375,5674.22021484375,3452460000.0,146007008,1922030000.0,0.0040838935041941,0.0375563018415518,0.0050680254096836,2.2347397414905545,0.022682918569594257,0.1884049849339764
2017-02-08,2294.669921875,1063.0699462890625,5682.4501953125,3611950000.0,201855008,1947100000.0,0.0040814854243298,0.0374658466630865,0.0050607910802019,0.16205500001782447,0.0693322385540096,0.14504161201251975
2017-02-09,2307.8701171875,994.3829956054688,5715.18017578125,3681600000.0,407220000,1948120000.0,0.0041828764718104,0.0397197333989862,0.0050923274274208,-6.461188271135343,0.5752546449780516,0.5759835870756902
2017-02-10,2316.10009765625,988.6740112304688,5734.1298828125,3496600000.0,190452000,1867270000.0,0.0038565312010515,0.0264447429970134,0.0047149197354691,-0.5741232905460025,0.3566050102845164,0.3315679724595899
2017-02-11,,1004.4500122070312,,,102261000,,,0.0260257219959423,,1.5956726683781453,,
2017-02-12,,999.1810302734376,,,67530000,,,0.0259408669682805,,-0.5245638777002348,,
2017-02-13,2328.25,990.6420288085938,5763.9599609375,3352370000.0,100607000,1843480000.0,0.0039256216505179,0.0259744875748062,0.0047209240642656,-0.8546000380438623,0.5245845097992419,0.5202197845991074
2017-02-14,2337.580078125,1004.5499877929688,5782.56982421875,3528040000.0,137946000,1952370000.0,0.0038006667888088,0.026007106019727,0.0042391429045154,1.403933871158447,0.4007335176634763,0.32286593604691216
2017-02-15,2349.25,1007.47998046875,5819.43994140625,3785870000.0,89759400,2094140000.0,0.0036287965109733,0.0259977074986957,0.0041495567558196,0.29167216279784025,0.4992308919898214,0.6376078163912391
2017-02-16,2347.219970703125,1027.43994140625,5814.89990234375,3675900000.0,122277000,1945600000.0,0.0035526256365178,0.0211535017630641,0.0039998654663996,1.9811769290158265,-0.08641180363413437,-0.07801505141752374
2017-02-17,2351.159912109375,1046.2099609375,5838.580078125,3516830000.0,136474000,1879030000.0,0.0035361497687459,0.0206249221863581,0.0040176547200543,1.826872673993929,0.16785565287558146,0.40723273278884253
2017-02-18,,1054.4200439453125,,,99073504,,,0.0205687715246736,,0.7847452532812271,,
2017-02-19,,1047.8699951171875,,,77423296,,,0.02059947215421,,-0.6211991953051998,,
2017-02-20,,1079.97998046875,,,109478000,,,0.0206290222501443,,3.0643100290290715,,
2017-02-21,2365.3798828125,1115.300048828125,5865.9501953125,3587520000.0,186868992,1940110000.0,0.003622129142997,0.021198605118035,0.0039794631331554,3.270437322740438,0.6048066160828425,0.46878036819337776
2017-02-22,2362.820068359375,1117.43994140625,5860.6298828125,3473170000.0,136100000,1874710000.0,0.0035356744259899,0.0211279381962031,0.0040152269301121,0.19186698506590272,-0.10822001454080521,-0.0906982214791352
2017-02-23,2363.81005859375,1166.719970703125,5835.509765625,4021770000.0,189454000,1881490000.0,0.0035309748523747,0.0209175115540023,0.0041577103734966,4.410083036306922,0.041898672168572126,-0.42862486950711043
2017-02-24,2367.340087890625,1173.6800537109375,5845.31005859375,3832410000.0,330759008,1684650000.0,0.0035203438668345,0.0209236494606179,0.0041567775086233,0.5965512875911516,0.14933641914423035,0.16794236257611228
2017-02-25,,1143.8399658203125,,,139960992,,,0.0217735930186825,,-2.5424380176076733,,
2017-02-26,,1165.199951171875,,,116486000,,,0.021845401553275,,1.8673928162882492,,
2017-02-27,2369.75,1179.969970703125,5861.89990234375,3584680000.0,131570000,1882610000.0,0.003459713396188,0.0218326161825409,0.0040711340466267,1.2675952755057507,0.10179830611165563,0.2838146066453717
2017-02-28,2363.639892578125,1179.969970703125,5825.43994140625,4212460000.0,184956000,2303390000.0,0.0035348384050879,0.0217987687514434,0.0042875981037231,0.0,-0.25783763780462543,-0.6219819775994839
2017-03-01,2395.9599609375,1222.5,5904.02978515625,4347630000.0,229056992,2220350000.0,0.0040957751089863,0.0222996502465335,0.0045522966195048,3.604331495955959,1.3673854659866258,1.3490799757696736
2017-03-02,2381.919921875,1251.010009765625,5861.22021484375,3824030000.0,368275008,2043610000.0,0.0043309351206699,0.020916189757635,0.0048603027703643,2.3321071382924385,-0.5859880503598425,-0.7250906900932441
2017-03-03,2383.1201171875,1274.989990234375,5870.75,3556670000.0,315739008,1853600000.0,0.0042246311564973,0.0209158592453535,0.0047826763355907,1.9168496080413044,0.05038772720600271,0.1625904642196474
2017-03-04,,1255.1500244140625,,,183270000,,,0.0211855901239939,,-1.5560879671428163,,
2017-03-05,,1267.1199951171875,,,134127000,,,0.0210972017155861,,0.953668523307627,,
2017-03-06,2375.31005859375,1272.8299560546875,5849.18017578125,3251800000.0,153656992,1774040000.0,0.0043086088320987,0.021074332965493,0.0048877420524437,0.4506251151827012,-0.32772408480052917,-0.36741173135885763
2017-03-07,2368.389892578125,1223.5400390625,5833.93017578125,3526300000.0,291256000,1825510000.0,0.0043162962607017,0.0223749415904664,0.0049367524978816,-3.872466762564919,-0.29133737680216987,-0.26072029825894294
2017-03-08,2362.97998046875,1150.0,5837.5498046875,3814080000.0,332603008,1813080000.0,0.0042601738966933,0.0255427108539633,0.0047604157299622,-6.010431756597667,-0.22842151650487308,0.0620444331211889
2017-03-09,2364.8701171875,1188.489990234375,5838.81005859375,3718450000.0,212283008,1886780000.0,0.0040618648531017,0.025889769265783,0.0044870754093636,3.3469556725543415,0.07998953585612867,0.0215887478208332
2017-03-10,2372.60009765625,1116.719970703125,5861.72998046875,3434400000.0,563795968,1999440000.0,0.0040702223138645,0.0285640070969071,0.0045101232585963,-6.038756751926588,0.3268670195698986,0.3925443993723743
2017-03-11,,1175.8299560546875,,,283320000,,,0.0269126966802858,,5.2931788543501,,
2017-03-12,,1221.3800048828125,,,227176000,,,0.0274571940598522,,3.8738636138307747,,
2017-03-13,2373.469970703125,1231.9200439453125,5875.77978515625,3166650000.0,380276992,1812460000.0,0.0040560412792343,0.0274090957929805,0.0045151954982453,0.8629614878549852,0.03666328125562224,0.2396869991335926
2017-03-14,2365.449951171875,1240.0,5856.81982421875,3173760000.0,245306000,1664870000.0,0.0039218046000541,0.0273145105104246,0.004227811117858,0.6558831552744948,-0.3379027175504645,-0.3226799102545974
2017-03-15,2385.260009765625,1249.6099853515625,5900.0498046875,3909490000.0,297804992,1955400000.0,0.0041086938816873,0.0271514170682287,0.0043567273457733,0.7749988186743995,0.8374752796581397,0.7381135456820509
2017-03-16,2381.3798828125,1187.81005859375,5900.759765625,3368880000.0,638568000,1770640000.0,0.0041433668034902,0.0291362356249161,0.0043197401154183,-4.945537206188844,-0.16267102694209612,0.01203313465143463
2017-03-17,2378.25,1100.22998046875,5901.0,5179820000.0,706598976,3189970000.0,0.0041714801427186,0.0327761658990691,0.0043001993759537,-7.373239306348878,-0.13143147950017697,0.0040712447979984745
2017-03-18,,973.8179931640624,,,621302016,,,0.0397527478874371,,-11.489596679671477,,
2017-03-19,,1036.739990234375,,,406648000,,,0.0413203118105597,,6.46137137658247,,
2017-03-20,2373.469970703125,1054.22998046875,5901.52978515625,3061560000.0,286529984,1736790000.0,0.0040650906530452,0.041412643381912,0.0042440501569282,1.6870179986421707,-0.20098935338483948,0.008977887752070757
2017-03-21,2344.02001953125,1120.5400390625,5793.830078125,4278890000.0,337391008,2199920000.0,0.0047327049343968,0.0428580366464462,0.00556755118464,6.289904463186113,-1.24079729406269,-1.824945581095605
2017-03-22,2348.449951171875,1049.1400146484375,5821.64013671875,3575160000.0,380840992,1860290000.0,0.0047362117321291,0.044261487336651,0.0056128845638679,-6.371929777163454,0.18898864360001877,0.47999437710037895
2017-03-23,2345.9599609375,1038.5899658203125,5817.68994140625,3262400000.0,248540000,1746990000.0,0.0047483269358493,0.0438408352950721,0.0056185584365697,-1.005590167262882,-0.1060269661328106,-0.06785364982602182
2017-03-24,2343.97998046875,937.52001953125,5828.740234375,2978530000.0,491038016,1855040000.0,0.0046606067215375,0.0474736551101775,0.0055448963265992,-9.731457997404602,-0.08439958489141475,0.18994296842982372
2017-03-25,,972.7789916992188,,,435803008,,,0.0472648244812397,,3.7608767208616944,,
2017-03-26,,966.7249755859376,,,303668000,,,0.0472104029795266,,-0.6223423989354604,,
2017-03-27,2341.590087890625,1045.77001953125,5840.3701171875,3242300000.0,372535008,1673060000.0,0.0046324438046572,0.049527512388952,0.0055283460791153,8.17658030376247,-0.1019587452981141,0.19952652451231678
2017-03-28,2358.570068359375,1047.1500244140625,5875.14013671875,3369120000.0,326332000,1823600000.0,0.0047181584689938,0.049369528973606,0.0055513065060506,0.13196064689549036,0.7251474353500598,0.595339316406096
2017-03-29,2361.1298828125,1039.969970703125,5897.5498046875,3107670000.0,298457984,1722190000.0,0.0046719356041135,0.0492777103480946,0.0055616962491637,-0.6856757430679705,0.1085324742930105,0.3814320585936892
2017-03-30,2368.06005859375,1026.4300537109375,5914.33984375,3159680000.0,352968992,1732100000.0,0.0046163212134425,0.0492971862152285,0.0054738456866322,-1.3019526884062937,0.2935109936855751,0.2846951635602224
2017-03-31,2362.719970703125,1071.7900390625,5911.740234375,3356740000.0,447287008,1905150000.0,0.004635052281345,0.0495368628454779,0.005471365527945,4.4191988716200115,-0.22550474897145012,-0.04395434560202638
2017-04-01,,1080.5,,,289633984,,,0.0493259754526741,,0.8126555220758114,,
2017-04-02,,1102.1700439453125,,,514187008,,,0.0493407477124635,,2.005557051856788,,
2017-04-03,2358.840087890625,1143.81005859375,5894.68017578125,3418730000.0,580444032,1852990000.0,0.004638687634281,0.0498790267546285,0.0054646825916039,3.778002757122989,-0.16421255420062675,-0.28857930012808897
2017-04-04,2360.159912109375,1133.25,5898.60986328125,3208340000.0,436310016,1795260000.0,0.0045034503642644,0.0498333731551484,0.0054031015532633,-0.9232353321610876,0.05595225490382383,0.06666498237080098
2017-04-05,2352.949951171875,1124.780029296875,5864.47998046875,3780650000.0,414784000,2208600000.0,0.0045330884455728,0.0498132868387597,0.0055101007320004,-0.7474053124310598,-0.30548611983906016,-0.5786089197890143
2017-04-06,2357.489990234375,1182.6800537109375,5878.9501953125,3203250000.0,511222016,1849790000.0,0.0045478428372391,0.0503061546363504,0.0054654974230576,5.147675359266213,0.1929509405943275,0.2467433581825107
2017-04-07,2355.5400390625,1176.9000244140625,5877.81005859375,3054700000.0,317022016,1703730000.0,0.0045397396853048,0.0489872927295713,0.0054592814029664,-0.4887229879914523,-0.08271302020167459,-0.01939354273929883
2017-04-08,,1175.949951171875,,,209312000,,,0.0486095558045905,,-0.08072675864378986,,
2017-04-09,,1187.8699951171875,,,242343008,,,0.0472054602808427,,1.0136523185730661,,
2017-04-10,2357.159912109375,1187.1300048828125,5880.93017578125,2792570000.0,215883008,1633190000.0,0.0045371707690606,0.0462700018714384,0.0054368880340267,-0.062295557377223254,0.06876864837839225,0.053082987650099334
2017-04-11,2353.780029296875,1205.010009765625,5866.77001953125,3120900000.0,216182000,1830760000.0,0.0045210191943621,0.045811607206808,0.0053265772071842,1.5061539013646152,-0.1433879303282093,-0.24078089395304092
2017-04-12,2344.929931640625,1200.3699951171875,5836.16015625,3201300000.0,288702016,1666570000.0,0.0037491306208633,0.045783253089806,0.0047987030603258,-0.38506025766043006,-0.3759951034546627,-0.5217498415541422
2017-04-13,2328.949951171875,1169.280029296875,5805.14990234375,3146380000.0,351968992,1587150000.0,0.0037985094834117,0.0459911749260686,0.0047146118181805,-2.590031902395007,-0.6814694227374907,-0.5313468629376206
2017-04-14,,1167.5400390625,,,254827008,,,0.0459550733320906,,-0.1488086848982828,,
2017-04-15,,1172.52001953125,,,203559008,,,0.0450432769216586,,0.42653616168477626,,
2017-04-16,,1182.93994140625,,,183231008,,,0.0427020160887526,,0.8886775237463063,,
2017-04-17,2349.010009765625,1193.9100341796875,5856.7900390625,2826890000.0,253206000,1383550000.0,0.0041591801444177,0.0356518206197668,0.0049940795872997,0.9273583881525216,0.8613348940219367,0.8895573342197594
2017-04-18,2342.18994140625,1211.6700439453125,5849.47021484375,3272210000.0,270524000,1610230000.0,0.004151023529279,0.0341052792397647,0.0049531877459593,1.4875500881293524,-0.29033798625895946,-0.12498013707047395
2017-04-19,2338.169921875,1210.2900390625,5863.02978515625,3521160000.0,288060992,1754240000.0,0.0041323468974491,0.0340529270260651,0.0049452473771532,-0.11389279529591123,-0.17163507793208632,0.23180851965176608
2017-04-20,2355.840087890625,1229.0799560546875,5916.77978515625,3648990000.0,315108000,1751490000.0,0.0043622924417011,0.032427692277457,0.0052089849179016,1.5525135616866192,0.7557263417987681,0.9167615033456311
2017-04-21,2348.68994140625,1222.050048828125,5910.52001953125,3524160000.0,272167008,1736420000.0,0.0043911854248331,0.0297705177318573,0.0052161463405961,-0.5719650045492797,-0.30350729326357184,-0.10579683294457132
2017-04-22,,1231.7099609375,,,249320000,,,0.0296348037057517,,0.790467797831873,,
2017-04-23,,1207.2099609375,,,258951008,,,0.0221506596772722,,-1.9891046412705893,,
2017-04-24,2374.14990234375,1250.1500244140625,5983.81982421875,3711170000.0,235806000,1842880000.0,0.0047934802784472,0.0220661618805815,0.0056213988287961,3.556967293677382,1.084006896297951,1.2401583015586137
2017-04-25,2388.610107421875,1265.489990234375,6025.490234375,4005820000.0,242556000,1898120000.0,0.0049191743957178,0.0219015117430685,0.0057292235449224,1.2270499956597014,0.6090687476747014,0.6963847739464679
2017-04-26,2387.449951171875,1281.0799560546875,6025.22998046875,4111350000.0,329631008,1899570000.0,0.0048743541139099,0.0175458709344152,0.0056804696250428,1.231931184017121,-0.04857034835427099,-0.004319215468395754
2017-04-27,2388.77001953125,1317.72998046875,6048.93994140625,4099940000.0,449196992,1883610000.0,0.004633302092191,0.0179403924453089,0.0055807294121589,2.8608693970150645,0.05529198041311911,0.39351130188154393
2017-04-28,2384.199951171875,1316.47998046875,6047.60986328125,3721350000.0,527488992,2005870000.0,0.0046371780729289,0.0178067966720675,0.0055825683132672,-0.09486010173004322,-0.1913147068160148,-0.02198861516040651
2017-04-29,,1321.7900390625,,,422705984,,,0.0173809278816252,,0.4033527795735514,,
2017-04-30,,1347.8900146484375,,,413115008,,,0.01624580357444,,1.9745931513033055,,
2017-05-01,2388.330078125,1421.5999755859375,6091.60009765625,3201500000.0,713624000,1763100000.0,0.0046398407480566,0.0182560974114335,0.0057016991267333,5.46854417915732,0.17322905115801923,0.7273986809581023
2017-05-02,2391.169921875,1452.8199462890625,6095.3701171875,3861360000.0,477337984,2162610000.0,0.0046254026650627,0.0182969936441278,0.0056994140372582,2.1961150280870756,0.11890499458222514,0.06188882183353339
2017-05-03,2388.1298828125,1490.0899658203125,6072.5498046875,3896760000.0,583795968,2152850000.0,0.0039671884001483,0.017798547406172,0.004464766891527,2.5653570923533042,-0.12713605313821041,-0.37438764277253345
2017-05-04,2389.52001953125,1537.6700439453125,6075.33984375,4367860000.0,933548992,2059820000.0,0.0039599685843831,0.0179230441624708,0.0044268278038957,3.1931010352657774,0.058210264389502164,0.04594509970665683
2017-05-05,2399.2900390625,1555.449951171875,6100.759765625,3543240000.0,946035968,1903040000.0,0.0039976713093478,0.0176099054100746,0.0044361024484443,1.1562888473097388,0.40886954080285864,0.4184115214748152
2017-05-06,,1578.800048828125,,,582529984,,,0.0159922871431571,,1.501179619354387,,
2017-05-07,,1596.7099609375,,,1080029952,,,0.0157565124754191,,1.1344002758720828,,
2017-05-08,2399.3798828125,1723.3499755859375,6102.66015625,3429990000.0,1340320000,1912030000.0,0.0039887818524587,0.0197026170868319,0.0044416804881534,7.931309865072889,0.003744597299082386,0.031150064877283334
2017-05-09,2396.919921875,1755.3599853515625,6120.58984375,3657840000.0,1167920000,2005820000.0,0.0039888701086731,0.0197224978782879,0.0044483705817027,1.8574294379609002,-0.10252486299153762,0.29380117917328086
2017-05-10,2399.6298828125,1787.1300048828125,6129.14013671875,3649370000.0,915723008,2111850000.0,0.0037999315934015,0.0195703843688798,0.0043710027641929,1.8098862795306925,0.11306013658478609,0.13969720544959596
2017-05-11,2394.43994140625,1848.5699462890625,6115.9599609375,3727710000.0,799489984,1952650000.0,0.0038311041355438,0.0199136741906202,0.0043937148822483,3.4379111334029044,-0.2162809124616749,-0.21504118827843088
2017-05-12,2390.89990234375,1724.239990234375,6121.22998046875,3304620000.0,740984000,1749010000.0,0.0038178952693792,0.0249586112343975,0.0043832362769155,-6.725737173444557,-0.14784413679722608,0.08616831314969264
2017-05-13,,1804.9100341796875,,,579635008,,,0.0246051322482642,,4.678585603060226,,
2017-05-14,,1808.9100341796875,,,437196000,,,0.02453148659791,,0.22161769419259958,,
2017-05-15,2402.320068359375,1738.4300537109375,6149.669921875,3490080000.0,731529024,1865450000.0,0.0038693549813299,0.0264138451657366,0.0044177221618505,-3.896267870541803,0.47765136484509974,0.4646115486102387
2017-05-16,2400.669921875,1734.449951171875,6169.8701171875,3421810000.0,959044992,2006980000.0,0.0038545372455249,0.0265540155480113,0.0043584116172156,-0.22894809777168623,-0.06868970151433507,0.32847609008486156
2017-05-17,2357.030029296875,1839.0899658203125,6011.240234375,4164760000.0,1064729984,2355460000.0,0.0051773718715127,0.0278261928395912,0.0066600550680095,6.033037423636123,-1.8178214414433458,-2.5710408776775107
2017-05-18,2365.719970703125,1888.6500244140625,6055.1298828125,4319440000.0,894321024,2134610000.0,0.0051882303629372,0.0279151545050399,0.0066524321336127,2.694814256769873,0.3686818283279214,0.7301263420902648
2017-05-19,2381.72998046875,1987.7099609375,6083.7001953125,3831700000.0,1157289984,1908030000.0,0.0053171091447086,0.0285107343725411,0.006681225869232,5.245012852721076,0.6767499942466504,0.4718364932368546
2017-05-20,,2084.72998046875,,,961336000,,,0.0290691333300906,,4.8809947848473145,,
2017-05-21,,2041.199951171875,,,1147859968,,,0.0296247607781337,,-2.0880416027349136,,
2017-05-22,2394.02001953125,2173.39990234375,6133.6201171875,3176580000.0,1942220032,1728190000.0,0.0053833050693415,0.030709978145155,0.0067971653813489,6.476580165308032,0.5160131149745784,0.8205519712076503
2017-05-23,2398.419921875,2320.419921875,6138.7099609375,3216560000.0,1378749952,1709140000.0,0.0053884720372504,0.0309326496352565,0.0067960361226122,6.764517628472633,0.1837871992654172,0.08298270275555186
2017-05-24,2404.389892578125,2443.639892578125,6163.02001953125,3389240000.0,1725379968,1672380000.0,0.0053855051733736,0.0313284814722008,0.0067712846768805,5.310244475213688,0.2489126548973042,0.39601249689986684
2017-05-25,2415.070068359375,2304.97998046875,6205.259765625,3538210000.0,2406700032,1775750000.0,0.005358493461704,0.0345988800222251,0.0067068824415944,-5.674318565944015,0.444194837709877,0.685374150333562
2017-05-26,2415.820068359375,2202.419921875,6210.18994140625,2806930000.0,1763480064,1573200000.0,0.005153769416478,0.0365941355796958,0.0065665188814525,-4.449498887747083,0.031054999597146526,0.07945156153754684
2017-05-27,,2038.8699951171875,,,1700480000,,,0.0404411698079168,,-7.4259193323395145,,
2017-05-28,,2155.800048828125,,,1147139968,,,0.0410132637564876,,5.73504215526095,,
2017-05-29,,2255.610107421875,,,994625024,,,0.041272960893572,,4.6298384049117125,,
2017-05-30,2412.909912109375,2175.469970703125,6203.18994140625,3205860000.0,1443970048,1690930000.0,0.0049788102784392,0.0424299247580857,0.0064723937103802,-3.552925058061074,-0.12046245861250249,-0.11271796943483903
2017-05-31,2411.800048828125,2286.409912109375,6198.52001953125,4518040000.0,1544829952,2212130000.0,0.0049342101931092,0.0423284361500707,0.0064646352934356,5.099585050599131,-0.0459968801852062,-0.07528258717064418
2017-06-01,2430.06005859375,2407.8798828125,6246.830078125,3860620000.0,1653180032,1946000000.0,0.0050482059506951,0.0428248320454847,0.0065517173222461,5.312694371196991,0.7571112611303388,0.7793805366688611
2017-06-02,2439.070068359375,2488.550048828125,6305.7998046875,3465500000.0,1317030016,1825450000.0,0.0049319814777676,0.0428994936777144,0.0065618527899183,3.3502570701906764,0.37077313104922904,0.9439944071633732
2017-06-03,,2515.35009765625,,,1514950016,,,0.0428274565048871,,1.0769342911445712,,
2017-06-04,,2511.81005859375,,,1355120000,,,0.0429431084483861,,-0.1407374291872321,,
2017-06-05,2436.10009765625,2686.81005859375,6295.68017578125,2916720000.0,1369309952,1742160000.0,0.004889564709598,0.0439536910247947,0.0065717605785188,6.967087316227039,-0.1217665183814387,-0.16048129055298288
2017-06-06,2429.330078125,2863.199951171875,6275.06005859375,3376750000.0,2089609984,1893110000.0,0.0045928618128988,0.0447200188590522,0.0063486746728007,6.565030230326219,-0.27790399654609166,-0.3275280289304239
2017-06-07,2433.139892578125,2732.159912109375,6297.3798828125,3576220000.0,1517709952,1827220000.0,0.0044857822040043,0.0449733522473262,0.0062798701673611,-4.576698843853599,0.15682572275503848,0.3556910055096951
2017-06-08,2433.7900390625,2805.6201171875,6321.759765625,3735980000.0,1281170048,2134350000.0,0.0044815108540711,0.0450167809436994,0.0062878911086898,2.688722748347838,0.026720472849017796,0.38714327650837266
2017-06-09,2431.77001953125,2823.81005859375,6207.919921875,4029860000.0,1348950016,3154590000.0,0.0044895547611113,0.0450452560116953,0.0072299115225487,0.6483394275232257,-0.08299892344156845,-1.8007619392469199
2017-06-10,,2947.7099609375,,,2018889984,,,0.04520568903667,,4.3876854240490815,,
2017-06-11,,2958.110107421875,,,1752400000,,,0.0423344162059823,,0.3528212280786036,,
2017-06-12,2429.389892578125,2659.6298828125,6175.4599609375,4031840000.0,2569530112,2588860000.0,0.0044747436309839,0.0476691662328099,0.0073135642535769,-10.090233756359856,-0.09787631782646189,-0.5228798268341106
2017-06-13,2440.35009765625,2717.02001953125,6220.3701171875,3278240000.0,1781200000,2063930000.0,0.0045266231589079,0.0476489496964511,0.0073135143212141,2.1578241803352327,0.4511505177332342,0.727235809706106
2017-06-14,2437.919921875,2506.3701171875,6194.89013671875,3558640000.0,1696560000,1949040000.0,0.0045363620348979,0.0497685098111144,0.0073659183016434,-7.752975717127475,-0.09958307964025304,-0.40962161396709273
2017-06-15,2432.4599609375,2464.580078125,6165.5,3371980000.0,2026259968,1870010000.0,0.0045539226883673,0.0499844311828056,0.0073883477924818,-1.6673530687237204,-0.22395981461527104,-0.4744254711564144
2017-06-16,2433.14990234375,2518.56005859375,6151.759765625,5299380000.0,1195190016,3133000000.0,0.0045543187773491,0.0492396615829932,0.0074052468288346,2.1902303336727824,0.028363936810049672,-0.22285677357878342
2017-06-17,,2655.8798828125,,,1534509952,,,0.0497733733053117,,5.452314855474327,,
2017-06-18,,2548.2900390625,,,1178659968,,,0.05008878350903,,-4.051005636447136,,
2017-06-19,2453.4599609375,2589.60009765625,6239.009765625,3271480000.0,1446840064,1989290000.0,0.0047279804716801,0.049561847185185,0.0077896242945253,1.621089356412031,0.8347228657875183,1.4182933554645283
2017-06-20,2437.030029296875,2721.7900390625,6188.02978515625,3422700000.0,1854189952,2580440000.0,0.0049198432665513,0.0498535636993454,0.0079593675155257,5.104646911540134,-0.66966373620162,-0.8171165358585197
2017-06-21,2435.610107421875,2689.10009765625,6233.9501953125,3599190000.0,1626579968,2408800000.0,0.0049157102392168,0.0489661203120872,0.0080482543491522,-1.2010456698382854,-0.05826443900691647,0.7420845042860558
2017-06-22,2434.5,2705.409912109375,6236.68994140625,3477250000.0,1097939968,2177430000.0,0.0049176042373596,0.0477097944973097,0.0080469348521806,0.6065157064008231,-0.045578207221763645,0.04394879663636164
2017-06-23,2438.300048828125,2744.909912109375,6265.25,5282460000.0,961318976,4164310000.0,0.0048954654410372,0.0469329853092559,0.008061790298215,1.4600375278880584,0.15609155178168965,0.4579361626451117
2017-06-24,,2608.719970703125,,,982750016,,,0.0466074396224462,,-4.9615450330605775,,
2017-06-25,,2589.409912109375,,,1161100032,,,0.0457188773975777,,-0.7402120124278988,,
2017-06-26,2439.070068359375,2478.449951171875,6247.14990234375,3243660000.0,1663280000,2155460000.0,0.0048800530255734,0.044015447169827,0.0080899604848746,-4.285144674027697,0.0315801794623205,-0.28889665466261816
2017-06-27,2419.3798828125,2552.449951171875,6146.6201171875,3564770000.0,1489789952,2189250000.0,0.0050692454086092,0.0432550150388418,0.0086173196308307,2.985737112222542,-0.8072824886133589,-1.6092103875806507
2017-06-28,2440.68994140625,2574.7900390625,6234.41015625,3479980000.0,1183869952,2077390000.0,0.0052986989345911,0.0426102810411188,0.0089832223537846,0.8752409770216296,0.8808066374833778,1.4282652480347213
2017-06-29,2419.699951171875,2539.320068359375,6144.35009765625,3869560000.0,949979008,2410510000.0,0.004308825559693,0.0420688292852308,0.0080111369044965,-1.3775869164089127,-0.8600023246820632,-1.4445642223822053
2017-06-30,2423.409912109375,2480.840087890625,6140.419921875,3366030000.0,860273024,2011720000.0,0.004278340717143,0.0415094415335155,0.0079179563995385,-2.302977919066862,0.15332318107057485,-0.06396405997030064
2017-07-01,,2434.550048828125,,,779913984,,,0.0406249640334221,,-1.8659017680522472,,
2017-07-02,,2506.469970703125,,,803747008,,,0.0405246729004174,,2.954136100410776,,
2017-07-03,2429.010009765625,2564.06005859375,6110.06005859375,1901480000.0,964112000,1091030000.0,0.0041403328399055,0.0406905815303553,0.0079360247342597,2.2976572057023192,0.2310833849555216,-0.49442649961274343
2017-07-04,,2601.639892578125,,,985516032,,,0.0407671285239612,,1.465637821486343,,
2017-07-05,2432.5400390625,2601.989990234375,6150.85986328125,3368150000.0,941566016,1874040000.0,0.0040562156842789,0.0388043372009936,0.0078878021923934,0.013456806887401918,0.1453279024245635,0.6677480138696179
2017-07-06,2409.75,2608.56005859375,6089.4599609375,3368710000.0,761956992,1993290000.0,0.0044338779938,0.0368482077286786,0.0080993139799812,0.25250167694854664,-0.9368823820586791,-0.9982328277431396
2017-07-07,2425.179931640625,2518.659912109375,6153.080078125,2929390000.0,917411968,1712490000.0,0.0045597457898998,0.0364264710856022,0.0082979960393133,-3.4463514147663243,0.6403125486305727,1.0447579521929429
2017-07-08,,2571.340087890625,,,733329984,,,0.0362802900028533,,2.0915954364450373,,
2017-07-09,,2518.43994140625,,,527856000,,,0.036378622976975,,-2.057298711030131,,
2017-07-10,2427.429931640625,2372.56005859375,6176.39013671875,3009880000.0,1111200000,1681270000.0,0.0044943093788656,0.0366537314301138,0.0082291554917317,-5.792470188153198,0.09277662125786179,0.3788356123727521
2017-07-11,2425.530029296875,2337.7900390625,6193.2998046875,3108800000.0,1329760000,1812560000.0,0.0044975649351411,0.0366206997413742,0.0082444817932804,-1.4655064012102925,-0.07826806116978391,0.27377914274264725
2017-07-12,2443.25,2398.840087890625,6261.169921875,3176900000.0,1117410048,1827740000.0,0.0046737637123207,0.0320203390937417,0.0084813219507696,2.6114427646636518,0.7305607635895495,1.0958635836768593
2017-07-13,2447.830078125,2357.89990234375,6274.43994140625,3068510000.0,835769984,1806160000.0,0.0046780814800116,0.0317639076508513,0.0084851030596608,-1.7066658904668741,0.18745843139260643,0.2119415332410668
2017-07-14,2459.27001953125,2233.340087890625,6312.47021484375,2738460000.0,882502976,1615440000.0,0.0045564231837127,0.0298957745373878,0.0084393428618613,-5.282659129393608,0.46735030786992926,0.606114231591115
2017-07-15,,1998.8599853515625,,,993608000,,,0.0356810407701996,,-10.499077315203142,,
2017-07-16,,1929.8199462890625,,,1182870016,,,0.0356158485164434,,-3.453970741745427,,
2017-07-17,2459.139892578125,2228.409912109375,6314.43017578125,2800580000.0,1201760000,1563390000.0,0.004513946092174,0.0439437511120838,0.0082646950223948,15.47242613977975,-0.005291283677333336,0.03104903264163905
2017-07-18,2460.610107421875,2318.8798828125,6344.31005859375,2974090000.0,1512450048,1773220000.0,0.004505422674297,0.0441798951046076,0.0083017361239339,4.05984420601897,0.05978573436131729,0.47319998765846805
2017-07-19,2473.830078125,2273.429931640625,6385.0400390625,3063810000.0,1245100032,1867470000.0,0.0045561246362994,0.044127062063006,0.008347509269717,-1.9599959234089415,0.5372639356088893,0.6419922748507334
2017-07-20,2473.449951171875,2817.60009765625,6390.0,3223820000.0,2249260032,1850000000.0,0.0045544275697219,0.0588881793157219,0.0083288020776997,23.93608698654388,-0.015365928181010347,0.07768096843803196
2017-07-21,2472.5400390625,2667.760009765625,6387.75,3066880000.0,1489449984,1807110000.0,0.0045572517868574,0.0597248603030822,0.0083053879097531,-5.3180040707432426,-0.036787164783502746,-0.03521126760563931
2017-07-22,,2810.1201171875,,,1177129984,,,0.0604765420406767,,5.336316119169271,,
2017-07-23,,2730.39990234375,,,1072840000,,,0.0606659087610073,,-2.836897054903753,,
2017-07-24,2469.909912109375,2754.860107421875,6410.81005859375,3019920000.0,866473984,1748140000.0,0.0045598533554622,0.0599200667298807,0.0075482309771879,0.8958469804049018,-0.10637348279797232,0.3610044005126989
2017-07-25,2477.1298828125,2576.47998046875,6412.169921875,4116360000.0,1460089984,1930840000.0,0.0045712215537309,0.0612080456042171,0.0074560148843222,-6.475106538896503,0.2923171678338221,0.02121203512226444
2017-07-26,2477.830078125,2529.449951171875,6422.75,3597830000.0,937404032,1996680000.0,0.0045131361621706,0.060758015647432,0.0073704378956763,-1.8253597797534105,0.02826639480466575,0.1649999649713907
2017-07-27,2475.419921875,2671.780029296875,6382.18994140625,4035740000.0,789104000,2501400000.0,0.0045128718671857,0.0613441519686978,0.0074353712408372,5.626918139220716,-0.09726882691745153,-0.631506108656732
2017-07-28,2472.10009765625,2809.010009765625,6374.68017578125,3302850000.0,1380099968,1877100000.0,0.0044969158732832,0.0619732279701209,0.0073683770005809,5.136275403063939,-0.1341115577770502,-0.11766753565697341
2017-07-29,,2726.449951171875,,,803745984,,,0.0621903098372533,,-2.9391158560036046,,
2017-07-30,,2757.179931640625,,,705942976,,,0.0620180483381033,,1.127105981004406,,
2017-07-31,2470.300048828125,2875.340087890625,6348.1201171875,3475930000.0,860574976,1898830000.0,0.0045026886233189,0.0622552380075015,0.007407241241348,4.285543895558908,-0.07281456077897763,-0.41664927276912067
2017-08-01,2476.35009765625,2718.260009765625,6362.93994140625,3470260000.0,1324669952,1821780000.0,0.0042734767708755,0.0630839471626026,0.0069932483367281,-5.463008664141544,0.24491149692504877,0.2334521708029058
2017-08-02,2477.570068359375,2710.669921875,6362.64990234375,3487150000.0,1094950016,2115870000.0,0.004062072728761,0.0629767316275888,0.006792558529661,-0.27922597041331043,0.04926487188865458,-0.004558255541786682
2017-08-03,2472.159912109375,2804.72998046875,6340.33984375,3662410000.0,804796992,2124100000.0,0.0040879528403854,0.0632135445749852,0.0067260945402485,3.469993075685429,-0.2183654185644257,-0.35064098977899416
2017-08-04,2476.830078125,2895.889892578125,6351.56005859375,3239980000.0,1002120000,1908930000.0,0.0040915123564169,0.0634394168238355,0.0067296189169968,3.250220618176569,0.18891035295691694,0.1769655116327984
2017-08-05,,3252.909912109375,,,1945699968,,,0.0666899792791187,,12.328508084725742,,
2017-08-06,,3213.93994140625,,,1105030016,,,0.0663163463629046,,-1.1980033802367007,,
2017-08-07,2480.909912109375,3378.93994140625,6383.77001953125,2935130000.0,1482279936,1704010000.0,0.004092257724382,0.0667237938649947,0.0067401372228167,5.133885604838184,0.1647199789928111,0.5071188911127456
2017-08-08,2474.919921875,3419.93994140625,6370.4599609375,3347480000.0,1752760064,1931490000.0,0.0041285470843242,0.0664854440037627,0.0067272255927537,1.2133983057105446,-0.24144327873969473,-0.20849840381197415
2017-08-09,2474.02001953125,3342.469970703125,6352.330078125,3310960000.0,1468960000,2037810000.0,0.0038020186709613,0.0654846015511175,0.0059710826477256,-2.2652436016542987,-0.036360867105078576,-0.2845929952259185
2017-08-10,2438.2099609375,3381.280029296875,6216.8701171875,3635820000.0,1515110016,2214990000.0,0.0044391470873827,0.0652976952116964,0.0067806098128621,1.1611191404536703,-1.4474441722801767,-2.132445248775283
2017-08-11,2441.320068359375,3650.6201171875,6256.56005859375,3161830000.0,2021190016,1799780000.0,0.004135194360571,0.0663121598514111,0.0063011735549918,7.965625016471445,0.12755699762128092,0.6384232042506488
2017-08-12,,3884.7099609375,,,2219589888,,,0.0666065422799719,,6.412330952976464,,
2017-08-13,,4073.260009765625,,,3159089920,,,0.0654503409497787,,4.853645464502643,,
2017-08-14,2465.840087890625,4325.1298828125,6340.22998046875,2824320000.0,2463089920,1702570000.0,0.0044952712998107,0.0609419212648837,0.0067062636613535,6.183496080363593,1.0043754544535322,1.337315091542579
2017-08-15,2464.610107421875,4181.93017578125,6333.009765625,2922430000.0,3258050048,1582560000.0,0.0044872358124972,0.060891482603318,0.0066237347272576,-3.3108764571511906,-0.04988078808476626,-0.11387938396544284
2017-08-16,2468.110107421875,4376.6298828125,6345.10986328125,2956570000.0,2272039936,1809070000.0,0.0044869936447519,0.0568265519013737,0.0065450227736607,4.655737873358379,0.14201029158569245,0.1910639349070431
2017-08-17,2430.010009765625,4331.68994140625,6221.91015625,3164950000.0,2553359872,2052940000.0,0.0050581950560792,0.0570368243907972,0.0072940110424311,-1.0268161258673913,-1.543695216095864,-1.94164813038461
2017-08-18,2425.550048828125,4160.6201171875,6216.52978515625,3426970000.0,2941710080,1968470000.0,0.0049373534084848,0.0576596667173595,0.0070650343956175,-3.9492629096904763,-0.18353673110713675,-0.0864745867206973
2017-08-19,,4193.7001953125,,,2975820032,,,0.0444620418497423,,0.7950756664456327,,
2017-08-20,,4087.659912109375,,,2109769984,,,0.0432319673479377,,-2.5285613721660716,,
2017-08-21,2428.3701171875,4001.739990234375,6213.1298828125,2803650000.0,2800890112,1582990000.0,0.0049390502882289,0.0430934043373065,0.0070365161659478,-2.101934204958411,0.1162651069903653,-0.054691322349464944
2017-08-22,2452.510009765625,4100.52001953125,6297.47998046875,2780990000.0,3764239872,1599760000.0,0.0052541970321847,0.0424562489686557,0.0074327445382091,2.4684269727151875,0.994077978775465,1.3576104032460234
2017-08-23,2444.0400390625,4151.52001953125,6278.41015625,2796950000.0,2369819904,1535320000.0,0.0051315469143986,0.042447935875925,0.0071956828060916,1.243744689870585,-0.34535927149730306,-0.30281675015869647
2017-08-24,2438.969970703125,4334.68017578125,6271.330078125,2849680000.0,2037750016,1618660000.0,0.0051327900335593,0.0399226888245857,0.0071885738229928,4.411881802046103,-0.20744620703185834,-0.11276864602342007
2017-08-25,2443.050048828125,4371.60009765625,6265.64013671875,2593350000.0,1727970048,1445590000.0,0.0050652738667923,0.0393902582259138,0.0070979843609856,0.8517334700095969,0.16728693563305974,-0.09072942000130091
2017-08-26,,4352.39990234375,,,1511609984,,,0.0389780945687084,,-0.43920292075192435,,
2017-08-27,,4382.8798828125,,,1537459968,,,0.0384796896369968,,0.7003028479147133,,
2017-08-28,2444.239990234375,4382.66015625,6283.02001953125,2682920000.0,1959330048,1565110000.0,0.00506684882529,0.0376632739630769,0.0071188335248802,-0.00501329190794042,0.048707205438569545,0.2773839932275646
2017-08-29,2446.300048828125,4579.02001953125,6301.89013671875,2739460000.0,2486080000,1639810000.0,0.0050683788649024,0.0379949146573092,0.0070849315463721,4.48038077972408,0.0842821736810162,0.30033514343168477
2017-08-30,2457.590087890625,4565.2998046875,6368.31005859375,2637780000.0,1937849984,1717060000.0,0.0050417027424643,0.0378591500563694,0.0072538578308471,-0.2996321218345477,0.46151489339618657,1.053968260855509
2017-08-31,2471.64990234375,4703.39013671875,6428.66015625,3353860000.0,1944930048,1889500000.0,0.0051564898932089,0.0354292534817683,0.0074586482329589,3.0247812397657503,0.5720976220730423,0.9476626781827369
2017-09-01,2476.550048828125,4892.009765625,6435.330078125,2712780000.0,2599079936,1489120000.0,0.0051689046891705,0.0353998686210912,0.0074594072748605,4.0102909480912885,0.19825406825328962,0.10375290827149275
2017-09-02,,4578.77001953125,,,2722139904,,,0.0385820334785387,,-6.403089141293461,,
2017-09-03,,4582.9599609375,,,1933190016,,,0.0385645257673469,,0.09150801172317369,,
2017-09-04,,4236.31005859375,,,2987330048,,,0.0373697538278199,,-7.563886774014906,,
2017-09-05,2457.85009765625,4376.52978515625,6375.56982421875,3502190000.0,2697969920,1889620000.0,0.005351165187225,0.0373988577420388,0.0076305193911762,3.309949569863302,-0.7550806889900619,-0.9286276411739514
2017-09-06,2465.5400390625,4597.1201171875,6393.31005859375,3400200000.0,2172100096,1902720000.0,0.0053553645042,0.0373665402533399,0.007649474980823,5.040302313934197,0.3128726773688584,0.2782533148270261
2017-09-07,2465.10009765625,4599.8798828125,6397.8701171875,3365780000.0,1844620032,2000910000.0,0.0053547229175546,0.0374060821943475,0.0076440127531868,0.06003248892021418,-0.017843612323464875,0.07132547228207997
2017-09-08,2461.429931640625,4228.75,6360.18994140625,3308360000.0,2700890112,1786070000.0,0.0053582203737357,0.0407742733389752,0.0076324168596489,-8.06825161237863,-0.1488850703918465,-0.5889487453023534
2017-09-09,,4226.06005859375,,,1386230016,,,0.0407967532212699,,-0.06361079293526473,,
2017-09-10,,4122.93994140625,,,1679090048,,,0.0390258370449917,,-2.4401006080782994,,
2017-09-11,2488.110107421875,4161.27001953125,6432.259765625,3293460000.0,1557330048,1819310000.0,0.0057136114250957,0.037474639934108,0.0079059916070838,0.9296783040678047,1.083929931877714,1.1331394955606422
2017-09-12,2496.47998046875,4130.81005859375,6454.27978515625,3234280000.0,1864530048,1747620000.0,0.0057389998497359,0.0365234262950346,0.0078792840135358,-0.7319871287980284,0.33639480109453057,0.34233722414209744
2017-09-13,2498.3701171875,3882.590087890625,6460.18994140625,3371370000.0,2219409920,1944630000.0,0.0057260110396623,0.0364567030754152,0.0078724971032822,-6.008990178251539,0.07571207193879381,0.09156957006406508
2017-09-14,2495.6201171875,3154.949951171875,6429.080078125,3422470000.0,2716310016,1817840000.0,0.0057315075798967,0.0519349666504756,0.0079322206466082,-18.74110117851947,-0.11007176162897148,-0.4815626717389998
2017-09-15,2500.22998046875,3637.52001953125,6448.47021484375,4862970000.0,4148069888,2827910000.0,0.0057198669274181,0.0581061347235346,0.0079121864432601,15.295648927176453,0.18471814878802117,0.3016004853435339
2017-09-16,,3625.0400390625,,,1818400000,,,0.0581027523440776,,-0.3430903583139133,,
2017-09-17,,3582.8798828125,,,1239149952,,,0.0577531882377212,,-1.1630259471810844,,
2017-09-18,2503.8701171875,4065.199951171875,6454.64013671875,3204700000.0,1943209984,1881900000.0,0.0057164715771159,0.0625129387360608,0.0079093130615953,13.461798445242934,0.14559207541648966,0.09568039658145455
2017-09-19,2506.64990234375,3924.969970703125,6461.31982421875,3253760000.0,1563980032,1816080000.0,0.0057131558202544,0.0626654642902551,0.0078639761640325,-3.4495223396902253,0.11101954279371107,0.1034865981451194
2017-09-20,2508.239990234375,3905.949951171875,6456.0400390625,3584570000.0,1213830016,2083580000.0,0.0056894115336728,0.0625574449144757,0.007853524828006,-0.4845901923637541,0.06343478158390425,-0.08171372567660207
2017-09-21,2500.60009765625,3631.0400390625,6422.68994140625,2965590000.0,1411480064,1779600000.0,0.005723638981159,0.063720310283225,0.0078986024213301,-7.038234374377883,-0.30459176984141134,-0.5165720388111583
2017-09-22,2502.219970703125,3630.699951171875,6426.919921875,2877980000.0,1194829952,1648690000.0,0.0049803048247334,0.0636502164586656,0.0067269404275646,-0.009366128904286786,0.06477937229520947,0.0658599513185365
2017-09-23,,3792.39990234375,,,928113984,,,0.0636605890974559,,4.453685331933954,,
2017-09-24,,3682.840087890625,,,768014976,,,0.0637696544722731,,-2.8889309480631398,,
2017-09-25,2496.659912109375,3926.070068359375,6370.58984375,3314530000.0,1374210048,2061150000.0,0.0050112300643148,0.0650270143585099,0.0068863443794026,6.604413296914613,-0.22220502828884658,-0.8764708259904053
2017-09-26,2496.840087890625,3892.35009765625,6380.16015625,3070770000.0,1043740032,1935990000.0,0.0046975314995551,0.0650032386116539,0.0064609316927698,-0.858873380148717,0.0072166729788047945,0.15022647407427758
2017-09-27,2507.0400390625,4200.669921875,6453.259765625,3485070000.0,1686880000,2068400000.0,0.004740870624393,0.0666328073463567,0.0067685109658911,7.92117400755914,0.4085143947080816,1.1457331412502603
2017-09-28,2510.06005859375,4174.72998046875,6453.4501953125,3173030000.0,1712320000,1882790000.0,0.0047397026024137,0.0660852444158854,0.0067649341061849,-0.6175191550082948,0.1204615596159142,0.0029509068969257868
2017-09-29,2519.360107421875,4163.06982421875,6495.9599609375,3220260000.0,1367049984,1970720000.0,0.0036630967646747,0.0660852634476779,0.0056734224550897,-0.2793032436720799,0.37051100814438076,0.6587137784975328
2017-09-30,,4338.7099609375,,,1207449984,,,0.0663160491971595,,4.2190053046182285,,
2017-10-01,,4403.740234375,,,1208210048,,,0.0659311558480797,,1.4988389180881967,,
2017-10-02,2529.1201171875,4409.31982421875,6516.72021484375,3226370000.0,1431730048,1984400000.0,0.0036478178053495,0.0648617913132721,0.0056649963957669,0.12670115735247123,0.3874003457017716,0.31958715926649894
2017-10-03,2534.580078125,4317.47998046875,6531.7099609375,3073480000.0,1288019968,1972760000.0,0.0036501570129879,0.064960310723038,0.0056520967587765,-2.082857388696502,0.21588381272976687,0.23001978908971932
2017-10-04,2537.739990234375,4229.35986328125,6534.6298828125,3020770000.0,1116770048,1941470000.0,0.0032814761281332,0.0634450758086294,0.0051948153963839,-2.041008124788868,0.12467201713795006,0.04470378955070409
2017-10-05,2552.070068359375,4328.41015625,6585.35986328125,3059730000.0,1161769984,1888970000.0,0.0032618757755377,0.0633013025010436,0.0052614651865809,2.3419689071315863,0.5646787369921524,0.7763252300207579
2017-10-06,2549.330078125,4370.81005859375,6590.18017578125,2898270000.0,1069939968,1752170000.0,0.0032295662281556,0.0626431243154991,0.0052392271575212,0.9795721942507329,-0.10736344069645076,0.07319740454696522
2017-10-07,,4426.89013671875,,,906928000,,,0.0626976357586368,,1.2830591440306849,,
2017-10-08,,4610.47998046875,,,1313869952,,,0.0611310580888225,,4.147151568709995,,
2017-10-09,2544.72998046875,4772.02001953125,6579.72998046875,2486940000.0,1968739968,1494160000.0,0.0032842236616264,0.0613962937167709,0.0052521276989501,3.5037575208400673,-0.18044339160793177,-0.1585722246396859
2017-10-10,2550.639892578125,4781.990234375,6587.25,2962610000.0,1597139968,1802480000.0,0.003284484361325,0.0611580198416016,0.0052483557297785,0.20893070026830607,0.2322412261707374,0.11429070119248763
2017-10-11,2555.239990234375,4826.47998046875,6603.5498046875,2991320000.0,1222279936,1837860000.0,0.0032833343732304,0.0611580362814444,0.0052443073550824,0.9303604548152045,0.18035072962026,0.24744475596796267
2017-10-12,2550.929931640625,5446.91015625,6591.509765625,3157280000.0,2791610112,2020330000.0,0.0032760075267002,0.0646535823422445,0.0049976034535163,12.854713544693785,-0.16867529508860502,-0.18232676997382846
2017-10-13,2553.169921875,5647.2099609375,6605.7998046875,3150470000.0,3615480064,1761700000.0,0.00316598579498,0.0633972259912349,0.0047523494219693,3.6773106025563607,0.08781073155288421,0.21679462779564673
2017-10-14,,5831.7900390625,,,1669030016,,,0.0479298638041011,,3.26851807178703,,
2017-10-15,,5678.18994140625,,,1976039936,,,0.0427687901344121,,-2.633841352782007,,
2017-10-16,2557.639892578125,5725.58984375,6624.0,2918030000.0,2008070016,1632240000.0,0.0031640018162986,0.0426492382409761,0.0047642709929742,0.8347713414463831,0.17507533144689447,0.2755184209425332
2017-10-17,2559.360107421875,5605.509765625,6623.66015625,2901890000.0,1821570048,1653160000.0,0.002712209990137,0.0428906220350105,0.0043567881781434,-2.097252534707461,0.06725789853143649,-0.005130491394922387
2017-10-18,2561.260009765625,5590.68994140625,6624.22021484375,2999320000.0,2399269888,1738060000.0,0.0026932588988989,0.0374617934717943,0.0043524355638825,-0.2643795986161823,0.07423349056041584,0.008455424652509258
2017-10-19,2562.10009765625,5708.52001953125,6605.06982421875,3019520000.0,1780540032,1847020000.0,0.0026854458241923,0.0364870069823189,0.0044152609623224,2.1076124657229967,0.032799789456050554,-0.28909652764995686
2017-10-20,2575.2099609375,6011.4501953125,6629.0498046875,3394450000.0,2354429952,1812220000.0,0.0027199821644724,0.0370174432928069,0.0042357416105833,5.306632450176196,0.5116842738986938,0.3630541554734634
2017-10-21,,6031.60009765625,,,2207099904,,,0.0332363940312719,,0.3351920366813088,,
2017-10-22,,6008.419921875,,,2034630016,,,0.0333096918026543,,-0.384312212446869,,
2017-10-23,2564.97998046875,5930.31982421875,6586.830078125,3214470000.0,2401840128,1813080000.0,0.0022846667615418,0.0333449797422803,0.0040365168848978,-1.2998441965067942,-0.3972484039719171,-0.6368895664752072
2017-10-24,2569.1298828125,5526.64013671875,6598.43017578125,3435660000.0,2735699968,1852610000.0,0.0022448290078727,0.0359723585275933,0.0040105903898435,-6.807047502757236,0.1617908278173541,0.17611047375845068
2017-10-25,2557.14990234375,5750.7998046875,6563.89013671875,3885470000.0,1966989952,2205790000.0,0.0024692179815827,0.0350625483903647,0.0041563304691356,4.05598451180933,-0.4663049754275228,-0.5234584309048995
2017-10-26,2560.39990234375,5904.830078125,6556.77001953125,3891750000.0,1905040000,2125640000.0,0.0024449134024578,0.0349103543427534,0.0040446370112105,2.6784148060926993,0.1270946219078306,-0.10847404571368013
2017-10-27,2581.070068359375,5780.89990234375,6701.259765625,3896100000.0,1710130048,2414520000.0,0.0027713614897262,0.0334111484644243,0.0055834677672662,-2.098793261475229,0.8073022498049642,2.2036726263594097
2017-10-28,,5753.08984375,,,1403920000,,,0.0333882358861431,,-0.4810679835932641,,
2017-10-29,,6153.85009765625,,,2859040000,,,0.0348355531176911,,6.966000267519279,,
2017-10-30,2572.830078125,6130.52978515625,6698.9599609375,3660230000.0,1772150016,2015920000.0,0.0028767142111769,0.0345445435679562,0.0055911158025625,-0.37895483526454443,-0.3192470570786421,-0.034318990278470185
2017-10-31,2575.260009765625,6468.39990234375,6727.669921875,3844420000.0,2311379968,2054220000.0,0.0028764682553048,0.0353892293349826,0.0056183042901769,5.51127111404921,0.09444586571358826,0.42857340699020696
2017-11-01,2579.360107421875,6767.31005859375,6716.52978515625,3841200000.0,2870320128,2074230000.0,0.0028787202887544,0.0358006841081135,0.0056315341975748,4.621083432731066,0.15921101716727115,-0.1655868502485225
2017-11-02,2579.85009765625,7078.5,6714.93994140625,4050140000.0,4653770240,2282300000.0,0.0027833473705276,0.0355822885448289,0.0055057856135919,4.598428898807039,0.018996581088659426,-0.023670612665394053
2017-11-03,2587.840087890625,7207.759765625,6764.43994140625,3568710000.0,3369860096,2203880000.0,0.0028071475671788,0.0348855496426428,0.0056056654842379,1.826089787737506,0.30970753849743904,0.7371622148810042
2017-11-04,,7379.9501953125,,,2483800064,,,0.0348880910888316,,2.3889590564422525,,
2017-11-05,,7407.41015625,,,2380410112,,,0.0349533591544579,,0.37208870264384686,,
2017-11-06,2591.1298828125,7022.759765625,6786.43994140625,3541970000.0,3111899904,2173120000.0,0.0027350934096226,0.0372732527385965,0.0052468902974289,-5.192778346429916,0.12712512404724485,0.32523017708139257
2017-11-07,2590.639892578125,7144.3798828125,6767.77978515625,3815190000.0,2326340096,2209280000.0,0.002739346584518,0.0369700304109105,0.0053208307550027,1.731799481206897,-0.018910292286977715,-0.27496237218793684
2017-11-08,2594.3798828125,7459.68994140625,6789.1201171875,3898450000.0,4602200064,2121340000.0,0.0026866360091504,0.0371659332769889,0.0050216946944249,4.413399955849262,0.1443655000098465,0.31532249435857196
2017-11-09,2584.6201171875,7143.580078125,6750.0498046875,3844100000.0,3226249984,2243500000.0,0.0028321242707487,0.0386011868099741,0.0051965291143987,-4.237573756606549,-0.3761887644002093,-0.5754841838942926
2017-11-10,2582.300048828125,6618.14013671875,6750.93994140625,3489740000.0,5208249856,1979120000.0,0.0028039476361756,0.0419400575909512,0.0051122504499704,-7.355414731266851,-0.0897643852551755,0.013187113347390422
2017-11-11,,6357.60009765625,,,4908680192,,,0.0373816659164958,,-3.936756153242693,,
2017-11-12,,5950.06982421875,,,8957349888,,,0.0390908227700508,,-6.410127519466624,,
2017-11-13,2584.840087890625,6559.490234375,6757.60009765625,3405200000.0,6263249920,1976460000.0,0.0027448025167181,0.0425151154974732,0.0050997168078265,10.24223964020905,0.09836343625724275,0.09865524368171119
2017-11-14,2578.8701171875,6635.75,6737.8701171875,3643580000.0,3197110016,1988230000.0,0.0027854735906458,0.0421373221530169,0.0051501689132643,1.1625867697059977,-0.23096092988857952,-0.2919672692024644
2017-11-15,2564.6201171875,7315.5400390625,6706.2099609375,3586590000.0,4200880128,1923730000.0,0.0029968954776467,0.0453878631791129,0.0052554842944472,10.244358799871911,-0.5525675723266343,-0.4698837421819535
2017-11-16,2585.639892578125,7871.68994140625,6793.2900390625,3329730000.0,5123809792,2020380000.0,0.0031807062680959,0.0465426831440552,0.0055640655080928,7.602308228430132,0.8196058063241196,1.2984991318826244
2017-11-17,2578.85009765625,7708.990234375,6782.7900390625,3309800000.0,4651670016,2009220000.0,0.0032186100881895,0.0468494839779157,0.005583881654202,-2.0668967939835303,-0.26259630899742037,-0.154564282396652
2017-11-18,,7790.14990234375,,,3667190016,,,0.0468102692397957,,1.052792460507379,,
2017-11-19,,8036.490234375,,,3149319936,,,0.0463319531894452,,3.1622027190662427,,
2017-11-20,2582.139892578125,8200.6396484375,6790.7099609375,3023940000.0,3488450048,1811750000.0,0.003195397444769,0.0463548565123809,0.0055631601446283,2.04255103005504,0.12756828808564435,0.11676495703669687
2017-11-21,2599.030029296875,8071.259765625,6862.47998046875,3351230000.0,4277609984,1891960000.0,0.0033659508654845,0.0465330652766862,0.0058253169399556,-1.5776803805438666,0.6541139295859866,1.0568853616793605
2017-11-22,2597.080078125,8253.5498046875,6867.35986328125,2764110000.0,3633530112,1589150000.0,0.0033674738713449,0.0463804990039466,0.0058226481239669,2.258507895370454,-0.07502611166068096,0.07110961090435186
2017-11-23,,8038.77001953125,,,4225179904,,,0.0443618221612818,,-2.6022716314653915,,
2017-11-24,2602.419921875,8253.6904296875,6889.16015625,1385890000.0,5058610176,872110000.0,0.0033513081741893,0.0441450045037112,0.0058014103404711,2.6735484363164197,0.20560951489239088,0.31744794801438214
2017-11-25,,8790.919921875,,,4342060032,,,0.0450537824814773,,6.508961012823455,,
2017-11-26,,9330.5498046875,,,5475579904,,,0.0453354847413179,,6.138491620992981,,
2017-11-27,2601.419921875,9818.349609375,6878.52001953125,3017720000.0,5653320192,1781550000.0,0.0033564776460658,0.0455969740642033,0.005825633896121,5.227985648203037,-0.03842577408796899,-0.1544475157700731
2017-11-28,2627.0400390625,10058.7998046875,6912.35986328125,3493340000.0,6348819968,2003840000.0,0.0037485154073107,0.0446517046641675,0.0058567561313017,2.4489879142509663,0.984851271879017,0.4919640221139554
2017-11-29,2626.070068359375,9888.6103515625,6824.39013671875,4090630000.0,11568799744,2456990000.0,0.0037554420565614,0.0449233018152852,0.0064047559213987,-1.6919459222728528,-0.0369225702197995,-1.272643906024029
2017-11-30,2647.580078125,10233.599609375,6873.97021484375,4965700000.0,8310689792,2468530000.0,0.0039846207968038,0.0445000335055499,0.0065021336826236,3.4887536827456156,0.8190950433802913,0.7265129503401857
2017-12-01,2642.219970703125,10975.599609375,6847.58984375,3950930000.0,6783119872,2302140000.0,0.0040234509592947,0.0452984729299396,0.006525206170117,7.250625667631683,-0.2024530803113933,-0.38377197266267205
2017-12-02,,11074.599609375,,,5138500096,,,0.0449837957675224,,0.9020008338809893,,
2017-12-03,,11323.2001953125,,,6608309760,,,0.0450000228276524,,2.244781705038368,,
2017-12-04,2639.43994140625,11657.2001953125,6775.3701171875,4025840000.0,6132409856,2427170000.0,0.003964892355992,0.0450468382488752,0.0068519061509616,2.949696148075409,-0.10521566439205543,-1.054673661980754
2017-12-05,2629.570068359375,11916.7001953125,6762.2099609375,3547570000.0,6895260160,2085760000.0,0.0039553391056908,0.0450092989483847,0.0067398428313349,2.226091991663215,-0.3739381560474708,-0.19423523766791684
2017-12-06,2629.27001953125,14291.5,6776.3798828125,3253080000.0,12656300032,1901770000.0,0.0039560768598796,0.052403413655786,0.0067416266475816,19.928333899191664,-0.011410565998426492,0.20954572479787714
2017-12-07,2636.97998046875,17899.69921875,6812.83984375,3297060000.0,17950699520,1953740000.0,0.0038369360479388,0.0639853830931315,0.0066868356372133,25.24716942763181,0.29323579853828274,0.5380448199189036
2017-12-08,2651.5,16569.400390625,6840.080078125,3126750000.0,21135998976,1825640000.0,0.003922682744128,0.0668807882774469,0.006690161172535,-7.43196191102199,0.5506306319651655,0.39983670539371907
2017-12-09,,15178.2001953125,,,13911300096,,,0.0689403803260357,,-8.396201205323306,,
2017-12-10,,15455.400390625,,,13433299968,,,0.0662481260325217,,1.826304777546084,,
2017-12-11,2659.989990234375,16936.80078125,6875.080078125,3141480000.0,12153900032,1836780000.0,0.0037246242665332,0.0659194527239451,0.005529541707808,9.585001702858452,0.3201957471006933,0.5116899159109511
2017-12-12,2664.110107421875,17415.400390625,6862.31982421875,3568910000.0,14603799552,1872810000.0,0.0036398383787938,0.063234799051942,0.0055477287977197,2.8257970059188287,0.1548922064604108,-0.1856015313458026
2017-12-13,2662.85009765625,16408.19921875,6875.7998046875,3568360000.0,12976900096,1931090000.0,0.0036519414463712,0.0644407170541318,0.0055137510410845,-5.783393716386753,-0.04729570906678582,0.19643474530546268
2017-12-14,2652.010009765625,16564.0,6856.52978515625,3442760000.0,13777399808,1990090000.0,0.0037712323555321,0.0644633018678545,0.0055348327483357,0.9495300439305021,-0.4070859227173984,-0.28025858923514946
2017-12-15,2675.81005859375,17706.900390625,6936.580078125,5736910000.0,14309999616,3529590000.0,0.0040406903002652,0.0635981601569894,0.0058783861103226,6.899905763251635,0.8974343513216354,1.167504488087423
2017-12-16,,19497.400390625,,,12740599808,,,0.0642813790898678,,10.111877067699492,,
2017-12-17,,19140.80078125,,,13314599936,,,0.0642163293786576,,-1.828959770177696,,
2017-12-18,2690.159912109375,19114.19921875,6994.759765625,3727770000.0,14839499776,2150580000.0,0.0040973888082686,0.0643790536019262,0.0059181519587272,-0.13897831550526707,0.5362807225250732,0.8387373438313528
2017-12-19,2681.469970703125,17776.69921875,6963.85009765625,3407680000.0,16894499840,2084190000.0,0.0041799825496833,0.0670393368769247,0.0059883545835212,-6.99741582000456,-0.32302694598687065,-0.4418974919003227
2017-12-20,2679.25,16624.599609375,6960.9599609375,3246230000.0,22149699584,1888140000.0,0.0041886224168774,0.0691768444834197,0.0059548221378348,-6.480953495347553,-0.08278931807477186,-0.04150199499157736
2017-12-21,2684.570068359375,15802.900390625,6965.35986328125,3293130000.0,16516599808,1827410000.0,0.0041912188065752,0.0701458505185093,0.0059403221348708,-4.942670729264509,0.19856558213586784,0.06320826967027848
2017-12-22,2683.340087890625,13831.7998046875,6959.9599609375,2401030000.0,22197999616,1541880000.0,0.0041001265574369,0.0756816262265517,0.0058169177444996,-12.473030502089644,-0.04581666477052604,-0.07752510207285068
2017-12-23,,14699.2001953125,,,13086000128,,,0.075624545357437,,6.271059463505568,,
2017-12-24,,13925.7998046875,,,11572299776,,,0.0768112128551137,,-5.261513418067699,,
2017-12-25,,14026.599609375,,,10664699904,,,0.0763427008226073,,0.7238349401918809,,
2017-12-26,2680.5,16099.7998046875,6936.25,1970660000.0,13454300160,1301000000.0,0.0041031372417014,0.0791832012881402,0.0058713332000502,14.780490304484273,-0.10584151831672939,-0.3406623180387758
2017-12-27,2682.6201171875,15838.5,6939.33984375,2202900000.0,12487600128,1411010000.0,0.0041037099541032,0.0791762747371508,0.0058718981867373,-1.6230003345223065,0.07909409391904099,0.04454631465129477
2017-12-28,2687.5400390625,14606.5,6950.16015625,2174890000.0,12336499712,1319870000.0,0.0040494845626916,0.0811030836168782,0.0058285123885493,-7.778514379518264,0.18339987251561052,0.15592711617582466
2017-12-29,2673.610107421875,14656.2001953125,6903.39013671875,2447760000.0,13025500160,1575290000.0,0.0040296411179545,0.0809323187651658,0.0059092764306521,0.34026081068359026,-0.5183153157965359,-0.6729344141687355
2017-12-30,,12952.2001953125,,,14452599808,,,0.0845601989672438,,-11.626478741365665,,
2017-12-31,,14156.400390625,,,12136299520,,,0.0851078950534247,,9.297263608914186,,
2018-01-01,,13657.2001953125,,,10291200000,,,0.0854924335999425,,-3.526321533283927,,
2018-01-02,2695.81005859375,14982.099609375,7006.89990234375,3397430000.0,16846600192,1929700000.0,0.0040358535615019,0.0868790051894971,0.0060565100842304,9.70110560814097,0.8303361477520088,1.4994048369718627
2018-01-03,2713.06005859375,15201.0,7065.52978515625,3544030000.0,16871900160,2173130000.0,0.0040614414849259,0.0868055724576409,0.0061788112327001,1.4610795304552893,0.6398818768781567,0.8367449746625955
2018-01-04,2723.989990234375,15599.2001953125,7077.91015625,3697340000.0,21783199744,2103220000.0,0.0040826190152132,0.0868284996159128,0.006179097192552,2.6195657872015055,0.40286360805039667,0.17522212021183758
2018-01-05,2743.14990234375,17429.5,7136.56005859375,3239280000.0,23840899072,2024000000.0,0.0041031228273335,0.082842833882669,0.0060767991797652,11.733292616101544,0.7033767443369587,0.8286330434974509
2018-01-06,,17527.0,,,18314600448,,,0.0718418601791369,,0.5593964256002781,,
2018-01-07,,16477.599609375,,,15866000384,,,0.0713268530993846,,-5.987336056512804,,
2018-01-08,2747.7099609375,15170.099609375,7157.39013671875,3246160000.0,18413899776,2055010000.0,0.0040749790135247,0.071119980029316,0.0060826806069381,-7.935014996092593,0.16623439316436617,0.2918784113631334
2018-01-09,2751.2900390625,14595.400390625,7163.580078125,3467460000.0,16659999744,2155810000.0,0.0040761799092151,0.0713752095076873,0.0060738341294044,-3.788368129071751,0.13029315960912946,0.08648321927422487
2018-01-10,2748.22998046875,14973.2998046875,7153.56982421875,3579900000.0,18500800512,2132430000.0,0.0040921151586801,0.0693857210510337,0.0060715116498573,2.5891678470515656,-0.11122268282528491,-0.13973814485326308
2018-01-11,2767.56005859375,13405.7998046875,7211.77978515625,3645690000.0,16534099968,2015170000.0,0.0039332934364431,0.0717496666376052,0.0061642259562917,-10.468634305373904,0.7033646478779465,0.81371905730796
2018-01-12,2786.239990234375,13980.599609375,7261.06005859375,3587220000.0,12065699840,1986600000.0,0.0040147927117708,0.0716634374826949,0.005620076912507,4.287694975770973,0.6749602987881076,0.683330258349435
2018-01-13,,14360.2001953125,,,12763599872,,,0.0718564768652662,,2.715195317395036,,
2018-01-14,,13772.0,,,11084099584,,,0.0708589161006569,,-4.096044534981502,,
2018-01-15,,13819.7998046875,,,12750799872,,,0.0681019681633594,,0.3470796157965417,,
2018-01-16,2776.419921875,11490.5,7223.68994140625,4362880000.0,18853799936,2399790000.0,0.0039607447297865,0.0750853589422839,0.0056822147749172,-16.85480135462911,-0.3524487622672101,-0.5146647581198649
2018-01-17,2802.56005859375,11188.599609375,7298.27978515625,3790340000.0,18830600192,2245910000.0,0.0041448401644628,0.0750456839815204,0.0057945723235432,-2.627391241677912,0.9415051560751175,1.0325726097745402
2018-01-18,2798.030029296875,11474.900390625,7296.0498046875,3703300000.0,15020399616,2037410000.0,0.0041602737057821,0.0747115988431899,0.005298400472576,2.558861620270214,-0.16163897301626484,-0.030554877784838563
2018-01-19,2810.300048828125,11607.400390625,7336.3798828125,3724230000.0,10740400128,2005470000.0,0.0040396580050783,0.074185233724006,0.005259035452298,1.154694119247024,0.43852351128388367,0.552765937796762
2018-01-20,,12899.2001953125,,,11801700352,,,0.0768099554196377,,11.129105236439107,,
2018-01-21,,11600.099609375,,,9935179776,,,0.0754195256593415,,-10.071171594108497,,
2018-01-22,2832.969970703125,10931.400390625,7408.02978515625,3489480000.0,10537400320,2118310000.0,0.0041500390462711,0.0749458167073768,0.0054099970626187,-5.764598936801968,0.8066726499347698,0.9766383896178787
2018-01-23,2839.1298828125,10868.400390625,7460.2900390625,3541140000.0,9660609536,2135840000.0,0.0041495658199384,0.0744813707079892,0.0054438201539081,-0.5763214020962026,0.21743654797181655,0.7054541547735882
2018-01-24,2837.5400390625,11359.400390625,7415.06005859375,4079270000.0,9940989952,2287320000.0,0.0041443186382839,0.0750500068059068,0.0056874143878182,4.517684133384825,-0.05599757022828333,-0.6062764347220195
2018-01-25,2839.25,11259.400390625,7411.16015625,3873100000.0,8873169920,2081380000.0,0.004151167153828,0.0698860864482614,0.0056979090806794,-0.8803281560753051,0.060262090189389106,-0.05259434600574098
2018-01-26,2872.8701171875,11171.400390625,7505.77001953125,3474680000.0,9746199552,2080700000.0,0.0045027703426698,0.0698847139526706,0.0059281143233341,-0.7815691506385392,1.1841196508761032,1.2765864086942358
2018-01-27,,11440.7001953125,,,7583269888,,,0.0689115501714451,,2.4106181433931617,,
2018-01-28,,11786.2998046875,,,8350360064,,,0.0692311468314162,,3.020790716258781,,
2018-01-29,2853.530029296875,11296.400390625,7466.509765625,3587420000.0,7107359744,2114420000.0,0.0047837867711648,0.0660409783650622,0.0061141908170976,-4.156515803778071,-0.6731974332887192,-0.5230676373521703
2018-01-30,2822.429931640625,10106.2998046875,7402.47998046875,4012070000.0,8637859840,2183420000.0,0.0052432137236087,0.0663866974772843,0.0063820737287816,-10.535219581320588,-1.0898815620283941,-0.8575597858458073
2018-01-31,2823.81005859375,10221.099609375,7411.47998046875,4276270000.0,8041160192,2428990000.0,0.005086671634324,0.066341198673595,0.0061515879851224,1.1359232053877344,0.048898537308339485,0.12158087591922495
2018-02-01,2821.97998046875,9170.5400390625,7385.85986328125,3977380000.0,9959400448,2311180000.0,0.0050599521910704,0.0658085295019404,0.0061227540319806,-10.27834196380305,-0.06480882520516484,-0.345681527239039
2018-02-02,2762.1298828125,8830.75,7240.9501953125,4340220000.0,12726899712,2607160000.0,0.0065352038261713,0.0656547943854804,0.0072113112645319,-3.7052347802326024,-2.120854792396809,-1.9619877800439611
2018-02-03,,9174.91015625,,,7263790080,,,0.065978583022421,,3.897292486481896,,
2018-02-04,,8277.009765625,,,7073549824,,,0.0630941107591222,,-9.786476110758924,,
2018-02-05,2648.93994140625,6955.27001953125,6967.52978515625,5310840000.0,9285289984,3143210000.0,0.0101940372933978,0.0684041474109731,0.0102389503067365,-15.968807377551098,-4.097922480422822,-3.776029426818206
2018-02-06,2695.139892578125,7754.0,7115.8798828125,5917350000.0,13999800320,3148270000.0,0.0106875088515023,0.0726907724462304,0.0109363478322301,11.483809805022926,1.7440920592313836,2.1291634514759794
2018-02-07,2681.659912109375,7621.2998046875,7051.97998046875,4646300000.0,9169280000,2380020000.0,0.0107284599184457,0.0718815664215303,0.0110777196248104,-1.7113772931712679,-0.5001588416939429,-0.8979901768450649
2018-02-08,2581.0,8265.58984375,6777.16015625,5333840000.0,9346750464,2730740000.0,0.0128020039245545,0.0742676429934177,0.0132807922386478,8.453807822469184,-3.753641975808808,-3.897059052633367
2018-02-09,2619.550048828125,8736.98046875,6874.490234375,5690110000.0,6784820224,3165330000.0,0.0131317585581946,0.0750818522763416,0.0135610264847123,5.703048831493129,1.4936090208494734,1.4361484143950776
2018-02-10,,8621.900390625,,,7780960256,,,0.0730158997325837,,-1.3171607575021227,,
2018-02-11,,8129.97021484375,,,6122189824,,,0.0726338953446922,,-5.705588715872301,,
2018-02-12,2656.0,8926.5703125,6981.9599609375,4069220000.0,6256439808,2250650000.0,0.0133941185196161,0.0750348210892417,0.0138633551523233,9.798315081177211,1.3914584754042503,1.5633119387545413
2018-02-13,2662.93994140625,8598.3095703125,7013.509765625,3503540000.0,5696719872,1830320000.0,0.0133733997528452,0.0749870190569639,0.0138223566361892,-3.6773444973354663,0.26129297463290957,0.4518760471846628
2018-02-14,2698.6298828125,9494.6298828125,7143.6201171875,4011940000.0,7909819904,2217630000.0,0.0135136628708962,0.0778126486041116,0.0139617081791442,10.424378247495735,1.3402458257245842,1.855138951972446
2018-02-15,2731.199951171875,10166.400390625,7256.43017578125,3696140000.0,9062540288,2124060000.0,0.0136429215077353,0.0720128378338011,0.0141637821940582,7.075267978887334,1.2069112762299383,1.5791721388197733
2018-02-16,2732.219970703125,10233.900390625,7239.47021484375,3646920000.0,7296159744,2037710000.0,0.0136241437070573,0.0719096659145357,0.0141748834098,0.6639518158486624,0.03734693722488025,-0.2337232017212143
2018-02-17,,11112.7001953125,,,8660880384,,,0.0734232877523167,,8.58714440383399,,
2018-02-18,,10551.7998046875,,,8744009728,,,0.0739571814734623,,-5.047381651325356,,
2018-02-19,,11225.2998046875,,,7652089856,,,0.0721523020507502,,6.382797366007709,,
2018-02-20,2716.260009765625,11403.7001953125,7234.31005859375,3646920000.0,9926540288,1921870000.0,0.0136016786822542,0.0696264440170282,0.0141056508585472,1.589270609507487,-0.5841389459353419,-0.07127809213746117
2018-02-21,2701.330078125,10690.400390625,7218.22998046875,3789040000.0,9405339648,1956120000.0,0.0136285179170288,0.0697847298270061,0.0141059417864159,-6.2549855965233325,-0.5496503128179286,-0.22227521345865586
2018-02-22,2703.9599609375,10005.0,7210.08984375,3720620000.0,8040079872,1927580000.0,0.0136270939269541,0.0708014870941274,0.0141077971398346,-6.411363144322124,0.09735510790762625,-0.11277192249036228
2018-02-23,2747.300048828125,10301.099609375,7337.39013671875,3200360000.0,7739500032,1887540000.0,0.0139542088869453,0.0705105726195094,0.0144510642062799,2.959516335582202,1.602837635051313,1.7655853911321184
2018-02-24,,9813.0703125,,,6917929984,,,0.0709897233914678,,-4.7376427311783935,,
2018-02-25,,9664.73046875,,,5706939904,,,0.0710142330668201,,-1.511655771599263,,
2018-02-26,2779.60009765625,10366.7001953125,7421.4599609375,3436590000.0,7287690240,1876560000.0,0.0140611316315505,0.0721521605537501,0.0145203233685147,7.263210586495439,1.1757015343810906,1.1457728518214694
2018-02-27,2744.280029296875,10725.599609375,7330.35009765625,3752070000.0,6966179840,2162250000.0,0.0141968786015004,0.0722238455741432,0.0146745556952125,3.462041028492213,-1.2706888443829278,-1.2276541780296912
2018-02-28,2713.830078125,10397.900390625,7273.009765625,4244570000.0,6936189952,2384940000.0,0.0143206691914082,0.0720393132756986,0.01471738849008,-3.0552997565149287,-1.1095788639207016,-0.7822318343237544
2018-03-01,2677.669921875,10951.0,7180.56005859375,4514490000.0,7317279744,2499010000.0,0.0143689605199101,0.0696808334812351,0.0147768451566458,5.319339372337972,-1.3324399541987275,-1.271134097305937
2018-03-02,2691.25,11086.400390625,7257.8701171875,3891250000.0,7620590080,2291480000.0,0.0144190041077324,0.0696853057255741,0.0149190761039801,1.2364203326180156,0.5071602744632031,1.0766577810490618
2018-03-03,,11489.7001953125,,,6690570240,,,0.0666603961638078,,3.6377885560451295,,
2018-03-04,,11512.599609375,,,6084149760,,,0.0661224046915495,,0.19930384320943073,,
2018-03-05,2720.93994140625,11573.2998046875,7330.7099609375,3733640000.0,6468539904,2076870000.0,0.0145581029092577,0.0658906250152627,0.0150000185023239,0.5272501204946822,1.1032026532745043,1.0035980607796535
2018-03-06,2728.1201171875,10779.900390625,7372.009765625,3389030000.0,6832169984,2132920000.0,0.0144747154689122,0.064276592269561,0.0149266563369516,-6.855429544313296,0.2638858606169414,0.5633806944698394
2018-03-07,2726.800048828125,9965.5703125,7396.64990234375,3406690000.0,8797910016,2198610000.0,0.0144611346756412,0.0568507646188566,0.0148804535407397,-7.554152159264859,-0.0483874720566102,0.3342390677999907
2018-03-08,2738.969970703125,9395.009765625,7427.9501953125,3206040000.0,7186089984,2277740000.0,0.0144994400675503,0.0552328740859536,0.0148609711632904,-5.72531755818666,0.4463078207817217,0.42316850712147414
2018-03-09,2786.570068359375,9337.5498046875,7560.81005859375,3376870000.0,8704190464,2310050000.0,0.0148825850753376,0.0551057201528059,0.0152059465477173,-0.6116008644050375,1.737883151892694,1.7886477397908829
2018-03-10,,8866.0,,,5386319872,,,0.0542576677237313,,-5.050037906633486,,
2018-03-11,,9578.6298828125,,,6296370176,,,0.0551348367592784,,8.03778347408639,,
2018-03-12,2783.02001953125,9205.1201171875,7588.31982421875,3216960000.0,6457399808,2314480000.0,0.0146973367319798,0.0556159920988731,0.0150482175660946,-3.8994070153520632,-0.1273985129042532,0.3638468022845176
2018-03-13,2765.31005859375,9194.849609375,7511.009765625,3324290000.0,5991139840,2459220000.0,0.0146925365756279,0.0544213155936316,0.0151397939787053,-0.1115738597840088,-0.6363576551088879,-1.018803376565769
2018-03-14,2749.47998046875,8269.8095703125,7496.81005859375,3394630000.0,6438230016,2112950000.0,0.0146017611785329,0.0553061256496879,0.015054411827143,-10.060415105858134,-0.5724521948562322,-0.18905190479496792
2018-03-15,2747.330078125,8300.8603515625,7481.740234375,3543710000.0,6834429952,2008290000.0,0.014599517545229,0.0549193482507883,0.0150600794860792,0.37547153880626016,-0.0781930531963182,-0.2010164870253739
2018-03-16,2752.010009765625,8338.349609375,7481.990234375,5429140000.0,5289379840,3089970000.0,0.01460730339019,0.0515733655620015,0.0150433595159518,0.45163099033997955,0.1703447167811456,0.003341468591111507
2018-03-17,,7916.8798828125,,,4426149888,,,0.0503877346160088,,-5.054594090041897,,
2018-03-18,,8223.6796875,,,6639190016,,,0.051031182249998,,3.8752615832098325,,
2018-03-19,2712.919921875,8630.650390625,7344.240234375,3327460000.0,6729110016,2352810000.0,0.0143156510393258,0.0493166546243952,0.0149877442696794,4.948766471821564,-1.4204195388793028,-1.8410876743346405
2018-03-20,2716.93994140625,8913.4697265625,7364.2998046875,3272590000.0,6361789952,1976000000.0,0.0120114156649116,0.049154849370023,0.0130577177241259,3.276917997335538,0.14818054520648882,0.27313336263987686
2018-03-21,2711.929931640625,8929.2802734375,7345.2900390625,3434780000.0,6043129856,1999230000.0,0.0116093322186272,0.0475061099603037,0.0125617272886682,0.1773781407242936,-0.18439898833508828,-0.25813405387026256
2018-03-22,2643.68994140625,8728.4697265625,7166.68017578125,3765460000.0,5530390016,2370970000.0,0.0124946418931703,0.0473722750143522,0.0132945578583432,-2.2488995834565095,-2.5162888405856454,-2.4316243787705694
2018-03-23,2588.260009765625,8879.6201171875,6992.669921875,3829380000.0,5954120192,2455760000.0,0.0110158735365037,0.046400402454307,0.0119275417362638,1.7316940467241304,-2.096688071186603,-2.4280454776577365
2018-03-24,,8668.1201171875,,,5664600064,,,0.0451395675547766,,-2.3818586517076135,,
2018-03-25,,8495.7802734375,,,4569880064,,,0.0447563267025562,,-1.9882032253830673,,
2018-03-26,2658.550048828125,8209.400390625,7220.5400390625,3538080000.0,5921039872,2341370000.0,0.0117595040404058,0.0443679976225507,0.0130026115683924,-3.3708485106174635,2.715725576151251,3.25869974892794
2018-03-27,2612.6201171875,7833.0400390625,7008.81005859375,3761320000.0,5378250240,2347480000.0,0.0119211307648299,0.0449700447704475,0.0139308839333565,-4.584504758621555,-1.7276308813847896,-2.93232887461754
2018-03-28,2605.0,7954.47998046875,6949.22998046875,3875720000.0,4935289856,2551950000.0,0.0119133632385889,0.0427909005403184,0.0139928995409629,1.5503551724572073,-0.291665716625622,-0.8500740871404622
2018-03-29,2640.8701171875,7165.7001953125,7063.4501953125,3572360000.0,6361229824,2593390000.0,0.0119282693810762,0.0453963106557398,0.0139020215970704,-9.916170347942321,1.3769718690019195,1.6436384342549237
2018-03-30,,6890.52001953125,,,6289509888,,,0.0455289761395461,,-3.840241264367461,,
2018-03-31,,6973.52978515625,,,4553269760,,,0.0441099803048228,,1.2046952245941878,,
2018-04-01,,6844.22998046875,,,4532100096,,,0.0438097068466469,,-1.854151465198095,,
2018-04-02,2581.8798828125,7083.7998046875,6870.1201171875,3635780000.0,4333440000,2402670000.0,0.0123216572104791,0.0437562172349107,0.0144244585364727,3.5003181497758717,-2.2337423560165104,-2.7370487903107033
2018-04-03,2614.449951171875,7456.10986328125,6941.27978515625,3395840000.0,5499700224,2330900000.0,0.0125952122391779,0.0453530388290913,0.0145926059069113,5.2557958843978625,1.2614865848792123,1.0357849172203615
2018-04-04,2644.68994140625,6853.83984375,7042.10986328125,3369230000.0,4936000000,2261580000.0,0.0127839025032987,0.0469254007942654,0.0148761094107393,-8.077536819799569,1.156648273982852,1.4526150975879393
2018-04-05,2662.840087890625,6811.47021484375,7076.5498046875,3230430000.0,5639320064,2153030000.0,0.012828736144102,0.0458545422126149,0.0149107462210839,-0.6181881962836755,0.6862863657553842,0.48905714444793524
2018-04-06,2604.469970703125,6636.31982421875,6915.10986328125,3312390000.0,3766810112,2359780000.0,0.0134203092310021,0.0443342721678658,0.0154627667290529,-2.5714036045156208,-2.1920248779842444,-2.281336892440333
2018-04-07,,6911.08984375,,,3976610048,,,0.0445427898053286,,4.1403974915207975,,
2018-04-08,,7023.52001953125,,,3652499968,,,0.0447983569316605,,1.6268081926749334,,
2018-04-09,2613.159912109375,6770.72998046875,6950.33984375,3076140000.0,4894060032,2089220000.0,0.0130576946769824,0.0443879583772114,0.0151014937612134,-3.599192973886778,0.33365488963206236,0.5094637853234829
2018-04-10,2656.8701171875,6834.759765625,7094.2998046875,3579130000.0,4272750080,2252020000.0,0.0132596261875545,0.0414712044472423,0.0154632409330231,0.9456851084145068,1.67269537832615,2.0712650629156615
2018-04-11,2642.18994140625,6968.31982421875,7069.02978515625,3054520000.0,4641889792,1882090000.0,0.0131121681079603,0.0414738612120219,0.0153333319714783,1.9541295257440083,-0.5525364482924067,-0.3562017426237518
2018-04-12,2663.989990234375,7889.25,7140.25,3045330000.0,8906250240,2027080000.0,0.0130851521007963,0.0480983680690528,0.015413442498987,13.215957347142847,0.8250750063987677,1.0074963185655372
2018-04-13,2656.300048828125,7895.9599609375,7106.64990234375,2988540000.0,7764460032,1768160000.0,0.0128695708532202,0.0441621192694701,0.0152631954470177,0.08505194964667506,-0.2886625488248695,-0.47057312637862614
2018-04-14,,7986.240234375,,,5191430144,,,0.0442154849382725,,1.1433729892771805,,
2018-04-15,,8329.1103515625,,,5244480000,,,0.0449105456305717,,4.293260747550409,,
2018-04-16,2677.840087890625,8058.669921875,7156.27978515625,3020740000.0,5631309824,1800450000.0,0.0129243076021762,0.0442876672695148,0.0151847047563023,-3.246930563679795,0.8109038386684864,0.6983583473857635
2018-04-17,2706.389892578125,7902.08984375,7281.10009765625,3286190000.0,6900879872,1935380000.0,0.0129135837191401,0.0438561195887463,0.0154150089214246,-1.943001508226172,1.0661504701720004,1.7442067142051432
2018-04-18,2708.639892578125,8163.419921875,7295.240234375,3412030000.0,6529909760,1908700000.0,0.0129042235051272,0.043332195886237,0.0153815148523768,3.307100821331388,0.08313658006817715,0.1942033007251487
2018-04-19,2693.1298828125,8294.3095703125,7238.06005859375,3375120000.0,7063209984,1982090000.0,0.0129433241048171,0.0429901916793893,0.0154249218210356,1.6033678248838168,-0.5726124690152989,-0.7838011353185959
2018-04-20,2670.139892578125,8845.830078125,7146.1298828125,3428260000.0,8438110208,1935160000.0,0.0129928127130581,0.04468570849441,0.0155488809092768,6.649384172813311,-0.853653230061302,-1.270094127943877
2018-04-21,,8895.580078125,,,7548550144,,,0.0444943234439298,,0.5624118885465323,,
2018-04-22,,8802.4599609375,,,6629899776,,,0.0444266247091465,,-1.0468133204319163,,
2018-04-23,2670.2900390625,8930.8798828125,7128.60009765625,3030390000.0,6925190144,1744480000.0,0.012539260820024,0.0442716827516802,0.015128611121325,1.4589094689994253,0.005623169212687351,-0.24530459764539048
2018-04-24,2634.56005859375,9697.5,7007.35009765625,3716020000.0,10678800384,2154270000.0,0.0127306088351119,0.0464848958164561,0.0153381505435177,8.583925965266449,-1.338056164164636,-1.7008949630919035
2018-04-25,2639.39990234375,8845.740234375,7003.740234375,3563680000.0,11083100160,2055840000.0,0.0127176025702154,0.0492488031232995,0.0152749475483668,-8.78329224671307,0.1837059563023713,-0.05151538357498486
2018-04-26,2666.93994140625,9281.509765625,7118.68017578125,3690920000.0,8970559488,2141220000.0,0.0128741854609041,0.0490158903662723,0.0156486078617709,4.9263206888732425,1.0434204774367295,1.6411222798086378
2018-04-27,2669.909912109375,8987.0498046875,7119.7998046875,3234510000.0,7566289920,2050350000.0,0.0128800208592049,0.0494591351459131,0.0156522480980796,-3.1725437819185576,0.11136248915897262,0.015728040572171587
2018-04-28,,9348.48046875,,,7805479936,,,0.0453829474367866,,4.021683109778507,,
2018-04-29,,9419.080078125,,,8853000192,,,0.0444707212969865,,0.7551987685164407,,
2018-04-30,2648.050048828125,9240.5498046875,7066.27001953125,3749510000.0,8673920000,1998570000.0,0.0129367851481964,0.0447947680440131,0.0156852373398221,-1.8954109313936152,-0.8187490964434607,-0.7518439650649578
2018-05-01,2654.800048828125,9119.009765625,7130.7001953125,3562820000.0,7713019904,1932660000.0,0.0127158143734229,0.0446873618090228,0.0154827616831159,-1.3152901248456694,0.25490454770622506,0.9117989491367329
2018-05-02,2635.669921875,9235.919921875,7100.89990234375,4047020000.0,7558159872,2157860000.0,0.0127631818706258,0.0444465131826314,0.0154770823257687,1.2820488107240013,-0.7205863568357729,-0.41791538211548573
2018-05-03,2629.72998046875,9743.8603515625,7088.14990234375,3867530000.0,10207299584,2355780000.0,0.0127643262416904,0.0445245296637007,0.0154753452603981,5.499619247287524,-0.22536742393085563,-0.17955470680260932
2018-05-04,2663.419921875,9700.759765625,7209.6201171875,3335260000.0,8217829888,2040520000.0,0.0121303516018784,0.0410133274905947,0.0151645927322039,-0.4423358338729533,1.281117896379791,1.7137083232901862
2018-05-05,,9858.150390625,,,7651939840,,,0.0408818097092279,,1.6224566817716557,,
2018-05-06,,9654.7998046875,,,7222280192,,,0.0407240224559979,,-2.0627661161558675,,
2018-05-07,2672.6298828125,9373.009765625,7265.2099609375,3266810000.0,7394019840,1950650000.0,0.0114435201525692,0.0410703728472739,0.0144750166918568,-2.918652325920712,0.34579455015175675,0.7710509409154076
2018-05-08,2671.919921875,9234.8203125,7266.89990234375,3745100000.0,7415869952,2070970000.0,0.010361111109358,0.0413038419000713,0.0132552708327736,-1.4743338221176572,-0.02656413228280252,0.023260737340513593
2018-05-09,2697.7900390625,9325.1796875,7339.91015625,3913650000.0,7226890240,2250260000.0,0.0099462304680531,0.0403890920368821,0.0120914328498378,0.9784638135047707,0.9682220255068819,1.0046960173856645
2018-05-10,2723.070068359375,9043.9404296875,7404.97021484375,3380640000.0,6906699776,2250450000.0,0.0100278316122959,0.0410874729916627,0.0120077573127284,-3.0159124782280555,0.9370643723504823,0.8863876697230433
2018-05-11,2727.719970703125,8441.490234375,7402.8798828125,2874850000.0,8488520192,2085350000.0,0.0097603087339007,0.0434398316413466,0.0117102436704144,-6.661368459868511,0.17075955546570487,-0.028228770279992155
2018-05-12,,8504.8896484375,,,6821380096,,,0.0373288668204628,,0.7510452811321011,,
2018-05-13,,8723.9404296875,,,5866379776,,,0.0375603278886435,,2.5755864015265972,,
2018-05-14,2730.1298828125,8716.7900390625,7411.31982421875,2994360000.0,7364149760,2085850000.0,0.0086783157419867,0.0375362211151311,0.0103218229745203,-0.08196285477451992,0.08834895573073265,0.11400889302344286
2018-05-15,2711.449951171875,8510.3798828125,7351.6298828125,3291190000.0,6705710080,2120380000.0,0.0085777094309455,0.037095975414325,0.0103899203280242,-2.3679606291423294,-0.6842140279927467,-0.8053888217209981
2018-05-16,2722.4599609375,8368.830078125,7398.2998046875,3248480000.0,6760220160,2103060000.0,0.008375135690896,0.0367033400240237,0.0101564170956952,-1.6632607079429262,0.4060561678767671,0.6348241494598339
2018-05-17,2720.1298828125,8094.31982421875,7382.47021484375,3478150000.0,5862530048,1958970000.0,0.0083066123441974,0.0370565904923214,0.0101602151356879,-3.280150885412081,-0.08558723207806596,-0.21396253546958066
2018-05-18,2712.969970703125,8250.9697265625,7354.33984375,3383270000.0,5764190208,1982190000.0,0.0071348362764978,0.0367408594217738,0.0091141453017288,1.9353065575076878,-0.263219493841671,-0.38104279834666466
2018-05-19,,8247.1796875,,,4712399872,,,0.036623309456494,,-0.04593446816679725,,
2018-05-20,,8513.25,,,5191059968,,,0.0350923680737045,,3.2261975921692887,,
2018-05-21,2733.010009765625,8418.990234375,7394.0400390625,3053480000.0,5154990080,1997220000.0,0.0072107110156979,0.0351122078986003,0.0091177719815223,-1.1072124702669384,0.7386752997235124,0.5398199723696262
2018-05-22,2724.43994140625,8041.77978515625,7378.4599609375,3384140000.0,5137010176,1927420000.0,0.0066657270599586,0.0359944656215401,0.0084512293714546,-4.480471395234408,-0.3135761789657687,-0.2107113031940666
2018-05-23,2733.2900390625,7557.81982421875,7425.9599609375,3333160000.0,6491120128,1997090000.0,0.0065681205062134,0.0373974337251336,0.0084491426874189,-6.018070301188894,0.32484098921563564,0.6437657756696025
2018-05-24,2727.760009765625,7587.33984375,7424.43017578125,3285750000.0,6049220096,2035460000.0,0.0064522100218628,0.0335863982457865,0.0083043626493682,0.39058908809461723,-0.2023213496498033,-0.020600503696455164
2018-05-25,2721.330078125,7480.14013671875,7433.85009765625,3015260000.0,4867829760,1771950000.0,0.0064424931359807,0.0296730437592431,0.0082263333590152,-1.4128760440268784,-0.23572204364039617,0.12687737175747227
2018-05-26,,7355.8798828125,,,4051539968,,,0.027939191009641,,-1.6612022186092146,,
2018-05-27,,7368.22021484375,,,4056519936,,,0.0275982125678833,,0.16776146739541087,,
2018-05-28,,7135.990234375,,,5040600064,,,0.0265504352046518,,-3.151778498705937,,
2018-05-29,2689.860107421875,7472.58984375,7396.58984375,3743310000.0,5662660096,2095380000.0,0.0066761622551789,0.0282570524156384,0.0082430677220826,4.716929232239631,-1.1564187290653005,-0.5012241761237268
2018-05-30,2724.010009765625,7406.52001953125,7462.4501953125,3566490000.0,4922540032,2058300000.0,0.006793812450358,0.0281760562973504,0.0078042117913486,-0.8841623265862797,1.2695791223314323,0.890415082541729
2018-05-31,2705.27001953125,7494.169921875,7442.1201171875,4241100000.0,5127130112,2533360000.0,0.0069153459190533,0.0283657664546286,0.0078276123039734,1.1834154516914053,-0.6879559974886984,-0.2724316758290768
2018-06-01,2734.6201171875,7541.4501953125,7554.330078125,3694310000.0,4921460224,2212330000.0,0.0071016335579426,0.0282387535576317,0.0080754758519592,0.6308940673935393,1.0849230370481022,1.5077687429198017
2018-06-02,,7643.4501953125,,,4939299840,,,0.0261587737325797,,1.3525250098900043,,
2018-06-03,,7720.25,,,4851760128,,,0.0263602991879145,,1.0047792910929054,,
2018-06-04,2746.8701171875,7514.47021484375,7606.4599609375,3410090000.0,4993169920,2152170000.0,0.0069234150627927,0.0261979763608429,0.0076702668157707,-2.6654549419546036,0.4479598435997323,0.690066257012667
2018-06-05,2748.800048828125,7633.759765625,7637.85986328125,3523550000.0,4961739776,2063270000.0,0.0069215616845967,0.0264802629526301,0.0076299944901812,1.5874645500039364,0.07025929724704394,0.41280572703994434
2018-06-06,2772.35009765625,7653.97998046875,7689.240234375,3662780000.0,4692259840,2198100000.0,0.0064913851346871,0.026218613231205,0.0067215554684526,0.2648788469189478,0.8567392465728796,0.6727063865201277
2018-06-07,2770.3701171875,7678.240234375,7635.06982421875,3742080000.0,4485799936,2339720000.0,0.0065062179779689,0.0262330425104919,0.0069457607255676,0.31696259943396754,-0.07141884679080501,-0.7044962636760799
2018-06-08,2779.030029296875,7624.919921875,7645.509765625,3138850000.0,4227579904,1949810000.0,0.0063007092710421,0.026060850632051,0.0064710089100097,-0.6944340222814094,0.31259043893263616,0.13673668540834516
2018-06-09,,7531.97998046875,,,3845220096,,,0.025692902053014,,-1.2188972783781837,,
2018-06-10,,6786.02001953125,,,5804839936,,,0.0292407743310053,,-9.903902597615177,,
2018-06-11,2782.0,6906.919921875,7659.93017578125,3262130000.0,4745269760,1959360000.0,0.0063007782775258,0.0294759833110173,0.0064582235095084,1.7816025003725366,0.1068707668436586,0.18861280147839388
2018-06-12,2786.85009765625,6582.35986328125,7703.7900390625,3435700000.0,4654380032,2019890000.0,0.0060347159835573,0.0297489853853809,0.0061998716529756,-4.699056341537011,0.17433852107295866,0.5725882909471292
2018-06-13,2775.6298828125,6349.89990234375,7695.7001953125,3820770000.0,5052349952,2197830000.0,0.0061219727407667,0.0300896258045767,0.006126068461858,-3.5315595890501927,-0.4026127868587581,-0.10501121797167334
2018-06-14,2782.489990234375,6675.35009765625,7761.0400390625,3540930000.0,5138710016,2193630000.0,0.0058978379772119,0.0319264756110833,0.0060818511939295,5.125280718084646,0.2471549778432225,0.8490435190003698
2018-06-15,2779.659912109375,6456.580078125,7746.3798828125,5451990000.0,3955389952,3049870000.0,0.0058726954228636,0.0322231690577372,0.0060844000373393,-3.2772815856963233,-0.10171027155291279,-0.18889422263270728
2018-06-16,,6550.16015625,,,3194170112,,,0.0321398141177095,,1.4493753193281167,,
2018-06-17,,6499.27001953125,,,3104019968,,,0.03175589971291,,-0.7769296552266991,,
2018-06-18,2773.75,6734.81982421875,7747.02978515625,3316120000.0,4039200000,2102660000.0,0.0055404915900153,0.0327173205028533,0.0054942842744825,3.6242501693211526,-0.21261277624751163,0.008389755648208208
2018-06-19,2762.590087890625,6769.93994140625,7725.58984375,3671160000.0,4057029888,2283340000.0,0.0056107486995528,0.0319908479869028,0.005479007185032,0.5214707758210091,-0.4023402292699374,-0.27675047083631776
2018-06-20,2767.320068359375,6776.5498046875,7781.509765625,3332140000.0,3888640000,2316420000.0,0.0056057183502369,0.0320215977858743,0.00554702470596,0.09763547887364776,0.17121542893689945,0.72382721586286
2018-06-21,2749.760009765625,6729.740234375,7712.9501953125,3336580000.0,3529129984,2349640000.0,0.005533173829496,0.0311809799825962,0.0057078900753004,-0.6907581536569007,-0.6345510515579966,-0.8810574345786137
2018-06-22,2754.8798828125,6083.68994140625,7692.81982421875,5468110000.0,5079810048,3956300000.0,0.0052914090004651,0.0342491411867818,0.005593141942437,-9.599929127557916,0.18619345065358228,-0.2609944390148389
2018-06-23,,6162.47998046875,,,3431360000,,,0.0343885273056647,,1.2951028047344604,,
2018-06-24,,6173.22998046875,,,4566909952,,,0.0343953155472839,,0.17444275736506754,,
2018-06-25,2717.070068359375,6249.18017578125,7532.009765625,3663280000.0,5500810240,2423190000.0,0.0058840259187621,0.0345013782198027,0.0069280318383472,1.2303153382069887,-1.3724668973416176,-2.090391589407614
2018-06-26,2723.06005859375,6093.669921875,7561.6298828125,3568900000.0,3279759872,2068870000.0,0.0058967749234516,0.0346589332330102,0.0069544515208753,-2.488490482462502,0.22045770199778936,0.39325648942571956
2018-06-27,2699.6298828125,6157.1298828125,7445.080078125,3803990000.0,3296219904,2319650000.0,0.0059755662117521,0.0344386104783351,0.0073965977565479,1.0414079159373646,-0.8604355128821406,-1.5413317828794626
2018-06-28,2716.31005859375,5903.43994140625,7503.68017578125,3461100000.0,3467800064,2208870000.0,0.0060386693600628,0.0336893572931466,0.0074432405707751,-4.120262950996379,0.617868985946779,0.7870982855970654
2018-06-29,2718.3701171875,6218.2998046875,7510.2998046875,3586800000.0,3966230016,2208820000.0,0.0060386639779822,0.0354128288352595,0.0074270870351202,5.333498204544251,0.07584033300001014,0.08821843083899328
2018-06-30,,6404.0,,,4543860224,,,0.0358593886225588,,2.9863499854496434,,
2018-07-01,,6385.81982421875,,,4788259840,,,0.0357968505602545,,-0.283887816696593,,
2018-07-02,2726.7099609375,6614.18017578125,7567.68994140625,3095040000.0,4396930048,1777880000.0,0.0060432308419876,0.0364076615635664,0.0074870588132028,3.5760537855519248,0.3067957412152822,0.7641524068443983
2018-07-03,2713.219970703125,6529.58984375,7502.669921875,1911460000.0,4672309760,1171420000.0,0.0059556487930627,0.0363260142618204,0.0076367290318155,-1.2789239147277698,-0.49473506268106204,-0.859179221594375
2018-07-04,,6597.5498046875,,,4176689920,,,0.0362062536948709,,1.0407998444580624,,
2018-07-05,2736.610107421875,6639.14013671875,7586.43017578125,2980160000.0,4999240192,1754690000.0,0.0061407060142436,0.0360661331345923,0.0078595756885748,0.6303905732049309,0.8620803683929923,1.1164059565253792
2018-07-06,2759.820068359375,6673.5,7688.39013671875,2590250000.0,4313959936,1718600000.0,0.0063024369472901,0.0360866162602429,0.0081240728772827,0.5175348399594437,0.8481281595267509,1.3439781105874404
2018-07-07,,6856.93017578125,,,3961080064,,,0.0365258815037502,,2.748635285551071,,
2018-07-08,,6773.8798828125,,,3386210048,,,0.0365540402440319,,-1.2111876720297454,,
2018-07-09,2784.169921875,6741.75,7756.2001953125,3070060000.0,3718129920,1844440000.0,0.006470375096853,0.0365208059753202,0.0082369684712773,-0.4743202325453666,0.8822985887663393,0.8819799384255811
2018-07-10,2793.840087890625,6329.9501953125,7759.2001953125,3080140000.0,4052430080,1735230000.0,0.0064633590529837,0.033230020951184,0.0082392377498797,-6.108203429191239,0.3473267180873929,0.0386787334578198
2018-07-11,2774.02001953125,6394.7099609375,7716.60986328125,2986180000.0,3644859904,1768480000.0,0.006209781511118,0.03310276227999,0.0082526349813394,1.0230691178732654,-0.7094202866256172,-0.5489010588614507
2018-07-12,2798.2900390625,6228.81005859375,7823.919921875,2834230000.0,3770170112,1930830000.0,0.0059957260666449,0.0322964174873727,0.0084536067703579,-2.5943303661489003,0.8749042674663476,1.3906373458683507
2018-07-13,2801.31005859375,6238.0498046875,7825.97998046875,2619790000.0,3805400064,1727500000.0,0.0058119399663958,0.0316496207383423,0.0084186502301692,0.14833886419449716,0.10792374947172778,0.02633026173990416
2018-07-14,,6276.1201171875,,,2923670016,,,0.0302129060931537,,0.6102918971790272,,
2018-07-15,,6359.64013671875,,,3285459968,,,0.0297433450070771,,1.3307587804530119,,
2018-07-16,2798.429931640625,6741.75,7805.72021484375,2819860000.0,4725799936,1739360000.0,0.0055305713594006,0.031531401023791,0.0080658757233838,6.008356684760452,-0.1028135726814483,-0.2588783216359136
2018-07-17,2809.550048828125,7321.0400390625,7855.1201171875,3064920000.0,5961950208,1752210000.0,0.0055197015675698,0.0348009944647762,0.0080524767561232,8.59257669095561,0.39736986307106203,0.6328679607271681
2018-07-18,2815.6201171875,7370.77978515625,7854.43994140625,3111560000.0,6103410176,1881110000.0,0.0055256457722598,0.0342917017087491,0.0080341860553404,0.6794081964906162,0.21605126279586884,-0.008659011843270559
2018-07-19,2804.489990234375,7466.85986328125,7825.2998046875,3278360000.0,5111629824,1886300000.0,0.0053920833353753,0.034337954936629,0.0080012225765976,1.3035266406750123,-0.39529931204791424,-0.3710020948168635
2018-07-20,2801.830078125,7354.1298828125,7820.2001953125,3243250000.0,4936869888,1796530000.0,0.0053939002039426,0.0345019922958769,0.0078742947703262,-1.5097374603627811,-0.09484477101494582,-0.0651682300011669
2018-07-21,,7419.2900390625,,,3726609920,,,0.034469794384798,,0.8860348850009636,,
2018-07-22,,7418.490234375,,,3695460096,,,0.0283308848407125,,-0.010780070374505346,,
2018-07-23,2806.97998046875,7711.10986328125,7841.8701171875,2928490000.0,5132480000,1668270000.0,0.0053764303699121,0.028913632614146,0.0078819271986576,3.944463356578143,0.18380494891383492,0.2771018814580861
2018-07-24,2820.39990234375,8424.26953125,7840.77001953125,3430410000.0,7277689856,2021890000.0,0.005436008471178,0.0324401567220208,0.0078813914850956,9.24846981320644,0.4780911145920941,-0.0140285115643346
2018-07-25,2846.070068359375,8181.39013671875,7932.240234375,3584400000.0,5845400064,1943820000.0,0.0056554489208209,0.0332323502982311,0.0080793092022213,-2.8830914494162863,0.9101605057599604,1.166597344596254
2018-07-26,2837.43994140625,7951.580078125,7852.18017578125,3667290000.0,4899089920,2289370000.0,0.0056295258748186,0.0333543029022142,0.0083247533760448,-2.808936559110453,-0.30322960242857855,-1.009299469358016
2018-07-27,2818.820068359375,8165.009765625,7737.419921875,3434370000.0,5195879936,2193410000.0,0.0057741060721437,0.0335087390743908,0.0086467564021491,2.6841166837664243,-0.656220869212365,-1.461508158717617
2018-07-28,,8192.150390625,,,3988750080,,,0.0320990130371841,,0.3324016232566285,,
2018-07-29,,8218.4599609375,,,4107190016,,,0.0311703122267747,,0.3211558511255985,,
2018-07-30,2802.60009765625,8180.47998046875,7630.0,3261190000.0,5551400000,2154140000.0,0.0058795164418976,0.0310317819009608,0.0090072283471227,-0.4621301393359478,-0.5754170294581917,-1.38831707416196
2018-07-31,2816.2900390625,7780.43994140625,7671.7900390625,3906890000.0,5287530000,2208610000.0,0.005919683914409,0.0327631451699949,0.0090726301788605,-4.890178082675012,0.4884728797982518,0.5477069339777207
2018-08-01,2813.360107421875,7624.91015625,7707.2900390625,3501350000.0,4797620000,2228950000.0,0.0058655473657089,0.0326576026207098,0.0091041610799998,-1.9989844575310611,-0.10403515262938923,0.4627342487117714
2018-08-02,2827.219970703125,7567.14990234375,7802.68994140625,3501380000.0,4214110000,2115490000.0,0.0059152857551734,0.0325736974305672,0.0092902410528904,-0.7575204523413981,0.4926444803381669,1.237787884720043
2018-08-03,2840.35009765625,7434.39013671875,7812.009765625,3043690000.0,4627150000,2035870000.0,0.0058011242960162,0.0328139926621235,0.0091366556014597,-1.7544223034868245,0.4644183009877123,0.11944373400374353
2018-08-04,,7032.85009765625,,,4268390000,,,0.0345583934993691,,-5.401116052267385,,
2018-08-05,,7068.47998046875,,,3679110000,,,0.0345580479588747,,0.5066208196926381,,
2018-08-06,2850.39990234375,6951.7998046875,7859.68017578125,2879020000.0,3925900000,2245300000.0,0.0058168810977718,0.0343808426180094,0.0091748092066582,-1.650710988835713,0.3538227451535869,0.6102195412762246
2018-08-07,2858.449951171875,6753.1201171875,7883.66015625,3185440000.0,4682800000,2206400000.0,0.0050894560570635,0.034729237612172,0.0082002416190535,-2.857960428694062,0.28241822564987196,0.3051012246356066
2018-08-08,2857.699951171875,6305.7998046875,7888.330078125,2978070000.0,5064430000,2098100000.0,0.0051007965939804,0.0369077351661351,0.0081891201505351,-6.623905761153514,-0.02623799656497061,0.05923545386843365
2018-08-09,2853.580078125,6568.22998046875,7891.77978515625,3066180000.0,4267040000,2048170000.0,0.0047598936579364,0.0358622057999972,0.007543343860715,4.161727043509522,-0.14416744645237012,0.04373177842564857
2018-08-10,2833.280029296875,6184.7099609375,7839.10986328125,3265590000.0,4528680000,2107530000.0,0.0049596449272118,0.0375184185134289,0.007617938927143,-5.839016305331612,-0.7113887913551609,-0.6674023263303352
2018-08-11,,6295.72998046875,,,4047850000,,,0.037361364469286,,1.795072367701156,,
2018-08-12,,6322.68994140625,,,5665250000,,,0.0373677389839709,,0.4282261313801161,,
2018-08-13,2821.929931640625,6297.56982421875,7819.7099609375,3173630000.0,4083980000,1934100000.0,0.0050566993974455,0.0373605841479886,0.0076513181840736,-0.39730110791915685,-0.40059921853423663,-0.2474758318494863
2018-08-14,2839.9599609375,6199.7099609375,7870.89013671875,2986500000.0,5301700000,1938840000.0,0.0051330971317074,0.0373833183719961,0.0076230982158073,-1.5539305797755087,0.6389254777276809,0.6545022262579359
2018-08-15,2818.3701171875,6308.52001953125,7774.1201171875,3656680000.0,4895450000,2294100000.0,0.0052678571969962,0.0358640585880718,0.0078194069998333,1.7550830487124358,-0.7602164835758152,-1.2294672883287339
2018-08-16,2840.68994140625,6334.72998046875,7806.52001953125,3232000000.0,4328420000,1991410000.0,0.0052359757146562,0.0321482361046956,0.0076158489521793,0.41546925200131035,0.7919408484583057,0.4167661658856847
2018-08-17,2850.1298828125,6580.6298828125,7816.330078125,3037640000.0,4992990000,1850770000.0,0.0050739757625912,0.0330337543565599,0.0072482190456086,3.881774015655104,0.33231157222237684,0.12566493865648898
2018-08-18,,6423.759765625,,,3984520000,,,0.0330797878379495,,-2.3838161388960444,,
2018-08-19,,6506.06982421875,,,3311170000,,,0.0331760581048946,,1.2813377460690445,,
2018-08-20,2857.050048828125,6308.52978515625,7821.009765625,2757150000.0,3665100000,1709500000.0,0.0048694389484094,0.0334331027104434,0.0070798030338822,-3.0362422230262642,0.24280177746833775,0.0598706484146172
2018-08-21,2862.9599609375,6488.759765625,7859.169921875,3174010000.0,3377180000,1788860000.0,0.0048502669557642,0.0339817097388986,0.0071292772003473,2.8569252521058797,0.20685364303643095,0.48791853473604263
2018-08-22,2861.820068359375,6376.7099609375,7889.10009765625,2701250000.0,4668110000,1669240000.0,0.0046209512816547,0.0330563450310639,0.0070644720825412,-1.7268292976586608,-0.03981517707819515,0.38083125926495764
2018-08-23,2856.97998046875,6534.8798828125,7878.4599609375,2724450000.0,3426180000,1888600000.0,0.0044109213668611,0.0284778194196606,0.0066256240182144,2.4804314896540447,-0.16912621251551352,-0.13487136158800705
2018-08-24,2874.68994140625,6719.9599609375,7945.97998046875,2603010000.0,4097820000,1892990000.0,0.0045232343082081,0.0289481750530103,0.0067968357172414,2.8321879123101024,0.6198839704363079,0.8570205327693925
2018-08-25,,6763.18994140625,,,3312600000,,,0.0287369460169671,,0.6433071137334379,,
2018-08-26,,6707.259765625,,,3295500000,,,0.0281008811942462,,-0.8269792252739938,,
2018-08-27,2896.739990234375,6884.64013671875,8017.89990234375,2865070000.0,4019000000,2333790000.0,0.0046727670437426,0.0286788804442447,0.0069429261113006,2.6446026737003914,0.7670409427647185,0.9051107862312779
2018-08-28,2897.52001953125,7096.27978515625,8030.0400390625,2687770000.0,4659940000,1980270000.0,0.0046446333266256,0.0293890205778891,0.0068687686200025,3.074084399978072,0.026927832649970007,0.15141292441429588
2018-08-29,2914.0400390625,7047.16015625,8109.68994140625,2805520000.0,4145880000,1909880000.0,0.0047182916862463,0.0293913463605132,0.0070654762157648,-0.6921884479385465,0.5701434129840033,0.9918991929839693
2018-08-30,2901.1298828125,6978.22998046875,8088.35986328125,2810450000.0,4463250000,2022720000.0,0.0047369540979456,0.0281504994162666,0.0070429218022646,-0.9781269937524706,-0.4430329054144866,-0.26301965030861574
2018-08-31,2901.52001953125,7037.580078125,8109.5400390625,2887220000.0,4495650000,1906900000.0,0.0047246783557692,0.0280551207133322,0.007040122914928,0.8505036065358018,0.013447750859452157,0.26185995849914434
2018-09-01,,7193.25,,,4116050000,,,0.0283907675072532,,2.2119808250405715,,
2018-09-02,,7272.72021484375,,,4329540000,,,0.0283159194742987,,1.1047887233691212,,
2018-09-03,,7260.06005859375,,,4087760000,,,0.0263624769919696,,-0.17407731737240084,,
2018-09-04,2896.719970703125,7361.66015625,8091.25,3087420000.0,4273640000,2238710000.0,0.0047505239499077,0.0264579506592846,0.0070615688675166,1.399438804035591,-0.16543221469484948,-0.22553731746066674
2018-09-05,2888.60009765625,6792.830078125,7995.169921875,3248780000.0,5800460000,2602810000.0,0.00474730512398,0.0302448974597811,0.0074481615889643,-7.726926617796492,-0.2803126684318036,-1.1874565502858037
2018-09-06,2878.050048828125,6529.169921875,7922.72998046875,3144240000.0,5523470000,2375380000.0,0.0045475829857869,0.030644917514582,0.0073572013068811,-3.881447838641905,-0.36523050860121087,-0.9060463018809917
2018-09-07,2871.679931640625,6467.06982421875,7902.5400390625,2976580000.0,4264680000,2158930000.0,0.0045287878633989,0.0279440210020166,0.0071245422111385,-0.9511178051622271,-0.2213344827027508,-0.2548356621520975
2018-09-08,,6225.97998046875,,,3835060000,,,0.0277624332302436,,-3.727961044229555,,
2018-09-09,,6300.85986328125,,,3671890000,,,0.0255686590250702,,1.2027003467310005,,
2018-09-10,2877.1298828125,6329.7001953125,7924.16015625,2751100000.0,3714100000,2055430000.0,0.0043385112644953,0.0253756773344713,0.0065524890769072,0.45772057555697465,0.18978268127400888,0.2735844055282266
2018-09-11,2887.889892578125,6321.2001953125,7972.47021484375,2904500000.0,3849910000,2345080000.0,0.0041956749324824,0.0253651502803282,0.0059922544303971,-0.13428756082783933,0.3739841510076891,0.6096552523064069
2018-09-12,2888.919921875,6351.7998046875,7954.22998046875,3341280000.0,4064230000,2372320000.0,0.0041324439232338,0.0253685648247397,0.0059810255124093,0.4840791057003857,0.03566719422101183,-0.22879024798410086
2018-09-13,2904.179931640625,6517.31005859375,8013.7099609375,3274090000.0,4210910000,2332930000.0,0.0041930609037852,0.0255956855104858,0.0060586189279882,2.6057221416850407,0.5282254329749936,0.7477779824671904
2018-09-14,2904.97998046875,6512.7099609375,8010.0400390625,3179410000.0,4076220000,2069380000.0,0.0041310615942318,0.0254248016178796,0.005696671446372,-0.0705827652036306,0.027548183892078804,-0.04579554155177412
2018-09-15,,6543.2001953125,,,3216300000,,,0.0254271765538326,,0.4681650888474609,,
2018-09-16,,6517.18017578125,,,3273730000,,,0.0244576035273107,,-0.39766503781880624,,
2018-09-17,2888.800048828125,6281.2001953125,7895.7900390625,2967980000.0,3910780000,2303600000.0,0.0042330168174019,0.024990672405231,0.006338726172539,-3.6208908470212964,-0.5569722252617426,-1.4263349426824057
2018-09-18,2904.31005859375,6371.2998046875,7956.10986328125,3091190000.0,4180090000,2328260000.0,0.0042897871852124,0.0250202708404936,0.006392206402859,1.4344330155602991,0.5369014643958003,0.7639491921686448
2018-09-19,2907.949951171875,6398.5400390625,7950.0400390625,3302460000.0,4431340000,2167720000.0,0.0042716283350442,0.0243748406341233,0.0063757734812009,0.4275459515334479,0.12532727238796504,-0.07629135749825933
2018-09-20,2930.75,6519.669921875,8028.22998046875,3406520000.0,4348110000,2306580000.0,0.0044670176542223,0.0240645827178342,0.0066081011879604,1.8930862676956428,0.7840591898404803,0.983516322207989
2018-09-21,2929.669921875,6734.9501953125,7986.9599609375,5652470000.0,6531940000,3729890000.0,0.0044523595913225,0.0245280603660435,0.006690767873632,3.3020118505568075,-0.03685330120276609,-0.5140612517535281
2018-09-22,,6721.97998046875,,,4509660000,,,0.0241572089928045,,-0.19258070910126435,,
2018-09-23,,6710.6298828125,,,4197500000,,,0.0236153948035938,,-0.1688505126350992,,
2018-09-24,2919.3701171875,6595.41015625,7993.25,3392030000.0,4177310000,2433260000.0,0.0042731442131457,0.0237884144750839,0.0065552161629191,-1.7169733478761051,-0.35156877607932513,0.07875385745343966
2018-09-25,2915.56005859375,6446.47021484375,8007.47021484375,3330880000.0,4726180000,2328660000.0,0.0041914427520681,0.0240918822326972,0.0065312170210232,-2.2582362260686772,-0.13050961134796202,0.17790279102680717
2018-09-26,2905.969970703125,6495.0,7990.3701171875,3417540000.0,4437300000,2342370000.0,0.0041426509057023,0.0235959833964454,0.0064601135271876,0.752811748738158,-0.3289278113945082,-0.2135518109646073
2018-09-27,2914.0,6676.75,8041.97021484375,3101360000.0,4606810000,2073930000.0,0.0038396703470117,0.0234745934548363,0.006068499221356,2.798306389530403,0.27632870875580196,0.6457785671937444
2018-09-28,2913.97998046875,6644.1298828125,8046.35009765625,3461680000.0,5014430000,2342120000.0,0.0036237255317676,0.0234627817297551,0.006042093687115,-0.4885628065675718,-0.0006870120538793323,0.054462808186173106
2018-09-29,,6601.9599609375,,,4363690000,,,0.0234312482741281,,-0.6346944237813346,,
2018-09-30,,6625.56005859375,,,4002280000,,,0.0233738553555705,,0.3574710812529469,,
2018-10-01,2924.590087890625,6589.6201171875,8037.2998046875,3375890000.0,4000970000,2299520000.0,0.0036316224040861,0.0229391517464092,0.0060543629500556,-0.5424438249508223,0.3641105118425747,-0.11247699713421433
2018-10-02,2923.429931640625,6556.10009765625,7999.5498046875,3432620000.0,3979260000,2416800000.0,0.0036262187655013,0.0227903464043245,0.0061412507199553,-0.5086790882500303,-0.03966902079042267,-0.46968510466641744
2018-10-03,2925.510009765625,6502.58984375,8025.08984375,3625510000.0,3887310000,3095630000.0,0.0036178869095054,0.0228040455610904,0.0061100182796971,-0.8161903129785819,0.07115197468861023,0.31926845492646905
2018-10-04,2901.610107421875,6576.68994140625,7879.509765625,3510370000.0,3838410000,3302690000.0,0.0039650644192925,0.0227405868018521,0.0069922161651076,1.1395474639611658,-0.8169482334351885,-1.8140616611087346
2018-10-05,2885.570068359375,6622.47998046875,7788.4501953125,3340820000.0,3671500000,2699370000.0,0.0040972818618149,0.01759730559257,0.0073032371735192,0.6962474963919218,-0.5527978766503461,-1.1556501993278179
2018-10-06,,6588.31005859375,,,3259740000,,,0.0160372889576357,,-0.5159686699812593,,
2018-10-07,,6602.9501953125,,,3306630000,,,0.015931468497685,,0.22221383918707982,,
2018-10-08,2884.429931640625,6652.22998046875,7735.9501953125,3381820000.0,3979460000,2259300000.0,0.0039467789347189,0.014191609747688,0.0071923918011229,0.7463298025666587,-0.03951166292067709,-0.6740750557998942
2018-10-09,2880.340087890625,6642.64013671875,7738.02001953125,3531690000.0,3580810000,2466440000.0,0.0036890704607202,0.0140846821430922,0.0069503348499838,-0.14415983479458827,-0.14179036575431292,0.02675591448357828
2018-10-10,2785.679931640625,6585.52978515625,7422.0498046875,4554260000.0,3787650000,3111680000.0,0.0070970520312838,0.014199748942785,0.0101236612356909,-0.8597538085317824,-3.28642290012785,-4.083347084218203
2018-10-11,2728.3701171875,6256.240234375,7329.06005859375,4914090000.0,5181640000,3154520000.0,0.0078072624508356,0.0171459624642116,0.0099980697833528,-5.000198336714945,-2.057300761734404,-1.2528849649462215
2018-10-12,2767.1298828125,6274.580078125,7496.89013671875,4024010000.0,3783500000,2674210000.0,0.0083394650529132,0.0171296822685666,0.0110700072385395,0.2931448132255543,1.4206197825152422,2.289926358676908
2018-10-13,,6285.990234375,,,3064030000,,,0.0164132100030036,,0.1818473285531752,,
2018-10-14,,6290.93017578125,,,3085320000,,,0.0164170311919485,,0.07858652689651802,,
2018-10-15,2750.7900390625,6596.5400390625,7430.740234375,3327160000.0,7370770000,2167000000.0,0.0083698825232342,0.0186457487663785,0.0110843443603671,4.857943972383971,-0.5904978964482943,-0.8823645690065107
2018-10-16,2809.919921875,6596.10986328125,7645.490234375,3460260000.0,4074800000,2639760000.0,0.009368292281867,0.018628628700817,0.0124807501718985,-0.006521233536105342,2.149560016316343,2.890021629427375
2018-10-17,2809.2099609375,6544.43017578125,7642.7001953125,3347090000.0,4088420000,2385070000.0,0.0093630411528563,0.0173345204664674,0.0123372423344887,-0.7834873671174969,-0.025266233815879335,-0.03649261168310325
2018-10-18,2768.780029296875,6476.7099609375,7485.14013671875,3639300000.0,3924080000,2567980000.0,0.0096758488759047,0.017287262827191,0.0127648153845305,-1.0347763368972918,-1.4391922356395415,-2.061575811784244
2018-10-19,2767.780029296875,6465.41015625,7449.02978515625,3593940000.0,3578870000,2547790000.0,0.009675655755321,0.0172775059328047,0.0127756828474712,-0.1744682833668909,-0.03611698977235012,-0.482427194453694
2018-10-20,,6489.18994140625,,,3379130000,,,0.0169395419268828,,0.3678001021058641,,
2018-10-21,,6482.35009765625,,,3253610000,,,0.015777815214938,,-0.10540366073054086,,
2018-10-22,2755.8798828125,6487.16015625,7468.6298828125,3331270000.0,3672860000,2301010000.0,0.0096728819859753,0.0157815298808884,0.0127743728070903,0.07420238835125215,-0.42995275485813167,0.26312282567735323
2018-10-23,2740.68994140625,6475.740234375,7437.5400390625,4373710000.0,3716150000,2752010000.0,0.0096499969225034,0.0157816147596764,0.0126883809488393,-0.17603884596555375,-0.5511829997012829,-0.41627238513380904
2018-10-24,2656.10009765625,6495.83984375,7108.39990234375,4738670000.0,3424670000,2959560000.0,0.0110472261289425,0.0154997063427216,0.0149156450835973,0.31038319400622516,-3.0864433977743855,-4.425389779282963
2018-10-25,2705.570068359375,6476.2900390625,7318.33984375,4663930000.0,3230550000,2788090000.0,0.0116264308702761,0.0149266619539377,0.0159635124091724,-0.3009588468581126,1.8625040052811848,2.9534064527943826
2018-10-26,2658.68994140625,6474.75,7167.2099609375,4804330000.0,3306050000,2971530000.0,0.0119353614544746,0.0148620606247691,0.0162820145349123,-0.023779649354971344,-1.7327264039978307,-2.065084240950732
2018-10-27,,6480.3798828125,,,3393250000,,,0.0139150526423324,,0.0869513542993916,,
2018-10-28,,6486.39013671875,,,3445190000,,,0.0138993498605614,,0.09274539479067201,,
2018-10-29,2641.25,6332.6298828125,7050.2900390625,4701260000.0,4199910000,2711900000.0,0.0119443168091086,0.0145020671451159,0.016333365206534,-2.370505792364075,-0.6559599573700448,-1.6313171026415163
2018-10-30,2682.6298828125,6334.27001953125,7161.64990234375,5125600000.0,3781100000,2699220000.0,0.0123284395885411,0.0144756255637259,0.0165914065384979,0.02589977227631657,1.5666780052058682,1.5795075474094755
2018-10-31,2711.739990234375,6317.60986328125,7305.89990234375,5133380000.0,4191240000,2918880000.0,0.0125534789089255,0.0144583424375336,0.0171313223583675,-0.2630161991615365,1.0851331974038647,2.0142006655867517
2018-11-01,2740.3701171875,6377.77978515625,7434.06005859375,4730250000.0,3789400000,2728760000.0,0.0126378046361032,0.0145744204767058,0.0173786487705075,0.9524159164166601,1.0557843693063784,1.7542008234863182
2018-11-02,2723.06005859375,6388.43994140625,7356.990234375,4261230000.0,4234870000,2899670000.0,0.0126543117349249,0.0145157645339715,0.0174322524354755,0.16714525444749828,-0.6316686379398861,-1.0367124237805614
2018-11-03,,6361.259765625,,,3658640000,,,0.0143524388949312,,-0.42545873531788514,,
2018-11-04,,6376.1298828125,,,4390020000,,,0.0142878847325226,,0.23376057157507013,,
2018-11-05,2738.31005859375,6419.66015625,7328.85009765625,3650910000.0,4174800000,2186310000.0,0.0127363680978761,0.014342107164685,0.0174204321942861,0.6827068180471185,0.5600317169601965,-0.38249523000951635
2018-11-06,2755.449951171875,6461.009765625,7375.9599609375,3543800000.0,4700040000,2300920000.0,0.0128274722572626,0.0143936697216667,0.0174836270150728,0.6441090083988854,0.6259295774170726,0.6428002026718449
2018-11-07,2813.889892578125,6530.14013671875,7570.75,3929080000.0,4941260000,2687410000.0,0.0134845468633362,0.0144680844984412,0.0182581632852419,1.069962337180641,2.1208856064105275,2.6408771209997406
2018-11-08,2806.830078125,6453.72021484375,7530.8798828125,3673550000.0,4665260000,2475160000.0,0.0134672150490768,0.0146105980087484,0.0182011608133989,-1.1702646539741735,-0.25089163835961825,-0.5266336517187886
2018-11-09,2781.010009765625,6385.6201171875,7406.89990234375,4029030000.0,4346820000,2426750000.0,0.0135431696083411,0.0146507223029931,0.0183806483342673,-1.055206847976109,-0.9199013706103321,-1.646288115040928
2018-11-10,,6409.22021484375,,,3705320000,,,0.0111715154070025,,0.3695819234960096,,
2018-11-11,,6411.27001953125,,,3939060000,,,0.0111645785856426,,0.03198212292272462,,
2018-11-12,2726.219970703125,6371.27001953125,7200.8701171875,3701570000.0,4295770000,2305340000.0,0.0139086916125763,0.0112343127082754,0.0189538192438543,-0.6239013468180898,-1.970148934024063,-2.78159267537903
2018-11-13,2722.179931640625,6359.490234375,7200.8701171875,4112820000.0,4503800000,2361240000.0,0.0139048683278056,0.0112418980660966,0.0189643567398305,-0.18488912132336166,-0.14819196931705747,0.0
2018-11-14,2701.580078125,5738.35009765625,7136.39013671875,4449060000.0,7398940000,2566210000.0,0.0139239430990915,0.019769574700764,0.0189465044303883,-9.767137204823372,-0.7567410690302756,-0.8954470698595896
2018-11-15,2730.199951171875,5648.02978515625,7259.02978515625,4204960000.0,7032140000,2523500000.0,0.0140858879060297,0.0198536138837157,0.019118710278025,-1.5739770310788437,1.0593753366266334,1.7185109850775149
2018-11-16,2736.27001953125,5575.5498046875,7247.8701171875,3996970000.0,5279320000,2466980000.0,0.0140904309125635,0.0198985962617761,0.0190455328222356,-1.2832790057027754,0.22233054237545957,-0.15373497972924755
2018-11-17,,5554.330078125,,,4303150000,,,0.0198771607021341,,-0.3805853647771196,,
2018-11-18,,5623.5400390625,,,4159680000,,,0.0201257371169509,,1.246054158899823,,
2018-11-19,2690.72998046875,4871.490234375,7028.47998046875,3806940000.0,7039560000,2381430000.0,0.0143505262720781,0.0322975578397399,0.0197258275428865,-13.37324531280254,-1.664310858849427,-3.0269601023684367
2018-11-20,2641.889892578125,4451.8701171875,6908.81982421875,4370820000.0,8428290000,2672250000.0,0.0146427470022484,0.0354271818997589,0.0198765954484798,-8.613793664749824,-1.815124083246611,-1.7025040489909715
2018-11-21,2649.929931640625,4602.169921875,6972.25,3237400000.0,6120120000,1867840000.0,0.0134884182075207,0.0363306026268143,0.0186627823973895,3.3761048892067214,0.3043290746176375,0.9181043563894375
2018-11-22,,4365.93994140625,,,4569370000,,,0.0370456055712831,,-5.133013002103715,,
2018-11-23,2632.56005859375,4347.10986328125,6938.97998046875,1651680000.0,4871490000,958950000.0,0.013035641785669,0.0369580963853365,0.0185650513091731,-0.4312949417012546,-0.6554842390161242,-0.4771776618917811
2018-11-24,,3880.760009765625,,,4679500000,,,0.0411536741011367,,-10.727813839138145,,
2018-11-25,,4009.969970703125,,,6825640000,,,0.0420499960365027,,3.329501453641903,,
2018-11-26,2673.449951171875,3779.1298828125,7081.85009765625,3523520000.0,6476900000,2036910000.0,0.0130905888349367,0.0426494058393629,0.0184666570077368,-5.756653779882259,1.55323683669224,2.058949839740687
2018-11-27,2682.169921875,3820.719970703125,7082.7001953125,3494380000.0,5998720000,2076790000.0,0.0130824138877237,0.0428413053099068,0.0184226128781706,1.100520203864308,0.3261692144003847,0.012003892267231642
2018-11-28,2743.7900390625,4257.419921875,7291.58984375,3984540000.0,7280280000,2413120000.0,0.0131690737163762,0.048581738677169,0.018455319299834,11.429781677810569,2.2973979644221654,2.949293951136722
2018-11-29,2737.800048828125,4278.8466796875,7273.080078125,3599200000.0,6503347767,2018190000.0,0.0131710626348389,0.04863508890607,0.0184546574593271,0.5032803483256965,-0.21831080910337253,-0.2538508887861446
2018-11-30,2760.169921875,4017.2685546875,7330.5400390625,4668310000.0,6048016717,2547970000.0,0.0130101785135764,0.0494331415525812,0.018167832094635,-6.113285765572329,0.8170747552017188,0.7900361376512288
2018-12-01,,4214.671875,,,5375314093,,,0.0505790638290478,,4.913869153262418,,
2018-12-02,,4139.8779296875,,,5262697895,,,0.0504987005043648,,-1.7746089738599147,,
2018-12-03,2790.3701171875,3894.130859375,7441.509765625,4221580000.0,5089570994,2643150000.0,0.0131635414871779,0.0511676015747123,0.0183724588490697,-5.936094601974173,1.0941426132194287,1.513800156211853
2018-12-04,2700.06005859375,3956.893798828125,7158.43017578125,4515710000.0,5028069239,2655720000.0,0.0144761281216864,0.0513998097313612,0.0196750667061162,1.6117316474361765,-3.236490314939877,-3.804061255840796
2018-12-05,,3753.994873046875,,,5302481574,,,0.051639452273321,,-5.127732410744523,,
2018-12-06,2695.949951171875,3521.101806640625,7188.259765625,5180430000.0,5878333109,2857650000.0,0.0144483501790705,0.0520963973545671,0.0196935795398191,-6.203872788383058,-0.15222281477752508,0.4167057456908818
2018-12-07,2633.080078125,3419.937255859375,6969.25,4242240000.0,6835615448,2504680000.0,0.0139386713754368,0.0517888249933341,0.0187374099981334,-2.873093603554966,-2.3320118765389863,-3.046770327810455
2018-12-08,,3476.11474609375,,,5305024497,,,0.0522233881625803,,1.6426468099122626,,
2018-12-09,,3614.234375,,,4947372847,,,0.0533239454194106,,3.9733909549867663,,
2018-12-10,2637.719970703125,3502.656005859375,7020.52001953125,4162880000.0,5020968740,2380270000.0,0.0134906026363095,0.0531941115018454,0.0179497982530697,-3.0871924054627797,0.1762153994735005,0.7356605019370743
2018-12-11,2636.780029296875,3424.588134765625,7031.830078125,3963440000.0,4696765188,2286810000.0,0.013119766827318,0.0530544635166964,0.017573721076937,-2.228819243544189,-0.035634616892232795,0.1611000119974726
2018-12-12,2651.070068359375,3486.9501953125,7098.31005859375,4029300000.0,4139364829,2427080000.0,0.0131036240763735,0.0534697400049586,0.0174047522150208,1.8210090700773618,0.5419503676349802,0.9454150588132038
2018-12-13,2650.5400390625,3313.67724609375,7070.330078125,3978340000.0,4343372456,2162210000.0,0.0127758642762614,0.0536436390740586,0.0171714295888139,-4.969183369802089,-0.019993032368359476,-0.39417805418171525
2018-12-14,2599.949951171875,3242.48486328125,6910.66015625,4064370000.0,4372763663,2218330000.0,0.0130438303211982,0.0514158025763761,0.0171979778296611,-2.1484404643338006,-1.9086709555430348,-2.2583093025459355
2018-12-15,,3236.76171875,,,3551763561,,,0.0515100510714874,,-0.176504895861207,,
2018-12-16,,3252.839111328125,,,3744248994,,,0.0516805977619473,,0.4967122690864523,,
2018-12-17,2545.93994140625,3545.86474609375,6753.72998046875,4661420000.0,5409247918,2697400000.0,0.0133171156199227,0.0550379222578586,0.0172192946572146,9.008303968836117,-2.0773480559224233,-2.27084203582667
2018-12-18,2546.159912109375,3696.05908203125,6783.91015625,4519190000.0,5911325473,2623270000.0,0.0133041513301663,0.0557878222899561,0.0172184000664097,4.235760433416402,0.008640058610476231,0.4468667812975724
2018-12-19,2506.9599609375,3745.95068359375,6636.830078125,5152830000.0,6810689119,2919140000.0,0.0134333944742018,0.0503082482082718,0.0175723132559595,1.3498594166162725,-1.539571453679811,-2.168072317253422
2018-12-20,2467.419921875,4134.44140625,6528.41015625,5619780000.0,8927129279,3282440000.0,0.0135193649070473,0.0515747110618558,0.0176325643540229,10.370951341077017,-1.5772106327423652,-1.6336100306734158
2018-12-21,2416.6201171875,3896.543701171875,6332.990234375,7657890000.0,7206015706,4571670000.0,0.0130343373798514,0.052129520374365,0.0173153457647139,-5.754047081632285,-2.0588228309714296,-2.9933769049102055
2018-12-22,,4014.1826171875,,,5605823233,,,0.0517298358090108,,3.019058043163869,,
2018-12-23,,3998.980224609375,,,6151275490,,,0.0517293898979962,,-0.3787170148421448,,
2018-12-24,2351.10009765625,4078.59912109375,6192.919921875,2613670000.0,7240968501,1647440000.0,0.0136482036521169,0.0474387790557123,0.0175716195342205,1.9909800002112288,-2.7112254452099527,-2.211756331783188
2018-12-25,,3815.49072265625,,,6158207293,,,0.048649617956491,,-6.450950206818629,,
2018-12-26,2467.699951171875,3857.297607421875,6554.35986328125,4249740000.0,5326547918,2572890000.0,0.0168456460799595,0.0474554762578673,0.0209046071167026,1.0957144913857908,4.959374278953943,5.836341273032608
2018-12-27,2488.830078125,3654.83349609375,6579.490234375,4139010000.0,5130222366,2449110000.0,0.0167185902907139,0.0484391232081866,0.0204424046653945,-5.248858966405945,0.8562680784222065,0.38341457622024233
2018-12-28,2485.739990234375,3923.918701171875,6584.52001953125,3728440000.0,5631554348,2216250000.0,0.016719419265236,0.0459468124665261,0.0204467578871062,7.36244771111243,-0.12415825080966947,0.0764464263503406
2018-12-29,,3820.40869140625,,,4991655917,,,0.0461277686173174,,-2.637924423222937,,
2018-12-30,,3865.95263671875,,,4770578575,,,0.0448159093763469,,1.192122335365542,,
2018-12-31,2506.85009765625,3742.700439453125,6635.27978515625,3461920000.0,4661840806,2109320000.0,0.0168247489606321,0.044167865112032,0.0205042416998613,-3.188145558095512,0.849248413140935,0.7708954559244141
2019-01-01,,3843.52001953125,,,4324200990,,,0.0444294968692558,,2.693765683605087,,
2019-01-02,2510.030029296875,3943.409423828125,6665.93994140625,3733160000.0,5244856836,2261800000.0,0.0166614890216599,0.0432863045002187,0.0202209683791509,2.5989042281366226,0.12684969251244294,0.462077821022544
2019-01-03,2447.889892578125,3836.7412109375,6463.5,3858830000.0,4530215219,2631550000.0,0.0171164893218766,0.0434730745660784,0.0208536424408979,-2.704974336321264,-2.475673039503723,-3.0369301731743903
2019-01-04,2531.93994140625,3857.717529296875,6738.85986328125,4234140000.0,4847965467,2596150000.0,0.0182363620711295,0.0423748306121712,0.0218027113877333,0.5467222626216461,3.4335714642623527,4.260228410013922
2019-01-05,,3845.194580078125,,,5137609824,,,0.0405769162271722,,-0.3246206888826486,,
2019-01-06,,4076.632568359375,,,5597027440,,,0.0413331058942203,,6.018888861446059,,
2019-01-07,2549.68994140625,4025.248291015625,6823.47021484375,4133120000.0,5228625637,2523450000.0,0.0180410495090396,0.0414192692138997,0.0217351473250527,-1.260458883210791,0.7010434848680358,1.255558852373917
2019-01-08,2574.409912109375,4030.847900390625,6897.0,4120060000.0,5306593305,2407340000.0,0.0181345197778632,0.0409183972279968,0.0217609797825199,0.13911214837352137,0.9695285023358924,1.077601027645625
2019-01-09,2584.9599609375,4035.29638671875,6957.080078125,4088740000.0,5115905225,2434500000.0,0.0181252410133816,0.0403868284506763,0.0218053405816531,0.11036105648376537,0.4098045450532162,0.8711045110192828
2019-01-10,2596.639892578125,3678.924560546875,6986.06982421875,3721300000.0,6874143796,2190110000.0,0.0179008206917948,0.0438804484066661,0.0214835056990152,-8.831366819666354,0.4518418782931244,0.4166941557119941
2019-01-11,2596.260009765625,3687.365478515625,6971.47998046875,3447460000.0,5538712865,2074310000.0,0.0178838788695788,0.0437807516813205,0.0214852603786163,0.22943982214995717,-0.014629784190933748,-0.20884193999065603
2019-01-12,,3661.301025390625,,,4778170883,,,0.0426738738279722,,-0.7068584135981104,,
2019-01-13,,3552.953125,,,4681302466,,,0.0428688573890938,,-2.9592732102399433,,
2019-01-14,2582.610107421875,3706.05224609375,6905.919921875,3689370000.0,5651384490,1960780000.0,0.0173206849136479,0.0434458831446833,0.0207955640487748,4.309066731460187,-0.5257525167898014,-0.9404037417796829
2019-01-15,2610.300048828125,3630.67529296875,7023.830078125,3601180000.0,5537192302,2066090000.0,0.0174746061306224,0.043685794526419,0.0210739796700714,-2.033888032864317,1.0721688622945758,1.7073779827146751
2019-01-16,2616.10009765625,3655.0068359375,7034.68994140625,3882180000.0,5394457145,2163730000.0,0.0173942300035965,0.0408199528325343,0.0210120580137796,0.6701657682214313,0.22219854881162515,0.1546145501878149
2019-01-17,2635.9599609375,3678.56396484375,7084.4599609375,3802410000.0,5464420383,2149280000.0,0.017321269597567,0.0401170422271697,0.0208472568696088,0.6445166852939055,0.7591400382211066,0.7074941460931017
2019-01-18,2670.7099609375,3657.83935546875,7157.22998046875,4009010000.0,5002961727,2459920000.0,0.0164985989608083,0.0400456367976936,0.0197261734537849,-0.5633885824214646,1.318305304897005,1.0271780761341276
2019-01-19,,3728.568359375,,,5955691380,,,0.0356218714073164,,1.9336279435154813,,
2019-01-20,,3601.013671875,,,5582489560,,,0.0345646683865484,,-3.4210097604695955,,
2019-01-21,,3576.032470703125,,,5004347059,,,0.0340246479267997,,-0.6937269182559769,,
2019-01-22,2632.89990234375,3604.5771484375,7020.35986328125,3923950000.0,5313623556,2397660000.0,0.0166921489596947,0.034092843400119,0.0200184782358664,0.7982219951364833,-1.4157306164566674,-1.912333648087361
2019-01-23,2638.699951171875,3585.123046875,7025.77001953125,3358770000.0,5433755649,2288090000.0,0.0161317615891848,0.0338113431728266,0.0191915097015942,-0.5397055122244532,0.22029127742235755,0.0770638023600112
2019-01-24,2642.330078125,3600.865478515625,7073.4599609375,3449230000.0,5262869046,2419110000.0,0.0161305219378803,0.0317142620254966,0.019184621018818,0.43910436084884097,0.1375725554363605,0.6787859732623636
2019-01-25,2664.760009765625,3599.765869140625,7164.85986328125,3821000000.0,5265847539,2446550000.0,0.0162027350057632,0.0316238405316902,0.0193211126563565,-0.03053736335224544,0.8488694060713842,1.292152678441627
2019-01-26,,3602.46044921875,,,5098183235,,,0.030084794557303,,0.07485431486600191,,
2019-01-27,,3583.9658203125,,,5570752966,,,0.0268846371239604,,-0.5133888120898322,,
2019-01-28,2643.85009765625,3470.450439453125,7085.68017578125,3630820000.0,6908930483,2448790000.0,0.0162413295745956,0.0270682617775339,0.0193626072594015,-3.167312037855241,-0.7846827493937836,-1.1051114608086499
2019-01-29,2640.0,3448.116943359375,7028.2900390625,3518070000.0,5897159493,2106370000.0,0.0162432429170852,0.0269231669484963,0.01940659661184,-0.6435330653293936,-0.14562465775435074,-0.8099453446249072
2019-01-30,2681.050048828125,3486.181640625,7183.080078125,3883270000.0,5955112627,2569410000.0,0.0160679783829276,0.0264963455015087,0.0193212796714859,1.103927096757329,1.554926091974429,2.2023854764415374
2019-01-31,2704.10009765625,3457.792724609375,7281.740234375,4953800000.0,5831198271,2947490000.0,0.0155698613877108,0.0259410056017677,0.0188875586622082,-0.8143269325041613,0.8597395948725328,1.373507676051866
2019-02-01,2706.530029296875,3487.9453125,7263.8701171875,3782490000.0,5422926707,2398800000.0,0.0155671099530491,0.0254632599682988,0.0189051399758362,0.8720183739189036,0.08986100931438479,-0.24540997910280637
2019-02-02,,3521.060791015625,,,5071623601,,,0.025186637110866,,0.9494265405179059,,
2019-02-03,,3464.013427734375,,,5043937584,,,0.0252526467123517,,-1.620175471744556,,
2019-02-04,2724.8701171875,3459.154052734375,7347.5400390625,3369450000.0,5332718886,2106030000.0,0.0152285810964244,0.0252557494052345,0.0184074873398084,-0.14028164443861124,0.6776236617404008,1.1518642338747664
2019-02-05,2737.699951171875,3466.357421875,7402.080078125,3597620000.0,5227549545,2284960000.0,0.0148162615445824,0.0224242145767063,0.0180313711133224,0.20824077305636735,0.470842037697472,0.7422897836900866
2019-02-06,2731.610107421875,3413.767822265625,7375.27978515625,3486590000.0,5482196038,2179400000.0,0.0141398024321228,0.0224583609936616,0.0168874103349896,-1.5171430181290635,-0.22244379802809355,-0.3620643479385177
2019-02-07,2706.050048828125,3399.4716796875,7288.35009765625,4114040000.0,5004962683,2310700000.0,0.0130942623252787,0.0224224574320943,0.016400458847808,-0.41877899501193694,-0.9357140143940179,-1.1786629122187087
2019-02-08,2707.8798828125,3666.7802734375,7298.2001953125,3649510000.0,7735623101,2102520000.0,0.0101732840105446,0.0268907522952867,0.013239898761699,7.863239318839477,0.06762010869560964,0.13514852503335728
2019-02-09,,3671.20361328125,,,6158833645,,,0.0209503143720462,,0.12063280354683847,,
2019-02-10,,3690.188232421875,,,6282256903,,,0.0209679836606255,,0.5171224791767015,,
2019-02-11,2709.800048828125,3648.4306640625,7307.89990234375,3395330000.0,6277056434,1908490000.0,0.0101294199192498,0.0210326773282082,0.0132461713028045,-1.1315836951756086,0.07091030986317026,0.13290546671329562
2019-02-12,2744.72998046875,3653.528564453125,7414.6201171875,3843020000.0,6480384532,2140130000.0,0.0102583702756513,0.0202593987604128,0.0133849524103279,0.13972858086190865,1.28902247439735,1.4603404024393196
2019-02-13,2753.030029296875,3632.070556640625,7420.3798828125,3684910000.0,6438903823,2103840000.0,0.0102121190022896,0.0187268355853575,0.013378099479703,-0.5873228423961097,0.3023994668760688,0.07768119652749039
2019-02-14,2745.72998046875,3616.880859375,7426.9501953125,3845390000.0,6271044418,2117500000.0,0.010261683022356,0.0183627500169467,0.0133869105634965,-0.41821041273146786,-0.2651641555101225,0.08854415277603778
2019-02-15,2775.60009765625,3620.810791015625,7472.41015625,3648680000.0,6091952231,2263640000.0,0.0088760498374287,0.0183196060407575,0.0117024480530868,0.10865526937218206,1.087875260858695,0.6120945979440018
2019-02-16,,3629.78759765625,,,5934744052,,,0.0182836788098595,,0.24792255543701902,,
2019-02-17,,3673.836181640625,,,7039512503,,,0.0183954423720364,,1.213530621263259,,
2019-02-18,,3915.71435546875,,,9908216640,,,0.0215220742484652,,6.583804009467542,,
2019-02-19,2779.760009765625,3947.094482421875,7486.77001953125,3535270000.0,9933626655,2124140000.0,0.0069053234043688,0.0204130580914968,0.0094077591492582,0.8013895832135631,0.14987433214488366,0.19217177565178378
2019-02-20,2784.699951171875,3999.820556640625,7489.06982421875,3904830000.0,8693373948,2202670000.0,0.006869977860951,0.0204047914668082,0.0092690350526899,1.3358199164869689,0.17771107537685182,0.030718249411965104
2019-02-21,2774.8798828125,3954.1181640625,7459.7099609375,3598260000.0,7775128102,2144680000.0,0.0068475323270719,0.0205742780498087,0.0092397447564539,-1.1426110729454764,-0.3526436790880272,-0.39203618033182286
2019-02-22,2792.669921875,4005.526611328125,7527.5400390625,3429350000.0,7826525254,2428560000.0,0.0068787723938525,0.0205854048325728,0.0092485563182141,1.300124202985553,0.6411102394986878,0.9092857293405476
2019-02-23,,4142.52685546875,,,8922258316,,,0.0212992745148497,,3.420280463327119,,
2019-02-24,,3810.427490234375,,,10794227451,,,0.0267077442888313,,-8.016830712779921,,
2019-02-25,2796.110107421875,3882.6962890625,7554.4599609375,3860260000.0,9318796067,2399410000.0,0.0068730526895723,0.0268835308303056,0.0092458200889524,1.8966060635805304,0.12318625699112573,0.3576191124232464
2019-02-26,2793.89990234375,3854.35791015625,7549.2998046875,3676200000.0,7931218996,2305760000.0,0.0068825031103011,0.0269078196467523,0.0092247083730793,-0.7298633937987575,-0.07904570968998437,-0.06830609039801816
2019-02-27,2792.3798828125,3851.04736328125,7554.509765625,3771790000.0,8301309684,2430790000.0,0.0067526217246484,0.0261145412099437,0.0089475816726013,-0.08589100836423613,-0.05440493877303387,0.06901250542818982
2019-02-28,2784.489990234375,3854.785400390625,7532.52978515625,4445780000.0,8399767798,2676790000.0,0.0066457015916795,0.0260523417422103,0.0086087747404331,0.09706546704713048,-0.28255083152146643,-0.29095177782103576
2019-03-01,2803.68994140625,3859.583740234375,7595.35009765625,3994950000.0,7661247975,2490920000.0,0.0067013433021462,0.0260193689676435,0.0086757159142688,0.12447748305945971,0.689532059343434,0.8339869113268561
2019-03-02,,3864.4150390625,,,7578786076,,,0.0259316161488014,,0.12517668104363722,,
2019-03-03,,3847.17578125,,,7253558152,,,0.0259557612085282,,-0.44610264783262465,,
2019-03-04,2792.81005859375,3761.55712890625,7577.56982421875,3949730000.0,9029175788,2582090000.0,0.0067178347599443,0.0263460926762555,0.0086774463864966,-2.2254936403225956,-0.3880558492514008,-0.23409419195813408
2019-03-05,2789.64990234375,3896.375,7576.35986328125,3631380000.0,10174126415,2166670000.0,0.006396615016492,0.0267729530757335,0.0085544963012067,3.5840973956695166,-0.1131532823106185,-0.015967664641414192
2019-03-06,2771.449951171875,3903.942626953125,7505.919921875,3800180000.0,9175291529,2256550000.0,0.0058772948997701,0.026756976991519,0.0078685411880248,0.19422224383240927,-0.6524098653592381,-0.9297333109483996
2019-03-07,2748.929931640625,3911.484375,7421.4599609375,3932150000.0,9584165519,2462690000.0,0.0061456526049981,0.0267573690682298,0.0082461830840447,0.19318286070102442,-0.8125717558683521,-1.125244631125799
2019-03-08,2743.070068359375,3901.131591796875,7408.14013671875,3424300000.0,10638638944,2260950000.0,0.0061787423348927,0.026541412075109,0.0082174714394099,-0.26467658337827604,-0.21316888487414865,-0.1794771418138552
2019-03-09,,3963.313720703125,,,10796103518,,,0.0265680923001939,,1.5939510740166751,,
2019-03-10,,3951.599853515625,,,9713267607,,,0.0230050228565963,,-0.29555740506511663,,
2019-03-11,2783.300048828125,3905.227294921875,7558.06005859375,3764850000.0,10125901903,2248460000.0,0.0065157162243363,0.0231522960673024,0.0086521792763987,-1.173513521428382,1.4666041867757107,2.0237187621750863
2019-03-12,2791.52001953125,3909.15625,7591.02978515625,3432340000.0,9809887079,2171620000.0,0.0062766606181694,0.0231455474987853,0.0083114906654003,0.10060759032475275,0.29533182046204143,0.43621943073888225
2019-03-13,2810.919921875,3906.71728515625,7643.41015625,3782250000.0,9469184841,2379260000.0,0.0063126057113309,0.0230153320252834,0.0081114110901417,-0.06239108103570645,0.6949583813841809,0.6900298454391107
2019-03-14,2808.47998046875,3924.369140625,7630.91015625,3505670000.0,10480789570,2198900000.0,0.0058060884580809,0.0230182241608498,0.0073081775075853,0.4518334494236109,-0.08680223820187738,-0.16353956865416963
2019-03-15,2822.47998046875,3960.9111328125,7688.52978515625,5969780000.0,9394210605,3451860000.0,0.0056924903377375,0.0229966988652786,0.0070534707541249,0.9311558336655423,0.498490290027398,0.755081998430529
2019-03-16,,4048.725830078125,,,9856166973,,,0.0232128224277785,,2.217032756381765,,
2019-03-17,,4025.22900390625,,,8221625400,,,0.0232744184711561,,-0.5803511316403887,,
2019-03-18,2832.93994140625,4032.50732421875,7714.47998046875,3620770000.0,9646954186,2302140000.0,0.0057064494097016,0.023275784480794,0.0070119625906718,0.18081754616785517,0.37059469012648005,0.33751830372823477
2019-03-19,2832.570068359375,4071.190185546875,7723.9501953125,3650740000.0,9344919956,2457920000.0,0.0056266659491217,0.0232484196761271,0.0067816804546299,0.9592756619634768,-0.01305615560248663,0.12275895287467975
2019-03-20,2824.22998046875,4087.476318359375,7728.97021484375,3779160000.0,10175916388,2464230000.0,0.00564025499918,0.0202695144695032,0.0066964341165507,0.40003370194585663,-0.29443536044478913,0.06499290394565982
2019-03-21,2854.8798828125,4029.326904296875,7838.9599609375,3612620000.0,10831212662,2502810000.0,0.0058764577639053,0.0204295216002107,0.007010507199274,-1.4226238767748978,1.0852481049954399,1.4230840983513016
2019-03-22,2800.7099609375,4023.96826171875,7642.669921875,4253730000.0,9252935969,2504740000.0,0.0067097092167376,0.0202928934593787,0.0082557903987184,-0.13299101079167208,-1.8974501239482744,-2.50403165777906
2019-03-23,,4035.826416015625,,,9578850549,,,0.0201768919229815,,0.2946880672416219,,
2019-03-24,,4022.168212890625,,,9144851065,,,0.0200551870593689,,-0.33842394882989124,,
2019-03-25,2798.360107421875,3963.070556640625,7637.5400390625,3406110000.0,10359818883,2162490000.0,0.0067190677392642,0.0191971288876139,0.0082659952689382,-1.4692984758966188,-0.0839020658475631,-0.06712160625722552
2019-03-26,2818.4599609375,3985.080810546875,7691.52001953125,3288570000.0,10707678815,2080350000.0,0.0068088079677376,0.0113463168966138,0.0083271641614812,0.555383851780511,0.7182725862306283,0.7067718164836645
2019-03-27,2805.3701171875,4087.066162109375,7643.3798828125,3422400000.0,10897131934,2244070000.0,0.0065328654021718,0.011741791772496,0.0080870648922952,2.5591790081793686,-0.46443248906916645,-0.6258858664673128
2019-03-28,2815.43994140625,4069.107177734375,7669.169921875,3185460000.0,9353915899,1922150000.0,0.006540487143288,0.0116762009800508,0.0080982906888802,-0.43941017009940797,0.3589481529391092,0.33741668552276227
2019-03-29,2834.39990234375,4098.37451171875,7729.31982421875,3752520000.0,10918665557,2311790000.0,0.0065958074140732,0.0117049104197443,0.0081902143255303,0.7192568960710188,0.6734280017363758,0.7843078580405782
2019-03-30,,4106.66015625,,,9732688060,,,0.0117030632192417,,0.20216904305738748,,
2019-03-31,,4105.404296875,,,9045122443,,,0.0117104356236377,,-0.03058103975535076,,
2019-04-01,2867.18994140625,4158.18310546875,7828.91015625,3560090000.0,10157794171,2230050000.0,0.0066316965950064,0.0118709241559917,0.0084131507780313,1.285593446519373,1.1568600124275408,1.288474720882915
2019-04-02,2867.239990234375,4879.8779296875,7848.68994140625,3267210000.0,21315047816,2123250000.0,0.006634004914693,0.0310585503249707,0.0084147781069739,17.35601357404375,0.001745570720723677,0.2526505575039639
2019-04-03,2873.39990234375,4973.02197265625,7895.5498046875,3570000000.0,22899891582,2509630000.0,0.0066357800486307,0.0305758907602231,0.008448537047242,1.9087371510277729,0.2148376881724312,0.5970405714976534
2019-04-04,2879.389892578125,4922.798828125,7891.77978515625,3038740000.0,18251810240,2152640000.0,0.0065811691433366,0.0303715293373103,0.0083917013363358,-1.0099119772122078,0.20846350796801527,-0.047748663798075075
2019-04-05,2892.739990234375,5036.68115234375,7938.68994140625,3155970000.0,16837325387,2157050000.0,0.0065412354010778,0.030472639870265,0.0083186416511429,2.3133653881632465,0.4636432770241061,0.5944179580154252
2019-04-06,,5059.8173828125,,,16929795194,,,0.0304567849296383,,0.4593546775932822,,
2019-04-07,,5198.89697265625,,,16655416140,,,0.0305629723109523,,2.7487076967675605,,
2019-04-08,2895.77001953125,5289.77099609375,7953.8798828125,3056460000.0,17154113634,2075550000.0,0.0065412659453539,0.0305748867019841,0.0083117948454071,1.7479481496835758,0.10474599539205265,0.191340655931449
2019-04-09,2878.199951171875,5204.95849609375,7909.27978515625,3032480000.0,14722104361,2078800000.0,0.006666175541601,0.030855994287694,0.0084093512640754,-1.6033302776742198,-0.6067494393846573,-0.5607338596177014
2019-04-10,2888.2099609375,5324.5517578125,7964.240234375,3092230000.0,15504590933,2012290000.0,0.0066746044661539,0.0306895688412509,0.0084641588232774,2.297679449480783,0.34778715639784963,0.6948856370196488
2019-04-11,2888.320068359375,5064.48779296875,7947.35986328125,2970650000.0,16555616019,1969480000.0,0.0066364470660132,0.0325835420904483,0.008450300695086,-4.884241466188555,0.0038123067008344336,-0.21195205816232354
2019-04-12,2907.409912109375,5089.5390625,7984.16015625,3726050000.0,13675206312,1968900000.0,0.0066283030568858,0.0325448802792291,0.0083787573217631,0.4946456691243162,0.6609324208602496,0.46305054259310197
2019-04-13,,5096.58642578125,,,10823289598,,,0.032564136017913,,0.13846761356397508,,
2019-04-14,,5167.72216796875,,,10391952498,,,0.0325776333828907,,1.3957526910101548,,
2019-04-15,2905.580078125,5067.1083984375,7976.009765625,3114530000.0,12290155061,1827710000.0,0.006568291948331,0.0328860387283257,0.0083604045848899,-1.9469655345422332,-0.06293691084816588,-0.10208200318502225
2019-04-16,2907.06005859375,5235.5595703125,8000.22998046875,3403120000.0,11618660197,2102740000.0,0.0065539863355835,0.0331002586059459,0.0083561222474083,3.3244043472001383,0.050935800389462216,0.3036633047784676
2019-04-17,2900.449951171875,5251.93798828125,7996.080078125,3648100000.0,12438480677,2317330000.0,0.0064211006588301,0.0330915871484614,0.0081013541826574,0.3128303240330199,-0.22738117853239315,-0.05187228809523381
2019-04-18,2905.030029296875,5298.3857421875,7998.06005859375,3507100000.0,13256489918,2124630000.0,0.0061557804315007,0.0330912922166001,0.0077060320428023,0.8843926567657423,0.15790922795098083,0.02476188894313669
2019-04-19,,5303.8125,,,13780238655,,,0.03311054267556,,0.10242285247921146,,
2019-04-20,,5337.88623046875,,,13169647522,,,0.0328288478207921,,0.642438443454596,,
2019-04-21,,5314.53125,,,13731844223,,,0.0328679021480309,,-0.43753237630730357,,
2019-04-22,2907.969970703125,5399.365234375,8015.27001953125,3010130000.0,14601631648,1790990000.0,0.0061123753760229,0.0328665780773589,0.0076638345640752,1.5962646635110156,0.10120175614714011,0.21517669049018195
2019-04-23,2933.679931640625,5572.3623046875,8120.81982421875,3674480000.0,15867308108,2099410000.0,0.0057842691369949,0.0330051484636572,0.0072109671124414,3.2040260809014454,0.8841205788409079,1.3168590007610614
2019-04-24,2927.25,5464.86669921875,8102.009765625,3468480000.0,17048033399,2043310000.0,0.0058237142400199,0.0331413510469338,0.0072512391318606,-1.9290850018550354,-0.21917631747336852,-0.2316275819548741
2019-04-25,2926.169921875,5210.515625,8118.68017578125,3440010000.0,15330283408,2073370000.0,0.0057446871838868,0.0348089751465303,0.007196585109532,-4.654296037177108,-0.03689736527457965,0.205756480657171
2019-04-26,2939.8798828125,5279.34814453125,8146.39990234375,3264390000.0,16812108040,1982560000.0,0.0057603422145638,0.0346828678479722,0.0071672986838602,1.3210308630683842,0.46852921407636305,0.3414314391296136
2019-04-27,,5268.291015625,,,13111274675,,,0.0346557411089323,,-0.209441177273062,,
2019-04-28,,5285.13916015625,,,12819992056,,,0.0346690372894892,,0.31980284462800324,,
2019-04-29,2943.030029296875,5247.3525390625,8161.85009765625,3150390000.0,13735490672,1781860000.0,0.0057237306230442,0.034768594419927,0.0070959122173526,-0.7149598137096702,0.10715221743553549,0.18965672564215108
2019-04-30,2945.830078125,5350.7265625,8095.39013671875,3939760000.0,13878964574,2131850000.0,0.0057075371520562,0.0347902186446317,0.0073278917613606,1.9700224573813152,0.09514170090862972,-0.8142756867904777
2019-05-01,2923.72998046875,5402.697265625,8049.64013671875,3669330000.0,13679528236,2273540000.0,0.0059272768201426,0.0347826986486833,0.0074473399428024,0.9712831055362026,-0.7502163081421376,-0.5651364446598972
2019-05-02,2917.52001953125,5505.28369140625,8036.77001953125,3802290000.0,14644460907,2211530000.0,0.0059099929270799,0.020022318139384,0.0074662172782668,1.8988001869725712,-0.21239857917741967,-0.15988437953632362
2019-05-03,2945.639892578125,5768.28955078125,8164.0,3357180000.0,18720780006,2081080000.0,0.0058456184869715,0.0213326631809876,0.0075645221815366,4.7773352676729886,0.9638279380647763,1.583098435808794
2019-05-04,,5831.16748046875,,,17567780766,,,0.0211640589785595,,1.0900619522295596,,
2019-05-05,,5795.70849609375,,,14808830723,,,0.0210113588291451,,-0.6080940822531411,,
2019-05-06,2932.469970703125,5746.80712890625,8123.2900390625,3203260000.0,15737171804,1979650000.0,0.0045722650730856,0.0211481888927679,0.0057905294860265,-0.8437513242851802,-0.4470988428756373,-0.4986521427915225
2019-05-07,2884.050048828125,5829.50146484375,7963.759765625,3793060000.0,18026409033,2397600000.0,0.0056412474497941,0.0207965268481475,0.0070245560721417,1.4389613933892154,-1.6511651392423388,-1.963862827381102
2019-05-08,2879.419921875,5982.45751953125,7943.31982421875,3543110000.0,15320605300,2214680000.0,0.0055376663347375,0.0210459535294586,0.0069770899446448,2.6238273651690402,-0.16054253132695706,-0.25666195374799416
2019-05-09,2870.719970703125,6174.52880859375,7910.58984375,3659050000.0,16784645411,2549500000.0,0.0054909972982058,0.0212655776126789,0.0069096928462146,3.2105750594205507,-0.30214249424966866,-0.4120440973427564
2019-05-10,2881.39990234375,6378.84912109375,7916.93994140625,3566780000.0,19419875368,2421470000.0,0.0054933528644187,0.0216102114129029,0.00689709562001,3.309083475578345,0.37202972597878414,0.08027337760745379
2019-05-11,,7204.771484375,,,28867562329,,,0.0280432116660057,,12.947827227172803,,
2019-05-12,,6972.37158203125,,,27773333680,,,0.0291819267959103,,-3.2256387707473633,,
2019-05-13,2811.8701171875,7814.9150390625,7647.02001953125,3900270000.0,28677672181,2484820000.0,0.0070527307444311,0.0347005904670158,0.0093802459969775,12.084029761159009,-2.413055719884427,-3.4093971139442014
2019-05-14,2834.409912109375,7994.416015625,7734.490234375,3354860000.0,32031452227,2103140000.0,0.0068773704030509,0.0347347671161604,0.009314520707583,2.296902470023965,0.8015944543135589,1.143847075335791
2019-05-15,2850.9599609375,8205.16796875,7822.14990234375,3140900000.0,28344112920,2014080000.0,0.0069700599606713,0.0341804394530044,0.0095433970442226,2.6362395040874453,0.583897507464215,1.1333606393238105
2019-05-16,2876.320068359375,7884.9091796875,7898.0498046875,3338470000.0,33167197581,2168720000.0,0.0071528606910791,0.0355019485858704,0.0096479549549618,-3.903135076359554,0.8895287120600504,0.9703202225900487
2019-05-17,2859.530029296875,7343.8955078125,7816.27978515625,3316040000.0,30066644905,2176380000.0,0.0072209333875585,0.038701414137225,0.0098338119779373,-6.8613811465161545,-0.5837333350761975,-1.0353191174195864
2019-05-18,,7271.2080078125,,,21354286562,,,0.0388919867280465,,-0.9897676229553398,,
2019-05-19,,8197.689453125,,,25902422040,,,0.0436549063057434,,12.741781617539317,,
2019-05-20,2840.22998046875,7978.30908203125,7702.3798828125,3293750000.0,23843404340,2130700000.0,0.0072563672611832,0.0442942419588613,0.010098500774596,-2.6761244415049346,-0.6749377915387988,-1.4572137317813927
2019-05-21,2864.360107421875,7963.32763671875,7785.72021484375,3223050000.0,25127245056,2000130000.0,0.0074386859395859,0.0442619105405308,0.0103136942113935,-0.18777719888342093,0.8495835590448308,1.082007552201114
2019-05-22,2856.27001953125,7680.06640625,7750.83984375,3194000000.0,24719473175,1884660000.0,0.0073757825321256,0.0451772298314005,0.0102971526700606,-3.5570711565682367,-0.2824396230649451,-0.4480044251686466
2019-05-23,2822.239990234375,7881.8466796875,7628.27978515625,3899320000.0,24457107820,2270530000.0,0.0076415825509675,0.0451040985190078,0.010558104986143,2.627324592835456,-1.191414994527018,-1.581248755805198
2019-05-24,2826.06005859375,7987.37158203125,7637.009765625,2889230000.0,25919126991,1685230000.0,0.007650141348208,0.0447217085972456,0.0105676270319704,1.3388347506898546,0.13535590072402126,0.11444232139645738
2019-05-25,,8052.5439453125,,,22256813107,,,0.0432634833698944,,0.8159425489589589,,
2019-05-26,,8673.2158203125,,,26677970091,,,0.0446143181335644,,7.7077738316635,,
2019-05-27,,8805.7783203125,,,27949839564,,,0.0444766630120487,,1.5284123299404317,,
2019-05-28,2802.389892578125,8719.9619140625,7607.35009765625,4146980000.0,24226919267,2378470000.0,0.0076457678430877,0.0446796491457243,0.010516571721799,-0.974546520800379,-0.8375676922946718,-0.38836755325691863
2019-05-29,2783.02001953125,8659.4873046875,7547.31005859375,3701110000.0,23473479966,2282120000.0,0.0077151723997131,0.0446756891837118,0.010578536429748,-0.6935191916087824,-0.6911912256811314,-0.7892372283615279
2019-05-30,2788.860107421875,8319.47265625,7567.72021484375,3276030000.0,29246528551,1875180000.0,0.0077343913616466,0.0458545259721744,0.010573443676366,-3.9264986075266295,0.20984713906617714,0.27042954498417426
2019-05-31,2752.06005859375,8574.501953125,7453.14990234375,3982670000.0,25365190957,2239420000.0,0.0080334809980899,0.0459297306083869,0.010848078030734,3.0654502684543283,-1.319537280847849,-1.5139343058068633
2019-06-01,,8564.0166015625,,,22488303544,,,0.046023929934232,,-0.1222852548150466,,
2019-06-02,,8742.9580078125,,,20266216022,,,0.045645064107055,,2.0894565549692157,,
2019-06-03,2744.449951171875,8208.9951171875,7333.02001953125,3952360000.0,22004511436,2580670000.0,0.0080105471403444,0.0477566848034497,0.0111267287321126,-6.107348224112064,-0.27652403144732274,-1.6118001702169371
2019-06-04,2803.27001953125,7707.77099609375,7527.1201171875,3814130000.0,24609731549,2374130000.0,0.0090449565079673,0.0495711947908103,0.0123005669576209,-6.105791439007158,2.1432370568193138,2.646932602655805
2019-06-05,2826.14990234375,7824.2314453125,7575.47998046875,3570760000.0,21760923463,2139290000.0,0.0090200139037545,0.0494627806352727,0.012074780932046,1.5109484866347334,0.8161854781411959,0.6424749775259198
2019-06-06,2843.489990234375,7822.0234375,7615.5498046875,3445140000.0,19474611077,2093470000.0,0.0091169564112834,0.0494936562080286,0.0121540897401127,-0.028220123956368415,0.6135586748687638,0.528941061451671
2019-06-07,2873.340087890625,8043.951171875,7742.10009765625,3244380000.0,19141423231,2074120000.0,0.0093521095907231,0.0495184020641438,0.0125998607939803,2.837216433167966,1.049769746289475,1.6617354782560323
2019-06-08,,7954.1279296875,,,16522722810,,,0.0494876694996824,,-1.1166557363197271,,
2019-06-09,,7688.0771484375,,,16610726547,,,0.0498603948044405,,-3.3448139582594405,,
2019-06-10,2886.72998046875,8000.32958984375,7823.169921875,3209890000.0,18689275117,2042340000.0,0.0093516213085127,0.0453538716112148,0.0127595597445878,4.061515452790565,0.46600444669098184,1.0471296314457534
2019-06-11,2885.719970703125,7927.71435546875,7822.56982421875,3551000000.0,17107279932,2121150000.0,0.0093464207192813,0.0449046345351323,0.0127473453016817,-0.9076530355347279,-0.034988023558091275,-0.007670773640899853
2019-06-12,2879.840087890625,8145.857421875,7792.72021484375,3039870000.0,19034432883,1978930000.0,0.0093446440770679,0.0401254693996169,0.0126923910777787,2.7516514423324256,-0.20375791387226005,-0.3815831631516442
2019-06-13,2891.639892578125,8230.923828125,7837.1298828125,3100640000.0,18669407147,1848360000.0,0.0092948089721273,0.0399623832770418,0.0127259160421542,1.0442903901259237,0.40973819126681743,0.5698865960073629
2019-06-14,2886.97998046875,8693.8330078125,7796.66015625,2992810000.0,19831162906,1808370000.0,0.0092919319161413,0.0409146579794959,0.0127495174779346,5.624024585256682,-0.1611511904139773,-0.5163845332109895
2019-06-15,,8838.375,,,18371033226,,,0.0402193292624059,,1.662580728863916,,
2019-06-16,,8994.48828125,,,23348550311,,,0.0377050536547871,,1.7663120341691707,,
2019-06-17,2889.669921875,9320.3525390625,7845.02001953125,2828400000.0,15562951919,1950550000.0,0.0091050237037864,0.0379252792246167,0.0124335488297684,3.622932707487103,0.09317492412306283,0.6202638349253053
2019-06-18,2917.75,9081.7626953125,7953.8798828125,3441540000.0,15848210536,2250550000.0,0.009264325839633,0.0320053180232017,0.0127120182479434,-2.5598800340442818,0.9717399870633026,1.3876301527622426
2019-06-19,2926.4599609375,9273.521484375,7987.31982421875,3300220000.0,15546809946,2027520000.0,0.008738389954829,0.0316238216365388,0.0122121964745843,2.1114710381221036,0.2985163546397107,0.4204230124031705
2019-06-20,2954.179931640625,9527.16015625,8051.33984375,3943060000.0,17846823784,2108250000.0,0.008878345294085,0.0318451281318545,0.012284461460485,2.7350847496536934,0.9472185190685156,0.8015206720173085
2019-06-21,2950.4599609375,10144.556640625,8031.7099609375,5003540000.0,20624008643,2909540000.0,0.0088575600242283,0.0324461679688204,0.0122666178327692,6.480383180815696,-0.12592227925193322,-0.24380889632596991
2019-06-22,,10701.69140625,,,29995204861,,,0.0333113212151344,,5.49195775982847,,
2019-06-23,,10855.37109375,,,20998326502,,,0.03331486206466,,1.4360317604584338,,
2019-06-24,2945.35009765625,11011.1025390625,8005.7001953125,3136960000.0,19271652365,2073470000.0,0.0088540073769011,0.0333202860504632,0.0122854803627545,1.4346026862422256,-0.17318870104667816,-0.3238384572089803
2019-06-25,2917.3798828125,11790.9169921875,7884.72021484375,3579430000.0,24879684533,2132550000.0,0.0077429282771019,0.0329504070313755,0.0107935538258656,7.082074209722089,-0.9496397343734198,-1.5111730081971642
2019-06-26,2913.780029296875,13016.2314453125,7909.97021484375,3511350000.0,45105733173,2122730000.0,0.0076479015159892,0.036711277589118,0.0106250280476135,10.392020009443502,-0.12339337557076835,0.32023964467964294
2019-06-27,2924.919921875,11182.806640625,7967.759765625,3162500000.0,39977475223,2083920000.0,0.0076122549122869,0.0473668364347616,0.0105131479582346,-14.085680731712602,0.3823175554131808,0.7305912564980588
2019-06-28,2941.760009765625,12407.33203125,8006.240234375,5422650000.0,35087757766,4101490000.0,0.0075200237538846,0.0503660273383947,0.0104062260806873,10.950072106017949,0.5757452627909831,0.48295217077221064
2019-06-29,,11959.37109375,,,29923961128,,,0.0502524457158832,,-3.6104533704081843,,
2019-06-30,,10817.1552734375,,,27256473494,,,0.0541357318039791,,-9.550801721584046,,
2019-07-01,2964.330078125,10583.134765625,8091.16015625,3524860000.0,29378589324,2219030000.0,0.0075150370520389,0.0543843701870522,0.0103553378507608,-2.163420066523025,0.7672301032188189,1.0606716684617323
2019-07-02,2973.010009765625,10801.677734375,8109.08984375,3224490000.0,31015895223,1956590000.0,0.0073674087383339,0.0543823192256141,0.0099146991806642,2.0650116774459715,0.2928125887423194,0.22159600296813853
2019-07-03,2995.820068359375,11961.26953125,8170.22998046875,1963570000.0,30796494294,1548240000.0,0.0073423539731946,0.0553856445750746,0.0098298222746229,10.73529339969792,0.7672378673070135,0.7539703949127396
2019-07-04,,11215.4375,,,25920294033,,,0.0554511486920721,,-6.2353918980041385,,
2019-07-05,2990.409912109375,10978.4599609375,8161.7900390625,2434680000.0,23838480210,1690700000.0,0.007323964912385,0.0557909164382449,0.0097760037410868,-2.112958491922401,-0.180590159841032,-0.10330114851633265
2019-07-06,,11208.55078125,,,21092024306,,,0.0557725790336298,,2.095838770931313,,
2019-07-07,,11450.8466796875,,,19369044277,,,0.0557203961048592,,2.161705854451945,,
2019-07-08,2975.949951171875,12285.9580078125,8098.3798828125,2922360000.0,23482551458,1957160000.0,0.0069774812458866,0.056545228903628,0.0093736261144823,7.293009429655473,-0.48354444248415174,-0.776914818275376
2019-07-09,2979.6298828125,12573.8125,8141.72998046875,3033330000.0,28167921523,1871430000.0,0.0069777535677374,0.0558125540609328,0.0093917857283078,2.3429552014133215,0.12365569653400854,0.5352934572537604
2019-07-10,2993.070068359375,12156.5126953125,8202.5302734375,3157800000.0,33627574244,2066640000.0,0.0067220386778983,0.0563616905958003,0.0093689719416356,-3.318800918078746,0.45106896075925995,0.7467736355124099
2019-07-11,2999.909912109375,11358.662109375,8196.0400390625,3155710000.0,28595327690,1970690000.0,0.0064972245137024,0.0581827464526866,0.0091837210356759,-6.5631534794114765,0.22852267383599578,-0.07912478416589597
2019-07-12,3013.77001953125,11815.986328125,8244.1396484375,2984140000.0,23534692797,1835960000.0,0.0065080131439278,0.0583368240986082,0.0092011534331165,4.026215537942113,0.4620174547884881,0.5868640117148827
2019-07-13,,11392.37890625,,,21042616384,,,0.0590169178761013,,-3.585036493032401,,
2019-07-14,,10256.05859375,,,22486000001,,,0.0620527021323914,,-9.974390088768914,,
2019-07-15,3014.300048828125,10895.08984375,8258.1904296875,2876100000.0,25384047207,1790770000.0,0.0058019934754011,0.062834893106245,0.008548009016901,6.230768322534974,0.017586919155743175,0.17043356674171228
2019-07-16,3004.0400390625,9477.6416015625,8222.7998046875,3297030000.0,24151199070,1947010000.0,0.0058252160193095,0.068225155631962,0.0078496249540622,-13.009972955850602,-0.3403778522185874,-0.42855181533201225
2019-07-17,2984.419921875,9693.802734375,8185.2099609375,3185650000.0,24569921549,1887120000.0,0.0049788257976331,0.0680434231577883,0.006768002002067,2.2807481217359316,-0.6531243569450895,-0.4571416627286884
2019-07-18,2995.110107421875,10666.482421875,8207.240234375,3369820000.0,25187024648,2063790000.0,0.0048561996601121,0.0699573982393686,0.0067335652623043,10.034036323545138,0.3581997784064761,0.2691473223366936
2019-07-19,2976.610107421875,10530.732421875,8146.490234375,3285890000.0,20727426310,1893050000.0,0.0050085463781453,0.0699699618998894,0.0069597800988278,-1.2726782329064878,-0.617673452276668,-0.7402000948571796
2019-07-20,,10767.1396484375,,,20206615155,,,0.0699217836001819,,2.244926725812757,,
2019-07-21,,10599.10546875,,,17130580467,,,0.0691131830909661,,-1.5606204170657723,,
2019-07-22,2985.030029296875,10343.1064453125,8204.1396484375,3016200000.0,16334414913,1860440000.0,0.0047259603123476,0.0685532686851569,0.0064919804553891,-2.4152889523769483,0.2828694915066654,0.7076595245795847
2019-07-23,3005.469970703125,9900.767578125,8251.400390625,3333810000.0,17851916995,1845050000.0,0.0047957345382658,0.0689203317445462,0.0063355636835457,-4.276653919461193,0.6847482673755456,0.5760596992824274
2019-07-24,3019.56005859375,9811.92578125,8321.5,3433220000.0,17398734322,1953670000.0,0.0048222717767562,0.0688496492503339,0.0064402912033994,-0.8973223154060239,0.4688147952890187,0.8495480288975621
2019-07-25,3003.669921875,9911.841796875,8238.5400390625,3657050000.0,15821952090,2058090000.0,0.0049392423183088,0.0675500293028025,0.0067284155483545,1.018311979244002,-0.5262401280453521,-0.9969351792044723
2019-07-26,3025.860107421875,9870.3037109375,8330.2099609375,3260170000.0,14495714483,1975110000.0,0.0050357547272311,0.0646003862629893,0.0069035179917617,-0.41907535237897253,0.7387691099234761,1.1126961990881146
2019-07-27,,9477.677734375,,,16817809536,,,0.0590910111899041,,-3.9778510171619375,,
2019-07-28,,9552.8603515625,,,13738687093,,,0.0554479070949003,,0.7932599028432463,,
2019-07-29,3020.969970703125,9519.1455078125,8293.330078125,3224490000.0,13791445323,1882980000.0,0.0050358534539558,0.0551994563579697,0.0068781343962603,-0.35292930608459283,-0.16161146071345112,-0.44272452897873293
2019-07-30,3013.179931640625,9607.423828125,8273.6103515625,3632770000.0,13829811132,1893610000.0,0.0050903847756692,0.0524036947010179,0.0068787512869999,0.927376519668166,-0.25786549148275606,-0.2377781467364226
2019-07-31,2980.3798828125,10085.6279296875,8175.419921875,4626330000.0,16631520648,2679230000.0,0.0053210177199198,0.0531461950825358,0.0069331256897392,4.977443590680308,-1.0885526112695776,-1.1867905970330939
2019-08-01,2953.56005859375,10399.6689453125,8111.1201171875,4793810000.0,17165337858,2815420000.0,0.0055897532385109,0.0533248862804096,0.0070856767510532,3.1137477786643997,-0.8998793869673061,-0.7865015534609165
2019-08-02,2932.050048828125,10518.1748046875,8004.06982421875,3882810000.0,17489094082,2262550000.0,0.0054822909762101,0.049719808069461,0.0073707446470917,1.139515690337567,-0.7282739927037873,-1.319796667070805
2019-08-03,,10821.7265625,,,15352685061,,,0.0487295448348688,,2.8859736926716506,,
2019-08-04,,10970.1845703125,,,16530894787,,,0.0486488489472458,,1.3718514042569074,,
2019-08-05,2844.739990234375,11805.6533203125,7726.0400390625,4542850000.0,23875988832,2661780000.0,0.0077490561470153,0.0503442596153256,0.0097740068966879,7.615813067183441,-2.97778200029859,-3.4736051941349433
2019-08-06,2881.77001953125,11478.1689453125,7833.27001953125,4156640000.0,23635107660,2217620000.0,0.0081666996782933,0.050489121303583,0.010144222652643,-2.7739623222421628,1.3017017169932643,1.387903504597432
2019-08-07,2883.97998046875,11941.96875,7862.830078125,4512720000.0,22194988641,2470170000.0,0.0079981719861294,0.0493099269005862,0.0097946519735066,4.040712476852915,0.07668762331907164,0.3773655002322851
2019-08-08,2938.090087890625,11966.4072265625,8039.16015625,4118530000.0,19481591730,2442950000.0,0.0087124106308224,0.0491042480519991,0.0105948455953304,0.2046436150864972,1.8762303409984193,2.2425777534677227
2019-08-09,2918.64990234375,11862.9365234375,7959.14013671875,3356850000.0,18339989960,2221180000.0,0.0087748354006209,0.0487511832982719,0.01068525480288,-0.8646764326666112,-0.661660635492356,-0.9953778501233024
2019-08-10,,11354.0244140625,,,18125355447,,,0.0477990812468785,,-4.28993368016044,,
2019-08-11,,11523.5791015625,,,15774371518,,,0.04730623357482,,1.4933443976921312,,
2019-08-12,2882.699951171875,11382.6162109375,7863.41015625,3328570000.0,13647198229,2068920000.0,0.0089827914264117,0.0468813668972491,0.0108651859765351,-1.223256154903185,-1.2317322177972212,-1.2027678722115853
2019-08-13,2926.320068359375,10895.830078125,8016.35986328125,3857190000.0,16681503537,2353570000.0,0.0093131707114005,0.0433451791828169,0.0112820040656371,-4.27657511938907,1.5131688322181258,1.945081128824011
2019-08-14,2840.60009765625,10051.7041015625,7773.93994140625,4325150000.0,19990838300,2543670000.0,0.0107109784781972,0.0444274132166429,0.0125571182911852,-7.747238810719049,-2.9292752911742603,-3.0240648624745403
2019-08-15,2847.60009765625,10311.5458984375,7766.6201171875,4041720000.0,22899115082,2190810000.0,0.0105993389037662,0.0364099763642667,0.0124444311249391,2.5850521886593203,0.24642680276520945,-0.09415848686664674
2019-08-16,2888.679931640625,10374.3388671875,7895.990234375,3524080000.0,20228207096,2018710000.0,0.0109949975293173,0.0362257291417973,0.0128813008429938,0.6089578552864294,1.4426124657807904,1.6657196468410351
2019-08-17,,10231.744140625,,,13778035685,,,0.0317321687619474,,-1.3744945908168327,,
2019-08-18,,10345.810546875,,,12999813869,,,0.0317354886859477,,1.1148285637548438,,
2019-08-19,2923.64990234375,10916.0537109375,8002.81005859375,3221050000.0,16038264603,1946440000.0,0.0112289077590692,0.0330083662232268,0.013082615314396,5.511826854733437,1.2105865492430645,1.352836326388962
2019-08-20,2900.510009765625,10763.232421875,7948.56005859375,3067710000.0,15053082175,1750730000.0,0.0113022947323165,0.0329821236934575,0.0130868895548866,-1.3999682770833077,-0.7914727601131322,-0.677886887265855
2019-08-21,2924.429931640625,10138.0498046875,8020.2099609375,3016540000.0,19473084768,1721410000.0,0.0113834628234944,0.0345035657311594,0.0131231388809399,-5.80850243386819,0.8246798595579641,0.9014199026688319
2019-08-22,2922.949951171875,10131.0556640625,7991.39013671875,2893660000.0,17097508856,1780760000.0,0.0113690244564061,0.033533420549964,0.013133463063702,-0.06898901425563819,-0.05060748601761755,-0.3593400217589915
2019-08-23,2847.110107421875,10407.96484375,7751.77001953125,3942520000.0,15627023886,2214370000.0,0.01222333289523,0.0338138027005251,0.0141294755484366,2.7332707357414776,-2.5946336754618105,-2.9984785261139457
2019-08-24,,10159.9609375,,,15451030650,,,0.0341054868749844,,-2.38282805498643,,
2019-08-25,,10138.517578125,,,14153856610,,,0.0340970145959592,,-0.21105749822180053,,
2019-08-26,2878.3798828125,10370.8203125,7853.740234375,2859790000.0,18438654080,1691990000.0,0.0124416962159211,0.033391497466668,0.0143837385491946,2.2912889639430167,1.0982987735216332,1.315444273847488
2019-08-27,2869.159912109375,10185.5,7826.9501953125,3537490000.0,14762609503,1914930000.0,0.0124407064520982,0.0335953263255732,0.0143791153948817,-1.7869397686568034,-0.3203180635808267,-0.3411118557912429
2019-08-28,2887.93994140625,9754.4228515625,7856.8798828125,3102480000.0,17603790323,1663450000.0,0.0124877043434637,0.0345939495667601,0.0144016952050501,-4.23226300562074,0.6545480165679685,0.3823927168710606
2019-08-29,2924.580078125,9510.2001953125,7973.39013671875,3177150000.0,17045878501,1703760000.0,0.012711075294799,0.034878918806365,0.0146832409478457,-2.503712008044423,1.2687291793508804,1.4829074090991767
2019-08-30,2926.4599609375,9598.173828125,7962.8798828125,3009910000.0,13595263986,1668110000.0,0.0126721262812058,0.0336956462926223,0.0146327483551667,0.9250450148868827,0.06427872591217021,-0.1318166266297216
2019-08-31,,9630.6640625,,,11454806419,,,0.0331573115858656,,0.33850433381186207,,
2019-09-01,,9757.970703125,,,11445355859,,,0.0331849581211455,,1.3218884990569668,,
2019-09-02,,10346.7607421875,,,17248102294,,,0.0345810711746153,,6.033939401703048,,
2019-09-03,2906.27001953125,10623.5400390625,7874.16015625,3427830000.0,19384917989,1938780000.0,0.0127070990859017,0.0348512574831617,0.0146762257749427,2.675033314982045,-0.689910050906084,-1.1141663301238225
2019-09-04,2937.780029296875,10594.4931640625,7976.8798828125,3167900000.0,16742664769,1893740000.0,0.0128101471729509,0.0318876348202319,0.0148548838765517,-0.2734199230500889,1.0842079212828093,1.3045166027130906
2019-09-05,2976.0,10575.533203125,8116.830078125,3902600000.0,14551239508,2108700000.0,0.0130177044045787,0.0315499541331955,0.0151404671480894,-0.17896052830365106,1.300981364226672,1.754447821309757
2019-09-06,2978.7099609375,10353.302734375,8103.06982421875,3209340000.0,19536574783,1878730000.0,0.0129881440200373,0.0306778743100506,0.0150422139463136,-2.1013642005712985,0.09106051537297599,-0.16952743588083408
2019-09-07,,10517.2548828125,,,15307366476,,,0.030883176903913,,1.5835734030373416,,
2019-09-08,,10441.2763671875,,,13670567493,,,0.0308772708173246,,-0.7224177456150227,,
2019-09-09,2978.429931640625,10334.974609375,8087.43994140625,4031120000.0,17595943368,2186660000.0,0.0129080256894014,0.0299881277647863,0.0148823716430497,-1.0180916017754393,-0.009401025965849463,-0.19288841329967443
2019-09-10,2979.389892578125,10115.9755859375,8084.16015625,4393040000.0,14906809639,2366080000.0,0.0129072314355151,0.0299697344805286,0.0148683287495912,-2.119008819226731,0.03223043548219451,-0.04055405888652164
2019-09-11,3000.929931640625,10178.3720703125,8169.68017578125,3934370000.0,15428063426,2322610000.0,0.0129752787762954,0.0299900215460475,0.0150085527767037,0.6168113381149309,0.7229681189480308,1.0578714161808556
2019-09-12,3009.570068359375,10410.126953125,8194.4697265625,3796990000.0,15323563925,2228100000.0,0.0128227072498747,0.0293766841434749,0.0148605371231881,2.2769346729666573,0.2879153101061016,0.30343355245090464
2019-09-13,3007.389892578125,10360.546875,8176.7099609375,3557010000.0,14109864675,1984570000.0,0.012702616703123,0.0253157944046962,0.0147912002585057,-0.4762677568511009,-0.07244143620946941,-0.21672867455269085
2019-09-14,,10358.048828125,,,13468713124,,,0.0248889466876327,,-0.024111148814232042,,
2019-09-15,,10347.712890625,,,12043433567,,,0.024864407078359,,-0.09978652998753335,,
2019-09-16,2997.9599609375,10276.7939453125,8153.5400390625,4285860000.0,15160167779,1876540000.0,0.0126357106338693,0.0247638797056099,0.014582581543378,-0.6853586494147135,-0.31355866640028207,-0.2833648495016883
2019-09-17,3005.699951171875,10241.2724609375,8186.02001953125,3673250000.0,15304603363,1857350000.0,0.0112010709863066,0.0246845782402874,0.0129091646362984,-0.3456475294145833,0.25817523700197853,0.39835433827690725
2019-09-18,3006.72998046875,10198.248046875,8177.39013671875,3458800000.0,16169268880,2045590000.0,0.0110050512478347,0.0224828193911294,0.0127221545454084,-0.4201080893668663,0.03426919897555614,-0.10542220507535616
2019-09-19,3006.7900390625,10266.4150390625,8182.8798828125,3265660000.0,19937691247,1818430000.0,0.0110074119646604,0.0224255260348102,0.0127151274424477,0.6684186526369817,0.001997472142156731,0.06713322957527801
2019-09-20,2992.070068359375,10181.6416015625,8117.669921875,6103440000.0,14734189639,3363230000.0,0.010568665014224,0.019604667189975,0.012191889814506,-0.8257355384274523,-0.48955765157830955,-0.7969072242459352
2019-09-21,,10019.716796875,,,13425266806,,,0.0198259840176725,,-1.5903604843314323,,
2019-09-22,,10070.392578125,,,13199651698,,,0.0191771655270475,,0.5057606145695059,,
2019-09-23,2991.780029296875,9729.32421875,8112.4599609375,3187250000.0,15144925408,1781750000.0,0.010481142435587,0.019691066226369,0.0120372633549956,-3.3868427345709606,-0.009693591923765066,-0.064180497453592
2019-09-24,2966.60009765625,8620.56640625,7993.6298828125,3872800000.0,25002886689,2310940000.0,0.0103333814938976,0.0293991939199518,0.0121434515381659,-11.396041364961839,-0.8416371322106486,-1.464784771785399
2019-09-25,2984.8701171875,8486.9931640625,8077.3798828125,3331200000.0,21744728353,2022080000.0,0.0100397197285072,0.0289667341822769,0.011775252760791,-1.5494717619790932,0.6158571742003405,1.0477092538406785
2019-09-26,2977.6201171875,8118.9677734375,8030.66015625,3084910000.0,19258205289,1886310000.0,0.0082717006190237,0.029710513214453,0.0103031314265744,-4.336346023976723,-0.2428916406865711,-0.5784019971861509
2019-09-27,2961.7900390625,8251.845703125,7939.6298828125,3246480000.0,16408941156,2041250000.0,0.0083645680173174,0.0292276604591936,0.0105480207194308,1.636635757099958,-0.5316352490240539,-1.133534126290403
2019-09-28,,8245.9150390625,,,14141152736,,,0.0289979481339922,,-0.07187075808087195,,
2019-09-29,,8104.185546875,,,13034629109,,,0.0289621727787411,,-1.7187842891431715,,
2019-09-30,2976.739990234375,8293.8681640625,7999.33984375,3249130000.0,17115474183,1809050000.0,0.0080315847399152,0.029395691595734,0.0102053567568779,2.340551263175872,0.5047606675254723,0.7520496776147967
2019-10-01,2940.25,8343.2763671875,7908.68017578125,3560750000.0,15305343413,2250500000.0,0.0081091845309131,0.0292719316895951,0.0101210706128244,0.5957196587605074,-1.2258373372913245,-1.133339372243125
2019-10-02,2887.610107421875,8393.0419921875,7785.25,3914180000.0,13125712443,2503630000.0,0.0086515497743749,0.0267872654795451,0.0104421442536101,0.5964758065035269,-1.7903202985502964,-1.5606924674894551
2019-10-03,2910.6298828125,8259.9921875,7872.259765625,3515130000.0,13668823409,2157220000.0,0.0086426009656649,0.026074506778722,0.0105175051787342,-1.5852393543526522,0.797191259701524,1.1176232699656508
2019-10-04,2952.010009765625,8205.939453125,7982.47021484375,3005600000.0,13139456229,1748000000.0,0.009026116930531,0.0260552631007784,0.0108274262935967,-0.6543920762636879,1.4216897585460186,1.3999849153859767
2019-10-05,,8151.50048828125,,,12200497197,,,0.0260270904540471,,-0.6634092921928403,,
2019-10-06,,7988.15576171875,,,13160830305,,,0.0260111557064877,,-2.003860844973604,,
2019-10-07,2938.7900390625,8245.623046875,7956.2900390625,2959050000.0,18009742607,1759580000.0,0.0075691585475431,0.0266836987279858,0.0092124008048043,3.2231129792197777,-0.4478294673592398,-0.3279708545929405
2019-10-08,2893.06005859375,8228.783203125,7823.77978515625,3370700000.0,15592264032,1943700000.0,0.0079236434573995,0.0267064083683909,0.0094587723537044,-0.20422766908295698,-1.5560819201407838,-1.6654779206850545
2019-10-09,2919.39990234375,8595.740234375,7903.740234375,2735350000.0,19384942333,1563500000.0,0.0080588525620605,0.0283091547117438,0.0096196842868374,4.45943248463081,0.9104492549941501,1.0220181474235313
2019-10-10,2938.1298828125,8586.4736328125,7950.77978515625,3234400000.0,17618660671,1793470000.0,0.0080556058168108,0.0281739339334397,0.0096538871542863,-0.10780457889411066,0.6415695380997066,0.5951555768073602
2019-10-11,2970.27001953125,8321.7568359375,8057.0400390625,3581320000.0,19604381101,2184790000.0,0.0079723501794613,0.0284701518925488,0.0095833494201797,-3.0829512579344187,1.0938977513132997,1.3364758775564756
2019-10-12,,8336.5556640625,,,14532641605,,,0.0279836521328681,,0.17783297946283305,,
2019-10-13,,8321.005859375,,,13808286059,,,0.0279981037773523,,-0.18652553061611066,,
2019-10-14,2966.14990234375,8374.6865234375,8048.64990234375,2559270000.0,15151387859,1423700000.0,0.0079798618904984,0.0280825352793379,0.0095818205622376,0.6451222961466829,-0.13871187334510982,-0.10413423140598344
2019-10-15,2995.679931640625,8205.369140625,8148.7099609375,3345090000.0,15220412632,1841660000.0,0.0080350996361923,0.0281612117111788,0.0095670357890921,-2.0217757684260373,0.9955676641137279,1.2431905947929645
2019-10-16,2989.68994140625,8047.52685546875,8124.18017578125,3230320000.0,16071646996,1900010000.0,0.0078354136861265,0.0282411229489985,0.0093281524088246,-1.9236463643636514,-0.19995427986508885,-0.30102660757148625
2019-10-17,2997.949951171875,8103.9111328125,8156.85009765625,3103470000.0,14313052244,1864020000.0,0.0074956926503956,0.0283650183442185,0.0088031818826647,0.7006410585064904,0.27628315736780706,0.40213192184475055
2019-10-18,2986.199951171875,7973.20751953125,8089.5400390625,3268970000.0,15651592610,2020020000.0,0.0075328245160016,0.0283976881495485,0.0089324667710977,-1.6128460830725944,-0.39193449495069643,-0.825196709365672
2019-10-19,,7988.560546875,,,13797825640,,,0.0283252387236698,,0.19255772919670733,,
2019-10-20,,8222.078125,,,15504249442,,,0.0291271377163171,,2.9231496307097427,,
2019-10-21,3006.719970703125,8243.720703125,8162.990234375,3271960000.0,15868748866,1756640000.0,0.0076331378842871,0.0291296366433229,0.0090764206921672,0.2632251578733369,0.6871616056117524,0.9079650382818549
2019-10-22,2995.989990234375,8078.203125,8104.2998046875,3527540000.0,16803377857,1850870000.0,0.0076661055643377,0.0291504117227456,0.0091795118051449,-2.0078018662405217,-0.3568666378412577,-0.7189819906968653
2019-10-23,3004.52001953125,7514.671875,8119.7900390625,3413600000.0,21942878958,1822180000.0,0.007569170206686,0.0311173715218349,0.0089741101612995,-6.975948008239763,0.28471487971184484,0.19113599876994236
2019-10-24,3010.2900390625,7493.48876953125,8185.7998046875,3696510000.0,16268708849,1893620000.0,0.0075588241614486,0.0227567800505619,0.0090840791208338,-0.2818899590176671,0.192044635873323,0.8129491687277834
2019-10-25,3022.550048828125,8660.7001953125,8243.1201171875,3379060000.0,28705065488,1911580000.0,0.0075933101256834,0.0354142531684649,0.0091631491945967,15.576341830619223,0.4072700506109195,0.7002408300674112
2019-10-26,,9244.97265625,,,44496255609,,,0.0362553525738206,,6.74624969992299,,
2019-10-27,,9551.71484375,,,32593129501,,,0.0365635575556483,,3.317935043243514,,
2019-10-28,3039.419921875,9256.1484375,8325.990234375,3524970000.0,30948255332,1959920000.0,0.0076288081889744,0.037150903006185,0.0093116975667526,-3.0943805493041765,0.5581337868471481,1.0053246344756017
2019-10-29,3036.889892578125,9427.6875,8276.849609375,3594430000.0,28426779937,1842720000.0,0.0076215290879569,0.0370202971228874,0.0093666730070879,1.8532445072405368,-0.08324053147991117,-0.5902075743148938
2019-10-30,3046.77001953125,9205.7265625,8303.98046875,3779660000.0,27706531577,1936060000.0,0.0076399475026618,0.0372211536237077,0.0093773238444121,-2.354351875791383,0.325337015914573,0.32779210273761183
2019-10-31,3037.56005859375,9199.5849609375,8292.3603515625,4149310000.0,26583653947,2276140000.0,0.0076659528590463,0.0372256263645982,0.0093837364355276,-0.0667150118005666,-0.3022860563304697,-0.13993430296747045
2019-11-01,3066.909912109375,9261.1044921875,8386.400390625,3956290000.0,24324691031,2071350000.0,0.0077809018342028,0.037227646134819,0.0094454172988414,0.6687207250242189,0.9662312168146059,1.1340563491645694
2019-11-02,,9324.7177734375,,,21242676385,,,0.0370532807900599,,0.6868865512063227,,
2019-11-03,,9235.3544921875,,,21132220847,,,0.037087736040056,,-0.9583483749455834,,
2019-11-04,3078.27001953125,9412.6123046875,8433.2001953125,4178040000.0,26170255634,2166830000.0,0.0077962455624702,0.0371309184791417,0.0094742059295324,1.919339562438549,0.3704089049704651,0.5580440058623459
2019-11-05,3074.6201171875,9342.52734375,8434.6796875,4490590000.0,26198609048,2327420000.0,0.0076046026775529,0.0369065360819376,0.008981422101142,-0.7445856545328811,-0.1185699214361291,0.017543662586394504
2019-11-06,3076.780029296875,9360.8798828125,8410.6298828125,4465510000.0,23133895765,2342570000.0,0.0075471985181516,0.0365680350675442,0.0088678019898836,0.1964408386214478,0.07024972279667807,-0.28513002957469835
2019-11-07,3085.179931640625,9267.5615234375,8434.51953125,4151990000.0,22700383839,2403680000.0,0.0075247845596041,0.0366441122411765,0.008767355118761,-0.9968973060571096,0.27300951851503275,0.28404113330822156
2019-11-08,3093.080078125,8804.880859375,8475.3095703125,3508160000.0,24333037836,1982140000.0,0.0074265141681469,0.03719111906104,0.0084294156351828,-4.992474696740768,0.25606760900243053,0.48360833016478644
2019-11-09,,8813.58203125,,,17578630606,,,0.0371894307443949,,0.09882214210468199,,
2019-11-10,,9055.5263671875,,,20587919881,,,0.0369743806766687,,2.745130584586919,,
2019-11-11,3087.010009765625,8757.7880859375,8464.2802734375,3041120000.0,20265510765,1719300000.0,0.0074198121819964,0.0375626355750355,0.0083910020957282,-3.2879179981060824,-0.19624672514313435,-0.13013444268317187
2019-11-12,3091.840087890625,8815.662109375,8486.08984375,3495560000.0,20309769107,2001440000.0,0.0069647621670419,0.0375671035862555,0.0080073997957417,0.6608292284490114,0.15646460846321375,0.25766597522700607
2019-11-13,3094.0400390625,8808.2626953125,8482.099609375,3513720000.0,17545755405,2180010000.0,0.0058903639186694,0.0375604852330225,0.007270095333547,-0.0839348646839655,0.07115345908383919,-0.04702088297990903
2019-11-14,3096.6298828125,8708.0947265625,8479.01953125,3282090000.0,19084739975,2113840000.0,0.0057979317780872,0.03741362735688,0.0071210807962816,-1.1372046022572246,0.08370427393644686,-0.036312685146910884
2019-11-15,3120.4599609375,8491.9921875,8540.830078125,3359800000.0,21796856471,2199480000.0,0.0054443931616001,0.0375404784114972,0.0068517538685322,-2.481628253345902,0.7695488006902673,0.7289822443172111
2019-11-16,,8550.7607421875,,,16495389808,,,0.0375400747606994,,0.6920467352055093,,
2019-11-17,,8577.9755859375,,,18668638897,,,0.0373852381290518,,0.31827394743637605,,
2019-11-18,3122.030029296875,8309.2861328125,8549.9404296875,3440140000.0,21579470673,2053260000.0,0.0053188416365144,0.0379053413571051,0.006776100439184,-3.1323177646423006,0.05031528617669423,0.10666822169702606
2019-11-19,3120.179931640625,8206.1455078125,8570.66015625,3613670000.0,21083613816,2094030000.0,0.0041786050163333,0.0376210735783119,0.005726054622524,-1.2412693864603863,-0.05925944462060739,0.24233767162349373
2019-11-20,3108.4599609375,8027.26806640625,8526.73046875,4041010000.0,20764300437,2608780000.0,0.0041419693893065,0.0378291745569047,0.0057508294186308,-2.1797985575073398,-0.3756184245747196,-0.5125589709442102
2019-11-21,3103.5400390625,7642.75,8506.2099609375,3744010000.0,22514243371,2073720000.0,0.0041121725869557,0.0386940850617543,0.005782148743751,-4.790148568918983,-0.15827522106851566,-0.24066091789468613
2019-11-22,3110.2900390625,7296.57763671875,8519.8798828125,3235270000.0,34242315785,1885730000.0,0.0037416986218871,0.0373301411600303,0.0053943833699449,-4.529421520804034,0.21749356911917594,0.16070520170294866
2019-11-23,,7397.796875,,,21008924418,,,0.037424813635222,,1.3872152579023078,,
2019-11-24,,7047.9169921875,,,30433517289,,,0.0266520523383411,,-4.729514593660699,,
2019-11-25,3133.639892578125,7146.1337890625,8632.490234375,3514310000.0,42685231262,2262750000.0,0.0038514212843827,0.0232928588217315,0.0057407883354208,1.3935577984796277,0.7507291353015866,1.3217363755288813
2019-11-26,3140.52001953125,7218.37109375,8647.9296875,4600450000.0,21129505542,2439370000.0,0.0035384847268831,0.022256508440912,0.00541994886538,1.0108585540066883,0.21955703874654287,0.1788528304789594
2019-11-27,3153.6298828125,7531.66357421875,8705.1796875,3035470000.0,23991412764,1748520000.0,0.0035025667650217,0.0237664317271828,0.0053984697076735,4.340210227484875,0.4174424362754614,0.6620081576605763
2019-11-28,,7463.10595703125,,,19050116751,,,0.023285024809111,,-0.9102586236349741,,
2019-11-29,3140.97998046875,7761.24365234375,8665.4697265625,1743420000.0,19709695456,1099090000.0,0.0036526133238507,0.0245928298221557,0.0055305924760401,3.9948206152910615,-0.4011219709926239,-0.4561647474608743
2019-11-30,,7569.6298828125,,,17158194786,,,0.024821634808984,,-2.468853937775628,,
2019-12-01,,7424.29248046875,,,18720708479,,,0.0248008611273965,,-1.9200067188720915,,
2019-12-02,3113.8701171875,7321.98828125,8567.990234375,3285750000.0,17082040706,2240300000.0,0.0039853589567565,0.0246795867581394,0.0057483358770486,-1.3779656376399996,-0.8631020716408422,-1.1249187322032173
2019-12-03,3093.199951171875,7320.1455078125,8520.6396484375,3671580000.0,14797485769,2318760000.0,0.0041092428553055,0.0247183749272433,0.0057416777532904,-0.025167664392733435,-0.663809511563529,-0.5526451903216212
2019-12-04,3112.760009765625,7252.03466796875,8566.669921875,3702980000.0,21664240918,2158870000.0,0.0041302819542363,0.0241965243348962,0.0055450308642324,-0.930457458407874,0.632356747139462,0.5402208676427378
2019-12-05,3117.429931640625,7448.3076171875,8570.7001953125,3360480000.0,18816085231,2133380000.0,0.004119957229835,0.0250456198637622,0.0055507160059385,2.706453543109233,0.15002511791302187,0.047045975557069575
2019-12-06,3145.909912109375,7546.99658203125,8656.5302734375,3483310000.0,18104466307,2057020000.0,0.0043624870376753,0.0252747858156345,0.0056336226966761,1.3249850827323328,0.9135724328457329,1.001436010700063
2019-12-07,,7556.23779296875,,,15453520564,,,0.025314552848079,,0.12244885547587625,,
2019-12-08,,7564.34521484375,,,15409908086,,,0.0239127128292622,,0.10729442478032425,,
2019-12-09,3135.9599609375,7400.8994140625,8621.830078125,3400470000.0,17872021272,2123870000.0,0.0044136402167575,0.024076304474874,0.0056470545206139,-2.1607395767781146,-0.316282139344648,-0.40085570334083
2019-12-10,3132.52001953125,7278.11962890625,8616.1796875,3346310000.0,18249031195,2058760000.0,0.0043550816531073,0.0233287222089925,0.0054243618763139,-1.658984648851669,-0.10969340964486207,-0.06553586157230784
2019-12-11,3141.6298828125,7217.42724609375,8654.0498046875,3257650000.0,16350490689,1982080000.0,0.004354123264769,0.022802879736313,0.0052862961904464,-0.8339019679128423,0.2908158040315856,0.4395232987357556
2019-12-12,3168.570068359375,7243.13427734375,8717.3203125,4003200000.0,18927080224,2396400000.0,0.0045457808474273,0.022749786697371,0.0053829266578064,0.3561799845493985,0.8575225775086182,0.731108662885549
2019-12-13,3168.800048828125,7269.6845703125,8734.8798828125,3757650000.0,17125736940,2219630000.0,0.0044786007746181,0.0228034804812603,0.0053528905706676,0.3665580666065926,0.007258178414493166,0.20143312030556082
2019-12-14,,7124.673828125,,,17137029730,,,0.0229249951520941,,-1.994732244362929,,
2019-12-15,,7152.3017578125,,,16881129804,,,0.022731234037999,,0.3877781685729609,,
2019-12-16,3191.449951171875,6932.48046875,8814.23046875,4070200000.0,20213265950,2368050000.0,0.0043421126456335,0.0230642341319143,0.0052296935773985,-3.0734342104957735,0.7147785279833618,0.9084336247558111
2019-12-17,3192.52001953125,6640.51513671875,8823.3603515625,3842940000.0,22363804217,2382450000.0,0.0043221639160652,0.0238896109129297,0.0051781563834949,-4.211556503438585,0.033529222633799094,0.10358116735056377
2019-12-18,3191.139892578125,7276.802734375,8827.740234375,4029950000.0,31836522778,2742330000.0,0.004309894419179,0.0296580461399194,0.0051756408416838,9.58190117115909,-0.043230017186479675,0.04963962297792612
2019-12-19,3205.3701171875,7202.84423828125,8887.2197265625,3784360000.0,25904604416,2446890000.0,0.0043479055774271,0.0296396107971753,0.0051916945529787,-1.0163597776861044,0.4459292004863613,0.6737793660475999
2019-12-20,3221.219970703125,7218.81640625,8924.9599609375,6457480000.0,22633815180,3830200000.0,0.004390182005078,0.0294706909352685,0.0052072725058015,0.22174806840695727,0.4944781081796634,0.42465737920489577
2019-12-21,,7191.15869140625,,,19312552168,,,0.0281892134736411,,-0.3831336508268057,,
2019-12-22,,7511.5888671875,,,23134537956,,,0.0280957960790779,,4.45589076158448,,
2019-12-23,3224.010009765625,7355.62841796875,8945.650390625,3064530000.0,27831788041,2028670000.0,0.0043861749452672,0.0282655355015854,0.0051784870369667,-2.0762644491902904,0.08661436002121992,0.23182658273042112
2019-12-24,3223.3798828125,7322.5322265625,8952.8798828125,1296530000.0,22991622105,1014530000.0,0.00435139017665,0.0267778747764231,0.0051491414387854,-0.4499437644974069,-0.019544819997963092,0.08081572464619935
2019-12-25,,7275.15576171875,,,21559505149,,,0.0267060739521452,,-0.6469956481979233,,
2019-12-26,3239.909912109375,7238.966796875,9022.3896484375,2164540000.0,22787010034,1639960000.0,0.0044028484960069,0.0266635014221431,0.0052584671583405,-0.4974321654276248,0.5128166675301138,0.7763956015811591
2019-12-27,3240.02001953125,7290.08837890625,9006.6201171875,2429150000.0,22777360996,1833740000.0,0.00440907895124,0.025479254633228,0.0052846644591584,0.7061999794407026,0.003398471712534601,-0.1747822014396272
2019-12-28,,7317.990234375,,,21365673026,,,0.0254478025032011,,0.3827368615925586,,
2019-12-29,,7422.65283203125,,,22445257702,,,0.0244906456413611,,1.4302095835631912,,
2019-12-30,3221.2900390625,7292.9951171875,8945.990234375,3021720000.0,22874131672,2051320000.0,0.004607319745765,0.0242826053308596,0.0055073549065237,-1.7467840376992116,-0.5780822450430323,-0.6731702017363728
2019-12-31,3230.780029296875,7193.59912109375,8972.599609375,2894760000.0,21167946112,2186830000.0,0.0044611988456626,0.0241583544261346,0.005415152277372,-1.3628967865274233,0.2946021661910603,0.29744471324988364
2020-01-01,,7200.17431640625,,,18565664997,,,0.0240382552629531,,0.09140341575637478,,
2020-01-02,3257.85009765625,6985.47021484375,9092.1904296875,3459930000.0,20802083465,2862700000.0,0.004647296901504,0.0246423108532781,0.0058119876040036,-2.9819292162590716,0.8378802677341701,1.3328447219192352
2020-01-03,3234.85009765625,7344.88427734375,9020.76953125,3484700000.0,28111481032,2586520000.0,0.0048890944691147,0.0263317587407733,0.0060874122326462,5.145166344511276,-0.7059870562045378,-0.7855191660339544
2020-01-04,,7410.65673828125,,,18444271275,,,0.0259165475652925,,0.8954866877941559,,
2020-01-05,,7411.3173828125,,,19725074095,,,0.0257942715815346,,0.008914790612779555,,
2020-01-06,3246.280029296875,7769.21923828125,9071.4697265625,3702460000.0,23276261598,2810450000.0,0.004814344397826,0.0272301249507672,0.0059860146143443,4.829126010697582,0.35333728907271933,0.5620384728471706
2020-01-07,3237.179931640625,8163.6923828125,9068.580078125,3435910000.0,28767291327,2381740000.0,0.0048459664231545,0.0286396292832157,0.0059441548533007,5.077384643588934,-0.2803238652896223,-0.031854247708495986
2020-01-08,3253.050048828125,8079.86279296875,9129.240234375,3726840000.0,31672559265,2472620000.0,0.004886045547131,0.0283773760922303,0.0060002005917964,-1.0268587535248286,0.49024513689781557,0.6689046766684248
2020-01-09,3274.699951171875,7879.0712890625,9203.4296875,3641230000.0,24045990466,2540960000.0,0.0048526474524419,0.0286196157777552,0.0057520989618747,-2.4850855645838776,0.6655262605488987,0.8126574744484083
2020-01-10,3265.35009765625,8166.55419921875,9178.8603515625,3214580000.0,28714583844,2382900000.0,0.0049138889808547,0.0291657362031335,0.0058186523048827,3.648690303834745,-0.2855178689662563,-0.2669584793033142
2020-01-11,,8037.53759765625,,,25521165085,,,0.0293946418813495,,-1.5798168776598898,,
2020-01-12,,8192.494140625,,,22903438381,,,0.0295328674486153,,1.9279106453440997,,
2020-01-13,3288.1298828125,8144.1943359375,9273.9296875,3459390000.0,22482910688,2536820000.0,0.0049955864712124,0.0292447037741228,0.0059576228654472,-0.5895616628883604,0.6976215252569862,1.035742263159234
2020-01-14,3283.14990234375,8827.7646484375,9251.330078125,3687620000.0,44841784107,2553160000.0,0.0049224450307771,0.0323785888836518,0.0058874675225871,8.393344808628168,-0.1514532772802224,-0.24368967780142858
2020-01-15,3289.2900390625,8807.0107421875,9258.7001953125,3721490000.0,40102834650,2443220000.0,0.0045342914468563,0.0316233965947116,0.0053180115302887,-0.2350980919464507,0.18701968845122874,0.07966548728952638
2020-01-16,3316.81005859375,8723.7861328125,9357.1298828125,3540580000.0,31313981931,2312110000.0,0.0043905288084097,0.0303243081229615,0.0052827415141831,-0.9449813541879348,0.8366553026468271,1.0631048141058974
2020-01-17,3329.6201171875,8929.0380859375,9388.9404296875,3726220000.0,36372139320,2542540000.0,0.0043364681024565,0.0262098627529963,0.0052657638715259,2.352785247141642,0.3862162248501333,0.3399605143178608
2020-01-18,,8942.80859375,,,32337772627,,,0.0260336555849692,,0.15422162701026476,,
2020-01-19,,8706.2451171875,,,34217320471,,,0.0267550818116708,,-2.6452928527155417,,
2020-01-20,,8657.642578125,,,26422375678,,,0.0267798646136444,,-0.5582491465413786,,
2020-01-21,3320.7900390625,8745.89453125,9370.8095703125,4104840000.0,24097418512,2686610000.0,0.0044265129448488,0.0258487855279601,0.0053243975808489,1.0193531591149663,-0.26519776473655776,-0.19310868474221587
2020-01-22,3321.75,8680.8759765625,9383.76953125,3623780000.0,22600204051,2454580000.0,0.0042349774128673,0.0254943465221332,0.005164051737739,-0.7434180055016837,0.02890760711180551,0.13830140117838674
2020-01-23,3325.5400390625,8406.515625,9402.48046875,3766710000.0,25770680779,2465850000.0,0.0041320509008957,0.0263526608475058,0.0050092108339033,-3.160514587505292,0.11409766124783616,0.19939681423002398
2020-01-24,3295.469970703125,8445.4345703125,9314.91015625,3708780000.0,24397913026,2622970000.0,0.0045696392937929,0.0262693330058843,0.0054537492811015,0.4629616722148233,-0.9042160974207403,-0.9313533039611022
2020-01-25,,8367.84765625,,,19647331549,,,0.0263361288367715,,-0.918684685986848,,
2020-01-26,,8596.830078125,,,22177678796,,,0.0266441117345367,,2.7364554337216074,,
2020-01-27,3243.6298828125,8909.8193359375,9139.3095703125,3831050000.0,28647338393,2593910000.0,0.0055715693209981,0.0272070458533513,0.0067184094195519,3.6407519395889265,-1.5730711659182384,-1.8851559810233676
2020-01-28,3276.239990234375,9358.58984375,9269.6796875,3531570000.0,34398744403,2169020000.0,0.0056452497935035,0.0282723650096818,0.0070219579371332,5.036808165148732,1.0053584595046017,1.4264766521421501
2020-01-29,3273.39990234375,9316.6298828125,9275.16015625,3600250000.0,30682598115,2234620000.0,0.0056538287736209,0.0279664420794021,0.0070269989429194,-0.4483577295090302,-0.08668741908683941,0.05912252564013176
2020-01-30,3283.659912109375,9508.9931640625,9298.9296875,3790350000.0,32378792851,2345370000.0,0.0055528389758892,0.0277391260644352,0.0069015058506871,2.064730312029206,0.3134358792605374,0.2562708443798023
2020-01-31,3225.52001953125,9350.529296875,9150.9404296875,4529700000.0,29432489719,2696090000.0,0.0065303818479713,0.0281100339309373,0.0076311820516589,-1.6664631518128026,-1.770582037552626,-1.5914654996416755
2020-02-01,,9392.875,,,25922656496,,,0.0271474480352485,,0.45286958396197896,,
2020-02-02,,9344.365234375,,,30835736946,,,0.0261775726840219,,-0.516452796667688,,
2020-02-03,3248.919921875,9293.521484375,9273.400390625,3760460000.0,30934096509,2427320000.0,0.006647751947651,0.0262919765838384,0.0079409979654869,-0.5441113304621492,0.7254613892351713,1.338222687366808
2020-02-04,3297.590087890625,9180.962890625,9467.9697265625,3996900000.0,29893183716,2447340000.0,0.0071119148922676,0.0265066624275273,0.0086344949852515,-1.2111511652417528,1.4980414164082134,2.098144453400308
2020-02-05,3334.68994140625,9613.423828125,9508.6796875,4121480000.0,35222060874,2470240000.0,0.0073214470770342,0.0264484069395226,0.0086349503375995,4.710409383547343,1.125059589785371,0.42997561370825554
2020-02-06,3345.780029296875,9729.8017578125,9572.150390625,3887250000.0,37628823716,2313860000.0,0.0073318211891326,0.0252323276767489,0.0086746984829193,1.2105773319493585,0.3325672876785646,0.6675027996624783
2020-02-07,3327.7099609375,9795.943359375,9520.509765625,3733920000.0,34522718159,2243720000.0,0.0074282668182877,0.0250468754978152,0.0087840760181054,0.6797836503646293,-0.5400853672730133,-0.5394882329740391
2020-02-08,,9865.119140625,,,35172043762,,,0.0243262735157571,,0.7061676319697785,,
2020-02-09,,10116.673828125,,,35807884663,,,0.0239733432609176,,2.549940694219166,,
2020-02-10,3352.090087890625,9856.611328125,9628.3896484375,3462730000.0,39386548075,2187520000.0,0.0074799007781443,0.0243767675849326,0.0088860339737485,-2.5706324471686526,0.7326397804890528,1.1331313707803048
2020-02-11,3357.75,10208.236328125,9638.9404296875,3762940000.0,37648059389,2450070000.0,0.0074776016160799,0.0248242702260344,0.0088579367138308,3.5674025108068053,0.16884725532351208,0.10957991559588098
2020-02-12,3379.449951171875,10326.0546875,9725.9599609375,3930910000.0,43444303830,2366510000.0,0.0074168728865887,0.0247070600710519,0.0087712532998594,1.1541499979814906,0.6462646466197652,0.9027914622439681
2020-02-13,3373.93994140625,10214.3798828125,9711.9697265625,3500890000.0,49356071373,2254870000.0,0.0074352749646198,0.0207561621036308,0.0088049519671301,-1.0814856987217514,-0.16304457368023773,-0.14384425219915453
2020-02-14,3380.159912109375,10312.1162109375,9731.1796875,3419700000.0,43338264162,2226720000.0,0.0073211382238396,0.0207270091481934,0.008574458213847,0.9568503349817403,0.18435333204338544,0.1977967547093895
2020-02-15,,9889.4248046875,,,43865054831,,,0.022303299415474,,-4.09897830477971,,
2020-02-16,,9934.43359375,,,43374780305,,,0.0220111890690949,,0.4551203932625647,,
2020-02-17,,9690.142578125,,,45998298413,,,0.0226156544500809,,-2.4590331529186438,,
2020-02-18,3370.2900390625,10141.99609375,9732.740234375,3750400000.0,47271023953,2279420000.0,0.0071965699428562,0.0232149079409267,0.0083694013107034,4.66302236506857,-0.2919942636890105,0.016036564169130685
2020-02-19,3386.14990234375,9633.38671875,9817.1796875,3614200000.0,46992019710,2470860000.0,0.0072117951842108,0.0253535755460167,0.008425941888697,-5.014884351152826,0.4705785881164548,0.8675814939226312
2020-02-20,3373.22998046875,9608.4755859375,9750.9697265625,4019180000.0,44925260237,2745730000.0,0.0072346037836837,0.0253461501171843,0.0085846035989329,-0.2585916411308786,-0.381551976362815,-0.6744295515116572
2020-02-21,3337.75,9686.44140625,9576.58984375,3908780000.0,40930547513,2750160000.0,0.0075205578712641,0.0252808366337253,0.0093172417829686,0.8114275736580634,-1.051810302712286,-1.7883337524623233
2020-02-22,,9663.181640625,,,35838025154,,,0.0243978228964943,,-0.2401270461409255,,
2020-02-23,,9924.515625,,,41185185761,,,0.0247274401708277,,2.704430011708836,,
2020-02-24,3225.889892578125,9650.1748046875,9221.2802734375,4851160000.0,45080496648,3188590000.0,0.0097780686274955,0.025341165075546,0.0116819806876526,-2.7642741538078885,-3.351362667122315,-3.710188867954778
2020-02-25,3128.2099609375,9341.705078125,8965.6103515625,5596760000.0,42515259129,3595520000.0,0.0112282272509405,0.0258624506376457,0.0127614139096597,-3.1965195740564556,-3.0279995565056117,-2.7726076455074633
2020-02-26,3116.389892578125,8820.5224609375,8980.7802734375,5484650000.0,50420050762,3587950000.0,0.0111224585208166,0.0273172532884558,0.0125992169007884,-5.579095174048332,-0.37785406053220116,0.16920121754293582
2020-02-27,2978.760009765625,8784.494140625,8566.48046875,7064710000.0,45470195695,4559900000.0,0.0136530869790675,0.0256719875813038,0.0151605046264434,-0.40846016176541156,-4.416324258407911,-4.613182731047061
2020-02-28,2954.219970703125,8672.455078125,8567.3701171875,8569570000.0,44605450443,5320020000.0,0.0136477018306015,0.0257437798411243,0.0151557387705392,-1.2754184897438958,-0.8238340444361891,0.010385226940567982
2020-02-29,,8599.5087890625,,,35792392544,,,0.0253984959605527,,-0.8411261679117432,,
2020-03-01,,8562.4541015625,,,35349164300,,,0.0252724147866894,,-0.43089307085921735,,
2020-03-02,3090.22998046875,8869.669921875,8952.169921875,6381330000.0,42857674409,4249020000.0,0.0161629220764165,0.0261911143152706,0.0172358449509253,3.587941221856461,4.603922900611002,4.4914576985011
2020-03-03,3003.3701171875,8787.7861328125,8684.08984375,6376510000.0,42386715821,4336700000.0,0.0168014370322895,0.026219403760128,0.017994483650767,-0.9231886844013548,-2.8107896121075893,-2.994582100926557
2020-03-04,3130.1201171875,8755.24609375,9018.08984375,5073020000.0,34746706368,3634760000.0,0.0186860925833916,0.0262135125390626,0.0194446595584153,-0.37028710724991143,4.220259077449118,3.8461140546626416
2020-03-05,3023.93994140625,9078.7626953125,8738.58984375,5579290000.0,39698054597,3763860000.0,0.0195988129756813,0.0270439540518108,0.0202007114120514,3.695117168590434,-3.3922077046888544,-3.0993259641753035
2020-03-06,2972.3701171875,9122.5458984375,8575.6201171875,6555240000.0,40826885651,4292730000.0,0.0197464923993638,0.0256145408803435,0.0204020968121234,0.4822595830994203,-1.7053852000370129,-1.8649430797928912
2020-03-07,,8909.9541015625,,,36216930370,,,0.0257785921608564,,-2.330399860322019,,
2020-03-08,,8108.1162109375,,,39973102121,,,0.0306172572763688,,-8.999349283790192,,
2020-03-09,2746.56005859375,7923.64453125,7950.68017578125,8441290000.0,46936995808,4554110000.0,0.0240556453849269,0.0306573185819234,0.0243221235940307,-2.275148442478603,-7.5969697477450975,-7.287402343694394
2020-03-10,2882.22998046875,7909.7294921875,8344.25,7642040000.0,42213940994,4447260000.0,0.0259284451361344,0.0300617671037588,0.0260552301602557,-0.17561412564156553,4.939630628156144,4.950140308971451
2020-03-11,2741.3798828125,7911.43017578125,7952.0498046875,7431200000.0,38682762605,4302610000.0,0.0271094197434262,0.0299063022212069,0.0270994652177036,0.021501160000858555,-4.886844513127397,-4.700245022770167
2020-03-12,2480.639892578125,4970.7880859375,7201.7998046875,8850810000.0,53980357243,5099350000.0,0.0320540676432522,0.0880892932206767,0.0320382529136236,-37.169538560117076,-9.511268097833659,-9.434674309481183
2020-03-13,2711.02001953125,5563.70703125,7874.8798828125,8299070000.0,74156772075,4701070000.0,0.0366779404574247,0.0913712700527348,0.0366512773786747,11.928067241286833,9.287124972971839,9.345998172386105
2020-03-14,,5200.3662109375,,,36154506008,,,0.0917478474283769,,-6.530552710121185,,
2020-03-15,,5392.31494140625,,,33997889639,,,0.0921981116708015,,3.6910617960911996,,
2020-03-16,2386.1298828125,5014.47998046875,6904.58984375,7805450000.0,45368026430,4618120000.0,0.0428245953148884,0.0926017319584715,0.0432575319803939,-7.006915676163484,-11.984055240393443,-12.321331290147409
2020-03-17,2529.18994140625,5225.62939453125,7334.77978515625,8370250000.0,38622642935,4920210000.0,0.0445129132240521,0.0932136660566187,0.0449339927096666,4.210793838741411,5.995484974402432,6.230492341201921
2020-03-18,2398.10009765625,5238.4384765625,6989.83984375,8799300000.0,37878801016,4935000000.0,0.0450213613421532,0.0933120832689044,0.0451838548012602,0.24512036855608432,-5.1830762729157875,-4.702798877538516
2020-03-19,2409.389892578125,6191.19287109375,7150.580078125,7956100000.0,51000731797,4778490000.0,0.0449284575266955,0.0987586703754641,0.0455109561908446,18.187755736638024,0.47078080405855705,2.2996268579562162
2020-03-20,2304.919921875,6198.7783203125,6879.52001953125,9053950000.0,54442976103,5260300000.0,0.045251889769958,0.0985830781060694,0.0457075523045973,0.1225199953657663,-4.335951230846192,-3.7907422283539605
2020-03-21,,6185.06640625,,,42494390880,,,0.0985846889488726,,-0.221203491300348,,
2020-03-22,,5830.2548828125,,,40099664740,,,0.0988121640450293,,-5.7365838963178035,,
2020-03-23,2237.39990234375,6416.31494140625,6860.669921875,7411380000.0,46491916000,4348410000.0,0.0453397522414993,0.1009133898090502,0.0457214048506147,10.052048673231173,-2.929386782180443,-0.27400309327879624
2020-03-24,2447.330078125,6734.8037109375,7417.85986328125,7563150000.0,48221910672,4441080000.0,0.0489753334385565,0.1012907861090126,0.0483892334256459,4.963733427047878,9.382773976227554,8.121509236724389
2020-03-25,2475.56005859375,6681.06298828125,7384.2998046875,8300010000.0,44590107888,4683630000.0,0.0490915992495028,0.1012537604849031,0.0483608683608548,-0.7979552925792555,1.1535011448222,-0.4524223861369192
2020-03-26,2630.070068359375,6716.4404296875,7797.5400390625,7766990000.0,35319797642,4014670000.0,0.0506902109758839,0.1012283431574966,0.0496357155720882,0.5295181540467819,6.2414163303876835,5.596200659576112
2020-03-27,2541.469970703125,6469.79833984375,7502.3798828125,6201670000.0,34585598367,3989120000.0,0.0508907155918045,0.100977758022487,0.0499451727840553,-3.672214358569481,-3.3687352562252526,-3.7852983732224232
2020-03-28,,6242.19384765625,,,34885225901,,,0.1010762088969884,,-3.5179534234601295,,
2020-03-29,,5922.04296875,,,28373690931,,,0.1013568620320381,,-5.128819878390301,,
2020-03-30,2626.64990234375,6429.841796875,7774.14990234375,5751120000.0,37101651525,3870770000.0,0.0514430109729211,0.1028310707192865,0.0505637556848488,8.574723804008189,3.351600948370015,3.622450792632592
2020-03-31,2584.590087890625,6438.64453125,7700.10009765625,6576210000.0,32786468812,4078960000.0,0.051451036241126,0.1028465567936422,0.050544232311314,0.13690436954885143,-1.6012721914555605,-0.952513208745509
2020-04-01,2470.5,6606.7763671875,7360.580078125,5964000000.0,40346426266,3700040000.0,0.0518021608882124,0.1027188786864563,0.0508921605278149,2.6112924097839496,-4.414243033166542,-4.409293583528773
2020-04-02,2526.89990234375,6793.62451171875,7487.31005859375,6464190000.0,47660646124,3622170000.0,0.0521426837325347,0.1029494928377562,0.0511234840054228,2.828128789998541,2.282934723487151,1.7217390358319706
2020-04-03,2488.64990234375,6733.38720703125,7373.080078125,6096970000.0,38976504903,3294260000.0,0.0521526035169419,0.1029453887140926,0.0511091607122396,-0.8866740365705117,-1.5137125124949469,-1.525647790392215
2020-04-04,,6867.52734375,,,33185988584,,,0.1027397701076277,,1.992164308903499,,
2020-04-05,,6791.12939453125,,,29510409856,,,0.1027054906597324,,-1.1124520572645125,,
2020-04-06,2663.679931640625,7271.78125,7913.240234375,6403840000.0,46896904615,3849130000.0,0.0538147257332507,0.1036492759233503,0.052791283997246,7.0776424294876294,7.033131865275055,7.32611270359842
2020-04-07,2659.409912109375,7176.41455078125,7887.259765625,7050410000.0,44243482668,4085960000.0,0.0536224386360803,0.1023368943383383,0.0526122932917958,-1.3114627068677276,-0.16030527844311804,-0.3283164415651241
2020-04-08,2749.97998046875,7334.0986328125,8090.89990234375,5875710000.0,37563249549,3487440000.0,0.054091225960832,0.1023773445346492,0.0528840441583026,2.197254365887824,3.405645287963033,2.5818870275615025
2020-04-09,2789.820068359375,7302.08935546875,8153.580078125,7899550000.0,34815139178,4145460000.0,0.0536254761274111,0.1023777366899184,0.0522643937825166,-0.43644459866604146,1.4487410153376512,0.7746996815903406
2020-04-10,,6865.4931640625,,,43622840992,,,0.1029393124266785,,-5.979058460566089,,
2020-04-11,,6859.0830078125,,,31222085946,,,0.0552547423599256,,-0.09336774645052337,,
2020-04-12,,6971.091796875,,,35759567632,,,0.0518168593020723,,1.6329994685138294,,
2020-04-13,2761.6298828125,6845.03759765625,8192.419921875,5319530000.0,38619308647,3184660000.0,0.0536339521373917,0.0501083638082236,0.0522766513668726,-1.8082418492216368,-1.0104660822607414,0.4763532506929291
2020-04-14,2846.06005859375,6842.427734375,8515.740234375,5615730000.0,34110434052,3767410000.0,0.0532489235652988,0.0498713052362101,0.0521284950660219,-0.03812781513637953,3.0572589146256046,3.9465788568367355
2020-04-15,2783.360107421875,6642.10986328125,8393.1796875,5208000000.0,32288311031,3347920000.0,0.0531569907658892,0.048062355633687,0.0519065406205683,-2.9275847531044064,-2.2030438529415775,-1.4392236435332606
2020-04-16,2799.550048828125,7116.80419921875,8532.3603515625,5228810000.0,46783242377,4057800000.0,0.0525379737254153,0.0489571031879759,0.0515006142388385,7.146740203164859,0.5816689462164515,1.6582590775434225
2020-04-17,2874.56005859375,7096.1845703125,8650.1396484375,5804810000.0,32513423567,4348310000.0,0.0524847254605079,0.0489964018959926,0.0512642043933001,-0.2897315751431484,2.679359484822341,1.380383528380058
2020-04-18,,7257.6650390625,,,32447188386,,,0.0391418023663927,,2.275595669052466,,
2020-04-19,,7189.4248046875,,,31311210215,,,0.0392284898722421,,-0.9402505352301915,,
2020-04-20,2823.159912109375,6881.95849609375,8560.73046875,5228630000.0,37747113936,3827370000.0,0.0524935301578906,0.040208749203155,0.051182378676654,-4.276646838190478,-1.788104803401469,-1.0336154480887538
2020-04-21,2736.56005859375,6880.3232421875,8263.23046875,5121010000.0,32589741511,3788180000.0,0.0507622997018627,0.0384444605965828,0.0496351159426851,-0.023761461322069355,-3.0674795694063395,-3.475170735558031
2020-04-22,2799.31005859375,7117.20751953125,8495.3798828125,5084920000.0,33249153866,3041520000.0,0.0501339092047247,0.0349327472872296,0.0491015229468276,3.4429236680519004,2.2930247703843776,2.809426833009754
2020-04-23,2797.800048828125,7429.724609375,8494.75,5773530000.0,43500782316,3759890000.0,0.0492682378078449,0.0347032960884802,0.0482327501200508,4.391007132869618,-0.053942211974311594,-0.00741441608484994
2020-04-24,2836.739990234375,7550.90087890625,8634.51953125,5382810000.0,34636526286,3696020000.0,0.0454895038184469,0.0347130716569249,0.0443183171885989,1.6309658285092787,1.3918057304545428,1.6453636805085603
2020-04-25,,7569.93603515625,,,32941541447,,,0.0347134398482546,,0.2520911948821203,,
2020-04-26,,7679.8671875,,,33070154491,,,0.033861210879407,,1.4522071498782596,,
2020-04-27,2878.47998046875,7795.60107421875,8730.16015625,5203930000.0,36162144725,3694980000.0,0.0426760074453495,0.0329711191733238,0.0414565424257184,1.5069777105927384,1.4714069804799612,1.1076542783169163
2020-04-28,2863.389892578125,7807.05859375,8607.73046875,5691160000.0,33187959921,3730350000.0,0.0350172949984306,0.0309930182467966,0.0329493855216767,0.1469741643032707,-0.5242380698498916,-1.4023761913732113
2020-04-29,2939.510009765625,8801.0380859375,8914.7099609375,6645640000.0,60201052203,4407140000.0,0.0338418834591644,0.0345967133350033,0.0318459896860168,12.731805202323422,2.6583916282167053,3.566323240510094
2020-04-30,2912.429931640625,8658.5537109375,8889.5498046875,6544980000.0,66964629541,4335660000.0,0.0321423828846549,0.0349064594328902,0.0301949309551893,-1.6189496467202469,-0.9212446303987654,-0.28223191063138087
2020-05-01,2830.7099609375,8864.7666015625,8604.9501953125,4759810000.0,44068389997,3741300000.0,0.0327696484775333,0.0348736362319644,0.0309427885745401,2.3816089558295506,-2.8059034078492195,-3.201507563689321
2020-05-02,,8988.5966796875,,,40134388683,,,0.034716469501891,,1.3968791699848548,,
2020-05-03,,8897.46875,,,47101785174,,,0.0347405062992729,,-1.0138170944239966,,
2020-05-04,2842.739990234375,8912.654296875,8710.7099609375,4735930000.0,45718796276,3443140000.0,0.0314007811052952,0.0347096151850913,0.0297738923337008,0.17067266322232655,0.42498275919764517,1.229057266160738
2020-05-05,2868.43994140625,9003.0703125,8809.1201171875,5140290000.0,43148462663,3933550000.0,0.0306255312102873,0.0345062687042988,0.0297114265584478,1.0144678859214995,0.9040556385797371,1.12976045226294
2020-05-06,2848.419921875,9268.76171875,8854.3896484375,4892570000.0,49371886931,3656750000.0,0.0265846834506576,0.0328982379094027,0.0266313912664394,2.9511199738283755,-0.6979410390386298,0.5138939036791523
2020-05-07,2881.18994140625,9951.5185546875,8979.66015625,5178790000.0,61112700562,3787220000.0,0.0265844342923361,0.0345732096891781,0.0265963974424646,7.366214135771076,1.1504630788313985,1.4147842232649754
2020-05-08,2929.800048828125,9842.666015625,9121.3203125,4876030000.0,51780748042,3813630000.0,0.0245573314526066,0.0347355411861462,0.0250856628212655,-1.0938284289408906,1.6871538638701944,1.577567010165759
2020-05-09,,9593.896484375,,,46566121841,,,0.0352467427949268,,-2.5274608612654736,,
2020-05-10,,8756.4306640625,,,63325279337,,,0.0376372052667421,,-8.729152140388742,,
2020-05-11,2930.18994140625,8601.7958984375,9192.33984375,4819730000.0,57119858802,3925450000.0,0.0235090494484522,0.0379023817808535,0.0236821504585523,-1.7659566044374797,0.013307822091168653,0.7786102101104087
2020-05-12,2870.1201171875,8804.4775390625,9002.5498046875,5119630000.0,42142717533,4336510000.0,0.0233290664117509,0.0379802295299927,0.0235560906642268,2.3562712138033515,-2.0500317528877154,-2.0646542913830723
2020-05-13,2820.0,9269.9873046875,8863.169921875,6151650000.0,45558144023,4273210000.0,0.0233722068951894,0.0384643329075072,0.0237090446068525,5.287193516704303,-1.7462724604228042,-1.5482267339407163
2020-05-14,2852.5,9733.7216796875,8943.7197265625,5651130000.0,56426907637,3965970000.0,0.0215749671797985,0.0390459769256909,0.0217702090135228,5.002535168149658,1.152482269503552,0.9088148528969997
2020-05-15,2863.699951171875,9328.197265625,9014.5595703125,5507700000.0,48158802327,4240690000.0,0.0213120719460692,0.039582882337983,0.0216807407792693,-4.166180495059313,0.39263632504382695,0.792062429456597
2020-05-16,,9377.013671875,,,36164766408,,,0.0380600867342406,,0.5233209039209763,,
2020-05-17,,9670.7392578125,,,40084250663,,,0.0381887387524338,,3.132400103227817,,
2020-05-18,2953.909912109375,9726.5751953125,9234.830078125,6373670000.0,41827139896,4341820000.0,0.0215309898779721,0.0381268550540347,0.0215254066694242,0.5773698991511145,3.1501191631680747,2.4434971680470374
2020-05-19,2922.93994140625,9729.0380859375,9185.099609375,4984330000.0,39254288955,4193550000.0,0.0182198309478919,0.0379992684202646,0.018019703112201,0.025321252090737545,-1.0484399194493177,-0.5385098407798439
2020-05-20,2971.610107421875,9522.9814453125,9375.7802734375,5005380000.0,36546239703,4315500000.0,0.0183584145493061,0.0371186135985936,0.0181679677182077,-2.117954918100662,1.665110025908012,2.0759781839260194
2020-05-21,2948.510009765625,9081.76171875,9284.8798828125,4976620000.0,39326160532,3745270000.0,0.0175793824198299,0.0385756129459188,0.0179865803376175,-4.633209978369557,-0.7773596407737116,-0.9695234740358605
2020-05-22,2955.449951171875,9182.5771484375,9324.58984375,3970860000.0,29810773699,3668070000.0,0.0174313815135739,0.0382978906307476,0.0179769116279989,1.110086707949609,0.2353711326488428,0.42768416434775247
2020-05-23,,9209.287109375,,,27727866812,,,0.0377486928176289,,0.29087652089092586,,
2020-05-24,,8790.3681640625,,,32518803300,,,0.0389502391500192,,-4.548874851409979,,
2020-05-25,,8906.9345703125,,,31288157264,,,0.0389747750514809,,1.3260696716498988,,
2020-05-26,2991.77001953125,8835.052734375,9340.2197265625,5848500000.0,29584186947,4448950000.0,0.017375258597578,0.0390123931253182,0.0179840437922687,-0.8070322664891605,1.2289184036080147,0.16762005701491667
2020-05-27,3036.1298828125,9181.017578125,9412.3603515625,6398000000.0,32740536902,4489110000.0,0.0167528600725349,0.0394580906451373,0.0167942481147987,3.9158209254817056,1.4827297215913804,0.772365395161323
2020-05-28,3029.72998046875,9525.7509765625,9368.990234375,5447020000.0,34367073114,4113660000.0,0.0161318056000817,0.0398618866658654,0.0165272495575162,3.7548495632866885,-0.21079145460738413,-0.46077833367589305
2020-05-29,3044.31005859375,9439.1240234375,9489.8701171875,7297550000.0,32896642044,4742290000.0,0.0161264876785815,0.0337117421348089,0.0164435889850815,-0.9093976247976698,0.48123358249714254,1.2902124966358564
2020-05-30,,9700.4140625,,,32722975141,,,0.0338200726548587,,2.768159825145977,,
2020-05-31,,9461.05859375,,,27773290299,,,0.0340027426326331,,-2.4674768232348376,,
2020-06-01,3055.72998046875,10167.2685546875,9552.0498046875,4684170000.0,35198901068,3847770000.0,0.0154990455949776,0.0362722560522463,0.0163425012737199,7.464386293982206,0.3751234813537785,0.6552216914684994
2020-06-02,3080.820068359375,9529.8037109375,9608.3798828125,5197150000.0,39137252109,3990080000.0,0.0150607541327916,0.0383235916881379,0.0161410432720868,-6.269774820259899,0.8210832780053412,0.5897171735574247
2020-06-03,3122.8701171875,9656.7177734375,9682.91015625,6005560000.0,25007459262,4679030000.0,0.0137265514309973,0.0383752674791855,0.0143485261873588,1.3317594606312655,1.3648979133831007,0.7756799205120846
2020-06-04,3112.35009765625,9800.63671875,9615.8095703125,6451290000.0,25921805072,6141320000.0,0.0133496797568844,0.0384161794219095,0.0138682522509527,1.4903505382374727,-0.33687022311144066,-0.6929795366756419
2020-06-05,3193.929931640625,9665.533203125,9814.080078125,8639300000.0,23509628646,6607730000.0,0.0139301917857977,0.038203934274511,0.0141554244120835,-1.3785177382049874,2.6211650818398713,2.061922153956064
2020-06-06,,9653.6796875,,,20438419222,,,0.0358657769424033,,-0.12263695520872142,,
2020-06-07,,9758.8525390625,,,25015250846,,,0.0358776885734785,,1.0894586827723485,,
2020-06-08,3232.389892578125,9771.4892578125,9924.75,8498300000.0,21486346312,6197330000.0,0.0138911014481881,0.0355579234342957,0.0140425350948674,0.1294898011771073,1.2041579421169235,1.1276647530284345
2020-06-09,3207.179931640625,9795.7001953125,9953.75,6410930000.0,23717842783,5319450000.0,0.0139239067012727,0.0310294018370352,0.0139935413099919,0.24777121338637187,-0.7799170822611612,0.29219879593944675
2020-06-10,3190.139892578125,9870.0947265625,10020.349609375,6598870000.0,25706567601,5170860000.0,0.0139254725016912,0.0307663085048643,0.0135539124405224,0.7594610876882513,-0.5313091072437381,0.6690906379505313
2020-06-11,3002.10009765625,9321.78125,9492.73046875,7037320000.0,30247143440,5300850000.0,0.0176171885373981,0.0325346989944285,0.0162561989839602,-5.555301055894358,-5.894405927443824,-5.265476367524757
2020-06-12,3041.31005859375,9480.84375,9588.8095703125,5845330000.0,22610564515,4388990000.0,0.0176514333619511,0.0313051069172898,0.0162920789773438,1.7063530642279279,1.3060843963234703,1.0121334623245826
2020-06-13,,9475.27734375,,,17564322315,,,0.0299600384580771,,-0.05871213994007585,,
2020-06-14,,9386.7880859375,,,18991732746,,,0.0289651955010668,,-0.9338962291258746,,
2020-06-15,3066.590087890625,9450.7021484375,9726.01953125,5757480000.0,26699704768,4476010000.0,0.0167570033615625,0.0289759486806147,0.0150078116960853,0.6808938469139436,0.8312217041285264,1.43093842808506
2020-06-16,3124.739990234375,9538.0244140625,9895.8701171875,5845810000.0,21565537209,4669320000.0,0.0170125178950538,0.0284529343932061,0.0151314093837401,0.9239764861221245,1.896239819380252,1.7463525072283215
2020-06-17,3113.489990234375,9480.2548828125,9910.5302734375,4560450000.0,20177709879,4279700000.0,0.0170188046047168,0.0284457811463922,0.0150809179022283,-0.6056760681470541,-0.3600299556174025,0.14814418617457026
2020-06-18,3115.340087890625,9411.8408203125,9943.0498046875,4448690000.0,17770083003,4335320000.0,0.016925193131968,0.0284686228854613,0.0150796291438169,-0.7216479234543938,0.05942198825281686,0.32813109241147664
2020-06-19,3097.739990234375,9288.0185546875,9946.1201171875,8346650000.0,19632223107,6093830000.0,0.0169187101944712,0.0283064230777925,0.0149679165516642,-1.3156009327927487,-0.5649494809462974,0.030878981402193695
2020-06-20,,9332.3408203125,,,17130541557,,,0.0269127555939049,,0.47719828900030237,,
2020-06-21,,9303.6298828125,,,15324301169,,,0.0268528499004284,,-0.30764990320015784,,
2020-06-22,3117.860107421875,9648.7177734375,10056.48046875,4686690000.0,21104009514,4506960000.0,0.0167219458882078,0.0276445997916605,0.0148610097631335,3.709174751916078,0.6495095537691675,1.1095819300612542
2020-06-23,3131.2900390625,9629.658203125,10131.3701171875,4711850000.0,17006433272,5755170000.0,0.016722568090398,0.0261258136972537,0.014857619508101,-0.19753474772544743,0.4307419569164139,0.7446904378745289
2020-06-24,3050.330078125,9313.6103515625,9909.169921875,5597680000.0,18961716076,5589130000.0,0.0170092159323557,0.0268745568167281,0.0149328367787582,-3.282025643027875,-2.585514593906457,-2.1931899905181185
2020-06-25,3083.760009765625,9264.8134765625,10017.0,4847690000.0,18616048626,4779640000.0,0.0166667742057229,0.0268445036921943,0.0145602765967083,-0.5239308190707503,1.095944726780984,1.0881847720358495
2020-06-26,3009.050048828125,9162.91796875,9757.2197265625,8107850000.0,18341465837,7309380000.0,0.0173176931750022,0.0260107150658825,0.01553997276474,-1.0998117562784016,-2.4226905044785974,-2.5933939646351156
2020-06-27,,9045.390625,,,17273093144,,,0.0251471428715017,,-1.2826410118569775,,
2020-06-28,,9143.58203125,,,14560870760,,,0.0252078357092716,,1.0855408054862181,,
2020-06-29,3053.239990234375,9190.8544921875,9874.150390625,4473970000.0,16460547078,4336290000.0,0.0174717522418786,0.0246669526887015,0.0156017384828605,0.5170015512075743,1.4685678433118632,1.1984014641401863
2020-06-30,3100.2900390625,9137.9931640625,10058.76953125,4705850000.0,15735797744,4510190000.0,0.0167984517829611,0.0242907476613265,0.0153717464883533,-0.5751513982724221,1.5409875731554612,1.8697217818384404
2020-07-01,3115.860107421875,9228.3251953125,10154.6298828125,4449230000.0,15971550355,4624430000.0,0.0166498052024824,0.0201312491873791,0.0153365063789658,0.988532488788163,0.5022132820864389,0.9530027630585192
2020-07-02,3130.010009765625,9123.41015625,10207.6298828125,4197720000.0,16338916796,4038920000.0,0.0164351973539336,0.0165473630235506,0.014995104431176,-1.1368806022981404,0.45412508443640753,0.5219294116244111
2020-07-03,,9087.3037109375,,,13078970999,,,0.0163174619353816,,-0.395756024273064,,
2020-07-04,,9132.48828125,,,12290528515,,,0.0160647542991516,,0.4972274697731871,,
2020-07-05,,9073.9423828125,,,12903406143,,,0.0159374961332726,,-0.641072801130238,,
2020-07-06,3179.719970703125,9375.474609375,10433.650390625,4759160000.0,17889263252,4570260000.0,0.0165265296950703,0.0171582203399099,0.0151916107011132,3.32305643833104,1.588172586745884,2.2142310252948327
2020-07-07,3145.320068359375,9252.27734375,10343.8896484375,4571330000.0,13839652595,4337130000.0,0.0167065916294645,0.017149519166415,0.0153623275233673,-1.314037643510968,-1.0818532028197159,-0.8603004588705887
2020-07-08,3169.93994140625,9428.3330078125,10492.5,4937310000.0,19702359883,4030210000.0,0.0166334580393085,0.0175526988565111,0.0154834211578817,1.9028359994139876,0.7827461915415501,1.436696993233566
2020-07-09,3152.050048828125,9277.9677734375,10547.75,4843650000.0,18000702524,4013180000.0,0.0165087540342225,0.0177448128189579,0.0154690782613317,-1.5948231171979632,-0.5643606159361103,0.5265665951870391
2020-07-10,3185.0400390625,9278.8076171875,10617.4404296875,4524190000.0,16860035605,3537510000.0,0.016579044678017,0.0176608997308757,0.0153939827304729,0.009052022711308894,1.046620127324438,0.6607137037519806
2020-07-11,,9240.3466796875,,,13249910444,,,0.014288209550861,,-0.4145030168397623,,
2020-07-12,,9276.5,,,14452361907,,,0.0139409494030517,,0.3912550206798482,,
2020-07-13,3155.219970703125,9243.6142578125,10390.83984375,4902440000.0,17519821266,4851880000.0,0.0166889762031263,0.0139504304863439,0.0159964697711679,-0.3545059255915528,-0.9362541127788226,-2.1342298780777758
2020-07-14,3197.52001953125,9243.2138671875,10488.580078125,4507140000.0,18085038362,4461770000.0,0.0168303655329957,0.0138567666726213,0.0160262053588695,-0.004331537576462985,1.3406370782667931,0.940638445445674
2020-07-15,3226.56005859375,9192.8369140625,10550.490234375,4686830000.0,15844731575,4647070000.0,0.0168428953569014,0.013814681051077,0.0160262376096391,-0.5450155524782674,0.9082050740923053,0.5902625120736804
2020-07-16,3215.570068359375,9132.2275390625,10473.830078125,3972860000.0,15713967523,4277760000.0,0.0167098539975611,0.0137165725652757,0.0161116617465481,-0.6593108913667822,-0.34061012455366413,-0.726602788562658
2020-07-17,3224.72998046875,9151.392578125,10503.1904296875,4012850000.0,13944570749,4361480000.0,0.0166926014986423,0.0137026713076115,0.0160099525876236,0.2098616025556055,0.2848612194617406,0.28032106061965933
2020-07-18,,9159.0400390625,,,12252601475,,,0.0136586621005302,,0.08356608977502233,,
2020-07-19,,9185.8173828125,,,12939002784,,,0.0134728070806997,,0.2923597193133398,,
2020-07-20,3251.840087890625,9164.2314453125,10767.08984375,3979340000.0,13755604146,4314630000.0,0.0160950250866176,0.0134419790323854,0.0161948380484618,-0.23499201650132306,0.84069387471426,2.512564309189158
2020-07-21,3257.300048828125,9374.8876953125,10680.3603515625,4556610000.0,18069581956,5350750000.0,0.0159533643038311,0.0140883838108829,0.0162442673743853,2.298678850016933,0.16790373419135474,-0.805505419255359
2020-07-22,3276.02001953125,9525.36328125,10706.1298828125,4267160000.0,16532254884,4128960000.0,0.0159084133494009,0.0127028742760678,0.0162440232644529,1.6050921443329758,0.5747082068739751,0.24127960482371869
2020-07-23,3235.659912109375,9581.072265625,10461.419921875,4296760000.0,18146399002,4501540000.0,0.0160525905315015,0.0127499686799976,0.0168742655461447,0.584848921034431,-1.2319859824193036,-2.2856995349024745
2020-07-24,3215.6298828125,9536.892578125,10363.1796875,3689410000.0,16552768325,4233390000.0,0.0112493235365947,0.0111481808388104,0.0134239589413155,-0.4611142289210002,-0.6190400054688405,-0.9390717044975738
2020-07-25,,9677.11328125,,,16610070933,,,0.0113641001895944,,1.4702976045533722,,
2020-07-26,,9905.1669921875,,,20507998997,,,0.011783023728249,,2.356629547567324,,
2020-07-27,3239.409912109375,10990.873046875,10536.26953125,3970310000.0,35359749590,4244570000.0,0.0111113726853358,0.0216673188399304,0.0135944409619217,10.96100707382146,0.7395138795039502,1.6702387584650369
2020-07-28,3218.43994140625,10912.8232421875,10402.08984375,4053180000.0,28766551142,3894660000.0,0.0111555476850787,0.0217913264466314,0.0137305090481219,-0.7101328925793737,-0.6473392152297919,-1.273502800037818
2020-07-29,3258.43994140625,11100.4677734375,10542.9404296875,4478200000.0,24617249715,4009640000.0,0.0108722757701776,0.02188536957114,0.0136017900143183,1.7194865809297744,1.242838167815008,1.3540604633609066
2020-07-30,3246.219970703125,11111.2138671875,10587.8095703125,4264920000.0,22857247901,4185810000.0,0.0108746985709983,0.0217917216075889,0.0136067418333677,0.09680757576464583,-0.3750251937389204,0.425584692659875
2020-07-31,3271.1201171875,11323.466796875,10745.26953125,5007530000.0,23160469766,4438730000.0,0.0109328355770126,0.0219023020825296,0.0137982192249001,1.9102587010254801,0.7670504990141325,1.4871816487803668
2020-08-01,,11759.5927734375,,,26075670303,,,0.0223274248976861,,3.851523428168302,,
2020-08-02,,11053.6142578125,,,27410067336,,,0.0256924001619742,,-6.0034265575901635,,
2020-08-03,3294.610107421875,11246.3486328125,10902.7998046875,4438940000.0,20271713443,4203890000.0,0.0108884569488909,0.0257648943542071,0.013961284551847,1.7436321777176023,0.718102343932614,1.4660430152948933
2020-08-04,3306.510009765625,11205.892578125,10941.169921875,4414380000.0,21250197042,4016520000.0,0.0108608610422818,0.0257194233158079,0.0138804608100424,-0.359726129861071,0.36119303819721615,0.35192902625804656
2020-08-05,3327.77001953125,11747.0224609375,10998.400390625,4535060000.0,24411254471,4160740000.0,0.0108833592929219,0.0263452094144082,0.0138610563546309,4.828976175167332,0.6429743053199433,0.5230744898274242
2020-08-06,3349.159912109375,11779.7734375,11108.0703125,4278930000.0,23400740340,4120000000.0,0.0095088589778071,0.0260712290583136,0.0130890271086038,0.2788023660583505,0.642769555966427,0.9971442935327479
2020-08-07,3351.280029296875,11601.47265625,11010.98046875,4110030000.0,23132312867,4263930000.0,0.0094031985681797,0.026326318796742,0.0132153643545529,-1.513618086086388,0.06330295486443038,-0.8740477960491821
2020-08-08,,11754.0458984375,,,17572057837,,,0.0259841774346653,,1.3151196120374076,,
2020-08-09,,11675.7392578125,,,17489608833,,,0.0260835080021361,,-0.6662100973708895,,
2020-08-10,3360.469970703125,11878.111328125,10968.3603515625,4327920000.0,26114112569,4048420000.0,0.0078657079739738,0.0260411690400462,0.0120792517245731,1.7332698670629254,0.2742218294476073,-0.38706922883442463
2020-08-11,3333.68994140625,11410.525390625,10782.8203125,4880540000.0,27039782640,4331770000.0,0.0078673541324743,0.0275034728087352,0.0125650272495707,-3.9365343915648388,-0.7969132154236114,-1.6915932109767828
2020-08-12,3380.35009765625,11584.9345703125,11012.240234375,3772250000.0,25064548486,3745230000.0,0.00779566195518,0.0274704813810232,0.0126811603823781,1.5284938573538076,1.3996549490237653,2.127643002722057
2020-08-13,3373.429931640625,11784.1376953125,11042.5,3438730000.0,27522199497,3480470000.0,0.0078356813035505,0.0274853275501936,0.0126222200620216,1.7195015111304723,-0.2047174350497949,0.27478301400056804
2020-08-14,3372.85009765625,11768.87109375,11019.2998046875,3200060000.0,24237958589,3514260000.0,0.0078437398325066,0.0274248771512722,0.0126445832508799,-0.12955213149429268,-0.017188262276812694,-0.2100991198777491
2020-08-15,,11865.6982421875,,,23354924400,,,0.0272812808079792,,0.8227394765919493,,
2020-08-16,,11892.8037109375,,,20583375490,,,0.0272797482474661,,0.22843551383793237,,
2020-08-17,3381.989990234375,12254.40234375,11129.73046875,3460330000.0,28227687027,3214870000.0,0.0074338005299222,0.0275060407288708,0.0121946519608946,3.040482644811049,0.2709842511078753,1.0021568159487293
2020-08-18,3389.780029296875,11991.2333984375,11210.83984375,3669550000.0,26043227672,3228590000.0,0.0070211117306089,0.0280771578229493,0.0120541232611207,-2.1475461465219614,0.2303389154016955,0.7287631558350771
2020-08-19,3374.85009765625,11758.283203125,11146.4599609375,3679480000.0,24502851117,3496480000.0,0.0070570051614522,0.0284893383338872,0.0119445803213167,-1.9426708460436926,-0.44043954214108005,-0.5742645841862681
2020-08-20,3385.510009765625,11878.3720703125,11264.9501953125,3431040000.0,20175242945,4215130000.0,0.0069051721956316,0.0283621375976368,0.0120335040863275,1.021312934149976,0.31586327691348615,1.0630301888693516
2020-08-21,3397.159912109375,11592.4892578125,11311.7998046875,3505010000.0,23762425999,3929290000.0,0.006740934371549,0.0289168979404662,0.0120110442369017,-2.406750780391065,0.34411070444764214,0.41588829566681085
2020-08-22,,11681.8251953125,,,20224191306,,,0.028917286856282,,0.7706363621583279,,
2020-08-23,,11664.84765625,,,18482062658,,,0.0288806300694895,,-0.14533293195752028,,
2020-08-24,3431.280029296875,11774.595703125,11379.7197265625,3743410000.0,20681511755,3907310000.0,0.0065211029654703,0.0288471704290439,0.0111609065650401,0.9408442365399949,1.0043718303008653,0.60043426375751
2020-08-25,3443.6201171875,11366.134765625,11466.4697265625,3627650000.0,26301509932,3475280000.0,0.0062145380977245,0.029646486062054,0.0111309436338367,-3.4690018052305094,0.35963511532906,0.7623210596084284
2020-08-26,3478.72998046875,11488.36328125,11665.0595703125,3780530000.0,22466660958,3471520000.0,0.0062578543066327,0.0230073083319317,0.0114197812400645,1.0753745063331488,1.0195626139483993,1.7319179179443367
2020-08-27,3484.550048828125,11323.3974609375,11625.33984375,3955890000.0,23240415076,3547400000.0,0.0061600787014292,0.023140509732643,0.0113165921884106,-1.435938403704018,0.16730440109038458,-0.3405017035968405
2020-08-28,3508.010009765625,11542.5,11695.6298828125,3868510000.0,19807127588,3012980000.0,0.0062039565945051,0.0231935494251904,0.0113252757289205,1.934954061432026,0.673256535528588,0.6046278217000989
2020-08-29,,11506.865234375,,,17485597759,,,0.0232074041817896,,-0.3087265811132722,,
2020-08-30,,11711.505859375,,,19760127945,,,0.0231744316470112,,1.7784220187846422,,
2020-08-31,3500.31005859375,11680.8203125,11775.4599609375,4348280000.0,22285928250,3612050000.0,0.0061770688725518,0.0221200155855153,0.010616177660575,-0.26201196706430174,-0.21949627140287475,0.682563307191475
2020-09-01,3526.64990234375,11970.478515625,11939.669921875,4101490000.0,27311555343,3511060000.0,0.0062428545510605,0.0192500266802752,0.0105826948086364,2.4797762089964426,0.7525003016613407,1.3945099510527026
2020-09-02,3580.840087890625,11414.0341796875,12056.4404296875,4295640000.0,28037405299,3982360000.0,0.0066345007846207,0.0211053506675787,0.0106358609551411,-4.648471948812871,1.5365910154807594,0.9780044890400408
2020-09-03,3455.06005859375,10245.296875,11458.099609375,4911830000.0,31927261555,4465010000.0,0.0093251338187905,0.0289551397208351,0.0138105053103447,-10.23947612464131,-3.512584371534122,-4.962831474198303
2020-09-04,3426.9599609375,10511.8134765625,11313.1298828125,4438720000.0,29965130374,4284440000.0,0.0093924847918438,0.0279194257611876,0.0139258154375957,2.601355576262887,-0.8133027264274895,-1.2652161484430269
2020-09-05,,10169.5673828125,,,44916565292,,,0.0283965104828624,,-3.255823502891142,,
2020-09-06,,10280.3515625,,,37071460174,,,0.0284678904959036,,1.0893696409813414,,
2020-09-07,,10369.5634765625,,,33703098409,,,0.028387610575324,,0.867790498409815,,
2020-09-08,3331.840087890625,10131.5166015625,10847.6904296875,4694330000.0,33430927462,3905420000.0,0.0108358865816997,0.028597806640224,0.0159121015101605,-2.2956306264775628,-2.7756342102361,-4.114152829024976
2020-09-09,3398.9599609375,10242.34765625,11141.5595703125,3932520000.0,24128292755,3550660000.0,0.0112767733552009,0.0284540328992903,0.0163622250042918,1.0939236349907233,2.014498633677464,2.709047999938785
2020-09-10,3339.18994140625,10363.138671875,10919.58984375,4208630000.0,54406443211,3840010000.0,0.0116401293769751,0.0278088593411673,0.0167168726623736,1.1793293850096198,-1.758479659017942,-1.992268004866704
2020-09-11,3340.969970703125,10400.9150390625,10853.5498046875,3710090000.0,45201121775,3630250000.0,0.0116083164772659,0.0276251602414114,0.0167574102215593,0.36452631180188266,0.053307219059406385,-0.6047849782590431
2020-09-12,,10442.1708984375,,,36750077324,,,0.0273902489868542,,0.3966560559340859,,
2020-09-13,,10323.755859375,,,36506852789,,,0.0274176227117529,,-1.1340078630605377,,
2020-09-14,3383.5400390625,10680.837890625,11056.650390625,3839580000.0,35453581940,3737610000.0,0.0117433615416025,0.0282185958511659,0.0168794880577146,3.45883839286778,1.2741829089357504,1.871282571991184
2020-09-15,3401.199951171875,10796.951171875,11190.3203125,4057190000.0,32509451925,3786110000.0,0.0117142055196013,0.0283217309879278,0.0168152269336954,1.0871177190313608,0.5219359577689042,1.2089549470456262
2020-09-16,3385.489990234375,10974.9052734375,11050.4697265625,4718900000.0,30769986455,3678020000.0,0.011748969565966,0.0278776781307868,0.0169836776795771,1.648188444401355,-0.4618946596211537,-1.2497460486567302
2020-09-17,3357.010009765625,10948.990234375,10910.2802734375,4379840000.0,38151810523,3740110000.0,0.0118167378980899,0.0276691149224642,0.0171221170755179,-0.23612995663134795,-0.8412365876402483,-1.2686289053217337
2020-09-18,3319.469970703125,10944.5859375,10793.2802734375,7076400000.0,26341903912,5759090000.0,0.0119405761506194,0.027493756681201,0.017114469826436,-0.040225598714782596,-1.1182581807410497,-1.0723830833645143
2020-09-19,,11094.3466796875,,,22764204008,,,0.0275548063330712,,1.3683545731443925,,
2020-09-20,,10938.271484375,,,24699523788,,,0.0273350371088466,,-1.4067993350005525,,
2020-09-21,3281.06005859375,10462.259765625,10778.7998046875,4836070000.0,28884999244,3900970000.0,0.0121165246148099,0.0283432678637199,0.0170510282253875,-4.351800185522626,-1.1571097930805796,-0.13416188946410168
2020-09-22,3315.570068359375,10538.4599609375,10963.6396484375,3974510000.0,23621787804,3515440000.0,0.0122733048790202,0.0284113482312533,0.017340989321014,0.7283340025915352,1.0517945160813724,1.7148462454012359
2020-09-23,3236.919921875,10246.1865234375,10632.990234375,4378650000.0,23788661867,4097320000.0,0.0129426162112403,0.0286546918984983,0.0179662144252989,-2.773397997272453,-2.3721455093028143,-3.015872690686461
2020-09-24,3246.590087890625,10760.06640625,10672.26953125,4601920000.0,47144380902,4086360000.0,0.0126601734104387,0.0296556004411279,0.0175232510989354,5.015328206616498,0.29874591429570607,0.3694096957600479
2020-09-25,3298.4599609375,10692.716796875,10913.5595703125,3803330000.0,39348590957,3785270000.0,0.0130419159295994,0.0295702435571812,0.0180281039746948,-0.6259218747560857,1.59767237756141,2.2609065331040012
2020-09-26,,10750.7236328125,,,46852525493,,,0.0295130504151758,,0.5424892199001441,,
2020-09-27,,10775.26953125,,,53745972818,,,0.0292607654190154,,0.22831856976197606,,
2020-09-28,3351.60009765625,10709.65234375,11117.5302734375,3950910000.0,47762394731,3591740000.0,0.0133952661116194,0.0292687871896212,0.0183507944139304,-0.6089609852421796,1.6110590199083896,1.8689658659109654
2020-09-29,3335.469970703125,10844.640625,11085.25,3661590000.0,46582396602,3389040000.0,0.0134092718349221,0.0291630676836197,0.0182670888836268,1.2604356977915954,-0.48126645432444715,-0.29035471587268713
2020-09-30,3363.0,10784.4912109375,11167.509765625,4738640000.0,44171073700,4260630000.0,0.0134945949464173,0.0291682106332695,0.0182689479463558,-0.554646448346463,0.8253718228220741,0.7420650470219448
2020-10-01,3380.800048828125,10619.4521484375,11326.509765625,4076340000.0,40023134100,4005900000.0,0.0135078458630005,0.0287947464934901,0.0184180532211709,-1.530337030017881,0.5292907769290922,1.4237731001536469
2020-10-02,3348.419921875,10575.974609375,11075.01953125,3975180000.0,48661453918,3731510000.0,0.0136079663380126,0.0275932752576361,0.0187807684560972,-0.409414143543152,-0.9577652178616392,-2.220368318034316
2020-10-03,,10549.3291015625,,,44660271563,,,0.0191028070487542,,-0.25194375739971964,,
2020-10-04,,10669.5830078125,,,71251776995,,,0.0186368864254236,,1.1399199427022166,,
2020-10-05,3408.60009765625,10793.33984375,11332.490234375,3692720000.0,47537578009,3623920000.0,0.0139942109486053,0.0176159457013301,0.0192526433918057,1.159903211277169,1.797270867614209,2.3247878019402535
2020-10-06,3360.969970703125,10604.40625,11154.599609375,4453390000.0,42623695307,4390960000.0,0.014097614697816,0.0178883660959634,0.0194320775212039,-1.7504646058134066,-1.3973515692226712,-1.5697399364210551
2020-10-07,3419.43994140625,10668.96875,11364.599609375,3814750000.0,37799458436,3910770000.0,0.0144565339386838,0.0178568049142049,0.0196972027571108,0.6088271090142428,1.739675486921799,1.882631446703864
2020-10-08,3446.830078125,10915.685546875,11420.98046875,3867640000.0,63314794397,3507570000.0,0.0144082437848522,0.0176870730307277,0.0194482640579322,2.3124708925124526,0.8010123642494982,0.4961095094673684
2020-10-09,3477.139892578125,11064.4580078125,11579.9404296875,3944090000.0,22799117613,3504230000.0,0.0144995389713895,0.0177371482353396,0.0196193346142108,1.3629236597062944,0.879353312061526,1.3918241202884873
2020-10-10,,11296.361328125,,,22877978588,,,0.0179724463901197,,2.095930231275278,,
2020-10-11,,11384.181640625,,,19968627060,,,0.017994085599803,,0.7774212416643334,,
2020-10-12,3534.219970703125,11555.36328125,11876.259765625,3435760000.0,26163972642,3885030000.0,0.0147569539967947,0.0181249105788254,0.0201352323213283,1.503679807902314,1.641581296364758,2.558902074986724
2020-10-13,3511.929931640625,11425.8994140625,11863.900390625,3611100000.0,24241420251,3634130000.0,0.014799749499252,0.0181210512747833,0.0201016161565037,-1.1203790312466544,-0.6306918994084421,-0.10406790726970039
2020-10-14,3488.669921875,11429.5068359375,11768.73046875,3858510000.0,24103426719,3410410000.0,0.0147815808757545,0.0171772041311416,0.0199880913464028,0.03157232305546209,-0.6623141753502759,-0.8021807225404909
2020-10-15,3483.340087890625,11495.349609375,11713.8701171875,3724550000.0,24487233058,3325270000.0,0.014485031894767,0.0171149806043531,0.0199071417156948,0.5760771167350187,-0.15277553060997207,-0.46615352189578463
2020-10-16,3483.81005859375,11322.123046875,11671.5595703125,4688030000.0,25635480772,3166980000.0,0.0129044160932417,0.0171772516191898,0.0175488893833869,-1.506927308750361,0.013491955745537076,-0.3612004098706767
2020-10-17,,11358.1015625,,,19130430174,,,0.0171691777811797,,0.31777181254826203,,
2020-10-18,,11483.359375,,,18283314340,,,0.0172573341628678,,1.1028058853915557,,
2020-10-19,3426.919921875,11742.037109375,11478.8798828125,4091080000.0,23860769928,3477410000.0,0.0131776726853864,0.0175360106710102,0.017665687476078,2.252631185070797,-1.6329861778318078,-1.6508478266271776
2020-10-20,3443.1201171875,11916.3349609375,11516.490234375,3917850000.0,30915821592,3510040000.0,0.0120770350921653,0.0174168471416947,0.0157388910924613,1.4843919324981414,0.4727334073110212,0.32764827183890954
2020-10-21,3435.56005859375,12823.689453125,11484.6904296875,4103960000.0,43414712626,3467310000.0,0.0115504605269046,0.0195346078955423,0.01504643640783,7.614375520341321,-0.21956999281005363,-0.27612409718876796
2020-10-22,3453.489990234375,12965.8916015625,11506.009765625,4172060000.0,34729759598,3434040000.0,0.0110600068322716,0.0195498832000139,0.0145072966025747,1.1089019970212055,0.5218925396392127,0.18563265651803107
2020-10-23,3465.389892578125,12931.5390625,11548.2802734375,3651600000.0,28974975003,3145570000.0,0.011067400174493,0.0185007622942654,0.0144352712045083,-0.26494544392426933,0.3445761353703114,0.36737764588716804
2020-10-24,,13108.0625,,,24542317940,,,0.0168383882957828,,1.36506131750318,,
2020-10-25,,13031.173828125,,,24406920575,,,0.0168281162460099,,-0.586575413986623,,
2020-10-26,3400.969970703125,13075.248046875,11358.9404296875,4002210000.0,29461458313,3205100000.0,0.011428357363954,0.0168371380113475,0.0144753762957709,0.3382214014740148,-1.8589516294535646,-1.6395501257923661
2020-10-27,3390.679931640625,13654.21875,11431.349609375,3962400000.0,33749878156,3104770000.0,0.0114021402822588,0.0181007186458843,0.0143618768667021,4.427990207523247,-0.30256189119989285,0.6374642083539106
2020-10-28,3271.030029296875,13271.28515625,11004.8701171875,5139970000.0,35867318895,3930690000.0,0.0131311096567641,0.0191268875869133,0.0158480860620728,-2.804507535445777,-3.5287878760604796,-3.7307886361706455
2020-10-29,3310.110107421875,13437.8828125,11185.58984375,4911860000.0,56499499598,3244190000.0,0.0132650330955207,0.0191264004547513,0.0159372327596263,1.2553242153156674,1.1947330894238384,1.642179549945344
2020-10-30,3269.9599609375,13546.5224609375,10911.58984375,4843930000.0,30581485201,3671600000.0,0.0132929983177348,0.0189753783102176,0.0164855638853474,0.808458072996765,-1.2129550130175693,-2.4495802530529853
2020-10-31,,13780.9951171875,,,30306464719,,,0.0185396687659142,,1.730869726353168,,
2020-11-01,,13737.109375,,,24453857900,,,0.0185186894000145,,-0.3184511845067406,,
2020-11-02,3310.239990234375,13550.4892578125,10957.6103515625,4314690000.0,30771455468,3209000000.0,0.0133180694163802,0.0188610046640962,0.0164969065223461,-1.3585108198026608,1.231820260127181,0.42175804325030875
2020-11-03,3369.159912109375,13950.30078125,11160.5703125,4241380000.0,29869951617,3216580000.0,0.013569226598174,0.0192325304392033,0.016545100503648,2.950532012761009,1.779929009643455,1.8522283091455094
2020-11-04,3443.43994140625,14133.70703125,11590.7802734375,4790400000.0,35116364962,3620760000.0,0.0132871080120504,0.0192416706696282,0.0168091604264047,1.3147117963686394,2.204704770168342,3.8547309760295967
2020-11-05,3510.449951171875,15579.8486328125,11890.9296875,4858150000.0,40856321439,3848160000.0,0.0136538687938659,0.0244984405894089,0.0173126949022708,10.231863433740651,1.9460194138962938,2.589553136041678
2020-11-06,3509.43994140625,15565.880859375,11895.23046875,4842460000.0,39837841971,4183220000.0,0.0134300858884343,0.0245974879155225,0.0169531445752877,-0.08965281862933772,-0.028771518741854685,0.03616858700730141
2020-11-07,,14833.75390625,,,35024953706,,,0.0268874194061778,,-4.70340843373509,,
2020-11-08,,15479.5673828125,,,26632075029,,,0.0275275123182591,,4.353675277640923,,
2020-11-09,3550.5,15332.3154296875,11713.7802734375,8570510000.0,34149115566,5863900000.0,0.0132974870501922,0.0277202471842853,0.0170036256986704,-0.9512665921690977,1.169988923568721,-1.525402940188414
2020-11-10,3545.530029296875,15290.90234375,11553.8603515625,6037470000.0,25574938143,4736560000.0,0.0132522108390946,0.027817416208568,0.0172195912332397,-0.2701032738819942,-0.13997945931910616,-1.3652289708527277
2020-11-11,3572.659912109375,15701.33984375,11786.4296875,4635560000.0,29772374934,3854680000.0,0.0132430478517463,0.0279700720223858,0.0175200262546734,2.684194109497806,0.7651855318760337,2.0129145485651367
2020-11-12,3537.010009765625,16276.34375,11709.58984375,4909660000.0,34175758344,3886670000.0,0.0134068743410967,0.028048152698542,0.0174243296799386,3.6621327349900312,-0.9978532303877019,-0.6519348588783558
2020-11-13,3585.14990234375,16317.80859375,11829.2900390625,4719580000.0,31599492172,3654230000.0,0.0134102081261148,0.0280196389795206,0.0169136246260113,0.2547552717421464,1.3610335409063534,1.0222407181613713
2020-11-14,,16068.138671875,,,27481710135,,,0.0284423595967188,,-1.5300456580341737,,
2020-11-15,,15955.587890625,,,23653867583,,,0.0282199745002613,,-0.7004593596581565,,
2020-11-16,3626.909912109375,16716.111328125,11924.1298828125,5295510000.0,31526766675,4172570000.0,0.0132079802708177,0.0288860150327891,0.0164945442983701,4.766502135260464,1.1648051240012336,0.8017374114323017
2020-11-17,3609.530029296875,17645.40625,11899.33984375,4812180000.0,39006849170,4145030000.0,0.0129227128507226,0.0298450881858942,0.0161790802408063,5.559276937282975,-0.4791925698091615,-0.20789809660017866
2020-11-18,3567.7900390625,17804.005859375,11801.599609375,5284810000.0,49064800278,4731420000.0,0.0128523194147949,0.0298217474593681,0.0159774140596969,0.8988152900985202,-1.1563829610944043,-0.8213920743371017
2020-11-19,3581.8701171875,17817.08984375,11904.7099609375,4363370000.0,36985055355,5385190000.0,0.0128022571261225,0.0299172174319555,0.016021897782238,0.07348899162549216,0.3946442467421596,0.873698100049003
2020-11-20,3557.5400390625,18621.314453125,11854.9697265625,4236370000.0,36992873940,5350970000.0,0.0128044298041306,0.0283302871306612,0.0158764663326251,4.513782084660201,-0.6792562915180156,-0.41781979181526596
2020-11-21,,18642.232421875,,,39650210707,,,0.0284048581972242,,0.11233347035009,,
2020-11-22,,18370.001953125,,,41280434226,,,0.028704582909052,,-1.4602889964538845,,
2020-11-23,3577.590087890625,18364.12109375,11880.6298828125,5057550000.0,42741112308,5473250000.0,0.0125032043962499,0.0287853510548727,0.0151934799220099,-0.0320133845930215,0.5635930617216234,0.21645062654613856
2020-11-24,3635.409912109375,19107.46484375,12036.7900390625,6280290000.0,51469565009,6339580000.0,0.0127519277056354,0.0290515796465419,0.0153767400817681,4.0478046632625775,1.6161668273416252,1.314409739132727
2020-11-25,3629.64990234375,18732.12109375,12094.400390625,4910440000.0,43710357371,4448640000.0,0.0126784981325911,0.0296138560381948,0.0153093946155208,-1.964382784787766,-0.1584418237524976,0.47861889569842386
2020-11-26,,17150.623046875,,,61396835737,,,0.0341957825082247,,-8.442706722639482,,
2020-11-27,3638.35009765625,17108.40234375,12205.849609375,2778390000.0,38886494645,3401830000.0,0.0126683224031515,0.0335747828856777,0.0153439556935519,-0.24617591448197196,0.2396979198154181,0.9214943705385448
2020-11-28,,17717.4140625,,,32601040734,,,0.0339170813468627,,3.5597229157547927,,
2020-11-29,,18177.484375,,,31133957704,,,0.0340479586372693,,2.596712538731971,,
2020-11-30,3621.6298828125,19625.8359375,12198.740234375,6308410000.0,47728480399,7760390000.0,0.0127147968852535,0.0361590889685511,0.0153199034778186,7.967832801396635,-0.45955486401709766,-0.0582456381777785
2020-12-01,3662.449951171875,18802.998046875,12355.1103515625,5418480000.0,49633658712,6512420000.0,0.0123815086333609,0.0374272472246378,0.0150586218698763,-4.192625951044282,1.1271187194776155,1.2818546356685445
2020-12-02,3669.010009765625,19201.091796875,12349.3701171875,5041250000.0,37387697139,5194960000.0,0.0123726539727122,0.0371902519521829,0.0150670592377181,2.1171823185194727,0.17911667548251575,-0.04646040554606712
2020-12-03,3666.719970703125,19445.3984375,12377.1796875,5065340000.0,31930317405,5209980000.0,0.0123570489750738,0.0370449478666772,0.0150363991620059,1.2723580680175761,-0.062415721309150296,0.22519019228190995
2020-12-04,3699.1201171875,18699.765625,12464.23046875,5099620000.0,33872388058,5086900000.0,0.0124047803751949,0.0381557005062433,0.0150582614265829,-3.8344949058079725,0.8836275129611826,0.7033167769060933
2020-12-05,,19154.23046875,,,27242455064,,,0.0344898647050419,,2.4303237423597412,,
2020-12-06,,19345.12109375,,,25293775714,,,0.0344622283517073,,0.9965977245154134,,
2020-12-07,3691.9599609375,19191.630859375,12519.9501953125,4804500000.0,26896357742,4771820000.0,0.0124264290853727,0.0329825772054187,0.0150607757202756,-0.7934312410408761,-0.19356376714373402,0.44703703692097196
2020-12-08,3702.25,18321.14453125,12582.76953125,4584390000.0,31692288756,4809480000.0,0.0117843473801061,0.0338102376570942,0.0146196536664561,-4.53576006387062,0.2787148065356293,0.5017538804668709
2020-12-09,3672.820068359375,18553.916015625,12338.9501953125,5232800000.0,34420373071,5168450000.0,0.0119032968899979,0.0337093145982587,0.0151944059269101,1.2705073309037251,-0.7949201604598555,-1.9377239274069313
2020-12-10,3668.10009765625,18264.9921875,12405.8095703125,4658480000.0,25547132265,4518580000.0,0.0094602559047395,0.0339125457018063,0.0131237383645253,-1.5572121156616547,-0.12851080682624305,0.5418562676863692
2020-12-11,3663.4599609375,18058.904296875,12377.8701171875,4375470000.0,27919640985,4292680000.0,0.009378202843937,0.0338248462258662,0.0129603945706665,-1.1283218109780502,-0.12649972997506032,-0.2252126551407052
2020-12-12,,18803.65625,,,21752580802,,,0.0339761217973555,,4.1240151721379625,,
2020-12-13,,19142.3828125,,,25450468637,,,0.0340557744975136,,1.8013866983980886,,
2020-12-14,3647.489990234375,19246.64453125,12440.0400390625,4623850000.0,22473997681,4491930000.0,0.0090319384870238,0.0338299182347595,0.0118180014251289,0.5446642655266398,-0.4359258971957769,0.5022667170232475
2020-12-15,3694.6201171875,19417.076171875,12595.0595703125,4387080000.0,26741982541,4423650000.0,0.0090521258989166,0.033742795703212,0.0119080788471988,0.8855135259981495,1.2921249154708825,1.2461337002391382
2020-12-16,3701.169921875,21310.59765625,12658.1904296875,4067040000.0,44409011479,4592700000.0,0.0086622497742484,0.0365912054377765,0.0116241051766808,9.751836309514527,0.17727951669590514,0.5012350995449388
2020-12-17,3722.47998046875,22805.162109375,12764.75,4192810000.0,71378606374,5029830000.0,0.0079339036650446,0.0372633929249502,0.0097846099653117,7.013245133867341,0.5757654753379748,0.8418230939438498
2020-12-18,3709.409912109375,23137.9609375,12755.6396484375,7097100000.0,40387896275,7125800000.0,0.0073518588521706,0.0372791536481004,0.0088460382523939,1.459313582288413,-0.3511118509152866,-0.07137117109617952
2020-12-19,,23869.83203125,,,38487546580,,,0.0374670050007853,,3.1630751548372027,,
2020-12-20,,23477.294921875,,,37844228422,,,0.0371838325774007,,-1.644490454985592,,
2020-12-21,3694.919921875,22803.08203125,12742.51953125,4748580000.0,45852713981,5192860000.0,0.0074175230710629,0.0377748367647008,0.0088603953519124,-2.871765647910318,-0.39062790518439305,-0.10285738347199924
2020-12-22,3687.260009765625,23783.029296875,12807.919921875,4053310000.0,44171632681,5811850000.0,0.0072048220089166,0.0380856759154486,0.0082181962728112,4.2974334095805755,-0.2073092860288006,0.513245363011694
2020-12-23,3690.010009765625,23241.345703125,12771.1103515625,3779160000.0,51146161904,7100250000.0,0.0071881282124998,0.0384930378656027,0.0076773458339012,-2.2776055438033516,0.0745811250824957,-0.2873969429620815
2020-12-24,3703.06005859375,23735.94921875,12804.73046875,1883780000.0,41080759713,3305960000.0,0.0071029440490986,0.0381103073898534,0.0070088480905792,2.128119094061298,0.35365890047962534,0.26325132476352486
2020-12-25,,24664.791015625,,,42068395846,,,0.038166769912093,,3.913227940938091,,
2020-12-26,,26437.037109375,,,48332647295,,,0.0350174941902771,,7.185327832809496,,
2020-12-27,,26272.294921875,,,66479895605,,,0.0350872169087571,,-0.6231492085078671,,
2020-12-28,3735.360107421875,27084.80859375,12899.419921875,3535460000.0,49056742893,5109140000.0,0.0069021637508149,0.0350049572270967,0.0068299877295762,3.092663485588698,0.8722529021144565,0.7394880615104737
2020-12-29,3727.0400390625,27362.4375,12850.2197265625,3393290000.0,45265946774,4726920000.0,0.0065726576084833,0.0349436681079503,0.0068171236393837,1.0250355112868093,-0.222738052560012,-0.38141401404465647
2020-12-30,3732.0400390625,28840.953125,12870.0,3154850000.0,51287442704,5343010000.0,0.0062793611506453,0.0337020738019387,0.0067479677583547,5.4034499850387885,0.13415471654707467,0.15392945691514726
2020-12-31,3756.070068359375,29001.720703125,12888.2802734375,3179040000.0,46754964848,4815840000.0,0.0062588618530788,0.0320643902914818,0.0066952836662368,0.5574281038085438,0.6438845522919845,0.14203786664723772
2021-01-01,,29374.15234375,,,40730301359,,,0.0320419444648289,,1.2841708408869223,,
2021-01-02,,32127.267578125,,,67865420765,,,0.034870272574864,,9.372577639540935,,
2021-01-03,,32782.0234375,,,78665235202,,,0.0332385296693168,,2.0380066800975483,,
2021-01-04,3700.64990234375,31971.9140625,12698.4501953125,5015000000.0,81163475344,6636170000.0,0.006512411310138,0.0341617276166919,0.0071577302030759,-2.471200036033472,-1.4754827521051062,-1.472889121725851
2021-01-05,3726.860107421875,33992.4296875,12818.9599609375,4591020000.0,67547324782,6971860000.0,0.0065818556611781,0.0350656026157409,0.0071814867675993,6.319658000613337,0.7082595157549276,0.9490116019786887
2021-01-06,3748.139892578125,36824.36328125,12740.7900390625,6064110000.0,75289433811,7689880000.0,0.0064432760270487,0.0364046729292842,0.0072514361138351,8.331071417326141,0.5709842747752214,-0.6097992513683037
2021-01-07,3803.7900390625,39371.04296875,13067.48046875,5099160000.0,84762141031,6841480000.0,0.0068357387133115,0.0349388635582367,0.0083709884161191,6.91574669750421,1.4847403800101189,2.5641300789502663
2021-01-08,3824.679931640625,40797.609375,13201.98046875,4773040000.0,88107519480,7289390000.0,0.0063449074746712,0.034898650227986,0.0082714550708674,3.62338992996023,0.5491862685268911,1.0292726308001487
2021-01-09,,40254.546875,,,61984162837,,,0.034805927863556,,-1.3311135341493308,,
2021-01-10,,38356.44140625,,,79980747690,,,0.0367834125921929,,-4.715257321474942,,
2021-01-11,3799.610107421875,35566.65625,13036.4296875,4465430000.0,123320567399,6960470000.0,0.0064973925442144,0.0409711745919623,0.0087446467715871,-7.273315912449108,-0.6554750898592476,-1.2539844430301206
2021-01-12,3801.18994140625,33922.9609375,13072.4296875,4994950000.0,74773277909,7264070000.0,0.0064983115083165,0.0428421770731136,0.008653816938129,-4.621450217153877,0.04157884466327033,0.2761492284541589
2021-01-13,3809.840087890625,37316.359375,13128.9501953125,4602510000.0,69364315979,7104810000.0,0.0063974846371186,0.044947944309541,0.0086440139196753,10.003249550509551,0.22756417379066196,0.4323642135673156
2021-01-14,3795.5400390625,39187.328125,13112.6396484375,5198480000.0,63615990033,6734100000.0,0.0062104306330079,0.0451361756640224,0.0084448276870778,5.0138030111625875,-0.37534511943366766,-0.12423344313411411
2021-01-15,3768.25,36825.3671875,12998.5,5369820000.0,67760757881,6458360000.0,0.0063953341746088,0.0457693706941446,0.0086600786693609,-6.027358971670127,-0.7190027975370938,-0.8704551600417165
2021-01-16,,36178.140625,,,57706187875,,,0.0452368283604064,,-1.7575563040677422,,
2021-01-17,,35791.27734375,,,52359854336,,,0.0454880267269302,,-1.0693288117263444,,
2021-01-18,,36630.07421875,,,49511702429,,,0.0454109066455649,,2.3435790428599335,,
2021-01-19,3798.909912109375,36069.8046875,13197.1796875,5014440000.0,57244195486,6297860000.0,0.0065213620593842,0.0453840296348621,0.009002428252081,-1.5295342507474663,0.8136379515524483,1.5284816517290523
2021-01-20,3851.85009765625,35547.75,13457.25,4566190000.0,66834573161,6820990000.0,0.0067841063133604,0.0449794058813857,0.0095109364232724,-1.4473454791977813,1.3935625421946263,1.97065068945248
2021-01-21,3853.070068359375,30825.69921875,13530.91015625,4501760000.0,75643067688,7258640000.0,0.0067588912565237,0.0530267324279407,0.0095195748702917,-13.283684006020069,0.03167233075522802,0.5473641067082813
2021-01-22,3841.469970703125,33005.76171875,13543.0595703125,5110890000.0,77207272511,5972750000.0,0.0068014467590705,0.0537630619403178,0.0095131561761125,7.072224005462169,-0.30106116552376383,0.08979007267215788
2021-01-23,,32067.642578125,,,48354737975,,,0.0542329634308769,,-2.842289017956734,,
2021-01-24,,32289.37890625,,,48643830599,,,0.0539692921030797,,0.6914643868341619,,
2021-01-25,3855.360107421875,32366.392578125,13635.990234375,7000840000.0,59897054838,7193710000.0,0.0065859333518082,0.0527558706290096,0.0085815997462729,0.23851084933719235,0.36158389430824833,0.6861866299858299
2021-01-26,3849.6201171875,32569.849609375,13626.0595703125,6137500000.0,60255421470,6849600000.0,0.0065891384817175,0.0526990091243992,0.0086035474353991,0.6286058316783416,-0.14888337468982327,-0.07282686399603389
2021-01-27,3750.77001953125,30432.546875,13270.599609375,9976520000.0,62576762015,11621190000.0,0.008290936764482,0.0542357240442987,0.0101233320193998,-6.562212475675022,-2.5677883699462,-2.6086775791876904
2021-01-28,3787.3798828125,33466.09765625,13337.16015625,6992770000.0,76517157706,9959270000.0,0.0083871602037671,0.0567298227113625,0.010123268060147,9.968113394222765,0.9760625975629766,0.5015639747580014
2021-01-29,3714.239990234375,34316.38671875,13070.6904296875,6643370000.0,117894572511,7872250000.0,0.0089089376024468,0.056181471489368,0.0107345676330484,2.540747568580648,-1.9311475173124593,-1.9979495142946724
2021-01-30,,34269.5234375,,,65141828798,,,0.0561966979819531,,-0.13656239986477026,,
2021-01-31,,33114.359375,,,52754542671,,,0.0566436726207383,,-3.3708203284669613,,
2021-02-01,3773.860107421875,33537.17578125,13403.3896484375,5436230000.0,61400400660,7092520000.0,0.0093596303373915,0.0543293261908638,0.0115746580081551,1.2768370405776608,1.6051767614439383,2.545383662322376
2021-02-02,3826.31005859375,35510.2890625,13612.7802734375,5514090000.0,63088585433,7325270000.0,0.0096229036923462,0.0551825165382452,0.0117830870664028,5.883361479570781,1.3898223484416938,1.5622214267598356
2021-02-03,3830.169921875,37472.08984375,13610.5400390625,4864870000.0,61166818159,7546940000.0,0.009586395527923,0.0556921328554082,0.0117789182543658,5.524598174340745,0.10087690809532646,-0.01645684665440017
2021-02-04,3871.739990234375,36926.06640625,13777.740234375,4879240000.0,68838074392,7295370000.0,0.0096983011655947,0.0547780896252954,0.0119025744533547,-1.4571470120209207,1.0853322230420792,1.2284611399153267
2021-02-05,3886.830078125,38144.30859375,13856.2998046875,4879470000.0,58598066402,6792910000.0,0.0096823756592235,0.0531282423889775,0.0119071507466168,3.2991388091470286,0.3897495164625342,0.5701919834175451
2021-02-06,,39266.01171875,,,71326033653,,,0.0519499347645922,,2.9406828078771152,,
2021-02-07,,38903.44140625,,,65500641143,,,0.0515314358627905,,-0.9233693380855112,,
2021-02-08,3915.590087890625,46196.46484375,13987.6396484375,4648360000.0,101467222687,8564530000.0,0.009733954211151,0.0603996415466377,0.0119231934047155,18.746473766529938,0.7399348360373592,0.9478709727799739
2021-02-09,3911.22998046875,46481.10546875,14007.7001953125,4568320000.0,91809846886,8766770000.0,0.0097453395276505,0.0595678868362036,0.0119265890802365,0.6161523959955284,-0.11135249921484514,0.14341624018918697
2021-02-10,3909.8798828125,44918.18359375,13972.5302734375,4837070000.0,87301089896,10785930000.0,0.009665222612704,0.0580674899986933,0.0119380548088069,-3.362488605290981,-0.03451849323593548,-0.251075632577924
2021-02-11,3916.3798828125,47909.33203125,14025.76953125,4590960000.0,81388911810,10916780000.0,0.0096392103206068,0.057996508622861,0.0118762307631525,6.65910372634968,0.16624551635393559,0.3810280369455299
2021-02-12,3934.830078125,47504.8515625,14095.4697265625,4135060000.0,76555041196,7416940000.0,0.0096549708423659,0.0558805783483201,0.0118789384905508,-0.8442623839676311,0.47110331133788375,0.4969438229909917
2021-02-13,,47105.515625,,,70250456155,,,0.0554131670831186,,-0.8406213773231364,,
2021-02-14,,48717.2890625,,,71248675228,,,0.0540860408897748,,3.421623595697554,,
2021-02-15,,47945.05859375,,,77069903166,,,0.0540567268057262,,-1.585126109458379,,
2021-02-16,3932.590087890625,49199.87109375,14047.5,5058990000.0,77049582886,7722100000.0,0.009623046538038,0.0539994181575122,0.0119341198654167,2.6171883752032166,-0.056927241835114106,-0.34032017018987837
2021-02-17,3931.330078125,52149.0078125,13965.490234375,4730650000.0,80820545404,7280500000.0,0.00912187240779,0.0546556658658974,0.0115819523611181,5.994196027730325,-0.03204020092266724,-0.5838032790532077
2021-02-18,3913.969970703125,51679.796875,13865.3603515625,4793650000.0,52054723579,6499420000.0,0.0091439085286595,0.0545586171574065,0.0116692238017642,-0.8997504596578998,-0.4415835627354592,-0.7169807943156803
2021-02-19,3906.7099609375,55888.1328125,13874.4599609375,4845320000.0,63495496918,6737820000.0,0.0091321856382094,0.0556233802558953,0.0115594579370918,8.14309690047519,-0.18548966445751658,0.06562836554027118
2021-02-20,,56099.51953125,,,68145460026,,,0.0470868992458796,,0.37823185014820293,,
2021-02-21,,57539.9453125,,,51897585191,,,0.0462099980315326,,2.5676258785917394,,
2021-02-22,3876.5,54207.3203125,13533.0498046875,5917100000.0,92052420332,6483740000.0,0.0089188566336723,0.0476207966398102,0.0118264867394162,-5.791845963531039,-0.773283945815384,-2.460709513820458
2021-02-23,3881.3701171875,48824.42578125,13465.2001953125,6296610000.0,106102492824,7516510000.0,0.0088729526141139,0.0525692501124268,0.0117508208077256,-9.930198541853997,0.12563181187927874,-0.5013622971482667
2021-02-24,3925.429931640625,49705.33203125,13597.9697265625,6012790000.0,63695521388,5886230000.0,0.0089811154219385,0.0525294881639204,0.0115893966026169,1.8042326886684945,1.135161376597904,0.9860197347546285
2021-02-25,3829.340087890625,47093.8515625,13119.4296875,6547470000.0,54506565949,6390380000.0,0.0101484805232942,0.0539783824932627,0.0134290925607358,-5.253924200945182,-2.447880752512621,-3.5192021212380853
2021-02-26,3811.14990234375,46339.76171875,13192.349609375,6526070000.0,350967941479,5906110000.0,0.0101812440369734,0.0521235168846731,0.0134441886139523,-1.6012490351298148,-0.47502141699028444,0.5558162482053319
2021-02-27,,46188.453125,,,45910946382,,,0.0498978675438185,,-0.3265200081699504,,
2021-02-28,,45137.76953125,,,53443887451,,,0.0501927857646543,,-2.2747754528746222,,
2021-03-01,3901.820068359375,49631.2421875,13588.830078125,5114820000.0,53891300112,5079530000.0,0.0110161898303162,0.0525214224632583,0.0144738377247671,9.955017057586456,2.3790763506800205,3.0053817590480314
2021-03-02,3870.2900390625,48378.98828125,13358.7900390625,5536010000.0,47530897720,4948140000.0,0.0110402456207483,0.0522776336241543,0.0147482755147036,-2.5231161886280384,-0.8080851690870694,-1.6928612525136666
2021-03-03,3819.719970703125,50538.2421875,12997.75,6173660000.0,53220811975,5529980000.0,0.0112416147715878,0.0525837043865275,0.0153640761959268,4.463205996986197,-1.306622187199813,-2.7026402691170515
2021-03-04,3768.469970703125,48561.16796875,12723.4697265625,7195400000.0,52343816680,7864380000.0,0.0112046960768184,0.0528009907137934,0.0153382304786872,-3.9120359814156846,-1.3417213930100202,-2.110213486468815
2021-03-05,3841.93994140625,48927.3046875,12920.150390625,6851070000.0,48625928883,7725200000.0,0.0117872066648378,0.0521632688033272,0.0156047872172705,0.7539701660092213,1.949596819778221,1.54580997392475
2021-03-06,,48912.3828125,,,34363564661,,,0.0520050837812185,,-0.03049805235605385,,
2021-03-07,,51206.69140625,,,43137459378,,,0.0522666545161867,,4.690649814679793,,
2021-03-08,3821.35009765625,52246.5234375,12609.16015625,5871710000.0,48597428048,6010230000.0,0.0118151767131181,0.0521794427409386,0.0161411228457534,2.0306565464276005,-0.5359231030161227,-2.407017139681733
2021-03-09,3875.43994140625,54824.1171875,13073.8203125,5513560000.0,50912227385,6345560000.0,0.0120814768808661,0.052518508958835,0.0175474276081734,4.9335220420617,1.415464230382213,3.6850999629795433
2021-03-10,3898.81005859375,56008.55078125,13068.830078125,5847380000.0,57295577614,6023880000.0,0.0121234353907481,0.0429949406727618,0.0175480016586722,2.1604243798385436,0.6030313342701321,-0.038169672335397475
2021-03-11,3939.340087890625,57805.12109375,13398.669921875,5312880000.0,56772343595,6008850000.0,0.0111692062986198,0.0432392783613745,0.0175259875907116,3.2076714848716215,1.0395487004435822,2.5238666489519668
2021-03-12,3943.340087890625,57332.08984375,13319.8603515625,4476280000.0,55689944702,5497210000.0,0.0110646823330396,0.0426359271757107,0.0175385643066529,-0.8183206626845796,0.10153984958789497,-0.5881895051674801
2021-03-13,,61243.0859375,,,60669829814,,,0.0427061584148704,,6.821652767950437,,
2021-03-14,,59302.31640625,,,43901225564,,,0.043241652050495,,-3.1689610370558396,,
2021-03-15,3968.93994140625,55907.19921875,13459.7099609375,4900100000.0,66419369890,5972370000.0,0.0103717856486967,0.044833698435845,0.0172142736700756,-5.725100456855314,0.6491921301497117,1.0499329999251517
2021-03-16,3962.7099609375,56804.90234375,13471.5703125,4613080000.0,59749798599,5493890000.0,0.010061335779893,0.0445689835344023,0.0165991404293593,1.6057021949669181,-0.15696837343783798,0.08811743787140447
2021-03-17,3974.1201171875,58870.89453125,13525.2001953125,4561660000.0,60258313191,5536110000.0,0.0097997759746036,0.0447243857119054,0.0163637239727884,3.6369962842253134,0.287938213053085,0.39809674424322594
2021-03-18,3915.4599609375,57858.921875,13116.169921875,5118590000.0,55746041000,5739720000.0,0.0102332590971391,0.0447867702563184,0.0172847701093252,-1.7189693893861602,-1.4760539319459198,-3.0242086440928184
2021-03-19,3913.10009765625,58346.65234375,13215.240234375,7757420000.0,49063873786,7630590000.0,0.0100569194878001,0.0436708195014578,0.0171799740795488,0.8429650137686817,-0.060270397470363335,0.755329590041165
2021-03-20,,58313.64453125,,,50361731222,,,0.0436126697589664,,-0.056571904597946254,,
2021-03-21,,57523.421875,,,51943414539,,,0.0413879566234895,,-1.3551247955811196,,
2021-03-22,3940.590087890625,54529.14453125,13377.5400390625,4316260000.0,56521454974,5321760000.0,0.0101105228359155,0.0425563184001001,0.0173133066695776,-5.205318540083804,0.7025118077311765,1.22812602577842
2021-03-23,3910.52001953125,54738.9453125,13227.7001953125,4669010000.0,56435023914,5675010000.0,0.0101285202063349,0.0422782400325504,0.0172884689749331,0.3847498123315862,-0.7630854183940605,-1.1200851824211822
2021-03-24,3889.139892578125,52774.265625,12961.8896484375,4783020000.0,70567223787,6248650000.0,0.0101757352779648,0.0413860829037376,0.0175981849508988,-3.5891807492523076,-0.546733601831495,-2.009499330572939
2021-03-25,3909.52001953125,51704.16015625,12977.6796875,4948340000.0,67999812841,5634290000.0,0.0102235176446903,0.0367035952672477,0.0176118960801425,-2.0277031922222966,0.5240265846959469,0.12181895920093666
2021-03-26,3974.5400390625,55137.3125,13138.73046875,5483160000.0,56652197978,5224360000.0,0.0106563118849143,0.0383413127932625,0.0177845518083265,6.639992475218648,1.6631202604519668,1.2409828654125432
2021-03-27,,55973.51171875,,,47266542233,,,0.0368170784911616,,1.5165759461888806,,
2021-03-28,,55950.74609375,,,47686580918,,,0.0366058046422547,,-0.04067213991215679,,
2021-03-29,3971.090087890625,57750.19921875,13059.650390625,4628180000.0,57625587027,4965090000.0,0.0106289384600009,0.0368460994265809,0.0177456912170922,3.216137854506651,-0.08680126852336212,-0.6018852301833078
2021-03-30,3958.550048828125,58917.69140625,13045.3896484375,4121510000.0,54414116432,4721950000.0,0.0106468331572827,0.0364549960187249,0.0177468381345984,2.021624519558274,-0.31578329337678124,-0.10919696746045648
2021-03-31,3972.889892578125,58918.83203125,13246.8701171875,4578050000.0,65520826225,5004720000.0,0.0106641938782472,0.0326522748388496,0.0180265432359007,0.0019359634988669328,0.36224990395776757,1.5444572694241598
2021-04-01,4019.8701171875,59095.80859375,13480.1103515625,4162130000.0,61669163792,4576480000.0,0.0108223383251201,0.0321210951640327,0.0183295081562908,0.30037350775407035,1.1825201774944727,1.7607195685596322
2021-04-02,,59384.3125,,,58727860620,,,0.0313520750860587,,0.48819690112593683,,
2021-04-03,,57603.890625,,,59641344484,,,0.0309253496427221,,-2.998135029348026,,
2021-04-04,,58758.5546875,,,50749662970,,,0.031032189689797,,2.00448971410081,,
2021-04-05,4077.909912109375,59057.87890625,13705.58984375,4005030000.0,60706272115,4459000000.0,0.0110812903054062,0.0310094075335508,0.0186060528513065,0.5094138552963257,1.4438226417743616,1.6726828364677537
2021-04-06,4073.93994140625,58192.359375,13698.3798828125,4081270000.0,66058027988,4073710000.0,0.0109556999607281,0.0303097377689403,0.0180219970495796,-1.4655445594718208,-0.09735307519511682,-0.052605987919507324
2021-04-07,4079.949951171875,56048.9375,13688.83984375,4120810000.0,75645303584,4098740000.0,0.0109554971547852,0.0310875503819164,0.0179943205707221,-3.6833390122360865,0.1475232784985625,-0.06964355744338846
2021-04-08,4097.169921875,58323.953125,13829.3095703125,3907100000.0,53053855641,4153600000.0,0.0108164316878715,0.0306973421287879,0.0180015199648456,4.058980823677527,0.42206328286402695,1.026162393350205
2021-04-09,4128.7998046875,58245.00390625,13900.1904296875,3640390000.0,46655208546,3926110000.0,0.0096667406677601,0.0304840289707941,0.0166488070688302,-0.13536328475677317,0.7719934348738189,0.5125408395453057
2021-04-10,,59793.234375,,,58238470525,,,0.03031636011489,,2.6581343719059625,,
2021-04-11,,60204.96484375,,,46280252580,,,0.0302810799162794,,0.6885903949730876,,
2021-04-12,4127.990234375,59893.453125,13850.0,3588900000.0,51828688519,4250900000.0,0.0095839037722857,0.027746809033867,0.0166641966740508,-0.5174186540237491,-0.019607884876882142,-0.3610772812169927
2021-04-13,4141.58984375,63503.45703125,13996.099609375,3734720000.0,69983454362,4219360000.0,0.0087409377188169,0.0291106610088438,0.0159051997882084,6.027376479221824,0.32944868090414303,1.0548708258122819
2021-04-14,4124.66015625,63109.6953125,13857.83984375,3985350000.0,77451779687,4120770000.0,0.0086106411008993,0.0267846605675946,0.0156773132406875,-0.620063437737306,-0.40877267278285334,-0.9878449674107004
2021-04-15,4170.419921875,63314.01171875,14038.759765625,4033420000.0,60954381579,4406880000.0,0.008256168004834,0.0266904517870928,0.0148464709408319,0.3237480473297971,1.109419052516647,1.3055420174782562
2021-04-16,4185.47021484375,61572.7890625,14052.33984375,4163820000.0,84293007468,4427780000.0,0.0076503729432287,0.0265782157598303,0.0141507675060966,-2.7501379378466195,0.36088195555097347,0.09673274813244426
2021-04-17,,60683.8203125,,,66138759198,,,0.0265147128147809,,-1.4437688523377457,,
2021-04-18,,56216.18359375,,,97468872758,,,0.0300545839912516,,-7.36215468265391,,
2021-04-19,4163.259765625,55724.265625,13914.76953125,3810290000.0,65344865159,4379610000.0,0.0072037265831405,0.0300857067063595,0.014159406254193,-0.8750468945115109,-0.5306560094486046,-0.9789850945085554
2021-04-20,4134.93994140625,56473.03125,13786.26953125,4342650000.0,67849323955,4245120000.0,0.0072643038980773,0.0301140295609162,0.0134221094295771,1.3436976092944253,-0.6802319771775922,-0.9234791831184364
2021-04-21,4173.419921875,53906.08984375,13950.2197265625,3887250000.0,54926612466,3999620000.0,0.0070540155940274,0.0297183073417052,0.0120054575818211,-4.545428763840265,0.9306055472153574,1.189228129776998
2021-04-22,4134.97998046875,51762.2734375,13818.41015625,4245140000.0,74798630778,4420820000.0,0.0073346431561409,0.0305943925669801,0.0121859525744246,-3.97694659817468,-0.9210657476561801,-0.9448565893304339
2021-04-23,4180.169921875,51093.65234375,14016.8095703125,3569880000.0,86668667320,4355100000.0,0.0073560334940682,0.0299694043487053,0.0116326615214822,-1.2917150838772984,1.0928696540176919,1.4357615081555863
2021-04-24,,50050.8671875,,,49014494781,,,0.0299724288787203,,-2.040928977310741,,
2021-04-25,,49004.25390625,,,46117114240,,,0.027503820174011,,-2.091099195802515,,
2021-04-26,4187.6201171875,54021.75390625,14138.7802734375,3748320000.0,58284039825,4506210000.0,0.0073539046465718,0.0330279864444051,0.011616950018652,10.238907033660748,0.1782270924804541,0.8701745037853259
2021-04-27,4186.72021484375,55033.1171875,14090.2197265625,3710700000.0,49448222757,4691460000.0,0.007315054397035,0.0332240756645475,0.0115448204417019,1.8721407731506323,-0.021489588801437698,-0.34345640809080313
2021-04-28,4183.18017578125,54824.703125,14051.0302734375,3787360000.0,48000572955,4559710000.0,0.0073047902938179,0.0326648198461862,0.0115712570093508,-0.3787066282106566,-0.08455399168898481,-0.2781323065609853
2021-04-29,4211.47021484375,53555.109375,14082.5498046875,4298680000.0,46088929780,4928030000.0,0.0073582040475909,0.0326304324958059,0.0115623123660379,-2.315733013830157,0.6762806734045723,0.22432185139893424
2021-04-30,4181.169921875,57750.17578125,13962.6796875,4300880000.0,52395931985,4792460000.0,0.0068722896885759,0.0356492702945421,0.010053204800759,7.833176806484676,-0.7194706699326425,-0.8511961175354799
2021-05-01,,57828.05078125,,,42836427360,,,0.035644686853201,,0.13484807439372304,,
2021-05-02,,56631.078125,,,38177405335,,,0.0358156614178684,,-2.0698824187899145,,
2021-05-03,4192.66015625,57200.29296875,13895.1201171875,4070220000.0,51713139031,4761430000.0,0.0068525492675147,0.0354512722608144,0.0100761508592201,1.0051280367532334,0.2748090747253684,-0.483858197885767
2021-05-04,4164.66015625,53333.5390625,13633.5,4452460000.0,68564706967,5879730000.0,0.0069838015845372,0.0374354866250289,0.0105512677385949,-6.760024652955021,-0.6678337608227225,-1.8828201194453165
2021-05-05,4167.58984375,57424.0078125,13582.419921875,4230920000.0,69241316747,4535690000.0,0.006754516950012,0.0399838673879195,0.0103463968753637,7.669599321369813,0.07034637617677753,-0.37466591942640903
2021-05-06,4201.6201171875,56396.515625,13632.83984375,4511000000.0,69523285106,5021400000.0,0.0066829525697619,0.0400276097872067,0.0095493018392783,-1.789307689659958,0.8165456466051824,0.3712145712252424
2021-05-07,4232.60009765625,57356.40234375,13752.240234375,4016080000.0,68434023376,4391100000.0,0.0067230273502336,0.0395472334531133,0.0096345736898542,1.7020319573156195,0.7373341616968343,0.8758291888812941
2021-05-08,,58803.77734375,,,65382980634,,,0.0391324194230601,,2.523475916996243,,
2021-05-09,,58232.31640625,,,65906690347,,,0.0391745915111041,,-0.9718099130935132,,
2021-05-10,4188.43017578125,55859.796875,13401.8603515625,4560700000.0,71776546298,4818670000.0,0.0066106725458081,0.0395633138562737,0.0106751219939353,-4.074231762821235,-1.0435647322188157,-2.547802225972562
2021-05-11,4152.10009765625,56704.57421875,13389.4296875,4870710000.0,61308396325,4738390000.0,0.0068677833168525,0.0396560100950718,0.0106051060348543,1.512317249631967,-0.867391280271812,-0.09275327257869392
2021-05-12,4063.0400390625,49150.53515625,13031.6796875,4733070000.0,75215403907,4752930000.0,0.0080334795271992,0.0472831151332091,0.011765715027059,-13.32174549686006,-2.144940066450274,-2.671883779590589
2021-05-13,4112.5,49716.19140625,13124.990234375,4779540000.0,96721152926,4698110000.0,0.0082790945060997,0.0458055136927052,0.0114887068597687,1.1508648851976444,1.2173141406923493,0.7160285482193274
2021-05-14,4173.85009765625,49880.53515625,13429.98046875,4008880000.0,55737497453,4022610000.0,0.008431247230437,0.0458523625358301,0.011822179970164,0.330563837155351,1.4917956876899785,2.3237368480184983
2021-05-15,,46760.1875,,,59161047474,,,0.0469468246802516,,-6.255641898138342,,
2021-05-16,,46456.05859375,,,64047871555,,,0.0468296387128323,,-0.6504013831210576,,
2021-05-17,4163.2900390625,43537.51171875,13379.0498046875,4125050000.0,74903638450,3997780000.0,0.0080840497217471,0.0479100983768022,0.0114070355931099,-6.282381595309616,-0.25300521932207776,-0.37923111043243196
2021-05-18,4127.830078125,42909.40234375,13303.6396484375,4398150000.0,56187365084,4301300000.0,0.0082545241444431,0.0463019991584127,0.0114410772446242,-1.4426855146374762,-0.8517292959364653,-0.5636435871819501
2021-05-19,4115.68017578125,37002.44140625,13299.740234375,4247450000.0,126358098747,4333520000.0,0.0082748397657269,0.0528090484329739,0.0114416525238909,-13.766122609163734,-0.2943411456817757,-0.02931088157486217
2021-05-20,4159.1201171875,40782.73828125,13535.740234375,3978880000.0,88281943359,3990760000.0,0.0084552423648572,0.0563900794170479,0.0117648643387089,10.216344466291027,1.0554741756143349,1.7744707478573485
2021-05-21,4155.85986328125,37304.69140625,13470.990234375,3995250000.0,82051616861,3733940000.0,0.0083476231963649,0.0578380003080571,0.0117346559323274,-8.528232829817227,-0.07838806801412357,-0.4783631990481263
2021-05-22,,37536.6328125,,,57377273240,,,0.0576787886452306,,0.6217486259949112,,
2021-05-23,,34770.58203125,,,78469274361,,,0.0589192128909071,,-7.36893688644572,,
2021-05-24,4197.0498046875,38705.98046875,13661.169921875,3684800000.0,67359584098,3509470000.0,0.0085304300892774,0.0628297485584202,0.0120391860835828,11.318183957815453,0.9911292190138532,1.4117721428874797
2021-05-25,4188.1298828125,38402.22265625,13657.169921875,4182250000.0,56211915803,4128990000.0,0.0085278459903742,0.0627849350598174,0.0118606005921269,-0.7847826326095597,-0.21252837802967495,-0.029280069151282895
2021-05-26,4195.990234375,39294.19921875,13738.0,4420890000.0,51346735160,4264500000.0,0.0084895503569816,0.0598691701705001,0.0117932246231277,2.3227211885217036,0.18768165702687245,0.5918508635931463
2021-05-27,4200.8798828125,38436.96875,13736.2802734375,6406310000.0,43210968721,5087180000.0,0.0082582507567282,0.0596458085645978,0.0115247782254874,-2.1815700174415475,0.11653145418315525,-0.012518027096375395
2021-05-28,4204.10986328125,35697.60546875,13748.740234375,4649250000.0,55200191952,4447940000.0,0.0082346692972209,0.0606803027858805,0.0115244785961551,-7.126897282320166,0.07688818911402162,0.09070840642058098
2021-05-29,,34616.06640625,,,45231013335,,,0.0607331135551,,-3.029724398312339,,
2021-05-30,,35678.12890625,,,31646080921,,,0.0589592696367176,,3.068120125307594,,
2021-05-31,,37332.85546875,,,39009847639,,,0.0599456606179205,,4.637929771620186,,
2021-06-01,4202.0400390625,36684.92578125,13736.48046875,5074670000.0,34639423297,4186280000.0,0.0081710358719478,0.059936480658884,0.0113956452447032,-1.7355481635803582,-0.04923335226864056,-0.08917010152208471
2021-06-02,4208.1201171875,37575.1796875,13756.330078125,5833670000.0,33070867190,5097630000.0,0.0080607991574552,0.0601870765809807,0.0112760906660675,2.426756732611457,0.14469348384307246,0.14450287626555092
2021-06-03,4192.85009765625,39208.765625,13614.509765625,5587970000.0,35460750427,5396250000.0,0.0079247963692074,0.0600846439053858,0.0111963102605536,4.347513308215634,-0.36287033416374515,-1.0309458387126047
2021-06-04,4229.89013671875,36894.40625,13814.490234375,4139790000.0,41831090187,4360710000.0,0.0078708437225942,0.0585946924657511,0.0114133111278577,-5.902658087058821,0.8834095710505974,1.4688774858050868
2021-06-05,,35551.95703125,,,35959473399,,,0.0587343239943927,,-3.6386253505570343,,
2021-06-06,,35862.37890625,,,28913440585,,,0.0585981883304895,,0.8731498936251025,,
2021-06-07,4226.52001953125,33560.70703125,13881.7197265625,4476920000.0,33683936663,4639210000.0,0.007638739323169,0.0587875241277431,0.0111337820241708,-6.4180680289418035,-0.07967387044511831,0.4866592327830599
2021-06-08,4227.259765625,33472.6328125,13924.91015625,4659620000.0,49902050442,5958410000.0,0.007634120454884,0.0588393313808431,0.0110247962039561,-0.2624325484799517,0.01750248645058239,0.31113169361038917
2021-06-09,4219.5498046875,37345.12109375,13911.75,4713260000.0,53972919008,5640490000.0,0.0076436261099731,0.0631009601479861,0.0110113149884714,11.569117681725526,-0.18238673194856947,-0.09450801550839882
2021-06-10,4239.18017578125,36702.59765625,14020.330078125,4408210000.0,43576032854,4919880000.0,0.0076818013229744,0.0628743727989497,0.0111016725232837,-1.720501684509279,0.46522430122621916,0.7804918728772536
2021-06-11,4247.43994140625,37334.3984375,14069.419921875,3815010000.0,38699736985,4157580000.0,0.0075956808251735,0.058215264830649,0.0111130446890302,1.721406171757467,0.19484346695590737,0.3501332955533787
2021-06-12,,35552.515625,,,37924228550,,,0.0585204143917193,,-4.772764225685799,,
2021-06-13,,39097.859375,,,40669112838,,,0.0616189561048638,,9.972131894675185,,
2021-06-14,4255.14990234375,40218.4765625,14174.1396484375,4151200000.0,43148914673,4415160000.0,0.0074658859213085,0.0610132556923763,0.0110732758436621,2.8661855288592664,0.18152018730952513,0.7443073498693664
2021-06-15,4246.58984375,40406.26953125,14072.8603515625,4048940000.0,46420149185,4554580000.0,0.007468962553117,0.0610379248922441,0.0111199562325588,0.4669320789865594,-0.20116937805257917,-0.7145357629248728
2021-06-16,4223.7001953125,38347.0625,14039.6796875,4538350000.0,39211635100,4683030000.0,0.007429965660554,0.0606519253701828,0.0105158089235646,-5.096256237308472,-0.5390124612855707,-0.23577768295566237
2021-06-17,4221.85986328125,38053.50390625,14161.349609375,5312680000.0,37096670047,4558280000.0,0.0074316388031127,0.0606247044064588,0.0105665468394967,-0.7655308506355651,-0.043571559205179966,0.8666146563395483
2021-06-18,4166.4501953125,35787.24609375,14030.3798828125,6817010000.0,36200887275,6126070000.0,0.007686258210878,0.055355700146972,0.0107335151342636,-5.95545108824469,-1.3124468779900589,-0.9248392997500465
2021-06-19,,35615.87109375,,,31207279719,,,0.0521435085140044,,-0.4788717174578294,,
2021-06-20,,35698.296875,,,36664034054,,,0.0496386912024801,,0.23142991795155332,,
2021-06-21,4224.7900390625,31676.693359375,14141.48046875,4128950000.0,52809038594,4562010000.0,0.0079976408348406,0.0540776157076309,0.0107138073756907,-11.265533282181261,1.4002289962720793,0.7918572901479237
2021-06-22,4246.43994140625,32505.66015625,14253.26953125,3828390000.0,58964353058,4433140000.0,0.0078009479292227,0.0526617340136144,0.0095126615582995,2.616961270137308,0.5124491902218642,0.790504662839453
2021-06-23,4241.83984375,33723.02734375,14271.73046875,3730350000.0,46317108925,4417470000.0,0.0076138141699784,0.0490593509570196,0.0094972872864719,3.74509295196066,-0.10832833431588806,0.12952072125995695
2021-06-24,4266.490234375,34662.4375,14369.7099609375,3816660000.0,33123368116,4324620000.0,0.0063794692518761,0.0494011631805742,0.0077602664195203,2.7856637741157764,0.5811249724885448,0.6865284655006576
2021-06-25,4280.7001953125,31637.779296875,14360.3896484375,7341450000.0,40230904226,7468090000.0,0.0060768105984108,0.0516511336747606,0.0077562973339883,-8.72604012088013,0.33305973193167304,-0.06486082548177174
2021-06-26,,32186.27734375,,,38585385521,,,0.0517593755180352,,1.7336806155961115,,
2021-06-27,,34649.64453125,,,35511640894,,,0.0520889292764049,,7.6534703320648045,,
2021-06-28,4290.60986328125,34434.3359375,14500.509765625,4147890000.0,33892523752,4283000000.0,0.0055247577382108,0.0517971627323909,0.0069105316713315,-0.6213875976586625,0.23149642620619026,0.9757403567579814
2021-06-29,4291.7998046875,35867.77734375,14528.330078125,3707150000.0,37901460044,4901300000.0,0.0054878930590063,0.0520462671289082,0.0068072714577385,4.162825758718758,0.027733619326086867,0.19185747914842732
2021-06-30,4297.5,35040.8359375,14503.9501953125,4266040000.0,34059036099,5293810000.0,0.0051818859662557,0.0514987262669539,0.00667560526794,-2.305527321430456,0.1328159646746485,-0.16780925737093222
2021-07-01,4319.93994140625,33572.1171875,14522.3798828125,3788230000.0,37838957079,4410470000.0,0.0051629370661017,0.0519648615491137,0.0066560613316415,-4.191448950075438,0.522162685427574,0.12706667667650162
2021-07-02,4352.33984375,33897.046875,14639.330078125,3225840000.0,38728974942,3751420000.0,0.0050106304439814,0.0517741238172317,0.0061386187872103,0.967855812266083,0.7500081663913916,0.8053101231080717
2021-07-03,,34668.546875,,,24383958643,,,0.0512870664830437,,2.2760094790705843,,
2021-07-04,,35287.78125,,,24924307911,,,0.0502857986692237,,1.7861561294527206,,
2021-07-05,,33746.00390625,,,26721554282,,,0.050490253427866,,-4.369153540221515,,
2021-07-06,4343.5400390625,34235.1953125,14663.6396484375,4309570000.0,26501259870,4489540000.0,0.0050352863211893,0.050541545010882,0.0059811276287535,1.4496276584600176,-0.20218560598241897,0.16605657624200187
2021-07-07,4358.1298828125,33855.328125,14665.0595703125,4037380000.0,24796027477,4605630000.0,0.0047958327591918,0.0490856958590663,0.0056115514257831,-1.1095808977648836,0.3358975310182588,0.009683284021178018
2021-07-08,4320.81982421875,32877.37109375,14559.7802734375,4347500000.0,29910396946,4575010000.0,0.0050897033063059,0.0493812926644439,0.0058607465135363,-2.888635512966242,-0.8561024934316985,-0.7178920506270892
2021-07-09,4369.5498046875,33798.01171875,14701.919921875,3531120000.0,27436021028,3826500000.0,0.0054176437813816,0.0451715956715644,0.0059853432541377,2.800225791699673,1.1277947808795874,0.9762485818334499
2021-07-10,,33520.51953125,,,22971873468,,,0.0451046091692008,,-0.8210311003178261,,
2021-07-11,,34240.1875,,,20108729370,,,0.0451751142317911,,2.146947537847921,,
2021-07-12,4384.6298828125,33155.84765625,14733.240234375,3384460000.0,24321499537,3897090000.0,0.0054309225547115,0.0446882153848719,0.0059684886876747,-3.1668630428790756,0.34511743312370946,0.21303552642399914
2021-07-13,4369.2099609375,32702.025390625,14677.650390625,3695430000.0,19120856669,4583460000.0,0.0055048824652999,0.0407544979445237,0.0060676968014274,-1.3687548281983153,-0.3516812658565627,-0.37730901597803346
2021-07-14,4374.2998046875,32822.34765625,14644.9501953125,4006370000.0,21376531210,4496220000.0,0.0054947476392133,0.0402873016888906,0.0060959099290135,0.3679352094793975,0.11649345752446916,-0.22278903259194127
2021-07-15,4360.02978515625,31780.73046875,14543.1298828125,3905230000.0,21300524237,4512550000.0,0.0055586088048989,0.0404891783334654,0.0063186179721759,-3.1734999531688124,-0.32622408541723713,-0.6952588512905256
2021-07-16,4327.16015625,31421.5390625,14427.240234375,3985700000.0,23699476918,4069530000.0,0.0057201309555502,0.0396251938422049,0.0061741843908015,-1.1302175908234458,-0.7538854211077806,-0.796868689005259
2021-07-17,,31533.068359375,,,18895018942,,,0.0396679819979614,,0.3549453661488622,,
2021-07-18,,31796.810546875,,,18787986667,,,0.0383467897978632,,0.8363987433579023,,
2021-07-19,4258.490234375,30817.83203125,14274.98046875,5157660000.0,20434789545,4537130000.0,0.0063219449868697,0.0386704616564055,0.0061072388305159,-3.078857592278905,-1.5869512427409305,-1.0553630711868212
2021-07-20,4323.06005859375,29807.34765625,14498.8798828125,4438270000.0,23148267245,4652450000.0,0.0068716949285794,0.0389900890838662,0.0066256042220673,-3.278895069501786,1.5162609437855634,1.568474398635078
2021-07-21,4358.68994140625,32110.693359375,14631.9501953125,3810280000.0,28203024559,4098520000.0,0.0070036469760652,0.035437939362204,0.0067675222249159,7.727442675168827,0.8241819990835397,0.9177971924420714
2021-07-22,4367.47998046875,32313.10546875,14684.599609375,3358300000.0,19555230518,3597540000.0,0.0069849030507681,0.0351335944721922,0.0067581888649856,0.6303573302191001,0.20166699583279435,0.3598249950260701
2021-07-23,4411.7900390625,33581.55078125,14836.990234375,4540070000.0,22552046192,3997250000.0,0.007147973688456,0.0351979951594539,0.0068512693946919,3.925482537500802,1.0145452020822843,1.0377581211183262
2021-07-24,,34292.4453125,,,21664706865,,,0.0350412231010353,,2.1169199000986128,,
2021-07-25,,35350.1875,,,20856685287,,,0.0309552228146603,,3.0844758309330533,,
2021-07-26,4422.2998046875,37337.53515625,14840.7099609375,4275630000.0,51022126212,4437090000.0,0.0071496969006547,0.0322492328843284,0.006850618518168,5.621887171744144,0.23821998626283314,0.025070627558165803
2021-07-27,4401.4599609375,39406.94140625,14660.580078125,4241950000.0,35097370560,4329230000.0,0.0072340374478464,0.0309696649616269,0.007220971277913,5.542428661506316,-0.47124448070912095,-1.21375515919806
2021-07-28,4400.64013671875,39995.90625,14762.580078125,4215290000.0,38702404695,4268210000.0,0.0072143471731342,0.0309617188098136,0.0071206809789166,1.4945713184850051,-0.01862618826539153,0.6957432752077386
2021-07-29,4419.14990234375,40008.421875,14778.259765625,4044600000.0,27167146027,3928640000.0,0.0071242189786302,0.0302211728864697,0.0070824385610423,0.03129226506775051,0.42061529800074826,0.10621237898131852
2021-07-30,4395.259765625,42235.546875,14672.6796875,3956740000.0,33072782960,3645050000.0,0.007228486147473,0.0311349602911259,0.0071373187374708,5.566640461246641,-0.540604805147693,-0.7144283548905062
2021-07-31,,41626.1953125,,,25802845343,,,0.0300064112773221,,-1.4427457617713135,,
2021-08-01,,39974.89453125,,,26688438115,,,0.031234104661953,,-3.9669750474507826,,
2021-08-02,4387.16015625,39201.9453125,14681.0703125,3724090000.0,25595265436,3746130000.0,0.0067193315415179,0.03138718499032,0.0068599996497529,-1.9335866368471732,-0.1842805614891363,0.05718536203818125
2021-08-03,4423.14990234375,38152.98046875,14761.2900390625,3965190000.0,26189830450,4141370000.0,0.0064363387158777,0.0317815740447482,0.0067959992447605,-2.675797936526192,0.82034265474622,0.5464160640535676
2021-08-04,4402.66015625,39747.50390625,14780.5302734375,4260760000.0,25372562724,4337330000.0,0.0064952647649314,0.0312291585719045,0.0066861484727544,4.1792893187100555,-0.4632387901412294,0.13034249936207942
2021-08-05,4429.10009765625,40869.5546875,14895.1201171875,3769410000.0,35185031017,4107300000.0,0.006537536956324,0.0314574879714904,0.0067911074089081,2.822946527400849,0.6005446813494242,0.7752755931627942
2021-08-06,4436.52001953125,42816.5,14835.759765625,3451870000.0,38226483046,4173090000.0,0.0064859789788565,0.0321347682322495,0.0067812079490007,4.763803587748594,0.1675266241764728,-0.39852214077820136
2021-08-07,,44555.80078125,,,40030862141,,,0.0318571506356196,,4.062220829002827,,
2021-08-08,,43798.1171875,,,36302664750,,,0.0320577608603374,,-1.7005273846830926,,
2021-08-09,4432.35009765625,46365.40234375,14860.1796875,3449280000.0,38734079049,4111640000.0,0.0064868673763068,0.0330681773428968,0.0067741574290321,5.8616336068955555,-0.09399082741974318,0.164601761290184
2021-08-10,4436.75,45585.03125,14788.08984375,3886610000.0,33546019517,3991770000.0,0.0064832608854817,0.033387130365549,0.0066599896767875,-1.6830892309838696,0.09926793341701323,-0.485120942451589
2021-08-11,4442.41015625,45593.63671875,14765.1396484375,3532560000.0,34319709073,4002340000.0,0.0064813665557787,0.0325037089069636,0.006667440935546,0.018877838873909702,0.12757437876824707,-0.15519377793203892
2021-08-12,4460.830078125,44428.2890625,14816.259765625,3375310000.0,33723620826,4049000000.0,0.0065042936341896,0.0328900775072818,0.0066744447140501,-2.555943636254754,0.4146380281677686,0.3462216978957544
2021-08-13,4468.0,47793.3203125,14822.900390625,3016470000.0,31744259539,4061070000.0,0.0064616900612072,0.0347955100341819,0.0066737546247701,7.574073458615982,0.1607306655808216,0.04481984728295085
2021-08-14,,47096.9453125,,,31211354442,,,0.0341578543136397,,-1.457055076832292,,
2021-08-15,,47047.00390625,,,30988958446,,,0.0339544084247296,,-0.10603958689597848,,
2021-08-16,4479.7099609375,46004.484375,14793.759765625,3370640000.0,32776876610,3973920000.0,0.0063571557163484,0.0345411513490871,0.0065429171392133,-2.215910567498447,0.2620850702215849,-0.19659192352415866
2021-08-17,4448.080078125,44695.359375,14656.1796875,3836960000.0,33451362600,4168880000.0,0.0065045892569541,0.0353574041938563,0.0067713674561027,-2.8456465011732934,-0.706069881494753,-0.9299872399218145
2021-08-18,4400.27001953125,44801.1875,14525.91015625,3755590000.0,32194123075,3841840000.0,0.0068185524792159,0.0344816611501421,0.0069638763819553,0.23677653895135542,-1.0748470745585936,-0.8888368867441265
2021-08-19,4405.7998046875,46717.578125,14541.7900390625,4398410000.0,37204312299,4191490000.0,0.0066082049354266,0.0337631722531228,0.006844668083942,4.277544261522093,0.12566922329095842,0.10932108653904926
2021-08-20,4441.669921875,49339.17578125,14714.66015625,3652610000.0,34706867452,3886340000.0,0.0064596134500423,0.0327373143190103,0.0069578415746777,5.611587247171745,0.8141567655737925,1.1887815511235633
2021-08-21,,48905.4921875,,,40585205312,,,0.0329805680815458,,-0.8789842693618932,,
2021-08-22,,49321.65234375,,,25370975378,,,0.0326595177396616,,0.8509476904035029,,
2021-08-23,4479.52978515625,49546.1484375,14942.650390625,3576530000.0,34305053719,3906780000.0,0.0066017024726136,0.0326559600345349,0.007495265431653,0.45516742258624454,0.8523790364248329,1.549408766183169
2021-08-24,4486.22998046875,47706.1171875,15019.7998046875,3979220000.0,35361168834,3809750000.0,0.0065540512841108,0.0337096241345022,0.0074979552257379,-3.7137725293038826,0.14957363013194946,0.5163034136896005
2021-08-25,4496.18994140625,48960.7890625,15041.8603515625,3444700000.0,32646349931,3654150000.0,0.006558441399988,0.0327913343723959,0.0074773295627447,2.630002081428562,0.2220118224179668,0.14687643751494228
2021-08-26,4470.0,46942.21875,14945.8095703125,3263980000.0,32666549568,3630900000.0,0.0066315047632586,0.0329437909379385,0.0074573161939662,-4.122830434622349,-0.5824918819612557,-0.6385565282822414
2021-08-27,4509.3701171875,49058.66796875,15129.5,3331200000.0,34511076995,4048610000.0,0.0065887435121403,0.0336453463336241,0.0075372902697319,4.508626296557394,0.8807632480425154,1.2290430225497584
2021-08-28,,48902.40234375,,,28568103401,,,0.033674733213534,,-0.3185280633781984,,
2021-08-29,,48829.83203125,,,25889650240,,,0.032480651822026,,-0.14839825657210204,,
2021-08-30,4528.7900390625,47054.984375,15265.8896484375,3168660000.0,31847007016,4061760000.0,0.00572945482761,0.0331948780153257,0.0072887436139061,-3.6347609287579297,0.4306570844779589,0.9014815323540093
2021-08-31,4522.68017578125,47166.6875,15259.240234375,4290710000.0,34730363427,4188020000.0,0.0052049179220151,0.0321155580050843,0.006852331857199,0.23738850726162664,-0.13491160395050494,-0.043557330857424414
2021-09-01,4524.08984375,48847.02734375,15309.3798828125,4057340000.0,39139399125,4271690000.0,0.0050516445171326,0.032192565441517,0.0067153522952142,3.562556399047523,0.03116886257619189,0.3285854843843916
2021-09-02,4536.9501953125,49327.72265625,15331.1796875,3735990000.0,39508070319,4050510000.0,0.0050582286530574,0.0315288472076345,0.0067038167671874,0.9840830417728652,0.2842638410522902,0.14239508624365182
2021-09-03,4535.43017578125,50025.375,15363.51953125,3217530000.0,43206179619,3706990000.0,0.0047815906914428,0.0309534764317341,0.0064927021738502,1.4143210068944922,-0.03350311257153127,0.21094165230068906
2021-09-04,,49944.625,,,37471327794,,,0.0307580795500805,,-0.1614180803242382,,
2021-09-05,,51753.41015625,,,30322676319,,,0.030330414727194,,3.6215812136941583,,
2021-09-06,,52633.53515625,,,38884105426,,,0.0297399411264056,,1.7006125728580734,,
2021-09-07,4520.02978515625,46811.12890625,15374.330078125,3822960000.0,65210059683,4014250000.0,0.0048369636910187,0.0370816939714148,0.0064910358727778,-11.06216071695616,-0.3395574405981705,0.07036504137616362
2021-09-08,4514.06982421875,46091.390625,15286.6396484375,3750880000.0,49007762488,4131560000.0,0.0047436783054145,0.0357280039573753,0.0061272991987447,-1.5375366885328479,-0.1318566739775151,-0.5703691103410624
2021-09-09,4493.27978515625,46391.421875,15248.25,3735390000.0,38672657013,4031140000.0,0.0048446693924051,0.0356046864357833,0.0060753449694055,0.6509485739778498,-0.4605608657393345,-0.2511320298010933
2021-09-10,4458.580078125,44883.91015625,15115.490234375,3623180000.0,39154666597,4587150000.0,0.0050342790751702,0.036130248062561,0.0063345878850292,-3.2495484247323514,-0.7722578759925436,-0.8706557514796764
2021-09-11,,45201.45703125,,,34499835245,,,0.0358320080194709,,0.707484873520503,,
2021-09-12,,46063.26953125,,,27881980161,,,0.0333347586116674,,1.9066033632592516,,
2021-09-13,4468.72998046875,44963.07421875,15105.580078125,3914220000.0,40969943253,4723370000.0,0.0049278629893595,0.0335114954873611,0.0061629944536053,-2.3884438158555232,0.22764876184568905,-0.06556291656001356
2021-09-14,4443.0498046875,47092.4921875,15037.759765625,3670460000.0,38652152880,4593140000.0,0.0050441587564408,0.0346306588065999,0.0062433084556772,4.73592610325122,-0.574663850657553,-0.44897522736127016
2021-09-15,4480.7001953125,48176.34765625,15161.5302734375,4032020000.0,30484496466,4465140000.0,0.0050585887254131,0.0346031360467321,0.0063333671148376,2.3015462091804384,0.8473996979569742,0.8230648031459342
2021-09-16,4473.75,47783.359375,15181.919921875,3984560000.0,31764293754,3701500000.0,0.0049825871319414,0.0341799224030574,0.0063334640958344,-0.8157286726135138,-0.15511404489350067,0.1344827868280607
2021-09-17,4432.990234375,47267.51953125,15043.9697265625,7289530000.0,28727713711,6709540000.0,0.0051742286211126,0.0342631875653088,0.0064529702650544,-1.0795386730801604,-0.9110872450405094,-0.9086478918501784
2021-09-18,,48278.36328125,,,28575630451,,,0.0336298649582881,,2.138558909002408,,
2021-09-19,,47260.21875,,,26967722648,,,0.0322948010559926,,-2.1089044077959085,,
2021-09-20,4357.72998046875,42843.80078125,14713.900390625,4898070000.0,43909845642,4879490000.0,0.0060347477645735,0.0367990683352637,0.0076221594539214,-9.344895316951952,-1.697731100841482,-2.194030843831807
2021-09-21,4354.18994140625,40693.67578125,14746.400390625,3920920000.0,48701090088,4083010000.0,0.0060345425291394,0.0376926723542141,0.0076277252099139,-5.01852067461992,-0.08123585165593639,0.22087957059100383
2021-09-22,4395.64013671875,43574.5078125,14896.849609375,3939170000.0,38139709246,4252490000.0,0.0063040798308563,0.0400611445405445,0.0078055056751333,7.079311406361999,0.9519611195260236,1.0202436849988672
2021-09-23,4448.97998046875,44895.09765625,15052.240234375,3916350000.0,34244064430,4196130000.0,0.0066932176083227,0.0400120727141498,0.0080119539483972,3.03064775724482,1.2134715784494876,1.0431106514105393
2021-09-24,4455.47998046875,42839.75,15047.7001953125,3384290000.0,42839345714,3992150000.0,0.006654556300386,0.0404622183925108,0.0079957964885969,-4.578111561282839,0.1461009046688222,-0.03016188282812804
2021-09-25,,42716.59375,,,31604717236,,,0.0398324820741641,,-0.2874812528084303,,
2021-09-26,,43208.5390625,,,30661222077,,,0.0389330469193333,,1.151649205409777,,
2021-09-27,4443.10986328125,42235.73046875,14969.9697265625,4058650000.0,30980029059,4650790000.0,0.0066653212260072,0.0390788363127322,0.0080631781758818,-2.251426719942695,-0.27763826213396126,-0.5165604560237957
2021-09-28,4352.6298828125,41034.54296875,14546.6796875,4416550000.0,30214940550,4989510000.0,0.0076072893371542,0.0393154343114417,0.0096455978185627,-2.844007873591181,-2.0364110556098214,-2.8275944894625926
2021-09-29,4359.4599609375,41564.36328125,14512.4404296875,3712660000.0,30602359905,5294600000.0,0.007530653753216,0.039002373376158,0.0095096347985615,1.2911568502261384,0.15691842194003325,-0.23537507216799813
2021-09-30,4307.5400390625,43790.89453125,14448.580078125,4448140000.0,31141681925,5950950000.0,0.0075880016898061,0.0403267266559898,0.0094039381169914,5.356827518164842,-1.1909714125195148,-0.4400386817909885
2021-10-01,4357.0400390625,48116.94140625,14566.7001953125,4010370000.0,42850641582,4710720000.0,0.0078996365785682,0.0435443494308257,0.0095240846751143,9.87887304268893,1.149147763018199,0.817520590596521
2021-10-02,,47711.48828125,,,30614346492,,,0.0435230718501555,,-0.8426411013467638,,
2021-10-03,,48199.953125,,,26638115879,,,0.0434824277577101,,1.0237887379882071,,
2021-10-04,4300.4599609375,49112.90234375,14255.48046875,4307870000.0,33383173002,4557110000.0,0.0080604563089668,0.0436352637430455,0.0100411075823431,1.8940873580984396,-1.2985898136748442,-2.136514944288126
2021-10-05,4345.72021484375,51514.8125,14433.830078125,3902890000.0,35873904236,4176390000.0,0.0081491818550943,0.0440375867169003,0.009888296149734,4.890588911725469,1.0524514660609219,1.251095042120598
2021-10-06,4363.5498046875,55361.44921875,14501.91015625,4009630000.0,49034730168,4465910000.0,0.0081904630647281,0.0458848746385464,0.0098788595249226,7.46704982911468,0.41027928541854664,0.4716702202846257
2021-10-07,4399.759765625,53805.984375,14654.01953125,3843740000.0,36807860413,3984180000.0,0.0083434075590581,0.0404988646819663,0.0100946891310833,-2.809653406297008,0.8298280656405366,1.0488919967170274
2021-10-08,4391.33984375,53967.84765625,14579.5400390625,3280160000.0,34800873924,3571380000.0,0.0082909655679228,0.0403221362179285,0.0100727208159045,0.30082765538104184,-0.19137230947889883,-0.508252988394553
2021-10-09,,54968.22265625,,,32491211414,,,0.0403928856576822,,1.853649985027972,,
2021-10-10,,54771.578125,,,39527792364,,,0.039773280868422,,-0.3577422040362044,,
2021-10-11,4361.18994140625,57484.7890625,14486.2001953125,3281970000.0,42637331698,3539540000.0,0.0081733894802056,0.040496238823345,0.0098119461728431,4.953684064585273,-0.6865763848056816,-0.6402111692132784
2021-10-12,4350.64990234375,56041.05859375,14465.919921875,3558450000.0,41083758949,4063830000.0,0.008111818544781,0.0408924248308678,0.0096127329898564,-2.5114999851183484,-0.24167805585421087,-0.13999719156209123
2021-10-13,4363.7998046875,57401.09765625,14571.6396484375,3620070000.0,41684252783,4053580000.0,0.0081506961754191,0.040589363639499,0.0097525836303737,2.426861834211813,0.302251448379387,0.730819243666847
2021-10-14,4438.259765625,57321.5234375,14823.4296875,3598280000.0,36615791366,4262400000.0,0.0087948710696192,0.0399734701597756,0.0103009794659945,-0.1386283921372633,1.7063101945583359,1.7279458258460334
2021-10-15,4471.3701171875,61593.94921875,14897.33984375,3819380000.0,51780081801,4494440000.0,0.0088969004887876,0.041632295403626,0.0103509501973295,7.453440740995654,0.7460210377712606,0.4986036147378581
2021-10-16,,60892.1796875,,,34250964237,,,0.0416808835792832,,-1.139348166745524,,
2021-10-17,,61553.6171875,,,29032367511,,,0.0415288975879626,,1.086243756414218,,
2021-10-18,4486.4599609375,62026.078125,15021.8095703125,3662010000.0,38055562075,4167740000.0,0.0089247176561252,0.0414634772320892,0.0104757787911177,0.7675599893030238,0.337476955709759,0.8355164604418874
2021-10-19,4519.6298828125,64261.9921875,15129.08984375,3459130000.0,40471196346,4483400000.0,0.0090143295440525,0.0413572664199472,0.0105714448364284,3.6047967727284025,0.7393339551406308,0.7141634497185745
2021-10-20,4536.18994140625,65992.8359375,15121.6796875,3670760000.0,40788955582,4117050000.0,0.0090350369721772,0.0360128738487888,0.0105260336623935,2.693417510228824,0.36640298040166996,-0.04897952438996933
2021-10-21,4549.77978515625,62210.171875,15215.7001953125,3822330000.0,45908121370,4961860000.0,0.0090029787474476,0.0365113784196217,0.0105846224789679,-5.731931366129583,0.2995871849622578,0.621759683814882
2021-10-22,4544.89990234375,60692.265625,15090.2001953125,3758220000.0,38434082775,5775770000.0,0.0088756800057853,0.0356885724451801,0.010571885193638,-2.4399647264276236,-0.10725536274130976,-0.8248059464175173
2021-10-23,,61393.6171875,,,26882546034,,,0.0355118398481675,,1.1555863919028075,,
2021-10-24,,60930.8359375,,,27316183882,,,0.0340189785784565,,-0.7537937512081094,,
2021-10-25,4566.47998046875,63039.82421875,15226.7099609375,3899400000.0,31064911614,5750200000.0,0.0089026738375259,0.0341390983821739,0.0106993641494347,3.46128236844363,0.4748196569493546,0.9046252790430476
2021-10-26,4574.7900390625,60363.79296875,15235.7099609375,3879740000.0,34878965587,7173230000.0,0.008819470973005,0.035657202438648,0.010661469977376,-4.244985266320056,0.18197952535197182,0.05910666206350168
2021-10-27,4551.68017578125,58482.38671875,15235.83984375,4226050000.0,43657076893,6130110000.0,0.0087698102897861,0.0359843232412888,0.0105602626086768,-3.116779376295975,-0.5051568068462853,0.0008524894004491301
2021-10-28,4596.419921875,60622.13671875,15448.1201171875,4132950000.0,45257083247,5714890000.0,0.0089201133883814,0.0354597859757898,0.010850760804202,3.658793903693369,0.9829281576461124,1.3932955164567495
2021-10-29,4605.3798828125,62227.96484375,15498.3896484375,4510200000.0,36856881767,5338290000.0,0.0087165744118522,0.0355407067446327,0.0107032333092711,2.648913766352501,0.1949334719149265,0.325408728496801
2021-10-30,,61888.83203125,,,32157938616,,,0.0349275681870708,,-0.5449845794435637,,
2021-10-31,,61318.95703125,,,32241199927,,,0.0314135565421696,,-0.9208042570786446,,
2021-11-01,4613.669921875,61004.40625,15595.919921875,3971540000.0,36150572843,5273950000.0,0.0079943021389405,0.0313590772446878,0.0098014102264161,-0.5129747739996526,0.18000771431341267,0.62929295010552
2021-11-02,4630.64990234375,63226.40234375,15649.599609375,3975250000.0,37746665647,5129370000.0,0.0079837153316733,0.031760636518651,0.0098051304637724,3.6423534468053242,0.36803630854131963,0.3441905816963686
2021-11-03,4660.56982421875,62970.046875,15811.580078125,4319660000.0,36124731509,5325110000.0,0.0079052766880394,0.0317931984952825,0.0098093752501154,-0.4054563588107407,0.6461279195357994,1.0350454503191608
2021-11-04,4680.06005859375,61452.23046875,15940.3095703125,4462300000.0,32615846901,5297250000.0,0.0076855078013745,0.0314318089745511,0.0097510330639784,-2.4103783966732184,0.4181942361150437,0.8141469198615692
2021-11-05,4697.52978515625,61125.67578125,15971.58984375,4467180000.0,30605102446,5566400000.0,0.0076943197667321,0.0288893614237125,0.0097420765076212,-0.5313959884109654,0.3732799652949259,0.19623378893316445
2021-11-06,,61527.48046875,,,29094934221,,,0.0282608583943055,,0.6573419146120196,,
2021-11-07,,63326.98828125,,,24726754302,,,0.0286058387912608,,2.9247220896912562,,
2021-11-08,4701.7001953125,67566.828125,15982.3603515625,4269710000.0,41125608330,5723650000.0,0.0076486384740574,0.030527519421387,0.0096518231964824,6.695154718111462,0.08877879113036169,0.06743541449454327
2021-11-09,4685.25,66971.828125,15886.5400390625,4117080000.0,42357991721,5574660000.0,0.0064632759151945,0.0306047126384445,0.0078761198542159,-0.8806096371717143,-0.3498775895770745,-0.5995379305199555
2021-11-10,4646.7099609375,64995.23046875,15622.7099609375,4503720000.0,48730828378,5369110000.0,0.006752364656771,0.0302678359084065,0.0086133095883007,-2.9513867421399387,-0.8225823395229703,-1.660714526110052
2021-11-11,4649.27001953125,64949.9609375,15704.2802734375,3926870000.0,35880633236,4570460000.0,0.0062157902652117,0.0297684756961151,0.0085274481466426,-0.06965054346836919,0.05509400447352153,0.5221265241686979
2021-11-12,4682.85009765625,64155.94140625,15860.9599609375,3728600000.0,36084893887,5446540000.0,0.0060532529395474,0.0297042730415823,0.0085722892421248,-1.222509636324598,0.7222656026415475,0.9976877944862572
2021-11-13,,64469.52734375,,,30474228777,,,0.029689229873575,,0.48878705639170406,,
2021-11-14,,65466.83984375,,,25122092191,,,0.0268882071899474,,1.5469517787564335,,
2021-11-15,4682.7998046875,63557.87109375,15853.849609375,3488410000.0,30558763548,5020180000.0,0.0053281642431405,0.0274009114399756,0.0072632819818018,-2.915932332393234,-0.0010739820344718431,-0.04482926367641582
2021-11-16,4700.89990234375,60161.24609375,15973.8603515625,3972640000.0,46844335592,5533020000.0,0.0051348991361769,0.0291943450638379,0.0071100879248318,-5.344145330150951,0.3865229864862485,0.7569817119782218
2021-11-17,4688.669921875,60368.01171875,15921.5703125,3969070000.0,39178392930,5049320000.0,0.0052135849688365,0.0291626043716731,0.007207500493852,0.3436857419438999,-0.2601625374463401,-0.3273475409930282
2021-11-18,4704.5400390625,56942.13671875,15993.7099609375,4226410000.0,41388338699,5391360000.0,0.0050989997510594,0.0301487526207088,0.0070801086205573,-5.674983989800575,0.33847802152713324,0.45309380307081426
2021-11-19,4697.9599609375,58119.578125,16057.4404296875,4253180000.0,38702407772,4875310000.0,0.0050853789014053,0.0299548368729268,0.0069180111595275,2.0677857806173483,-0.1398665559303236,0.39847207999677003
2021-11-20,,59697.1953125,,,30624264863,,,0.0286090407160059,,2.7144333086984274,,
2021-11-21,,58730.4765625,,,26123447605,,,0.0284137355757355,,-1.619370466132397,,
2021-11-22,4682.93994140625,56289.2890625,15854.759765625,4441100000.0,35036121783,5567830000.0,0.0048979844844425,0.0292834436056191,0.0073040372021207,-4.1565940596482776,-0.31971365563219223,-1.2622227368676908
2021-11-23,4690.7001953125,57569.07421875,15775.1396484375,4277590000.0,37485803899,5434380000.0,0.0048163173262587,0.0296299130374189,0.0074090593589021,2.2735855747423095,0.1657132912945114,-0.5021843179240482
2021-11-24,4701.4599609375,56280.42578125,15845.23046875,3418430000.0,36635566789,4197090000.0,0.004815494399436,0.0290619086651531,0.007368956746416,-2.238438701660228,0.22938506357221833,0.4443118848677985
2021-11-25,,57274.6796875,,,34284016248,,,0.0283178662504022,,1.7666069374003168,,
2021-11-26,4594.6201171875,53569.765625,15491.66015625,3517700000.0,41810748221,3502170000.0,0.0060452945848712,0.0302632240925302,0.0082205110801073,-6.468677053655503,-2.2724822637582465,-2.23139898909841
2021-11-27,,54815.078125,,,30560857714,,,0.0297781839296979,,2.324655494514305,,
2021-11-28,,57248.45703125,,,28116886357,,,0.0305267998084638,,4.43925100444249,,
2021-11-29,4655.27001953125,57806.56640625,15782.830078125,4336410000.0,32370840356,4836230000.0,0.0063309925885329,0.0306062878000146,0.0087796801790629,0.9748898117819094,1.3200199537034996,1.8795269127920289
2021-11-30,4567.0,57005.42578125,15537.6904296875,6625990000.0,36708594618,6631470000.0,0.0073369123297116,0.0306552860391187,0.0092556464112164,-1.3858989986877734,-1.896131033450521,-1.553204635822969
2021-12-01,4513.0400390625,57229.828125,15254.0498046875,5366730000.0,36858195307,6320260000.0,0.0075625341991179,0.0306723546456836,0.009841646661674,0.39365085108058473,-1.1815187417889228,-1.8255005548189707
2021-12-02,4577.10009765625,56477.81640625,15381.3203125,5077180000.0,32379968686,5418340000.0,0.0079681100617247,0.0298786931884269,0.0099486135956916,-1.3140205787574133,1.419443613158311,0.8343391390618793
2021-12-03,4538.43017578125,53598.24609375,15085.4697265625,5240070000.0,39789134215,5900290000.0,0.0081086354444571,0.0311672680714046,0.0105311641461887,-5.0985864817913455,-0.8448563730297565,-1.9234407705369105
2021-12-04,,49200.703125,,,61385677469,,,0.0343017039557938,,-8.204639683653358,,
2021-12-05,,49368.84765625,,,37198201161,,,0.0343570798484665,,0.3417522933012007,,
2021-12-06,4591.669921875,50582.625,15225.150390625,4770800000.0,37707308001,5115230000.0,0.008383743951495,0.0347508184042376,0.0105576074391612,2.458589579002135,1.1730872577451423,0.9259285033501596
2021-12-07,4686.75,50700.0859375,15686.919921875,4492400000.0,33676814852,5116490000.0,0.0091291971520873,0.0341526640624835,0.0117695466126786,0.2322159783127109,2.0707080374404274,3.032939047579708
2021-12-08,4701.2099609375,50504.796875,15786.990234375,4234600000.0,28479699446,4615390000.0,0.0091366409829876,0.0313301128854439,0.0118098041356693,-0.385184874717448,0.30852853123166657,0.6379219948745574
2021-12-09,4667.4501953125,47672.12109375,15517.3701171875,3903840000.0,29603577251,4515600000.0,0.0091931413224361,0.0325318161525565,0.0122788734050594,-5.608726213196958,-0.7181080169894716,-1.7078626969719846
2021-12-10,4712.02001953125,47243.3046875,15630.599609375,3870110000.0,30966005122,4426210000.0,0.009183966009525,0.0323424303955692,0.0120920778481648,-0.899511908452133,0.9549073338481762,0.7296951180025157
2021-12-11,,49362.5078125,,,25775869261,,,0.0338055887877883,,4.4857216044006165,,
2021-12-12,,50098.3359375,,,21939223599,,,0.0340793309709671,,1.4906619570362878,,
2021-12-13,4668.97021484375,46737.48046875,15413.2802734375,4397230000.0,32166727776,4573920000.0,0.0093601412060901,0.0357527242811279,0.0123587072144895,-6.70851717099511,-0.9136167611567658,-1.390345484936839
2021-12-14,4634.08984375,46612.6328125,15237.6396484375,4485430000.0,34638619079,4865990000.0,0.0094674941383959,0.0354496233942422,0.0124629044933769,-0.267125345649466,-0.7470677577436025,-1.13954084973521
2021-12-15,4709.85009765625,48896.72265625,15565.580078125,4910130000.0,36541828520,5343920000.0,0.0098958458433786,0.0368641387590218,0.0130820188498118,4.900151967252708,1.6348464630746795,2.1521734156584316
2021-12-16,4668.669921875,47665.42578125,15180.4296875,4829500000.0,27268150947,4906480000.0,0.0099741607217094,0.0359738521693172,0.0136841335150353,-2.5181582897818466,-0.8743415379980468,-2.474372228287647
2021-12-17,4620.64013671875,46202.14453125,15169.6796875,7987090000.0,32902725329,7668770000.0,0.0101186249357285,0.0361570827841342,0.0135680003997412,-3.0699007215741814,-1.0287680637092622,-0.07081485979841817
2021-12-18,,46848.77734375,,,26098292690,,,0.0351389460144928,,1.3995731563123393,,
2021-12-19,,46707.015625,,,25154053861,,,0.0347770544854282,,-0.30259427628138713,,
2021-12-20,4568.02001953125,46880.27734375,14980.9404296875,4635700000.0,30961902129,4602640000.0,0.010282053700463,0.0342486616578644,0.0136920674280916,0.3709543768351198,-1.138805785140995,-1.2441874957189958
2021-12-21,4649.22998046875,48936.61328125,15341.08984375,4072430000.0,27055803928,4581720000.0,0.0108238112678642,0.0354431058114316,0.0144811171757516,4.386356169401262,1.7777934551572505,2.404050772065003
2021-12-22,4696.56005859375,48628.51171875,15521.8896484375,3319610000.0,24447979559,4107900000.0,0.0109730123248289,0.0347720135753035,0.0146457224319162,-0.6295931447672265,1.0180197220578835,1.1785329890441787
2021-12-23,4725.7900390625,50784.5390625,15653.3701171875,2913040000.0,28223878108,3935010000.0,0.0109115155224968,0.0355399547657128,0.0144185757880827,4.433669194360079,0.6223699921661829,0.8470648337796538
2021-12-24,,50822.1953125,,,24367912228,,,0.0353771923534095,,0.07414904357732066,,
2021-12-25,,50429.859375,,,19030650914,,,0.0351622579197659,,-0.7719775485643066,,
2021-12-26,,50809.515625,,,20964372926,,,0.0331589568547358,,0.752840191714288,,
2021-12-27,4791.18994140625,50640.41796875,15871.259765625,2770290000.0,24324345758,3743920000.0,0.0111737450449872,0.0328282379871895,0.0146090876984654,-0.3328070621613999,1.383893524747526,1.3919663740542099
2021-12-28,4786.35009765625,47588.85546875,15781.7197265625,2707920000.0,33430376883,3648500000.0,0.0111171824920005,0.03337356225009,0.0145337718306119,-6.025942562091624,-0.10101548486260992,-0.5641646623189445
2021-12-29,4793.06005859375,46444.7109375,15766.2197265625,2963310000.0,30049226299,3714380000.0,0.0111169322607604,0.0333942984432116,0.0145344558507096,-2.404227880624954,0.14018951394270118,-0.0982148984303155
2021-12-30,4778.72998046875,47178.125,15741.5595703125,3124950000.0,26686491018,3750920000.0,0.0111218150737509,0.0336276995559377,0.0144624499992366,1.579112126431248,-0.29897555945093135,-0.1564113444927684
2021-12-31,4766.18017578125,46306.4453125,15644.9697265625,2677820000.0,36974172400,3392580000.0,0.0111220566001052,0.0336433627315944,0.0144910894557233,-1.8476352917798256,-0.2626179913657545,-0.613597676383737
2022-01-01,,47686.8125,,,24582667004,,,0.0342673411154936,,2.9809396471367267,,
2022-01-02,,47345.21875,,,27951569547,,,0.0331181872754027,,-0.7163274962024402,,
2022-01-03,4796.56005859375,46458.1171875,15832.7998046875,3831020000.0,33071628362,4429960000.0,0.0111613719952319,0.029501529339203,0.0146435563787072,-1.87368774698079,0.6374052530970564,1.2005780861697346
2022-01-04,4793.5400390625,45897.57421875,15622.7197265625,4683170000.0,42494677905,5131110000.0,0.0111573916782464,0.0295413549319369,0.0148085303065882,-1.2065555013512697,-0.0629621957060511,-1.3268662568625578
2022-01-05,4700.580078125,43569.00390625,15100.169921875,4887960000.0,36851084859,5031850000.0,0.0117391690592021,0.0304356679892022,0.0158672868037159,-5.073406061509756,-1.9392757790687165,-3.3448068827544475
2022-01-06,4696.0498046875,43160.9296875,15080.8603515625,4295280000.0,30208048289,4790820000.0,0.0117371363447822,0.0304140584213093,0.0158542728351372,-0.9366159015892994,-0.09637690162076495,-0.12787651008169254
2022-01-07,4677.02978515625,41557.90234375,14935.900390625,4181510000.0,84196607520,4238070000.0,0.0117523446125264,0.0309837043874816,0.0158811463968398,-3.714070469186992,-0.4050216740091761,-0.9612181106264384
2022-01-08,,41733.94140625,,,28066355845,,,0.0294800511063931,,0.4235994902819673,,
2022-01-09,,41911.6015625,,,21294384372,,,0.0295083021342059,,0.42569704720818446,,
2022-01-10,4670.2900390625,41821.26171875,14942.830078125,4511810000.0,32104232331,5317180000.0,0.0109404306063091,0.0280961745437454,0.015400552551124,-0.21554853640055605,-0.14410312534549607,0.04639618180870553
2022-01-11,4713.06982421875,42735.85546875,15153.4501953125,4101590000.0,26327648900,4390710000.0,0.0108056293071027,0.028293733747146,0.0152173589461871,2.1869109453241498,0.9159984668711818,1.4095062052256635
2022-01-12,4726.35009765625,43949.1015625,15188.3896484375,4048220000.0,33499938689,4338530000.0,0.0101597619863183,0.0261910173002532,0.014987004714346,2.8389418684672707,0.2817754443029452,0.23057094374328013
2022-01-13,4659.02978515625,42591.5703125,14806.8095703125,4251730000.0,47691135082,4302020000.0,0.0102778110199341,0.0267331903416034,0.0153233934902967,-3.0888714484173407,-1.42436152864307,-2.5123142542254673
2022-01-14,4662.85009765625,43099.69921875,14893.75,4338490000.0,23577403399,4374020000.0,0.009978740225628,0.0251326155862235,0.0152785116780172,1.1930269358978673,0.08199802697488323,0.5871651774452147
2022-01-15,,43177.3984375,,,18371348298,,,0.0248273032609965,,0.1802778677309158,,
2022-01-16,,43113.87890625,,,17902097845,,,0.0242628264401103,,-0.1471129191397358,,
2022-01-17,,42250.55078125,,,21690904261,,,0.0242768694415943,,-2.0024366790964976,,
2022-01-18,4577.10986328125,42375.6328125,14506.900390625,4748700000.0,22417209227,5060790000.0,0.0104538725692977,0.0243049704762507,0.0156122771655044,0.29604828561313745,-1.8387945694007368,-2.5973956147712918
2022-01-19,4532.759765625,41744.328125,14340.259765625,4465740000.0,23091543258,4665340000.0,0.0103804386645165,0.0243605979562979,0.0155901792553896,-1.489782324415878,-0.9689541868338813,-1.1486990364095284
2022-01-20,4482.72998046875,40680.41796875,14154.01953125,4640870000.0,20382033940,5102050000.0,0.0097688676978661,0.0230022705337874,0.0144958597869619,-2.548634039729203,-1.103737849414832,-1.2987228782384785
2022-01-21,4397.93994140625,36457.31640625,13768.919921875,5589100000.0,43011992031,5870830000.0,0.0102393184364394,0.0297630482458754,0.0150208519445565,-10.381165615712485,-1.8914821867908604,-2.720779129382689
2022-01-22,,35030.25,,,39714385405,,,0.0285091794462132,,-3.9143484680769114,,
2022-01-23,,36276.8046875,,,26017975951,,,0.0297117568224663,,3.5585092527173012,,
2022-01-24,4410.1298828125,36654.328125,13855.1298828125,6928110000.0,41856658597,6998770000.0,0.0102338414103859,0.0299677770580456,0.0149493368610155,1.0406744495611076,0.2771738943381896,0.6261199965331699
2022-01-25,4356.4501953125,36954.00390625,13539.2900390625,5145050000.0,26428189594,5019380000.0,0.0101690415472695,0.029981406236602,0.0151999565087227,0.8175727030871549,-1.2171906253646725,-2.279587751406098
2022-01-26,4349.93017578125,36852.12109375,13542.1201171875,5570640000.0,31324598034,5771140000.0,0.0100945262653326,0.0299863842627425,0.0151241713839772,-0.2757016878562668,-0.1496635847751837,0.020902706987113717
2022-01-27,4326.509765625,37138.234375,13352.7802734375,5214200000.0,25041426629,5177380000.0,0.0100648949462229,0.0285218220097731,0.0151743299811734,0.7763821260712289,-0.538408875771057,-1.3981551050466057
2022-01-28,4431.85009765625,37784.33203125,13770.5703125,5031090000.0,22238830523,4971930000.0,0.0106468862854771,0.0287236000893286,0.0158158451569134,1.7397102127314046,2.4347646888076113,3.128861783890824
2022-01-29,,38138.1796875,,,17194183075,,,0.0285748050897663,,0.9364930838458241,,
2022-01-30,,37917.6015625,,,14643548444,,,0.0284917549833752,,-0.5783656346668664,,
2022-01-31,4515.5498046875,38483.125,14239.8798828125,5098610000.0,20734730465,5124940000.0,0.0112135650479561,0.0279758359364805,0.016726515662335,1.491453610450133,1.8885951732779516,3.408061973195786
2022-02-01,4546.5400390625,38743.2734375,14346.0,4816830000.0,20288500328,4671850000.0,0.0111645638854502,0.0280904361534092,0.0168160560721214,0.676006528835682,0.686300355780145,0.7452318282233916
2022-02-02,4589.3798828125,36952.984375,14417.5498046875,4481580000.0,19155189416,4673140000.0,0.0111100108144891,0.0289810832974975,0.0167368332236433,-4.6209029430310355,0.942251544733641,0.49874393341349244
2022-02-03,4477.43994140625,37154.6015625,13878.8203125,4401970000.0,18591534769,4326300000.0,0.0114955064732083,0.0290643888228354,0.0173443199136435,0.5456046132945147,-2.4391082077444004,-3.7366230703940073
2022-02-04,4500.52978515625,41500.875,14098.009765625,4706290000.0,29412210792,4121340000.0,0.0113605166402971,0.0349554399224687,0.0174771583477134,11.6978066100073,0.5156929864423399,1.579308962791215
2022-02-05,,41441.1640625,,,19652846215,,,0.0349244719367057,,-0.1438787435204647,,
2022-02-06,,42412.43359375,,,16142097334,,,0.0345000642635387,,2.3437312952531153,,
2022-02-07,4483.8701171875,43840.28515625,14015.669921875,4228480000.0,28641855926,4268730000.0,0.0112749124768827,0.0350019126952235,0.0173431440157549,3.3665872045371525,-0.37017126347429485,-0.5840529629279168
2022-02-08,4521.5400390625,44118.4453125,14194.4501953125,4459620000.0,33079398868,4293770000.0,0.0110607642181773,0.0350092992023314,0.0173043865736758,0.6344852805099555,0.8401207191663262,1.2755742282319904
2022-02-09,4587.18017578125,44338.796875,14490.3701171875,4524350000.0,23245887300,4729730000.0,0.0114563871074403,0.0350063639980888,0.0178597996961889,0.4994545046617338,1.4517207887505545,2.0847579004696026
2022-02-10,4504.080078125,43565.11328125,14185.6396484375,5314860000.0,32142048537,5212510000.0,0.0118464209812325,0.0349785076436608,0.0181677117499618,-1.7449359213132731,-1.811572566845976,-2.1029860954935087
2022-02-11,4418.64013671875,42407.9375,13791.150390625,5251500000.0,26954925781,5237320000.0,0.0122501634212407,0.0349345736655062,0.0187116196756847,-2.656198260703335,-1.896945434456343,-2.780905673548195
2022-02-12,,42244.46875,,,18152390304,,,0.0344728904277112,,-0.38546734323026133,,
2022-02-13,,42197.515625,,,14741589015,,,0.0343967344116395,,-0.1111462077505676,,
2022-02-14,4401.669921875,42586.91796875,13790.919921875,4600390000.0,20827783012,4347350000.0,0.0122522452392292,0.0344416827647684,0.0187254278226898,0.9228086961576842,-0.38405967262932217,-0.0016711350646736456
2022-02-15,4471.06982421875,44575.203125,14139.759765625,4430830000.0,22721659051,4416840000.0,0.0126001646142274,0.0354527005038055,0.0192570887978586,4.668769779745485,1.5766721170720421,2.5294892996708285
2022-02-16,4475.009765625,43961.859375,14124.08984375,4283640000.0,19792547657,4238560000.0,0.0126102590662083,0.0353393528131562,0.0191764798810858,-1.3759752216496501,0.08812077558950637,-0.11082169806798658
2022-02-17,4380.259765625,40538.01171875,13716.7197265625,4539420000.0,26246662813,4278370000.0,0.0127002271622107,0.0384034239989672,0.0189324861094356,-7.7882230299773365,-2.1173138152195015,-2.884222075150311
2022-02-18,4348.8701171875,40030.9765625,13548.0703125,4708060000.0,23310007704,4501940000.0,0.0127276191865447,0.0383765176962834,0.0190018059741306,-1.2507647384577658,-0.71661613961429,-1.2295170961021396
2022-02-19,,40122.15625,,,13736557863,,,0.0381018652190244,,0.22777282826873524,,
2022-02-20,,38431.37890625,,,18340576452,,,0.0331428382299294,,-4.214073972532317,,
2022-02-21,,37075.28125,,,29280402798,,,0.0329767237181896,,-3.5286208687907883,,
2022-02-22,4304.759765625,38286.02734375,13381.51953125,5121900000.0,25493150450,4849170000.0,0.0128016200995551,0.032882694827001,0.0190381557315365,3.2656423712227323,-1.0142945264832837,-1.2293321292873194
2022-02-23,4225.5,37296.5703125,13037.490234375,4797430000.0,21849073843,4639330000.0,0.0131191617953772,0.0332296513988033,0.0194507394981585,-2.5843815613622922,-1.8412122845487655,-2.570928481414869
2022-02-24,4288.7001953125,38332.609375,13473.58984375,6752130000.0,46383802093,6180200000.0,0.0133463765591759,0.0335650980467559,0.0203573869867358,2.7778400368163814,1.4956856067329216,3.344965952305512
2022-02-25,4384.64990234375,39214.21875,13694.6201171875,5177060000.0,26545599159,4628720000.0,0.0140888104632666,0.0337829458954031,0.0206620151113636,2.2998939789759643,2.237267765560347,1.6404705501706252
2022-02-26,,39105.1484375,,,17467554129,,,0.0337767315238094,,-0.2781397053842838,,
2022-02-27,,37709.78515625,,,23450127612,,,0.0343393447895015,,-3.568234201898368,,
2022-02-28,4373.93994140625,43193.234375,13751.400390625,6071370000.0,35690014104,5928130000.0,0.0139102185065889,0.0423553497654749,0.0202785466409732,14.541183928864609,-0.24426034406476171,0.41461736763503954
2022-03-01,4306.259765625,44354.63671875,13532.4599609375,5846230000.0,32479047645,6131350000.0,0.0141125650032995,0.0425045709743345,0.0203628290307818,2.6888524570001016,-1.5473503680411893,-1.5921318808865603
2022-03-02,4386.5400390625,43924.1171875,13752.01953125,5337870000.0,29183112630,5246390000.0,0.0142915486940136,0.0425502122845115,0.0201735463149902,-0.9706302725009275,1.8642691757321028,1.622466062683925
2022-03-03,4363.490234375,42451.7890625,13537.9404296875,5039890000.0,24967782593,5092580000.0,0.0142249869966726,0.0431223388351305,0.0202565960221829,-3.351981142193561,-0.5254666430088317,-1.5567102786323672
2022-03-04,4328.8701171875,39137.60546875,13313.4404296875,5797380000.0,28516271427,5343900000.0,0.0141616889576042,0.0448999295365071,0.0203366919482366,-7.806935036049167,-0.7934042550334475,-1.6583024660655976
2022-03-05,,39400.5859375,,,16975917450,,,0.0449039155910858,,0.671938064683042,,
2022-03-06,,38419.984375,,,19745229902,,,0.0401668336764256,,-2.4887994408395286,,
2022-03-07,4201.08984375,38062.0390625,12830.9599609375,6940470000.0,28546143503,6195370000.0,0.0147623840908658,0.0401851670319092,0.0208066060435055,-0.9316643885282638,-2.951815831344917,-3.624010422385804
2022-03-08,4170.7001953125,38737.26953125,12795.5498046875,7243120000.0,25776583476,6683960000.0,0.0147753207479501,0.0400733846594676,0.0207432165668617,1.7740259990833174,-0.723375351819977,-0.2759743336258724
2022-03-09,4277.8798828125,41982.92578125,13255.5498046875,5662670000.0,32284121034,5396550000.0,0.0154447349823167,0.0424098880062208,0.0214876493600658,8.378639716414904,2.569824789143582,3.594999879032046
2022-03-10,4259.52001953125,39437.4609375,13129.9599609375,4980830000.0,31078064711,5071250000.0,0.015458785913401,0.0438156762308928,0.0215466953100536,-6.063095404577135,-0.4291813651667864,-0.9474510344760545
2022-03-11,4204.31005859375,38794.97265625,12843.8095703125,4938640000.0,26364890465,5288210000.0,0.0156013372434901,0.0438430647817792,0.0217607030367766,-1.6291319622939393,-1.2961545123475138,-2.1793698646173865
2022-03-12,,38904.01171875,,,14616450657,,,0.0437902808747359,,0.2810649293818468,,
2022-03-13,,37849.6640625,,,17300745310,,,0.0438004979635914,,-2.7101257933814904,,
2022-03-14,4173.10986328125,39666.75390625,12581.2197265625,5574920000.0,24322159070,5876710000.0,0.0149045035241953,0.0447671353350602,0.0211629040194678,4.80080837903738,-0.7421002465963666,-2.044485651336314
2022-03-15,4262.4501953125,39338.78515625,12948.6201171875,5392470000.0,23934000868,5440100000.0,0.0150293296912945,0.0447809173570733,0.0208974355842078,-0.8268101563720931,2.140857417087094,2.920228710808659
2022-03-16,4357.85986328125,41143.9296875,13436.5498046875,6309750000.0,39616916192,6552210000.0,0.015586058631851,0.0455644849685277,0.0220779877404885,4.588714481344902,2.238376135718223,3.768198333754036
2022-03-17,4411.669921875,40951.37890625,13614.7802734375,4985090000.0,22009601093,5612090000.0,0.0156639075395301,0.0447010565642692,0.0222200218122438,-0.467993171076464,1.234781757145198,1.3264600759922862
2022-03-18,4463.1201171875,41801.15625,13893.83984375,8278430000.0,34421564942,8149290000.0,0.0151903989663116,0.0448492500020997,0.0214869071526012,2.0750884742987363,1.1662294827948783,2.049681043012841
2022-03-19,,42190.65234375,,,19664853187,,,0.0422942568672602,,0.9317830622209256,,
2022-03-20,,41247.82421875,,,20127946682,,,0.042447130595953,,-2.2346848712323064,,
2022-03-21,4461.18017578125,41077.99609375,13838.4599609375,4869820000.0,24615543271,5673940000.0,0.0151580198186297,0.0424565766655089,0.0212926002840846,-0.4117262624553253,-0.043466036210393355,-0.39859307027647617
2022-03-22,4511.60986328125,42358.80859375,14108.8203125,4754840000.0,32004652376,5445100000.0,0.0152870283632602,0.0419631171724399,0.021574225369775,3.1180014163224357,1.13041136006502,1.9536881439528697
2022-03-23,4456.240234375,42892.95703125,13922.599609375,4550670000.0,25242943069,5024230000.0,0.0153733025743893,0.041331345337216,0.0215781237105785,1.2610091153007819,-1.2272698789159042,-1.3198885448984954
2022-03-24,4520.16015625,43960.93359375,14191.83984375,4131390000.0,31042992291,5149520000.0,0.0153676247015681,0.041182405783848,0.021529452492626,2.4898646221148013,1.434391292056647,1.93383593530696
2022-03-25,4543.06005859375,44348.73046875,14169.2998046875,4305020000.0,30574413034,5585100000.0,0.0150227527207432,0.0407736940157651,0.0211783814552592,0.8821397620525806,0.5066170567449069,-0.15882393904287362
2022-03-26,,44500.828125,,,16950455995,,,0.0405696364753553,,0.3429583093865096,,
2022-03-27,,46820.4921875,,,28160889722,,,0.0413105867102987,,5.212631225612729,,
2022-03-28,4575.52001953125,47128.00390625,14354.900390625,4312260000.0,36362175703,5129500000.0,0.0146105923166057,0.0412779805639734,0.0206177661201188,0.65678873583499,0.7144955276586762,1.3098783178834283
2022-03-29,4631.60009765625,47465.73046875,14619.6396484375,5085910000.0,31397059069,6060890000.0,0.0147137731311969,0.040488056106807,0.0208455930531643,0.7166154611000009,1.2256547427530462,1.8442430849983316
2022-03-30,4602.4501953125,47062.6640625,14442.26953125,4385570000.0,29333883962,5479200000.0,0.014541212066482,0.032536088138269,0.0205318789582557,-0.8491735032190584,-0.629370017469788,-1.2132317995023678
2022-03-31,4530.41015625,45538.67578125,14220.51953125,4823020000.0,33327427106,5453890000.0,0.0148590938745214,0.0328534467674631,0.0207420710740743,-3.2382108229702333,-1.5652540713177343,-1.5354234978109282
2022-04-01,4545.85986328125,46281.64453125,14261.5,4562940000.0,38162644287,5002790000.0,0.0142825429013921,0.0329052510064822,0.0199823305850639,1.6315115388267687,0.34102225843584133,0.28817842175135056
2022-04-02,,45868.94921875,,,29336594194,,,0.0322752318794518,,-0.8917040798352427,,
2022-04-03,,46453.56640625,,,25414397610,,,0.0281516856852447,,1.2745379989237415,,
2022-04-04,4582.64013671875,46622.67578125,14532.5498046875,4547350000.0,32499785455,4630100000.0,0.0142435375569805,0.0281535463007076,0.0200580849754154,0.3640395949819908,0.8090938687879357,1.9005700991305163
2022-04-05,4525.1201171875,45555.9921875,14204.169921875,4800620000.0,29640604055,4727710000.0,0.0143207021522534,0.0280782808255309,0.0204114666268316,-2.287907280900814,-1.2551720801807331,-2.259616428127298
2022-04-06,4481.14990234375,43206.73828125,13888.8203125,4986830000.0,39393395788,5360420000.0,0.0139771201995995,0.0299486006325319,0.0202511625781158,-5.156849392240015,-0.9716916613271898,-2.2201199444210284
2022-04-07,4500.2099609375,43503.84765625,13897.2998046875,4821490000.0,26101973106,4856090000.0,0.0137725563058345,0.0298474551576042,0.0193981868190616,0.6876459247305178,0.4253385628492534,0.0610526451974458
2022-04-08,4488.27978515625,42287.6640625,13711.0,4083200000.0,27215995394,4574080000.0,0.0132318315821881,0.0266603178076708,0.0193530626176541,-2.795577079433975,-0.2651026482054286,-1.3405467774730062
2022-04-09,,42782.13671875,,,16050772496,,,0.0239369102253021,,1.1693070951357853,,
2022-04-10,,42207.671875,,,17654475582,,,0.0238625336421433,,-1.3427680050824398,,
2022-04-11,4412.52978515625,39521.90234375,13411.9599609375,4266290000.0,33949912166,4946680000.0,0.0136163211355141,0.0269460856810663,0.0197484763992058,-6.3632259538124565,-1.687729010355421,-2.181022821548395
2022-04-12,4397.4501953125,40127.18359375,13371.5703125,4152090000.0,30991500854,4991720000.0,0.01330437841733,0.0265403015499932,0.0195444976141719,1.5315083892861292,-0.3417447717741773,-0.30114650323394
2022-04-13,4446.58984375,41166.73046875,13643.58984375,3828150000.0,27691105228,4909720000.0,0.0130304330490999,0.0255629627551602,0.0196756989041192,2.5906300465151855,1.1174577597236057,2.0343125369180592
2022-04-14,4392.58984375,39935.515625,13351.080078125,4083090000.0,24342001973,4642240000.0,0.0131963906185473,0.0261572949007091,0.0198668380368248,-2.9908006531745968,-1.214413784439794,-2.14393549626527
2022-04-15,,40553.46484375,,,21756855753,,,0.0249588486838437,,1.5473675726454417,,
2022-04-16,,40424.484375,,,16833150693,,,0.0249516069598248,,-0.3180504286056762,,
2022-04-17,,39716.953125,,,19087633042,,,0.024818825349746,,-1.7502542356175654,,
2022-04-18,4391.68994140625,40826.21484375,13332.3603515625,3910490000.0,33705182072,4365230000.0,0.0131061189772475,0.0253167509238175,0.0196299908850412,2.7929174608607443,-0.02048682840329885,-0.1402113271207983
2022-04-19,4462.2099609375,41502.75,13619.66015625,4108120000.0,25303206547,4562840000.0,0.0120674334486293,0.0251761390322768,0.0187066121480557,1.6571096753378534,1.6057604355527166,2.1549057864598486
2022-04-20,4459.4501953125,41374.37890625,13453.0703125,4290450000.0,27819532341,4678930000.0,0.0119518738733938,0.0251707402403446,0.0188706348216388,-0.3093074404708074,-0.06184750715809706,-1.2231571260869711
2022-04-21,4393.66015625,40527.36328125,13174.650390625,4636890000.0,35372786395,5233110000.0,0.0115149927366782,0.0247714702521651,0.0181936875431889,-2.0471984048854197,-1.4752948498371943,-2.0695641619913663
2022-04-22,4271.77978515625,39740.3203125,12839.2900390625,4651940000.0,28011716745,4475090000.0,0.012651384133086,0.0248398738705022,0.0187157139411531,-1.9420038833716236,-2.7740054250753654,-2.5454971602217213
2022-04-23,,39486.73046875,,,16138021249,,,0.0243111425581969,,-0.63811726165236,,
2022-04-24,,39469.29296875,,,17964398167,,,0.0242075313775549,,-0.04416040475622163,,
2022-04-25,4296.1201171875,40458.30859375,13004.849609375,5240040000.0,35445730570,4845160000.0,0.0124408468694347,0.0247368780832812,0.0184280696776467,2.5057850055308917,0.5697936985382235,1.2894760520932191
2022-04-26,4175.2001953125,38117.4609375,12490.740234375,4689970000.0,34569088416,5168160000.0,0.0134723630104316,0.0246410279529043,0.0195217370722805,-5.785826787162362,-2.8146308431003852,-3.9532127663313155
2022-04-27,4183.9599609375,39241.12109375,12488.9296875,4769680000.0,30981015184,4810720000.0,0.0128758191974126,0.0253942080954648,0.0187373251277836,2.9478882606909007,0.20980468517017847,-0.014495112707713087
2022-04-28,4287.5,39773.828125,12871.5302734375,4854180000.0,33903704907,5067150000.0,0.0130225860099081,0.0255343197959819,0.0182944312863994,1.3575224570606004,2.474690007293945,3.063517815465322
2022-04-29,4131.93017578125,38609.82421875,12334.6396484375,5084030000.0,30882994649,4733070000.0,0.0143829433681541,0.0258996921919349,0.0195501700305207,-2.926557389929385,-3.6284507106413955,-4.171148368488565
2022-04-30,,37714.875,,,23895713731,,,0.0256241953863154,,-2.317931347419566,,
2022-05-01,,38469.09375,,,27002760110,,,0.025741796124352,,1.9997911964443782,,
2022-05-02,4155.3798828125,38529.328125,12536.01953125,5163790000.0,32922642426,4918240000.0,0.014226847980916,0.0257740718405254,0.0193935151768671,0.1565786170879102,0.5675242812353654,1.6326369359157544
2022-05-03,4175.47998046875,37750.453125,12563.759765625,4582050000.0,27326943244,4547280000.0,0.0142839683890063,0.025663831466625,0.0194203345894436,-2.0215120218891713,0.48371263814863674,0.2212842306591023
2022-05-04,4300.169921875,39698.37109375,12964.8603515625,5136360000.0,36754404490,5498050000.0,0.0152288560085396,0.0276626554053894,0.0200202657343419,5.1599856624237495,2.986242108440229,3.19252033961146
2022-05-05,4146.8701171875,36575.140625,12317.6904296875,5077030000.0,43106256317,5308920000.0,0.0163950213354931,0.0308638350683868,0.0218200846298918,-7.8674020689017965,-3.5649708609806985,-4.9917230446450915
2022-05-06,4123.33984375,36040.921875,12144.66015625,5116940000.0,37795577489,5324480000.0,0.0160986143118876,0.0296815777221811,0.0214409910230718,-1.4606061408683924,-0.5674224842484032,-1.4047298430269972
2022-05-07,,35501.953125,,,24375896406,,,0.0296228750215138,,-1.4954355270636377,,
2022-05-08,,34059.265625,,,36763041910,,,0.030046712155576,,-4.063684876492268,,
2022-05-09,3991.239990234375,30296.953125,11623.25,5954520000.0,63355494961,5939140000.0,0.0168900456315997,0.0358828259692792,0.0225572427078725,-11.046369999353145,-3.2037100632356763,-4.2933285043934895
2022-05-10,4001.050048828125,31022.90625,11737.669921875,5885820000.0,59811038817,6218260000.0,0.0168023781649228,0.0364489558590487,0.0224682258858906,2.396125848050934,0.24578974498534745,0.98440558256081
2022-05-11,3935.179931640625,28936.35546875,11364.240234375,5816140000.0,70388855818,6152370000.0,0.0166395805069005,0.0366589055218546,0.0224274607487342,-6.725839173272163,-1.646320750393837,-3.181463527135442
2022-05-12,3930.080078125,29047.751953125,11370.9599609375,6286450000.0,66989173272,6679470000.0,0.0166556115574532,0.0364435349107474,0.0224741538456112,0.3849706798608521,-0.12959645058717717,0.05913045152083907
2022-05-13,4023.889892578125,29283.103515625,11805.0,5183340000.0,42841124537,5894020000.0,0.017335674796323,0.035978653786074,0.0238975926869278,0.8102229834508146,2.386969542307149,3.8170923172146543
2022-05-14,,30101.265625,,,28579868620,,,0.0364740103157941,,2.7939733537411415,,
2022-05-15,,31305.11328125,,,25835372065,,,0.0372840495897493,,3.9993257135678917,,
2022-05-16,4008.010009765625,29862.91796875,11662.7900390625,4415030000.0,32613897286,4930250000.0,0.0172799658977982,0.0379218068453018,0.0238578641241183,-4.606900155712879,-0.3946400929555671,-1.2046587118805574
2022-05-17,4088.85009765625,30425.857421875,11984.51953125,4841410000.0,29101473475,5093960000.0,0.0177029099023512,0.0382506700312493,0.0242137607687877,1.8850785235190015,2.0169632234863677,2.7585979950759842
2022-05-18,3923.679931640625,28720.271484375,11418.150390625,5103220000.0,31285268319,5064120000.0,0.0189230801812683,0.0386153215057156,0.0252395282949882,-5.605711989808215,-4.03952607874526,-4.725839355913896
2022-05-19,3900.7900390625,30314.333984375,11388.5,5113550000.0,33773447707,5154410000.0,0.0189008233235503,0.0401398702289974,0.0250877661267023,5.550304428240649,-0.5833781800992588,-0.2596777026981911
2022-05-20,3901.360107421875,29200.740234375,11354.6201171875,5130730000.0,30749382605,5434370000.0,0.0188492607049915,0.0404108236532129,0.0250606573797442,-3.6734890846488066,0.014614176965843662,-0.2974920561311878
2022-05-21,,29432.2265625,,,17274840442,,,0.0405263819376176,,0.7927413013061102,,
2022-05-22,,30323.72265625,,,21631532270,,,0.0411507540425959,,3.028979448282265,,
2022-05-23,3973.75,29098.91015625,11535.26953125,4420030000.0,31483454557,4552200000.0,0.0193159261175288,0.0415637039819699,0.0253567216979214,-4.039123144227663,1.8555039930923556,1.5909771722706134
2022-05-24,3941.47998046875,29655.5859375,11264.4501953125,4923190000.0,26616506245,4724430000.0,0.0191780803390262,0.0418699557778782,0.0253963986319011,1.9130468401079792,-0.8120797617175213,-2.3477503945948386
2022-05-25,3978.72998046875,29562.361328125,11434.740234375,4802560000.0,27525063551,4519690000.0,0.019328375106566,0.041389437815565,0.0256764854855064,-0.3143576713387941,0.9450764734207695,1.5117474542464926
2022-05-26,4057.840087890625,29267.224609375,11740.650390625,4709970000.0,36774325352,4672620000.0,0.0196107685150908,0.0403360776099665,0.0259140706529052,-0.9983529917456657,1.9883256167224195,2.6752698354298943
2022-05-27,4158.240234375,28627.57421875,12131.1298828125,4375620000.0,36582005748,4793900000.0,0.0201543663454351,0.0397574849474877,0.026601427535214,-2.185551924250806,2.474226295510973,3.325876158439245
2022-05-28,,28814.900390625,,,35519577634,,,0.0396327187264027,,0.6543557286537771,,
2022-05-29,,29445.95703125,,,18093886409,,,0.0398941340359466,,2.190035821988534,,
2022-05-30,,31726.390625,,,39277993274,,,0.0425964617257213,,7.744470968730455,,
2022-05-31,4132.14990234375,31792.310546875,12081.3896484375,6822640000.0,33538210634,6045500000.0,0.0201681185563607,0.0423518733251051,0.0265997324747682,0.20777630413166825,-0.6274368617659065,-0.41002144775873495
2022-06-01,4101.22998046875,29799.080078125,11994.4599609375,4531800000.0,41135817341,4719900000.0,0.0199005916705737,0.0436353082510048,0.0261967333069538,-6.269536357891181,-0.7482768681131846,-0.7195338452745226
2022-06-02,4176.81982421875,30467.48828125,12316.900390625,4405790000.0,29083562061,4445840000.0,0.0202675548805415,0.0439284129466856,0.0267380318982484,2.243049790035867,1.8431018038486124,2.6882446624324485
2022-06-03,4108.5400390625,29704.390625,12012.73046875,3711110000.0,26175547452,4130040000.0,0.0203046181771313,0.0426700296632026,0.0268431199647402,-2.504629358369581,-1.6347313992415624,-2.4695330174669516
2022-06-04,,29832.9140625,,,16588370958,,,0.0404820959854013,,0.4326748833952898,,
2022-06-05,,29906.662109375,,,17264085441,,,0.0404877028773231,,0.247203631266113,,
2022-06-06,4121.43017578125,31370.671875,12061.3701171875,4332700000.0,31947336829,4647010000.0,0.0197237040613719,0.04162458984257,0.0265235440742159,4.895263002841332,0.3137400778913113,0.40490085550517474
2022-06-07,4160.68017578125,31155.478515625,12175.23046875,4248210000.0,40770974039,4411240000.0,0.0197814395914225,0.0410287489633988,0.0264646501591687,-0.6859698773187373,0.9523393173235029,0.9440084373188107
2022-06-08,4115.77001953125,30214.35546875,12086.26953125,4159470000.0,30242059107,4708980000.0,0.0191886154857509,0.0353898505637372,0.0254927754821953,-3.020730515832104,-1.0793945785935621,-0.7306714869039665
2022-06-09,4017.820068359375,30111.998046875,11754.23046875,4134170000.0,21692004719,5408460000.0,0.0196572145577374,0.0351068723473214,0.0259549590560236,-0.3387708269364409,-2.379869397635359,-2.7472419148148797
2022-06-10,3900.860107421875,29083.8046875,11340.01953125,4889640000.0,29867476527,5152020000.0,0.0196854125875632,0.0332856603483388,0.0259310909748412,-3.414563715680452,-2.9110303335524668,-3.523930712446288
2022-06-11,,28360.810546875,,,27246574439,,,0.0335953687874976,,-2.4858994495164377,,
2022-06-12,,26762.6484375,,,34163220274,,,0.0351248484540296,,-5.635107313782672,,
2022-06-13,3749.6298828125,22487.388671875,10809.23046875,5636890000.0,68204556440,5937320000.0,0.019843259330957,0.0465163103613006,0.0262198658073964,-15.974726027617203,-3.8768430665237275,-4.680671501819644
2022-06-14,3735.47998046875,22206.79296875,10828.349609375,5153890000.0,50913575242,4819890000.0,0.0197720547722589,0.045589377852213,0.0259601223500865,-1.247791405304166,-0.37736797459957394,0.1768779070838944
2022-06-15,3789.989990234375,22572.83984375,11099.150390625,5530480000.0,54912007015,5368500000.0,0.019990673352457,0.0453475848814652,0.0264912891703805,1.6483554177098458,1.4592504858983224,2.50085000040583
2022-06-16,3666.77001953125,20381.650390625,10646.099609375,5644930000.0,31183975654,5696630000.0,0.019724142147118,0.0480566817297601,0.0264698180692074,-9.707194434960298,-3.2511951488163437,-4.081851000349301
2022-06-17,3674.840087890625,20471.482421875,10798.349609375,8520740000.0,27132421514,7452830000.0,0.0188724133885161,0.0474141823559817,0.0253357184499876,0.44074954445947334,0.2200865698254617,1.4301012162795113
2022-06-18,,19017.642578125,,,42009436760,,,0.0470796718407496,,-7.101780974085614,,
2022-06-19,,20553.271484375,,,35329942625,,,0.049842251712002,,8.07475952890373,,
2022-06-20,,20599.537109375,,,30818458597,,,0.0497762835413592,,0.2251010260589048,,
2022-06-21,3764.7900390625,20710.59765625,11069.2998046875,5292260000.0,28970212744,5226260000.0,0.0195573437955973,0.049266786493814,0.0258111285292062,0.539140983048858,2.4477242280086964,2.50918154268005
2022-06-22,3759.889892578125,19987.029296875,11053.080078125,5058990000.0,28574793478,5238180000.0,0.0187457147245161,0.0491644112932263,0.0246345150181972,-3.4937106663198714,-0.13015723144006452,-0.14652893000179912
2022-06-23,3795.72998046875,21085.876953125,11232.1904296875,5098640000.0,26188097173,5258200000.0,0.0188469117410997,0.0503190413187899,0.0247616886878673,5.497803800296652,0.9532217409177868,1.620456472734455
2022-06-24,3911.739990234375,21231.65625,11607.6201171875,8120260000.0,24957784918,9468130000.0,0.0194963027945501,0.0504088817137065,0.0248209733557318,0.6913598955313738,3.056329358583576,3.3424441105246228
2022-06-25,,21502.337890625,,,18372538715,,,0.0505944698413162,,1.2748964915301864,,
2022-06-26,,21027.294921875,,,18027170497,,,0.0505964423096708,,-2.209261947079333,,
2022-06-27,3900.110107421875,20735.478515625,11524.5498046875,4325310000.0,20965695707,5047860000.0,0.019501979652679,0.0504999589775987,0.0248627566835292,-1.3877981325425726,-0.2973071533776239,-0.7156532662280779
2022-06-28,3821.550048828125,20280.634765625,11181.5400390625,4270120000.0,21381535161,5433220000.0,0.0192983200723484,0.0501562698067321,0.0244555122911832,-2.193553187871977,-2.0143036075892073,-2.9763398261811846
2022-06-29,3818.830078125,20104.0234375,11177.8896484375,4211240000.0,23552740328,5650860000.0,0.0192944534015106,0.0474025802346825,0.0243787161075922,-0.8708372798288844,-0.07117454091590814,-0.03264658188628644
2022-06-30,3785.3798828125,19784.7265625,11028.740234375,4840070000.0,26267239923,5654520000.0,0.0188956627861958,0.0472900675617045,0.0238567062349911,-1.588223750298734,-0.8759278267998716,-1.3343253400551203
2022-07-01,3825.330078125,19269.3671875,11127.849609375,4046950000.0,30767551159,4865730000.0,0.0175588514216852,0.0464321372058371,0.0223218080482672,-2.604834458398897,1.0553814029047315,0.8986463811260226
2022-07-02,,19242.255859375,,,18100418740,,,0.0459865354639458,,-0.1406965151537931,,
2022-07-03,,19297.076171875,,,16390821947,,,0.0460623712575007,,0.2848954556089245,,
2022-07-04,,20231.26171875,,,21594638208,,,0.0473142963332337,,4.841073013105235,,
2022-07-05,3831.389892578125,20190.115234375,11322.240234375,5076590000.0,26715546990,5053570000.0,0.0175382301276034,0.0472708147977315,0.0225631343330757,-0.20338071321012174,0.15841285142366157,1.746884005659366
2022-07-06,3845.080078125,20548.24609375,11361.849609375,4417720000.0,24598943708,4851170000.0,0.0175543494377297,0.0462395295145004,0.0225665274719922,1.7737930428710857,0.35731642904301975,0.3498369066551321
2022-07-07,3902.6201171875,21637.587890625,11621.349609375,4057770000.0,25814972520,4685050000.0,0.0174348925794783,0.0477647624768188,0.0227635470849674,5.301385782051415,1.4964587965241805,2.28395911688426
2022-07-08,3899.3798828125,21731.1171875,11635.3095703125,3521620000.0,49899834488,4526570000.0,0.0173766812729121,0.0477240545628143,0.0223074770141076,0.4322538045727464,-0.0830271529819071,0.12012340568636759
2022-07-09,,21592.20703125,,,29641127858,,,0.0477106732475851,,-0.6392223420980114,,
2022-07-10,,20860.44921875,,,28688807249,,,0.0477061712148889,,-3.388990349346599,,
2022-07-11,3854.429931640625,19970.556640625,11372.599609375,3423480000.0,24150249025,4362910000.0,0.0173927620649087,0.0480114681165778,0.0225614020628401,-4.265931997884009,-1.1527461422777274,-2.257868253095774
2022-07-12,3818.800048828125,19323.9140625,11264.73046875,3817210000.0,25810220018,4317860000.0,0.017001078718806,0.0473915633967602,0.0220494806793302,-3.237979740682695,-0.9243878717321574,-0.9485002930735176
2022-07-13,3801.780029296875,20212.07421875,11247.580078125,4109390000.0,33042430345,4433060000.0,0.016252090389714,0.0371454667278317,0.0210889259369301,4.596171114078618,-0.44569025122100925,-0.15224856620029703
2022-07-14,3790.3798828125,20569.919921875,11251.1904296875,4199690000.0,31158743333,4481070000.0,0.0162401032718033,0.0373002739624246,0.0210929312185372,1.7704551212910147,-0.299863390215227,0.032098918500000906
2022-07-15,3863.159912109375,20836.328125,11452.419921875,4143800000.0,25905575359,4369060000.0,0.0166950706388457,0.0372448213889868,0.0213849811071363,1.2951348577769028,1.9201249359436678,1.7885173435206791
2022-07-16,,21190.31640625,,,24302954056,,,0.0322961044449891,,1.6988995331921108,,
2022-07-17,,20779.34375,,,22927802083,,,0.032512797345885,,-1.939436147960416,,
2022-07-18,3830.85009765625,22485.689453125,11360.0498046875,4046870000.0,39974475562,5057920000.0,0.0162841569922192,0.0324457855660839,0.0207425662641257,8.211740099467768,-0.8363571580831342,-0.8065554513161488
2022-07-19,3936.68994140625,23389.43359375,11713.150390625,4041070000.0,48765202697,5302740000.0,0.0169679887349431,0.0301892268596725,0.0211609340674186,4.01919693193753,2.762829164595959,3.1082661784792576
2022-07-20,3959.89990234375,23231.732421875,11897.650390625,4185300000.0,42932549127,5467080000.0,0.0170007925285913,0.0302552215856637,0.0213579772643497,-0.6742410894342465,0.5895806193263242,1.5751526604462551
2022-07-21,3998.949951171875,23164.62890625,12059.6103515625,4132790000.0,33631012204,4680930000.0,0.0170082408419894,0.0302799839778528,0.021436722228569,-0.28884421706671937,0.986137270919718,1.3612768540006925
2022-07-22,3961.6298828125,22714.978515625,11834.1103515625,3979240000.0,31421555646,4721880000.0,0.0169818282712566,0.0297004507922891,0.0216692943573015,-1.9411076794918158,-0.9332466976346709,-1.8698779929550824
2022-07-23,,22465.478515625,,,24021799169,,,0.028315179251926,,-1.0983941711781742,,
2022-07-24,,22609.1640625,,,23565495303,,,0.0283123424818436,,0.6395837363315726,,
2022-07-25,3966.840087890625,21361.701171875,11782.669921875,3568340000.0,35574561406,4346520000.0,0.0164293605459361,0.0301931005003927,0.0210703155629182,-5.517510011323534,0.13151670479691902,-0.4346793139435978
2022-07-26,3921.050048828125,21239.75390625,11562.5703125,3778950000.0,28624673855,4349760000.0,0.0156407796452662,0.0299245194180672,0.0202832816736811,-0.5708686992848544,-1.154320266205866,-1.867994358107039
2022-07-27,4023.610107421875,22930.548828125,12032.419921875,4112180000.0,31758955233,4588480000.0,0.0144231165102011,0.0328561365125602,0.0193417262793378,7.960520302344309,2.6156273782937722,4.0635394784761525
2022-07-28,4072.429931640625,23843.88671875,12162.58984375,4413000000.0,40212386158,4924950000.0,0.0144807570410895,0.0331163167712415,0.0193824121394063,3.9830616243461403,1.2133338697180918,1.0818266210801841
2022-07-29,4130.2900390625,23804.6328125,12390.6904296875,4616360000.0,35887249746,4907410000.0,0.0144704345751339,0.0330370502297373,0.0191868532838777,-0.16462880701044735,1.4207760082581844,1.8754277573103773
2022-07-30,,23656.20703125,,,28148218301,,,0.0328642512632708,,-0.6235163651508224,,
2022-07-31,,23336.896484375,,,23553591896,,,0.0325108793362365,,-1.34979604487393,,
2022-08-01,4118.6298828125,23314.19921875,12368.98046875,4202810000.0,25849159141,4396390000.0,0.0128442175679501,0.0325073819365994,0.017216784303368,-0.09725914343493569,-0.28230841271976725,-0.17521187427524954
2022-08-02,4091.18994140625,22978.1171875,12348.759765625,4727710000.0,28389250717,4792140000.0,0.0129857821764987,0.0327267050990878,0.0171676867061583,-1.4415336683737068,-0.6662395550704803,-0.16347914184267065
2022-08-03,4155.169921875,22846.5078125,12668.16015625,4351760000.0,26288169966,5667990000.0,0.0126023823085262,0.0318301053906275,0.0171989672320127,-0.5727596126613665,1.5638477163140152,2.586497726792847
2022-08-04,4151.93994140625,22630.95703125,12720.580078125,4283320000.0,25120229769,5451470000.0,0.0125961525667728,0.0319081171460296,0.0171623656835913,-0.9434736504108754,-0.07773401640558397,0.4137926994010943
2022-08-05,4145.18994140625,23289.314453125,12657.5498046875,4085940000.0,28881249043,4911300000.0,0.012571512977733,0.0321367603735397,0.0171106815570452,2.909101108565171,-0.16257460597355333,-0.49549842106564324
2022-08-06,,22961.279296875,,,15978259885,,,0.0310107597478876,,-1.4085221654344782,,
2022-08-07,,23175.890625,,,15886817043,,,0.0310370818386412,,0.9346662498644243,,
2022-08-08,4140.06005859375,23809.486328125,12644.4599609375,4221090000.0,28575544847,5238600000.0,0.0114917081708315,0.0313168713516927,0.0162336001239494,2.733856978257987,-0.12375507238541195,-0.10341530511025487
2022-08-09,4122.47021484375,23164.318359375,12493.9296875,3913090000.0,23555719219,5307340000.0,0.0115127684801243,0.0310507423017644,0.0163588926027213,-2.709709734425869,-0.4248692893594086,-1.1904840056636057
2022-08-10,4210.240234375,23947.642578125,12854.7998046875,4546010000.0,32837431722,5196210000.0,0.0112391831738984,0.0301902630622091,0.0157871590044717,3.3815983988709775,2.1290637641290244,2.8883635990728074
2022-08-11,4207.27001953125,23957.529296875,12779.91015625,4630200000.0,37127036580,5815960000.0,0.0112391073522965,0.0293071098573162,0.0158789600821497,0.041284726535173455,-0.07054739583503,-0.5825812114957363
2022-08-12,4280.14990234375,24402.818359375,13047.1904296875,3788010000.0,27265804688,4782610000.0,0.0112809617710375,0.0285178157531503,0.0157747946859488,1.8586602023192844,1.7322368774566943,2.09140964349257
2022-08-13,,24424.068359375,,,22987346289,,,0.0284530553814397,,0.08708010561344626,,
2022-08-14,,24319.333984375,,,22994133555,,,0.028477034388992,,-0.4288162539464846,,
2022-08-15,4297.14013671875,24136.97265625,13128.0498046875,3696830000.0,35123501685,4476040000.0,0.0112159488589844,0.0284795878751524,0.0157626512246242,-0.7498615226969818,0.39695418998517695,0.6197454956740289
2022-08-16,4305.2001953125,23883.291015625,13102.5498046875,4329820000.0,27753685646,5028410000.0,0.0112140219164657,0.0282651169608196,0.0156570395495685,-1.0510085263709001,0.18756797165810912,-0.19424057936537897
2022-08-17,4274.0400390625,23335.998046875,12938.1201171875,3885030000.0,30931623076,5229520000.0,0.0113975175441355,0.0249674415069542,0.0159792166946391,-2.291530796119967,-0.7237794954094601,-1.2549441898795477
2022-08-18,4283.740234375,23212.73828125,12965.33984375,3340330000.0,23747613147,4724350000.0,0.0111960171567091,0.0239230807964962,0.0156056705962667,-0.5281958173694035,0.2269561170191503,0.21038393766603658
2022-08-19,4228.47998046875,20877.552734375,12705.2197265625,3761340000.0,40509610260,4628170000.0,0.0115574088820027,0.0307461080945431,0.0162025198411554,-10.059931398792521,-1.2900001139847905,-2.0062730350480673
2022-08-20,,21166.060546875,,,27595671000,,,0.0309078290820741,,1.3819043648011897,,
2022-08-21,,21534.12109375,,,23102307723,,,0.0309576240136772,,1.7389185203353419,,
2022-08-22,4137.990234375,21398.908203125,12381.5703125,3907430000.0,31666498758,4270980000.0,0.0121172846994761,0.0309207493671298,0.0163733558081143,-0.6279006699941081,-2.14000649197158,-2.547373607288772
2022-08-23,4128.72998046875,21528.087890625,12381.2998046875,3823520000.0,31878280659,3836180000.0,0.0119507609485733,0.0309176352246266,0.0162170566859272,0.6036741981122917,-0.22378626777133093,-0.002184761752122011
2022-08-24,4140.77001953125,21395.01953125,12431.5302734375,3583630000.0,31962253368,3917170000.0,0.0118759758157747,0.0291359986228239,0.0161935712012381,-0.6181150878381003,0.29161604463010526,0.4056962479091597
2022-08-25,4199.1201171875,21600.904296875,12639.26953125,3566870000.0,31028679593,4323470000.0,0.0119921064560139,0.0291653042470253,0.0163602021517048,0.9623023027591993,1.4091605518061545,1.6710674650921797
2022-08-26,4057.659912109375,20260.01953125,12141.7099609375,3832750000.0,42326789564,4530000000.0,0.0134578118044127,0.0277962906853013,0.0180019400150112,-6.207539958496023,-3.3688058719518743,-3.9366165036856526
2022-08-27,,20041.73828125,,,30116729776,,,0.0265897373142594,,-1.0773990107132536,,
2022-08-28,,19616.814453125,,,24366810591,,,0.0267283907428136,,-2.1201944769558057,,
2022-08-29,4030.610107421875,20297.994140625,12017.669921875,3396510000.0,32637854078,4209850000.0,0.0134173977027203,0.0277367592975874,0.0180480073967649,3.472427641744291,-0.6666355799502699,-1.021602718740311
2022-08-30,3986.159912109375,19796.80859375,11883.1396484375,3835860000.0,34483360283,4681520000.0,0.012706120187001,0.0279346972137697,0.0173549429648977,-2.4691382971281484,-1.1028155571448206,-1.119437247919608
2022-08-31,3955.0,20049.763671875,11816.2001953125,4542490000.0,33225232872,4952010000.0,0.0127497083524912,0.0281216723272245,0.0171480654315601,1.2777568511970205,-0.7817025105971265,-0.5633145372805681
2022-09-01,3966.85009765625,20127.140625,11785.1298828125,4152250000.0,30182031010,4792890000.0,0.0126281528250849,0.0281078764758099,0.0169539421365974,0.38592451457939436,0.29962320243361873,-0.26294673402982305
2022-09-02,3924.260009765625,19969.771484375,11630.8603515625,3665850000.0,29123998928,4257410000.0,0.0126660224164518,0.0281139351359038,0.0167750228224313,-0.7818752974256604,-1.0736500458081055,-1.3090185070848248
2022-09-03,,19832.087890625,,,23613051457,,,0.0281021350833118,,-0.6894600364241943,,
2022-09-04,,19986.712890625,,,25245861652,,,0.0275064756663003,,0.7796708085036963,,
2022-09-05,,19812.37109375,,,28813460025,,,0.0274624715873782,,-0.8722884940063236,,
2022-09-06,3908.18994140625,18837.66796875,11544.91015625,4127340000.0,43403978910,4622940000.0,0.0126805920224193,0.0285411480713485,0.0168080765528378,-4.919669232863699,-0.4095056983834944,-0.7389839849719526
2022-09-07,3979.8701171875,19290.32421875,11791.900390625,3890320000.0,35239757134,4445640000.0,0.012943718794814,0.028414881418401,0.016903731534312,2.4029314602578067,1.8341016392734,2.139386370549512
2022-09-08,4006.179931640625,19329.833984375,11862.1298828125,3966850000.0,32194477850,4329910000.0,0.0120946800010191,0.0281923396551261,0.0152464204203102,0.20481649337233954,0.6610721877456038,0.5955739945304739
2022-09-09,4067.360107421875,21381.15234375,12112.3095703125,3901940000.0,48469528171,4401590000.0,0.0122150094942167,0.0336203030930102,0.0156107573637641,10.612188190716765,1.5271449816332883,2.109062115923166
2022-09-10,,21680.5390625,,,36913738894,,,0.0337682277175934,,1.4002365912589188,,
2022-09-11,,21769.255859375,,,34493951963,,,0.0335506622328513,,0.4092001431295067,,
2022-09-12,4110.41015625,22370.44921875,12266.41015625,3814200000.0,50212088965,4146680000.0,0.0120888751648303,0.0340196360494853,0.0154014700964395,2.7616624254801714,1.05842727693497,1.2722642617655877
2022-09-13,3932.68994140625,20296.70703125,11633.5703125,4224550000.0,51091116622,5188380000.0,0.0145190687205759,0.038135620244786,0.0181562324279714,-9.270006906083372,-4.32366134006168,-5.159128348790409
2022-09-14,3946.010009765625,20241.08984375,11719.6796875,4293240000.0,37872380889,4861530000.0,0.0145123836096013,0.0381391316446535,0.0182375482060431,-0.27402074343571003,0.33870120853238816,0.7401801225843663
2022-09-15,3901.35009765625,19701.2109375,11552.3603515625,4441830000.0,36389011503,4805910000.0,0.0142726163579504,0.0383271460031343,0.017624505052034,-2.6672422800232853,-1.1317739184353415,-1.4276784041799329
2022-09-16,3873.330078125,19772.583984375,11448.400390625,7954650000.0,30123362273,7451840000.0,0.0143003156686479,0.0382351066586922,0.0176029078325893,0.3622774615297697,-0.7182134089448455,-0.8999023383428173
2022-09-17,,20127.576171875,,,24957448100,,,0.0384715193939814,,1.7953757980268437,,
2022-09-18,,19419.505859375,,,31254779144,,,0.0339704739551361,,-3.5179114785287124,,
2022-09-19,3899.889892578125,19544.12890625,11535.01953125,3766850000.0,40177002624,4168670000.0,0.0143974582581403,0.033876654986837,0.0177149659329422,0.6417415961943007,0.6857100716286535,0.7566047453750002
2022-09-20,3855.929931640625,18890.7890625,11425.0498046875,4058050000.0,36791346508,4028100000.0,0.0144959304261712,0.0341296575503965,0.0177493454899705,-3.3428956945789956,-1.1272103097361819,-0.953355356396024
2022-09-21,3789.929931640625,18547.400390625,11220.1904296875,4078330000.0,46363793975,4471000000.0,0.0147466863874572,0.0342239175688731,0.0178861108881585,-1.8177571658806957,-1.7116493600784488,-1.7930720522194132
2022-09-22,3757.989990234375,19413.55078125,11066.8095703125,4284600000.0,41135767926,4916470000.0,0.0140683487527783,0.0353989055715092,0.016911416359885,4.669928789927913,-0.8427580979689431,-1.367007630896977
2022-09-23,3693.22998046875,19297.638671875,10867.9296875,5144270000.0,38896078052,5134350000.0,0.0142704031458074,0.0353983585744685,0.0170807797924065,-0.5970680514919002,-1.7232619015461026,-1.7970841690997275
2022-09-24,,18937.01171875,,,26149643168,,,0.0354185920732811,,-1.8687620763186419,,
2022-09-25,,18802.09765625,,,23359966112,,,0.0335875026075807,,-0.7124358610731463,,
2022-09-26,3655.0400390625,19222.671875,10802.919921875,4886140000.0,44148798321,4697730000.0,0.0137137585495289,0.0338431476462042,0.0163540652842129,2.2368473265013344,-1.0340526208282075,-0.5981798511244696
2022-09-27,3647.2900390625,19110.546875,10829.5,4577740000.0,58571439619,4445050000.0,0.0136172874181757,0.0336439932108304,0.016270123785411,-0.5832956039052206,-0.21203598092424114,0.2460453129081941
2022-09-28,3719.0400390625,19426.720703125,11051.6396484375,4684850000.0,53071298734,4556100000.0,0.0143065206154153,0.0331601750953097,0.0169728960367206,1.6544467837213528,1.9672139926234733,2.05124565711714
2022-09-29,3640.469970703125,19573.05078125,10737.509765625,4681810000.0,41037843771,4516630000.0,0.0146154281104284,0.0328945120192825,0.0174530135484901,0.7532412719634118,-2.1126437880238824,-2.842382603896354
2022-09-30,3585.6201171875,19431.7890625,10575.6201171875,5645360000.0,43975248085,4649710000.0,0.0146490698425366,0.0328225722334783,0.0174544616533787,-0.72171538473359,-1.5066695771983274,-1.5077019902302924
2022-10-01,,19312.095703125,,,18719537670,,,0.032822073854474,,-0.6159667490729825,,
2022-10-02,,19044.107421875,,,20765955327,,,0.032882704021916,,-1.3876706359042923,,
2022-10-03,3678.429931640625,19623.580078125,10815.4296875,4806680000.0,30484729489,4415440000.0,0.0156637766023559,0.0333626079544937,0.0180479892746275,3.042792415591977,2.5883894952576147,2.2675698224330354
2022-10-04,3790.929931640625,20336.84375,11176.41015625,5146580000.0,35887278685,5004780000.0,0.0165533582249115,0.0339811565548213,0.0189128150678047,3.6347275524413414,3.0583700679551518,3.337643340857799
2022-10-05,3783.280029296875,20160.716796875,11148.6396484375,4293180000.0,33223790572,4091860000.0,0.0165537191128792,0.0339805618974507,0.0189029223140166,-0.8660486125090072,-0.2017948757084831,-0.2484743081567209
2022-10-06,3744.52001953125,19955.443359375,11073.3095703125,4252100000.0,34711412966,4423320000.0,0.0165691277005359,0.0326659025989082,0.0188572245319789,-1.018185214187517,-1.0245080846639998,-0.6756885189625583
2022-10-07,3639.659912109375,19546.849609375,10652.400390625,4449660000.0,29227315390,4634190000.0,0.0168443723390871,0.0326495869224873,0.0194852631716761,-2.047530303595302,-2.8003617786773516,-3.8011145359464704
2022-10-08,,19416.568359375,,,16437423167,,,0.0326737024471981,,-0.6665076603316944,,
2022-10-09,,19446.42578125,,,16837262532,,,0.0265810159667161,,0.15377290838616275,,
2022-10-10,3612.389892578125,19141.484375,10542.099609375,3834320000.0,27425022774,3989640000.0,0.0159109589923138,0.02647648817138,0.0183975910765527,-1.568110303046133,-0.749246363390188,-1.0354547069698405
2022-10-11,3588.840087890625,19051.41796875,10426.1904296875,4759030000.0,28711532910,4738840000.0,0.0159100783764503,0.0264308083506315,0.0184063533580452,-0.470529894576166,-0.6519175777754405,-1.099488564729767
2022-10-12,3577.030029296875,19157.4453125,10417.099609375,4006830000.0,24950173846,4091030000.0,0.0158516464412473,0.0258237843910854,0.0183770928757966,0.5565325579645286,-0.3290773148014958,-0.08719215684585002
2022-10-13,3669.909912109375,19382.904296875,10649.150390625,5021680000.0,44219840004,5300080000.0,0.0166990152617551,0.0192468863185206,0.0189961203035037,1.1768739552548313,2.596564246086497,2.2275949155863284
2022-10-14,3583.070068359375,19185.65625,10321.3896484375,4243030000.0,38452356727,4393000000.0,0.017113032666273,0.0193114904859212,0.0196602963943894,-1.0176392755898878,-2.366266361565439,-3.0778111883558834
2022-10-15,,19067.634765625,,,16192235532,,,0.0187379937365812,,-0.6151547950047354,,
2022-10-16,,19268.09375,,,17988916650,,,0.018838611800359,,1.0513049302600663,,
2022-10-17,3677.949951171875,19550.7578125,10675.7998046875,4352780000.0,27472552998,4439190000.0,0.0178735190516017,0.0187372409705319,0.0207755087730618,1.4670058500208416,2.6480052302171098,3.4337445665918898
2022-10-18,3719.97998046875,19334.416015625,10772.400390625,4483740000.0,30580012344,5047360000.0,0.0180378486337563,0.0176657093247002,0.0208673867229686,-1.1065647631146036,1.1427569666488724,0.9048557270162183
2022-10-19,3695.159912109375,19139.53515625,10680.509765625,4223800000.0,22425387184,4955090000.0,0.0176631312957917,0.0177122658742584,0.0204151054820273,-1.007947999140535,-0.6672097293450308,-0.8530190270310656
2022-10-20,3665.780029296875,19053.740234375,10614.83984375,4496620000.0,24493974420,4628010000.0,0.0176055685731076,0.0165823813564034,0.0203457371586379,-0.4482602172654282,-0.7950909706564868,-0.614857561259452
2022-10-21,3752.75,19172.46875,10859.7197265625,5078020000.0,32459287866,4706440000.0,0.0179612721868441,0.0162334044755934,0.0204292794985217,0.6231244583192241,2.372481982226482,2.306957866695325
2022-10-22,,19208.189453125,,,16104440957,,,0.0138903745688426,,0.18631248583989013,,
2022-10-23,,19567.0078125,,,22128794335,,,0.0142627871221764,,1.8680488353712166,,
2022-10-24,3797.340087890625,19345.572265625,10952.6103515625,4747930000.0,30202235805,4808710000.0,0.0179953189569715,0.0139756816838955,0.0203295569088375,-1.1316781236911488,1.1881976654619875,0.855368530117695
2022-10-25,3859.110107421875,20095.857421875,11199.1201171875,4843120000.0,47761524910,5141760000.0,0.0164999728811795,0.0154568817271868,0.0186201104226011,3.878330120960949,1.6266654579669915,2.2506941972041616
2022-10-26,3830.60009765625,20770.44140625,10970.990234375,4817310000.0,58895950537,5224440000.0,0.0165271935114991,0.0160570130045922,0.0188704716172232,3.356831063305088,-0.7387716072364547,-2.0370339850394603
2022-10-27,3807.300048828125,20285.8359375,10792.669921875,4687320000.0,49625110402,4773520000.0,0.0164405774763969,0.0166932608839889,0.0189186517373368,-2.33314959115013,-0.6082610618211248,-1.625380286469269
2022-10-28,3901.06005859375,20595.3515625,11102.4501953125,4459410000.0,43994715910,4731940000.0,0.0170157486097297,0.016657095928415,0.0196709947883646,1.525772100068279,2.46263778959277,2.8702839582782413
2022-10-29,,20818.4765625,,,40369840645,,,0.0167053660855879,,1.083375534148523,,
2022-10-30,,20635.603515625,,,31486345556,,,0.0167381463670781,,-0.8784170461560437,,
2022-10-31,3871.97998046875,20495.7734375,10988.150390625,4820620000.0,45668466815,4753740000.0,0.0170251314388014,0.0167489858004438,0.0196736438015358,-0.6776156462742766,-0.745440410765752,-1.0295007199019768
2022-11-01,3856.10009765625,20485.2734375,10890.849609375,4481210000.0,39819303159,4677520000.0,0.0169134706698539,0.0164849925605269,0.0196644846001085,-0.051230074493258115,-0.4101230608784645,-0.885506457328944
2022-11-02,3759.68994140625,20159.50390625,10524.7998046875,4899000000.0,55552169483,5436420000.0,0.01725746771669,0.0159661294596867,0.0203381227870641,-1.5902620594443806,-2.500198485734284,-3.361076663591045
2022-11-03,3719.889892578125,20209.98828125,10342.9404296875,4625290000.0,43228750179,5102190000.0,0.0172976949731956,0.0145591506229649,0.0204212587446715,0.25042468919260763,-1.058599231542967,-1.7279129140205018
2022-11-04,3770.550048828125,21147.23046875,10475.25,5400180000.0,64072727950,5453750000.0,0.0171675926855664,0.0166626345951594,0.0203706327985301,4.63751969796804,1.3618724670070526,1.2792258759678266
2022-11-05,,21282.69140625,,,37846047609,,,0.016531638133989,,0.6405611254872046,,
2022-11-06,,20926.486328125,,,35082693210,,,0.0163639820413317,,-1.6736843631552811,,
2022-11-07,3806.800048828125,20602.81640625,10564.51953125,4341620000.0,53510852236,4456690000.0,0.0171098969505394,0.0166108661275941,0.020425199568398,-1.5466997985227438,0.9613981920559844,0.8521947566883847
2022-11-08,3828.110107421875,18541.271484375,10616.2001953125,4607640000.0,118992465607,5134500000.0,0.0171137064880294,0.0257012245395645,0.0204430733332523,-10.006131594948432,0.5597892802462701,0.48919086106686827
2022-11-09,3748.570068359375,15880.7802734375,10353.169921875,4645010000.0,102905151606,4977460000.0,0.0172514839660936,0.0379701467111559,0.020517370406516,-14.349022466876315,-2.077788695478977,-2.4776310600627016
2022-11-10,3956.3701171875,17586.771484375,11114.150390625,5781260000.0,83202283721,6433000000.0,0.0193488789470994,0.0428102515729002,0.0238598094990175,10.742489862358795,5.543448436034493,7.350217126661285
2022-11-11,3992.929931640625,17034.29296875,11323.330078125,5593310000.0,55871616488,5867750000.0,0.0190788461190657,0.0431077976901059,0.0238604926908854,-3.1414436476635332,0.9240746788147902,1.8821023663351477
2022-11-12,,16799.185546875,,,29717699419,,,0.0430413410990927,,-1.3802006476365758,,
2022-11-13,,16353.365234375,,,27209183682,,,0.0432214554686153,,-2.6538209918333333,,
2022-11-14,3957.25,16618.19921875,11196.2197265625,4561930000.0,49630243054,5004060000.0,0.0187465300785606,0.0433967370575772,0.0236721102064315,1.6194463988263186,-0.8935777048800997,-1.1225527356838128
2022-11-15,3991.72998046875,16884.61328125,11358.41015625,5015310000.0,36599436183,5617310000.0,0.0180501303442595,0.0434731518042899,0.0230523007152877,1.6031463998783302,0.8713116550319144,1.4486177803630484
2022-11-16,3958.7900390625,16669.439453125,11183.66015625,4165320000.0,33925512989,4585190000.0,0.0181309830580412,0.0433485544587879,0.0232330197734238,-1.27437818409466,-0.8252046497990273,-1.538507569246772
2022-11-17,3946.56005859375,16687.517578125,11144.9599609375,4051780000.0,27868914022,4354360000.0,0.0180165270406859,0.0433494222891319,0.0232070251494301,0.10845070736082985,-0.30893228355314273,-0.3460423043244232
2022-11-18,3965.340087890625,16697.77734375,11146.0595703125,4037360000.0,26862218609,4175420000.0,0.0170963661960256,0.0433491696254188,0.0220106995051747,0.06148167681003791,0.47585819088147296,0.009866427325477822
2022-11-19,,16711.546875,,,16106223492,,,0.0433602770652161,,0.08246325823211276,,
2022-11-20,,16291.83203125,,,21313378652,,,0.0434787207503482,,-2.5115259939095247,,
2022-11-21,3949.93994140625,15787.2841796875,11024.509765625,3850690000.0,37429485518,3977130000.0,0.0170331240657529,0.0437110857765709,0.0220213234211873,-3.0969374751391165,-0.3883688698329779,-1.0905181685126442
2022-11-22,4003.580078125,16189.76953125,11174.41015625,3887990000.0,30726828760,4186360000.0,0.0170397131352727,0.043859498699783,0.0219953086357151,2.5494274188105903,1.3579987927526016,1.3597011913617951
2022-11-23,4027.260009765625,16610.70703125,11285.3203125,3279720000.0,32958875628,4431530000.0,0.0169931750272538,0.044231966220652,0.0220291995325729,2.600021570334854,0.5914689147847652,0.9925370082103813
2022-11-24,,16604.46484375,,,26129037414,,,0.0434900700725113,,-0.03757930043709612,,
2022-11-25,4026.1201171875,16521.841796875,11226.3603515625,1706460000.0,18678255976,2184080000.0,0.01650463444707,0.0428522978649564,0.021763687857827,-0.49759536156385176,-0.02830441976333642,-0.5224482717800627
2022-11-26,,16464.28125,,,18000008764,,,0.0427509007338223,,-0.34839061881034583,,
2022-11-27,,16444.626953125,,,20443898509,,,0.0425633188254081,,-0.11937537130568554,,
2022-11-28,3963.93994140625,16217.322265625,11049.5,3615430000.0,27743025156,4271360000.0,0.0160970881643977,0.0424362477489009,0.0211308979304054,-1.3822428939733733,-1.5444192913123267,-1.575402410255644
2022-11-29,3957.6298828125,16444.982421875,10983.7802734375,3546040000.0,23581685468,4592830000.0,0.0155307867406768,0.0426301114253623,0.0203186993257962,1.4038085481754337,-0.15918653377758885,-0.5947755695959067
2022-11-30,4080.110107421875,17168.56640625,11468.0,6579360000.0,29523576583,6653460000.0,0.0162832783822266,0.0436214278693708,0.0216946512702361,4.400028931697086,3.0947872397389053,4.408497935210032
2022-12-01,4076.570068359375,16967.1328125,11482.4501953125,4527130000.0,22895392882,5158120000.0,0.0161971927175133,0.0436220032486301,0.0216022562559858,-1.1732697360023692,-0.08676332180498347,0.12600449348185716
2022-12-02,4071.699951171875,17088.66015625,11461.5,4012620000.0,19539705127,4523010000.0,0.0160815204957404,0.0436485150501658,0.0215572859943098,0.7162515027905547,-0.1194660488065602,-0.18245404905873341
2022-12-03,,16908.236328125,,,16217776704,,,0.0436312008424005,,-1.0558102652595158,,
2022-12-04,,17130.486328125,,,16824520830,,,0.042711465677975,,1.3144481522908036,,
2022-12-05,3998.840087890625,16974.826171875,11239.9404296875,4280820000.0,22209086834,4510030000.0,0.0160915879671444,0.0426373975472573,0.0215714208675718,-0.908673304822849,-1.7894212283564803,-1.9330765633861158
2022-12-06,3941.260009765625,17089.50390625,11014.8896484375,4368380000.0,19889922369,4713330000.0,0.0162612547837349,0.0426769551104602,0.0218690404162238,0.6755753090715411,-1.4399194981406072,-2.002241761491763
2022-12-07,3933.919921875,16848.126953125,10958.5498046875,4118050000.0,19675404389,4343860000.0,0.0160230168756077,0.0426679491636169,0.0214842772338341,-1.412428087141393,-0.18623708845491027,-0.5114880452569248
2022-12-08,3963.510009765625,17233.474609375,11082.0,4006900000.0,20496603770,4281800000.0,0.0159957464589533,0.038668862824289,0.0212537348353669,2.2871839541696026,0.752178195750397,1.1265194529635147
2022-12-09,3934.3798828125,17133.15234375,11004.6201171875,3888260000.0,20328426366,4337440000.0,0.0160173300289495,0.0258595329844611,0.0210674121587396,-0.5821360340788395,-0.7349578247904498,-0.6982483560052377
2022-12-10,,17128.724609375,,,12706781969,,,0.0177628275593033,,-0.025843080632004245,,
2022-12-11,,17104.193359375,,,14122486832,,,0.0167701965463065,,-0.1432170261326582,,
2022-12-12,3990.56005859375,17206.4375,11143.740234375,3904130000.0,19617581341,4829990000.0,0.0156117158687752,0.0165880529938551,0.0205446509063131,0.5977723618808328,1.4279296218109305,1.2641973617082636
2022-12-13,4019.64990234375,17781.318359375,11256.8095703125,5079360000.0,26634741631,6126890000.0,0.0155754753148742,0.0167351822578067,0.0205243620327407,3.3410801008343594,0.728966443879342,1.0146443972977481
2022-12-14,3995.320068359375,17815.650390625,11170.8896484375,4472340000.0,25534481470,5485150000.0,0.0156028320909218,0.0165464857024295,0.0205055013748346,0.19307922256450727,-0.6052724634100337,-0.7632706348839391
2022-12-15,3895.75,17364.865234375,10810.5302734375,4493900000.0,20964448341,5536070000.0,0.0155980143884939,0.0170989216047456,0.0204245646150416,-2.530276169357326,-2.4921675023714007,-3.225878925859804
2022-12-16,3852.360107421875,16647.484375,10705.41015625,7493660000.0,24031608960,7968170000.0,0.0156129250120605,0.0186810470833368,0.0202346250445598,-4.131220425223303,-1.1137750774080746,-0.9723863171244296
2022-12-17,,16795.091796875,,,14463581825,,,0.0187505372941915,,0.8866650272798315,,
2022-12-18,,16757.9765625,,,10924354698,,,0.0187555583304129,,-0.22098857704312413,,
2022-12-19,3817.659912109375,16439.6796875,10546.0302734375,3969610000.0,17221074814,4631820000.0,0.0155405054298991,0.0190822892266319,0.0203208890561758,-1.899375344110854,-0.9007516001852345,-1.4887788556092962
2022-12-20,3821.6201171875,16906.3046875,10547.1103515625,3985370000.0,22722096615,4707190000.0,0.0154449802920007,0.0191721180287404,0.0202609182104068,2.8384068842582266,0.10373383615349674,0.010241561013923928
2022-12-21,3878.43994140625,16817.53515625,10709.3701171875,3775200000.0,14882945045,4401420000.0,0.015646244672226,0.0182038749903872,0.0204361550878923,-0.5250676176186131,1.4867993802734736,1.538428633212896
2022-12-22,3822.389892578125,16830.341796875,10476.1201171875,3956950000.0,16441573050,5125070000.0,0.0153840488266525,0.0176751209223289,0.0203120805176706,0.07615052090579333,-1.445169956861636,-2.177999242230466
2022-12-23,3844.820068359375,16796.953125,10497.8603515625,2819280000.0,15329265213,3544680000.0,0.0117034782121225,0.017070880160003,0.0153519081302206,-0.1983838015767403,0.5868102525282026,0.20752181276857407
2022-12-24,,16847.755859375,,,9744636213,,,0.0170770099323252,,0.3024520816182319,,
2022-12-25,,16841.986328125,,,11656379938,,,0.0170467031276874,,-0.0342451024228807,,
2022-12-26,,16919.8046875,,,11886957804,,,0.0170431835377583,,0.4620497716771643,,
2022-12-27,3829.25,16717.173828125,10353.23046875,3030300000.0,15748580239,3827290000.0,0.0115563015755651,0.0172038362766218,0.0149949485864617,-1.1975957353969946,-0.4049622110409712,-1.3777081992805584
2022-12-28,3783.219970703125,16552.572265625,10213.2900390625,3083520000.0,17005713920,3842970000.0,0.0116405302754058,0.0171025466928166,0.0150451414099104,-0.9846255365429935,-1.2020638322615351,-1.3516595627798833
2022-12-29,3849.280029296875,16642.341796875,10478.08984375,3003680000.0,14472237479,4154100000.0,0.0120019501885454,0.0169446815906581,0.0156217927633903,0.5423297950882588,1.7461331644819111,2.5926983731464404
2022-12-30,3839.5,16602.5859375,10466.48046875,2979870000.0,15929162910,3959030000.0,0.0119308045030707,0.0149082349615641,0.0154345362234479,-0.2388838052975517,-0.25407424823445934,-0.11079667356473921
2022-12-31,,16547.49609375,,,11239186456,,,0.0147785000098976,,-0.33181483870876605,,
2023-01-01,,16625.080078125,,,9244361700,,,0.0147395241102101,,0.46885633896178724,,
2023-01-02,,16688.470703125,,,12097775227,,,0.0146472110082716,,0.38129515588565255,,
2023-01-03,3824.139892578125,16679.857421875,10386.98046875,3959140000.0,13903079207,4780650000.0,0.0119374530778302,0.0144239184944096,0.0154648574817761,-0.0516121662866742,-0.4000548879248611,-0.7595676525395945
2023-01-04,3852.969970703125,16863.23828125,10458.759765625,4414080000.0,18421743322,5085380000.0,0.0119942588032682,0.0144936392581277,0.0155513037466806,1.0994150293785143,0.7538970575044379,0.6910506579939524
2023-01-05,3808.10009765625,16836.736328125,10305.240234375,3893450000.0,13692758566,4764270000.0,0.01214431360647,0.0144354570216546,0.0156416509916099,-0.15715814888571655,-1.1645528874622113,-1.4678559857027706
2023-01-06,3895.080078125,16951.96875,10569.2900390625,3923560000.0,14413662913,5199780000.0,0.0126280340551464,0.0142555572865643,0.0161899177337281,0.6844106816741524,2.284078102943865,2.562286746180975
2023-01-07,,16955.078125,,,7714767174,,,0.0136134506454972,,0.018342264818071996,,
2023-01-08,,17091.14453125,,,9768827914,,,0.0136620522695808,,0.8025112314249405,,
2023-01-09,3892.090087890625,17196.5546875,10635.650390625,4311770000.0,18624736866,5132190000.0,0.0125624960728115,0.0137091928055268,0.0161128109854711,0.6167530562816603,-0.07676325452631305,0.627860067395658
2023-01-10,3919.25,17446.29296875,10742.6298828125,3851030000.0,15808338949,4710680000.0,0.0126486698136221,0.0139501496572021,0.0162462756872668,1.4522576515372032,0.6978233159061986,1.005857547572253
2023-01-11,3969.610107421875,17934.896484375,10931.669921875,4303360000.0,18372283782,5284390000.0,0.0125732132125571,0.0147703834681108,0.0163657311594588,2.800615102017323,1.2849424614881588,1.7597184406860311
2023-01-12,3983.169921875,18869.587890625,11001.099609375,4440260000.0,34971338710,5681240000.0,0.0125838764426744,0.0163657736008544,0.0163744148616543,5.211579598824612,0.34159058663651987,0.6351242581983385
2023-01-13,3999.090087890625,19909.57421875,11079.16015625,3939700000.0,29225029694,5077990000.0,0.0112452253256776,0.0188897396628766,0.0142934764493756,5.511441660269112,0.39968583635343613,0.7095704033847516
2023-01-14,,20976.298828125,,,38967784639,,,0.0200316119531009,,5.357847423830919,,
2023-01-15,,20880.798828125,,,19298407543,,,0.0179620222300613,,-0.4552757413617381,,
2023-01-16,,21169.6328125,,,26792494050,,,0.017996380728793,,1.3832516023570829,,
2023-01-17,3990.969970703125,21161.51953125,11095.1103515625,4235560000.0,24999983362,5138410000.0,0.0112479471831312,0.0179646564112097,0.014294556397655,-0.03832509199314105,-0.20304911890052235,0.14396574368051862
2023-01-18,3928.860107421875,20688.78125,10957.009765625,4298710000.0,30005625418,5288630000.0,0.0115759331214271,0.0181512672235631,0.0144448386557277,-2.2339524368838015,-1.5562598500411085,-1.2446977232457357
2023-01-19,3898.85009765625,21086.79296875,10852.26953125,3991500000.0,21152848261,4660800000.0,0.0112033936287614,0.0178775331579006,0.0141282938536842,1.9238045679950355,-0.7638350296294338,-0.9559198779177658
2023-01-20,3972.610107421875,22676.552734375,11140.4296875,4013360000.0,28799154319,5980110000.0,0.0114472329777438,0.0213130445984992,0.0145070096348677,7.539125404137925,1.8918401045981525,2.655298556861485
2023-01-21,,22777.625,,,32442278429,,,0.0212687430847435,,0.4457126566322689,,
2023-01-22,,22720.416015625,,,24746386230,,,0.0212793133399216,,-0.2511630794474806,,
2023-01-23,4019.81005859375,22934.431640625,11364.41015625,3945210000.0,26518700512,5997810000.0,0.0116303857220008,0.0212383138121609,0.014894208290486,0.9419529327844067,1.188134498366522,2.0105191184978777
2023-01-24,4016.949951171875,22636.46875,11334.26953125,3320430000.0,26405069715,5670860000.0,0.0115618768232453,0.0215824334747306,0.0147882121211317,-1.2991945703908492,-0.07115031258156934,-0.26521944021373756
2023-01-25,4016.219970703125,23117.859375,11313.3603515625,3724020000.0,30685366709,5485570000.0,0.0114682473447798,0.0216531138635645,0.0147247453940745,2.1266153759075257,-0.01817250594663422,-0.184477523053872
2023-01-26,4060.429931640625,23032.77734375,11512.41015625,3809590000.0,26357839322,5732890000.0,0.0113517647371602,0.0214065646683305,0.014883812064011,-0.3680359408276712,1.1007853469181317,1.7594224748618492
2023-01-27,4070.56005859375,23078.728515625,11621.7099609375,3907760000.0,25383335641,6243800000.0,0.0112881247893137,0.0211206257305417,0.0148707879799655,0.19950339114214177,0.2494840970949097,0.9494085356936521
2023-01-28,,23031.08984375,,,14712928379,,,0.0212336167146111,,-0.20641809553220147,,
2023-01-29,,23774.56640625,,,27423687259,,,0.0214154005827194,,3.2281432079158012,,
2023-01-30,4017.77001953125,22840.138671875,11393.8095703125,3802000000.0,27205595568,5122320000.0,0.0114966288619043,0.0232911486496749,0.0152761931560257,-3.9303670923283462,-1.296874098468337,-1.9609884551499812
2023-01-31,4076.60009765625,23139.283203125,11584.5498046875,4679320000.0,22837828665,5695150000.0,0.0107314975088531,0.0232660020055814,0.0141683527138551,1.3097316769725253,1.4642470285510134,1.6740690038561823
2023-02-01,4119.2099609375,23723.76953125,11816.3203125,4856930000.0,26683255504,6336040000.0,0.0105725292778111,0.0233598938943257,0.0143273497439026,2.525948288865165,1.045230394459029,2.000686360023396
2023-02-02,4179.759765625,23471.87109375,12200.8203125,5624360000.0,32066936882,7038210000.0,0.0105837423083076,0.0236156885523524,0.0148208858749161,-1.061797692681965,1.4699373244309921,3.2539740784891746
2023-02-03,4136.47998046875,23449.322265625,12006.9501953125,4694510000.0,27083066007,5954490000.0,0.0108603870413776,0.0237231657463738,0.0152842333397267,-0.09606745041729203,-1.0354610691310495,-1.5889924793735077
2023-02-04,,23331.84765625,,,15639298538,,,0.0237944094069265,,-0.5009723012217249,,
2023-02-05,,22955.666015625,,,19564262605,,,0.0242976347689018,,-1.612309690031044,,
2023-02-06,4111.080078125,22760.109375,11887.4501953125,4114240000.0,23825006542,5538350000.0,0.0107261140175541,0.0244724480058625,0.0153563303054506,-0.8518883333286542,-0.6140463017754394,-0.9952568975146847
2023-02-07,4164.0,23264.291015625,12113.7900390625,4355860000.0,27187964471,5720240000.0,0.0104336739999972,0.0245684449971926,0.0148200401183196,2.2151986720186922,1.287251059802652,1.9040234872172324
2023-02-08,4117.85986328125,22939.3984375,11910.51953125,4029820000.0,25371367758,5052870000.0,0.0107226139639592,0.0249596374151515,0.0153391026719887,-1.3965290320121615,-1.1080724476164705,-1.678009171011119
2023-02-09,4081.5,21819.0390625,11789.580078125,4270200000.0,32572572185,5536290000.0,0.0108559310872795,0.0272068465252126,0.0152040673089165,-4.883996317743455,-0.8829796177735161,-1.015400317405868
2023-02-10,4090.4599609375,21651.18359375,11718.1201171875,3891520000.0,27078406594,4885030000.0,0.0105187499515179,0.0270683863477425,0.0149578840524142,-0.7693073387383564,0.21952617756952897,-0.6061281272442431
2023-02-11,,21870.875,,,16356226232,,,0.0257474463318092,,1.0146854341645195,,
2023-02-12,,21788.203125,,,17821046406,,,0.024080561083699,,-0.3779998514005456,,
2023-02-13,4137.2900390625,21808.1015625,11891.7900390625,3448620000.0,23918742607,4752880000.0,0.0102860612521706,0.0222165751837295,0.0145572040525205,0.09132665684197239,1.1448609342766147,1.4820629942192687
2023-02-14,4136.1298828125,22220.8046875,11960.150390625,3929200000.0,26792596581,5032430000.0,0.0102567663283403,0.0224113643802436,0.0145244190031234,1.8924303145655852,-0.02804145319874607,0.5748533344260842
2023-02-15,4147.60009765625,24307.841796875,12070.58984375,4075980000.0,32483312909,5056640000.0,0.0101832839837515,0.0274978151971113,0.0143661139470611,9.392266116037785,0.2773175690496066,0.9233951875017299
2023-02-16,4090.409912109375,23623.474609375,11855.830078125,4143660000.0,39316664596,5159410000.0,0.0105768277753982,0.0281476190812022,0.0149576532837582,-2.8154173176657027,-1.3788741489130674,-1.779198600938292
2023-02-17,4079.090087890625,24565.6015625,11787.26953125,4045480000.0,41358451255,4925230000.0,0.0102995762149565,0.0284154178852864,0.0146515415612271,3.9880964536483487,-0.2767405825327751,-0.5782855053017344
2023-02-18,,24641.27734375,,,19625427158,,,0.028306486403808,,0.30805588480080637,,
2023-02-19,,24327.642578125,,,25555105670,,,0.0254353300409456,,-1.2728023845912761,,
2023-02-20,,24829.1484375,,,28987376573,,,0.0256468418808165,,2.0614650916729094,,
2023-02-21,3997.340087890625,24436.353515625,11492.2998046875,4121590000.0,31252098714,5002540000.0,0.0103579302722447,0.025860518520746,0.0150810331542638,-1.5819911136450981,-2.0041234255327334,-2.5024432145246744
2023-02-22,3991.050048828125,24188.84375,11507.0703125,4079320000.0,30199996781,4671270000.0,0.0103633595747057,0.0259257171312986,0.0150689284526393,-1.012875204423358,-0.1573556145886834,0.12852525659377
2023-02-23,4012.320068359375,23947.4921875,11590.400390625,3952940000.0,30476264066,4714580000.0,0.0103342834440285,0.0258714032556157,0.0150303201556876,-0.997780485063493,0.5329429416074394,0.7241641517952591
2023-02-24,3970.0400390625,23198.126953125,11394.9404296875,3877700000.0,26811744928,4432650000.0,0.0102800368411959,0.0263162048676843,0.0151671888076841,-3.1292012896705357,-1.0537551485558128,-1.6863952439089114
2023-02-25,,23175.375,,,16100721565,,,0.0263073576838551,,-0.09807668166905703,,
2023-02-26,,23561.212890625,,,16644534842,,,0.0264743817595143,,1.6648614774302573,,
2023-02-27,3982.239990234375,23522.87109375,11466.98046875,3836950000.0,22660763494,4494000000.0,0.0102763200845203,0.0264729312436383,0.0151668640628978,-0.16273269569350157,0.30730045671669703,0.6322107562301227
2023-02-28,3970.14990234375,23147.353515625,11455.5400390625,5043400000.0,20535363434,5340950000.0,0.010262179359779,0.0259736456550985,0.0151340246704744,-1.596393470118429,-0.30360018281855305,-0.09976845882556651
2023-03-01,3951.389892578125,23646.55078125,11379.48046875,4249480000.0,24662841200,4927530000.0,0.0102902821669839,0.0251858404319137,0.0152001411023815,2.156606219747892,-0.4725264845680033,-0.663954471401107
2023-03-02,3981.35009765625,23475.466796875,11462.98046875,4244900000.0,20386398516,5313760000.0,0.0099642221791834,0.0251286852012606,0.0150290234467954,-0.7235050302163204,0.7582194086794392,0.7337769086146251
2023-03-03,4045.639892578125,22362.6796875,11689.009765625,4084730000.0,26062404610,5102210000.0,0.010234213036924,0.0262209869646582,0.0152262603801073,-4.740212916759257,1.6147737160748799,1.9718196108873487
2023-03-04,,22353.349609375,,,11166012913,,,0.0261703864244545,,-0.04172164631153219,,
2023-03-05,,22435.513671875,,,13317001733,,,0.0261880987188625,,0.36756935285233716,,
2023-03-06,4048.419921875,22429.7578125,11675.740234375,4000870000.0,17353192895,4982880000.0,0.0096851729812414,0.0261802807730895,0.0145605831092214,-0.025655126328649747,0.06871667698291617,-0.11352143180701768
2023-03-07,3986.3701171875,22219.76953125,11530.330078125,3922500000.0,22765452204,5422820000.0,0.0098766860441898,0.0260751645826828,0.0143545544778135,-0.9362039617430651,-1.5326919115337678,-1.2454041742200883
2023-03-08,3992.010009765625,21718.080078125,11576.0,3535570000.0,22536575684,5085970000.0,0.0098810934716251,0.0263452140285775,0.0143554333642988,-2.257851740628636,0.141479401368394,0.3960851212893246
2023-03-09,3918.320068359375,20363.021484375,11338.349609375,4445260000.0,30364664171,5061790000.0,0.0104379115357652,0.028333183576715,0.0148763066736945,-6.239311158608585,-1.845935787384867,-2.052957762828267
2023-03-10,3861.590087890625,20187.244140625,11138.8896484375,5518190000.0,39578257695,6193500000.0,0.0104858787189682,0.0282870832008505,0.0148469568054999,-0.8632183779056501,-1.447813845705137,-1.7591622044585642
2023-03-11,,20632.41015625,,,30180288176,,,0.0272999445827832,,2.2051846825845045,,
2023-03-12,,22163.94921875,,,29279035521,,,0.0303807855631021,,7.4229770099644155,,
2023-03-13,3855.760009765625,24197.533203125,11188.83984375,6558020000.0,49466362688,6201490000.0,0.0104564744219344,0.0342648936787882,0.0147525534400552,9.175187888693825,-0.1509761003189447,0.44843065053172815
2023-03-14,3919.2900390625,24746.07421875,11428.150390625,5665870000.0,54622230164,5533120000.0,0.0107397321901968,0.0344098314545156,0.0148728637446156,2.2669294883089997,1.6476655480623936,2.13883253506999
2023-03-15,3891.929931640625,24375.9609375,11434.0498046875,6594010000.0,43655701450,5912430000.0,0.01039160334514,0.034586439669341,0.0145437491295576,-1.4956444322371198,-0.698088356543769,0.05162177483539754
2023-03-16,3960.280029296875,25052.7890625,11717.2802734375,5695790000.0,33866061747,5498920000.0,0.0107424097581903,0.0347515536558202,0.0147902073867281,2.7766213062754286,1.7562006217166637,2.4770791940567527
2023-03-17,3916.639892578125,27423.9296875,11630.509765625,9354280000.0,50730261335,7903090000.0,0.0104503933373901,0.0348079575120321,0.013518312765908,9.464577453171529,-1.1019457310067593,-0.740534542040483
2023-03-18,,26965.87890625,,,35723036817,,,0.0344941750161012,,-1.6702594648891012,,
2023-03-19,,28038.67578125,,,37769448859,,,0.0344909279599389,,3.9783493752593824,,
2023-03-20,3951.570068359375,27767.236328125,11675.5400390625,5347140000.0,44774027664,4970630000.0,0.0105189656354132,0.0345870645889412,0.0132720150903411,-0.9680894177838351,0.8918403718310097,0.38717368666496554
2023-03-21,4002.8701171875,28175.81640625,11860.1103515625,4920240000.0,36102192830,4829870000.0,0.0108010933737196,0.0344901844664796,0.013493474462389,1.4714466837708162,1.2982193897784988,1.5808289114035645
2023-03-22,3936.969970703125,27307.4375,11669.9599609375,4533010000.0,33382021890,4981590000.0,0.0108503321339299,0.0349770159256269,0.0133123773283424,-3.0820008681536337,-1.6463223775713631,-1.6032767401691905
2023-03-23,3948.719970703125,28333.97265625,11787.400390625,4991600000.0,24220433689,4917460000.0,0.0107399074208591,0.0353102284982654,0.0131255203514328,3.7591779025402783,0.2984528733375402,1.00634818011891
2023-03-24,3970.989990234375,27493.28515625,11823.9599609375,4583970000.0,25980310960,4363650000.0,0.0107182010914645,0.0357889315921327,0.0130050985950153,-2.967065403073854,0.5639807253104534,0.31015804249405754
2023-03-25,,27494.70703125,,,13383005987,,,0.0356972863789659,,0.00517171735541222,,
2023-03-26,,27994.330078125,,,13878363192,,,0.0350993147563589,,1.8171608313816145,,
2023-03-27,3977.530029296875,27139.888671875,11768.83984375,4233540000.0,18188895178,4330320000.0,0.0107131938571732,0.0357350425966393,0.0129845748789771,-3.052194511765327,0.16469543057482383,-0.46617307035543565
2023-03-28,3971.27001953125,27268.130859375,11716.080078125,4014600000.0,17783600385,4036910000.0,0.0104576559193427,0.0356718550680788,0.0127121448618802,0.4725228944394866,-0.15738434957162095,-0.44830048097747044
2023-03-29,4027.81005859375,28348.44140625,11926.240234375,4145250000.0,20684945906,4493540000.0,0.0108337315154048,0.0361795918335299,0.0131000209149162,3.9618063755315402,1.423726887983645,1.7937753484835728
2023-03-30,4050.830078125,28033.5625,12013.4697265625,3930860000.0,22435349951,4738880000.0,0.0108809051111805,0.0360859394443285,0.0130580225027393,-1.11074503792854,0.5715269388667954,0.7314081426607499
2023-03-31,4109.31005859375,28478.484375,12221.91015625,4525120000.0,19001327598,5521150000.0,0.0109291733948509,0.0360204363329032,0.0129832652840433,1.5871042968584437,1.4436542471763847,1.7350560198826193
2023-04-01,,28411.03515625,,,10876469901,,,0.0359684567308221,,-0.23684272611504964,,
2023-04-02,,28199.30859375,,,12284641999,,,0.0345597564141845,,-0.745226498561502,,
2023-04-03,4124.509765625,27790.220703125,12189.4501953125,4234700000.0,19556501327,4816440000.0,0.0109332307922548,0.0347716966387946,0.0129390237302283,-1.450701847050495,0.36988464765423945,-0.26558827975756705
2023-04-04,4100.60009765625,28168.08984375,12126.330078125,4227800000.0,15284538859,4298760000.0,0.0102937629433099,0.0347830728159389,0.0120074928211277,1.35971982612757,-0.5796972083329965,-0.517825793420712
2023-04-05,4090.3798828125,28177.984375,11996.8603515625,3968020000.0,17052315986,4378590000.0,0.010302610524764,0.0347785247462544,0.0122234963171021,0.0351267384649967,-0.2492370531228194,-1.0676744384193637
2023-04-06,4105.02001953125,28044.140625,12087.9599609375,3486690000.0,13837809380,3862800000.0,0.010281279989618,0.0347104541931966,0.0122294037195074,-0.4749940528704033,0.35791630944272956,0.7593620889580155
2023-04-07,,27925.859375,,,10861680497,,,0.0343087373216959,,-0.4217681389550476,,
2023-04-08,,27947.794921875,,,9373255556,,,0.0314867240500015,,0.07854922772632111,,
2023-04-09,,28333.05078125,,,12175322951,,,0.0312799522843856,,1.3784839213681899,,
2023-04-10,4109.10986328125,29652.98046875,12084.3603515625,3423650000.0,19282400094,4334070000.0,0.0100551626402576,0.0318495063690715,0.0117324836469248,4.658621825410658,0.09963029974375814,-0.029778468712937656
2023-04-11,4108.93994140625,30235.05859375,12031.8798828125,3665830000.0,20121259843,4676960000.0,0.0100507080930637,0.0298494752020701,0.0117576822755041,1.9629666758571807,-0.004135247794623265,-0.43428420887179353
2023-04-12,4091.949951171875,30139.052734375,11929.33984375,3633120000.0,18651929926,4909770000.0,0.0100681648303753,0.0260967990785087,0.0118955816667843,-0.3175315803583212,-0.4134884052006904,-0.8522362262689986
2023-04-13,4146.22021484375,30399.06640625,12166.26953125,3596590000.0,17487721001,4942990000.0,0.0102453550713281,0.0259426191437565,0.0122499708409215,0.8627134839524819,1.326268999363811,1.9861089599533255
2023-04-14,4137.64013671875,30485.69921875,12123.4697265625,3575690000.0,22659995079,4655740000.0,0.0102032476854306,0.0256247096934184,0.0122546821522879,0.2849851088919886,-0.20693734728036706,-0.3517906995037845
2023-04-15,,30318.49609375,,,11940685378,,,0.0254454305389674,,-0.5484641300179338,,
2023-04-16,,30315.35546875,,,12854816417,,,0.0198937901081624,,-0.010358775680330279,,
2023-04-17,4151.31982421875,29445.044921875,12157.7197265625,3611180000.0,17872186762,4823180000.0,0.009827181235735,0.0204424864897069,0.0117955403951173,-2.8708571396173888,0.330615690296554,0.28250988184479464
2023-04-18,4154.8701171875,30397.552734375,12153.41015625,3536640000.0,19480529496,4851810000.0,0.0098271273452621,0.0200438374169526,0.0117908142617187,3.2348662229154,0.08552202959737354,-0.035447192478732514
2023-04-19,4154.52001953125,28822.6796875,12157.23046875,3572560000.0,24571565421,4972700000.0,0.009335870710427,0.0224050262787145,0.0114994394394859,-5.18092051895368,-0.00842619976980652,0.031434078590986125
2023-04-20,4129.7900390625,28245.98828125,12059.5595703125,3772080000.0,21340360360,4590530000.0,0.0094317207166058,0.0225899527387686,0.0116292206855308,-2.0008250880993006,-0.595254815297297,-0.8033976051417424
2023-04-21,4133.52001953125,27276.91015625,12072.4599609375,3611750000.0,20759504330,4868050000.0,0.0086632847099916,0.0227715853811708,0.01085550340658,-3.4308522518338824,0.09031888869577287,0.1069723197583139
2023-04-22,,27817.5,,,13125734602,,,0.0220108990247097,,1.9818587979846258,,
2023-04-23,,27591.384765625,,,12785446832,,,0.0213510753227268,,-0.8128524647254443,,
2023-04-24,4137.0400390625,27525.33984375,12037.2001953125,3290940000.0,17703288330,4854050000.0,0.0080976708758283,0.0213560186310441,0.0102413168500587,-0.2393679129772508,0.08515791660903549,-0.29206777855622645
2023-04-25,4071.6298828125,28307.59765625,11799.16015625,3978640000.0,17733373139,4806020000.0,0.0087348605488425,0.0217217630593418,0.0110282736878662,2.841955147295372,-1.5810858882773227,-1.977536596551721
2023-04-26,4055.989990234375,28422.701171875,11854.349609375,3837030000.0,31854242019,5281970000.0,0.0083461984910119,0.0209036134414584,0.0104226417125344,0.4066170397882152,-0.3841187197329843,0.467740520462101
2023-04-27,4135.35009765625,29473.787109375,12142.240234375,3750550000.0,27153445027,5253710000.0,0.0088337335090972,0.0218440536219058,0.0112190385728379,3.6980508331842854,1.956614972249704,2.428565332444066
2023-04-28,4169.47998046875,29340.26171875,12226.580078125,4087800000.0,17544464887,5331380000.0,0.0084319360641177,0.020770503081003,0.0104375921893228,-0.453030993708059,0.8253202753460531,0.6945987076687254
2023-04-29,,29248.48828125,,,10662634333,,,0.0206577001599909,,-0.31279011203009244,,
2023-04-30,,29268.806640625,,,14652199272,,,0.0204796195932712,,0.0694680667924441,,
2023-05-01,4167.8701171875,28091.568359375,12212.599609375,3321370000.0,18655599976,5168430000.0,0.0080914696307507,0.021864361160948,0.0103161424153933,-4.022160164248023,-0.03861064902076494,-0.11434488352971561
2023-05-02,4119.580078125,28680.537109375,12080.509765625,4486130000.0,16432924527,5501410000.0,0.0083598249288596,0.0221536606930089,0.0105541867468345,2.0966033026897257,-1.1586262936400304,-1.0815866234458515
2023-05-03,4090.75,29006.30859375,12025.330078125,4246510000.0,19122972518,5782160000.0,0.0082037220527739,0.0220463272213713,0.0102345941834594,1.135862564681589,-0.6998305064656485,-0.45676621740758927
2023-05-04,4061.219970703125,28847.7109375,11966.400390625,4920090000.0,15548678514,4745780000.0,0.0076838147240193,0.0219600210548223,0.0098014180921432,-0.5467695268338013,-0.7218732334382416,-0.4900463198694083
2023-05-05,4136.25,29534.384765625,12235.41015625,4186270000.0,17936566518,4574790000.0,0.0083021537597848,0.0223480165879483,0.0104296183897208,2.3803407820215394,1.8474751389515376,2.248042492676028
2023-05-06,,28904.623046875,,,15913866714,,,0.0227192027344375,,-2.1323001096775096,,
2023-05-07,,28454.978515625,,,11301355486,,,0.0229056181821478,,-1.5556145829018653,,
2023-05-08,4138.1201171875,27694.2734375,12256.919921875,3641640000.0,19122903752,4216360000.0,0.008268195324059,0.023457948940063,0.010424274823194,-2.6733637409259936,0.04521286642489297,0.17579930178321934
2023-05-09,4119.169921875,27658.775390625,12179.5498046875,3810140000.0,14128593256,4126780000.0,0.008339209148518,0.0233087418513902,0.0104608506753406,-0.12817829272578907,-0.4579421277258522,-0.6312362133444105
2023-05-10,4137.64013671875,27621.755859375,12306.4404296875,4057160000.0,20656025026,4948260000.0,0.0083437666841959,0.0216042824411608,0.0105362280716382,-0.13384371045779275,0.44839652634049987,1.0418334588292
2023-05-11,4130.6201171875,27000.7890625,12328.509765625,3752900000.0,16724343943,4489490000.0,0.0080020105137026,0.0215085321546642,0.0100864408815628,-2.2481076150133283,-0.16966239932159066,0.17933159522116604
2023-05-12,4124.080078125,26804.990234375,12284.740234375,3533740000.0,19313599897,4170000000.0,0.0079598899110051,0.0215176596996425,0.0100515174415031,-0.7251596524522896,-0.15833068345566526,-0.35502694228333187
2023-05-13,,26784.078125,,,9999171605,,,0.0213976600742879,,-0.07801573211611013,,
2023-05-14,,26930.638671875,,,10014858959,,,0.021432675952868,,0.5471927993601522,,
2023-05-15,4136.27978515625,27192.693359375,12365.2099609375,3562170000.0,14413231792,3979290000.0,0.0075429697408182,0.0215780698236099,0.0096289353746955,0.9730726801279843,0.2958164439133881,0.6550380799858591
2023-05-16,4109.89990234375,27036.650390625,12343.0498046875,3654200000.0,12732238816,4067510000.0,0.0076074075521776,0.0215709168106654,0.0096207800006057,-0.5738415341494774,-0.6377683373153031,-0.17921374825017322
2023-05-17,4158.77001953125,27398.802734375,12500.5703125,4039080000.0,15140006925,4501820000.0,0.0078301817390786,0.0212425882868917,0.0098129251906542,1.3394867282656264,1.1890829058788244,1.276187897683756
2023-05-18,4198.0498046875,26832.208984375,12688.83984375,3980500000.0,15222938600,4532890000.0,0.0079747405584856,0.020479909212952,0.0098728485177515,-2.067950762275983,0.9445048649426635,1.5060875347562286
2023-05-19,4191.97998046875,26890.12890625,12657.900390625,4041900000.0,11258983301,3935780000.0,0.0079686495906491,0.0182851926126781,0.0098427704236303,0.21585968530852817,-0.14458676054706077,-0.24383200911972658
2023-05-20,,27129.5859375,,,7044911360,,,0.0180731863524619,,0.8905016115201336,,
2023-05-21,,26753.826171875,,,8647416921,,,0.0171102225128993,,-1.3850552916312875,,
2023-05-22,4192.6298828125,26851.27734375,12720.7802734375,3728520000.0,11056770492,4278920000.0,0.0079690473365957,0.0167011865908808,0.0098557453761491,0.3642513457661867,0.01550346964389604,0.49676392507458367
2023-05-23,4145.580078125,27225.7265625,12560.25,4155320000.0,13697203143,4347440000.0,0.0082627016897808,0.0168664784881911,0.0101463747551949,1.3945303754316907,-1.122202674755013,-1.2619530405120427
2023-05-24,4115.240234375,26334.818359375,12484.16015625,0.0,16299104428,4088270000.0,0.0083423237632394,0.0178999210815717,0.0100719290358176,-3.2723027651064163,-0.7318600335353365,-0.60579879978504
2023-05-25,4151.27978515625,26476.20703125,12698.08984375,4147760000.0,13851122697,4651640000.0,0.008140354171116,0.0170710786327187,0.0099163079516278,0.5368887301425707,0.8757581265902425,1.7136089638588814
2023-05-26,4205.4501953125,26719.291015625,12975.6904296875,3715460000.0,12711619225,4434070000.0,0.0084623479565143,0.017160587930389,0.0105276470827776,0.9181223884829448,1.304908677799732,2.1861601969538347
2023-05-27,,26868.353515625,,,7892015141,,,0.0156405554247414,,0.5578834405180588,,
2023-05-28,,28085.646484375,,,14545229578,,,0.0178680650017547,,4.53058267244435,,
2023-05-29,,27745.884765625,,,15181308984,,,0.0179731891315223,,-1.20973437068298,,
2023-05-30,4205.52001953125,27702.349609375,13017.4296875,4228510000.0,13251081851,4843470000.0,0.0084466557517838,0.0179672883311055,0.0105286002669067,-0.15690671469931194,0.001660326849850513,0.32167273131766816
2023-05-31,4179.830078125,27219.658203125,12935.2900390625,5980670000.0,15656371534,5905760000.0,0.0085303930386606,0.0166642667100295,0.010636083525979,-1.742420455507676,-0.6108624209833935,-0.630997442731529
2023-06-01,4221.02001953125,26819.97265625,13100.98046875,4391860000.0,14678970415,4610310000.0,0.0087083102791249,0.0163208218352558,0.0108052124484358,-1.4683709247646393,0.9854453563032717,1.2809177775460867
2023-06-02,4282.3701171875,27249.58984375,13240.76953125,4454200000.0,14837415000,4426760000.0,0.0089756585059044,0.0164731063549324,0.0107136245696155,1.601855426947596,1.4534424705965554,1.0670122196841714
2023-06-03,,27075.12890625,,,8385597470,,,0.0164806910616566,,-0.640233260391676,,
2023-06-04,,27119.06640625,,,9360912318,,,0.0157758193760992,,0.1622799291266075,,
2023-06-05,4273.7900390625,25760.09765625,13229.4296875,3813290000.0,21513292646,4344280000.0,0.0089947700252499,0.0178077350989297,0.0107320595363739,-5.011119223804861,-0.20035816359177394,-0.08564338895286072
2023-06-06,4283.85009765625,27238.783203125,13276.419921875,3996560000.0,21929670693,4810910000.0,0.0089974364602236,0.0207151745813704,0.0106726828326114,5.7402171630208665,0.23538963079141606,0.3551947097114816
2023-06-07,4267.52001953125,26345.998046875,13104.900390625,4537800000.0,19530045082,5270600000.0,0.0084592106144913,0.0210101096365199,0.0102153877093599,-3.277624957004588,-0.38120096998572883,-1.2919110141085155
2023-06-08,4293.93017578125,26508.216796875,13238.51953125,3826740000.0,11904824295,4280160000.0,0.0084357867750728,0.0210583810435859,0.0102857012732348,0.6157244440365472,0.6188642614241457,1.019612027883765
2023-06-09,4298.85986328125,26480.375,13259.1396484375,3786510000.0,11015551640,4412710000.0,0.0077632164214889,0.0210584832510556,0.0095468648766384,-0.10503081775867784,0.1148059539441082,0.15575848295441563
2023-06-10,,25851.240234375,,,19872933189,,,0.0211054603816528,,-2.375852931180167,,
2023-06-11,,25940.16796875,,,10732609603,,,0.0210940767108825,,0.3439979419507688,,
2023-06-12,4338.93017578125,25902.5,13461.919921875,3945670000.0,11677889997,4722680000.0,0.00779811561481,0.021094090370022,0.0097819063016722,-0.1452109670044499,0.9321148810237156,1.5293622272195995
2023-06-13,4369.009765625,25918.728515625,13573.3203125,4275400000.0,14143474486,5522100000.0,0.0078563391630081,0.0210605989427673,0.0097879817280415,0.06265231396582749,0.6932489951473775,0.8275223093845652
2023-06-14,4372.58984375,25124.67578125,13626.48046875,4252110000.0,14265717766,5772550000.0,0.0074519615786125,0.021637811528012,0.0094027725759251,-3.0636253390914137,0.08194255259321714,0.39165182155940226
2023-06-15,4425.83984375,25576.39453125,13782.8203125,4176690000.0,15837384409,5667520000.0,0.0074727532345498,0.0219465254660882,0.0093518891311958,1.7979087727655774,1.217813742034668,1.1473237282990212
2023-06-16,4409.58984375,26327.462890625,13689.5703125,6848600000.0,16324646965,8076530000.0,0.0073374732279412,0.0224976747433826,0.0094233281922974,2.9365685552642073,-0.36716195284263176,-0.6765668991231766
2023-06-17,,26510.67578125,,,11090276850,,,0.0222352929997533,,0.6959002900740696,,
2023-06-18,,26336.212890625,,,9565695129,,,0.0222580380675486,,-0.6580854145875503,,
2023-06-19,,26851.029296875,,,12826986222,,,0.0224946428587991,,1.9547852547670663,,
2023-06-20,4388.7099609375,28327.48828125,13667.2900390625,4055790000.0,22211859147,5237710000.0,0.0068417932387349,0.0243817984071641,0.0088641276645466,5.498705349618893,-0.47351076976228645,-0.16275363600825044
2023-06-21,4365.68994140625,30027.296875,13502.2001953125,3709330000.0,33346760979,5194640000.0,0.0069639901789065,0.0264670599544163,0.0093207004084266,6.000562340273241,-0.5245281583003636,-1.20791937010305
2023-06-22,4381.89013671875,29912.28125,13630.6103515625,3511000000.0,20653160491,4499550000.0,0.0068661478918239,0.026430766258773,0.0092076722596851,-0.38303689299371557,0.3710798414438443,0.9510313459474506
2023-06-23,4348.330078125,30695.46875,13492.51953125,6053620000.0,24115570085,7734500000.0,0.0070746513747981,0.0258194619037951,0.0094595898133171,2.618280743799839,-0.7658808766684566,-1.0130934474014253
2023-06-24,,30548.6953125,,,12147822496,,,0.0258825065756237,,-0.47815994828226405,,
2023-06-25,,30480.26171875,,,12703464114,,,0.0258996536228834,,-0.2240147837737516,,
2023-06-26,4328.81982421875,30271.130859375,13335.7802734375,3415030000.0,16493186997,4430600000.0,0.0071385675085784,0.025979796047334,0.0098347866068231,-0.6861189753050945,-0.44868382932564677,-1.1616752338173497
2023-06-27,4378.41015625,30688.1640625,13555.669921875,3573500000.0,16428827944,5053660000.0,0.0073317919988828,0.0249203093315583,0.0100726956927465,1.3776598074988877,1.1455854954693034,1.648869761865246
2023-06-28,4376.85986328125,30086.24609375,13591.75,3739330000.0,14571500779,4533270000.0,0.007341739077096,0.0251183877992759,0.0100544381511344,-1.961401038928634,-0.035407668843834283,0.2661622651845219
2023-06-29,4396.43994140625,30445.3515625,13591.330078125,3696660000.0,13180860821,4388140000.0,0.0071853550543631,0.0251593778003694,0.010029654337452,1.1935868224670187,0.4473544672805918,-0.0030895350120463405
2023-06-30,4450.3798828125,30477.251953125,13787.919921875,3923450000.0,26387306197,4661120000.0,0.0072028261638646,0.0248583266862388,0.0100888524970945,0.10477918298796851,1.2269004495714109,1.4464356514040322
2023-07-01,,30590.078125,,,9086606733,,,0.0246102524733265,,0.37019798257575953,,
2023-07-02,,30620.76953125,,,10533418042,,,0.024520152295023,,0.10033124506771962,,
2023-07-03,4455.58984375,31156.439453125,13816.76953125,2034280000.0,15271884873,2902300000.0,0.0070770733647813,0.0245594130658678,0.0098456797401558,1.749367929268808,0.11706778016009611,0.20923830090737727
2023-07-04,,30777.58203125,,,12810828427,,,0.0247484764539387,,-1.21598433108826,,
2023-07-05,4446.81982421875,30514.166015625,13791.650390625,3482620000.0,12481622280,5339340000.0,0.0070864625386269,0.0225684159101142,0.0098348327014214,-0.85586975402272,-0.19683184132291975,-0.18180183557514606
2023-07-06,4411.58984375,29909.337890625,13679.0400390625,3682020000.0,21129219509,6113080000.0,0.0073091254469169,0.0209438555488021,0.0100294624082073,-1.9821224171432172,-0.7922511336500904,-0.8165110655578123
2023-07-07,4398.9501953125,30342.265625,13660.7197265625,3630480000.0,13384770155,5098120000.0,0.0069461538311373,0.0198645553053383,0.0096460115598817,1.4474667943441766,-0.28651005386203243,-0.13392981121250758
2023-07-08,,30292.541015625,,,7509378699,,,0.0198959747723298,,-0.16387902600796256,,
2023-07-09,,30171.234375,,,7903327692,,,0.0199315179759336,,-0.4004505286051452,,
2023-07-10,4409.52978515625,30414.470703125,13685.48046875,3429600000.0,14828209155,5275390000.0,0.0067192934772903,0.0192028021265146,0.009502161576323,0.8061862007427312,0.2405026057131332,0.18125503401811294
2023-07-11,4439.259765625,30620.951171875,13760.7001953125,3624220000.0,12151839152,4840950000.0,0.0066631194824128,0.0192005632235837,0.0091460840233437,0.6788889103658935,0.674221105588857,0.5496316094583564
2023-07-12,4472.16015625,30391.646484375,13918.9599609375,3920290000.0,14805659717,5230620000.0,0.006426970335449,0.0193082163646669,0.0085904714765498,-0.7488490028050299,0.7411233485312474,1.150085121968658
2023-07-13,4510.0400390625,31476.048828125,14138.5703125,3839530000.0,23686079548,5183560000.0,0.0065182578599226,0.0200290730964353,0.0089278126895138,3.5680934374763718,0.8470153458069118,1.5777784559968477
2023-07-14,4505.419921875,30334.068359375,14113.7001953125,3647450000.0,20917902660,5366890000.0,0.0063544743124024,0.0204313706055736,0.0088056351822534,-3.6280934592069825,-0.10244071333035398,-0.17590263115579985
2023-07-15,,30295.806640625,,,8011667756,,,0.0203566500477769,,-0.1261344778969442,,
2023-07-16,,30249.1328125,,,8516564470,,,0.0199095092617255,,-0.1540603578530031,,
2023-07-17,4522.7900390625,30145.888671875,14244.9501953125,3538240000.0,13240156074,4593160000.0,0.0062097199370055,0.0199578322213365,0.0086942260673618,-0.34131272874816654,0.38553825145495324,0.9299474849521872
2023-07-18,4554.97998046875,29856.5625,14353.6396484375,4090010000.0,13138897269,4824070000.0,0.0058496106563884,0.0200226532676681,0.0086178158534265,-0.9597533349379406,0.7117275205842377,0.7630033916212975
2023-07-19,4565.72021484375,29913.923828125,14358.01953125,4115670000.0,12128602812,5112420000.0,0.0057991362561981,0.0198189431188057,0.008603925544486,0.19212301525000086,0.2357910335732072,0.03051409203362887
2023-07-20,4534.8701171875,29792.015625,14063.3095703125,3761770000.0,14655207121,5128020000.0,0.0060262373819959,0.0174657754232707,0.0096082394568563,-0.40752996439197275,-0.6756896218903741,-2.052580861142228
2023-07-21,4536.33984375,29908.744140625,14032.8095703125,3570190000.0,10972789818,5254180000.0,0.0059375109218944,0.0138341534498161,0.0092239678187785,0.39181140710413676,0.03240945218980773,-0.21687640343482917
2023-07-22,,29771.802734375,,,7873300598,,,0.0138417727009669,,-0.4578641136054662,,
2023-07-23,,30084.5390625,,,9220145050,,,0.0131105337378754,,1.0504447141318263,,
2023-07-24,4554.64013671875,29176.916015625,14058.8701171875,3856250000.0,15395817395,4083070000.0,0.0058988275057134,0.0141947619238757,0.0091036412476655,-3.016908602087709,0.4034153877153557,0.18571154083166785
2023-07-25,4567.4599609375,29227.390625,14144.5595703125,3812470000.0,10266772793,3812470000.0,0.0058986965853369,0.0142064123294145,0.0091333333928474,0.17299501204297574,0.2814673351556163,0.6095045505843499
2023-07-26,4566.75,29354.97265625,14127.2802734375,3990290000.0,13497554655,4322000000.0,0.0057479733925571,0.0142049707953297,0.008812127655402,0.43651529788248933,-0.015543889679858758,-0.12216214148701443
2023-07-27,4537.41015625,29210.689453125,14050.1103515625,4553210000.0,10770779217,5115840000.0,0.0058473854233954,0.013944529557332,0.0088119981162685,-0.4915119656712763,-0.6424666064487883,-0.5462475464587224
2023-07-28,4582.22998046875,29319.24609375,14316.66015625,3981010000.0,11218474952,4453520000.0,0.0060517514575699,0.0135434680102874,0.0093737823152819,0.3716332707559111,0.9877842794752345,1.8971367342880407
2023-07-29,,29356.91796875,,,6481775959,,,0.0133368269913862,,0.1284885528077373,,
2023-07-30,,29275.30859375,,,8678454527,,,0.0133327742705474,,-0.2779902682116475,,
2023-07-31,4588.9599609375,29230.111328125,14346.01953125,4503600000.0,11656781982,4934440000.0,0.0057149457071855,0.0132988003757888,0.0091916964860919,-0.15438698273756435,0.14687129405193122,0.20507139709664557
2023-08-01,4576.72998046875,29675.732421875,14283.91015625,4042370000.0,18272392391,4633770000.0,0.0056880952124037,0.013636893524824,0.0091276940581866,1.5245275282999904,-0.2665087639215691,-0.4329380345865719
2023-08-02,4513.39013671875,29151.958984375,13973.4501953125,4270710000.0,19212655598,5481960000.0,0.0062420868578781,0.0135120430911363,0.010069084525659,-1.7649890828436932,-1.3839541336347905,-2.173494215109273
2023-08-03,4501.89013671875,29178.6796875,13959.7197265625,4149120000.0,12780357746,6036970000.0,0.0061685942149525,0.0133885933457408,0.0097782825868235,0.09166006009861949,-0.25479738404268204,-0.09826112061147585
2023-08-04,4478.02978515625,29074.091796875,13909.240234375,4143310000.0,12036639988,5349450000.0,0.0062526552642434,0.0133317794858841,0.0096841953952122,-0.35843942133476636,-0.5300074155050516,-0.36160820687143325
2023-08-05,,29042.126953125,,,6598366353,,,0.0128704383672613,,-0.10994270766331304,,
2023-08-06,,29041.85546875,,,7269806994,,,0.0125425807900242,,-0.0009347950838400898,,
2023-08-07,4518.43994140625,29180.578125,13994.400390625,3493920000.0,13618163710,4892330000.0,0.0062200558946127,0.0125938259626513,0.009509496474778,0.47766457759308434,0.902409277936278,0.6122559882137724
2023-08-08,4499.3798828125,29765.4921875,13884.3203125,3884910000.0,17570561357,5284550000.0,0.0062116079546799,0.0131540187405686,0.0093561996808763,2.0044635853149417,-0.4218283044793103,-0.7866008907301492
2023-08-09,4467.7099609375,29561.494140625,13722.01953125,3803100000.0,18379521213,5591360000.0,0.0060892104832152,0.0131040625516471,0.0092075995325281,-0.6853508270246889,-0.7038730380597102,-1.1689501365355404
2023-08-10,4468.830078125,29429.591796875,13737.990234375,4504370000.0,11865344789,5299080000.0,0.0060866931642318,0.0130363898523237,0.0091990356184072,-0.4461964714047806,0.025071394456976925,0.11638740994814878
2023-08-11,4464.0498046875,29397.71484375,13644.849609375,3753290000.0,10195168197,4638880000.0,0.006052244389917,0.0129837962129909,0.0092914986785108,-0.10831598801986919,-0.10696923700230787,-0.6779785355134793
2023-08-12,,29415.96484375,,,6194358008,,,0.0110549708157766,,0.06207965516027425,,
2023-08-13,,29282.9140625,,,7329897180,,,0.0089255033834731,,-0.45230806453818717,,
2023-08-14,4489.72021484375,29408.443359375,13788.330078125,3896410000.0,14013695304,4272020000.0,0.0057283881916299,0.0089807850821556,0.0091110607407104,0.4286776125049352,0.5750475751703066,1.0515357285537208
2023-08-15,4437.85986328125,29170.34765625,13631.0498046875,3832250000.0,12640195779,4473320000.0,0.0061231126205671,0.009074755780274,0.0093374887487623,-0.8096168172366025,-1.1550909428841738,-1.1406767356623049
2023-08-16,4404.330078125,28701.779296875,13474.6298828125,3753910000.0,14949271904,6243760000.0,0.0062653298473423,0.0094729388715593,0.0095528445392318,-1.6063173634291772,-0.7555395210577687,-1.1475265963829862
2023-08-17,4370.35986328125,26664.55078125,13316.9296875,3943700000.0,31120851211,5280180000.0,0.0062565666205181,0.0161715314931493,0.0096701754969636,-7.097917151940503,-0.7712913029036983,-1.1703489942506917
2023-08-18,4369.7099609375,26049.556640625,13290.7802734375,3940400000.0,24026236529,4801910000.0,0.0062379267444889,0.0165187647306862,0.0096718437236088,-2.306411031148714,-0.014870682600087726,-0.1963621846486574
2023-08-19,,26096.205078125,,,10631443812,,,0.0165599742394748,,0.17907574452629138,,
2023-08-20,,26189.583984375,,,9036580420,,,0.0165542188105324,,0.357825614760654,,
2023-08-21,4399.77001953125,26124.140625,13497.58984375,3726850000.0,13371557893,4363070000.0,0.0063544408019439,0.0165578963574212,0.0101143075310547,-0.2498831574187843,0.6879188518795987,1.5560378401998198
2023-08-22,4387.5498046875,26031.65625,13505.8701171875,3522760000.0,14503820706,4282430000.0,0.006239913881453,0.016321819183198,0.010054562798298,-0.35401882238949023,-0.2777466728829614,0.061346310958865224
2023-08-23,4436.009765625,26431.640625,13721.0302734375,3837270000.0,16985265785,4127850000.0,0.0064264349953709,0.0159656784864979,0.0102647457680343,1.5365306423789304,1.1044879965972587,1.5930862238648924
2023-08-24,4376.31005859375,26162.373046875,13463.9697265625,3723470000.0,12871532023,4383820000.0,0.0066491188465197,0.0159853686583244,0.0103313491292114,-1.018731988472621,-1.3457974663146133,-1.8734784615455746
2023-08-25,4405.7099609375,26047.66796875,13590.650390625,3296180000.0,12406045118,3970060000.0,0.0067960370517902,0.0159131159042804,0.0105243608505724,-0.4384352975912553,0.6717966037625089,0.9408864297472119
2023-08-26,,26008.462890625,,,6034817316,,,0.0159183834168897,,-0.15051281432193475,,
2023-08-27,,26089.693359375,,,6913768611,,,0.0159090411416077,,0.31232321991347956,,
2023-08-28,4433.31005859375,26106.150390625,13705.1298828125,2957230000.0,11002805166,3666680000.0,0.0068656478797342,0.0159021583009314,0.0104955974067675,0.06307866874213364,0.6264619755036449,0.8423400565617412
2023-08-29,4497.6298828125,27727.392578125,13943.759765625,3354820000.0,29368391712,4748180000.0,0.0072685314804261,0.0197540945231648,0.0109174576080107,6.2101924766441385,1.450830719454621,1.7411719907285406
2023-08-30,4514.8701171875,27297.265625,14019.3095703125,3064110000.0,16343655235,4364600000.0,0.0072928298981015,0.0199143900325162,0.0109774403578098,-1.5512708305083889,0.3833182103508026,0.5418180315595267
2023-08-31,4507.66015625,25931.47265625,14034.9697265625,3946360000.0,20181001451,4568610000.0,0.0071965935698927,0.0215409170933819,0.0103133784544242,-5.00340578984273,-0.1596936512094249,0.1117041903629934
2023-09-01,4515.77001953125,25800.724609375,14031.8095703125,3246260000.0,17202862221,4033960000.0,0.0072053205183139,0.0213944970070184,0.0103058066942015,-0.5042060225742162,0.1799129260001031,-0.022516302575414926
2023-09-02,,25868.798828125,,,10100387473,,,0.0214106074063817,,0.2638461507599166,,
2023-09-03,,25969.56640625,,,8962524523,,,0.0214591786348032,,0.38953327054152,,
2023-09-04,,25812.416015625,,,10680635106,,,0.0214570860436059,,-0.6051329012069284,,
2023-09-05,4496.830078125,25779.982421875,14020.9501953125,3526250000.0,11094740040,4379790000.0,0.007197433378605,0.0214504322573484,0.0103006424788299,-0.12565113521479931,-0.4194177587506065,-0.07739112297372452
2023-09-06,4465.47998046875,25753.236328125,13872.4697265625,3418850000.0,12752705327,4215320000.0,0.0072677260694217,0.0213950234478781,0.0104073609721115,-0.10374752516241204,-0.6971599351452862,-1.0589900590306622
2023-09-07,4451.14013671875,26240.1953125,13748.830078125,3763760000.0,11088307100,4320830000.0,0.0072805278160276,0.0213528272262124,0.010517200674308,1.8908652030005024,-0.32112659361860363,-0.8912590971509537
2023-09-08,4457.490234375,25905.654296875,13761.5302734375,3259290000.0,10817356400,4160360000.0,0.0072136260058721,0.0214061537348357,0.0104861242076992,-1.2749181613965876,0.14266227216406246,0.0923729163887721
2023-09-09,,25895.677734375,,,5481314132,,,0.0214186826701327,,-0.03851113886439439,,
2023-09-10,,25832.2265625,,,7899553047,,,0.021413129111539,,-0.24502611024840304,,
2023-09-11,4487.4599609375,25162.654296875,13917.8896484375,3369920000.0,14600006467,4538870000.0,0.0070791321396637,0.021759371066005,0.0100875565681224,-2.592003689674205,0.6723453106275201,1.1362063076793438
2023-09-12,4461.89990234375,25833.34375,13773.6103515625,3435740000.0,18657279324,4595490000.0,0.0071246596771075,0.0225077979225303,0.0102161657014505,2.6654161568650414,-0.5695885604828921,-1.0366463632020317
2023-09-13,4467.43994140625,26228.32421875,13813.58984375,3529430000.0,13072077070,4840310000.0,0.0071276280273087,0.0227357123884671,0.0102287739999,1.528956036711282,0.12416323054647016,0.2902615303253864
2023-09-14,4505.10009765625,26539.673828125,13926.0498046875,3648720000.0,13811359124,4649010000.0,0.006870476095092,0.0228959097004075,0.0095665504091925,1.1870739692642074,0.8429918867167929,0.8141255257291702
2023-09-15,4450.31982421875,26608.693359375,13708.330078125,6932230000.0,11479735788,8162210000.0,0.0072105127096753,0.0227835380496112,0.0099840507331441,0.2600617162704433,-1.2159612938677844,-1.5633990228098638
2023-09-16,,26568.28125,,,7402031417,,,0.0184073491601264,,-0.1518755875352329,,
2023-09-17,,26534.1875,,,6774210670,,,0.0178811750314817,,-0.12832501161511578,,
2023-09-18,4453.52978515625,26754.28125,13710.240234375,3161230000.0,15615339655,4855880000.0,0.0071521741611568,0.0179347886525536,0.009968465040428,0.8294723552398242,0.07212876971294246,0.013934273825588761
2023-09-19,4443.9501953125,27211.1171875,13678.1904296875,3614880000.0,13807690550,4453460000.0,0.0069460432808312,0.0181695247557134,0.0098950863230888,1.7075246134672373,-0.2151010615372817,-0.23376544932555143
2023-09-20,4402.2001953125,27132.0078125,13469.1298828125,3308450000.0,13281116604,4782440000.0,0.0071044566762594,0.0181726141444387,0.0101726832091144,-0.290724465500225,-0.9394794758059599,-1.52842254938379
2023-09-21,4330.0,26567.6328125,13223.98046875,3662340000.0,13371443708,5014890000.0,0.0075897373942076,0.0186068911844745,0.0104804066140067,-2.080107760178318,-1.6400934103219411,-1.820083525776428
2023-09-22,4320.06005859375,26579.568359375,13211.8095703125,3349570000.0,10578746709,4302700000.0,0.0075890156720588,0.0184023695203113,0.0104708832702465,0.04492514240630463,-0.22955984771939608,-0.09203657299904355
2023-09-23,,26579.390625,,,7404700301,,,0.0182969966794163,,-0.0006686879658768241,,
2023-09-24,,26256.826171875,,,8192867686,,,0.0184246895878461,,-1.213588594546644,,
2023-09-25,4337.43994140625,26298.48046875,13271.3203125,3195650000.0,11997833257,4100290000.0,0.0076469343582019,0.018423077222168,0.010469365180711,0.15864178176880905,0.40230650909416354,0.450435966933882
2023-09-26,4273.52978515625,26217.25,13063.6103515625,3472340000.0,9985498161,4693540000.0,0.0079430642609159,0.0184260268582152,0.0105806492678571,-0.30887894396227633,-1.4734533990868215,-1.565103968908521
2023-09-27,4274.509765625,26352.716796875,13092.849609375,3875880000.0,11718380997,4841410000.0,0.0077215478918475,0.0184484805957392,0.0104436357267622,0.5167086436411061,0.022931406074522265,0.22382218257912534
2023-09-28,4299.7001953125,27021.546875,13201.2802734375,3846230000.0,14079002707,4648390000.0,0.0077318593163151,0.0153678377362739,0.0104021248991642,2.537992888096885,0.5893173970516585,0.8281670323690316
2023-09-29,4288.0498046875,26911.720703125,13219.3203125,3865960000.0,10396435377,5138500000.0,0.0076300153643902,0.0151276385745377,0.0101936286238914,-0.4064392478456136,-0.2709582086142026,0.13665370849522684
2023-09-30,,26967.916015625,,,5331172801,,,0.0116880963601447,,0.20881352448591795,,
2023-10-01,,27983.75,,,9503917434,,,0.0133063607661685,,3.7668241913332734,,
2023-10-02,4288.39013671875,27530.78515625,13307.76953125,3938660000.0,19793041322,4554700000.0,0.0076306289651702,0.0137524242573403,0.0102650203133836,-1.6186709920936293,0.007936755559079245,0.6690905179622897
2023-10-03,4229.4501953125,27429.978515625,13059.4697265625,3953830000.0,11407814187,4684310000.0,0.0078628415943624,0.0137872394069569,0.0103986679939125,-0.3661597010505724,-1.3744071674259506,-1.8658258553729046
2023-10-04,4263.75,27799.39453125,13236.009765625,3777600000.0,11143355314,4308070000.0,0.0080409646304493,0.013860304945169,0.0107293941328284,1.3467601347721292,0.8109754957160709,1.351816289320107
2023-10-05,4258.18994140625,27415.912109375,13219.830078125,3581470000.0,11877253670,4167470000.0,0.0077183612887817,0.0141660611295312,0.0102681083776559,-1.379463216164356,-0.1304030159777203,-0.12223991812109203
2023-10-06,4308.5,27946.59765625,13431.33984375,3902030000.0,13492391599,4309420000.0,0.0077229101303696,0.0144909195373159,0.0101672410585268,1.9356844476223989,1.1814893014644445,1.5999431488532334
2023-10-07,,27968.83984375,,,6553044316,,,0.0141742472732255,,0.07958817661306572,,
2023-10-08,,27935.08984375,,,7916875290,,,0.0139076344405895,,-0.1206700034343422,,
2023-10-09,4335.66015625,27583.677734375,13484.240234375,3174630000.0,12007668568,3835930000.0,0.0077100084726137,0.0141738625920598,0.0100407758827071,-1.2579594744121514,0.630385429964031,0.39385788194181703
2023-10-10,4358.240234375,27391.01953125,13562.83984375,3520240000.0,9973350678,4301350000.0,0.0076804833287757,0.014248590918602,0.0099750494443826,-0.6984500217130485,0.5207990781392224,0.5828998001283558
2023-10-11,4376.9501953125,26873.3203125,13659.6796875,3601660000.0,13648094333,4160440000.0,0.0072078561067949,0.0138118976769125,0.009518949235401,-1.8900326735168282,0.429300817103373,0.7140086063511575
2023-10-12,4349.60986328125,26756.798828125,13574.2197265625,3713140000.0,9392909295,4858620000.0,0.0072148665627856,0.0130810378551846,0.0095001218486078,-0.43359541366684295,-0.624643434611849,-0.6256366393108337
2023-10-13,4327.77978515625,26862.375,13407.23046875,3566560000.0,15165312851,4251550000.0,0.0072478492271434,0.0128246203124992,0.0097099236057747,0.39457699163931714,-0.5018858888767519,-1.2301941561011387
2023-10-14,,26861.70703125,,,5388116782,,,0.0126553339391517,,-0.0024866332556272575,,
2023-10-15,,27159.65234375,,,7098201980,,,0.0127986353330848,,1.1091823470242623,,
2023-10-16,4373.6298828125,28519.466796875,13567.98046875,3409960000.0,27833876539,4308690000.0,0.0075485202305603,0.0155157058892572,0.0100143424405416,5.006744695824206,1.059436938392988,1.198979911434206
2023-10-17,4373.2001953125,28415.748046875,13533.75,3794850000.0,14872527508,4417640000.0,0.0075268699986139,0.0155407845572449,0.0100173609514284,-0.36367703063566736,-0.009824505308242415,-0.2522886057275797
2023-10-18,4314.60009765625,28328.341796875,13314.2998046875,3686030000.0,12724128586,4617140000.0,0.0077959549055879,0.0155283164020531,0.0102544547455016,-0.30759792019486865,-1.3399820506516447,-1.6215032442043031
2023-10-19,4278.0,28719.806640625,13186.1796875,3969730000.0,14448058195,5014790000.0,0.0079038858616781,0.0154320549372808,0.0102735514780619,1.3818840741083749,-0.8482848196321058,-0.9622745399077814
2023-10-20,4224.16015625,29682.94921875,12983.8095703125,4004030000.0,21536125230,4622840000.0,0.008149797008618,0.0164146633841177,0.0105774154213125,3.3535830870205396,-1.2585283719027562,-1.534713783548236
2023-10-21,,29918.412109375,,,11541146996,,,0.0157930846610033,,0.7932597562652743,,
2023-10-22,,29993.896484375,,,10446520040,,,0.0157817353789382,,0.2523007395046406,,
2023-10-23,4217.0400390625,33086.234375,13018.330078125,3776100000.0,38363572311,4669060000.0,0.0079907037915896,0.0232967677129078,0.0103189918770525,10.309890521346299,-0.16855698941634634,0.2658734913320915
2023-10-24,4247.68017578125,33901.52734375,13139.8701171875,3821820000.0,44934999645,4604720000.0,0.0081357987739364,0.0231968794434213,0.0104065486180707,2.464145540134477,0.7265792222727274,0.9336069859430474
2023-10-25,4186.77001953125,34502.8203125,12821.2197265625,3869370000.0,25254318008,4599850000.0,0.0084424468391819,0.0232158629035247,0.0111781263914443,1.7736456610143003,-1.4339628627712542,-2.425064995187376
2023-10-26,4137.22998046875,34156.6484375,12595.6103515625,4277640000.0,19427195376,4894900000.0,0.0083802954488088,0.0233764797041601,0.0113291952995601,-1.0033147199696724,-1.1832519778109618,-1.759656099899698
2023-10-27,4117.3701171875,33909.80078125,12643.009765625,4019500000.0,16418032871,4172100000.0,0.0082010195332825,0.0235526255419268,0.0111508684419731,-0.7226928505637331,-0.48002802297685276,0.37631692898962843
2023-10-28,,34089.57421875,,,10160330825,,,0.0233461383316961,,0.5301518539129857,,
2023-10-29,,34538.48046875,,,11160323986,,,0.0232566166744067,,1.3168432293093613,,
2023-10-30,4166.81982421875,34502.36328125,12789.48046875,3911140000.0,17184860315,4149320000.0,0.0086031471230481,0.0232925579791498,0.0114404394376558,-0.10457086417764438,1.2010022325859904,1.1585113500682365
2023-10-31,4193.7998046875,34667.78125,12851.240234375,4249470000.0,15758270810,4315630000.0,0.0087476964178345,0.0226545530235462,0.0115143405217552,0.4794395311462418,0.6474957307233353,0.4828950306144497
2023-11-01,4237.85986328125,35437.25390625,13061.4697265625,4224900000.0,22446272005,4545120000.0,0.0089112679238456,0.0223637121316764,0.0116988592486235,2.2195613001625203,1.0505999486313922,1.6358692885156012
2023-11-02,4317.77978515625,34938.2421875,13294.1904296875,4669780000.0,20998158544,4962950000.0,0.009147218503583,0.0226402575124818,0.0117062862759866,-1.4081557224217889,1.885855702012762,1.7817344295621318
2023-11-03,4358.33984375,34732.32421875,13478.2802734375,4570960000.0,17158456701,4918750000.0,0.0092964343493509,0.022757763366289,0.0119625865154527,-0.5893770145759425,0.9393730253031363,1.3847390311102048
2023-11-04,,35082.1953125,,,9561294264,,,0.0224015369605018,,1.0073356782761111,,
2023-11-05,,35049.35546875,,,12412743996,,,0.0223633141347014,,-0.0936082917772807,,
2023-11-06,4365.97998046875,35037.37109375,13518.7802734375,3656340000.0,12693436420,4345850000.0,0.0092743527399534,0.02237612011399,0.0119492012301116,-0.03419285416157436,0.17529924220356374,0.30048343837911773
2023-11-07,4378.3798828125,35443.5625,13639.8603515625,3791230000.0,18834737789,4354460000.0,0.0088355456714739,0.0223257576373277,0.0116273258644397,1.1593090279608864,0.28401189192852616,0.8956435098135707
2023-11-08,4382.77978515625,35655.27734375,13650.41015625,3729510000.0,17295394918,4685550000.0,0.0088349284581613,0.0219897885399537,0.0116269356965235,0.5973294692089626,0.10049156221052513,0.07734540102011245
2023-11-09,4347.35009765625,36693.125,13521.4501953125,3900780000.0,37762672382,5313970000.0,0.0089284222277032,0.0220842452359953,0.0117169112268806,2.9107827327892632,-0.8083839306732843,-0.944733231172945
2023-11-10,4415.240234375,37313.96875,13798.1103515625,3665080000.0,22711265155,4722140000.0,0.0093220363276789,0.0214309623040129,0.0122440671329159,1.6919893031732691,1.5616441094852496,2.0460834618605483
2023-11-11,,37138.05078125,,,13924272142,,,0.0214404266544496,,-0.47145338500075296,,
2023-11-12,,37054.51953125,,,11545715999,,,0.0215395698518036,,-0.2249209321512735,,
2023-11-13,4411.5498046875,36502.35546875,13767.740234375,3326240000.0,19057712790,4349590000.0,0.0093265648935072,0.0219670417548621,0.0122202560243537,-1.4901395821212304,-0.08358389332403515,-0.22010345194884984
2023-11-14,4495.7001953125,35537.640625,14094.3798828125,4700350000.0,23857403554,5332490000.0,0.009451428121119,0.022980625305273,0.0122761246240231,-2.6428838121854925,1.9075017703661823,2.372500082634854
2023-11-15,4502.8798828125,37880.58203125,14103.83984375,4347170000.0,27365821679,5063830000.0,0.00938237788389,0.0240176266267629,0.0121058207493496,6.592844558740318,0.15970120755575135,0.067118674366351
2023-11-16,4508.240234375,36154.76953125,14113.669921875,3964520000.0,26007385366,4545180000.0,0.009364775653726,0.0260248296393142,0.0120926227217735,-4.5559292055657234,0.11904273935798848,0.06969788535535759
2023-11-17,4514.02001953125,36596.68359375,14125.48046875,3777240000.0,22445028430,4408640000.0,0.0091785197069234,0.0259490753864456,0.0118139548409312,1.2222842746045792,0.12820490603360213,0.08368161463585544
2023-11-18,,36585.703125,,,11886022717,,,0.0259787030646893,,-0.030003999465888498,,
2023-11-19,,37386.546875,,,12915986553,,,0.0256846306699186,,2.1889527372586093,,
2023-11-20,4547.3798828125,37476.95703125,14284.5302734375,3644790000.0,20888209068,4561810000.0,0.0091997870840182,0.0257026065594299,0.0119355538510929,0.24182537251242753,0.7390278097329839,1.1259780156814392
2023-11-21,4538.18994140625,35813.8125,14199.98046875,3511080000.0,25172163756,4128600000.0,0.009196626898475,0.0274522835627553,0.0119960995827155,-4.437779006078834,-0.20209310950652926,-0.5918976898016903
2023-11-22,4556.6201171875,37432.33984375,14265.8603515625,3042810000.0,24397247860,3855240000.0,0.0091941819067385,0.0225307070383172,0.0119647381440562,4.5192824521265385,0.406112922094648,0.4639434748342275
2023-11-23,,37289.62109375,,,14214948217,,,0.0222436768789716,,-0.3812712499291715,,
2023-11-24,4559.33984375,37720.28125,14250.849609375,1639500000.0,22922957823,2541840000.0,0.0090830918754995,0.0221350900533406,0.0118862198025432,1.1549062275727495,0.059687366788407914,-0.10522142946574053
2023-11-25,,37796.79296875,,,9099571165,,,0.0219987915218149,,0.20283973558654633,,
2023-11-26,,37479.12109375,,,13744796068,,,0.0220196264689335,,-0.8404730932136117,,
2023-11-27,4550.43017578125,37254.16796875,14241.01953125,3403990000.0,19002925720,4205880000.0,0.0090231771142525,0.0220817618551044,0.0115996162265798,-0.6002091789647501,-0.1954157460090089,-0.06897889174645178
2023-11-28,4554.89013671875,37831.0859375,14281.759765625,3586240000.0,21696137014,4474400000.0,0.008866704020563,0.0221217859470519,0.0114497444823721,1.548599794884531,0.09801185306033133,0.28607666948001764
2023-11-29,4550.580078125,37858.4921875,14258.490234375,4418760000.0,20728546658,4890220000.0,0.0088728455816008,0.0221128819841325,0.0114394861306211,0.07244373065387055,-0.09462486392383118,-0.1629318209511399
2023-11-30,4567.7998046875,37712.74609375,14226.2197265625,5399300000.0,18115982627,5678070000.0,0.008427500332118,0.0221463699666304,0.0109501824090032,-0.38497596002547985,0.37840728581564065,-0.22632485825673232
2023-12-01,4594.6298828125,38688.75,14305.0302734375,4397120000.0,23512784002,5607000000.0,0.0082207553798425,0.0222630636020985,0.0107310588030892,2.5879947957747618,0.5873742123607695,0.5539809477836721
2023-12-02,,39476.33203125,,,15534035612,,,0.0222357654190591,,2.0356874575942596,,
2023-12-03,,39978.390625,,,15769696322,,,0.0222065058439591,,1.2717964611113297,,
2023-12-04,4569.77978515625,41980.09765625,14185.490234375,4369910000.0,39856129827,6270020000.0,0.0078622352016366,0.023615305624765,0.0103900685285237,5.006972516793251,-0.5408509126972105,-0.835650374571173
2023-12-05,4567.18017578125,44080.6484375,14229.91015625,3909950000.0,36312154535,6179120000.0,0.0078437374284463,0.0248289277064435,0.0103899628544196,5.003682455553493,-0.056886972616143616,0.31313631845699685
2023-12-06,4549.33984375,43746.4453125,14146.7099609375,4245680000.0,29909761586,5167030000.0,0.0078833550482747,0.0249447180408047,0.0104401083261225,-0.7581629055975703,-0.3906202808869552,-0.584685317046485
2023-12-07,4585.58984375,43292.6640625,14339.990234375,3818880000.0,27635760671,5694310000.0,0.0072815016211203,0.0251407333720173,0.0092964267041757,-1.0372985662227885,0.7968189065892917,1.3662559985409661
2023-12-08,4604.3701171875,44166.6015625,14403.9697265625,3707010000.0,24421116687,5430840000.0,0.0067135744000736,0.0252572474128607,0.0083640545887533,2.018673414826888,0.40954978699407896,0.4461613372241491
2023-12-09,,43725.984375,,,17368210171,,,0.0251065386840093,,-0.9976252913108663,,
2023-12-10,,43779.69921875,,,13000481418,,,0.0250334495143559,,0.12284421841561866,,
2023-12-11,4622.43994140625,41243.83203125,14432.490234375,3823210000.0,40632672038,5607820000.0,0.0065244525452439,0.0276656515598178,0.0083755927180316,-5.792335792051162,0.3924494286698943,0.1980044970512962
2023-12-12,4643.7001953125,41450.22265625,14533.400390625,3808380000.0,24779520132,4950100000.0,0.0063460814258434,0.0276453659593328,0.0082831552104009,0.5004157345118276,0.45993575202152304,0.6991874209597793
2023-12-13,4707.08984375,42890.7421875,14733.9599609375,5063650000.0,26797884674,6732040000.0,0.0065838896425462,0.0279514838709703,0.0084607980368038,3.475299863154757,1.3650676351045998,1.3799906761109648
2023-12-14,4719.5498046875,43023.97265625,14761.5595703125,6314040000.0,25578530178,8033170000.0,0.0064671818254729,0.027290514000043,0.0081793319561649,0.31062756659134827,0.26470624846992585,0.1873196984936376
2023-12-15,4719.18994140625,41929.7578125,14813.919921875,8218980000.0,19639442462,8377630000.0,0.0058332190533896,0.0256367596147645,0.0077666855888532,-2.543267802098337,-0.00762494933082003,0.35470745020602656
2023-12-16,,42240.1171875,,,14386729590,,,0.0238365552558941,,0.7401888090740938,,
2023-12-17,,41364.6640625,,,16678702876,,,0.0242650470265713,,-2.072563201266564,,
2023-12-18,4740.56005859375,42623.5390625,14904.8095703125,4060340000.0,25224642008,5866080000.0,0.0057163307981323,0.0247022882501381,0.0075447221446245,3.0433584522719714,0.45283443669004164,0.613542188136762
2023-12-19,4768.3701171875,42270.52734375,15003.2197265625,4026970000.0,23171001281,5757180000.0,0.0057392719991026,0.0246152718882449,0.0075672300567949,-0.8282083715112631,0.5866407818910568,0.660257722755575
2023-12-20,4698.35009765625,43652.25,14777.9404296875,4201320000.0,27868908174,6294700000.0,0.0065896661918316,0.0251390376224259,0.0082163770907949,3.2687613405284255,-1.4684266911006771,-1.5015396760213684
2023-12-21,4746.75,43869.15234375,14963.8701171875,3431180000.0,22452766169,5465640000.0,0.0067389719420844,0.0232636774354319,0.0083999818799438,0.49688697318006625,1.030146782120256,1.2581569697390549
2023-12-22,4754.6298828125,43997.90234375,14992.9697265625,3046770000.0,21028503216,4796600000.0,0.0064291733926796,0.0221678602070834,0.0080633468476102,0.2934864092908329,0.16600585268868873,0.194465797598542
2023-12-23,,43739.54296875,,,13507796558,,,0.0222006925767016,,-0.5872083923035065,,
2023-12-24,,43016.1171875,,,18830554085,,,0.0225240242407,,-1.653939964043194,,
2023-12-25,,43613.140625,,,21115795370,,,0.0225838798406533,,1.3879063861056418,,
2023-12-26,4774.75,42520.40234375,15074.5703125,2513910000.0,30026850982,6120600000.0,0.0059869759905132,0.0231304962844431,0.0074266869175025,-2.5055253200995553,0.42316894655107795,0.5442589922190821
2023-12-27,4781.580078125,43442.85546875,15099.1796875,2748450000.0,25260941032,7480170000.0,0.0059562256489037,0.0232553821689748,0.007367710067013,2.1694364920222586,0.14304577464787638,0.163250921849456
2023-12-28,4783.35009765625,42627.85546875,15095.1396484375,2698860000.0,22992093014,5090570000.0,0.0051191291781526,0.0235755086558163,0.006301829678855,-1.8760276947869081,0.03701746080437829,-0.026756679144923634
2023-12-29,4769.830078125,42099.40234375,15011.349609375,3126060000.0,26000021055,5441060000.0,0.0051963914588188,0.0237607708333469,0.00645792337572,-1.2396896798793966,-0.2826475013374963,-0.5550795886222426
2023-12-30,,42156.90234375,,,16013925945,,,0.0237238160522586,,0.13658151137276864,,
2023-12-31,,42265.1875,,,16397498810,,,0.0233626577306232,,0.2568622223877659,,
2024-01-01,,44167.33203125,,,18426978443,,,0.0243542117098079,,4.50049945064126,,
2024-01-02,4742.830078125,44957.96875,14765.9404296875,3743050000.0,39335274536,5791170000.0,0.0053777108516291,0.0244361987983224,0.0072925045046249,1.7900939051301412,-0.5660579005492328,-1.6348242234944355
2024-01-03,4704.81005859375,42848.17578125,14592.2099609375,3950760000.0,46342323118,5449950000.0,0.0056643543070068,0.0246949367856526,0.0076888393083631,-4.692812036242189,-0.8016314922730805,-1.1765621673558213
2024-01-04,4688.68017578125,44179.921875,14510.2998046875,3715480000.0,30448091210,5289220000.0,0.0056138805811017,0.0236731035902197,0.0075378901275889,3.108057856532498,-0.3428381297357008,-0.5613279720430908
2024-01-05,4697.240234375,44162.69140625,14524.0703125,3844370000.0,32336029347,5232820000.0,0.0055858425033491,0.023628935152954,0.0074386054626639,-0.03900067727314882,0.18256861788026324,0.09490160780862844
2024-01-06,,43989.1953125,,,16092503468,,,0.0235567819353016,,-0.3928567037593367,,
2024-01-07,,43943.09765625,,,19330573863,,,0.0232690728008339,,-0.10479313368322307,,
2024-01-08,4763.5400390625,46970.50390625,14843.76953125,3742320000.0,42746192015,6337770000.0,0.0060420357226592,0.0261760543988999,0.008349474232612,6.889378335779228,1.4114629309846638,2.201168211605631
2024-01-09,4756.5,46139.73046875,14857.7099609375,3529960000.0,39821290992,5068410000.0,0.0060643470619011,0.026435495921273,0.008337837129845,-1.7687130611972357,-0.14779006799081618,0.09391435011270044
2024-01-10,4783.4501953125,46627.77734375,14969.650390625,3498680000.0,50114613298,4404590000.0,0.0060776983325853,0.023785450713557,0.008401362579516,1.0577584004972662,0.566597189372442,0.7534164415768263
2024-01-11,4780.240234375,46368.5859375,14970.1904296875,3759890000.0,45833734549,5044690000.0,0.0060915732183794,0.0238497754883208,0.0084033291528703,-0.5558733892443213,-0.06710555783868699,0.0036075596183460235
2024-01-12,4783.830078125,42853.16796875,14972.759765625,3486340000.0,43332698900,4958940000.0,0.0060748706135536,0.0275203245919116,0.008386088698754,-7.581464687080208,0.07509755941104146,0.01716301438894341
2024-01-13,,42842.3828125,,,20601860469,,,0.0275139796987386,,-0.025167698821859652,,
2024-01-14,,41796.26953125,,,17521429522,,,0.0274811931409317,,-2.44177193838242,,
2024-01-15,,42511.96875,,,22320220558,,,0.027626896496126,,1.712351907901466,,
2024-01-16,4765.97998046875,43154.9453125,14944.349609375,4260550000.0,24062872740,6386180000.0,0.0061394398686386,0.027456776197721,0.0083804829493071,1.5124600939588229,-0.37313402367431525,-0.18974562268223583
2024-01-17,4739.2099609375,42742.65234375,14855.6201171875,3928600000.0,20851232595,5181740000.0,0.0062108036342186,0.0269835947403889,0.0084587848122262,-0.9553782672285682,-0.5616897183990499,-0.5937327117390034
2024-01-18,4780.93994140625,41262.05859375,15055.650390625,4019000000.0,25218357242,5587440000.0,0.0062424354189063,0.0277114528024303,0.0085356397576008,-3.4639725632667706,0.8805260963896,1.3464956148553586
2024-01-19,4839.81005859375,41618.40625,15310.9697265625,4287200000.0,25752407154,5604950000.0,0.0065270994401692,0.0270712609129282,0.0089544560951705,0.863620644230223,1.2313502764936146,1.6958373056834786
2024-01-20,,41665.5859375,,,11586690904,,,0.0270483656915335,,0.11336255217606617,,
2024-01-21,,41545.78515625,,,9344043642,,,0.0270347316010393,,-0.28752933279206916,,
2024-01-22,4850.43017578125,39507.3671875,15360.2900390625,4297610000.0,31338708143,5456240000.0,0.0064330256304057,0.0284399779107108,0.0088164607495188,-4.906437466721814,0.21943252026270788,0.32212402859392864
2024-01-23,4864.60009765625,39845.55078125,15425.9404296875,3912800000.0,29244553045,5207680000.0,0.0063415861117416,0.0284061965859001,0.008583027488596,0.8560013431039293,0.2921374261968035,0.4274033267473776
2024-01-24,4868.5498046875,40077.07421875,15481.919921875,4330030000.0,22359526178,4983210000.0,0.0063320483179632,0.028284951474429,0.008577636214652,0.5810521700930993,0.08119284117831249,0.3628919250833196
2024-01-25,4894.16015625,39933.80859375,15510.5,4020430000.0,18491782013,5281570000.0,0.0063515694340231,0.0279637032756311,0.0085779008775354,-0.35747525934159974,0.5260365527706368,0.18460293212483325
2024-01-26,4890.97021484375,41816.87109375,15455.3603515625,3353400000.0,25598119893,4510530000.0,0.0063472501826248,0.0290197913796501,0.0085999910887781,4.715459322091098,-0.06517852510764532,-0.35549884554011424
2024-01-27,,42120.0546875,,,11422941934,,,0.0288632568168882,,0.7250269707417489,,
2024-01-28,,42035.59375,,,16858971687,,,0.0287753903673418,,-0.2005242826170095,,
2024-01-29,4927.93017578125,43288.24609375,15628.0400390625,3525160000.0,20668476578,4979310000.0,0.0060481711856666,0.0292726626135395,0.0084910891319958,2.9799801358818767,0.7556774896180896,1.1172802417547256
2024-01-30,4924.97021484375,42952.609375,15509.900390625,3836130000.0,23842814518,4719240000.0,0.0060565422612388,0.029313102649163,0.008668426367043,-0.7753530092744043,-0.06006499345398986,-0.7559466711257956
2024-01-31,4845.64990234375,42582.60546875,15164.009765625,4696120000.0,24673628793,5875610000.0,0.0068596640822627,0.0281740867804672,0.0097176885555142,-0.861423582021903,-1.6105744611597972,-2.2301279588428202
2024-02-01,4906.18994140625,43075.7734375,15361.6396484375,4386090000.0,21423953779,5046920000.0,0.0071494925443381,0.028052245078954,0.0099249416309272,1.1581441842771323,1.2493688211609788,1.3032824817912125
2024-02-02,4958.60986328125,43185.859375,15628.9501953125,3974350000.0,18603843039,4800690000.0,0.0073093614184488,0.0266368385975193,0.0103151455006427,0.25556346111748063,1.068444607751462,1.740117285606213
2024-02-03,,42992.25,,,11169245236,,,0.0260217374986404,,-0.44831659668692625,,
2024-02-04,,42583.58203125,,,14802225490,,,0.0260691551357352,,-0.9505619472114146,,
2024-02-05,4942.81005859375,42658.66796875,15597.6796875,4023640000.0,18715487317,4831020000.0,0.0067107209388038,0.0260693922012156,0.009859847124201,0.17632602500394778,-0.31863375266721894,-0.20008066710635042
2024-02-06,4954.22998046875,43084.671875,15609.0,4440880000.0,16798476726,4759640000.0,0.0065152831973742,0.0261460714084166,0.0096512378690548,0.9986338686479135,0.23104108269635937,0.07257690071089673
2024-02-07,4995.06005859375,44318.22265625,15756.6396484375,4895590000.0,21126587775,4567580000.0,0.0066320155574942,0.0235498873676172,0.0097613114977912,2.8630850081180936,0.8241457963390042,0.9458623130085275
2024-02-08,4997.91015625,45301.56640625,15793.7099609375,4341860000.0,26154524080,5675850000.0,0.0066165564743129,0.0237427898763451,0.0097364440937915,2.2188248784866804,0.057058326082515265,0.23526788279171207
2024-02-09,5026.60986328125,47147.19921875,15990.66015625,3912990000.0,39316770844,5797260000.0,0.0066608210357739,0.0248019223450978,0.0099356256486825,4.0741037427910465,0.5742341525559524,1.2470166654928727
2024-02-10,,47771.27734375,,,16398681570,,,0.0248826621098088,,1.3236801662479536,,
2024-02-11,,48293.91796875,,,19315867136,,,0.01983630150268,,1.0940478338881565,,
2024-02-12,5021.83984375,49958.22265625,15942.5498046875,3805740000.0,34511985805,5458490000.0,0.0066740156599247,0.0205509923061543,0.009968985346433,3.4461993507690414,-0.09489536011326738,-0.30086532446064185
2024-02-13,4953.169921875,49742.44140625,15655.599609375,4302190000.0,35593051468,5599860000.0,0.0072034158298064,0.0198553539180827,0.0105397901820562,-0.4319233922406296,-1.3674255653625456,-1.799901514048463
2024-02-14,5000.6201171875,51826.6953125,15859.150390625,3845600000.0,39105608050,5092660000.0,0.0072337884457883,0.0207869367699768,0.0101803057058609,4.190091694992915,0.9579763275017639,1.3001787624161487
2024-02-15,5029.72998046875,51938.5546875,15906.169921875,4137970000.0,38564360533,6049100000.0,0.0070249215177736,0.0207400972604195,0.0098198594119774,0.21583350882306007,0.5821250684729495,0.29648203145733465
2024-02-16,5005.56982421875,52160.203125,15775.650390625,3833270000.0,28180567298,5223800000.0,0.0070676784917681,0.0205298892185653,0.0099089619418703,0.4267512618200353,-0.48034698371121065,-0.8205591408306456
2024-02-17,,51662.99609375,,,20009091006,,,0.0192164593026467,,-0.9532306269177337,,
2024-02-18,,52122.546875,,,17595377311,,,0.0192170258512068,,0.8895163192163213,,
2024-02-19,,51779.14453125,,,21362184346,,,0.0193570054213385,,-0.6588364620277343,,
2024-02-20,4975.509765625,52284.875,15630.7802734375,4034880000.0,33353758256,5595700000.0,0.0072247827842597,0.0192662619830404,0.0101453389121434,0.9767068832988945,-0.6005322001165325,-0.918314703992118
2024-02-21,4981.7998046875,51839.1796875,15580.8701171875,3788390000.0,28624907020,4845740000.0,0.0068541082169539,0.016197907724695,0.0095095994022065,-0.8524364120598982,0.1264199922982101,-0.3193068764124063
2024-02-22,5087.02978515625,51304.97265625,16041.6201171875,4051710000.0,25413900611,5653930000.0,0.0076869410161965,0.0165815898798329,0.0107532166910035,-1.0305082651198116,2.112288421741404,2.9571519211352593
2024-02-23,5088.7998046875,50731.94921875,15996.8203125,3672790000.0,21427078270,5077910000.0,0.0076667474946517,0.0169617817674263,0.0107541824377684,-1.1168964874795462,0.03479475462115911,-0.2792723201286873
2024-02-24,,51571.1015625,,,15174077879,,,0.0168893307862048,,1.6540904827679226,,
2024-02-25,,51733.23828125,,,15413239245,,,0.0153461610471544,,0.3143945229742817,,
2024-02-26,5069.52978515625,54522.40234375,15976.25,3683930000.0,34074411896,5417630000.0,0.0077261129363074,0.017443538163099,0.0107661175521386,5.391435284481116,-0.3786751350190576,-0.12859000787753816
2024-02-27,5078.18017578125,57085.37109375,16035.2998046875,3925950000.0,49756832031,5423020000.0,0.0077229323472998,0.0185960817041801,0.0107627792094876,4.700762695380023,0.17063496993998672,0.3696099190204194
2024-02-28,5069.759765625,62504.7890625,15947.740234375,3789370000.0,83239156760,5581690000.0,0.0076789606032291,0.0235000519510474,0.0108303162926002,9.493531994124748,-0.1658155060430544,-0.5460426146002173
2024-02-29,5096.27001953125,61198.3828125,16091.919921875,5219740000.0,65496611844,6265340000.0,0.0075587122306617,0.0240126651562589,0.010787719880453,-2.090089846865484,0.5229094697149161,0.9040759717745095
2024-03-01,5137.080078125,62440.6328125,16274.9404296875,4748110000.0,40186368423,5457910000.0,0.0075371688991047,0.0237404007052168,0.0107233952330867,2.029873900109447,0.800782894888763,1.1373441373127013
2024-03-02,,62029.84765625,,,23888473685,,,0.0240020817342818,,-0.6578811548619723,,
2024-03-03,,63167.37109375,,,26253811450,,,0.0239559627951574,,1.833832389535761,,
2024-03-04,5130.9501953125,68330.4140625,16207.509765625,4758440000.0,70670471105,5725470000.0,0.0073283395707657,0.0265613601030632,0.0104442686109524,8.173591649219114,-0.11932620709189656,-0.4143220330287578
2024-03-05,5078.64990234375,63801.19921875,15939.58984375,4418410000.0,102802940877,6356800000.0,0.0076583857149242,0.0303879227434495,0.0109751451192474,-6.628402455760396,-1.0193100883444606,-1.6530603760192664
2024-03-06,5104.759765625,66106.8046875,16031.5400390625,4559050000.0,68750229073,5511370000.0,0.0076827659433277,0.0305632043817648,0.0109926517726444,3.613733749494208,0.5141103203274655,0.5768667588931464
2024-03-07,5157.35986328125,66925.484375,16273.3798828125,4137980000.0,46989543159,5072790000.0,0.0078407817031125,0.030553789582642,0.0112678035926177,1.2384196927533564,1.0304127925951478,1.5085253391797115
2024-03-08,5123.68994140625,68300.09375,16085.1103515625,4208870000.0,59202881172,5411790000.0,0.0079630944491258,0.0304669333831344,0.0115261301135373,2.0539401213709896,-0.6528519003437983,-1.1569172022392493
2024-03-09,,68498.8828125,,,21609650379,,,0.0305029821069005,,0.2910524006418447,,
2024-03-10,,69019.7890625,,,35683977532,,,0.0301160412256595,,0.7604594828588107,,
2024-03-11,5117.93994140625,72123.90625,16019.26953125,3896430000.0,65716656765,4917620000.0,0.0079680015217393,0.0306534328496506,0.0115342668252715,4.497430707429584,-0.1122238087346461,-0.4093277501581061
2024-03-12,5175.27001953125,71481.2890625,16265.6396484375,4080510000.0,62554434520,5100330000.0,0.0080883904645142,0.0309296118373501,0.0116813156724984,-0.8909905479502545,1.1201787981366396,1.5379609957051343
2024-03-13,5165.31005859375,73083.5,16177.76953125,4282890000.0,48212536929,4839000000.0,0.0081046152139139,0.0307311314808455,0.011630751186415,2.2414410239567806,-0.19245297153407392,-0.540219254125307
2024-03-14,5150.47998046875,71396.59375,16128.5302734375,4687970000.0,59594605698,5450980000.0,0.0074303584901973,0.0312854891406109,0.0107576342689574,-2.30819028918976,-0.28710915621273925,-0.30436369931828855
2024-03-15,5117.08984375,69403.7734375,15973.169921875,7753670000.0,78320453976,8261950000.0,0.0073208617751624,0.0316292404571233,0.010760804801813,-2.7911980219644583,-0.6482917484461503,-0.9632641594030877
2024-03-16,,65315.1171875,,,46842198371,,,0.0341326886715686,,-5.891115205258901,,
2024-03-17,,68390.625,,,44716864318,,,0.0348341683339045,,4.708722796395115,,
2024-03-18,5149.419921875,67548.59375,16103.4501953125,4036220000.0,49261579492,5025040000.0,0.0071739388851854,0.0348896747002879,0.0104178260635468,-1.23120859035869,0.6318059504952345,0.8156194047562515
2024-03-19,5178.509765625,61912.7734375,16166.7900390625,4031760000.0,74215844794,4758740000.0,0.0071660965096651,0.0390496566350484,0.0104151890475541,-8.343356981432349,0.5649149650123642,0.3933308886094222
2024-03-20,5224.6201171875,67913.671875,16369.41015625,4064850000.0,66792634382,5298380000.0,0.0072888608467308,0.0420471901755421,0.0106152213309228,9.692504638897837,0.8904173912846591,1.253310748131975
2024-03-21,5241.52978515625,65491.390625,16401.83984375,4207730000.0,44480350565,5134740000.0,0.0071933322902227,0.0428539900408444,0.01051243904437,-3.5667063539995048,0.32365354015160275,0.19811152137096943
2024-03-22,5234.18017578125,63778.76171875,16428.8203125,3374700000.0,41401116964,4339930000.0,0.0072121248447104,0.0432095690826043,0.0105108847873913,-2.615044343853401,-0.14021878490156903,0.16449659920487747
2024-03-23,,64062.203125,,,24738964812,,,0.0430899607131762,,0.4444134671348854,,
2024-03-24,,67234.171875,,,27206630673,,,0.0435711751965387,,4.951388799118828,,
2024-03-25,5218.18994140625,69958.8125,16384.470703125,3331360000.0,42700139523,4636940000.0,0.0072146495625735,0.0439074093782554,0.0103218603218491,4.052464020923141,-0.30549644525015296,-0.26995005442512765
2024-03-26,5203.580078125,69987.8359375,16315.7001953125,3871790000.0,36010437368,5144260000.0,0.0072420057728916,0.0439252544701886,0.0103393838659164,0.041486463910467286,-0.2799795225030266,-0.4197298103708835
2024-03-27,5248.490234375,69455.34375,16399.51953125,3850500000.0,40827113309,4768930000.0,0.0067862943898979,0.0432895625054399,0.009724749777871,-0.7608353371227561,0.8630626525532925,0.5137342249128984
2024-03-28,5254.35009765625,70744.953125,16379.4599609375,3998270000.0,34374900617,5174450000.0,0.0066333646336342,0.0427474823728683,0.0094946024204341,1.8567460837021654,0.11164855071790214,-0.12231803666122865
2024-03-29,,69892.828125,,,25230851763,,,0.0398412327489845,,-1.204502883045766,,
2024-03-30,,69645.3046875,,,17130241883,,,0.0395917222588882,,-0.35414711944022903,,
2024-03-31,,71333.6484375,,,20050941373,,,0.0396509755784563,,2.424203264779501,,
2024-04-01,5243.77001953125,69702.1484375,16396.830078125,3325930000.0,34873527352,4798390000.0,0.0066181069632248,0.0399237312890334,0.0094879337761547,-2.2871394296192005,-0.20135845401164643,0.1060481678206937
2024-04-02,5205.81005859375,65446.97265625,16240.4501953125,3886590000.0,50705240709,4710280000.0,0.0067117748114929,0.0416356363280193,0.0095361593014756,-6.104798598949213,-0.723905907316913,-0.9537202134034861
2024-04-03,5211.490234375,65980.8125,16277.4599609375,3703250000.0,34488018367,5151500000.0,0.0065679677382618,0.0390254348959599,0.0093414290163846,0.8156830210526378,0.1091122364688113,0.22788632814920717
2024-04-04,5147.2099609375,68508.84375,16049.080078125,4075680000.0,34439527442,5368700000.0,0.0070453102703172,0.0374849284446582,0.0097301344463756,3.8314642609167615,-1.2334336350379616,-1.4030437387686057
2024-04-05,5204.33984375,67837.640625,16248.51953125,3386780000.0,33748230056,4578130000.0,0.0062769443074871,0.0370143752310391,0.0084538653595306,-0.9797320875087778,1.1099194174331695,1.242684640827707
2024-04-06,,68896.109375,,,19967785809,,,0.0370527430270019,,1.5602971156545964,,
2024-04-07,,69362.5546875,,,21204930369,,,0.0368905943194228,,0.6770270726916605,,
2024-04-08,5202.39013671875,71631.359375,16253.9599609375,3278180000.0,37261432669,4386700000.0,0.006279965709226,0.037340619653455,0.0084319918714516,3.270935878474601,-0.037463099831791524,0.03348261776734418
2024-04-09,5209.91015625,69139.015625,16306.6396484375,3400680000.0,36426900409,4869190000.0,0.0062222329780343,0.0379194362521529,0.0084387879748064,-3.4794031158228322,0.14454931932483817,0.32410371150539685
2024-04-10,5160.64013671875,70587.8828125,16170.3603515625,3845930000.0,38318601774,5308250000.0,0.0065029733662826,0.0372216446832696,0.0085774845486311,2.09558550176423,-0.9456980649108493,-0.8357288798496176
2024-04-11,5199.06005859375,70060.609375,16442.19921875,3509380000.0,30153382941,4714750000.0,0.0066075690265089,0.0372115133034328,0.0090073538470855,-0.7469744331340511,0.7444797710585593,1.6810934405752542
2024-04-12,5123.41015625,67195.8671875,16175.08984375,3963220000.0,44129299406,4552740000.0,0.0071293088899547,0.0376856758021396,0.009414393284177,-4.088948430588779,-1.455068829580164,-1.62453557122334
2024-04-13,,63821.47265625,,,52869738185,,,0.0385563159057592,,-5.0217292706919885,,
2024-04-14,,65738.7265625,,,49084320047,,,0.0387329454340707,,3.004089104268326,,
2024-04-15,5061.81982421875,63426.2109375,15885.01953125,3950210000.0,43595917654,4910550000.0,0.007311582595837,0.0376793104010812,0.0097399626630876,-3.517737178558533,-1.202135494776202,-1.793315000423834
2024-04-16,5051.41015625,63811.86328125,15865.25,4006200000.0,42847528078,5001860000.0,0.0073161480722745,0.0366532881971415,0.0097199931186634,0.6080330797783695,-0.20565070133361507,-0.12445393102040736
2024-04-17,5022.2099609375,61276.69140625,15683.3701171875,3596130000.0,41915247049,4991470000.0,0.0071555844177142,0.0372752842322193,0.009471191409019,-3.9728848910527192,-0.5780602724641426,-1.1464041399442126
2024-04-18,5011.1201171875,63512.75390625,15601.5,3619760000.0,36006307335,4932540000.0,0.0070861637672146,0.0343829165279203,0.0094318164908332,3.649124077498622,-0.2208160119998248,-0.5220186514490188
2024-04-19,4967.22998046875,63843.5703125,15282.009765625,3878750000.0,49920425401,5316010000.0,0.0069304183917712,0.0297382142144857,0.0096072897242575,0.5208661031110617,-0.875854812743615,-2.0478174173957586
2024-04-20,,64994.44140625,,,23097485495,,,0.0292268202563551,,1.8026421268684478,,
2024-04-21,,64926.64453125,,,20506644853,,,0.0288050838698425,,-0.10431180502996629,,
2024-04-22,5010.60009765625,66837.6796875,15451.3095703125,3820250000.0,28282686673,4616730000.0,0.0070856570654926,0.0292638131578604,0.0097211007813618,2.9433758205850147,0.8731248071466746,1.1078373020564358
2024-04-23,5070.5498046875,66407.2734375,15696.6396484375,3751400000.0,24310975583,4951670000.0,0.0074507713056833,0.0279135591161298,0.0101910957413509,-0.6439574982440521,1.1964576270872662,1.5877623641452843
2024-04-24,5071.6298828125,64276.8984375,15712.75,3656740000.0,30276655120,4735870000.0,0.0071320218682363,0.0274470402165228,0.0097449105190551,-3.208044676017341,0.02130100613548791,0.10263567185926359
2024-04-25,5048.419921875,64481.70703125,15611.759765625,3958050000.0,32155786816,4743640000.0,0.0071645952674993,0.0274629384043324,0.0097622728976009,0.31863484195515657,-0.4576430353515626,-0.6427279398895758
2024-04-26,5099.9599609375,63755.3203125,15927.900390625,3604140000.0,24139372950,4694400000.0,0.0074225723038634,0.0274939311242021,0.0104937358014277,-1.1265004482557628,1.020914263474304,2.025015947888842
2024-04-27,,63419.140625,,,19530783039,,,0.0272011418171306,,-0.5272966802647994,,
2024-04-28,,63113.23046875,,,17334827993,,,0.0271553633522882,,-0.4823625063903991,,
2024-04-29,5116.169921875,63841.12109375,15983.080078125,3447450000.0,26635912073,4972520000.0,0.0073549157001955,0.0272905979686329,0.0103672511375427,1.1533090916022948,0.31784486665891176,0.3464341573386376
2024-04-30,5035.68994140625,60636.85546875,15657.8203125,4082470000.0,37840840057,5229400000.0,0.0077988836626526,0.0281921081535135,0.0109030436870152,-5.0191249309274655,-1.5730513586862171,-2.0350255647543336
2024-05-01,5018.39013671875,58254.01171875,15605.48046875,4544170000.0,48439780271,5277790000.0,0.0077185585403044,0.0287244564526016,0.010872050966099,-3.929695449375714,-0.34354388154940185,-0.3342728598578648
2024-05-02,5064.2001953125,59123.43359375,15840.9599609375,4381660000.0,32711813559,4901610000.0,0.0077285005893551,0.0268509337128141,0.010990190765779,1.4924669552331737,0.9128437077573048,1.5089538105478306
2024-05-03,5127.7900390625,62889.8359375,16156.330078125,3924990000.0,33172023048,4887310000.0,0.0080810765403498,0.0293161144309351,0.011620048951382,6.370405294167747,1.2556739721478527,1.9908523092361685
2024-05-04,,63891.47265625,,,20620477992,,,0.0285717792538368,,1.5926845790239064,,
2024-05-05,,64031.1328125,,,18296164805,,,0.0285470063494333,,0.2185896653241981,,
2024-05-06,5180.740234375,63161.94921875,16349.25,3683250000.0,28697928697,4460130000.0,0.0083251018687642,0.0284299248862442,0.0118332296408486,-1.3574390387488533,1.032612390701182,1.1940825728499194
2024-05-07,5187.7001953125,62334.81640625,16332.5595703125,3987890000.0,25930730982,5041870000.0,0.0083143396652644,0.0284296467155589,0.0118247558337991,-1.309542885757653,0.13434298232750663,-0.10208682164319915
2024-05-08,5187.669921875,61187.94140625,16302.759765625,3842100000.0,26088172222,4530190000.0,0.0082997515079794,0.0277306467471826,0.0118042641731357,-1.8398626419713127,-0.0005835618166138978,-0.1824564273542717
2024-05-09,5214.080078125,63049.9609375,16346.259765625,3727370000.0,25453338161,4505120000.0,0.0081969238117321,0.0278478706416773,0.0117757648849674,3.043115176709965,0.5090947698625836,0.26682598912928235
2024-05-10,5222.68017578125,60792.77734375,16340.8701171875,3617900000.0,27804954694,4402110000.0,0.0082004879067779,0.0281179722828812,0.0117739755763,-3.5799920573900024,0.1649398844549843,-0.032971753262078796
2024-05-11,,60793.7109375,,,13842272968,,,0.0281282267870837,,0.0015356984674586016,,
2024-05-12,,61448.39453125,,,13800459405,,,0.0273678157564143,,1.076893618853214,,
2024-05-13,5221.419921875,62901.44921875,16388.240234375,4255710000.0,27889181179,4452750000.0,0.0081933483678871,0.0261771784529219,0.0117848537721602,2.3646747788683697,-0.024130405535727206,0.28988736124690995
2024-05-14,5246.68017578125,61552.7890625,16511.1796875,4763580000.0,28186271527,7270240000.0,0.0081280129274757,0.0258166783212291,0.0117187168999464,-2.144084393922019,0.4837813139759728,0.7501687268846036
2024-05-15,5308.14990234375,66267.4921875,16742.390625,4360810000.0,39815167074,8538990000.0,0.0083895185703688,0.0285110081051097,0.0119674768210118,7.659609250545496,1.1715927882596233,1.40032960621852
2024-05-16,5297.10009765625,65231.58203125,16698.3203125,3817470000.0,31573077994,11932600000.0,0.0080413535231231,0.028667426430956,0.0116481559942207,-1.563225228621834,-0.20816677921287052,-0.2632259244638169
2024-05-17,5303.27001953125,67051.875,16685.970703125,3578120000.0,28031279310,9587280000.0,0.0078133387889404,0.0279732661681621,0.0114645186871193,2.790508695432159,0.11647735102702228,-0.07395719535787659
2024-05-18,,66940.8046875,,,16712277406,,,0.0272846116854018,,-0.16564833198177142,,
2024-05-19,,66278.3671875,,,19249094538,,,0.0273586564607447,,-0.9895869986810912,,
2024-05-20,5308.1298828125,71448.1953125,16794.869140625,3420100000.0,43850655717,6861320000.0,0.0078111821107886,0.0303863138509919,0.0115095579846074,7.800174241430358,0.09163899374069473,0.6526347159389712
2024-05-21,5321.41015625,70136.53125,16832.619140625,3662240000.0,46932005990,6245090000.0,0.0078171526903639,0.0306363026719036,0.0115046131179975,-1.8358253231772315,0.2501874243978186,0.2247710278890258
2024-05-22,5307.009765625,69122.3359375,16801.5390625,3847130000.0,32802561717,7277340000.0,0.0076068419450536,0.0303715427367022,0.011380613634603,-1.446030042296964,-0.2706123039226127,-0.18464196133320954
2024-05-23,5267.83984375,67929.5625,16736.029296875,3869520000.0,41895680979,7752800000.0,0.0076524481356596,0.0305310887227873,0.0110356476461784,-1.7255976976508713,-0.7380789485015526,-0.3899033617177028
2024-05-24,5304.72021484375,68526.1015625,16920.7890625,3005510000.0,29197308153,5836040000.0,0.0071859803221065,0.0298998778371356,0.0107106200632823,0.8781729788116976,0.700104258816947,1.1039641622729413
2024-05-25,,69265.9453125,,,15473071741,,,0.029940815470341,,1.0796524727518797,,
2024-05-26,,68518.09375,,,15628433737,,,0.029933461712495,,-1.0796814497022966,,
2024-05-27,,69394.5546875,,,25870990717,,,0.029954401710469,,1.2791671360530277,,
2024-05-28,5306.0400390625,68296.21875,17019.880859375,3751540000.0,32722265965,6293380000.0,0.0067405324104916,0.0301230191920691,0.0100728794922626,-1.5827408107827234,0.02488018529340774,0.5856216072961384
2024-05-29,5266.9501953125,67578.09375,16920.580078125,3552750000.0,26707072906,6652480000.0,0.0069079130980355,0.0301687773762387,0.0101634845123872,-1.051485738366742,-0.7367046509680453,-0.5834399316332561
2024-05-30,5235.47998046875,68364.9921875,16737.080078125,3818750000.0,29509712534,6659290000.0,0.0069150215297216,0.0284696048057261,0.0101350280706143,1.1644282841286824,-0.5975035585443322,-1.0844781866387043
2024-05-31,5277.509765625,67491.4140625,16735.01953125,5437160000.0,27387283769,6674090000.0,0.0069826984850941,0.0274306334634027,0.0100489164868713,-1.2778150001159894,0.802787620486467,-0.012311268544940024
2024-06-01,,67706.9375,,,11641495604,,,0.0273678798016086,,0.31933460054698326,,
2024-06-02,,67751.6015625,,,17110588415,,,0.0251445762255967,,0.06596674454519835,,
2024-06-03,5283.39990234375,68804.78125,16828.669921875,4046920000.0,32401285324,5422040000.0,0.0066962048333495,0.0251377974564039,0.0090699031496746,1.5544720172089965,0.11160825806737495,0.5596072980382338
2024-06-04,5291.33984375,70567.765625,16857.05078125,3707900000.0,33149696545,4917350000.0,0.006578118438911,0.0254806896787308,0.008952295261216,2.5622992224831664,0.15028090913065117,0.16864588530618452
2024-06-05,5354.02978515625,71082.8203125,17187.900390625,3591460000.0,32810771409,5325000000.0,0.0065720459899117,0.025287641426483,0.0091575435070697,0.7298724608017615,1.1847649793331305,1.962677894658782
2024-06-06,5352.9599609375,70757.1640625,17173.119140625,3609990000.0,25223152007,4960580000.0,0.0065759434579919,0.0251352786685663,0.0091781962376203,-0.4581363662391591,-0.019981663563317653,-0.08599799663757679
2024-06-07,5346.990234375,69342.5859375,17133.130859375,3692760000.0,36188381096,4755650000.0,0.0064896693417479,0.0251877764587268,0.0090626951434684,-1.999201273457618,-0.11152197300303701,-0.2328539208430902
2024-06-08,,69305.7734375,,,14262185861,,,0.0247214649505637,,-0.05308786729295578,,
2024-06-09,,69647.9921875,,,13534028500,,,0.0235624592671876,,0.49378101278765296,,
2024-06-10,5360.7900390625,69512.28125,17192.529296875,3622280000.0,20597699541,5207110000.0,0.0063025711800107,0.0235781832961606,0.0084803200142828,-0.194852619921404,0.25808546645145203,0.3466875843506356
2024-06-11,5375.31982421875,67332.03125,17343.55078125,3568030000.0,37116136345,5009220000.0,0.0062992886748433,0.0244545844635042,0.0085545389924297,-3.136496113771259,0.27103813151374556,0.8784134188007497
2024-06-12,5421.02978515625,68241.1875,17608.439453125,3962840000.0,34497940694,5560630000.0,0.00548103029965,0.0242357956640006,0.0076388549904535,1.3502581655740586,0.8503672791998707,1.5273035793879508
2024-06-13,5433.740234375,66756.3984375,17667.560546875,3530380000.0,28955204146,4916020000.0,0.0053669074325153,0.0242471128395012,0.0075161770139916,-2.1757960505889518,0.23446558536817097,0.33575430637895476
2024-06-14,5431.60009765625,66011.09375,17688.880859375,3438650000.0,27403884779,4973820000.0,0.0052527590531645,0.0202975855562127,0.0072470219824489,-1.1164543099157487,-0.0393860697500914,0.12067490836344952
2024-06-15,,66191.0,,,14121265576,,,0.020086302591517,,0.27253941690672523,,
2024-06-16,,66639.046875,,,13281140541,,,0.01947072637054,,0.6768999939568809,,
2024-06-17,5473.22998046875,66490.296875,17857.01953125,3447840000.0,30006354476,6061200000.0,0.0049985062059203,0.0194724943565573,0.0066847024034613,-0.22321747830370553,0.7664386564552705,0.950533124235986
2024-06-18,5487.02978515625,65140.74609375,17862.23046875,3544330000.0,39481285950,5796180000.0,0.0047600009193756,0.0197477819077659,0.0065068763192859,-2.029695827328193,0.2521327394745754,0.029181451534410208
2024-06-19,,64960.296875,,,21103423504,,,0.0136249073698873,,-0.27701435671353414,,
2024-06-20,5473.169921875,64828.65625,17721.58984375,3847060000.0,25641109124,6289300000.0,0.004828045714945,0.0133131307223467,0.0067678802851767,-0.202647819256907,-0.25259318472709014,-0.7873631753103294
2024-06-21,5464.6201171875,64096.19921875,17689.359375,6773800000.0,26188171739,8589160000.0,0.0048562652660355,0.0132266096879517,0.0067677445409015,-1.1298352821403679,-0.1562130321101196,-0.1818712036232295
2024-06-22,,64252.578125,,,9858198793,,,0.0129495636612703,,0.24397531859308152,,
2024-06-23,,63180.796875,,,11170471802,,,0.0130686894909253,,-1.668075089399379,,
2024-06-24,5447.8701171875,60277.4140625,17496.8203125,3696750000.0,43152133651,5503210000.0,0.0048904987375681,0.0151162290100269,0.0072130790099639,-4.595356431233677,-0.3065171894990004,-1.088445649264791
2024-06-25,5469.2998046875,61804.640625,17717.650390625,3591960000.0,29201215431,4848280000.0,0.0049111244548478,0.0160002798048641,0.0074327587135432,2.5336630415439876,0.39335900157368986,1.2621154825899206
2024-06-26,5477.89990234375,60811.27734375,17805.16015625,3563920000.0,22506003064,5294310000.0,0.0048996155343017,0.0158643030160657,0.0074438811308917,-1.6072632592061153,0.15724312002203256,0.4939129269155407
2024-06-27,5482.8701171875,61604.80078125,17858.6796875,3589530000.0,21231745045,5382060000.0,0.0048626962574324,0.0160159701012463,0.0073909061623477,1.3048951973404943,0.09073212238914774,0.3005843855395707
2024-06-28,5460.47998046875,60320.13671875,17732.599609375,7199220000.0,24952866877,8960940000.0,0.0045665509634277,0.0162897440032361,0.0072778660653369,-2.0853310881755127,-0.4083652583445674,-0.7059876784354269
2024-06-29,,60887.37890625,,,12652903396,,,0.0162225266145611,,0.9403861104374522,,
2024-06-30,,62678.29296875,,,17333226409,,,0.0171923439764782,,2.9413551620566913,,
2024-07-01,5475.08984375,62851.98046875,17879.30078125,3488760000.0,25468379421,5189990000.0,0.0045403209659836,0.0171877406176517,0.0073141003312257,0.2771094932125795,0.26755639309195,0.8272964771473212
2024-07-02,5509.009765625,62029.015625,18028.759765625,3329950000.0,20151616992,4526550000.0,0.0046339484663065,0.0172860136692052,0.0073721366091419,-1.3093697885290578,0.6195317856513505,0.8359330501992446
2024-07-03,5537.02001953125,60173.921875,18188.30078125,2179470000.0,29756701685,3713960000.0,0.0046848711332168,0.01762649834222,0.0074262735722478,-2.990687070088416,0.5084444409779065,0.8849250735993186
2024-07-04,,56977.703125,,,41149609230,,,0.0189576851482229,,-5.311634426354228,,
2024-07-05,5567.18994140625,56662.375,18352.759765625,3253080000.0,55417544033,4851000000.0,0.0047387928942349,0.0187653415438407,0.0075152693482394,-0.5534237213954074,0.5448765178485582,0.904202027187373
2024-07-06,,58303.5390625,,,20610320577,,,0.0198880806842834,,2.896391234041995,,
2024-07-07,,55849.109375,,,20553359505,,,0.0208448386624773,,-4.20974391429122,,
2024-07-08,5572.85009765625,56705.09765625,18403.740234375,3185670000.0,39766159899,5286260000.0,0.0046728850274454,0.0212137189005189,0.0074621434716848,1.5326802715911692,0.10166989647510949,0.27778094085602056
2024-07-09,5576.97998046875,58009.2265625,18429.2890625,3232920000.0,27849512607,4839140000.0,0.0043554978384525,0.0217914070245221,0.0073541130887069,2.299844211812685,0.07410719362856977,0.13882410748919938
2024-07-10,5633.91015625,57742.49609375,18647.44921875,3336100000.0,26175260526,5228240000.0,0.0045188956258743,0.0217793741434084,0.0073841959917059,-0.4598069730556098,1.0208065293514812,1.1837687037744349
2024-07-11,5584.5400390625,57344.9140625,18283.41015625,4020950000.0,28707803842,6366620000.0,0.0049242374658431,0.0212343273351927,0.0084682531409293,-0.6885432015347748,-0.8763028841120457,-1.9522190849242782
2024-07-12,5615.35009765625,57899.46484375,18398.44921875,3700280000.0,25604805221,5845930000.0,0.0046581956652785,0.021129902307642,0.0083499941221377,0.9670444019596935,0.5517027074430692,0.6291991565953836
2024-07-13,,59231.953125,,,17080061806,,,0.0214998230384103,,2.3013827240820017,,
2024-07-14,,60787.79296875,,,22223416061,,,0.0221292724084696,,2.6266900915231206,,
2024-07-15,5631.22021484375,64870.15234375,18472.5703125,3620470000.0,38094526099,5450350000.0,0.004398595807917,0.025347119209611,0.0079404628600504,6.715755212726138,0.28262026252154904,0.4028659854356853
2024-07-16,5667.2001953125,65097.1484375,18509.33984375,4041760000.0,41617346768,5812930000.0,0.0043371995514096,0.025321235302008,0.0079185051434222,0.3499237870556282,0.6389375498743188,0.19904935062078355
2024-07-17,5588.27001953125,64118.79296875,17996.919921875,4246450000.0,32525071311,6007280000.0,0.0052695119929932,0.025456120117454,0.0097623102277846,-1.502916014346345,-1.3927543241993745,-2.768439750961882
2024-07-18,5544.58984375,63974.06640625,17871.220703125,4007510000.0,27239305337,5977260000.0,0.0055604458704604,0.02519585887027,0.0099072358269766,-0.22571629283560934,-0.7816403936922511,-0.6984485083873393
2024-07-19,5505.0,66710.15625,17726.939453125,3760570000.0,37003855410,4992930000.0,0.0054340790969105,0.0263554183565421,0.0094983852964823,4.2768734230136385,-0.7140265531926926,-0.8073385271033628
2024-07-20,,67163.6484375,,,19029581250,,,0.0263708534740861,,0.6797948213470129,,
2024-07-21,,68154.5234375,,,26652190004,,,0.0263718195495282,,1.4753144342986024,,
2024-07-22,5564.41015625,67585.25,18007.5703125,3375180000.0,42649109453,5093620000.0,0.0057153027517912,0.0264402561414427,0.0098594737742085,-0.835268752223095,1.079203564940956,1.5830756353462316
2024-07-23,5555.740234375,65927.671875,17997.349609375,3500210000.0,35605668666,4938000000.0,0.0057223128973467,0.0266730101553002,0.0098405795311514,-2.452573786440093,-0.1558102589770738,-0.056757813228724974
2024-07-24,5427.1298828125,65372.1328125,17342.41015625,3945550000.0,27470942309,6735560000.0,0.0072762262654988,0.0251420304218386,0.0121039429780019,-0.8426492953570563,-2.314909375473495,-3.6390883510082794
2024-07-25,5399.22021484375,65777.2265625,17181.720703125,4592120000.0,38315761670,6114350000.0,0.0073320356103903,0.0247983141690047,0.0121178214700781,0.619673448871394,-0.5142620237842288,-0.9265693273151521
2024-07-26,5459.10009765625,67912.0625,17357.880859375,3638770000.0,30488630457,5281560000.0,0.0074462975411566,0.0251301140726071,0.011931974668304,3.2455548053117234,1.1090468702846357,1.0252765674276132
2024-07-27,,67813.3359375,,,34691905492,,,0.0250842896563539,,-0.14537411892032726,,
2024-07-28,,68255.8671875,,,18043166945,,,0.0246658641432423,,0.6525726007755361,,
2024-07-29,5463.5400390625,66819.9140625,17370.19921875,3379970000.0,40780682628,4897230000.0,0.0074365936886392,0.0250718140047258,0.0119124665978807,-2.1037797689324123,0.08133101292933098,0.0709669542889424
2024-07-30,5436.43994140625,66201.015625,17147.419921875,3777740000.0,31380492109,5564310000.0,0.0074955761616237,0.0246800018405132,0.0121170398162858,-0.9262185475442442,-0.49601718780302173,-1.2825373737482826
2024-07-31,5522.2998046875,64619.25,17599.400390625,4546910000.0,31292785994,6292560000.0,0.0079088552108247,0.0251308217544288,0.0129593855753222,-2.3893373992326827,1.5793398659167401,2.635851170667425
2024-08-01,5446.68017578125,65357.5,17194.150390625,4703620000.0,40975554494,6664550000.0,0.008301559017067,0.0250551646509334,0.0136098693201744,1.1424614182306447,-1.3693502993456064,-2.3026352660052707
2024-08-02,5346.56005859375,61415.06640625,16776.16015625,5156450000.0,43060875727,6313870000.0,0.0089441392160522,0.0270575933209638,0.014218803966862,-6.032105869640059,-1.8381860868696753,-2.4310025495816623
2024-08-03,,60680.09375,,,31753030589,,,0.0251060811387791,,-1.1967302150066583,,
2024-08-04,,58116.9765625,,,31758917219,,,0.0264064035131292,,-4.223983565450573,,
2024-08-05,5186.330078125,53991.45703125,16200.080078125,5333250000.0,108991085584,6852190000.0,0.0104559591082685,0.0291563537292951,0.0154508135090938,-7.098647891315101,-2.996879838863975,-3.4339209494872347
2024-08-06,5240.02978515625,56034.31640625,16366.849609375,4690190000.0,49300484106,5908930000.0,0.0106799852591062,0.0289938166367625,0.0155557674919336,3.783671505322772,1.0354085880061037,1.0294364623245844
2024-08-07,5199.5,55027.4609375,16195.8095703125,4558260000.0,41637562185,5913620000.0,0.0106961279587402,0.0290340523081705,0.0153693009587716,-1.7968550940289485,-0.7734647858502863,-1.0450394739652702
2024-08-08,5319.31005859375,61710.13671875,16660.01953125,4016830000.0,45298472567,5815880000.0,0.0115830660448252,0.0357040781977713,0.0163434137378607,12.144256099404904,2.3042611519136447,2.8662349907374374
2024-08-09,5344.16015625,60880.11328125,16745.30078125,3516400000.0,33425553115,5783410000.0,0.011624347439834,0.0357987488272462,0.0163710730154967,-1.3450358103773374,0.46716768495385086,0.511891656789687
2024-08-10,,60945.8125,,,15745822278,,,0.0357617034206478,,0.1079157301276501,,
2024-08-11,,58719.484375,,,22759754812,,,0.0364348018607223,,-3.6529632368097475,,
2024-08-12,5344.39013671875,59354.515625,16780.609375,3360160000.0,37078637820,4890850000.0,0.0116091362924527,0.0362471422728569,0.0163614534354365,1.0814659848586317,0.004303397765514916,0.21085673056129295
2024-08-13,5434.43017578125,60609.56640625,17187.609375,3648980000.0,30327698167,5469160000.0,0.0120257228492029,0.0361353978370385,0.0169372603998144,2.1144992390795814,1.6847579753558328,2.4254184750069685
2024-08-14,5455.2099609375,58737.26953125,17192.599609375,3380050000.0,29961696180,4985480000.0,0.0119899148633155,0.0343905242740448,0.0168428374136754,-3.08911115194338,0.38237284285767004,0.029033906147879485
2024-08-15,5543.22021484375,57560.09765625,17594.5,3723310000.0,35682112440,5478170000.0,0.0123212393627864,0.034501494065497,0.0173419267948566,-2.0041310813293967,1.6133247764330783,2.337635958240125
2024-08-16,5554.25,58894.10546875,17631.720703125,3357690000.0,29350938673,5138150000.0,0.0122852024419357,0.0347799792361592,0.0172488354536317,2.3175912946963972,0.1989779357261412,0.21154737631077225
2024-08-17,,59478.97265625,,,13589684021,,,0.0348574395043016,,0.993082725079053,,
2024-08-18,,58483.96484375,,,17740625837,,,0.0339200444646509,,-1.6728732324455264,,
2024-08-19,5608.25,59493.453125,17876.76953125,3222050000.0,25911207712,5564300000.0,0.0124128452438513,0.0340894542659367,0.0174557325803933,1.726094125025579,0.9722284736913167,1.3898180004721095
2024-08-20,5597.1201171875,59012.79296875,17816.939453125,2994420000.0,31613400008,5305260000.0,0.0124188177107828,0.0339120112708364,0.0174551256676887,-0.8079210921579816,-0.19845553982971165,-0.3346805921529139
2024-08-21,5620.85009765625,61175.19140625,17918.990234375,3119670000.0,32731154072,4765150000.0,0.0123002464156518,0.0347085838192148,0.0173354568631464,3.664287570061453,0.4239676828782013,0.5727739128175591
2024-08-22,5570.64013671875,60381.9140625,17619.349609375,2981530000.0,27625734377,5065360000.0,0.0123044748865614,0.0345229907262906,0.0172386993338916,-1.2967304646127387,-0.8932805548120926,-1.6721959277882892
2024-08-23,5634.60986328125,64094.35546875,17877.7890625,3291940000.0,42530509233,5380810000.0,0.012443691080699,0.0363394665642155,0.0174285308645544,6.148267182135592,1.148337085011919,1.4667933769104025
2024-08-24,,64178.9921875,,,21430585163,,,0.0363187739495311,,0.13205019089592707,,
2024-08-25,,64333.54296875,,,18827683555,,,0.0357966765859846,,0.24081210374646833,,
2024-08-26,5616.83984375,62880.66015625,17725.76953125,2938570000.0,27682040631,5110940000.0,0.0124467186937954,0.0360018634501841,0.0174556784626348,-2.2583597070127692,-0.31537266931381813,-0.8503262384321975
2024-08-27,5625.7998046875,59504.1328125,17754.8203125,2798990000.0,39103882198,4362380000.0,0.0123917452162209,0.0372106415216619,0.0174534636159861,-5.369739018896724,0.15951960865450143,0.1638900990943437
2024-08-28,5592.18017578125,59027.625,17556.029296875,3053450000.0,40289564698,5211920000.0,0.0121684932947225,0.0370842521814161,0.0168255661731615,-0.800797843742207,-0.597597320797616,-1.1196453251911764
2024-08-29,5591.9599609375,59388.1796875,17516.4296875,3065640000.0,32224990582,5727780000.0,0.0120775124756861,0.0371167153165396,0.0167876877520886,0.6108236397788236,-0.003937906806072977,-0.2255613083423591
2024-08-30,5648.39990234375,59119.4765625,17713.619140625,4185850000.0,32292756405,5531150000.0,0.0121200795199798,0.0369141498144312,0.0168624854320326,-0.4524521990973862,1.0093051774424433,1.125739986075569
2024-08-31,,58969.8984375,,,12403470760,,,0.0368152557426672,,-0.2530098940268344,,
2024-09-01,,57325.48828125,,,24592449997,,,0.0354423841386495,,-2.7885585694078285,,
2024-09-02,,59112.48046875,,,27036454524,,,0.0358932831664915,,3.1172733823612075,,
2024-09-03,5528.93017578125,57431.0234375,17136.30078125,3866350000.0,26666961053,5813970000.0,0.0126251888974014,0.0354039696052107,0.0176314790885282,-2.844504270361159,-2.115107439771169,-3.259177894657106
2024-09-04,5520.06982421875,57971.5390625,17084.30078125,3478140000.0,35627680312,5011820000.0,0.0126253551598188,0.0326168666073593,0.0176320065371306,0.941156177702851,-0.16025435809103872,-0.30344938889551587
2024-09-05,5503.41015625,56160.48828125,17127.66015625,3521650000.0,31030280656,4983030000.0,0.0118584450147153,0.0325091416039203,0.0163297882717998,-3.1240343288065575,-0.3018017615584734,0.2537966028295813
2024-09-06,5408.419921875,53948.75390625,16690.830078125,3822800000.0,49361693566,5549030000.0,0.0122629435362435,0.0331772467023045,0.0169086486266637,-3.938239218868078,-1.7260249859284649,-2.550436394346589
2024-09-07,,54139.6875,,,19061486526,,,0.0250784432445392,,0.3539165966313096,,
2024-09-08,,54841.56640625,,,18268287531,,,0.0252086041933647,,1.2964221602682846,,
2024-09-09,5471.0498046875,57019.53515625,16884.599609375,3825940000.0,34618096173,5132150000.0,0.0122781897242798,0.0263662739228758,0.0169409520176859,3.9713831911113884,1.15800702824842,1.160934059858132
2024-09-10,5495.52001953125,57648.7109375,17025.880859375,3848180000.0,28857630507,4963740000.0,0.0123038304411288,0.0256181067320374,0.0170232314960048,1.1034389872275785,0.4472672652839682,0.8367462259605718
2024-09-11,5554.1298828125,57343.171875,17395.529296875,3839450000.0,37049062672,6086930000.0,0.0124066221549509,0.0255400587358286,0.0173255962013897,-0.5300015516934153,1.0665025888896507,2.171097287436141
2024-09-12,5595.759765625,58127.01171875,17569.6796875,3655070000.0,33835707949,4983120000.0,0.0121534529115428,0.0253556404525348,0.016747862444898,1.3669279499548104,0.7495302358939249,1.0011215390628214
2024-09-13,5626.02001953125,60571.30078125,17683.98046875,3500790000.0,32490528356,4802880000.0,0.0118805801649733,0.0258531767812485,0.0161964166709811,4.205082955798245,0.5407711405364557,0.650557000941343
2024-09-14,,60005.12109375,,,16428405496,,,0.0256201586877749,,-0.934732588201681,,
2024-09-15,,59182.8359375,,,18120960867,,,0.0254326243558501,,-1.3703582981947293,,
2024-09-16,5633.08984375,58192.5078125,17592.130859375,3437070000.0,32032822113,4675530000.0,0.0112874709522554,0.0255489427525221,0.0155141267248384,-1.6733367188517922,0.12566297656613212,-0.519394428970954
2024-09-17,5634.580078125,60308.5390625,17628.060546875,3443600000.0,38075570118,4959520000.0,0.0095246554384687,0.0261990323040163,0.0138967163710555,3.63626062794542,0.026455008109871336,0.20423726828324718
2024-09-18,5618.259765625,61649.6796875,17573.30078125,3691390000.0,40990702891,5611630000.0,0.009469200236003,0.026317276757176,0.0138644750788829,2.223798894564699,-0.2896455862498093,-0.3106397636846503
2024-09-19,5713.64013671875,62940.45703125,18013.98046875,4024530000.0,42710252573,5574650000.0,0.0096292406592748,0.026491889935767,0.0142258003205347,2.0937291974474137,1.697685316676334,2.5076659927780076
2024-09-20,5702.5498046875,63192.9765625,17948.3203125,7867260000.0,35177164222,9914480000.0,0.0089226298505285,0.0257152923942615,0.0134881533859251,0.40120384115518437,-0.19410273951238066,-0.3644955448014686
2024-09-21,,63394.83984375,,,14408616220,,,0.0255780722795538,,0.3194394254405042,,
2024-09-22,,63648.7109375,,,20183348802,,,0.0231234814615839,,0.4004601863112578,,
2024-09-23,5718.56982421875,63329.80078125,17974.26953125,3529550000.0,31400285425,5237310000.0,0.0089122621816133,0.0231377918534007,0.0134801625653048,-0.5010473135318549,0.2809273058532735,0.1445774217207818
2024-09-24,5732.93017578125,64301.96875,18074.51953125,3872710000.0,29938335243,5347580000.0,0.0089025029648873,0.023310178337129,0.0134926713062874,1.535087678718594,0.25111788443470395,0.5577417197717205
2024-09-25,5722.259765625,63143.14453125,18082.2109375,3624910000.0,25078377700,4858060000.0,0.0085057976246915,0.0231680119644629,0.0128700152911064,-1.8021597802944433,-0.18612489301417234,0.042553862838246026
2024-09-26,5745.3701171875,65181.01953125,18190.2890625,4391180000.0,36873129847,5669210000.0,0.0085077066570943,0.0213771128192459,0.0128903365676221,3.2273891570151925,0.403867571712313,0.5977041489758417
2024-09-27,5738.169921875,65790.6640625,18119.58984375,3898530000.0,32058813449,5367890000.0,0.008081860193179,0.0213016434602955,0.0122855652560268,0.935309904070647,-0.12532169669905446,-0.38866462488355014
2024-09-28,,65887.6484375,,,15243637984,,,0.0212998307321918,,0.14741358273548943,,
2024-09-29,,65635.3046875,,,14788214575,,,0.0212911795503966,,-0.3829909793174213,,
2024-09-30,5762.47998046875,63329.5,18189.169921875,4425730000.0,37112957475,5846150000.0,0.0081001709288809,0.0224479945609908,0.0122950403975222,-3.5130555094979754,0.42365525811767224,0.3840047083019327
2024-10-01,5708.75,60837.0078125,17910.359375,4025180000.0,50220923500,5879980000.0,0.0081612031329036,0.0231021816700256,0.0124071092900607,-3.9357521968434894,-0.9324107094664358,-1.5328382112681838
2024-10-02,5709.5400390625,60632.78515625,17925.119140625,3829050000.0,40762722398,5489040000.0,0.0081472612866277,0.0224706379611107,0.0123908897836435,-0.335688199655404,0.013839090212397487,0.0824090980865666
2024-10-03,5699.93994140625,60759.40234375,17918.48046875,3597450000.0,36106447279,5208990000.0,0.0081294808608294,0.02175906939313,0.012347314246361,0.20882627636797935,-0.1681413492255035,-0.03703558019848563
2024-10-04,5751.06982421875,62067.4765625,18137.849609375,3479400000.0,29585472513,5136070000.0,0.0080696106010594,0.0220083397702954,0.0121156553495199,2.1528753876634443,0.8970249395274354,1.2242619624335926
2024-10-05,,62089.94921875,,,13305410749,,,0.0210573748588883,,0.03620681473552878,,
2024-10-06,,62818.953125,,,14776233667,,,0.0194265294375626,,1.1741093613744757,,
2024-10-07,5695.93994140625,62236.66015625,17923.900390625,3637790000.0,34253562610,5240320000.0,0.0080533001552361,0.0196024388458244,0.0120537109182457,-0.9269383518558882,-0.9586022165882668,-1.1795732314343055
2024-10-08,5751.1298828125,62131.96875,18182.919921875,3393400000.0,28134475157,5566510000.0,0.0081982262387264,0.0195717851146119,0.0122122112777386,-0.1682150134457161,0.9689347495581924,1.445106955545672
2024-10-09,5792.0400390625,60582.1015625,18291.619140625,3650340000.0,27670982363,5228670000.0,0.0082778440286477,0.0191426556123617,0.0122472905446431,-2.4944762232405493,0.7113411987488272,0.5978094784393262
2024-10-10,5780.0498046875,60274.5,18282.05078125,3208790000.0,30452813570,5855390000.0,0.0081946146919983,0.0191082077835615,0.0120318841795402,-0.5077433013489285,-0.2070122839989974,-0.05231007327147763
2024-10-11,5815.02978515625,62445.08984375,18342.939453125,3208720000.0,30327141594,5140440000.0,0.0082403445787892,0.0200309692175853,0.0120173082791295,3.6011743668549645,0.6051847587953629,0.3330516505153147
2024-10-12,,63193.0234375,,,16744110886,,,0.0200023998174882,,1.1977460447594401,,
2024-10-13,,62851.375,,,18177529690,,,0.0186831512484863,,-0.5406426515387475,,
2024-10-14,5859.85009765625,66046.125,18502.689453125,3005250000.0,43706958056,4894710000.0,0.0081648464971064,0.0205372516590862,0.0119560604196541,5.0830232433260125,0.770766688322233,0.8709073069135931
2024-10-15,5815.259765625,67041.109375,18315.58984375,3882120000.0,48863870879,6522700000.0,0.0071791165936996,0.0203870785038563,0.0102831116147727,1.5064992457922477,-0.7609466332438197,-1.0112022354858197
2024-10-16,5842.47021484375,67612.71875,18367.080078125,3467230000.0,38195189534,5257570000.0,0.0071714192005241,0.0200072425625726,0.0102353253237604,0.8526251733136592,0.4679145956573816,0.2811279069593775
2024-10-17,5841.47021484375,67399.8359375,18373.609375,3480010000.0,32790898511,5806860000.0,0.007122766584115,0.0191914866003272,0.0102421653356443,-0.31485616380424464,-0.017116047891174713,0.0355489105901885
2024-10-18,5864.669921875,68418.7890625,18489.55078125,3374490000.0,36857165014,5090190000.0,0.0061129361244194,0.0190033119002752,0.0087680296952213,1.5118035686984221,0.39715527389487804,0.6310213953266919
2024-10-19,,68362.734375,,,14443497908,,,0.0187341630572808,,-0.08192879217548965,,
2024-10-20,,69001.703125,,,18975847518,,,0.0187712964981905,,0.9346740674458287,,
2024-10-21,5853.97998046875,67367.8515625,18540.009765625,3407010000.0,37498611780,6092180000.0,0.0059321570265309,0.0194024166463673,0.0086328153263246,-2.3678423698328066,-0.18227694906369774,0.27290541004474367
2024-10-22,5851.2001953125,67361.40625,18579.76953125,3342080000.0,31808472566,6407180000.0,0.0059372890245307,0.0194024712937828,0.0085776718979427,-0.009567341618454961,-0.04748538883844189,0.214453854812513
2024-10-23,5797.419921875,66432.1953125,18276.650390625,3532650000.0,32263980353,6245610000.0,0.0060596113470036,0.0195781612666102,0.0085416663971453,-1.379441121005398,-0.9191323428069387,-1.6314472583482398
2024-10-24,5809.85986328125,68161.0546875,18415.490234375,3543030000.0,31414428647,5761280000.0,0.0059537070840928,0.0199195051667767,0.0084722220336392,2.602442034118191,0.2145772011323821,0.7596569436006506
2024-10-25,5808.1201171875,66642.4140625,18518.609375,3501280000.0,41469984306,6100040000.0,0.0059076959403947,0.0200860555543501,0.0084557784350258,-2.2280180844656217,-0.029944716993013376,0.5599587049413213
2024-10-26,,67014.6953125,,,19588098156,,,0.0192921589372148,,0.558625096700216,,
2024-10-27,,67929.296875,,,16721307878,,,0.019371203751753,,1.364777618155344,,
2024-10-28,5823.52001953125,69907.7578125,18567.189453125,3691280000.0,38799856657,5641660000.0,0.0059147354796763,0.0200183536592509,0.0083607131532171,2.912529686772203,0.26514435020339455,0.2623311348128654
2024-10-29,5832.919921875,72720.4921875,18712.75,3879100000.0,58541874402,6881170000.0,0.0059132258324663,0.021114840588763,0.0084325064704989,4.023493905417541,0.1614127248163344,0.7839665084609759
2024-10-30,5813.669921875,72339.5390625,18607.9296875,3851120000.0,40646637831,6514690000.0,0.0059232545932409,0.0198601636315842,0.0084969547721553,-0.5238593875544262,-0.3300233889343751,-0.5601545069538139
2024-10-31,5705.4501953125,70215.1875,18095.150390625,4425660000.0,40627912076,6411940000.0,0.0062312719709978,0.0191357973349245,0.0090393738506736,-2.9366396164960396,-1.8614700871699585,-2.7557031087636963
2024-11-01,5728.7998046875,69482.46875,18239.919921875,3796450000.0,49989795365,5896470000.0,0.0062651325821593,0.0192840393783571,0.0091194732746875,-1.0435331387529279,0.4092509543626166,0.8000460240717544
2024-11-02,,69289.2734375,,,18184612091,,,0.0193258782404318,,-0.27804900426771084,,
2024-11-03,,68741.1171875,,,34868307655,,,0.0191798933394243,,-0.791112711687536,,
2024-11-04,5712.68994140625,67811.5078125,18179.98046875,3602060000.0,41184819348,5762320000.0,0.0062671357119107,0.0194245551531604,0.0091441845114698,-1.3523338185854272,-0.2812083478299976,-0.32861686554399583
2024-11-05,5782.759765625,69359.5625,18439.169921875,3768310000.0,46046889204,7060340000.0,0.0066407894817305,0.0196936229310373,0.009441923744657,2.282879023690776,1.2265644545291332,1.4256860922954528
2024-11-06,5929.0400390625,75639.078125,18983.470703125,6329530000.0,118592653963,8138050000.0,0.0080085898945756,0.0247269625453692,0.0107733954804242,9.053568676993894,2.5295927786425976,2.9518724734147517
2024-11-07,5973.10009765625,75904.859375,19269.4609375,4925740000.0,63467654989,9232670000.0,0.0080733617624635,0.0246858417838421,0.0110205632843883,0.3513808689745934,0.7431229727488331,1.50652237858655
2024-11-08,5995.5400390625,76545.4765625,19286.779296875,4666740000.0,55176858003,7316010000.0,0.0080705567066907,0.0239379180373069,0.0109679689056918,0.8439738809541852,0.3756833309231711,0.08987464377530063
2024-11-09,,76778.8671875,,,29009480361,,,0.0238327535042015,,0.30490452928257916,,
2024-11-10,,80474.1875,,,82570594495,,,0.024380531262859,,4.8129393514959595,,
2024-11-11,6001.35009765625,88701.484375,19298.759765625,4333000000.0,117966845037,8087930000.0,0.0080539707578326,0.0292923812634599,0.0109659543450307,10.223522760015435,0.09690634297987444,0.06211751877069904
2024-11-12,5983.990234375,87955.8125,19281.400390625,4243400000.0,133673285375,7816410000.0,0.0078407518730705,0.0293569771088956,0.010479913986251,-0.8406532091926988,-0.289265965137242,-0.0899507284966572
2024-11-13,5985.3798828125,90584.1640625,19230.720703125,4220180000.0,123559027869,9623670000.0,0.0078401800373464,0.0286714486462496,0.0105174279116379,2.9882636380625716,0.023222772482434095,-0.26284235830008607
2024-11-14,5949.169921875,87250.4296875,19107.650390625,4184570000.0,87616705248,8680480000.0,0.0079431749797187,0.0299625772752788,0.0106286705997254,-3.6802617869276077,-0.6049734794859041,-0.6399672399173273
2024-11-15,5870.6201171875,91066.0078125,18680.119140625,4590960000.0,78243109518,8002270000.0,0.0082495129134151,0.0305991473952291,0.0113696442115407,4.373133907381366,-1.3203489851361216,-2.2374872957156677
2024-11-16,,90558.4765625,,,44333192814,,,0.0306382484844143,,-0.5573223886622736,,
2024-11-17,,89845.8515625,,,46350159305,,,0.0307902555755107,,-0.7869224693816235,,
2024-11-18,5893.6201171875,90542.640625,18791.810546875,3983860000.0,75535775084,8455360000.0,0.0080331208985142,0.0307349774094433,0.0111385161853054,0.7755383808848215,0.3917814394541086,0.5979159201779272
2024-11-19,5916.97998046875,92343.7890625,18987.470703125,4036940000.0,74521048295,7246610000.0,0.0078913369019546,0.0307927738648779,0.011003780172508,1.9892819836786257,0.3963584828470035,1.0411990678702132
2024-11-20,5917.10986328125,94339.4921875,18966.140625,3772620000.0,71730956426,7121670000.0,0.0078067359954629,0.0301897361302681,0.0109794886280466,2.161166598491282,0.002195086225209586,-0.11233764864474471
2024-11-21,5948.7099609375,98504.7265625,18972.419921875,4230120000.0,106024505582,7492540000.0,0.0078325613203907,0.0306612633964499,0.0109759534941466,4.415154542830901,0.5340461540581654,0.033107931651232825
2024-11-22,5969.33984375,98997.6640625,19003.650390625,4141420000.0,78473580551,6575820000.0,0.0077890569529107,0.0302888274034558,0.010969208807363,0.5004201495724558,0.3467959094991535,0.16460983300286003
2024-11-23,,97777.28125,,,44414644677,,,0.030548735062772,,-1.232738998497518,,
2024-11-24,,98013.8203125,,,51712020623,,,0.0299083669672927,,0.2419161787646784,,
2024-11-25,5987.3701171875,93102.296875,19054.83984375,5633150000.0,80909462490,7932980000.0,0.0076945367893033,0.0321150436567164,0.0108823558064774,-5.01105193312582,0.3020480305938378,0.26936642209673956
2024-11-26,6021.6298828125,91985.3203125,19174.30078125,3835170000.0,91656519855,6411770000.0,0.0075796704789309,0.032383281916924,0.0107140768183238,-1.1997304040733403,0.5722005647630368,0.6269322569991687
2024-11-27,5998.740234375,95962.53125,19060.48046875,3363340000.0,71133452438,5619090000.0,0.0076024375864709,0.0327465160922907,0.0107970635060304,4.323745271515378,-0.3801238017440034,-0.5936086733931978
2024-11-28,,95652.46875,,,52260008261,,,0.0323732632487447,,-0.32310787967048116,,
2024-11-29,6032.3798828125,97461.5234375,19218.169921875,2444420000.0,54968682476,4042550000.0,0.007647646018275,0.0323017797422338,0.0108706005825836,1.8912786163713058,0.5607785488815242,0.8273110081539414
2024-11-30,,96449.0546875,,,31634227866,,,0.0316674998411923,,-1.0388394458550332,,
2024-12-01,,97279.7890625,,,36590695296,,,0.0314203795553522,,0.8613193542348574,,
2024-12-02,6047.14990234375,95865.3046875,19403.94921875,4412470000.0,72680784305,6370530000.0,0.0076328595974998,0.0316762699988367,0.0109380163475271,-1.454037255458307,0.24484564662998753,0.9666856814682268
2024-12-03,6049.8798828125,96002.1640625,19480.91015625,4095000000.0,67067810961,6005160000.0,0.0076148891174994,0.0315307391407592,0.0109446705595906,0.1427621551364444,0.04514491145146682,0.3966251232281781
2024-12-04,6086.490234375,98768.53125,19735.119140625,4003390000.0,77199817112,7870030000.0,0.0076611190554997,0.0313261047753699,0.0111381021785425,2.881567529768403,0.6051417924264779,1.304913283496889
2024-12-05,6075.10986328125,96593.5703125,19700.259765625,4212020000.0,149218945580,7229510000.0,0.0074258900600997,0.0318952056731384,0.0106090223079735,-2.2020788503929523,-0.18697756269248078,-0.17663625312623887
2024-12-06,6090.27001953125,99920.7109375,19859.76953125,3924830000.0,94534772658,6787610000.0,0.0074271090639988,0.0288934590051486,0.0106175818412735,3.444474217316973,0.24954538421815275,0.8096835652052103
2024-12-07,,99923.3359375,,,44177510897,,,0.0289244173296134,,0.002627082989481444,,
2024-12-08,,101236.015625,,,44125751925,,,0.0289326502215913,,1.3136868131795154,,
2024-12-09,6052.85009765625,97432.71875,19736.689453125,4556460000.0,110676473908,7884620000.0,0.0075541068280242,0.0301984098176966,0.010718150134114,-3.7568614800964073,-0.6144213927296471,-0.6197457524939054
2024-12-10,6034.91015625,96675.4296875,19687.240234375,4048410000.0,104823780634,6843850000.0,0.0075909930176507,0.0294008903280931,0.0107508076165925,-0.7772430783165474,-0.2963883313944371,-0.25054464613958327
2024-12-11,6084.18994140625,101173.03125,20034.890625,4269950000.0,85391409936,6639720000.0,0.0076961600825964,0.0250552576168482,0.0110738116226368,4.652269534294651,0.8165786048233592,1.7658665535963847
2024-12-12,6051.25,100043.0,19902.83984375,3678010000.0,72073983533,7047550000.0,0.007750546608213,0.0251096320492164,0.0110997419100001,-1.1169293200355757,-0.5414022527810203,-0.6591040785879021
2024-12-13,6051.08984375,101459.2578125,19926.720703125,3584960000.0,56894751583,6028250000.0,0.006764897629963,0.0247324453752819,0.0095312318265024,1.4156490833941326,-0.0026466639124200775,0.11998719560866178
2024-12-14,,101372.96875,,,40422968793,,,0.0234976679808267,,-0.08504799301751742,,
2024-12-15,,104298.6953125,,,51145914137,,,0.0228384465639225,,2.886101293644905,,
2024-12-16,6074.080078125,106029.71875,20173.890625,4391100000.0,91020417816,8855040000.0,0.0067619462159232,0.0228566135356379,0.0096388338214979,1.6596788984881483,0.3799354326022186,1.240394370741793
2024-12-17,6050.60986328125,106140.6015625,20109.060546875,4544500000.0,68589364868,9534350000.0,0.0067902887420423,0.0227370776462988,0.00963710970547,0.1045771070669721,-0.3863994965801476,-0.321356347816526
2024-12-18,5872.16015625,100041.5390625,19392.689453125,5246960000.0,93865656139,9996120000.0,0.0086840124435037,0.0256158249869943,0.0118366123839805,-5.746210601989676,-2.949284635160343,-3.5624294435839587
2024-12-19,5867.080078125,97490.953125,19372.76953125,4896880000.0,97221662392,8029590000.0,0.0073526948120982,0.025958603705394,0.0106492684084373,-2.5495268879325628,-0.08651123249070469,-0.10271871739683247
2024-12-20,5930.85009765625,97755.9296875,19572.599609375,8223220000.0,105634083408,10962450000.0,0.0075013824848444,0.0256956400676124,0.0104652773090924,0.2717960528709318,1.0869123768910471,1.0314997956417882
2024-12-21,,97224.7265625,,,51765334294,,,0.0244577337178823,,-0.5433973434635808,,
2024-12-22,,95104.9375,,,43147981314,,,0.0247472262530017,,-2.1802983021374844,,
2024-12-23,5974.06982421875,94686.2421875,19764.880859375,3593280000.0,65239002919,6820720000.0,0.0075925577273385,0.0246668722779403,0.0106009723541003,-0.4402456102765462,0.7287273468533639,0.9824001606199451
2024-12-24,6040.0400390625,98676.09375,20031.130859375,1757720000.0,47114953674,4739190000.0,0.007857534911411,0.0258482128779098,0.0108460137884122,4.213760595334648,1.104275925539211,1.3470862885252899
2024-12-25,,99299.1953125,,,33700394629,,,0.0239507734181454,,0.6314615210434305,,
2024-12-26,6037.58984375,95795.515625,20020.359375,2904530000.0,47054980873,6467910000.0,0.0078366591952227,0.0248191581668419,0.0108437501151079,-3.528406928650052,-0.040565878647391695,-0.05377372076803555
2024-12-27,5970.83984375,94164.859375,19722.029296875,3159610000.0,52419934565,7765120000.0,0.0081091212142704,0.0237876789582049,0.0112256354776237,-1.7022260795415023,-1.1055736101235558,-1.4901334813076983
2024-12-28,,95163.9296875,,,24107436185,,,0.0238686884208901,,1.0609799867287384,,
2024-12-29,,93530.2265625,,,29635885267,,,0.0237914010448988,,-1.7167251608511402,,
2024-12-30,5906.93994140625,92643.2109375,19486.7890625,3433250000.0,56188003691,8384090000.0,0.0082721630862116,0.0237799708750289,0.0113950170870308,-0.948373223930199,-1.0701995701766776,-1.1927790534834837
2024-12-31,5881.6298828125,93429.203125,19310.7890625,3128350000.0,43625106843,8873030000.0,0.0079389540015689,0.0237781410511335,0.0106866143335286,0.8484077565384274,-0.42848003949274016,-0.903175989823235
2025-01-01,,94419.7578125,,,24519888919,,,0.0237370392781552,,1.060219561302178,,
2025-01-02,5868.5498046875,96886.875,19280.7890625,3621680000.0,46009564411,8737550000.0,0.0079154178501171,0.024217501739684,0.0106569423356477,2.6129247147606893,-0.22238866412221947,-0.1553535689448271
2025-01-03,5942.47021484375,98107.4296875,19621.6796875,3667340000.0,35611391163,8214050000.0,0.0082168610887074,0.023750956469659,0.0109535359807014,1.2597729955682757,1.259602672149196,1.7680325421069565
2025-01-04,,98236.2265625,,,22342608078,,,0.0233836539637283,,0.13128146911018934,,
2025-01-05,,98314.9609375,,,20525254825,,,0.0225232521124849,,0.0801480042089242,,
2025-01-06,5975.3798828125,102078.0859375,19864.98046875,4940120000.0,51823432705,9586840000.0,0.0082752284682352,0.0235738592876254,0.0111332639790009,3.8276219245942267,0.5538045085450305,1.239958989876877
2025-01-07,5909.02978515625,96922.703125,19489.6796875,4517330000.0,58685738547,13371130000.0,0.0084769907743676,0.025314216179804,0.0117525748879654,-5.050430525956884,-1.110391288210788,-1.8892582443783112
2025-01-08,5918.25,95043.5234375,19478.880859375,4441740000.0,63875859171,8851720000.0,0.0084555590343995,0.0245954436798109,0.0117546052575823,-1.9388436629511285,0.1560360190925314,-0.0554079302387156
2025-01-09,,92484.0390625,,,62777261693,,,0.0250396544728624,,-2.6929603222076492,,
2025-01-10,5827.0400390625,94701.453125,19161.630859375,4751930000.0,62058693684,8608880000.0,0.0088735141045693,0.0239222577809409,0.0121607876870454,2.3976181025154863,-1.541164380306681,-1.628686998448936
2025-01-11,,94566.59375,,,18860894100,,,0.0238615550131618,,-0.1424047578467369,,
2025-01-12,,94488.4375,,,20885130965,,,0.0236728226552371,,-0.08264678561502592,,
2025-01-13,5836.22021484375,94516.5234375,19088.099609375,4421200000.0,72978998252,7830760000.0,0.0087991308053021,0.0236762952325694,0.0121268375314586,0.029724205673309356,0.15754440882007614,-0.3837421278994335
2025-01-14,5842.91015625,96534.046875,19044.390625,4142280000.0,53769675818,7168110000.0,0.0087919151366631,0.0233835962993163,0.0120847673606016,2.1345722040169157,0.11462798112440442,-0.2289855211858427
2025-01-15,5949.91015625,100504.4921875,19511.23046875,4544570000.0,57805923627,7260250000.0,0.0093890214507883,0.0244347787757391,0.0127930561372385,4.11299996325778,1.8312792279639112,2.451324660066412
2025-01-16,5937.33984375,99756.90625,19338.2890625,4285810000.0,54103781805,7085990000.0,0.0093772878575448,0.0244502049119849,0.0127849213774953,-0.7438333563293043,-0.21126894641922966,-0.8863685277409328
2025-01-17,5996.66015625,104462.0390625,19630.19921875,4366830000.0,71888972663,7996360000.0,0.0095723989358282,0.0235066949350909,0.0130614040330948,4.716598568833419,0.9991058969353706,1.509493188909139
2025-01-18,,104408.0703125,,,50445655726,,,0.0229417249511094,,-0.051663504258914195,,
2025-01-19,,101089.609375,,,76789928525,,,0.0237939430139558,,-3.1783567377192568,,
2025-01-20,,102016.6640625,,,126279678351,,,0.0238040661440934,,0.9170622908047932,,
2025-01-21,6049.240234375,106146.265625,19756.779296875,4702920000.0,88733878242,8015780000.0,0.009646249477559,0.0243509481865878,0.0128955212328943,4.047967653568851,0.8768227105582893,0.6448231967207674
2025-01-22,6086.3701171875,103653.0703125,20009.33984375,4323040000.0,53878181052,7219060000.0,0.0097087543400619,0.0248240815739699,0.0130947854444322,-2.3488299826845638,0.6137941522227575,1.2783487788161407
2025-01-23,6118.7099609375,103960.171875,20053.6796875,4432250000.0,104104515428,6837700000.0,0.0097464410463323,0.0237502890884633,0.013021901336284,0.2962783076025932,0.531348622041139,0.22159573527285037
2025-01-24,6101.240234375,104819.484375,19954.30078125,4214250000.0,52388229265,7708150000.0,0.0096910921003088,0.0237657301145895,0.0130022536594793,0.8265785680243276,-0.2855132319398823,-0.4955644440254314
2025-01-25,,104714.6484375,,,23888996502,,,0.0226848924262945,,-0.10001569662844156,,
2025-01-26,,102682.5,,,22543395879,,,0.0227634228198272,,-1.9406534499448846,,
2025-01-27,6012.27978515625,102087.6875,19341.830078125,5198750000.0,89006608428,8870200000.0,0.0100553162124107,0.0227694107094304,0.0142173103107049,-0.5792734886665207,-1.4580715690809543,-3.069366899092285
2025-01-28,6067.7001953125,101332.4765625,19733.58984375,4473640000.0,47180685494,7121740000.0,0.0100866076266222,0.0225454650572314,0.0143362260707127,-0.7397669160641884,0.9217869449967608,2.0254534552450076
2025-01-29,6039.31005859375,103703.2109375,19632.3203125,4115310000.0,47432049818,6497710000.0,0.0100740178692877,0.022723742437332,0.0143171546074268,2.3395602825692086,-0.4678895760321544,-0.5131835213554647
2025-01-30,6071.169921875,104735.3046875,19681.75,4634620000.0,41915744521,6679500000.0,0.0101208842045333,0.022735644114338,0.0143244116652507,0.9952379879751394,0.5275414405311762,0.25177710384303165
2025-01-31,6040.52978515625,102405.0234375,19627.439453125,4843770000.0,45732764360,7947370000.0,0.0101388617284841,0.0231938506744607,0.0141251831136239,-2.2249243050878498,-0.5046825754019935,-0.27594368831531657
2025-02-01,,100655.90625,,,27757944848,,,0.0230466738994261,,-1.7080384621634526,,
2025-02-02,,97688.9765625,,,63091816853,,,0.0236276379404641,,-2.947596219670423,,
2025-02-03,5994.56982421875,101405.421875,19391.9609375,4797210000.0,115400897748,8272460000.0,0.0102091599482583,0.0245996141869941,0.0142666857935822,3.804365081173988,-0.7608597684666707,-1.1997413936106094
2025-02-04,6037.8798828125,97871.8203125,19654.01953125,4410160000.0,73002130211,6477050000.0,0.0086209045229771,0.0254878903815915,0.0128719802447935,-3.4846278405663456,0.7224881828679752,1.351377483662497
2025-02-05,6061.47998046875,96615.4453125,19692.330078125,4756250000.0,49125911241,6712220000.0,0.0086306351567015,0.024561834478437,0.0128716936655124,-1.2836943218062724,0.3908672930614365,0.19492474205637933
2025-02-06,6083.56982421875,96593.296875,19791.990234375,4847120000.0,45302471947,6642100000.0,0.0084494168167756,0.0226745861949325,0.0127707729864978,-0.022924323774897726,0.3644298722618622,0.5060861556485108
2025-02-07,6025.990234375,96529.0859375,19523.400390625,4766900000.0,55741290456,7748940000.0,0.0085644695945851,0.0223756700418068,0.0128920083707308,-0.06647556256734743,-0.9464770111542897,-1.3570633401157828
2025-02-08,,96482.453125,,,22447526395,,,0.0217531276870552,,-0.04830959709924976,,
2025-02-09,,96500.09375,,,27732901800,,,0.0213423126847992,,0.018283765004545316,,
2025-02-10,6066.43994140625,97437.5546875,19714.26953125,4458760000.0,40078962391,9535440000.0,0.0084142002788246,0.0214015417773619,0.0127740010838551,0.9714611676219231,0.6712541085862833,0.9776429146874044
2025-02-11,6068.5,95747.4296875,19643.859375,4324880000.0,37488783272,9269380000.0,0.0084136171909661,0.0216653406715519,0.012786105923535,-1.7345724709743937,0.03395827888592606,-0.35715325966498845
2025-02-12,6051.97021484375,97885.859375,19649.94921875,4627960000.0,49340445530,7946550000.0,0.0081611410887813,0.0220226925422139,0.0124945638556549,2.233406885677658,-0.27238667143857365,0.03100125914030638
2025-02-13,6115.06982421875,96623.8671875,19945.640625,4763800000.0,37147280860,8414510000.0,0.0080717427093346,0.0218364795743769,0.0125791185566892,-1.2892487184132717,1.0426292122230674,1.5047947603236134
2025-02-14,6114.6298828125,97508.96875,20026.76953125,4335190000.0,32697987277,7995720000.0,0.008010044407572,0.020557870679043,0.0124524343519474,0.9160278803397981,-0.007194380749464546,0.4067500652163103
2025-02-15,,97580.3515625,,,17047266288,,,0.0205235309857934,,0.07320640697474623,,
2025-02-16,,96175.03125,,,16536755396,,,0.0186530252567445,,-1.4401672980240199,,
2025-02-17,,95773.3828125,,,27336550690,,,0.0186498690219411,,-0.41762236235300954,,
2025-02-18,6129.580078125,95539.546875,20041.259765625,4684980000.0,37325720482,8683170000.0,0.0079845812474986,0.0178030606355303,0.0124419126789767,-0.24415545387781457,0.24449877750611915,0.07235432730370306
2025-02-19,6144.14990234375,96635.609375,20056.25,4562330000.0,28990872862,8171530000.0,0.0077098311888553,0.017856427666127,0.0120580841263125,1.1472343504350446,0.23769693899173827,0.07479686681528541
2025-02-20,6117.52001953125,98333.9375,19962.359375,4813690000.0,31668022771,7329270000.0,0.0077256347099173,0.0164826454939506,0.0118930233212352,1.7574558032842136,-0.43341850761716705,-0.46813649111873135
2025-02-21,6013.1298828125,96125.546875,19524.009765625,5434560000.0,49608706470,8461020000.0,0.008117002588696,0.0164368947784943,0.0120798680411276,-2.245807176184722,-1.706412670256352,-2.195880763092417
2025-02-22,,96577.7578125,,,18353824477,,,0.016459845760018,,0.47043783073406065,,
2025-02-23,,96273.921875,,,16999478976,,,0.0163357230133812,,-0.31460239332733453,,
2025-02-24,5983.25,91418.171875,19286.9296875,4990120000.0,44046480529,7414760000.0,0.0081774700627867,0.0186090553371048,0.0122861896865608,-5.043681513571874,-0.49691065044024096,-1.2143001410622967
2025-02-25,5955.25,88736.171875,19026.390625,5374690000.0,92139104128,7991440000.0,0.0076748999082603,0.0189823866692885,0.0121690534231903,-2.9337712021491935,-0.46797309154723576,-1.3508581548304033
2025-02-26,5956.06005859375,84347.0234375,19075.259765625,4869580000.0,64597492134,7034450000.0,0.0076739072523184,0.0207487445823246,0.0121597766333411,-4.94629004695274,0.013602428004699796,0.25684924475790627
2025-02-27,5861.56982421875,84704.2265625,18544.419921875,5057680000.0,52659591954,7700290000.0,0.0082538027700183,0.0208370335190115,0.0132035330798996,0.4234922709094535,-1.5864553655509872,-2.782870850894581
2025-02-28,5954.5,84373.0078125,18847.279296875,6441140000.0,83610570576,8247520000.0,0.0080816078457961,0.0201068432080166,0.0127512502062716,-0.3910297790814532,1.585414463498891,1.6331563687400408
2025-03-01,,86031.9140625,,,29190628396,,,0.0204550250790003,,1.9661575342751147,,
2025-03-02,,94248.3515625,,,58398341092,,,0.0269149523328983,,9.550452979612857,,
2025-03-03,5849.72021484375,86065.671875,18350.189453125,5613850000.0,70072228536,8170140000.0,0.0087047776199604,0.0312786205688603,0.0135171119723307,-8.682040111941614,-1.75967394669998,-2.637462075666386
2025-03-04,5778.14990234375,87222.1953125,18285.16015625,6138110000.0,68095241474,8469180000.0,0.0087327602509131,0.0310974736128779,0.0131444891975309,1.3437685575495406,-1.2234826602200433,-0.3543794304746273
2025-03-05,5842.6298828125,90623.5625,18552.73046875,5285970000.0,50498988027,7048430000.0,0.0088360244085618,0.031139729970836,0.0134118011598889,3.899657851208138,1.1159277893187936,1.4633194908524993
2025-03-06,5738.52001953125,89961.7265625,18069.259765625,5165080000.0,47749810486,7686200000.0,0.0092378880800232,0.0305698949586172,0.0138182313640948,-0.7303133084179958,-1.7819007085749905,-2.6059274883519334
2025-03-07,5770.2001953125,86742.671875,18196.220703125,5705140000.0,65945677657,8135420000.0,0.0092435467477923,0.0311344657424684,0.0139126328167655,-3.57824911826653,0.552061780274804,0.7026349676013233
2025-03-08,,86154.59375,,,18206118081,,,0.0311331066069245,,-0.6779571257010009,,
2025-03-09,,80601.0390625,,,30899345977,,,0.0331663390781679,,-6.44603432710168,,
2025-03-10,5614.56005859375,78532.0,17468.3203125,6409370000.0,54061099422,8636040000.0,0.0103418103697666,0.0333464963523755,0.0155142505085751,-2.567012890361897,-2.69730913054258,-4.000283369282231
2025-03-11,5572.06982421875,82862.2109375,17436.099609375,6221240000.0,54702837196,9177320000.0,0.010139087832063,0.035119075028076,0.0146724029355872,5.513944554449135,-0.7567865323653167,-0.1844522114810565
2025-03-12,5599.2998046875,83722.359375,17648.44921875,5219830000.0,40353484454,7746430000.0,0.0099972194012565,0.0351288251746311,0.0143003375208123,1.0380466895202334,0.48868699294464246,1.217873343995035
2025-03-13,5521.52001953125,81066.703125,17303.009765625,5018980000.0,31412940153,7147050000.0,0.0102037574956263,0.0354106756830777,0.0145966226350235,-3.17197970748182,-1.3890984206835322,-1.957336017705169
2025-03-14,5638.93994140625,83969.1015625,17754.08984375,4863180000.0,29588112414,7093850000.0,0.0110180219802634,0.0358409221861509,0.0155500425921177,3.580259620308812,2.1265869083087807,2.6069457524154904
2025-03-15,,84343.109375,,,13650491277,,,0.0358502294368898,,0.44541123525254633,,
2025-03-16,,82579.6875,,,21330270174,,,0.0358784448878863,,-2.0907717157540473,,
2025-03-17,5675.1201171875,84075.6875,17808.66015625,5031770000.0,25092785558,6306340000.0,0.0111228870409475,0.0361192140838082,0.0155951334498488,1.8115835083536647,0.6416130719105961,0.30736755857529996
2025-03-18,5614.66015625,82718.5,17504.119140625,4666270000.0,24095774594,6450530000.0,0.0111897822610777,0.0361367541457074,0.015724351750886,-1.6142449028442418,-1.0653512117636543,-1.7100725880162315
2025-03-19,5675.2900390625,86854.2265625,17750.7890625,4660090000.0,34931960257,6302310000.0,0.011310207326371,0.0374495453329329,0.015745745453338,4.9997601050550955,1.0798495567894584,1.4092107114519692
2025-03-20,5662.89013671875,84167.1953125,17691.630859375,4678420000.0,29028988961,6098330000.0,0.0112539587907484,0.0377999867581981,0.0157134437036774,-3.093725379117185,-0.21848931523151816,-0.3332708361115988
2025-03-21,5667.56005859375,84043.2421875,17784.05078125,9367460000.0,19030452299,8837930000.0,0.0112147093545563,0.0376893024063669,0.0157165400532026,-0.14727011460912154,0.08246534476661349,0.5223934560336208
2025-03-22,,83832.484375,,,9863214091,,,0.0374617187170159,,-0.25077306278807887,,
2025-03-23,,86054.375,,,12594615537,,,0.0377407693254649,,2.6503933905394295,,
2025-03-24,5767.56982421875,87498.9140625,18188.58984375,4517990000.0,34582604933,6787790000.0,0.011694477832226,0.0378951074516306,0.0162912861153967,1.6786352378946434,1.7646000146633645,2.2747295735711326
2025-03-25,5776.64990234375,87471.703125,18271.859375,4467340000.0,30005840049,6475790000.0,0.0116084919981732,0.0378990156099933,0.0161861258562123,-0.031098600241552532,0.15743334544251475,0.45781191376204067
2025-03-26,5712.2001953125,86900.8828125,17899.01953125,4183140000.0,26704046038,9091510000.0,0.0117319881991241,0.0367841050069454,0.0165195533628157,-0.652577110204744,-1.1156934922627149,-2.040513973417113
2025-03-27,5693.31005859375,87177.1015625,17804.029296875,4403460000.0,24413471941,8002470000.0,0.0117336957516961,0.0364065126632138,0.0165114539185619,0.3178549412391707,-0.3306980860763864,-0.5307007694424604
2025-03-28,5580.93994140625,84353.1484375,17322.990234375,4513330000.0,34198619509,7015410000.0,0.0119315016374155,0.0356994550975058,0.0167077111697086,-3.2393289916566204,-1.973722070834405,-2.7018550378617556
2025-03-29,,82597.5859375,,,16969396135,,,0.0358937184375181,,-2.0812056603918605,,
2025-03-30,,82334.5234375,,,14763760943,,,0.0358918114274561,,-0.3184869109843613,,
2025-03-31,5611.85009765625,82548.9140625,17299.2890625,5257250000.0,29004228247,8122180000.0,0.0120229832137505,0.0356946338282605,0.0166388384575503,0.26038970780313253,0.5538521570653376,-0.13681917240805364
2025-04-01,5633.06982421875,85169.171875,17449.890625,4434500000.0,28175650319,7756540000.0,0.0120456787540391,0.0317969353307585,0.0167936016994856,3.17418810684309,0.37812354559083605,0.8705650385741004
2025-04-02,5670.97021484375,82485.7109375,17601.05078125,4243830000.0,47584398470,9126630000.0,0.0121356549543843,0.0277788785316927,0.0169412863985009,-3.1507420800550134,0.6728194715792668,0.8662527433463518
2025-04-03,5396.52001953125,83102.828125,16550.609375,7210470000.0,36852112080,9461330000.0,0.0148587811403513,0.0276915557258377,0.0199008545804226,0.7481504135517403,-4.8395633359901495,-5.968060766968586
2025-04-04,5074.080078125,83843.8046875,15587.7900390625,8853500000.0,45157640207,11038180000.0,0.018066243376666,0.0267360284868263,0.0220231647709636,0.8916382019940938,-5.974960534553109,-5.817425293064171
2025-04-05,,83504.796875,,,14380803631,,,0.0267226915117911,,-0.4043325726492686,,
2025-04-06,,78214.484375,,,36294853736,,,0.0284621390248574,,-6.3353396427263675,,
2025-04-07,5062.25,79235.3359375,15603.259765625,8691980000.0,91262424987,12483580000.0,0.0180761343642277,0.0286103195946819,0.0220577265385304,1.305195029613082,-0.23314724921273955,0.09924259002549451
2025-04-08,4982.77001953125,76271.953125,15267.91015625,7408140000.0,48314590749,10496650000.0,0.0181714765709132,0.0268348282914241,0.0221902461176869,-3.739976334343409,-1.5700524562941354,-2.149227881944238
2025-04-09,5456.89990234375,82573.953125,17124.970703125,9489600000.0,84213627038,13479740000.0,0.0253539805710166,0.0302444626113354,0.0314452721164546,8.26253916648998,9.515387644904848,12.163161348672213
2025-04-10,5268.0498046875,79626.140625,16387.310546875,6677140000.0,44718000633,11861670000.0,0.0259323597752555,0.029360326479173,0.0319997221923115,-3.56990599146636,-3.4607579584726933,-4.307511931190577
2025-04-11,5363.35986328125,83404.8359375,16724.4609375,5602550000.0,41656778779,9444890000.0,0.0259918451162255,0.0305660464217393,0.0320998200146659,4.745546227457886,1.8092095201708958,2.0573869620679863
2025-04-12,,85287.109375,,,24258059104,,,0.0302106811544519,,2.256791727173346,,
2025-04-13,,83684.9765625,,,28796984817,,,0.0297550811575934,,-1.878516957885823,,
2025-04-14,5405.97021484375,84542.390625,16831.48046875,5031440000.0,34090769777,9667260000.0,0.0259283433665832,0.0298039204248495,0.0318590805341593,1.0245734631468162,0.7944712390868913,0.6398982403674314
2025-04-15,5396.6298828125,83668.9921875,16823.169921875,4317110000.0,28040322885,7483050000.0,0.0258640043913549,0.029604163011997,0.0318617489537035,-1.033089354397465,-0.17277808903947145,-0.04937502016194584
2025-04-16,5275.7001953125,84033.8671875,16307.16015625,4607750000.0,29617804112,7909190000.0,0.0259961452273895,0.029430282087962,0.0320968838200861,0.4360934564412222,-2.24083715440897,-3.067256456549472
2025-04-17,5282.7001953125,84895.75,16286.4501953125,4714880000.0,21276866029,7046290000.0,0.0258614485673502,0.0293227509822355,0.0318269051605774,1.025637449930672,0.13268380955802073,-0.12699918771302832
2025-04-18,,84450.8046875,,,12728372364,,,0.0279028457575233,,-0.5241078764249063,,
2025-04-19,,85063.4140625,,,15259300427,,,0.0273329777966525,,0.7254038339443714,,
2025-04-20,,85174.3046875,,,14664050812,,,0.0273312794130738,,0.13036230231544543,,
2025-04-21,5158.2001953125,87518.90625,15870.900390625,4226340000.0,41396190190,6678730000.0,0.0260922920726288,0.0277540201666579,0.0320189384469151,2.7527099529631727,-2.3567493023827546,-2.5515063117136583
2025-04-22,5287.759765625,93441.890625,16300.419921875,4666950000.0,55899038456,6981900000.0,0.0262023212557656,0.0298143095296498,0.0317539532639447,6.767662701452015,2.5117204723895226,2.7063337345606397
2025-04-23,5375.85986328125,93699.109375,16708.05078125,5371390000.0,41719568821,8564870000.0,0.0263940006090193,0.0296986029429223,0.0321348118836054,0.27527134594511615,1.6661138470960069,2.5007383940334194
2025-04-24,5484.77001953125,93943.796875,17166.0390625,4697710000.0,31483175315,7607400000.0,0.0266586061857547,0.029694595739506,0.0324656440635922,0.26114175645013393,2.0259113708281262,2.741123349732466
2025-04-25,5525.2099609375,94720.5,17382.939453125,4236580000.0,40915232364,7412930000.0,0.0265760259903921,0.0296639858368314,0.0323548892978897,0.8267742531563593,0.7373133469998461,1.2635436155963742
2025-04-26,,94646.9296875,,,17612825123,,,0.029671369206358,,-0.07767095032226168,,
2025-04-27,,93754.84375,,,18090367764,,,0.029000428046652,,-0.942540809771053,,
2025-04-28,5528.75,94978.75,17366.130859375,4257880000.0,32363449569,10313290000.0,0.0262789474649797,0.028670263643123,0.0319921252815464,1.3054325526514532,0.06407067039131409,-0.09669592300730612
2025-04-29,5560.830078125,94284.7890625,17461.3203125,4747150000.0,25806129921,13001930000.0,0.026273537160698,0.0287192995495189,0.0320049503311947,-0.7306486319308303,0.5802410694099036,0.5481327642628653
2025-04-30,5569.06005859375,94207.3125,17446.33984375,5449490000.0,28344679831,8595330000.0,0.0262072064093618,0.0287339721418024,0.0318514750825303,-0.08217291810309613,0.147999135976562,-0.08579230254012193
2025-05-01,5604.14013671875,96492.3359375,17710.740234375,4935270000.0,32875889623,8409690000.0,0.0261551689909738,0.0285293883866474,0.0318680415314279,2.425526614507767,0.6299102138585644,1.5155063640452937
2025-05-02,5686.669921875,96910.0703125,17977.73046875,4854380000.0,26421924677,8180190000.0,0.0262956334223585,0.027699884128203,0.0319783954915072,0.43291974532626565,1.472657412963474,1.5075046601202846
2025-05-03,,95891.796875,,,15775154889,,,0.0278481057093316,,-1.0507405827035687,,
2025-05-04,,94315.9765625,,,18198688416,,,0.0281050992525713,,-1.6433317174712747,,
2025-05-05,5650.3798828125,94748.0546875,17844.240234375,4358260000.0,25816260327,7075320000.0,0.0263222304023725,0.0280647939204615,0.0319981212618331,0.45811763897039004,-0.6381597588933863,-0.742531069797947
2025-05-06,5606.91015625,96802.4765625,17689.66015625,4717260000.0,26551275827,6958220000.0,0.0261430469049473,0.024937423497067,0.0317516738255516,2.168299794413664,-0.7693239651855532,-0.8662743613326751
2025-05-07,5631.27978515625,97032.3203125,17738.16015625,4987440000.0,76983822462,7977870000.0,0.0261570807605733,0.0249265954088643,0.0317425111274665,0.23743581586117557,0.43463562331358396,0.274171462716688
2025-05-08,5663.93994140625,103241.4609375,17928.140625,5627400000.0,69895404397,8500390000.0,0.0261087975607145,0.0254111314153288,0.0315887871664682,6.3990437464578775,0.5799775094835535,1.0710269107760961
2025-05-09,5659.91015625,102970.8515625,17928.919921875,4645090000.0,58198593958,8835140000.0,0.0261027081177873,0.021862816138017,0.0315724888036136,-0.2621130818400763,-0.0711480912216289,0.004346780245101378
2025-05-10,,104696.328125,,,42276713994,,,0.0202936449525573,,1.6756941758927724,,
2025-05-11,,104106.359375,,,46285517406,,,0.0191945061976314,,-0.5635047193781384,,
2025-05-12,5844.18994140625,102812.953125,18708.33984375,6014580000.0,63250475404,10717670000.0,0.0264696986794452,0.0193131287266729,0.0320413612071702,-1.242389281274392,3.2558782749008364,4.3472776122114976
2025-05-13,5886.5498046875,104169.8125,19010.08984375,5516290000.0,52608876410,9242230000.0,0.0264803370497774,0.0187499535995859,0.0321246556073618,1.3197358248725033,0.7248200983532183,1.6129170333668563
2025-05-14,5892.580078125,103539.4140625,19146.810546875,5233450000.0,45956071155,11744820000.0,0.0264772861214651,0.0188979014259139,0.0321169195165142,-0.6051642240404331,0.1024415597859818,0.7192007205055306
2025-05-15,5916.93017578125,103744.640625,19112.3203125,4991290000.0,50408241840,10546350000.0,0.0264639793057019,0.0186442976043586,0.0321114160383319,0.198211052629782,0.41323320741357694,-0.1801356643215457
2025-05-16,5958.3798828125,103489.2890625,19211.099609375,4850850000.0,44386499364,10509820000.0,0.0246569604099305,0.0187211823628883,0.0297278378931325,-0.24613470244020386,0.7005272294898557,0.5168357125659773
2025-05-17,,103191.0859375,,,37898552742,,,0.0187949157094398,,-0.28814878109744146,,
2025-05-18,,106446.0078125,,,49887082058,,,0.0191767433429163,,3.154266519659865,,
2025-05-19,5963.60009765625,105606.1796875,19215.4609375,4144010000.0,61761126647,13080030000.0,0.0214100898163439,0.0193883127936487,0.0271127358910041,-0.7889709931436006,0.08761131291423752,0.0227021264460614
2025-05-20,5940.4599609375,106791.0859375,19142.7109375,4416850000.0,36515726122,9047100000.0,0.0214312712568564,0.0193682384992316,0.0271631720189054,1.1220046530480143,-0.38802294486252054,-0.378601378528598
2025-05-21,5844.60986328125,109678.078125,18872.640625,5254250000.0,78086364051,11112460000.0,0.0214464519206091,0.0193516667642358,0.0269244111359933,2.7034018449719976,-1.613513066101424,-1.410825840612473
2025-05-22,5842.009765625,111673.28125,18925.740234375,5157050000.0,70157575642,8289710000.0,0.014105797240228,0.0161200635842162,0.0176357370467524,1.8191448638679386,-0.04448710379429954,0.28135760347527405
2025-05-23,5802.81982421875,107287.796875,18737.2109375,4662820000.0,67548133399,8730370000.0,0.0123434591012769,0.0181762476758938,0.0154426377917857,-3.9270668202023518,-0.6708297825321674,-0.9961528296397737
2025-05-24,,107791.15625,,,45903627163,,,0.0181726910990167,,0.4691674073487251,,
2025-05-25,,109035.390625,,,47518041841,,,0.018204773584888,,1.1543009819045436,,
2025-05-26,,109440.3671875,,,45950461571,,,0.0181767132935852,,0.3714175371671846,,
2025-05-27,5921.5400390625,108994.640625,19199.16015625,5366380000.0,57450176272,93974540000.0,0.0124457294737807,0.0180566384001976,0.0156006576409019,-0.4072780217708405,2.04590558452733,2.4654107822710714
2025-05-28,5888.5498046875,107802.328125,19100.939453125,4665050000.0,49155377493,8087530000.0,0.0125170395051111,0.0182223054306381,0.0156965917139656,-1.0939184653144474,-0.5571225417268844,-0.511588539944674
2025-05-29,5912.169921875,105641.7578125,19175.869140625,4569750000.0,56022752042,11016850000.0,0.0124884422641847,0.0186520640348991,0.0156715913153912,-2.004196337944353,0.4011194261904327,0.39228273396647584
2025-05-30,5911.68994140625,103998.5703125,19113.76953125,6378540000.0,57655287183,9042260000.0,0.0115294273314035,0.0189731570621113,0.0142549188862832,-1.5554336978341854,-0.008118516130162234,-0.32384247576783265
2025-05-31,,104638.09375,,,38997843858,,,0.0185784735625511,,0.6149348357177731,,
2025-06-01,,105652.1015625,,,37397056873,,,0.018619849369981,,0.9690618169351017,,
2025-06-02,5935.93994140625,105881.53125,19242.609375,4832240000.0,45819706290,7779940000.0,0.0115200669118946,0.0184472026794667,0.0142025869218124,0.21715582000447764,0.41020419271569075,0.6740682079448224
2025-06-03,5944.39990234375,105423.2890625,19333.736328125,502142472.0,44480860160,1913616000.0,0.0102790963787478,0.018125165240247,0.0129093645880333,-0.4327876468069092,0.14252099955538444,0.4735685859912131
