date,target_bitcoin_change_volatility_next
2014-09-17,0.0
2014-09-18,
2014-09-19,
2014-09-20,
2014-09-21,
2014-09-22,
2014-09-23,
2014-09-24,
2014-09-25,
2014-09-26,
2014-09-27,
2014-09-28,
2014-09-29,
2014-09-30,
2014-10-01,
2014-10-02,
2014-10-03,
2014-10-04,
2014-10-05,
2014-10-06,
2014-10-07,
2014-10-08,
2014-10-09,
2014-10-10,
2014-10-11,
2014-10-12,
2014-10-13,
2014-10-14,
2014-10-15,
2014-10-16,
2014-10-17,
2014-10-18,-4.972292641515308
2014-10-19,-6.350519037379476
2014-10-20,-1.5103656839857482
2014-10-21,-0.6122391691303686
2014-10-22,-0.0584064777795267
2014-10-23,-4.787477021194697
2014-10-24,-0.823042922094186
2014-10-25,0.2774239024514235
2014-10-26,0.8610541954746198
2014-10-27,-0.1009355022483227
2014-10-28,-4.4799729201150384
2014-10-29,6.311059071432568
2014-10-30,-0.1625724345867829
2014-10-31,0.3882137613613778
2014-11-01,1.2191648545751388
2014-11-02,-2.2268957363056674
2014-11-03,-12.85559078147902
2014-11-04,-1.288317690093499
2014-11-05,-0.2991331596880586
2014-11-06,0.9688656327436096
2014-11-07,-4.212530357559119
2014-11-08,-2.6234607861966186
2014-11-09,5.95864700212525
2014-11-10,0.1982291522944823
2014-11-11,-4.279340792885911
2014-11-12,37.37171623175517
2014-11-13,-0.6380024600951772
2014-11-14,3.6909819706231417
2014-11-15,2.4884342544789773
2014-11-16,1.0473491627930098
2014-11-17,-0.4292620793335033
2014-11-18,1.0528635427386135
2014-11-19,-0.0587858198158985
2014-11-20,3.721947363218359
2014-11-21,0.2551799161550239
2014-11-22,-4.265624631630526
2014-11-23,1.7769138180267596
2014-11-24,-0.5914618326630094
2014-11-25,-0.336339806996766
2014-11-26,0.4017120971811172
2014-11-27,-0.1421704950378077
2014-11-28,-4.498649124959675
2014-11-29,-0.7078467070790184
2014-11-30,-0.6537319022165256
2014-12-01,-2.1716819814637023
2014-12-02,-0.0278465815445883
2014-12-03,0.5826904862898941
2014-12-04,0.4027592679396896
2014-12-05,-0.3587066012594397
2014-12-06,-0.7265075771687224
2014-12-07,-0.6404866803648823
2014-12-08,1.7809074246019518
2014-12-09,-2.1707844428942136
2014-12-10,0.1305533353269661
2014-12-11,0.2199438299894884
2014-12-12,-32.03580482336166
2014-12-13,0.1999343202054859
2014-12-14,-6.482855090755157
2014-12-15,-8.406557767619116
2014-12-16,4.726603900481829
2014-12-17,0.8493388045862194
2014-12-18,-0.8515361742229555
2014-12-19,1.01065071764872
2014-12-20,-5.274553825076112
2014-12-21,1.2955949151225663
2014-12-22,4.468683170064591
2014-12-23,-6.070256212195668
2014-12-24,0.7588095834114128
2014-12-25,0.1155085089908691
2014-12-26,3.077868855766419
2014-12-27,3.509222659001221
2014-12-28,-1.5256048989358506
2014-12-29,0.2115640180135214
2014-12-30,-0.5788792748602667
2014-12-31,4.050974385452344
2015-01-01,0.0914957706670271
2015-01-02,-0.1158690426382724
2015-01-03,30.79315499242479
2015-01-04,3.174742547681664
2015-01-05,4.055250510814545
2015-01-06,3.971840235061297
2015-01-07,0.7685752903056953
2015-01-08,0.8052320001944446
2015-01-09,1.2323456547758571
2015-01-10,2.7148412800166666
2015-01-11,0.546924044386099
2015-01-12,0.337353082793812
2015-01-13,28.00182917016203
2015-01-14,32.714128817186584
2015-01-15,13.486599456438595
2015-01-16,-0.0087917296345496
2015-01-17,0.2394978984023632
2015-01-18,1.2000245724230307
2015-01-19,-0.4762845969933926
2015-01-20,-0.0640492279495363
2015-01-21,1.6713175107281764
2015-01-22,0.4090116918572084
2015-01-23,-0.1819001268936859
2015-01-24,1.6954987534691712
2015-01-25,-0.0902662584058577
2015-01-26,1.815286566574548
2015-01-27,0.281060340127448
2015-01-28,3.707920133365517
2015-01-29,0.0144321688747339
2015-01-30,-0.3518061474415801
2015-01-31,0.2194395366306611
2015-02-01,0.7871890390021452
2015-02-02,-2.277619659926733
2015-02-03,-0.4329885334823813
2015-02-04,-0.5697869960008428
2015-02-05,-0.3480083933266265
2015-02-06,-0.0979940395317346
2015-02-07,0.0566583181365487
2015-02-08,-0.2850129621892683
2015-02-09,-0.6677369609820794
2015-02-10,-0.215280221499392
2015-02-11,-0.0615245196089908
2015-02-12,-8.969864587784048
2015-02-13,-23.59865083250947
2015-02-14,-12.176842218166009
2015-02-15,7.397292599483141
2015-02-16,-1.6272066851920175
2015-02-17,-0.8391923211268137
2015-02-18,0.6706199930546441
2015-02-19,-0.1869142665847145
2015-02-20,-3.425768395567852
2015-02-21,-0.55907416795552
2015-02-22,1.079455472646651
2015-02-23,-3.056490549991675
2015-02-24,-0.5333817692041665
2015-02-25,-5.41520112552324
2015-02-26,-1.0564518188567962
2015-02-27,-9.198117345446963
2015-02-28,-0.0227356127812661
2015-03-01,-0.9803809876569258
2015-03-02,0.5729838143377686
2015-03-03,-1.2596519094716596
2015-03-04,-0.5501280045955181
2015-03-05,-3.465576371851176
2015-03-06,0.3879467172335671
2015-03-07,-3.4582808020373834
2015-03-08,-0.0643958863392746
2015-03-09,2.649290607270993
2015-03-10,-1.0405085172650264
2015-03-11,-0.7624794678496638
2015-03-12,0.2182324639751653
2015-03-13,2.043286860255522
2015-03-14,0.550313575358774
2015-03-15,-3.621847689568048
2015-03-16,-10.39167421366538
2015-03-17,-17.1692343113632
2015-03-18,28.58460958661224
2015-03-19,-1.946028944604794
2015-03-20,-1.811553817394573
2015-03-21,-0.1553508281342153
2015-03-22,1.0192094735428814
2015-03-23,0.0955475102327296
2015-03-24,9.114675740618727
2015-03-25,-0.1696374633875286
2015-03-26,0.0907340911265208
2015-03-27,0.0147308794321787
2015-03-28,0.5780487451670924
2015-03-29,-4.660419877278454
2015-03-30,0.642730276217951
2015-03-31,-0.6945745626232291
2015-04-01,-5.364860464233034
2015-04-02,0.1117785726465703
2015-04-03,-1.2260297168009249
2015-04-04,-0.3323428238539261
2015-04-05,1.2707498635212922
2015-04-06,0.154234062518066
2015-04-07,0.0393733680117858
2015-04-08,-4.455407710405302
2015-04-09,-0.323480326560388
2015-04-10,0.2130809487220109
2015-04-11,0.1659207979288313
2015-04-12,-1.053231528904619
2015-04-13,3.435424892194372
2015-04-14,-0.5650364498975602
2015-04-15,0.6221977925019884
2015-04-16,1.3162872321518249
2015-04-17,-19.05934102702018
2015-04-18,-1.2462593247553388
2015-04-19,-0.1821242584924332
2015-04-20,0.5382173809500568
2015-04-21,3.6511774139671216
2015-04-22,0.000126146120416
2015-04-23,-16.89818366532817
2015-04-24,1.4496224899633203
2015-04-25,0.7179269810050792
2015-04-26,2.5947034237303823
2015-04-27,4.958073600344037
2015-04-28,-3.906094472422117
2015-04-29,-1.6067969088868206
2015-04-30,6.66663450560947
2015-05-01,0.1507921449040106
2015-05-02,-1.2503106655814555
2015-05-03,1.6978729336536436
2015-05-04,0.0379048739779452
2015-05-05,-2.2759477090384395
2015-05-06,0.9000616007234452
2015-05-07,3.506837651107375
2015-05-08,-0.5509624346553776
2015-05-09,0.1078919665400413
2015-05-10,-2.765760251801108
2015-05-11,0.1411857047945552
2015-05-12,0.0584638669732351
2015-05-13,-6.7266021558426985
2015-05-14,-2.434470573090364
2015-05-15,-1.268371313250738
2015-05-16,-1.1708371986549393
2015-05-17,-2.7148413890228595
2015-05-18,1.184938746975206
2015-05-19,0.0734994442263659
2015-05-20,-0.0100538824344575
2015-05-21,-8.275771212935123
2015-05-22,1.811646948840151
2015-05-23,-0.1652169545118376
2015-05-24,-2.112843416213928
2015-05-25,-0.983771196594596
2015-05-26,-5.362801054370525
2015-05-27,-9.81847332355168
2015-05-28,-1.7733718114835817
2015-05-29,0.035826650352555
2015-05-30,-11.973682371677208
2015-05-31,-0.9923525417921408
2015-06-01,6.759535592170796
2015-06-02,-3.121114345212184
2015-06-03,-0.0639475713212101
2015-06-04,-0.6833374189289865
2015-06-05,-5.707394388241083
2015-06-06,-11.0717103593028
2015-06-07,-9.68718844264146
2015-06-08,9.906228849482137
2015-06-09,-0.0468565385743802
2015-06-10,-1.0870394997349877
2015-06-11,0.318433780986993
2015-06-12,-4.264787701221229
2015-06-13,1.5582920949294363
2015-06-14,0.2391126527205633
2015-06-15,2.1384150386781764
2015-06-16,34.134278229182335
2015-06-17,-1.681831628366348
2015-06-18,-0.306543829406436
2015-06-19,2.4282902081701696
2015-06-20,-0.1150664517708288
2015-06-21,-2.554538015704721
2015-06-22,0.6217671374928235
2015-06-23,0.5414796697962077
2015-06-24,-0.1106690247488551
2015-06-25,0.5471950936866588
2015-06-26,0.0415073477662453
2015-06-27,5.549566598637812
2015-06-28,0.5265997165610825
2015-06-29,3.22397999111963
2015-06-30,0.3877759126664992
2015-07-01,-5.224579230526693
2015-07-02,1.413889008957403
2015-07-03,-0.0910059339490065
2015-07-04,0.2241137088540234
2015-07-05,7.639567671620795
2015-07-06,1.4517952420761038
2015-07-07,-0.3014948815927454
2015-07-08,-1.2559026811022722
2015-07-09,0.6366840073953162
2015-07-10,12.410523888168768
2015-07-11,1.742097612716842
2015-07-12,9.40326319952982
2015-07-13,16.039068939880828
2015-07-14,1.3310845217122225
2015-07-15,0.2399324152582593
2015-07-16,-4.402237982106872
2015-07-17,-0.2677666471231021
2015-07-18,1.0221626520535043
2015-07-19,-1.0341703699786375
2015-07-20,0.6335671334701143
2015-07-21,0.4095037455722483
2015-07-22,-0.1858100222500547
2015-07-23,-0.4145599621777629
2015-07-24,2.7494726820889603
2015-07-25,0.0183974687189891
2015-07-26,0.1352547138160353
2015-07-27,-1.4824695359997198
2015-07-28,-0.4453178850551187
2015-07-29,-0.7295305213380288
2015-07-30,-0.7670314593805738
2015-07-31,-0.5850416940225589
2015-08-01,-0.1400267322698489
2015-08-02,-3.883953100247695e-05
2015-08-03,-0.4295724053826055
2015-08-04,-3.974385074870668
2015-08-05,0.0850989091109699
2015-08-06,0.0950520996046089
2015-08-07,-0.731548706853713
2015-08-08,13.411255770069053
2015-08-09,-7.622948021037324
2015-08-10,-2.764867380906788
2015-08-11,-10.082499212339757
2015-08-12,-12.819293649704044
2015-08-13,-0.6398987939279066
2015-08-14,0.3175438658916008
2015-08-15,-2.212616666983136
2015-08-16,0.1759064115068875
2015-08-17,-1.0044316030521472
2015-08-18,121.24181501616218
2015-08-19,5.601669007291621
2015-08-20,1.7399194321499278
2015-08-21,-0.0654733554674935
2015-08-22,0.0083001885652578
2015-08-23,-2.3058319226664348
2015-08-24,4.629162696600631
2015-08-25,2.740051506155128
2015-08-26,0.5144161691219784
2015-08-27,-0.0953955984825505
2015-08-28,1.0699283160286566
2015-08-29,-0.0006389127097272
2015-08-30,-0.0019898032046827
2015-08-31,0.1163429411734862
2015-09-01,-0.0863822807582792
2015-09-02,0.1123713809750848
2015-09-03,-0.3574423393046366
2015-09-04,0.3279908763689221
2015-09-05,0.5317988022411235
2015-09-06,0.4545903004923746
2015-09-07,-3.3192689694285016
2015-09-08,0.000641992631456
2015-09-09,0.3136297513002484
2015-09-10,-0.5381684320927116
2015-09-11,-0.0088055904738038
2015-09-12,0.2171933402754788
2015-09-13,0.1233665330848454
2015-09-14,-0.083346682246399
2015-09-15,-0.0438408152937053
2015-09-16,-0.0012699576903085
2015-09-17,-42.35724597702024
2015-09-18,-12.54959717090076
2015-09-19,-4.538676330544156
2015-09-20,-0.4762478000040926
2015-09-21,0.8330264191233061
2015-09-22,0.5269227937869214
2015-09-23,-27.81374648188022
2015-09-24,-15.878805578326972
2015-09-25,-2.89065199092996
2015-09-26,-0.1427986020029914
2015-09-27,-7.882607019691568
2015-09-28,7.327337565305148
2015-09-29,1.0517720740846448
2015-09-30,-0.0847683625109563
2015-10-01,-0.6615929013350064
2015-10-02,-0.0968522644740454
2015-10-03,-0.9505243151461952
2015-10-04,-1.4756724217268369
2015-10-05,-3.4628716420036065
2015-10-06,1.4917191495931623
2015-10-07,1.987938910122944
2015-10-08,-2.547082276264967
2015-10-09,-5.730568899927557
2015-10-10,0.13738099325864
2015-10-11,0.3079856391695834
2015-10-12,-5.316901534959573
2015-10-13,-3.984818789708511
2015-10-14,0.704342587484974
2015-10-15,0.2414313371175147
2015-10-16,11.027679126141445
2015-10-17,6.914826149495945
2015-10-18,14.141765845765295
2015-10-19,-0.852055233393878
2015-10-20,2.3871910348093994
2015-10-21,-2.0034646949876334
2015-10-22,3.616521232238212
2015-10-23,-0.3528123573500852
2015-10-24,0.041130929680877
2015-10-25,-0.0921217049944966
2015-10-26,-0.7611259508094492
2015-10-27,2.3474393231591506
2015-10-28,3.259787454139307
2015-10-29,0.5976297130402708
2015-10-30,6.76433821762148
2015-10-31,16.23142751160891
2015-11-01,2.361041090527305
2015-11-02,31.956467143039347
2015-11-03,19.930595389787896
2015-11-04,-0.1289137140842777
2015-11-05,10.5237200368123
2015-11-06,1.9428598966713784
2015-11-07,-0.0546181913114729
2015-11-08,3.2364544592392352
2015-11-09,-0.1184925842533046
2015-11-10,21.090132800625103
2015-11-11,6.532694697013075
2015-11-12,4.198772849128374
2015-11-13,0.1422125402004148
2015-11-14,0.3110338393115253
2015-11-15,1.1022231709984842
2015-11-16,0.1147772523122814
2015-11-17,-1.173996516910092
2015-11-18,0.0648540424048382
2015-11-19,0.5917866580726905
2015-11-20,0.0216372863159231
2015-11-21,-0.3027722493659457
2015-11-22,0.1108492973694419
2015-11-23,-0.0648808052167271
2015-11-24,0.1256177008271075
2015-11-25,0.3049385307465568
2015-11-26,2.6729485775297546
2015-11-27,-0.5617762971297124
2015-11-28,-0.3921573502241426
2015-11-29,-0.2982618455089292
2015-11-30,-1.520289319819823
2015-12-01,0.7706975271507766
2015-12-02,-7.495114032236872
2015-12-03,-10.806785608504844
2015-12-04,-0.4859779729317948
2015-12-05,1.250291178400209
2015-12-06,-1.0305982006026837
2015-12-07,-0.6904283035936931
2015-12-08,0.9141428053195622
2015-12-09,-0.2258146241442604
2015-12-10,-17.858234757002656
2015-12-11,-3.752729381404629
2015-12-12,-4.988591412642018
2015-12-13,-0.0557332299380264
2015-12-14,-0.3715335141810327
2015-12-15,-2.315031100868681
2015-12-16,1.3806266334051465
2015-12-17,0.1051295583997413
2015-12-18,-0.2090852788970365
2015-12-19,-2.1904504579118966
2015-12-20,4.598412323336887
2015-12-21,0.626993115931529
2015-12-22,-0.1468718073374564
2015-12-23,-0.3711610600805493
2015-12-24,-0.2330956826087526
2015-12-25,-0.1694068418783278
2015-12-26,8.977856051377685
2015-12-27,-0.0485009152079052
2015-12-28,-0.0121034646906936
2015-12-29,-1.054365256106926
2015-12-30,0.3785414401592524
2015-12-31,-3.137729501681119
2016-01-01,-0.3667711863156175
2016-01-02,0.1112375428739431
2016-01-03,0.3131976002832992
2016-01-04,-6.92137705454382
2016-01-05,0.0418990857535828
2016-01-06,-0.1967092109501522
2016-01-07,3.220415301669899
2016-01-08,0.3209105577475446
2016-01-09,0.2993125750011094
2016-01-10,-12.94936158908112
2016-01-11,-3.5099088168877968
2016-01-12,2.101094062134101
2016-01-13,-1.2728843643970311
2016-01-14,-5.854710450782196
2016-01-15,55.70318041596922
2016-01-16,5.080186353394112
2016-01-17,-0.454896459034515
2016-01-18,0.3570259361141081
2016-01-19,-1.326810803126821
2016-01-20,10.770486002926226
2016-01-21,0.420662498122315
2016-01-22,3.5124714870490514
2016-01-23,-0.6208367435375672
2016-01-24,1.5219191279745026
2016-01-25,-5.318216005091614
2016-01-26,-0.2017074484074399
2016-01-27,0.079108505972858
2016-01-28,0.3484343626755981
2016-01-29,-0.0966374114259926
2016-01-30,-0.154944864493689
2016-01-31,0.2073611117527685
2016-02-01,0.2378533850417641
2016-02-02,0.0548605596460971
2016-02-03,-0.0822777190039314
2016-02-04,2.7039062742039377
2016-02-05,0.0075897606445884
2016-02-06,-3.779910947367604
2016-02-07,0.0231281886076351
2016-02-08,-0.0312636829513435
2016-02-09,0.1057551427026126
2016-02-10,0.3331613543093858
2016-02-11,-0.5040703681743808
2016-02-12,0.2278450405701404
2016-02-13,0.4725451680274384
2016-02-14,-26.82241195756769
2016-02-15,-5.292672997731007
2016-02-16,0.0745101720947882
2016-02-17,0.4751741139066512
2016-02-18,-0.5837986284144336
2016-02-19,-19.69217839236451
2016-02-20,2.107012435314215
2016-02-21,-16.01579475864039
2016-02-22,-0.116022756763956
2016-02-23,1.8099695941965253
2016-02-24,-3.2763991380271307
2016-02-25,0.0431267195911022
2016-02-26,0.8141490109254468
2016-02-27,-7.002077307350152
2016-02-28,-0.1730989968731222
2016-02-29,-0.1698887394327775
2016-03-01,-3.797672254153972
2016-03-02,4.383986675482721
2016-03-03,0.4208256639641305
2016-03-04,2.7464829188066364
2016-03-05,-7.45552836741351
2016-03-06,0.899942155803557
2016-03-07,-3.1947317594818503
2016-03-08,0.0398829399435696
2016-03-09,-0.7207259105555308
2016-03-10,-0.0408221191758428
2016-03-11,-0.3984166356624574
2016-03-12,3.518348497649537
2016-03-13,-0.3933390309293072
2016-03-14,-1.4577525757019427
2016-03-15,-7.38292551297789
2016-03-16,-2.089810723801666
2016-03-17,-1.4563938567076715
2016-03-18,1.7746999837628064
2016-03-19,-1.3975871267073003
2016-03-20,0.4382951193167672
2016-03-21,-10.449181167904376
2016-03-22,1.1505629540405238
2016-03-23,0.0112833074926488
2016-03-24,-12.328875641190118
2016-03-25,-1.055353818624705
2016-03-26,0.058246925893246
2016-03-27,1.2670118601979086
2016-03-28,0.2764179182239479
2016-03-29,2.86910089766772
2016-03-30,-1.1291820388153462
2016-03-31,0.1960406483072718
2016-04-01,-6.038569321349796
2016-04-02,0.2657493354122575
2016-04-03,-7.68996720886157
2016-04-04,-9.612741175817064
2016-04-05,-3.8118033273740304
2016-04-06,-3.799585004149042
2016-04-07,0.0515181135593678
2016-04-08,0.6638524931971146
2016-04-09,-0.3604863077902642
2016-04-10,-1.6583963928524126
2016-04-11,-11.963093613041732
2016-04-12,0.1205991660189864
2016-04-13,-0.1809899873775999
2016-04-14,0.0090318609936357
2016-04-15,3.37330914420968
2016-04-16,-1.3314104344874789
2016-04-17,-17.824509951455937
2016-04-18,0.0434120365437662
2016-04-19,5.570410869308784
2016-04-20,3.69632276298979
2016-04-21,4.57003239383551
2016-04-22,2.710627436389368
2016-04-23,0.5067310280372217
2016-04-24,5.5952513280432825
2016-04-25,0.1580724715780412
2016-04-26,-6.064865453748292
2016-04-27,47.50036774411684
2016-04-28,-4.180451384027317
2016-04-29,0.8242680005180469
2016-04-30,3.762509134419578
2016-05-01,0.327792037057506
2016-05-02,3.475102868586477
2016-05-03,1.129807489644041
2016-05-04,1.0388761807719191
2016-05-05,-0.1729350619824932
2016-05-06,5.256743980751466
2016-05-07,0.0638817151147108
2016-05-08,-0.5911172262265008
2016-05-09,-0.2414765990931711
2016-05-10,5.057931978626651
2016-05-11,0.0267707250653836
2016-05-12,-0.1013024192136002
2016-05-13,-0.2800379227481553
2016-05-14,0.0384549116041688
2016-05-15,-0.906293613599496
2016-05-16,0.7622467615488571
2016-05-17,-0.673375608524629
2016-05-18,-0.0054145491705015
2016-05-19,9.291033359906375
2016-05-20,-0.7079478375952575
2016-05-21,-2.4534645483488604
2016-05-22,0.0642176023782692
2016-05-23,0.1344707483067253
2016-05-24,-2.599080862187974
2016-05-25,0.2394229305372919
2016-05-26,-0.2726435054518417
2016-05-27,-3.604693430622252
2016-05-28,75.13886235362423
2016-05-29,0.2414771141737048
2016-05-30,-0.9417007345680406
2016-05-31,0.2880610668571481
2016-06-01,-1.3267768599985796
2016-06-02,-0.0731525274942024
2016-06-03,6.332306814632549
2016-06-04,-0.0641880631871205
2016-06-05,-0.7897837474514002
2016-06-06,0.0141386954667144
2016-06-07,1.264341477843289
2016-06-08,-0.0290559561480607
2016-06-09,-1.136352100522664
2016-06-10,-0.0166539356385886
2016-06-11,4.215614840596582
2016-06-12,18.691233188515262
2016-06-13,1.4488778660355583
2016-06-14,2.638443640121091
2016-06-15,-0.7243115471777917
2016-06-16,10.094957639551438
2016-06-17,1.8136722983862263
2016-06-18,-3.6094841663256494
2016-06-19,-0.0229664378496252
2016-06-20,3.457820970529357
2016-06-21,15.501012908228915
2016-06-22,13.899343995641413
2016-06-23,0.8921958948647113
2016-06-24,1.958069740937329
2016-06-25,0.1084043504031795
2016-06-26,2.352815263600782
2016-06-27,-6.923008382291263
2016-06-28,0.1448507535066312
2016-06-29,0.1890015746061513
2016-06-30,1.3817209627825289
2016-07-01,0.0037718586677115
2016-07-02,0.708643206904469
2016-07-03,2.117339384963968
2016-07-04,0.7190442519270146
2016-07-05,0.4272659564512171
2016-07-06,-0.1042295546097693
2016-07-07,2.2157306858447967
2016-07-08,0.8317061433689377
2016-07-09,0.3344461268202758
2016-07-10,0.0269507545166858
2016-07-11,-1.3889508644611914
2016-07-12,-6.848637108942879
2016-07-13,-1.591820205119043
2016-07-14,-0.4620880474181188
2016-07-15,-0.0965690362242588
2016-07-16,-8.70663446294353
2016-07-17,0.6425768449026092
2016-07-18,-0.1361105156624908
2016-07-19,-0.1744485163359899
2016-07-20,-0.9155194149764512
2016-07-21,-10.070094198546098
2016-07-22,-16.160170451431565
2016-07-23,-3.244989180013591
2016-07-24,-7.556110818366257
2016-07-25,0.2390405449278487
2016-07-26,-6.807574657553584
2016-07-27,-3.949985242380727
2016-07-28,-0.4428052372942859
2016-07-29,-0.3546305572614594
2016-07-30,-7.293908331680809
2016-07-31,6.274356145353965
2016-08-01,-3.4528639540934214
2016-08-02,15.67852090498456
2016-08-03,-0.6256995354409378
2016-08-04,1.1599619102478087
2016-08-05,-0.5096950304022019
2016-08-06,-4.56064086624457
2016-08-07,-4.330921064698212
2016-08-08,-1.0860413132524285
2016-08-09,0.0121145954548484
2016-08-10,0.2985795554379278
2016-08-11,-2.3575450225458594
2016-08-12,-0.37459555239161
2016-08-13,-0.2464347385415344
2016-08-14,0.9223428544758772
2016-08-15,-0.0036660803342192
2016-08-16,-1.6262765678367597
2016-08-17,-0.0360013426819683
2016-08-18,0.081840721960269
2016-08-19,0.0641826061549499
2016-08-20,0.6318591800025919
2016-08-21,-0.8853655691067108
2016-08-22,0.1265755382534594
2016-08-23,-0.4619635208854666
2016-08-24,-0.1327759961132435
2016-08-25,-0.0005551274780635
2016-08-26,-0.0302878672588269
2016-08-27,0.381905323104581
2016-08-28,0.2224420960151185
2016-08-29,0.0610788769892511
2016-08-30,-5.579594669105459
2016-08-31,-2.5648904741974343
2016-09-01,-47.06007873820691
2016-09-02,-14.173592581891535
2016-09-03,16.03275107071047
2016-09-04,2.438989692712368
2016-09-05,-4.812071665939122
2016-09-06,-0.3324935591174083
2016-09-07,0.2079883044935782
2016-09-08,3.191373935549069
2016-09-09,0.3238480043503244
2016-09-10,-0.5702752230896557
2016-09-11,9.628204763598692
2016-09-12,-0.1937937156366032
2016-09-13,-8.43346963909738
2016-09-14,-0.7983087830022106
2016-09-15,-2.375898510375374
2016-09-16,-1.0495460706052897
2016-09-17,0.163168805206948
2016-09-18,0.2746653383751019
2016-09-19,-0.9243837405718548
2016-09-20,0.0594051606573664
2016-09-21,4.194935438173331
2016-09-22,-0.4542221967656079
2016-09-23,0.6964613073897841
2016-09-24,-0.3451377636863983
2016-09-25,0.1825743983198569
2016-09-26,-3.040231315334996
2016-09-27,0.0184842617332536
2016-09-28,0.2018649673118933
2016-09-29,-0.2383503097173833
2016-09-30,-0.0526636769918376
2016-10-01,-0.4750426031664201
2016-10-02,0.536915675407279
2016-10-03,-20.62186414868937
2016-10-04,-5.903165805446076
2016-10-05,3.030502049305994e-06
2016-10-06,-0.8803831799869655
2016-10-07,-0.0131265735629493
2016-10-08,-9.001959029535044
2016-10-09,-0.4365097069734314
2016-10-10,0.4009414673046274
2016-10-11,10.70288685642511
2016-10-12,2.0395621342000902
2016-10-13,0.0064854152940663
2016-10-14,0.3695850891904273
2016-10-15,-0.8341120525081513
2016-10-16,0.0953129675855368
2016-10-17,0.4566765294238939
2016-10-18,-0.227885073265599
2016-10-19,3.733872070243915
2016-10-20,-0.1455562174784042
2016-10-21,-9.04891978476192
2016-10-22,28.12409439310779
2016-10-23,-0.7982909869812649
2016-10-24,0.8272282263335873
2016-10-25,-0.403106408044307
2016-10-26,10.508357118884405
2016-10-27,0.8489913327919929
2016-10-28,-0.5036297733973294
2016-10-29,11.245636771751254
2016-10-30,5.341945062804987
2016-10-31,0.2666178893352855
2016-11-01,10.11077296725642
2016-11-02,0.4772059412139651
2016-11-03,38.86618841574483
2016-11-04,1.0867767803018236
2016-11-05,0.0180643848894934
2016-11-06,0.164021138972048
2016-11-07,1.028094709597327
2016-11-08,-0.1641205718099558
2016-11-09,0.7181697916907037
2016-11-10,-2.6990025397579887
2016-11-11,-0.4963114284317838
2016-11-12,1.5105764763555962
2016-11-13,0.1982698071613331
2016-11-14,-0.1302810446905944
2016-11-15,0.1308935944540401
2016-11-16,5.941665646521432
2016-11-17,0.1358772270621422
2016-11-18,-0.7513074030071731
2016-11-19,0.0191994597022571
2016-11-20,3.749168596628905
2016-11-21,-3.5788542450039484
2016-11-22,0.4345207607245216
2016-11-23,0.3153166772576821
2016-11-24,0.3302301386825634
2016-11-25,-2.6254931322433617
2016-11-26,-0.0820175693903024
2016-11-27,0.1601656897024073
2016-11-28,-4.1790173516245925
2016-11-29,-1.4315285607775283
2016-11-30,0.5235957572507166
2016-12-01,-5.437567278334154
2016-12-02,2.213272018147272
2016-12-03,-27.82178963688834
2016-12-04,-2.5217885127171047
2016-12-05,4.289816656533096
2016-12-06,-0.4622739583352464
2016-12-07,-1.6602948119335823
2016-12-08,-0.36560725184831
2016-12-09,-2.235293433366992
2016-12-10,-1.5324367615908383
2016-12-11,0.6954922817070219
2016-12-12,-2.2124260054183
2016-12-13,-0.4843552258567363
2016-12-14,0.0441235041269916
2016-12-15,0.1851976785667952
2016-12-16,-18.05990980956369
2016-12-17,-0.1266935296079574
2016-12-18,-2.0556029606635278
2016-12-19,-0.0260544253703143
2016-12-20,-13.256002396697165
2016-12-21,23.15909980037123
2016-12-22,10.163952777854778
2016-12-23,29.27429276384663
2016-12-24,5.396366338169245
2016-12-25,0.3748646500878694
2016-12-26,-1.0930563631771917
2016-12-27,1.5017100782274362
2016-12-28,6.922294757953895
2016-12-29,0.231107360924021
2016-12-30,2.1300979446842394
2016-12-31,-0.047180917898193
2017-01-01,1.646622820495125
2017-01-02,-0.471904625622932
2017-01-03,0.4508720361193985
2017-01-04,27.411320241319004
2017-01-05,45.75816384344602
2017-01-06,18.307592358288915
2017-01-07,-0.001043805838008
2017-01-08,-0.0015624637964783
2017-01-09,0.1892860999716639
2017-01-10,-0.1269308286987791
2017-01-11,20.800448523352895
2017-01-12,0.7267767376304191
2017-01-13,0.3081742498527884
2017-01-14,0.0222536982571464
2017-01-15,-0.0277682667134238
2017-01-16,0.042975187595351
2017-01-17,4.395858901915539
2017-01-18,0.4464016157984973
2017-01-19,0.0350577608220437
2017-01-20,-0.7819862187349758
2017-01-21,-0.21627144960914
2017-01-22,-2.3459601616850456
2017-01-23,-0.3973557751577927
2017-01-24,0.603742932875706
2017-01-25,-0.0388843281779238
2017-01-26,-0.2855980554304138
2017-01-27,-1.294064579973586
2017-01-28,0.0093145838131469
2017-01-29,-0.0758634872709773
2017-01-30,-0.0067692379880468
2017-01-31,1.0001693694982272
2017-02-01,-0.1139925399801233
2017-02-02,0.0393513210586116
2017-02-03,-6.549172665156644
2017-02-04,-12.397553221713586
2017-02-05,-13.626950499521184
2017-02-06,0.0368074045661304
2017-02-07,0.3650428182394361
2017-02-08,-0.2408521979798017
2017-02-09,6.0158435926136455
2017-02-10,-33.421650313271535
2017-02-11,-1.5845153084617425
2017-02-12,-0.3260429342750059
2017-02-13,0.1296047914159492
2017-02-14,0.1255787812053377
2017-02-15,-0.0361382809152321
2017-02-16,-18.63320346947761
2017-02-17,-2.4987804980306505
2017-02-18,-0.2722466595372341
2017-02-19,0.1492584498769433
2017-02-20,0.1434507433641485
2017-02-21,2.7610754449920227
2017-02-22,-0.3333564705717218
2017-02-23,-0.9959639234396024
2017-02-24,0.0293433881929372
2017-02-25,4.0621190852214495
2017-02-26,0.3297964398018438
2017-02-27,-0.0585265997650519
2017-02-28,-0.1550314942308728
2017-03-01,2.297751312476848
2017-03-02,-6.203955997531874
2017-03-03,-0.0015801744264409
2017-03-04,1.2895997982981244
2017-03-05,-0.4172100370604004
2017-03-06,-0.1083970774959253
2017-03-07,6.171529258377961
2017-03-08,14.157664951611103
2017-03-09,1.3587375819427594
2017-03-10,10.329322767115068
2017-03-11,-5.781088105107479
2017-03-12,2.023198886514077
2017-03-13,-0.1751754631841073
2017-03-14,-0.3450872048838316
2017-03-15,-0.597094508187046
2017-03-16,7.310184038276035
2017-03-17,12.492795297963363
2017-03-18,21.285534158728893
2017-03-19,3.94328444303107
2017-03-20,0.2234532299165037
2017-03-21,3.490222179744995
2017-03-22,3.2746499840448307
2017-03-23,-0.9503793633941826
2017-03-24,8.286383666402797
2017-03-25,-0.4398874037676692
2017-03-26,-0.1151416562114926
2017-03-27,4.908048360507045
2017-03-28,-0.3189811232700901
2017-03-29,-0.1859823810766547
2017-03-30,0.0395226705874662
2017-03-31,0.4861872424178237
2017-04-01,-0.4257181030247969
2017-04-02,0.0299482365099024
2017-04-03,1.0909422072439725
2017-04-04,-0.0915286493153089
2017-04-05,-0.0403069571995096
2017-04-06,0.9894303886953226
2017-04-07,-2.621671078445087
2017-04-08,-0.7710916524128586
2017-04-09,-2.8885174951860937
2017-04-10,-1.9816741619272271
2017-04-11,-0.9906951504001782
2017-04-12,-0.0618928667443618
2017-04-13,0.4541438675287335
2017-04-14,-0.0784967856028773
2017-04-15,-1.9841039178482125
2017-04-16,-5.197803074980623
2017-04-17,-16.510216881405626
2017-04-18,-4.337902954511785
2017-04-19,-0.1535017887746015
2017-04-20,-4.772672690850044
2017-04-21,-8.194152463469862
2017-04-22,-0.4558672016658605
2017-04-23,-25.25457601403631
2017-04-24,-0.3814685337673595
2017-04-25,-0.7461657283406753
2017-04-26,-19.887398001335637
2017-04-27,2.2485148350193773
2017-04-28,-0.7446647203992351
2017-04-29,-2.3916080937249395
2017-04-30,-6.530861383903863
2017-05-01,12.374234538674587
2017-05-02,0.2240141020974251
2017-05-03,-2.7241974700894955
2017-05-04,0.6994770610080359
2017-05-05,-1.7471292798122209
2017-05-06,-9.185843019872951
2017-05-07,-1.474302366055369
2017-05-08,25.044276882774064
2017-05-09,0.1009043182863544
2017-05-10,-0.7712689860425614
2017-05-11,1.7541291743167875
2017-05-12,25.334034269544997
2017-05-13,-1.4162606357122742
2017-05-14,-0.2993101179507795
2017-05-15,7.673234805048223
2017-05-16,0.5306701140830983
2017-05-17,4.7909036178718445
2017-05-18,0.3197047686742893
2017-05-19,2.1335359881085703
2017-05-20,1.9585569079109355
2017-05-21,1.9114001154893807
2017-05-22,3.66321056615011
2017-05-23,0.7250786342112514
2017-05-24,1.2796570666006035
2017-05-25,10.439058633997966
2017-05-26,5.766821227129415
2017-05-27,10.512706933171966
2017-05-28,1.4146325422536243
2017-05-29,0.6332028063563699
2017-05-30,2.803200544533357
2017-05-31,-0.2391911100329213
2017-06-01,1.1727243918346009
2017-06-02,0.1743419148741098
2017-06-03,-0.1679207996450826
2017-06-04,0.2700415876571105
2017-06-05,2.353305601114686
2017-06-06,1.743489150490607
2017-06-07,0.5664876597491375
2017-06-08,0.0965653975145475
2017-06-09,0.0632543407124819
2017-06-10,0.3561596473844686
2017-06-11,-6.3515740869663055
2017-06-12,12.601449376013218
2017-06-13,-0.0424100901201596
2017-06-14,4.448282969857775
2017-06-15,0.433851390187745
2017-06-16,-1.490003151358421
2017-06-17,1.0839061544298811
2017-06-18,0.6336926408091692
2017-06-19,-1.052004634430781
2017-06-20,0.588590883367246
2017-06-21,-1.7801002002789224
2017-06-22,-2.5657042191012613
2017-06-23,-1.6281964662364423
2017-06-24,-0.6936394194074325
2017-06-25,-1.906481523264214
2017-06-26,-3.725879384433406
2017-06-27,-1.7276483141275611
2017-06-28,-1.490541610363505
2017-06-29,-1.2707068403646216
2017-06-30,-1.329696502658961
2017-07-01,-2.1307863161185825
2017-07-02,-0.2468706998047243
2017-07-03,0.4094015276708829
2017-07-04,0.1881196845241461
2017-07-05,-4.814642075695752
2017-07-06,-5.041007303340672
2017-07-07,-1.1445241683986085
2017-07-08,-0.4013045414289706
2017-07-09,0.2710369021689862
2017-07-10,0.7562365769395063
2017-07-11,-0.0901182156654467
2017-07-12,-12.562186632482508
2017-07-13,-0.8008392482654614
2017-07-14,-5.881307596023888
2017-07-15,19.351451241300733
2017-07-16,-0.1827083861596357
2017-07-17,23.38257529311849
2017-07-18,0.5373778672682405
2017-07-19,-0.1195861635172823
2017-07-20,33.45139368589609
2017-07-21,1.42079615481836
2017-07-22,1.2585742918108878
2017-07-23,0.3131242527114608
2017-07-24,-1.229425300566922
2017-07-25,2.14949506004829
2017-07-26,-0.7352464081193277
2017-07-27,0.964706162668394
2017-07-28,1.0254865072453878
2017-07-29,0.3502832985189386
2017-07-30,-0.2769909003522697
2017-07-31,0.3824526500820324
2017-08-01,1.3311476778889777
2017-08-02,-0.1699569222222141
2017-08-03,0.3760324508373269
2017-08-04,0.3573162213397207
2017-08-05,5.123884515378929
2017-08-06,-0.5602534597443865
2017-08-07,0.6143998040248899
2017-08-08,-0.3572186883052053
2017-08-09,-1.5053557476258583
2017-08-10,-0.2854202896466318
2017-08-11,1.5535994592547508
2017-08-12,0.443934308911631
2017-08-13,-1.7358675148353764
2017-08-14,-6.888305881178559
2017-08-15,-0.0827651319794675
2017-08-16,-6.675696711846513
2017-08-17,0.3700250717102227
2017-08-18,1.0920003580402682
2017-08-19,-22.88883307687215
2017-08-20,-2.766572227972708
2017-08-21,-0.320510536835028
2017-08-22,-1.4785449848973675
2017-08-23,-0.0195803749334366
2017-08-24,-5.949045576021906
2017-08-25,-1.3336541559395232
2017-08-26,-1.0463593684548522
2017-08-27,-1.278679569195007
2017-08-28,-2.121679466808779
2017-08-29,0.8805413320080113
2017-08-30,-0.3573230843240682
2017-08-31,-6.418254427220771
2017-09-01,-0.0829395422972334
2017-09-02,8.989199625310462
2017-09-03,-0.0453778860607601
2017-09-04,-3.0981113231751567
2017-09-05,0.0778809364196497
2017-09-06,-0.0864130367877691
2017-09-07,0.1058217879941203
2017-09-08,9.004394331188891
2017-09-09,0.0551325148280712
2017-09-10,-4.340826258092656
2017-09-11,-3.9747952339763137
2017-09-12,-2.5382862670488504
2017-09-13,-0.1826860905118521
2017-09-14,42.45656427856823
2017-09-15,11.882491644966752
2017-09-16,-0.0058210367513411
2017-09-17,-0.6016308905407386
2017-09-18,8.241537209595506
2017-09-19,0.2439903758777006
2017-09-20,-0.1723746516567481
2017-09-21,1.8588760623760687
2017-09-22,-0.1100023277472939
2017-09-23,0.0162963134572091
2017-09-24,0.1713232258191199
2017-09-25,1.9717213408823488
2017-09-26,-0.0365628763530523
2017-09-27,2.506903916646785
2017-09-28,-0.8217617601268046
2017-09-29,2.879885321327436e-05
2017-09-30,0.3492242255557887
2017-10-01,-0.580392459652701
2017-10-02,-1.6219411309451703
2017-10-03,0.1518912872604749
2017-10-04,-2.332554905515938
2017-10-05,-0.2266106640324339
2017-10-06,-1.0397545698742403
2017-10-07,0.0870190363801093
2017-10-08,-2.498623195051619
2017-10-09,0.4338803158993043
2017-10-10,-0.3880916269449641
2017-10-11,2.688092721747637e-05
2017-10-12,5.715595649137351
2017-10-13,-1.943212279188189
2017-10-14,-24.397537818566896
2017-10-15,-10.767970655588188
2017-10-16,-0.2795306882900528
2017-10-17,0.5659744557936497
2017-10-18,-12.657378945879715
2017-10-19,-2.60208174552381
2017-10-20,1.453767667885142
2017-10-21,-10.214236654938537
2017-10-22,0.2205346684523546
2017-10-23,0.1059389556500312
2017-10-24,7.879383360313108
2017-10-25,-2.5291923423109157
2017-10-26,-0.4340644208654765
2017-10-27,-4.29444474727979
2017-10-28,-0.06857764349395
2017-10-29,4.334811927420845
2017-10-30,-0.8353808787008976
2017-10-31,2.445207490916101
2017-11-01,1.1626553639702664
2017-11-02,-0.6100318156633255
2017-11-03,-1.958105930449872
2017-11-04,0.0072850971671423
2017-11-05,0.1870783513495233
2017-11-06,6.637111969373488
2017-11-07,-0.8135118494020932
2017-11-08,0.5298964158292785
2017-11-09,3.8617449003327975
2017-11-10,8.64965835743272
2017-11-11,-10.868825500704292
2017-11-12,4.572179467263204
2017-11-13,8.759837948578353
2017-11-14,-0.8886094746202389
2017-11-15,7.714161365765082
2017-11-16,2.5443364900987087
2017-11-17,0.6591816653778393
2017-11-18,-0.0837036713968841
2017-11-19,-1.0218186268063478
2017-11-20,0.0494331047128149
2017-11-21,0.384444646609472
2017-11-22,-0.3278663716487107
2017-11-23,-4.352425881603872
2017-11-24,-0.488748313318621
2017-11-25,2.0586201949299943
2017-11-26,0.6252577349224797
2017-11-27,0.5767873099348897
2017-11-28,-2.073096777660677
2017-11-29,0.6082570713938917
2017-11-30,-0.9422021370461886
2017-12-01,1.7942445465576995
2017-12-02,-0.6946749902669636
2017-12-03,0.0360731233394862
2017-12-04,0.1040342166093832
2017-12-05,-0.0833339296380297
2017-12-06,16.427971286290433
2017-12-07,22.10155527924598
2017-12-08,4.525104085258236
2017-12-09,3.079497269148246
2017-12-10,-3.905192110605749
2017-12-11,-0.4961246879878755
2017-12-12,-4.072627367289838
2017-12-13,1.907048049918303
2017-12-14,0.0350474277058809
2017-12-15,-1.3420685658308118
2017-12-16,1.0742746821478022
2017-12-17,-0.101195263902587
2017-12-18,0.2534000694888627
2017-12-19,4.132218673868326
2017-12-20,3.1884378725570484
2017-12-21,1.40076645924756
2017-12-22,7.891807807764262
2017-12-23,-0.0754223606979742
2017-12-24,1.569156537825056
2017-12-25,-0.6099526554672607
2017-12-26,3.7207230487341647
2017-12-27,-0.0087475005768
2017-12-28,2.433568497790506
2017-12-29,-0.2105528471877504
2017-12-30,4.482609985023034
2017-12-31,0.647699618579578
2018-01-01,0.4518247646430495
2018-01-02,1.6218646857603325
2018-01-03,-0.0845229888349452
2018-01-04,0.0264120811865664
2018-01-05,-4.590273643877829
2018-01-06,-13.279330496000265
2018-01-07,-0.7168621169721834
2018-01-08,-0.2900353248170728
2018-01-09,0.3588716957823701
2018-01-10,-2.787366188311191
2018-01-11,3.4069626297213773
2018-01-12,-0.1201805652223386
2018-01-13,0.269369415356202
2018-01-14,-1.3882684040852022
2018-01-15,-3.89075657519401
2018-01-16,10.254315649399604
2018-01-17,-0.0528398096811377
2018-01-18,-0.4451756858033007
2018-01-19,-0.7045293198565727
2018-01-20,3.538064873390434
2018-01-21,-1.810220762008985
2018-01-22,-0.6280985564724673
2018-01-23,-0.6197090375318459
2018-01-24,0.7634608392843356
2018-01-25,-6.880639426189861
2018-01-26,-0.0019639039193775
2018-01-27,-1.392527387154474
2018-01-28,0.4637780737423824
2018-01-29,-4.607995984989765
2018-01-30,0.5234918088448337
2018-01-31,-0.068536025164978
2018-02-01,-0.8029236467001932
2018-02-02,-0.2336097123328606
2018-02-03,0.4931683054850477
2018-02-04,-4.371831177881758
2018-02-05,8.416057517829788
2018-02-06,6.266615691447974
2018-02-07,-1.1132169840383788
2018-02-08,3.319455446887387
2018-02-09,1.0963176561239465
2018-02-10,-2.751600394931797
2018-02-11,-0.5231797311142317
2018-02-12,3.305516980957357
2018-02-13,-0.0637064653236652
2018-02-14,3.768158252832099
2018-02-15,-7.453557839700653
2018-02-16,-0.143268787023143
2018-02-17,2.1048934361340037
2018-02-18,0.7271449392822538
2018-02-19,-2.4404383546710484
2018-02-20,-3.500731039663074
2018-02-21,0.2273357661914499
2018-02-22,1.4569910489612203
2018-02-23,-0.4108875202454842
2018-02-24,0.6795445763062569
2018-02-25,0.0345256667887206
2018-02-26,1.6023935453323146
2018-02-27,0.0993525624775726
2018-02-28,-0.2555005164535662
2018-03-01,-3.2738787853757723
2018-03-02,0.0064181843349109
2018-03-03,-4.340814078765121
2018-03-04,-0.8070631187613975
2018-03-05,-0.3505312266968596
2018-03-06,-2.449563568911195
2018-03-07,-11.552926794193176
2018-03-08,-2.845855361400562
2018-03-09,-0.2302142252273209
2018-03-10,-1.5389553511377163
2018-03-11,1.6166729466025709
2018-03-12,0.8726884269113944
2018-03-13,-2.148080902913041
2018-03-14,1.6258520147938382
2018-03-15,-0.699339167869939
2018-03-16,-6.092538960053673
2018-03-17,-2.298921028466372
2018-03-18,1.2769925833989282
2018-03-19,-3.3597646576233653
2018-03-20,-0.3280945465673923
2018-03-21,-3.35417447281362
2018-03-22,-0.2817215428991604
2018-03-23,-2.0515640419437875
2018-03-24,-2.7172930251456395
2018-03-25,-0.8490131230331932
2018-03-26,-0.8676518128626021
2018-03-27,1.356940092312886
2018-03-28,-4.845768424854224
2018-03-29,6.088701295189081
2018-03-30,0.2922384702412461
2018-03-31,-3.116687338573343
2018-04-01,-0.6807381370402932
2018-04-02,-0.1220953427591653
2018-04-03,3.649359325573976
2018-04-04,3.46693850239983
2018-04-05,-2.2820446144838917
2018-04-06,-3.31541865078514
2018-04-07,0.4703305755722642
2018-04-08,0.5737564428469621
2018-04-09,-0.9161018005083732
2018-04-10,-6.5710477269135374
2018-04-11,0.0064062879653548
2018-04-12,15.972727552819844
2018-04-13,-8.183747094977534
2018-04-14,0.1208403710809102
2018-04-15,1.5719847769837705
2018-04-16,-1.3869311813324623
2018-04-17,-0.9744195334159712
2018-04-18,-1.1946421786111938
2018-04-19,-0.7892611944836148
2018-04-20,3.943961980131272
2018-04-21,-0.4282914088831524
2018-04-22,-0.1521513971746269
2018-04-23,-0.3487592372383274
2018-04-24,4.999161828091947
2018-04-25,5.94581800883569
2018-04-26,-0.472930796803428
2018-04-27,0.9042879285241724
2018-04-28,-8.241526458360083
2018-04-29,-2.010063672199225
2018-04-30,0.7286743672594964
2018-05-01,-0.2397740621957078
2018-05-02,-0.5389636278388732
2018-05-03,0.1755289121301961
2018-05-04,-7.885994977659538
2018-05-05,-0.3206708390021462
2018-05-06,-0.3859595608715405
2018-05-07,0.8504817805024878
2018-05-08,0.5684610014757174
2018-05-09,-2.214684690596891
2018-05-10,1.7291325938767257
2018-05-11,5.725245381143895
2018-05-12,-14.067653096213396
2018-05-13,0.620059187153954
2018-05-14,-0.0641814778186367
2018-05-15,-1.1728556784012856
2018-05-16,-1.0584312338897672
2018-05-17,0.9624477447186308
2018-05-18,-0.8520240700853554
2018-05-19,-0.3199434284604119
2018-05-20,-4.180237683347943
2018-05-21,0.0565360104914924
2018-05-22,2.512680847321369
2018-05-23,3.897732830221301
2018-05-24,-10.190633687214312
2018-05-25,-11.651605086991824
2018-05-26,-5.843191428793193
2018-05-27,-1.2204306189108838
2018-05-28,-3.796540666010062
2018-05-29,6.427831400246187
2018-05-30,-0.2866403653733806
2018-05-31,0.6733027336263575
2018-06-01,-0.4477682533276073
2018-06-02,-7.365692755549736
2018-06-03,0.7703933578654398
2018-06-04,-0.6157852227491434
2018-06-05,1.077512964738414
2018-06-06,-0.988093365587528
2018-06-07,0.0550344869867824
2018-06-08,-0.6563930904011306
2018-06-09,-1.4118824601393465
2018-06-10,13.808764267542784
2018-06-11,0.8043869746725774
2018-06-12,0.9261847907938936
2018-06-13,1.1450488639628054
2018-06-14,6.104595046932171
2018-06-15,0.9293022201013024
2018-06-16,-0.2586801437135855
2018-06-17,-1.1945134573382088
2018-06-18,3.027534406630084
2018-06-19,-2.220452362188852
2018-06-20,0.0961206123203606
2018-06-21,-2.6251588346691945
2018-06-22,9.839848541957696
2018-06-23,0.4069769753428653
2018-06-24,0.0197398439280016
2018-06-25,0.3083637141602313
2018-06-26,0.4566629547485101
2018-06-27,-0.6356882169276101
2018-06-28,-2.175619674492546
2018-06-29,5.115774477726354
2018-06-30,1.2610113396382516
2018-07-01,-0.1743980159910063
2018-07-02,1.7063260978328776
2018-07-03,-0.224258571519087
2018-07-04,-0.3296826513538464
2018-07-05,-0.3870065140111123
2018-07-06,0.0567932402794069
2018-07-07,1.217252513617284
2018-07-08,0.0770925686729429
2018-07-09,-0.0909181816559856
2018-07-10,-9.010713033989392
2018-07-11,-0.3829629580463511
2018-07-12,-2.435883706009334
2018-07-13,-2.0026888409007904
2018-07-14,-4.539437161242588
2018-07-15,-1.5541738508332847
2018-07-16,6.011617107250444
2018-07-17,10.369324973914829
2018-07-18,-1.4634431109221913
2018-07-19,0.1348816931653118
2018-07-20,0.4777144112123155
2018-07-21,-0.0933218893644283
2018-07-22,-17.80953340061966
2018-07-23,2.056934602325056
2018-07-24,12.196752151265478
2018-07-25,2.44201525596377
2018-07-26,0.3669695428963226
2018-07-27,0.4630172383735642
2018-07-28,-4.2070399428552285
2018-07-29,-2.893237899039114
2018-07-30,-0.4444303438671637
2018-07-31,5.579322755489247
2018-08-01,-0.3221380265464146
2018-08-02,-0.2569239117673261
2018-08-03,0.7376971314615899
2018-08-04,5.316027388703537
2018-08-05,-0.0009998742978911
2018-08-06,-0.5127758983267894
2018-08-07,1.0133404757802111
2018-08-08,6.272805577510088
2018-08-09,-2.832819086382754
2018-08-10,4.618267829559586
2018-08-11,-0.4186051821099545
2018-08-12,0.0170617823396446
2018-08-13,-0.019147093660965
2018-08-14,0.0608508258794771
2018-08-15,-4.064004615123706
2018-08-16,-10.36085325996
2018-08-17,2.754484721900363
2018-08-18,0.1393528597831483
2018-08-19,0.2910244389011884
2018-08-20,0.7747894723842075
2018-08-21,1.6409097091782066
2018-08-22,-2.723125807809001
2018-08-23,-13.850671049992702
2018-08-24,1.651656071057639
2018-08-25,-0.729679973457309
2018-08-26,-2.213404383142703
2018-08-27,2.0568723308108217
2018-08-28,2.476178018961006
2018-08-29,0.0079137806511031
2018-08-30,-4.221810491518118
2018-08-31,-0.3388170899707776
2018-09-01,1.1963833531520418
2018-09-02,-0.2636351163642692
2018-09-03,-6.898742893029397
2018-09-04,0.3621574230070923
2018-09-05,14.313076811062754
2018-09-06,1.3226034418959864
2018-09-07,-8.81352188753718
2018-09-08,-0.6498269227608877
2018-09-09,-7.901952206348906
2018-09-10,-0.7547587474559636
2018-09-11,-0.0414848203041162
2018-09-12,0.0134615579792329
2018-09-13,0.8952839363014942
2018-09-14,-0.6676277239620831
2018-09-15,0.0093410205857402
2018-09-16,-3.813136800577399
2018-09-17,2.179563003076201
2018-09-18,0.1184379306915062
2018-09-19,-2.5796291754196843
2018-09-20,-1.2728613119820098
2018-09-21,1.9259741739292124
2018-09-22,-1.5119474092310514
2018-09-23,-2.2428674991888387
2018-09-24,0.7326562732873354
2018-09-25,1.275695603551541
2018-09-26,-2.058364852783268
2018-09-27,-0.5144517165044493
2018-09-28,-0.0503170591810597
2018-09-29,-0.1343977708617827
2018-09-30,-0.2449417883596538
2018-10-01,-1.8597856560181425
2018-10-02,-0.6486959227162248
2018-10-03,0.060109471452785
2018-10-04,-0.278278514521979
2018-10-05,-22.617187736172305
2018-10-06,-8.865088048439684
2018-10-07,-0.6598400778975777
2018-10-08,-10.9208937660069
2018-10-09,-0.7534564894106865
2018-10-10,0.8169641211903444
2018-10-11,20.74834937785044
2018-10-12,-0.0949506082201456
2018-10-13,-4.182636048525823
2018-10-14,0.0232811798801302
2018-10-15,13.575643174284991
2018-10-16,-0.0918175278237787
2018-10-17,-6.946878673322942
2018-10-18,-0.2726215551670186
2018-10-19,-0.0564397873964339
2018-10-20,-1.9560925473634303
2018-10-21,-6.858076310205419
2018-10-22,0.0235436015683765
2018-10-23,0.0005378362473607
2018-10-24,-1.7863090770352308
2018-10-25,-3.697130617271205
2018-10-26,-0.4327915334854548
2018-10-27,-6.371983040214834
2018-10-28,-0.1128474478297336
2018-10-29,4.336298392378257
2018-10-30,-0.1823297404802026
2018-10-31,-0.1193946756650299
2018-11-01,0.8028447221638757
2018-11-02,-0.4024581480133404
2018-11-03,-1.125160432701089
2018-11-04,-0.4497783469497696
2018-11-05,0.3794993673132074
2018-11-06,0.359518698260941
2018-11-07,0.5169965562188183
2018-11-08,0.985019892043093
2018-11-09,0.2746245856646512
2018-11-10,-23.74768167764608
2018-11-11,-0.0620938261924663
2018-11-12,0.6246014759789364
2018-11-13,0.0675195538726747
2018-11-14,75.85619958951067
2018-11-15,0.4250935299504821
2018-11-16,0.226570227082834
2018-11-17,-0.1077239789181061
2018-11-18,1.2505629880532831
2018-11-19,60.47888160348378
2018-11-20,9.689971221812389
2018-11-21,2.550077874135548
2018-11-22,1.968045924845363
2018-11-23,-0.2362201524232832
2018-11-24,11.352256003815198
2018-11-25,2.177987640090917
2018-11-26,1.4254693444913258
2018-11-27,0.4499464101954897
2018-11-28,13.399296136606733
2018-11-29,0.1098153963889014
2018-11-30,1.6408989157037368
2018-12-01,2.31812553375279
2018-12-02,-0.1588865403966077
2018-12-03,1.324590660089631
2018-12-04,0.45381872415855
2018-12-05,0.4662323522446332
2018-12-06,0.8848759255375871
2018-12-07,-0.5903908462989826
2018-12-08,0.8391060606262934
2018-12-09,2.107403015300413
2018-12-10,-0.2434814538647578
2018-12-11,-0.2625252705726999
2018-12-12,0.7827361935937693
2018-12-13,0.3252289408622877
2018-12-14,-4.15303013765852
2018-12-15,0.1833064746411983
2018-12-16,0.3310940038153687
2018-12-17,6.496295788558615
2018-12-18,1.362515155612476
2018-12-19,-9.822168811688504
2018-12-20,2.517405989453092
2018-12-21,1.075739061036729
2018-12-22,-0.766714449862449
2018-12-23,-0.0008619996712755
2018-12-24,-8.294338770947096
2018-12-25,2.552424250541385
2018-12-26,-2.454575696137351
2018-12-27,2.072778587184088
2018-12-28,-5.145243300438851
2018-12-29,0.3938383123382349
2018-12-30,-2.843968568811339
2018-12-31,-1.4460138672471643
2019-01-01,0.59235771654369
2019-01-02,-2.5730481990403957
2019-01-03,0.4314761170216563
2019-01-04,-2.526262439151594
2019-01-05,-4.242882765606993
2019-01-06,1.863595702577503
2019-01-07,0.2084607914535574
2019-01-08,-1.2092728708377076
2019-01-09,-1.2990948163452587
2019-01-10,8.650394423163332
2019-01-11,-0.2272007897951566
2019-01-12,-2.528229440657604
2019-01-13,0.4569155401912272
2019-01-14,1.346025508336246
2019-01-15,0.5522074000353872
2019-01-16,-6.560122632430332
2019-01-17,-1.7219779950467196
2019-01-18,-0.1779927569726669
2019-01-19,-11.046809950171776
2019-01-20,-2.9678480635658144
2019-01-21,-1.5623481576896303
2019-01-22,0.2004296222726687
2019-01-23,-0.8256871507859032
2019-01-24,-6.202300620270562
2019-01-25,-0.2851130312716776
2019-01-26,-4.866726964566437
2019-01-27,-10.637125765466804
2019-01-28,0.6830096040605582
2019-01-29,-0.5360330494437848
2019-01-30,-1.5853315020635028
2019-01-31,-2.0959113010861508
2019-02-01,-1.8416619648558676
2019-02-02,-1.086360732197056
2019-02-03,0.2620818380601131
2019-02-04,0.0122866047197689
2019-02-05,-11.211446483315646
2019-02-06,0.1522747512000988
2019-02-07,-0.1598672386530997
2019-02-08,19.92776606544817
2019-02-09,-22.091006819030905
2019-02-10,0.0843390140380817
2019-02-11,0.3085354730800294
2019-02-12,-3.676557937577596
2019-02-13,-7.564702157154146
2019-02-14,-1.9441916214365973
2019-02-15,-0.2349537849691163
2019-02-16,-0.1961135562528304
2019-02-17,0.6112750247872389
2019-02-18,16.996774598808596
2019-02-19,-5.1529241288044485
2019-02-20,-0.040496747971408
2019-02-21,0.8306214904284737
2019-02-22,0.054081036219844
2019-02-23,3.467843785842839
2019-02-24,25.39274175846151
2019-02-25,0.6581856542180242
2019-02-26,0.0903483125042958
2019-02-27,-2.9481334690914407
2019-02-28,-0.2381794389316294
2019-03-01,-0.1265635730295145
2019-03-02,-0.3372595966919411
2019-03-03,0.0931105087638606
2019-03-04,1.5038336367458882
2019-03-05,1.620203818164878
2019-03-06,-0.0596724768062939
2019-03-07,0.0014653251411145
2019-03-08,-0.8070935246668243
2019-03-09,0.1005230053679584
2019-03-10,-13.41108500880831
2019-03-11,0.6401785019911177
2019-03-12,-0.0291485928544221
2019-03-13,-0.5625940518741657
2019-03-14,0.0125661257600162
2019-03-15,-0.0935141452301113
2019-03-16,0.9398025506441864
2019-03-17,0.2653535285045194
2019-03-18,0.005869146159898
2019-03-19,-0.11756770084137
2019-03-20,-12.813366448657703
2019-03-21,0.7893979451174316
2019-03-22,-0.6687779748622891
2019-03-23,-0.5716362559603727
2019-03-24,-0.6031893518446574
2019-03-25,-4.278485008466393
2019-03-26,-40.89576122013558
2019-03-27,3.4854911905399355
2019-03-28,-0.5586097396040657
2019-03-29,0.2458799719408322
2019-03-30,-0.0157814151186541
2019-03-31,0.0629955103025103
2019-04-01,1.3704744854246442
2019-04-02,161.63548782589712
2019-04-03,-1.5540312078236806
2019-04-04,-0.6683743885514848
2019-04-05,0.3329122212837765
2019-04-06,-0.0520300856578392
2019-04-07,0.3486493454885053
2019-04-08,0.0389830900954013
2019-04-09,0.9194067943730122
2019-04-10,-0.539361800794147
2019-04-11,6.171390868977089
2019-04-12,-0.118654414894237
2019-04-13,0.0591667215201319
2019-04-14,0.0414485585316981
2019-04-15,0.9466781758216136
2019-04-16,0.6514006730635069
2019-04-17,-0.0261975520728041
2019-04-18,-0.0008912593403076
2019-04-19,0.0581737903551538
2019-04-20,-0.8507708784121437
2019-04-21,0.1189634417021467
2019-04-22,-0.0040284611596552
2019-04-23,0.4216148878418035
2019-04-24,0.4126707184080258
2019-04-25,5.031853098671002
2019-04-26,-0.3622838593415389
2019-04-27,-0.0782136562605173
2019-04-28,0.0383664585761778
2019-04-29,0.2871643928456846
2019-04-30,0.0621947049210813
2019-05-01,-0.0216152592347973
2019-05-02,-42.435984218430114
2019-05-03,6.5444222416293
2019-05-04,-0.7903570266763804
2019-05-05,-0.7215069168400201
2019-05-06,0.651219489112953
2019-05-07,-1.6628470948674146
2019-05-08,1.199367005521501
2019-05-09,1.043545415573366
2019-05-10,1.620618101708704
2019-05-11,29.76833558075198
2019-05-12,4.060573173524817
2019-05-13,18.911238143051246
2019-05-14,0.0984901083370237
2019-05-15,-1.5958870871428554
2019-05-16,3.8662730907335296
2019-05-17,9.012084346908122
2019-05-18,0.4924176417580694
2019-05-19,12.246531942432773
2019-05-20,1.4645218767398438
2019-05-21,-0.0729923730505177
2019-05-22,2.067961549087616
2019-05-23,-0.1618764865966571
2019-05-24,-0.8477941790611232
2019-05-25,-3.2606652855857066
2019-05-26,3.122343968747354
2019-05-27,-0.3085447167511357
2019-05-28,0.4563879570296247
2019-05-29,-0.0088630105389286
2019-05-30,2.63865384060471
2019-05-31,0.1640070082899347
2019-06-01,0.2050944444857538
2019-06-02,-0.8231931252249303
2019-06-03,4.626175332873039
2019-06-04,3.79948900311764
2019-06-05,-0.2187039388400702
2019-06-06,0.0624218298270085
2019-06-07,0.0499980361345908
2019-06-08,-0.0620629163713082
2019-06-09,0.753168028574347
2019-06-10,-9.038282209559078
2019-06-11,-0.9905153851770708
2019-06-12,-10.64292179413304
2019-06-13,-0.4064404105802999
2019-06-14,2.3829277044173702
2019-06-15,-1.6994611501786272
2019-06-16,-6.251411084493153
2019-06-17,0.5840744104115503
2019-06-18,-15.609538868134198
2019-06-19,-1.191978115594139
2019-06-20,0.6998094596510018
2019-06-21,1.887383949209842
2019-06-22,2.666426578156522
2019-06-23,0.0106295679560775
2019-06-24,0.0162809793200491
2019-06-25,-1.1100715597926247
2019-06-26,11.413730198116978
2019-06-27,29.025301066618532
2019-06-28,6.33183706022642
2019-06-29,-0.2255123711630391
2019-06-30,7.72755640601297
2019-07-01,0.4592870083909295
2019-07-02,-0.0037712332256911
2019-07-03,1.84494770312762
2019-07-04,0.1182691246081946
2019-07-05,0.6127334675419815
2019-07-06,-0.0328680828096117
2019-07-07,-0.0935637721524607
2019-07-08,1.480306775308193
2019-07-09,-1.2957323843253763
2019-07-10,0.9838942942264728
2019-07-11,3.231017092702237
2019-07-12,0.2648167288681335
2019-07-13,1.1658052833721344
2019-07-14,5.14392205750791
2019-07-15,1.2605268537456915
2019-07-16,8.578454198374752
2019-07-17,-0.2663716520546977
2019-07-18,2.8128730048486483
2019-07-19,0.0179590162541432
2019-07-20,-0.0688556894978376
2019-07-21,-1.1564357594757602
2019-07-22,-0.8101412505806427
2019-07-23,0.5354420969700735
2019-07-24,-0.1025568107743346
2019-07-25,-1.8876202880947268
2019-07-26,-4.366605122539735
2019-07-27,-8.528393391730571
2019-07-28,-6.165242431366991
2019-07-29,-0.4480795578187702
2019-07-30,-5.064835491895559
2019-07-31,1.4168855569329786
2019-08-01,0.3362257591465134
2019-08-02,-6.760592403312793
2019-08-03,-1.9916875648610664
2019-08-04,-0.165599510310288
2019-08-05,3.484996469121615
2019-08-06,0.287742216022635
2019-08-07,-2.3355415435068028
2019-08-08,-0.4171144869101084
2019-08-09,-0.719010610555193
2019-08-10,-1.9529824446888888
2019-08-11,-1.031081893631125
2019-08-12,-0.8981198575001903
2019-08-13,-7.542842601374023
2019-08-14,2.4967806206579235
2019-08-15,-18.04614824923658
2019-08-16,-0.5060349960848032
2019-08-17,-12.404333843111605
2019-08-18,0.0104623293328387
2019-08-19,4.01089628672624
2019-08-20,-0.079502661815578
2019-08-21,4.612929269935595
2019-08-22,-2.8117244135125508
2019-08-23,0.8361274989627354
2019-08-24,0.86261866801145
2019-08-25,-0.0248413959203386
2019-08-26,-2.0691463392069176
2019-08-27,0.6104214376986272
2019-08-28,2.972506447799294
2019-08-29,0.8237545674136815
2019-08-30,-3.39251488932838
2019-08-31,-1.5976387634227374
2019-09-01,0.0833799061433326
2019-09-02,4.207065889229367
2019-09-03,0.7813127221597993
2019-09-04,-8.50363194028697
2019-09-05,-1.058970629023237
2019-09-06,-2.764123901617077
2019-09-07,0.6692204022596959
2019-09-08,-0.0191239606171622
2019-09-09,-2.8796037635536065
2019-09-10,-0.0613352203978956
2019-09-11,0.0676918426892658
2019-09-12,-2.0451382525047523
2019-09-13,-13.823512956552284
2019-09-14,-1.6860925248481595
2019-09-15,-0.0985964154358698
2019-09-16,-0.4043023122660472
2019-09-17,-0.3202303769250014
2019-09-18,-8.919572486616524
2019-09-19,-0.2548317242712428
2019-09-20,-12.578785623385414
2019-09-21,1.1288986727133077
2019-09-22,-3.272566395931098
2019-09-23,2.679753160584375
2019-09-24,49.30219411167502
2019-09-25,-1.4709918198860803
2019-09-26,2.567700685537466
2019-09-27,-1.6251915669517225
2019-09-28,-0.7859415416508697
2019-09-29,-0.1233720230335189
2019-09-30,1.49684493737674
2019-10-01,-0.4210137588898321
2019-10-02,-8.488220854017769
2019-10-03,-2.660811725509349
2019-10-04,-0.0738026537065672
2019-10-05,-0.1081265102652051
2019-10-06,-0.0612236991591963
2019-10-07,2.5855945390786506
2019-10-08,0.0851067936141536
2019-10-09,6.001354885480992
2019-10-10,-0.4776574210040296
2019-10-11,1.0513901246769652
2019-10-12,-1.7088063369555595
2019-10-13,0.0516431680025908
2019-10-14,0.3015615009392958
2019-10-15,0.2801614279420272
2019-10-16,0.2837634922788767
2019-10-17,0.4387056259902211
2019-10-18,0.1151763941539041
2019-10-19,-0.2551243801859781
2019-10-20,2.831040544689989
2019-10-21,0.0085793771777531
2019-10-22,0.0713193908908449
2019-10-23,6.747622701858669
2019-10-24,-26.867923164417707
2019-10-25,55.62066816913567
2019-10-26,2.3750307576853924
2019-10-27,0.8500951168527227
2019-10-28,1.6063684438878625
2019-10-29,-0.3515550706153503
2019-10-30,0.5425577762208533
2019-10-31,0.0120166637920027
2019-11-01,0.0054257521446388
2019-11-02,-0.4683759594351411
2019-11-03,0.0929883920165464
2019-11-04,0.1164332032538073
2019-11-05,-0.6043006917003102
2019-11-06,-0.9171844619658364
2019-11-07,0.2080428261778788
2019-11-08,1.4927550059429917
2019-11-09,-0.0045395693587524
2019-11-10,-0.5782558738376187
2019-11-11,1.590979720555441
2019-11-12,0.0118948288681863
2019-11-13,-0.0176174168387666
2019-11-14,-0.3909903592334673
2019-11-15,0.3390504037663833
2019-11-16,-0.0010752414855486
2019-11-17,-0.4124569080765194
2019-11-18,1.3911994521951463
2019-11-19,-0.7499412183499476
2019-11-20,0.5531500268316947
2019-11-21,2.28635838603497
2019-11-22,-3.524941601661191
2019-11-23,0.2536086718391228
2019-11-24,-28.785076665664977
2019-11-25,-12.60388308549565
2019-11-26,-4.449219345513278
2019-11-27,6.78418760192987
2019-11-28,-2.0255750783200743
2019-11-29,5.616506848354086
2019-11-30,0.9303727488172876
2019-12-01,-0.0836918347535409
2019-12-02,-0.4889925742262768
2019-12-03,0.157167012089876
2019-12-04,-2.111184873128502
2019-12-05,3.509163205070198
2019-12-06,0.9149941311848986
2019-12-07,0.1573387514918645
2019-12-08,-5.53768430052759
2019-12-09,0.6841199774356932
2019-12-10,-3.105054044575961
2019-12-11,-2.254056042884367
2019-12-12,-0.2328347978677314
2019-12-13,0.2360188453790046
2019-12-14,0.5328777373862392
2019-12-15,-0.8451958781653057
2019-12-16,1.4649450767104666
2019-12-17,3.5786004265079496
2019-12-18,24.14620835815988
2019-12-19,-0.0621596670836832
2019-12-20,-0.5699125506833269
2019-12-21,-4.348311562976792
2019-12-22,-0.331394115165784
2019-12-23,0.6041452679601766
2019-12-24,-5.263161297895214
2019-12-25,-0.2681348870191891
2019-12-26,-0.1594114135922475
2019-12-27,-4.441452644069077
2019-12-28,-0.123442111944183
2019-12-29,-3.761255462901403
2019-12-30,-0.8494684605214853
2019-12-31,-0.5116868763960114
2020-01-01,-0.4971330458316991
2020-01-02,2.512892819038859
2020-01-03,6.855882541025848
2020-01-04,-1.5768455862304909
2020-01-05,-0.4718066071490279
2020-01-06,5.566559089268952
2020-01-07,5.176268324133293
2020-01-08,-0.9157003688558096
2020-01-09,0.8536366601956225
2020-01-10,1.908203204470582
2020-01-11,0.7848445059699838
2020-01-12,0.4702406915647827
2020-01-13,-0.975738894958056
2020-01-14,10.71607746050085
2020-01-15,-2.332381721927101
2020-01-16,-4.107997911796946
2020-01-17,-13.568142604545908
2020-01-18,-0.6722933640961437
2020-01-19,2.771129180637044
2020-01-20,0.0926283916756531
2020-01-21,-3.476787874461329
2020-01-22,-1.371201774425712
2020-01-23,3.366684941806386
2020-01-24,-0.3162027626116837
2020-01-25,0.2542730372037338
2020-01-26,1.1694311630766174
2020-01-27,2.112789964339079
2020-01-28,3.915600253230856
2020-01-29,-1.0820563832382724
2020-01-30,-0.8128170695488102
2020-01-31,1.337128883009675
2020-02-01,-3.4243498177685017
2020-02-02,-3.572620711778685
2020-02-03,0.4370302059605979
2020-02-04,0.8165450893521164
2020-02-05,-0.2197767756087154
2020-02-06,-4.5979300967142205
2020-02-07,-0.7349784820072425
2020-02-08,-2.877013470686141
2020-02-09,-1.4508192330028202
2020-02-10,1.6828037692712572
2020-02-11,1.8357751475561732
2020-02-12,-0.4721595193544425
2020-02-13,-15.990967586023064
2020-02-14,-0.1404544601830815
2020-02-15,7.605005893568539
2020-02-16,-1.3097180867166602
2020-02-17,2.746173226210047
2020-02-18,2.6497287185236478
2020-02-19,9.212475063575742
2020-02-20,-0.0292875015552085
2020-02-21,-0.2576860121046964
2020-02-22,-3.4928184934077238
2020-02-23,1.351011013284742
2020-02-24,2.481958910742188
2020-02-25,2.057070227614544
2020-02-26,5.625153900506752
2020-02-27,-6.022807966009259
2020-02-28,0.2796521289720077
2020-02-29,-1.341232261550218
2020-03-01,-0.4964119688784851
2020-03-02,3.635186967036818
2020-03-03,0.1080116123233887
2020-03-04,-0.022468936057185
2020-03-05,3.167990216918648
2020-03-06,-5.285518414684809
2020-03-07,0.6404615303441608
2020-03-08,18.7700906446699
2020-03-09,0.1308455071365566
2020-03-10,-1.9426078525855428
2020-03-11,-0.5171515101400903
2020-03-12,194.55093635150828
2020-03-13,3.7257386364041967
2020-03-14,0.4121398065548787
2020-03-15,0.4907627318190055
2020-03-16,0.4377750046672179
2020-03-17,0.6608235993055267
2020-03-18,0.1055823855548698
2020-03-19,5.836957997030101
2020-03-20,-0.1777993453406456
2020-03-21,0.0016339952394472
2020-03-22,0.23074079614398
2020-03-23,2.126484916435367
2020-03-24,0.3739804010910674
2020-03-25,-0.0365537928293746
2020-03-26,-0.0251026009155386
2020-03-27,-0.2475444398212456
2020-03-28,0.0974975840515313
2020-03-29,0.2776648808976878
2020-03-30,1.4544734887140145
2020-03-31,0.015059722948818
2020-04-01,-0.1241442700332884
2020-04-02,0.2245099968466446
2020-04-03,-0.003986540924572
2020-04-04,-0.1997356161682395
2020-04-05,-0.0333653149694357
2020-04-06,0.918923864299237
2020-04-07,-1.2661753527178798
2020-04-08,0.0395265036841507
2020-04-09,0.0003830488777056
2020-04-10,0.5485330648214326
2020-04-11,-46.32299258917004
2020-04-12,-6.221878722117924
2020-04-13,-3.297180718516368
2020-04-14,-0.4730918233946224
2020-04-15,-3.6272353289235504
2020-04-16,1.8616389947849528
2020-04-17,0.0802717184180012
2020-04-18,-20.112904515965845
2020-04-19,0.2214703989303679
2020-04-20,2.4988454414262007
2020-04-21,-4.387822654363438
2020-04-22,-9.13451055069644
2020-04-23,-0.6568369698001564
2020-04-24,0.0281689912676075
2020-04-25,0.0010606705547644
2020-04-26,-2.4550403894659456
2020-04-27,-2.6286470063141776
2020-04-28,-5.999495850075909
2020-04-29,11.62744157251987
2020-04-30,0.8953049813939629
2020-05-01,-0.0940318825200403
2020-05-02,-0.4506749139320809
2020-05-03,0.0692374476056745
2020-05-04,-0.0889195854414826
2020-05-05,-0.5858505768736144
2020-05-06,-4.660112076087087
2020-05-07,5.0913723233080965
2020-05-08,0.4695297267088172
2020-05-09,1.4716961110268878
2020-05-10,6.782080505207211
2020-05-11,0.7045595235672719
2020-05-12,0.2053901245291145
2020-05-13,1.2746194099017227
2020-05-14,1.5121645800601158
2020-05-15,1.3750594928482185
2020-05-16,-3.8471064101390673
2020-05-17,0.338023449845215
2020-05-18,-0.1620469814419212
2020-05-19,-0.3346371831332129
2020-05-20,-2.317557306449114
2020-05-21,3.925252605287066
2020-05-22,-0.719942715001165
2020-05-23,-1.4340158271739178
2020-05-24,3.1830144111087977
2020-05-25,0.0629929417560903
2020-05-26,0.0965190274675453
2020-05-27,1.1424511138995674
2020-05-28,1.0233541819334446
2020-05-29,-15.428633829123315
2020-05-30,0.3213435829467537
2020-05-31,0.5401229608185787
2020-06-01,6.674501066379035
2020-06-02,5.655384746228287
2020-06-03,0.134840678473247
2020-06-04,0.1066101825771381
2020-06-05,-0.5524889528122023
2020-06-06,-6.120200383832264
2020-06-07,0.0332116911736957
2020-06-08,-0.8912646045406425
2020-06-09,-12.735618843514176
2020-06-10,-0.8478839958070861
2020-06-11,5.74781498171808
2020-06-12,-3.77932519784292
2020-06-13,-4.296642278738705
2020-06-14,-3.3205663550881392
2020-06-15,0.0371244846165907
2020-06-16,-1.8049945255408373
2020-06-17,-0.0251406294866196
2020-06-18,0.0802992153794424
2020-06-19,-0.5697493985623248
2020-06-20,-4.923502627150889
2020-06-21,-0.2225921952418441
2020-06-22,2.948476210785844
2020-06-23,-5.493970272143289
2020-06-24,2.865913108586371
2020-06-25,-0.1118274237553396
2020-06-26,-3.105993822319275
2020-06-27,-3.3200632592894963
2020-06-28,0.2413508289193844
2020-06-29,-2.1456940088323107
2020-06-30,-1.525137831667711
2020-07-01,-17.123797636619308
2020-07-02,-17.802601967071986
2020-07-03,-1.3893518129858728
2020-07-04,-1.5486945042720524
2020-07-05,-0.7921575612628629
2020-07-06,7.659447860751145
2020-07-07,-0.0507113985159457
2020-07-08,2.3509678970218277
2020-07-09,1.0944981396725728
2020-07-10,-0.4728879866938595
2020-07-11,-19.096932950241964
2020-07-12,-2.4303965208040013
2020-07-13,0.0680088781483512
2020-07-14,-0.6714044689465459
2020-07-15,-0.3037189160979059
2020-07-16,-0.7101755403440158
2020-07-17,-0.1013464376618866
2020-07-18,-0.321172464064301
2020-07-19,-1.360711748065624
2020-07-20,-0.2288168169386262
2020-07-21,4.80885126319659
2020-07-22,-9.834410769990743
2020-07-23,0.3707381723722758
2020-07-24,-12.563072752486049
2020-07-25,1.936812417254563
2020-07-26,3.6863766744873017
2020-07-27,83.88589669037718
2020-07-28,0.5723255729844112
2020-07-29,0.4315621847933437
2020-07-30,-0.4279021345590106
2020-07-31,0.5074425827015228
2020-08-01,1.9409960357346767
2020-08-02,15.071040568752636
2020-08-03,0.2821620081264298
2020-08-04,-0.1764844744714278
2020-08-05,2.433126477667336
2020-08-06,-1.0399627187807623
2020-08-07,0.9784338814935678
2020-08-08,-1.299617180503787
2020-08-09,0.3822732804242612
2020-08-10,-0.162320812393768
2020-08-11,5.615353774787257
2020-08-12,-0.1199536798185518
2020-08-13,0.0540440808609377
2020-08-14,-0.219936978415447
2020-08-15,-0.5235988569827432
2020-08-16,-0.0056176266938434
2020-08-17,0.829525548959964
2020-08-18,2.0763333396763395
2020-08-19,1.4680279020300446
2020-08-20,-0.4464854001155371
2020-08-21,1.9559891807154672
2020-08-22,0.001344943073045
2020-08-23,-0.1267642672521884
2020-08-24,-0.1158549531816044
2020-08-25,2.770863211614416
2020-08-26,-22.394484514035103
2020-08-27,0.5789525605932155
2020-08-28,0.2292071054622146
2020-08-29,0.0597353873922568
2020-08-30,-0.1420776512535027
2020-08-31,-4.549911201951162
2020-09-01,-12.974624245380353
2020-09-02,9.638033329089456
2020-09-03,37.19336000095499
2020-09-04,-3.5769606696190337
2020-09-05,1.7087913116680342
2020-09-06,0.2513689598736546
2020-09-07,-0.2820016488089716
2020-09-08,0.740450008436655
2020-09-09,-0.5027439437659598
2020-09-10,-2.267423955003278
2020-09-11,-0.6605776148607578
2020-09-12,-0.8503525500103692
2020-09-13,0.0999396716396816
2020-09-14,2.921380704059695
2020-09-15,0.365486423583139
2020-09-16,-1.5678874194878345
2020-09-17,-0.7481369407601246
2020-09-18,-0.6337688854690993
2020-09-19,0.2220491458410745
2020-09-20,-0.7975712896260312
2020-09-21,3.688419192037729
2020-09-22,0.2401994288757203
2020-09-23,0.8565016530168723
2020-09-24,3.4930005395800823
2020-09-25,-0.2878271984954494
2020-09-26,-0.1934145110939589
2020-09-27,-0.8548252132913436
2020-09-28,0.0274147668076318
2020-09-29,-0.3612022094274691
2020-09-30,0.0176351462941593
2020-10-01,-1.280380701013717
2020-10-02,-4.172536251102887
2020-10-03,-30.77006310272027
2020-10-04,-2.4390165389905683
2020-10-05,-5.478064848325548
2020-10-06,1.546442065910103
2020-10-07,-0.1764341225416577
2020-10-08,-0.9505165358122736
2020-10-09,0.2831175317977497
2020-10-10,1.3265839111121558
2020-10-11,0.1204021378817143
2020-10-12,0.7270443296312434
2020-10-13,-0.0212928170062465
2020-10-14,-5.208567258761288
2020-10-15,-0.3622447885783919
2020-10-16,0.3638392369601506
2020-10-17,-0.0470030840156177
2020-10-18,0.513457212754842
2020-10-19,1.6148294140471586
2020-10-20,-0.6795361359610674
2020-10-21,12.159265891343862
2020-10-22,0.0781961150861709
2020-10-23,-5.366379405007294
2020-10-24,-8.985435151490606
2020-10-25,-0.06100375874728
2020-10-26,0.0536112610924899
2020-10-27,7.504723389956247
2020-10-28,5.669216571477875
2020-10-29,-0.0025468449054044
2020-10-30,-0.7896004524792111
2020-10-31,-2.296183702797505
2020-11-01,-0.1131593350699677
2020-11-02,1.848485368956232
2020-11-03,1.9698090410546156
2020-11-04,0.0475248457491694
2020-11-05,27.31971672334141
2020-11-06,0.4043005339552374
2020-11-07,9.30961526851779
2020-11-08,2.380640932517908
2020-11-09,0.7001535910616585
2020-11-10,0.3505344798577114
2020-11-11,0.548777832826608
2020-11-12,0.2791579374331387
2020-11-13,-0.1016598823026959
2020-11-14,1.5086583289213529
2020-11-15,-0.7818799129563958
2020-11-16,2.3601741118571384
2020-11-17,3.320198899074267
2020-11-18,-0.0782062575278685
2020-11-19,0.3201354069457318
2020-11-20,-5.304404745874713
2020-11-21,0.2632202992474797
2020-11-22,1.0551881996619716
2020-11-23,0.2813771796532194
2020-11-24,0.9248752643719492
2020-11-25,1.9354417160579065
2020-11-26,15.472238617356185
2020-11-27,-1.8160123178863616
2020-11-28,1.019510572415605
2020-11-29,0.3858742710438845
2020-11-30,6.200460808158148
2020-12-01,3.507163184309392
2020-12-02,-0.6332158788820319
2020-12-03,-0.3907047623463611
2020-12-04,2.9983916931497934
2020-12-05,-9.607570435252564
2020-12-06,-0.0801289119889192
2020-12-07,-4.293544605380461
2020-12-08,2.5093868393627927
2020-12-09,-0.2984985194691703
2020-12-10,0.6028930162764956
2020-12-11,-0.2586048146052899
2020-12-12,0.4472321041140592
2020-12-13,0.2344372928527516
2020-12-14,-0.6631952028298582
2020-12-15,-0.2575310142428511
2020-12-16,8.44153448225795
2020-12-17,1.8370192485644088
2020-12-18,0.042295459197561
2020-12-19,0.5039045533546949
2020-12-20,-0.7557914580537894
2020-12-21,1.589411704858179
2020-12-22,0.8228735776780516
2020-12-23,1.0695935948688673
2020-12-24,-0.9942849329939608
2020-12-25,0.1481555151525482
2020-12-26,-8.25135511616384
2020-12-27,0.1991082460131243
2020-12-28,-0.2344434495170189
2020-12-29,-0.1750869705359758
2020-12-30,-3.553131005525933
2020-12-31,-4.859295959296883
2021-01-01,-0.070002349799525
2021-01-02,8.826955284001947
2021-01-03,-4.679467021784999
2021-01-04,2.777493338483583
2021-01-05,2.6458702826474
2021-01-06,3.8187574536141966
2021-01-07,-4.026431919591278
2021-01-08,-0.1150962743357686
2021-01-09,-0.2656904029931684
2021-01-10,5.681459596160954
2021-01-11,11.38491973596345
2021-01-12,4.566631295745882
2021-01-13,4.915173271502527
2021-01-14,0.418776336432769
2021-01-15,1.4028548515840231
2021-01-16,-1.1635343148956645
2021-01-17,0.5552961505666199
2021-01-18,-0.1695392983922072
2021-01-19,-0.0591862455259439
2021-01-20,-0.8915553703181311
2021-01-21,17.89113570725338
2021-01-22,1.3886005768463328
2021-01-23,0.874022932474916
2021-01-24,-0.4861827772573823
2021-01-25,-2.248355364292165
2021-01-26,-0.1077823262747301
2021-01-27,2.916022417560193
2021-01-28,4.598627032298208
2021-01-29,-0.9666013320444587
2021-01-30,0.0271023385138846
2021-01-31,0.7953752708543593
2021-02-01,-4.085798682882757
2021-02-02,1.5704048019740124
2021-02-03,0.9235104687728812
2021-02-04,-1.641242996539516
2021-02-05,-3.011874359992261
2021-02-06,-2.2178554595471134
2021-02-07,-0.805581188307658
2021-02-08,17.209312209851845
2021-02-09,-1.3770855076877142
2021-02-10,-2.5188015173947758
2021-02-11,-0.1222394421282024
2021-02-12,-3.648375263932568
2021-02-13,-0.8364467208767601
2021-02-14,-2.3949654264537767
2021-02-15,-0.0541989828916511
2021-02-16,-0.1060157571506681
2021-02-17,1.215286628591028
2021-02-18,-0.177563857202001
2021-02-19,1.951594732353468
2021-02-20,-15.346929601803538
2021-02-21,-1.8623040131989232
2021-02-22,3.053015945412696
2021-02-23,10.391370623312325
2021-02-24,-0.075637275443996
2021-02-25,2.75824947088954
2021-02-26,-3.436311951031812
2021-02-27,-4.269952362920815
2021-02-28,0.5910437366422494
2021-03-01,4.639385248554495
2021-03-02,-0.4641702902743572
2021-03-03,0.5854717230960205
2021-03-04,0.4132198935029807
2021-03-05,-1.207783986332733
2021-03-06,-0.3032498264346928
2021-03-07,0.5029714711520805
2021-03-08,-0.1668593026574627
2021-03-09,0.6498080471648793
2021-03-10,-18.13373699077787
2021-03-11,0.5682940476006815
2021-03-12,-1.3953775560760606
2021-03-13,0.1647231426920026
2021-03-14,1.2539026114747331
2021-03-15,3.681742740751237
2021-03-16,-0.5904373510952077
2021-03-17,0.3486778588591033
2021-03-18,0.1394866434049957
2021-03-19,-2.491697321494668
2021-03-20,-0.1331546857952115
2021-03-21,-5.101070738783475
2021-03-22,2.822951099614235
2021-03-23,-0.6534361476838835
2021-03-24,-2.110204039065777
2021-03-25,-11.314159997652418
2021-03-26,4.462008460180078
2021-03-27,-3.975435870752964
2021-03-28,-0.5738474033391228
2021-03-29,0.6564390174577772
2021-03-30,-1.0614513176226748
2021-03-31,-10.431275806262663
2021-04-01,-1.62677693189347
2021-04-02,-2.394127827980041
2021-04-03,-1.3610755975966948
2021-04-04,0.3454772486298774
2021-04-05,-0.0734145945674114
2021-04-06,-2.256314519564817
2021-04-07,2.566213600743139
2021-04-08,-1.255191381549137
2021-04-09,-0.6948912941674545
2021-04-10,-0.5500219674531404
2021-04-11,-0.1163734646139502
2021-04-12,-8.369156217080654
2021-04-13,4.91534710644439
2021-04-14,-7.990201392344232
2021-04-15,-0.3517266170464661
2021-04-16,-0.4205100316687638
2021-04-17,-0.2389285481887548
2021-04-18,13.350592183285514
2021-04-19,0.1035539707249677
2021-04-20,0.0941405659279137
2021-04-21,-1.314079267972168
2021-04-22,2.9479647518331653
2021-04-23,-2.0428195033012075
2021-04-24,0.0100920591540765
2021-04-25,-8.23626511784623
2021-04-26,20.085087218589347
2021-04-27,0.5937062511288227
2021-04-28,-1.6832848083058185
2021-04-29,-0.1052733507858061
2021-04-30,9.251602163483952
2021-05-01,-0.0128570411209616
2021-05-02,0.4796635340675426
2021-05-03,-1.0174017249116374
2021-05-04,5.597018774436768
2021-05-05,6.807393178607191
2021-05-06,0.1094001209607897
2021-05-07,-1.2001124639896
2021-05-08,-1.0489078345899183
2021-05-09,0.1077676480671696
2021-05-10,0.9922818086296026
2021-05-11,0.2342984693719962
2021-05-12,19.23316294264601
2021-05-13,-3.125008655502237
2021-05-14,0.1022777376521233
2021-05-15,2.3869263957038367
2021-05-16,-0.2496142565922898
2021-05-17,2.3072133240135795
2021-05-18,-3.356493250634096
2021-05-19,14.053495297899987
2021-05-20,6.78109356319696
2021-05-21,2.5676872704872844
2021-05-22,-0.2752717278924566
2021-05-23,2.150572636512882
2021-05-24,6.637114577130832
2021-05-25,-0.0713252871944014
2021-05-26,-4.644051772195645
2021-05-27,-0.3730828492630511
2021-05-28,1.7343955026819513
2021-05-29,0.0870311563965442
2021-05-30,-2.920719545809225
2021-05-31,1.67300407091302
2021-06-01,-0.0153138007687236
2021-06-02,0.4181024967464086
2021-06-03,-0.1701904817674515
2021-06-04,-2.47975413148982
2021-06-05,0.238300642542355
2021-06-06,-0.2317821243947859
2021-06-07,0.3231086193070442
2021-06-08,0.0881262714643726
2021-06-09,7.242823239372242
2021-06-10,-0.3590870067665008
2021-06-11,-7.410185996127416
2021-06-12,0.5241744789068248
2021-06-13,5.294804805044118
2021-06-14,-0.9829773997740764
2021-06-15,0.0404325250110026
2021-06-16,-0.6323929306946474
2021-06-17,-0.0448806258959266
2021-06-18,-8.691183422785375
2021-06-19,-5.80281998861738
2021-06-20,-4.8036992195329535
2021-06-21,8.942468863741881
2021-06-22,-2.6182398678065377
2021-06-23,-6.840608506479418
2021-06-24,0.696732053903637
2021-06-25,4.554488901328391
2021-06-26,0.2095633446425493
2021-06-27,0.6367035055414805
2021-06-28,-0.560131582789436
2021-06-29,0.480922860204358
2021-06-30,-1.052027152299273
2021-07-01,0.9051394392619816
2021-07-02,-0.3670513616238158
2021-07-03,-0.9407350589020868
2021-07-04,-1.9522813108271757
2021-07-05,0.4065854854711448
2021-07-06,0.1015870975756394
2021-07-07,-2.880499896673516
2021-07-08,0.6022055920859914
2021-07-09,-8.524882127904764
2021-07-10,-0.1482934161782245
2021-07-11,0.1563145405513832
2021-07-12,-1.0778032445496355
2021-07-13,-8.802583424890686
2021-07-14,-1.1463673439656152
2021-07-15,0.5010924934457872
2021-07-16,-2.133865212439845
2021-07-17,0.1079821992212126
2021-07-18,-3.3306261966289386
2021-07-19,0.8440650710228148
2021-07-20,0.8265415352436856
2021-07-21,-9.110391397212911
2021-07-22,-0.8588109113828124
2021-07-23,0.1833023014842449
2021-07-24,-0.4454005340596922
2021-07-25,-11.66055269986953
2021-07-26,4.180264110569798
2021-07-27,-3.96774685243243
2021-07-28,-0.0256578552694008
2021-07-29,-2.3918114103831822
2021-07-30,3.0236662491193838
2021-07-31,-3.624700347298993
2021-08-01,4.09143690421514
2021-08-02,0.4901063437668718
2021-08-03,1.2565289131528434
2021-08-04,-1.7381627230477317
2021-08-05,0.7311416958612593
2021-08-06,2.153001731647941
2021-08-07,-0.8639165984439812
2021-08-08,0.6297180404248426
2021-08-09,3.151862311785858
2021-08-10,0.9645316079712308
2021-08-11,-2.645993977059369
2021-08-12,1.1886908088674986
2021-08-13,5.7933354717036645
2021-08-14,-1.8325804677553403
2021-08-15,-0.5956050021234116
2021-08-16,1.7280316506124604
2021-08-17,2.36313154856882
2021-08-18,-2.4768307054236938
2021-08-19,-2.083684118032647
2021-08-20,-3.0383932126447744
2021-08-21,0.7430473989560094
2021-08-22,-0.9734530378322948
2021-08-23,-0.0108933180064552
2021-08-24,3.226559864885248
2021-08-25,-2.724117475894172
2021-08-26,0.464929434743988
2021-08-27,2.129552719076089
2021-08-28,0.0873430744878112
2021-08-29,-3.545926804931976
2021-08-30,2.198928141015233
2021-08-31,-3.2514655114656232
2021-09-01,0.2397823398260001
2021-09-02,-2.0617127736785035
2021-09-03,-1.8249026744023176
2021-09-04,-0.631259891225977
2021-09-05,-1.390414580956345
2021-09-06,-1.946803583463708
2021-09-07,24.68650766255409
2021-09-08,-3.650561420098741
2021-09-09,-0.3451564821226549
2021-09-10,1.476102388166156
2021-09-11,-0.8254580554601154
2021-09-12,-6.969325878824706
2021-09-13,0.5301879571190327
2021-09-14,3.3396400338530308
2021-09-15,-0.0794751264232784
2021-09-16,-1.2230499660583538
2021-09-17,0.2436084004798555
2021-09-18,-1.8484053937290468
2021-09-19,-3.969875894391495
2021-09-20,13.947344872821963
2021-09-21,2.428333268682658
2021-09-22,6.283640926472023
2021-09-23,-0.1224923225671248
2021-09-24,1.1250246433790023
2021-09-25,-1.556356382237356
2021-09-26,-2.258044460187325
2021-09-27,0.374461813124749
2021-09-28,0.6054376768441116
2021-09-29,-0.7962799871513715
2021-09-30,3.3955710004081485
2021-10-01,7.978884084205728
2021-10-02,-0.0488641602144679
2021-10-03,-0.093385164965587
2021-10-04,0.3514890801108006
2021-10-05,0.9220133885838644
2021-10-06,4.194798260680388
2021-10-07,-11.738094522449572
2021-10-08,-0.4363788106795718
2021-10-09,0.1754605444794554
2021-10-10,-1.5339453450075258
2021-10-11,1.817697557600884
2021-10-12,0.9783279115156862
2021-10-13,-0.7411181719408022
2021-10-14,-1.517376535374082
2021-10-15,4.1498154581525615
2021-10-16,0.1167078951235023
2021-10-17,-0.3646419611798013
2021-10-18,-0.1575297194799318
2021-10-19,-0.2561551013858243
2021-10-20,-12.922499560030666
2021-10-21,1.3842399052239165
2021-10-22,-2.253560424328993
2021-10-23,-0.4952078071603583
2021-10-24,-4.203840961476024
2021-10-25,0.3530964442110207
2021-10-26,4.44681941942191
2021-10-27,0.917404564207236
2021-10-28,-1.4576827302872353
2021-10-29,0.228204335181914
2021-10-30,-1.725172664593999
2021-10-31,-10.060854011021592
2021-11-01,-0.1734260729397974
2021-11-02,1.280520057493617
2021-11-03,0.102523060620796
2021-11-04,-1.136688152923826
2021-11-05,-8.088772596248406
2021-11-06,-2.1755518240394456
2021-11-07,1.2207003486659929
2021-11-08,6.717791581462973
2021-11-09,0.2528643614700732
2021-11-10,-1.100734824789451
2021-11-11,-1.6498048086504236
2021-11-12,-0.2156733021475343
2021-11-13,-0.0506431111317096
2021-11-14,-9.43447403504637
2021-11-15,1.9067996851046096
2021-11-16,6.545160469537947
2021-11-17,-0.1087220559168544
2021-11-18,3.3815506889146585
2021-11-19,-0.6431965866767086
2021-11-20,-4.492750745497487
2021-11-21,-0.6826693079614254
2021-11-22,3.0608718363182685
2021-11-23,1.183158089143732
2021-11-24,-1.9169964203014644
2021-11-25,-2.560198035592532
2021-11-26,6.869719013876541
2021-11-27,-1.6027379017821697
2021-11-28,2.513974258918217
2021-11-29,0.2603875678077738
2021-11-30,0.1600920680883355
2021-12-01,0.0556791626183494
2021-12-02,-2.587546559189069
2021-12-03,4.312688225189176
2021-12-04,10.05681947230055
2021-12-05,0.1614377313271742
2021-12-06,1.1460186881645296
2021-12-07,-1.7212669203817033
2021-12-08,-8.264512460508655
2021-12-09,3.835617418636472
2021-12-10,-0.5821555000161349
2021-12-11,4.523959313890957
2021-12-12,0.809754224064041
2021-12-13,4.91028803231599
2021-12-14,-0.8477700454443293
2021-12-15,3.990212671792204
2021-12-16,-2.4150478477859783
2021-12-17,0.5093438810904516
2021-12-18,-2.815870892350114
2021-12-19,-1.0298872621715915
2021-12-20,-1.5193719979512357
2021-12-21,3.4875644645605552
2021-12-22,-1.893435185106373
2021-12-23,2.2085036540843594
2021-12-24,-0.457970229214466
2021-12-25,-0.6075508522454642
2021-12-26,-5.697304961476846
2021-12-27,-0.9973741604571208
2021-12-28,1.6611438698395098
2021-12-29,0.0621335923512766
2021-12-30,0.6989250369280775
2021-12-31,0.0465781955458544
2022-01-01,1.8546849459648351
2022-01-02,-3.353495785441396
2022-01-03,-10.920458617268205
2022-01-04,0.1349950108552988
2022-01-05,3.0273257923536523
2022-01-06,-0.0710008004441764
2022-01-07,1.872969264020341
2022-01-08,-4.853045530914968
2022-01-09,0.0958310001257123
2022-01-10,-4.785526405545193
2022-01-11,0.7031533887041919
2022-01-12,-7.431739005124727
2022-01-13,2.0700724799448844
2022-01-14,-5.98721938880975
2022-01-15,-1.2148052166695678
2022-01-16,-2.2736131063133658
2022-01-17,0.0578786709726442
2022-01-18,0.1157522996284798
2022-01-19,0.228872855869322
2022-01-20,-5.57591987252235
2022-01-21,29.391784181293247
2022-01-22,-4.212837305184247
2022-01-23,4.218211115202242
2022-01-24,0.8616798969816486
2022-01-25,0.0454794445713613
2022-01-26,0.0166037113176864
2022-01-27,-4.884090859827584
2022-01-28,0.7074515768534795
2022-01-29,-0.5180235036678305
2022-01-30,-0.2906410249525759
2022-01-31,-1.810766122324503
2022-02-01,0.4096400092881369
2022-02-02,3.1706419196350533
2022-02-03,0.2874479345121417
2022-02-04,20.268966037933158
2022-02-05,-0.0885927507469297
2022-02-06,-1.2152157201867575
2022-02-07,1.454630425761971
2022-02-08,0.0211031527682203
2022-02-09,-0.0083840702597148
2022-02-10,-0.0795751150549306
2022-02-11,-0.12560278043372
2022-02-12,-1.3215653988380316
2022-02-13,-0.2209156677227763
2022-02-14,0.1306762223151292
2022-02-15,2.935448148518849
2022-02-16,-0.3197152516977275
2022-02-17,8.670422466453086
2022-02-18,-0.0700622493568836
2022-02-19,-0.7156784766994884
2022-02-20,-13.015181699343367
2022-02-21,-0.5012078645388551
2022-02-22,-0.2851371530784852
2022-02-23,1.0551342389290452
2022-02-24,1.009479888689646
2022-02-25,0.6490308723180682
2022-02-26,-0.0183949961409135
2022-02-27,1.665682972597704
2022-02-28,23.34350007290782
2022-03-01,0.3523078186956407
2022-03-02,0.1073797691183431
2022-03-03,1.3445915305744682
2022-03-04,4.122203826125581
2022-03-05,0.0088776410562152
2022-03-06,-10.549373818083229
2022-03-07,0.0456430188928491
2022-03-08,-0.2781682414131903
2022-03-09,5.830561522586941
2022-03-10,3.3147652369792224
2022-03-11,0.0625085659801572
2022-03-12,-0.1203928313542768
2022-03-13,0.0233318641747137
2022-03-14,2.2069095476318967
2022-03-15,0.0307860261998582
2022-03-16,1.7497801690981918
2022-03-17,-1.8949592096889625
2022-03-18,0.3315211075993529
2022-03-19,-5.696846958912161
2022-03-20,0.361452688890207
2022-03-21,0.0222537293410818
2022-03-22,-1.162268679730516
2022-03-23,-1.5055407648287833
2022-03-24,-0.3603549609933809
2022-03-25,-0.9924426713391664
2022-03-26,-0.5004637066507334
2022-03-27,1.8263664634843304
2022-03-28,-0.0789292743625047
2022-03-29,-1.913670306477644
2022-03-30,-19.640280944979903
2022-03-31,0.9754049959704192
2022-04-01,0.1576828129658203
2022-04-02,-1.9146461666750936
2022-04-03,-12.776193861623032
2022-04-04,0.0066092506278536
2022-04-05,-0.267339234541819
2022-04-06,6.661090893073518
2022-04-07,-0.3377302204160548
2022-04-08,-10.678087405121206
2022-04-09,-10.215210493796844
2022-04-10,-0.3107192300873751
2022-04-11,12.92214852440152
2022-04-12,-1.5059112328075774
2022-04-13,-3.682470574013797
2022-04-14,2.3249736395634324
2022-04-15,-4.581690199290911
2022-04-16,-0.029014655726256
2022-04-17,-0.5321565472419687
2022-04-18,2.0062415003722966
2022-04-19,-0.5554104946716709
2022-04-20,-0.0214440821337147
2022-04-21,-1.5862465083148924
2022-04-22,0.2761387097364842
2022-04-23,-2.12855876427438
2022-04-24,-0.4261880345359237
2022-04-25,2.186702549178809
2022-04-26,-0.3874786868986568
2022-04-27,3.056610073248489
2022-04-28,0.5517466817251515
2022-04-29,1.430907104134005
2022-04-30,-1.0637068717955445
2022-05-01,0.458944120053939
2022-05-02,0.1253825335943537
2022-05-03,-0.4277181137017471
2022-05-04,7.788486069836509
2022-05-05,11.572206702809096
2022-05-06,-3.830558786962535
2022-05-07,-0.1977748663389733
2022-05-08,1.4307764987510962
2022-05-09,19.423468975523477
2022-05-10,1.57771823839703
2022-05-11,0.5760100882387764
2022-05-12,-0.5874987483702188
2022-05-13,-1.2756202871427311
2022-05-14,1.3768067384217098
2022-05-15,2.2208670418796483
2022-05-16,1.710536442714683
2022-05-17,0.8672139154367375
2022-05-18,0.953320488682574
2022-05-19,3.9480409947026063
2022-05-20,0.6750231694066189
2022-05-21,0.2859587455982249
2022-05-22,1.540655926155643
2022-05-23,1.0035051580015386
2022-05-24,0.7368250819058453
2022-05-25,-1.1476438257119526
2022-05-26,-2.544997615798384
2022-05-27,-1.434429663869552
2022-05-28,-0.3138181936050088
2022-05-29,0.6595946933354302
2022-05-30,6.773746955729787
2022-05-31,-0.5741988670119769
2022-06-01,3.030408870105239
2022-06-02,0.6717145069649266
2022-06-03,-2.8646226873942915
2022-06-04,-5.127565401455847
2022-06-05,0.0138503004485146
2022-06-06,2.8079809039590176
2022-06-07,-1.431463664686672
2022-06-08,-13.743773676092363
2022-06-09,-0.7996027445950848
2022-06-10,-5.18762247164849
2022-06-11,0.9304560459899136
2022-06-12,4.55265032572334
2022-06-13,32.431348201202546
2022-06-14,-1.9927042834824715
2022-06-15,-0.5303712885305178
2022-06-16,5.974070847160373
2022-06-17,-1.336961585053631
2022-06-18,-0.7055072946751784
2022-06-19,5.867882598241048
2022-06-20,-0.1323539133503581
2022-06-21,-1.0235739016590917
2022-06-22,-0.2077976013324711
2022-06-23,2.348507782747844
2022-06-24,0.1785415472195684
2022-06-25,0.3681655321452037
2022-06-26,0.0038985848863637
2022-06-27,-0.1906919294473619
2022-06-28,-0.6805731684238814
2022-06-29,-5.4902200316340855
2022-06-30,-0.2373555878623645
2022-07-01,-1.8141872069604936
2022-07-02,-0.9596838928949802
2022-07-03,0.1649086907500763
2022-07-04,2.7178910715090376
2022-07-05,-0.0918993599648421
2022-07-06,-2.181653283625229
2022-07-07,3.2985477541246366
2022-07-08,-0.0852258273538075
2022-07-09,-0.0280389320476914
2022-07-10,-0.0094361122777941
2022-07-11,0.6399526390697741
2022-07-12,-1.2911596835830874
2022-07-13,-21.62008580123984
2022-07-14,0.4167594278117192
2022-07-15,-0.1486653248005121
2022-07-16,-13.286993357581444
2022-07-17,0.6709567751894019
2022-07-18,-0.2061089333168841
2022-07-19,-6.954859212193842
2022-07-20,0.2186035644371253
2022-07-21,0.0818450201032883
2022-07-22,-1.913915099782004
2022-07-23,-4.664143147358391
2022-07-24,-0.0100185489103621
2022-07-25,6.6428908867405045
2022-07-26,-0.8895445577775773
2022-07-27,9.796705683176388
2022-07-28,0.7918772147232467
2022-07-29,-0.2393579637848475
2022-07-30,-0.5230459900775752
2022-07-31,-1.0752471559550614
2022-08-01,-0.0107576285493071
2022-08-02,0.6746872538555548
2022-08-03,-2.739657737452228
2022-08-04,0.2450879582228449
2022-08-05,0.7165675945833172
2022-08-06,-3.503777644554462
2022-08-07,0.0848805091124393
2022-08-08,0.9014684901953008
2022-08-09,-0.8497944987530093
2022-08-10,-2.7712034423939547
2022-08-11,-2.925291518901396
2022-08-12,-2.693183012615985
2022-08-13,-0.2270874188652683
2022-08-14,0.0842756857948545
2022-08-15,0.0089668261292308
2022-08-16,-0.7530688831347776
2022-08-17,-11.66694430607398
2022-08-18,-4.182890386133797
2022-08-19,28.520688267901527
2022-08-20,0.5259884829446726
2022-08-21,0.1611078263402232
2022-08-22,-0.1191132967151342
2022-08-23,-0.0100713681489561
2022-08-24,-5.762525461143941
2022-08-25,0.1005821855664557
2022-08-26,-4.693980046046208
2022-08-27,-4.340699213078613
2022-08-28,0.5214546759731986
2022-08-29,3.772649705986897
2022-08-30,0.713630291335221
2022-08-31,0.6693293004896184
2022-09-01,-0.0490577205157216
2022-09-02,0.0215550260408425
2022-09-03,-0.0419722551644352
2022-09-04,-2.1196233497758565
2022-09-05,-0.1599771612180722
2022-09-06,3.927820118222636
2022-09-07,-0.4424021508588338
2022-09-08,-0.7831873728347261
2022-09-09,19.253327337439032
2022-09-10,0.4399859935051653
2022-09-11,-0.6442905045585201
2022-09-12,1.397807928139283
2022-09-13,12.098848410116858
2022-09-14,0.009207664238886
2022-09-15,0.4929696885406454
2022-09-16,-0.2401413985652412
2022-09-17,0.6183132622055831
2022-09-18,-11.699682023864687
2022-09-19,-0.2761779786264795
2022-09-20,0.7468345492133821
2022-09-21,0.2761821396462416
2022-09-22,3.4332364209079147
2022-09-23,-0.0015452371531776
2022-09-24,0.0571594266725039
2022-09-25,-5.16985390585779
2022-09-26,0.761131429181483
2022-09-27,-0.5884630988101214
2022-09-28,-1.4380519948654635
2022-09-29,-0.8011510049739989
2022-09-30,-0.2186984435642136
2022-10-01,-0.0015184032522541
2022-10-02,0.1847237554544856
2022-10-03,1.459441815544782
2022-10-04,1.854017531157237
2022-10-05,-0.0017499621285277
2022-10-06,-3.868856855604608
2022-10-07,-0.0499471164820075
2022-10-08,0.0738616533437097
2022-10-09,-18.647064838544303
2022-10-10,-0.3932422879053932
2022-10-11,-0.172529757167239
2022-10-12,-2.296653025111206
2022-10-13,-25.468374320981624
2022-10-14,0.3356603573764882
2022-10-15,-2.969717690915874
2022-10-16,0.5369735159069133
2022-10-17,-0.5381013787076894
2022-10-18,-5.718726932726548
2022-10-19,0.2635419201262978
2022-10-20,-6.379107709178755
2022-10-21,-2.104504011272146
2022-10-22,-14.433385863535245
2022-10-23,2.6810835912884023
2022-10-24,-2.012968684321814
2022-10-25,10.598409986670788
2022-10-26,3.882615445972659
2022-10-27,3.962429869208695
2022-10-28,-0.2166440447151418
2022-10-29,0.289787351770987
2022-10-30,0.1962260588735498
2022-10-31,0.0647588635447116
2022-11-01,-1.5761744804266953
2022-11-02,-3.147487625093825
2022-11-03,-8.81227250646026
2022-11-04,14.447848138040008
2022-11-05,-0.7861689603903432
2022-11-06,-1.0141529308734687
2022-11-07,1.5087042117184923
2022-11-08,54.72537278997971
2022-11-09,47.73672224334955
2022-11-10,12.747132368393643
2022-11-11,0.695034731807187
2022-11-12,-0.1541637350414682
2022-11-13,0.4184683026206892
2022-11-14,0.4055430041897345
2022-11-15,0.1760840834905463
2022-11-16,-0.2866075734809348
2022-11-17,0.0020019821994399
2022-11-18,-0.0005828537030128
2022-11-19,0.0256231893095204
2022-11-20,0.2731617349998494
2022-11-21,0.5344339074669913
2022-11-22,0.3395315411992117
2022-11-23,0.8492288601348319
2022-11-24,-1.6772850305586395
2022-11-25,-1.4664777649048275
2022-11-26,-0.2366200558337916
2022-11-27,-0.4387788448765084
2022-11-28,-0.2985459781190136
2022-11-29,0.4568351038211071
2022-11-30,2.325390225038615
2022-12-01,0.0013190289438247
2022-12-02,0.0607762128314925
2022-12-03,-0.0396673466335872
2022-12-04,-2.1079758215860838
2022-12-05,-0.1734150995334804
2022-12-06,0.0927766830960852
2022-12-07,-0.021102599330236
2022-12-08,-9.372576881988726
2022-12-09,-33.12569572586973
2022-12-10,-31.31033120367285
2022-12-11,-5.588248884829017
2022-12-12,-1.086114595904808
2022-12-13,0.8869592109823632
2022-12-14,-1.1275440713481522
2022-12-15,3.338690234597186
2022-12-16,9.25277929897148
2022-12-17,0.371982419104655
2022-12-18,0.0267780925029992
2022-12-19,1.7420483595474767
2022-12-20,0.4707443695129099
2022-12-21,-5.050266417626414
2022-12-22,-2.90462370422554
2022-12-23,-3.418594786316586
2022-12-24,0.0359077696333365
2022-12-25,-0.1774713767687896
2022-12-26,-0.0206467485397321
2022-12-27,0.9426216557934186
2022-12-28,-0.5887616120998751
2022-12-29,-0.923050262594638
2022-12-30,-12.018205347787648
2022-12-31,-0.870223416796001
2023-01-01,-0.2637338001923894
2023-01-02,-0.6262963529092946
2023-01-03,-1.5244712029885863
2023-01-04,0.4833690910358568
2023-01-05,-0.4014329005770811
2023-01-06,-1.2462351196811827
2023-01-07,-4.504254924304241
2023-01-08,0.3570117918608062
2023-01-09,0.3450472521686398
2023-01-10,1.757629753212897
2023-01-11,5.8797491859541084
2023-01-12,10.801277679675804
2023-01-13,15.42222276550662
2023-01-14,6.044933972639166
2023-01-15,-10.331618483250548
2023-01-16,0.191284134334202
2023-01-17,-0.1762816538578127
2023-01-18,1.03876638707614
2023-01-19,-1.5080713775573409
2023-01-20,19.216921094509765
2023-01-21,-0.2078610287279958
2023-01-22,0.0496985418271922
2023-01-23,-0.1926731709133711
2023-01-24,1.6202777000715596
2023-01-25,0.3274903588451838
2023-01-26,-1.1386315926086077
2023-01-27,-1.3357535046795932
2023-01-28,0.5349793396790758
2023-01-29,0.856113541803194
2023-01-30,8.758874529151184
2023-01-31,-0.1079665261329299
2023-02-01,0.4035583282496979
2023-02-02,1.0950163523167469
2023-02-03,0.4551092964457659
2023-02-04,0.3003126198011463
2023-02-05,2.114889062254899
2023-02-06,0.719466065826424
2023-02-07,0.3922655849841971
2023-02-08,1.5922555049927567
2023-02-09,9.003372415566147
2023-02-10,-0.5089166704483006
2023-02-11,-4.88001020438904
2023-02-12,-6.473982804465206
2023-02-13,-7.740624869539648
2023-02-14,0.876774187304763
2023-02-15,22.695855239191044
2023-02-16,2.363110957845027
2023-02-17,0.9514083706747778
2023-02-18,-0.3833534383276493
2023-02-19,-10.143104028892049
2023-02-20,0.8315671136580383
2023-02-21,0.8331499095384443
2023-02-22,0.2521164086496164
2023-02-23,-0.2094980648282618
2023-02-24,1.719279034360066
2023-02-25,-0.033618767879584
2023-02-26,0.6348949129230341
2023-02-27,-0.0054789414508316
2023-02-28,-1.8860230623678365
2023-03-01,-3.033094520676838
2023-03-02,-0.2269339822410843
2023-03-03,4.346832134865375
2023-03-04,-0.192977252427251
2023-03-05,0.0676806758629355
2023-03-06,-0.0298530483519465
2023-03-07,-0.401509026269764
2023-03-08,1.0356576850683474
2023-03-09,7.54584702170602
2023-03-10,-0.1627080689317717
2023-03-11,-3.489715115051684
2023-03-12,11.285154704166867
2023-03-13,12.784752084894958
2023-03-14,0.4229920486141347
2023-03-15,0.5132492876604333
2023-03-16,0.4773951527181186
2023-03-17,0.1623059986627595
2023-03-18,-0.9014677055455222
2023-03-19,-0.0094133463424794
2023-03-20,0.2787301899035643
2023-03-21,-0.2801050728444054
2023-03-22,1.411507264104439
2023-03-23,0.952661523061238
2023-03-24,1.3557065876556915
2023-03-25,-0.2560713860117136
2023-03-26,-1.675117868229059
2023-03-27,1.8112257880052995
2023-03-28,-0.1768223121312528
2023-03-29,1.423353970467911
2023-03-30,-0.2588541894897322
2023-03-31,-0.1815197620845032
2023-04-01,-0.1443058645949402
2023-04-02,-3.9164880694769866
2023-04-03,0.613257287088742
2023-04-04,0.0327167732495636
2023-04-05,-0.0130755258703318
2023-04-06,-0.1957258209037693
2023-04-07,-1.157336833637379
2023-04-08,-8.225348677900236
2023-04-09,-0.6566950734143151
2023-04-10,1.8208278564741944
2023-04-11,-6.279630032017103
2023-04-12,-12.572000338890945
2023-04-13,-0.5908001754863723
2023-04-14,-1.2254331321616685
2023-04-15,-0.699633894767826
2023-04-16,-21.817828636474225
2023-04-17,2.7581289365235184
2023-04-18,-1.9501007030386488
2023-04-19,11.780123798873364
2023-04-20,0.8253793490517802
2023-04-21,0.8040417105013242
2023-04-22,-3.340506792689668
2023-04-23,-2.997713547466363
2023-04-24,0.0231525028250079
2023-04-25,1.712605868239958
2023-04-26,-3.7664972942034303
2023-04-27,4.4989359522991546
2023-04-28,-4.91461227611275
2023-04-29,-0.5430919057286765
2023-04-30,-0.8620541751526156
2023-05-01,6.761559028820052
2023-05-02,1.3231556592540494
2023-05-03,-0.4844954209823782
2023-05-04,-0.391476392790302
2023-05-05,1.7668267810736935
2023-05-06,1.660935524315632
2023-05-07,0.8205193196668903
2023-05-08,2.41133312152062
2023-05-09,-0.6360619551780688
2023-05-10,-7.312532873273614
2023-05-11,-0.4432004939638467
2023-05-12,0.0424368567443877
2023-05-13,-0.5576797246059639
2023-05-14,0.1636434940012865
2023-05-15,0.6783747911907723
2023-05-16,-0.0331494568461487
2023-05-17,-1.5220888692659362
2023-05-18,-3.590330253730412
2023-05-19,-10.716437155326696
2023-05-20,-1.1594423132800902
2023-05-21,-5.328135397837396
2023-05-22,-2.390593820215403
2023-05-23,0.9897015185770686
2023-05-24,6.127198360369612
2023-05-25,-4.630425157048856
2023-05-26,0.5243329938085628
2023-05-27,-8.857694805175875
2023-05-28,14.241882826550478
2023-05-29,0.5883352772518835
2023-05-30,-0.0328311262604685
2023-05-31,-7.252188516506552
2023-06-01,-2.060966022387145
2023-06-02,0.9330689423228566
2023-06-03,0.0460429657940242
2023-06-04,-4.276954667255373
2023-06-05,12.87993779840695
2023-06-06,16.326834750677687
2023-06-07,1.423763309312176
2023-06-08,0.2297532373749744
2023-06-09,0.000485352931423
2023-06-10,0.223079364440526
2023-06-11,-0.0539370881492584
2023-06-12,6.475343610201634e-05
2023-06-13,-0.1587716117035675
2023-06-14,2.7407225540610147
2023-06-15,1.426733649456513
2023-06-16,2.511328174229921
2023-06-17,-1.1662616097979694
2023-06-18,0.1022926380846112
2023-06-19,1.0630082962951537
2023-06-20,8.389355457700676
2023-06-21,8.552533789466299
2023-06-22,-0.1371277947225246
2023-06-23,-2.3128514284938677
2023-06-24,0.2441750028081113
2023-06-25,0.0662495620723957
2023-06-26,0.3094343484954631
2023-06-27,-4.078117910722979
2023-06-28,0.794847548167188
2023-06-29,0.1631872292961578
2023-06-30,-1.1965761495349891
2023-07-01,-0.9979521793380132
2023-07-02,-0.3661083054761871
2023-07-03,0.1601163417439544
2023-07-04,0.7698204658386665
2023-07-05,-8.808867680731913
2023-07-06,-7.198380106882318
2023-07-07,-5.1533025566798845
2023-07-08,0.1581684890931578
2023-07-09,0.1786451983906589
2023-07-10,-3.656098096988658
2023-07-11,-0.0116592511663515
2023-07-12,0.5606769959281444
2023-07-13,3.733419587567388
2023-07-14,2.008567781451287
2023-07-15,-0.3657148570165858
2023-07-16,-2.19653422838213
2023-07-17,0.2427129618101542
2023-07-18,0.3247900153317662
2023-07-19,-1.0173983744271586
2023-07-20,-11.873325845020164
2023-07-21,-20.792789815767275
2023-07-22,0.0550756587919698
2023-07-23,-5.282841864903931
2023-07-24,8.269901193023754
2023-07-25,0.0820753852818434
2023-07-26,-0.0101470663484648
2023-07-27,-1.833451414651266
2023-07-28,-2.8761210293658634
2023-07-29,-1.5257614869712444
2023-07-30,-0.0303874440404472
2023-07-31,-0.2548148950039519
2023-08-01,2.5422830592350287
2023-08-02,-0.9155342707659608
2023-08-03,-0.9136275288860184
2023-08-04,-0.4243452496427879
2023-08-05,-3.460461666886383
2023-08-06,-2.547369156213819
2023-08-07,0.4085696036961961
2023-08-08,4.448154036578678
2023-08-09,-0.3797789094477699
2023-08-10,-0.516425337995019
2023-08-11,-0.4034371473130238
2023-08-12,-14.85563517459141
2023-08-13,-19.262533278374192
2023-08-14,0.6193678530762581
2023-08-15,1.0463528217059317
2023-08-16,4.38781054748385
2023-08-17,70.71292987756361
2023-08-18,2.1471883332998765
2023-08-19,0.2494708863557182
2023-08-20,-0.0347550597556978
2023-08-21,0.0222151641881662
2023-08-22,-1.4257679183826144
2023-08-23,-2.181991435530195
2023-08-24,0.1233281244086503
2023-08-25,-0.451993041814791
2023-08-26,0.0331017045376302
2023-08-27,-0.0586885931650904
2023-08-28,-0.0432637053049189
2023-08-29,24.22272593027685
2023-08-30,0.8114546033153758
2023-08-31,8.167596688675305
2023-09-01,-0.6797300492304981
2023-09-02,0.0753016037630116
2023-09-03,0.2268559107154955
2023-09-04,-0.0097514971698187
2023-09-05,-0.031009738433263
2023-09-06,-0.258310922621785
2023-09-07,-0.1972244703000281
2023-09-08,0.2497398028764141
2023-09-09,0.0585295959852238
2023-09-10,-0.0259285721683988
2023-09-11,1.616961036672282
2023-09-12,3.439561071204777
2023-09-13,1.012602239993976
2023-09-14,0.7046065203641039
2023-09-15,-0.490793562110936
2023-09-16,-19.207679158327405
2023-09-17,-2.85850028739888
2023-09-18,0.2998327625422403
2023-09-19,1.3088311644327444
2023-09-20,0.0170031344618015
2023-09-21,2.3897334559804806
2023-09-22,-1.0991716033354026
2023-09-23,-0.5726047440719362
2023-09-24,0.6978899907295277
2023-09-25,-0.0087511144780338
2023-09-26,0.016010550309442
2023-09-27,0.1218588125196262
2023-09-28,-16.6986264450246
2023-09-29,-1.5629990754603362
2023-09-30,-22.73680850745803
2023-10-01,13.84540609659892
2023-10-02,3.3522576083002686
2023-10-03,0.253156454201453
2023-10-04,0.5299504567622737
2023-10-05,2.205984540540773
2023-10-06,2.2932161933670647
2023-10-07,-2.185315178066793
2023-10-08,-1.880966428034947
2023-10-09,1.914259053957812
2023-10-10,0.5272262663531313
2023-10-11,-3.0648170347803982
2023-10-12,-5.291523574994161
2023-10-13,-1.960223229411373
2023-10-14,-1.3200108012748957
2023-10-15,1.1323398862654654
2023-10-16,21.22937708170109
2023-10-17,0.1616340768942681
2023-10-18,-0.0802286084453762
2023-10-19,-0.6199092179726584
2023-10-20,6.367320819102851
2023-10-21,-3.786728418176599
2023-10-22,-0.0718623518372818
2023-10-23,47.618542280203904
2023-10-24,-0.4287644995108586
2023-10-25,0.0818362665964134
2023-10-26,0.6918407526046444
2023-10-27,0.7535173815557794
2023-10-28,-0.8767056983228549
2023-10-29,-0.383453811579193
2023-10-30,0.1545422760598214
2023-10-31,-2.739093560160988
2023-11-01,-1.283807681252802
2023-11-02,1.2365808465835348
2023-11-03,0.5190128855314446
2023-11-04,-1.5652962026792785
2023-11-05,-0.1706259078018579
2023-11-06,0.057263334099189
2023-11-07,-0.2250724272381155
2023-11-08,-1.5048497024451324
2023-11-09,0.4295479961978099
2023-11-10,-2.9581401809357644
2023-11-11,0.0441620413609955
2023-11-12,0.4624124274754448
2023-11-13,1.9845888566931924
2023-11-14,4.614110364617163
2023-11-15,4.512502630865911
2023-11-16,8.357207994543137
2023-11-17,-0.2910845293456199
2023-11-18,0.1141762386615896
2023-11-19,-1.131974887424125
2023-11-20,0.0699869495588867
2023-11-21,6.807391302044596
2023-11-22,-17.927749118529423
2023-11-23,-1.2739509632675117
2023-11-24,-0.4881694075213549
2023-11-25,-0.6157577457205465
2023-11-26,0.0947095075559678
2023-11-27,0.2821818356391059
2023-11-28,0.1812540693544306
2023-11-29,-0.0402497471979512
2023-11-30,0.1514410583021153
2023-12-01,0.5269199225150567
2023-12-02,-0.122616471511916
2023-12-03,-0.131587892517504
2023-12-04,6.344085785964304
2023-12-05,5.139133496565007
2023-12-06,0.4663525373717725
2023-12-07,0.7857989450592573
2023-12-08,0.4634472635274944
2023-12-09,-0.5966949857517223
2023-12-10,-0.2911160736781881
2023-12-11,10.514739664433792
2023-12-12,-0.0733241378436333
2023-12-13,1.1073028010836872
2023-12-14,-2.3647040492679405
2023-12-15,-6.05981398985711
2023-12-16,-7.021965279237897
2023-12-17,1.79762455638941
2023-12-18,1.8019384965045624
2023-12-19,-0.3522603291324477
2023-12-20,2.127808039492618
2023-12-21,-7.459952187354501
2023-12-22,-4.710421348430238
2023-12-23,0.1481079784498185
2023-12-24,1.4564035012928134
2023-12-25,0.2657411451597369
2023-12-26,2.420383245246671
2023-12-27,0.5399187418893447
2023-12-28,1.3765694518171443
2023-12-29,0.7858247312299449
2023-12-30,-0.1555285447071841
2023-12-31,-1.5223449753606788
2024-01-01,4.244183134545176
2024-01-02,0.3366443943718877
2024-01-03,1.058830751319384
2024-01-04,-4.137824705939486
2024-01-05,-0.1865764541490566
2024-01-06,-0.3053595821623123
2024-01-07,-1.2213431157867882
2024-01-08,12.492898290136557
2024-01-09,0.9911406754413932
2024-01-10,-10.024571566987415
2024-01-11,0.270437485244801
2024-01-12,15.390287868278762
2024-01-13,-0.0230552991910326
2024-01-14,-0.1191632696030509
2024-01-15,0.5301929739627953
2024-01-16,-0.6157778106883893
2024-01-17,-1.7233685918722097
2024-01-18,2.697409552152563
2024-01-19,-2.3102068811271304
2024-01-20,-0.084573900965823
2024-01-21,-0.0504063374832552
2024-01-22,5.197929575958815
2024-01-23,-0.1187811218308021
2024-01-24,-0.4268262775146358
2024-01-25,-1.1357565845156348
2024-01-26,3.776638929434317
2024-01-27,-0.5394062304379332
2024-01-28,-0.3044231983375223
2024-01-29,1.7281164211835565
2024-01-30,0.1381494951702366
2024-01-31,-3.885688534333132
2024-02-01,-0.4324601626400359
2024-02-02,-5.045608568765081
2024-02-03,-2.3092120959736784
2024-02-04,0.1822231782073524
2024-02-05,0.000909371550839
2024-02-06,0.2941350017260147
2024-02-07,-9.929537788853636
2024-02-08,0.8191228506389647
2024-02-09,4.460859377810111
2024-02-10,0.3255383336322914
2024-02-11,-20.28062988139667
2024-02-12,3.6029438420149376
2024-02-13,-3.384938195238707
2024-02-14,4.691847124646964
2024-02-15,-0.225331466947809
2024-02-16,-1.0135345037907917
2024-02-17,-6.397647361540226
2024-02-18,0.0029482463507868
2024-02-19,0.7284143301651058
2024-02-20,-0.4687886185023138
2024-02-21,-15.926048659809544
2024-02-22,2.368714291123797
2024-02-23,2.292855452032061
2024-02-24,-0.4271425149485974
2024-02-25,-9.136950176325854
2024-02-26,13.667112638137644
2024-02-27,6.607280760959711
2024-02-28,26.37098677494509
2024-02-29,2.181327965909774
2024-03-01,-1.1338368701281465
2024-03-02,1.1022603717363078
2024-03-03,-0.192145579850167
2024-03-04,10.875777902078145
2024-03-05,14.40650111868733
2024-03-06,0.5768134919755141
2024-03-07,-0.0308043587487816
2024-03-08,-0.2842730826322692
2024-03-09,0.1183208146114944
2024-03-10,-1.2685345973218798
2024-03-11,1.7844032685583322
2024-03-12,0.900972458954752
2024-03-13,-0.6417162864776116
2024-03-14,1.8038960267731552
2024-03-15,1.0987564073790868
2024-03-16,7.914980499892232
2024-03-17,2.055155013089216
2024-03-18,0.1593446005409005
2024-03-19,11.923246549289711
2024-03-20,7.676209725755401
2024-03-21,1.918796147695168
2024-03-22,0.8297454715908481
2024-03-23,-0.2768099103220289
2024-03-24,1.1167670506028848
2024-03-25,0.7716894947177311
2024-03-26,0.0406425525574905
2024-03-27,-1.4472129357387953
2024-03-28,-1.2522190135403457
2024-03-29,-6.798645119106251
2024-03-30,-0.6262619725356688
2024-03-31,0.1496608790610532
2024-04-01,0.6878915502027461
2024-04-02,4.287938485990384
2024-04-03,-6.2691522509595305
2024-04-04,-3.94744211155792
2024-04-05,-1.2553130902030918
2024-04-06,0.103656473257474
2024-04-07,-0.4376159342937558
2024-04-08,1.219891797176098
2024-04-09,1.550099071921518
2024-04-10,-1.840194997212508
2024-04-11,-0.0272190547275674
2024-04-12,1.2742360001335218
2024-04-13,2.310267986676817
2024-04-14,0.4581078979204012
2024-04-15,-2.720255382547365
2024-04-16,-2.723038699535996
2024-04-17,1.6969719926146265
2024-04-18,-7.759478603248215
2024-04-19,-13.508750223858856
2024-04-20,-1.7196525468616497
2024-04-21,-1.4429773160864467
2024-04-22,1.592528909447699
2024-04-23,-4.61407416199261
2024-04-24,-1.6712985172048334
2024-04-25,0.0579231410168912
2024-04-26,0.1128528907335724
2024-04-27,-1.0649234034550423
2024-04-28,-0.1682961147375095
2024-04-29,0.4980033394887506
2024-04-30,3.303372780313718
2024-05-01,1.8882883684656624
2024-05-02,-6.522395794952773
2024-05-03,9.180986942530822
2024-05-04,-2.5389966970276734
2024-05-05,-0.0867041012161284
2024-05-06,-0.410135696037428
2024-05-07,-0.0009784432650095
2024-05-08,-2.4587008603021987
2024-05-09,0.4227232619686827
2024-05-10,0.969918471251474
2024-05-11,0.0364695721986496
2024-05-12,-2.703373505999107
2024-05-13,-4.350501750266012
2024-05-14,-1.3771542732962103
2024-05-15,10.436392127429508
2024-05-16,0.5486243252769807
2024-05-17,-2.4214251128046094
2024-05-18,-2.461830801667453
2024-05-19,0.271379252879278
2024-05-20,11.066542666637956
2024-05-21,0.8227020300574095
2024-05-22,-0.8642032886176931
2024-05-23,0.5253140660922417
2024-05-24,-2.0674365443790976
2024-05-25,0.1369157206206228
2024-05-26,-0.0245609804892743
2024-05-27,0.0699551497756134
2024-05-28,0.5629138689862812
2024-05-29,0.151904375447498
2024-05-30,-5.632222178983215
2024-05-31,-3.6494055657365743
2024-06-01,-0.228772193241189
2024-06-02,-8.123769879613207
2024-06-03,-0.0269591705661542
2024-06-04,1.364050382383497
2024-06-05,-0.7576256949158977
2024-06-06,-0.6025186586090636
2024-06-07,0.2088609832131327
2024-06-08,-1.8513405060869517
2024-06-09,-4.688256483561338
2024-06-10,0.0667333948241255
2024-06-11,3.717000399629189
2024-06-12,-0.8946739611549792
2024-06-13,0.0466961170061619
2024-06-14,-16.28864974329772
2024-06-15,-1.0409265876010765
2024-06-16,-3.064656714058611
2024-06-17,0.0090802263032596
2024-06-18,1.4137251559445785
2024-06-19,-31.005378560873943
2024-06-20,-2.2882845297703125
2024-06-21,-0.649892472322422
2024-06-22,-2.0946110395452133
2024-06-23,0.919921572425486
2024-06-24,15.667519842164834
2024-06-25,5.848355395058102
2024-06-26,-0.849840068153529
2024-06-27,0.9560274096317656
2024-06-28,1.7093807010073014
2024-06-29,-0.4126362492972268
2024-06-30,5.978214028920825
2024-07-01,-0.0267756324137558
2024-07-02,0.571762477335569
2024-07-03,1.9697119274028951
2024-07-04,7.552190912555168
2024-07-05,-1.0145943604310317
2024-07-06,5.98304665982059
2024-07-07,4.8107104621208485
2024-07-08,1.7696478443160355
2024-07-09,2.723181761350557
2024-07-10,-0.0552184679956546
2024-07-11,-2.5025825105295496
2024-07-12,-0.4917745963990305
2024-07-13,1.750697780720567
2024-07-14,2.92769558584145
2024-07-15,14.541132404831636
2024-07-16,-0.1021177491175695
2024-07-17,0.5326944512667575
2024-07-18,-1.022391652707233
2024-07-19,4.602182812034594
2024-07-20,0.0585652533957148
2024-07-21,0.0036634212204011
2024-07-22,0.2595065228089721
2024-07-23,0.8803016605148706
2024-07-24,-5.739808610080399
2024-07-25,-1.367098229804875
2024-07-26,1.3379937899856251
2024-07-27,-0.1823486201486091
2024-07-28,-1.6680779836458992
2024-07-29,1.645796227231222
2024-07-30,-1.562759536022018
2024-07-31,1.8266607791556089
2024-08-01,-0.3010530424936153
2024-08-02,7.992079469155899
2024-08-03,-7.212438146421363
2024-08-04,5.179312403087755
2024-08-05,10.413952111269944
2024-08-06,-0.5574671443546397
2024-08-07,0.1387732836696464
2024-08-08,22.973113841652125
2024-08-09,0.2651535461874355
2024-08-10,-0.1034824059834571
2024-08-11,1.8821766741844213
2024-08-12,-0.5150558759251633
2024-08-13,-0.3082848158822315
2024-08-14,-4.828709983663638
2024-08-15,0.3226754863284276
2024-08-16,0.8071684377887856
2024-08-17,0.2227151074944311
2024-08-18,-2.689225178272358
2024-08-19,0.4994386179603793
2024-08-20,-0.520521665486462
2024-08-21,2.3489392652552787
2024-08-22,-0.5347181374237953
2024-08-23,5.261641009976659
2024-08-24,-0.0569425383495469
2024-08-25,-1.4375412679736743
2024-08-26,0.5732008772006747
2024-08-27,3.3575430703758347
2024-08-28,-0.3396591272747384
2024-08-29,0.0875388695034562
2024-08-30,-0.5457527703646714
2024-08-31,-0.2679028834772112
2024-09-01,-3.729083436534708
2024-09-02,1.272202868966299
2024-09-03,-1.3632454824796136
2024-09-04,-7.872289545297706
2024-09-05,-0.3302739185089831
2024-09-06,2.055129927834165
2024-09-07,-24.41071596577895
2024-09-08,0.5190152656461056
2024-09-09,4.592359500078236
2024-09-10,-2.8375916636036336
2024-09-11,-0.3046595012861308
2024-09-12,-0.7220746248131626
2024-09-13,1.962231360888245
2024-09-14,-0.9013131942942842
2024-09-15,-0.7319795876764235
2024-09-16,0.4573590009605333
2024-09-17,2.544487095968262
2024-09-18,0.4513313766231652
2024-09-19,0.6634925801866975
2024-09-20,-2.9314539030188103
2024-09-21,-0.5336128891863523
2024-09-22,-9.59646525016673
2024-09-23,0.0618868393175375
2024-09-24,0.7450429359057154
2024-09-25,-0.6098896825669775
2024-09-26,-7.730051020190976
2024-09-27,-0.3530381281538486
2024-09-28,-0.0085098039836584
2024-09-29,-0.0406161997435261
2024-09-30,5.433306350435063
2024-10-01,2.914234085621548
2024-10-02,-2.733697266931001
2024-10-03,-3.1666593944162047
2024-10-04,1.1455930061243569
2024-10-05,-4.320929799033002
2024-10-06,-7.744770809535895
2024-10-07,0.9055112434117164
2024-10-08,-0.1563771296704041
2024-10-09,-2.1925925496179
2024-10-10,-0.1799532389743841
2024-10-11,4.82913648666552
2024-10-12,-0.1426261494728908
2024-10-13,-6.595451451022871
2024-10-14,9.92391693424912
2024-10-15,-0.7312232314365952
2024-10-16,-1.8631210019221407
2024-10-17,-4.077303305011393
2024-10-18,-0.9805113276048828
2024-10-19,-1.4163259773185
2024-10-20,0.198212435731393
2024-10-21,3.3621553430664086
2024-10-22,0.000281652623868
2024-10-23,0.9055030679709252
2024-10-24,1.7434931478911952
2024-10-25,0.8361170931654893
2024-10-26,-3.952476458043741
2024-10-27,0.4097250846595957
2024-10-28,3.340783132485381
2024-10-29,5.477408123446925
2024-10-30,-5.942156900992779
2024-10-31,-3.647332973167428
2024-11-01,0.774684434821471
2024-11-02,0.2169610902250873
2024-11-03,-0.7553855984775093
2024-11-04,1.2756161330322646
2024-11-05,1.3851940276387475
2024-11-06,25.55822070909728
2024-11-07,-0.1662992834306265
2024-11-08,-3.029768047143566
2024-11-09,-0.4393219700287609
2024-11-10,2.2984241353434243
2024-11-11,20.146607748796463
2024-11-12,0.220520977297145
2024-11-13,-2.3351466334668336
2024-11-14,4.503185886974781
2024-11-15,2.124550615595888
2024-11-16,0.1277848976644957
2024-11-17,0.4961350554154142
2024-11-18,-0.1795313648238816
2024-11-19,0.1880478214274061
2024-11-20,-1.9583741862817197
2024-11-21,1.5618793888996452
2024-11-22,-1.2146792132423312
2024-11-23,0.858097462322216
2024-11-24,-2.0962180403327646
2024-11-25,7.37812496361594
2024-11-26,0.8352417735279394
2024-11-27,1.12167190557948
2024-11-28,-1.1398245923142647
2024-11-29,-0.2208103210406653
2024-11-30,-1.9636066684344144
2024-12-01,-0.7803593181631929
2024-12-02,0.8144091417917831
2024-12-03,-0.4594318020487264
2024-12-04,-0.6489995825210149
2024-12-05,1.816698570886244
2024-12-06,-9.41127860642007
2024-12-07,0.1071464806592814
2024-12-08,0.0284634669873495
2024-12-09,4.374848437357337
2024-12-10,-2.640932070324176
2024-12-11,-14.7806160383265
2024-12-12,0.2170180534549759
2024-12-13,-1.502159303629813
2024-12-14,-4.992540671652512
2024-12-15,-2.805475919747113
2024-12-16,0.0795455665714151
2024-12-17,-0.5229816269707643
2024-12-18,12.661026124278996
2024-12-19,1.33815217184603
2024-12-20,-1.0130114884685404
2024-12-21,-4.817573512365348
2024-12-22,1.1836441530462372
2024-12-23,-0.3246989146980072
2024-12-24,4.789178727884424
2024-12-25,-7.340698827910296
2024-12-26,3.625706500311554
2024-12-27,-4.155979835025558
2024-12-28,0.3405521943839362
2024-12-29,-0.3238023582543659
2024-12-30,-0.0480432818915521
2024-12-31,-0.0076948113393982
2025-01-01,-0.1728552828832663
2025-01-02,2.024104421359052
2025-01-03,-1.9264797626110888
2025-01-04,-1.5464745868232432
2025-01-05,-3.679501298548238
2025-01-06,4.664544755320454
2025-01-07,7.382570969582969
2025-01-08,-2.839402551071624
2025-01-09,1.8060694445459324
2025-01-10,-4.462508430907198
2025-01-11,-0.2537501616065363
2025-01-12,-0.7909474375018211
2025-01-13,0.0146690463694865
2025-01-14,-1.2362530977840902
2025-01-15,4.495384127263313
2025-01-16,0.0631318842188033
2025-01-17,-3.8589041698848914
2025-01-18,-2.403442872516004
2025-01-19,3.7147078725012994
2025-01-20,0.042544987737636
2025-01-21,2.2974312001318387
2025-01-22,1.9429772662514333
2025-01-23,-4.3256081088316245
2025-01-24,0.065014055486734
2025-01-25,-4.54788337275398
2025-01-26,0.3461792635247374
2025-01-27,0.0263048736147464
2025-01-28,-0.9835373214388988
2025-01-29,0.7907460753106887
2025-01-30,0.0523755144593351
2025-01-31,2.015366522357298
2025-02-01,-0.6345508432396341
2025-02-02,2.5208151231419063
2025-02-03,4.113725836578364
2025-02-04,3.610935471772647
2025-02-05,-3.63331719216502
2025-02-06,-7.683661760530658
2025-02-07,-1.318287136779095
2025-02-08,-2.782228883373994
2025-02-09,-1.8885330338057729
2025-02-10,0.2775195614338033
2025-02-11,1.2326163083683506
2025-02-12,1.649417270097131
2025-02-13,-0.8455504134201819
2025-02-14,-5.855380172334524
2025-02-15,-0.167039153936277
2025-02-16,-9.11395670824694
2025-02-17,-0.0169207662566672
2025-02-18,-4.540559429208302
2025-02-19,0.2997632355987933
2025-02-20,-7.693488293755624
2025-02-21,-0.2775690071906922
2025-02-22,0.1396308842576132
2025-02-23,-0.7540942269235518
2025-02-24,13.9163251106881
2025-02-25,2.006180998556051
2025-02-26,9.305246720602424
2025-02-27,0.4255145960116557
2025-02-28,-3.50429109944449
2025-03-01,1.7316585571468537
2025-03-02,31.58112605068366
2025-03-03,16.212803136301133
2025-03-04,-0.5791398491621247
2025-03-05,0.1358835720360218
2025-03-06,-1.8299292021877969
2025-03-07,1.846819508589781
2025-03-08,-0.0043653729442705
2025-03-09,6.53077284228103
2025-03-10,0.5431931265701628
2025-03-11,5.315636932196721
2025-03-12,0.0277631075057405
2025-03-13,0.8023340007684787
2025-03-14,1.2150191849596317
2025-03-15,0.0259682233916702
2025-03-16,0.0787036831833454
2025-03-17,0.6710692079164637
2025-03-18,0.0485615823712315
2025-03-19,3.6328420143441953
2025-03-20,0.9357695057437
2025-03-21,-0.2928158481623422
2025-03-22,-0.6038416070881958
2025-03-23,0.7448953705431416
2025-03-24,0.4089427134746692
2025-03-25,0.0103130948173602
2025-03-26,-2.941793038956564
2025-03-27,-1.0265095308431782
2025-03-28,-1.9421183573631429
2025-03-29,0.5441633198092211
2025-03-30,-0.005312935368873
2025-03-31,-0.5493665305641326
2025-04-01,-10.919564313939
2025-04-02,-12.636616570965389
2025-04-03,-0.3143496443003712
2025-04-04,-3.450608728782678
2025-04-05,-0.0498839049401733
2025-04-06,6.509252678753419
2025-04-07,0.5206234489089301
2025-04-08,-6.205772352112293
2025-04-09,12.706003865137028
2025-04-10,-2.923299195373952
2025-04-11,4.106629888538604
2025-04-12,-1.1626144329698218
2025-04-13,-1.5080758839206565
2025-04-14,0.1641375703108849
2025-04-15,-0.6702387135821608
2025-04-16,-0.5873529475042161
2025-04-17,-0.3653757222072618
2025-04-18,-4.842332922897985
2025-04-19,-2.042329179693869
2025-04-20,-0.0062136792824851
2025-04-21,1.546728739606107
2025-04-22,7.423390739864977
2025-04-23,-0.3880907810808853
2025-04-24,-0.0134929020870644
2025-04-25,-0.1030824024113807
2025-04-26,0.0248900116365469
2025-04-27,-2.2612409796116677
2025-04-28,-1.1384811389607674
2025-04-29,0.1710340267752741
2025-04-30,0.0510896592662568
2025-05-01,-0.7119925993710252
2025-05-02,-2.9075430822507964
2025-05-03,0.5350981991208092
2025-05-04,0.9228403034740928
2025-05-05,-0.1434093213749099
2025-05-06,-11.143393506675247
2025-05-07,-0.043421038279956
2025-05-08,1.9438515309321056
2025-05-09,-13.963625701338469
2025-05-10,-7.177351607193594
2025-05-11,-5.416172193292423
2025-05-12,0.6180025045716464
2025-05-13,-2.916022230563076
2025-05-14,0.7890570264200703
2025-05-15,-1.3419681679974205
2025-05-16,0.4123768036811581
2025-05-17,0.3938498387668243
2025-05-18,2.03154746410914
2025-05-19,1.103260584704424
2025-05-20,-0.1035381192304396
2025-05-21,-0.0855613947362221
2025-05-22,-16.69935318435747
2025-05-23,12.755434126767206
2025-05-24,-0.0195671677708841
2025-05-25,0.1765422946804706
2025-05-26,-0.1541369969364048
2025-05-27,-0.6605973888030414
2025-05-28,0.9174854519915954
2025-05-29,2.3584205955544446
2025-05-30,1.7214879093885749
2025-05-31,-2.080220483434614
2025-06-01,0.222708325797849
2025-06-02,-0.927218513339234
2025-06-03,-1.7529147229584985
2025-06-04,0.5381606223729074
2025-06-05,3.7385372800509353
2025-06-06,3.04415129399338
2025-06-07,-17.700532130878678
2025-06-08,-0.0751855186086891
2025-06-09,8.961139493612569
2025-06-10,-0.2903478357891065
2025-06-11,0.3211508349249659
2025-06-12,3.240020006560562
2025-06-13,-0.2386654606581495
2025-06-14,0.2180400491985867
2025-06-15,-0.0498849613441931
2025-06-16,0.5447395719245796
2025-06-17,-2.6844082591199747
2025-06-18,-0.2604954018904593
2025-06-19,-0.7423691655628617
2025-06-20,-3.709946960248367
2025-06-21,-2.22112164464362
2025-06-22,-8.768827946974223
2025-06-23,14.74302520812778
2025-06-24,-0.7232129047001545
2025-06-25,0.8939683656381314
2025-06-26,-0.0128312027718568
2025-06-27,-0.636721214554159
2025-06-28,-2.454651272887154
2025-06-29,-1.2334548740074005
2025-06-30,0.8551726038234841
2025-07-01,0.6706089470477794
2025-07-02,5.030167435379229
2025-07-03,0.0471438868102636
2025-07-04,1.0780061059391777
2025-07-05,-5.814852293230088
2025-07-06,-3.73760608812973
2025-07-07,-0.1008351413202768
2025-07-08,0.1674139375309025
