date,target_nasdaq_change_stockprice_next
2014-09-17,0.0
2014-09-18,0.684764000978233
2014-09-19,-0.2969488203100834
2014-09-20,0.0
2014-09-21,0.0
2014-09-22,-1.1376088687881205
2014-09-23,-0.4196400426240032
2014-09-24,1.0320131577508107
2014-09-25,-1.942172072284432
2014-09-26,1.017293141685793
2014-09-27,0.0
2014-09-28,0.0
2014-09-29,-0.1405048065867609
2014-09-30,-0.2765285277462115
2014-10-01,-1.5867817126784425
2014-10-02,0.1834053999143048
2014-10-03,1.0252340723351017
2014-10-04,0.0
2014-10-05,0.0
2014-10-06,-0.4651939162585439
2014-10-07,-1.5623510017613973
2014-10-08,1.9016155414441016
2014-10-09,-2.019652802242033
2014-10-10,-2.331925182115435
2014-10-11,0.0
2014-10-12,0.0
2014-10-13,-1.4634369140897108
2014-10-14,0.3206183015248998
2014-10-15,-0.2803317083358125
2014-10-16,0.0491140076277263
2014-10-17,0.9733461538238952
2014-10-18,0.0
2014-10-19,0.0
2014-10-20,1.3533097473594768
2014-10-21,2.395933348198742
2014-10-22,-0.8288278931996573
2014-10-23,1.5957639400820731
2014-10-24,0.6946246175973281
2014-10-25,0.0
2014-10-26,0.0
2014-10-27,0.0492885557440425
2014-10-28,1.746791862795849
2014-10-29,-0.3299540227474917
2014-10-30,0.371714692873315
2014-10-31,1.414763798788532
2014-11-01,0.0
2014-11-02,0.0
2014-11-03,0.1764279890794418
2014-11-04,-0.3291725646093146
2014-11-05,-0.0631520141849084
2014-11-06,0.3841392504782881
2014-11-07,-0.1280687255140633
2014-11-08,0.0
2014-11-09,0.0
2014-11-10,0.412093022961657
2014-11-11,0.1921898431305191
2014-11-12,0.3128396145891443
2014-11-13,0.1069486657892859
2014-11-14,0.1794797185205476
2014-11-15,0.0
2014-11-16,0.0
2014-11-17,-0.3741044955650419
2014-11-18,0.6730880198297928
2014-11-19,-0.5684278970452206
2014-11-20,0.5594905686740814
2014-11-21,0.2360783556243806
2014-11-22,0.0
2014-11-23,0.0
2014-11-24,0.8894586633068746
2014-11-25,0.0706612179176113
2014-11-26,0.610935201360796
2014-11-27,0.0
2014-11-28,0.0900307218236307
2014-11-29,0.0
2014-11-30,0.0
2014-12-01,-1.3415014666892433
2014-12-02,0.6020277819408726
2014-12-03,0.3923654649806929
2014-12-04,-0.1053577299919283
2014-12-05,0.2373407435215968
2014-12-06,0.0
2014-12-07,0.0
2014-12-08,-0.8381476205280847
2014-12-09,0.5438084699935564
2014-12-10,-1.7297956684116822
2014-12-11,0.5153721935023947
2014-12-12,-1.158840327921351
2014-12-13,0.0
2014-12-14,0.0
2014-12-15,-1.0409132798206322
2014-12-16,-1.244909540164274
2014-12-17,2.1214508636287377
2014-12-18,2.2412337341128685
2014-12-19,0.3575937330040135
2014-12-20,0.0
2014-12-21,0.0
2014-12-22,0.3365951814324974
2014-12-23,-0.3346286304367396
2014-12-24,0.1689314499189409
2014-12-25,0.0
2014-12-26,0.6994837494464834
2014-12-27,0.0
2014-12-28,0.0
2014-12-29,0.0010462749108652
2014-12-30,-0.6130802092365384
2014-12-31,-0.8663664478546385
2015-01-01,0.0
2015-01-02,-0.1950939385097938
2015-01-03,0.0
2015-01-04,0.0
2015-01-05,-1.5706202164824656
2015-01-06,-1.2859471669250278
2015-01-07,1.2569833590121648
2015-01-08,1.843248587828672
2015-01-09,-0.6781847346680303
2015-01-10,0.0
2015-01-11,0.0
2015-01-12,-0.8367193675273943
2015-01-13,-0.068813730422268
2015-01-14,-0.4758162776198671
2015-01-15,-1.476509544403637
2015-01-16,1.3905614537018884
2015-01-17,0.0
2015-01-18,0.0
2015-01-19,0.0
2015-01-20,0.4417034287514498
2015-01-21,0.2700371430882198
2015-01-22,1.7778554717102768
2015-01-23,0.1574600164726991
2015-01-24,0.0
2015-01-25,0.0
2015-01-26,0.2917241114606561
2015-01-27,-1.8915404391314337
2015-01-28,-0.92939796272562
2015-01-29,0.979301800559318
2015-01-30,-1.028522385781594
2015-01-31,0.0
2015-02-01,0.0
2015-02-02,0.8942299629662864
2015-02-03,1.0915902830496371
2015-02-04,-0.2335161941053543
2015-02-05,1.0261390450860164
2015-02-06,-0.43441260179784
2015-02-07,0.0
2015-02-08,0.0
2015-02-09,-0.3876177619358212
2015-02-10,1.3040677897456554
2015-02-11,0.2828123809610172
2015-02-12,1.175329511369938
2015-02-13,0.7458396513605026
2015-02-14,0.0
2015-02-15,0.0
2015-02-16,0.0
2015-02-17,0.110959409270106
2015-02-18,0.1447122473702489
2015-02-19,0.373807314227137
2015-02-20,0.6349629072042617
2015-02-21,0.0
2015-02-22,0.0
2015-02-23,0.1008884190834003
2015-02-24,0.1441230653301817
2015-02-25,-0.0197253779223194
2015-02-26,0.4177454114211443
2015-02-27,-0.4883898982291024
2015-02-28,0.0
2015-03-01,0.0
2015-03-02,0.8979559794985104
2015-03-03,-0.5630916867196301
2015-03-04,-0.2562253433848083
2015-03-05,0.3154717089450143
2015-03-06,-1.1126240164550103
2015-03-07,0.0
2015-03-08,0.0
2015-03-09,0.305839095914151
2015-03-10,-1.6722489969242638
2015-03-11,-0.2026856629005813
2015-03-12,0.8938275149790842
2015-03-13,-0.4399958568902851
2015-03-14,0.0
2015-03-15,0.0
2015-03-16,1.1854032788620297
2015-03-17,0.1606733840245455
2015-03-18,0.919504696318385
2015-03-19,0.1916542313859848
2015-03-20,0.6818399212706439
2015-03-21,0.0
2015-03-22,0.0
2015-03-23,-0.3073700023353165
2015-03-24,-0.3240936121889581
2015-03-25,-2.366693723179125
2015-03-26,-0.2698677786062919
2015-03-27,0.5728622258214466
2015-03-28,0.0
2015-03-29,0.0
2015-03-30,1.1494008466820915
2015-03-31,-0.941093962638706
2015-04-01,-0.4213509173356722
2015-04-02,0.1374927198995568
2015-04-03,0.0
2015-04-04,0.0
2015-04-05,0.0
2015-04-06,0.621654515438097
2015-04-07,-0.14418105804469
2015-04-08,0.8266383430399982
2015-04-09,0.4795212756252276
2015-04-10,0.4305892706631731
2015-04-11,0.0
2015-04-12,0.0
2015-04-13,-0.1547240080818857
2015-04-14,-0.2197155502931869
2015-04-15,0.677677615811656
2015-04-16,-0.0644575446947071
2015-04-17,-1.5172357442320816
2015-04-18,0.0
2015-04-19,0.0
2015-04-20,1.273164179408881
2015-04-21,0.3904216477541578
2015-04-22,0.4202114797947187
2015-04-23,0.4148844436807186
2015-04-24,0.7124128098523475
2015-04-25,0.0
2015-04-26,0.0
2015-04-27,-0.6250898971863816
2015-04-28,-0.0954513734499284
2015-04-29,-0.6286280001931766
2015-04-30,-1.636666094826078
2015-05-01,1.2945715169958127
2015-05-02,0.0
2015-05-03,0.0
2015-05-04,0.2305522396315096
2015-05-05,-1.5467645539668284
2015-05-06,-0.3986358695372782
2015-05-07,0.5264592861262463
2015-05-08,1.1729713068099334
2015-05-09,0.0
2015-05-10,0.0
2015-05-11,-0.1994580019849201
2015-05-12,-0.3480452546834933
2015-05-13,0.1105263276675927
2015-05-14,1.38727749205807
2015-05-15,-0.0496904593737967
2015-05-16,0.0
2015-05-17,0.0
2015-05-18,0.5972299949182247
2015-05-19,-0.1656051139136027
2015-05-20,0.0337364727867717
2015-05-21,0.3756068687900349
2015-05-22,-0.0280933955294937
2015-05-23,0.0
2015-05-24,0.0
2015-05-25,0.0
2015-05-26,-1.112317949643904
2015-05-27,1.467186801450504
2015-05-28,-0.1686029923039123
2015-05-29,-0.5482602014833748
2015-05-30,0.0
2015-05-31,0.0
2015-06-01,0.2544440796535152
2015-06-02,-0.1261114362841819
2015-06-03,0.4473529277955412
2015-06-04,-0.786586669651701
2015-06-05,0.1846139947986103
2015-06-06,0.0
2015-06-07,0.0
2015-06-08,-0.9239508348870884
2015-06-09,-0.1545268330419791
2015-06-10,1.252920852564654
2015-06-11,0.11463816553543
2015-06-12,-0.6179952310408909
2015-06-13,0.0
2015-06-14,0.0
2015-06-15,-0.4183223932209268
2015-06-16,0.5085435648955361
2015-06-17,0.1845512058124443
2015-06-18,1.3439669661465148
2015-06-19,-0.3107412833864287
2015-06-20,0.0
2015-06-21,0.0
2015-06-22,0.7224978472493593
2015-06-23,0.1187362101671585
2015-06-24,-0.7302137877626014
2015-06-25,-0.1995196505551244
2015-06-26,-0.6196987229417306
2015-06-27,0.0
2015-06-28,0.0
2015-06-29,-2.4021123157163538
2015-06-30,0.5727553280189479
2015-07-01,0.5263822674973717
2015-07-02,-0.0779984552254031
2015-07-03,0.0
2015-07-04,0.0
2015-07-05,0.0
2015-07-06,-0.3447653355703628
2015-07-07,0.1105786446961021
2015-07-08,-1.754895406826784
2015-07-09,0.2574491894134612
2015-07-10,1.5297475715635445
2015-07-11,0.0
2015-07-12,0.0
2015-07-13,1.476870709085909
2015-07-14,0.658193962673681
2015-07-15,-0.1165587339422069
2015-07-16,1.2598743094291764
2015-07-17,0.9095162155636772
2015-07-18,0.0
2015-07-19,0.0
2015-07-20,0.167360691530094
2015-07-21,-0.205787209756536
2015-07-22,-0.6979504473464404
2015-07-23,-0.4903517206967467
2015-07-24,-1.1227296636535988
2015-07-25,0.0
2015-07-26,0.0
2015-07-27,-0.9599852766114414
2015-07-28,0.9808003104984307
2015-07-29,0.4425052160178744
2015-07-30,0.3335427487884734
2015-07-31,-0.0097489075558843
2015-08-01,0.0
2015-08-02,0.0
2015-08-03,-0.2515444336927297
2015-08-04,-0.1921671185756701
2015-08-05,0.6735834148004161
2015-08-06,-1.6245326006115723
2015-08-07,-0.2551182747789648
2015-08-08,0.0
2015-08-09,0.0
2015-08-10,1.1551363759140454
2015-08-11,-1.2742515997054449
2015-08-12,0.1508916908846247
2015-08-13,-0.2146954900685949
2015-08-14,0.2916459843602448
2015-08-15,0.0
2015-08-16,0.0
2015-08-17,0.8608932800298952
2015-08-18,-0.6353496163429284
2015-08-19,-0.796550785987693
2015-08-20,-2.8204456186167293
2015-08-21,-3.515131493327728
2015-08-22,0.0
2015-08-23,0.0
2015-08-24,-3.820410314620193
2015-08-25,-0.4365593068213158
2015-08-26,4.239436784533424
2015-08-27,2.4517070832244414
2015-08-28,0.3243466447790943
2015-08-29,0.0
2015-08-30,0.0
2015-08-31,-1.073045292771868
2015-09-01,-2.939587164235136
2015-09-02,2.4563723908823887
2015-09-03,-0.3469484194988936
2015-09-04,-1.0474295579380954
2015-09-05,0.0
2015-09-06,0.0
2015-09-07,0.0
2015-09-08,2.732972724585059
2015-09-09,-1.1513132693369843
2015-09-10,0.8350670896186907
2015-09-11,0.543963382851187
2015-09-12,0.0
2015-09-13,0.0
2015-09-14,-0.3438181186356748
2015-09-15,1.139471313109386
2015-09-16,0.590887697784237
2015-09-17,0.0963331869926475
2015-09-18,-1.3633202664721789
2015-09-19,0.0
2015-09-20,0.0
2015-09-21,0.0356356513095512
2015-09-22,-1.4957698370727468
2015-09-23,-0.0836706867124559
2015-09-24,-0.384204753589934
2015-09-25,-1.0134160597717767
2015-09-26,0.0
2015-09-27,0.0
2015-09-28,-3.0412842239677773
2015-09-29,-0.5865001169669037
2015-09-30,2.276578503029403
2015-10-01,0.1497766666300304
2015-10-02,1.744074138953544
2015-10-03,0.0
2015-10-04,0.0
2015-10-05,1.5608202554510786
2015-10-06,-0.6881011272444337
2015-10-07,0.9011540888758772
2015-10-08,0.4099253231284239
2015-10-09,0.4090840718770083
2015-10-10,0.0
2015-10-11,0.0
2015-10-12,0.1691330556162995
2015-10-13,-0.8686381348872563
2015-10-14,-0.2868643900003853
2015-10-15,1.824226104070359
2015-10-16,0.3406468741368185
2015-10-17,0.0
2015-10-18,0.0
2015-10-19,0.3843148156049247
2015-10-20,-0.4994424372583905
2015-10-21,-0.8369257720938106
2015-10-22,1.6513988406231084
2015-10-23,2.272539161843956
2015-10-24,0.0
2015-10-25,0.0
2015-10-26,0.0564469621258112
2015-10-27,-0.0903786281651219
2015-10-28,1.302944054052202
2015-10-29,-0.42035371306538
2015-10-30,-0.4043935275865662
2015-10-31,0.0
2015-11-01,0.0
2015-11-02,1.4523849091021557
2015-11-03,0.3506817785945859
2015-11-04,-0.0515031185627012
2015-11-05,-0.2866271944612641
2015-11-06,0.3779419769079251
2015-11-07,0.0
2015-11-08,0.0
2015-11-09,-1.0067826536038882
2015-11-10,-0.2366802891834885
2015-11-11,-0.3190920376743622
2015-11-12,-1.2224135915685608
2015-11-13,-1.5424367663947725
2015-11-14,0.0
2015-11-15,0.0
2015-11-16,1.1514126911432945
2015-11-17,0.0280844339355601
2015-11-18,1.7886044466711493
2015-11-19,-0.0307388582462375
2015-11-20,0.6165156438643127
2015-11-21,0.0
2015-11-22,0.0
2015-11-23,-0.0477958801233024
2015-11-24,0.0064689744254442
2015-11-25,0.2612301451932364
2015-11-26,0.0
2015-11-27,0.2224310223800651
2015-11-28,0.0
2015-11-29,0.0
2015-11-30,-0.3676260177327028
2015-12-01,0.9325350325484428
2015-12-02,-0.6417349494887481
2015-12-03,-1.6725892328271377
2015-12-04,2.0791983142934622
2015-12-05,0.0
2015-12-06,0.0
2015-12-07,-0.7868112873074762
2015-12-08,-0.0699717194045046
2015-12-09,-1.4783555447096308
2015-12-10,0.4439653856705083
2015-12-11,-2.2139929627927657
2015-12-12,0.0
2015-12-13,0.0
2015-12-14,0.3802549687754508
2015-12-15,0.870918414181121
2015-12-16,1.5168080299520217
2015-12-17,-1.3523628798670195
2015-12-18,-1.5885844152523032
2015-12-19,0.0
2015-12-20,0.0
2015-12-21,0.9311212294450087
2015-12-22,0.6478257229410866
2015-12-23,0.8962073164814122
2015-12-24,0.0507351173038017
2015-12-25,0.0
2015-12-26,0.0
2015-12-27,0.0
2015-12-28,-0.1485592652815781
2015-12-29,1.3281062632241047
2015-12-30,-0.8240081957269885
2015-12-31,-1.1536058169839605
2016-01-01,0.0
2016-01-02,0.0
2016-01-03,0.0
2016-01-04,-2.083318706573145
2016-01-05,-0.2378024539691603
2016-01-06,-1.138121329665276
2016-01-07,-3.025989646630789
2016-01-08,-0.9766707521371654
2016-01-09,0.0
2016-01-10,0.0
2016-01-11,-0.121449137416707
2016-01-12,1.0334150155117516
2016-01-13,-3.411493707670632
2016-01-14,1.9650632173423557
2016-01-15,-2.7427969257854845
2016-01-16,0.0
2016-01-17,0.0
2016-01-18,0.0
2016-01-19,-0.2555404075853196
2016-01-20,-0.1174963686609187
2016-01-21,0.0082768973777236
2016-01-22,2.6636519999008623
2016-01-23,0.0
2016-01-24,0.0
2016-01-25,-1.5832517702026538
2016-01-26,1.0884097330975615
2016-01-27,-2.178353552288992
2016-01-28,0.861879798208065
2016-01-29,2.380244777690588
2016-01-30,0.0
2016-01-31,0.0
2016-02-01,0.1391415512356886
2016-02-02,-2.238347129167939
2016-02-03,-0.281383685626857
2016-02-04,0.1181070267556094
2016-02-05,-3.246878187063318
2016-02-06,0.0
2016-02-07,0.0
2016-02-08,-1.819564218225056
2016-02-09,-0.3499325211555271
2016-02-10,0.3474095273391153
2016-02-11,-0.3910271667218357
2016-02-12,1.6562590690746504
2016-02-13,0.0
2016-02-14,0.0
2016-02-15,0.0
2016-02-16,2.2697400267020384
2016-02-17,2.211473920416473
2016-02-18,-1.0260124244070634
2016-02-19,0.376378518558651
2016-02-20,0.0
2016-02-21,0.0
2016-02-22,1.469213305954331
2016-02-23,-1.4665391963279315
2016-02-24,0.8666390844436656
2016-02-25,0.8715327360878211
2016-02-26,0.1804814102122742
2016-02-27,0.0
2016-02-28,0.0
2016-02-29,-0.7084245841764369
2016-03-01,2.888357632322136
2016-03-02,0.2946908890089972
2016-03-03,0.0850445009469957
2016-03-04,0.2039354426750739
2016-03-05,0.0
2016-03-06,0.0
2016-03-07,-0.1859228812881252
2016-03-08,-1.262256162719699
2016-03-09,0.5498182239842997
2016-03-10,-0.2614192014523953
2016-03-11,1.851289009839019
2016-03-12,0.0
2016-03-13,0.0
2016-03-14,0.0381084903269046
2016-03-15,-0.4549176945066846
2016-03-16,0.7465163259852359
2016-03-17,0.231320076202679
2016-03-18,0.4326640884000587
2016-03-19,0.0
2016-03-20,0.0
2016-03-21,0.2756709750077579
2016-03-22,0.2659676545803791
2016-03-23,-1.0950645889115318
2016-03-24,0.0973007564025518
2016-03-25,0.0
2016-03-26,0.0
2016-03-27,0.0
2016-03-28,-0.1405668992877307
2016-03-29,1.674713538268202
2016-03-30,0.4677470345696433
2016-03-31,0.0115018532323318
2016-04-01,0.91768618150605
2016-04-02,0.0
2016-04-03,0.0
2016-04-04,-0.4627133809929851
2016-04-05,-0.9785688461817156
2016-04-06,1.5852837732144742
2016-04-07,-1.470315207883599
2016-04-08,0.0478475067430705
2016-04-09,0.0
2016-04-10,0.0
2016-04-11,-0.3564449443554274
2016-04-12,0.8004705215368002
2016-04-13,1.546155357164336
2016-04-14,-0.0309208674502459
2016-04-15,-0.1550766730149866
2016-04-16,0.0
2016-04-17,0.0
2016-04-18,0.4414506388753514
2016-04-19,-0.3969730228651547
2016-04-20,0.1578802339956331
2016-04-21,-0.0452644968259585
2016-04-22,-0.8018810599038417
2016-04-23,0.0
2016-04-24,0.0
2016-04-25,-0.2127894829188736
2016-04-26,-0.1534022874005502
2016-04-27,-0.5142841560304978
2016-04-28,-1.1895626288754737
2016-04-29,-0.6228588813150915
2016-04-30,0.0
2016-05-01,0.0
2016-05-02,0.8843308499840052
2016-05-03,-1.128564918758812
2016-05-04,-0.7889636932570943
2016-05-05,-0.1809340686421134
2016-05-06,0.4042813075792351
2016-05-07,0.0
2016-05-08,0.0
2016-05-09,0.2966496956180675
2016-05-10,1.256153356708123
2016-05-11,-1.0226854433938004
2016-05-12,-0.4906823080007116
2016-05-13,-0.4147885416404651
2016-05-14,0.0
2016-05-15,0.0
2016-05-16,1.2247499407202156
2016-05-17,-1.250769160611365
2016-05-18,0.4960024601837975
2016-05-19,-0.5610816221942594
2016-05-20,1.2101838298643086
2016-05-21,0.0
2016-05-22,0.0
2016-05-23,-0.0792583255281309
2016-05-24,1.9992588355480567
2016-05-25,0.6959403446413326
2016-05-26,0.1405523437776556
2016-05-27,0.6473167925529211
2016-05-28,0.0
2016-05-29,0.0
2016-05-30,0.0
2016-05-31,0.2949185099321072
2016-06-01,0.0848858737945823
2016-06-02,0.3858824429552321
2016-06-03,-0.5801198171754285
2016-06-04,0.0
2016-06-05,0.0
2016-06-06,0.5298904466295662
2016-06-07,-0.1400758142901748
2016-06-08,0.2597901288607929
2016-06-09,-0.3220337369331139
2016-06-10,-1.2920996363064874
2016-06-11,0.0
2016-06-12,0.0
2016-06-13,-0.9420654630399428
2016-06-14,-0.1008600039981488
2016-06-15,-0.1779609842745499
2016-06-16,0.2066161398522226
2016-06-17,-0.9201406595745644
2016-06-18,0.0
2016-06-19,0.0
2016-06-20,0.7680730612334541
2016-06-21,0.1354045976997619
2016-06-22,-0.2155338396495176
2016-06-23,1.5873192264108216
2016-06-24,-4.115242584301415
2016-06-25,0.0
2016-06-26,0.0
2016-06-27,-2.41165084672249
2016-06-28,2.120610499294706
2016-06-29,1.8623678965963952
2016-06-30,1.3269848171784338
2016-07-01,0.4109283239367434
2016-07-02,0.0
2016-07-03,0.0
2016-07-04,0.0
2016-07-05,-0.8158221539034338
2016-07-06,0.7518350917594008
2016-07-07,0.3632294836186434
2016-07-08,1.6393852963447977
2016-07-09,0.0
2016-07-10,0.0
2016-07-11,0.6431695825736661
2016-07-12,0.6851503929582226
2016-07-13,-0.3402440132850737
2016-07-14,0.565952982592699
2016-07-15,-0.0887993943600062
2016-07-16,0.0
2016-07-17,0.0
2016-07-18,0.5207172397724502
2016-07-19,-0.3839104706604646
2016-07-20,1.0634654989109429
2016-07-21,-0.3149409301089201
2016-07-22,0.5175556162256845
2016-07-23,0.0
2016-07-24,0.0
2016-07-25,-0.0496116466930818
2016-07-26,0.2436411069559163
2016-07-27,0.5823867681084227
2016-07-28,0.2951455735146435
2016-07-29,0.1386989352206935
2016-07-30,0.0
2016-07-31,0.0
2016-08-01,0.4275427585323621
2016-08-02,-0.8963815650052998
2016-08-03,0.4284042561583101
2016-08-04,0.1261645999469207
2016-08-05,1.0620879203968148
2016-08-06,0.0
2016-08-07,0.0
2016-08-08,-0.1528403922844146
2016-08-09,0.2367065420529224
2016-08-10,-0.3999613896114362
2016-08-11,0.4576704337563297
2016-08-12,0.0858816169166276
2016-08-13,0.0
2016-08-14,0.0
2016-08-15,0.5566691073465968
2016-08-16,-0.6634364012379712
2016-08-17,0.0296587025966355
2016-08-18,0.2197455131983661
2016-08-19,-0.0337780323890757
2016-08-20,0.0
2016-08-21,0.0
2016-08-22,0.118743103457608
2016-08-23,0.2951603588549734
2016-08-24,-0.8058838665790824
2016-08-25,-0.1052141111372861
2016-08-26,0.1289230327059076
2016-08-27,0.0
2016-08-28,0.0
2016-08-29,0.2569527114947956
2016-08-30,-0.1785025717136457
2016-08-31,-0.187057970488802
2016-09-01,0.2683513359730494
2016-09-02,0.4340736564211189
2016-09-03,0.0
2016-09-04,0.0
2016-09-05,0.0
2016-09-06,0.4954428539606592
2016-09-07,0.1520120565690286
2016-09-08,-0.4627274490599187
2016-09-09,-2.5396013429990427
2016-09-10,0.0
2016-09-11,0.0
2016-09-12,1.6773602706226631
2016-09-13,-1.0867484776724168
2016-09-14,0.3592458082779748
2016-09-15,1.4674003983246031
2016-09-16,-0.097531801775863
2016-09-17,0.0
2016-09-18,0.0
2016-09-19,-0.181903175708431
2016-09-20,0.1207311659987331
2016-09-21,1.0270269514923491
2016-09-22,0.8373623234351646
2016-09-23,-0.6324542170030978
2016-09-24,0.0
2016-09-25,0.0
2016-09-26,-0.9095748127031956
2016-09-27,0.9171624560940784
2016-09-28,0.242000483338356
2016-09-29,-0.928822783613148
2016-09-30,0.8132260127424074
2016-10-01,0.0
2016-10-02,0.0
2016-10-03,-0.2095233963196552
2016-10-04,-0.2114739786050035
2016-10-05,0.4983281062036493
2016-10-06,-0.1724959996634578
2016-10-07,-0.2722932633594022
2016-10-08,0.0
2016-10-09,0.0
2016-10-10,0.6853227307178411
2016-10-11,-1.5365913823329636
2016-10-12,-0.1480909179403355
2016-10-13,-0.4903577636748313
2016-10-14,0.0159222246157497
2016-10-15,0.0
2016-10-16,0.0
2016-10-17,-0.2750266888917996
2016-10-18,0.8465681700396965
2016-10-19,0.0490158467189472
2016-10-20,-0.0872992768120473
2016-10-21,0.297030311679225
2016-10-22,0.0
2016-10-23,0.0
2016-10-24,0.9972643655635992
2016-10-25,-0.4977593518507239
2016-10-26,-0.6270561272070929
2016-10-27,-0.6532960125841702
2016-10-28,-0.4959790052841528
2016-10-29,0.0
2016-10-30,0.0
2016-10-31,-0.0184960004515843
2016-11-01,-0.6852784402973544
2016-11-02,-0.9315903348438348
2016-11-03,-0.9236905887574752
2016-11-04,-0.2380202215833349
2016-11-05,0.0
2016-11-06,0.0
2016-11-07,2.373979749909183
2016-11-08,0.5288310859524525
2016-11-09,1.1086877464915323
2016-11-10,-0.8049791936929562
2016-11-11,0.5435044473829365
2016-11-12,0.0
2016-11-13,0.0
2016-11-14,-0.3572573695404091
2016-11-15,1.0965088133251475
2016-11-16,0.359388290216911
2016-11-17,0.7439709313585396
2016-11-18,-0.2336055267814218
2016-11-19,0.0
2016-11-20,0.0
2016-11-21,0.8897869165272354
2016-11-22,0.3257718551124666
2016-11-23,-0.1052646369471443
2016-11-24,0.0
2016-11-25,0.338985880927245
2016-11-26,0.0
2016-11-27,0.0
2016-11-28,-0.5577016091543152
2016-11-29,0.2069334388812516
2016-11-30,-1.045364000030491
2016-12-01,-1.3631606351963144
2016-12-02,0.0864586569450098
2016-12-03,0.0
2016-12-04,0.0
2016-12-05,1.0130095300156403
2016-12-06,0.4541413112788772
2016-12-07,1.139316812769553
2016-12-08,0.4375444714215026
2016-12-09,0.5009845645054023
2016-12-10,0.0
2016-12-11,0.0
2016-12-12,-0.5870137007530585
2016-12-13,0.9476149588240944
2016-12-14,-0.497090060665295
2016-12-15,0.3711863341206989
2016-12-16,-0.3608298020630451
2016-12-17,0.0
2016-12-18,0.0
2016-12-19,0.3729848776468092
2016-12-20,0.4855756597327065
2016-12-21,-0.2281163863693258
2016-12-22,-0.4388295771831085
2016-12-23,0.2803165489396297
2016-12-24,0.0
2016-12-25,0.0
2016-12-26,0.0
2016-12-27,0.4530734906332379
2016-12-28,-0.8907593219138477
2016-12-29,-0.1189692634455008
2016-12-30,-0.9014896286894668
2016-12-31,0.0
2017-01-01,0.0
2017-01-02,0.0
2017-01-03,0.853779219801476
2017-01-04,0.8826526996365436
2017-01-05,0.1997433157978845
2017-01-06,0.6035072821699572
2017-01-07,0.0
2017-01-08,0.0
2017-01-09,0.194885864504446
2017-01-10,0.3615446749085871
2017-01-11,0.2130846911384543
2017-01-12,-0.2904508416667672
2017-01-13,0.480034784874217
2017-01-14,0.0
2017-01-15,0.0
2017-01-16,0.0
2017-01-17,-0.6349008628218522
2017-01-18,0.3054837830091861
2017-01-19,-0.2802520765785021
2017-01-20,0.2752667792693897
2017-01-21,0.0
2017-01-22,0.0
2017-01-23,-0.0430242071152831
2017-01-24,0.8647674932189098
2017-01-25,0.9887569844943211
2017-01-26,-0.0205020914723075
2017-01-27,0.0990173469446853
2017-01-28,0.0
2017-01-29,0.0
2017-01-30,-0.8315077781717806
2017-01-31,0.0192400058520281
2017-02-01,0.4961870895870968
2017-02-02,-0.114302803520927
2017-02-03,0.5423835768675112
2017-02-04,0.0
2017-02-05,0.0
2017-02-06,-0.0568262843321898
2017-02-07,0.1884049849339764
2017-02-08,0.1450416120125197
2017-02-09,0.5759835870756902
2017-02-10,0.3315679724595899
2017-02-11,0.0
2017-02-12,0.0
2017-02-13,0.5202197845991074
2017-02-14,0.3228659360469121
2017-02-15,0.6376078163912391
2017-02-16,-0.0780150514175237
2017-02-17,0.4072327327888425
2017-02-18,0.0
2017-02-19,0.0
2017-02-20,0.0
2017-02-21,0.4687803681933777
2017-02-22,-0.0906982214791352
2017-02-23,-0.4286248695071104
2017-02-24,0.1679423625761122
2017-02-25,0.0
2017-02-26,0.0
2017-02-27,0.2838146066453717
2017-02-28,-0.6219819775994839
2017-03-01,1.3490799757696736
2017-03-02,-0.7250906900932441
2017-03-03,0.1625904642196474
2017-03-04,0.0
2017-03-05,0.0
2017-03-06,-0.3674117313588576
2017-03-07,-0.2607202982589429
2017-03-08,0.0620444331211889
2017-03-09,0.0215887478208332
2017-03-10,0.3925443993723743
2017-03-11,0.0
2017-03-12,0.0
2017-03-13,0.2396869991335926
2017-03-14,-0.3226799102545974
2017-03-15,0.7381135456820509
2017-03-16,0.0120331346514346
2017-03-17,0.0040712447979984
2017-03-18,0.0
2017-03-19,0.0
2017-03-20,0.0089778877520707
2017-03-21,-1.824945581095605
2017-03-22,0.4799943771003789
2017-03-23,-0.0678536498260218
2017-03-24,0.1899429684298237
2017-03-25,0.0
2017-03-26,0.0
2017-03-27,0.1995265245123167
2017-03-28,0.595339316406096
2017-03-29,0.3814320585936892
2017-03-30,0.2846951635602224
2017-03-31,-0.0439543456020263
2017-04-01,0.0
2017-04-02,0.0
2017-04-03,-0.2885793001280889
2017-04-04,0.0666649823708009
2017-04-05,-0.5786089197890143
2017-04-06,0.2467433581825107
2017-04-07,-0.0193935427392988
2017-04-08,0.0
2017-04-09,0.0
2017-04-10,0.0530829876500993
2017-04-11,-0.2407808939530409
2017-04-12,-0.5217498415541422
2017-04-13,-0.5313468629376206
2017-04-14,0.0
2017-04-15,0.0
2017-04-16,0.0
2017-04-17,0.8895573342197594
2017-04-18,-0.1249801370704739
2017-04-19,0.231808519651766
2017-04-20,0.9167615033456312
2017-04-21,-0.1057968329445713
2017-04-22,0.0
2017-04-23,0.0
2017-04-24,1.2401583015586135
2017-04-25,0.6963847739464679
2017-04-26,-0.0043192154683957
2017-04-27,0.3935113018815439
2017-04-28,-0.0219886151604065
2017-04-29,0.0
2017-04-30,0.0
2017-05-01,0.7273986809581023
2017-05-02,0.0618888218335333
2017-05-03,-0.3743876427725334
2017-05-04,0.0459450997066568
2017-05-05,0.4184115214748152
2017-05-06,0.0
2017-05-07,0.0
2017-05-08,0.0311500648772833
2017-05-09,0.2938011791732808
2017-05-10,0.1396972054495959
2017-05-11,-0.2150411882784308
2017-05-12,0.0861683131496926
2017-05-13,0.0
2017-05-14,0.0
2017-05-15,0.4646115486102387
2017-05-16,0.3284760900848615
2017-05-17,-2.5710408776775107
2017-05-18,0.7301263420902648
2017-05-19,0.4718364932368546
2017-05-20,0.0
2017-05-21,0.0
2017-05-22,0.8205519712076503
2017-05-23,0.0829827027555518
2017-05-24,0.3960124968998668
2017-05-25,0.685374150333562
2017-05-26,0.0794515615375468
2017-05-27,0.0
2017-05-28,0.0
2017-05-29,0.0
2017-05-30,-0.112717969434839
2017-05-31,-0.0752825871706441
2017-06-01,0.7793805366688611
2017-06-02,0.9439944071633732
2017-06-03,0.0
2017-06-04,0.0
2017-06-05,-0.1604812905529828
2017-06-06,-0.3275280289304239
2017-06-07,0.3556910055096951
2017-06-08,0.3871432765083726
2017-06-09,-1.80076193924692
2017-06-10,0.0
2017-06-11,0.0
2017-06-12,-0.5228798268341106
2017-06-13,0.727235809706106
2017-06-14,-0.4096216139670927
2017-06-15,-0.4744254711564144
2017-06-16,-0.2228567735787834
2017-06-17,0.0
2017-06-18,0.0
2017-06-19,1.4182933554645285
2017-06-20,-0.8171165358585197
2017-06-21,0.7420845042860558
2017-06-22,0.0439487966363616
2017-06-23,0.4579361626451117
2017-06-24,0.0
2017-06-25,0.0
2017-06-26,-0.2888966546626181
2017-06-27,-1.6092103875806507
2017-06-28,1.428265248034721
2017-06-29,-1.4445642223822053
2017-06-30,-0.0639640599703006
2017-07-01,0.0
2017-07-02,0.0
2017-07-03,-0.4944264996127434
2017-07-04,0.0
2017-07-05,0.6677480138696179
2017-07-06,-0.9982328277431396
2017-07-07,1.0447579521929429
2017-07-08,0.0
2017-07-09,0.0
2017-07-10,0.3788356123727521
2017-07-11,0.2737791427426472
2017-07-12,1.095863583676859
2017-07-13,0.2119415332410668
2017-07-14,0.606114231591115
2017-07-15,0.0
2017-07-16,0.0
2017-07-17,0.031049032641639
2017-07-18,0.473199987658468
2017-07-19,0.6419922748507334
2017-07-20,0.0776809684380319
2017-07-21,-0.0352112676056393
2017-07-22,0.0
2017-07-23,0.0
2017-07-24,0.3610044005126989
2017-07-25,0.0212120351222644
2017-07-26,0.1649999649713907
2017-07-27,-0.631506108656732
2017-07-28,-0.1176675356569734
2017-07-29,0.0
2017-07-30,0.0
2017-07-31,-0.4166492727691206
2017-08-01,0.2334521708029058
2017-08-02,-0.0045582555417866
2017-08-03,-0.3506409897789941
2017-08-04,0.1769655116327984
2017-08-05,0.0
2017-08-06,0.0
2017-08-07,0.5071188911127456
2017-08-08,-0.2084984038119741
2017-08-09,-0.2845929952259185
2017-08-10,-2.132445248775283
2017-08-11,0.6384232042506488
2017-08-12,0.0
2017-08-13,0.0
2017-08-14,1.337315091542579
2017-08-15,-0.1138793839654428
2017-08-16,0.1910639349070431
2017-08-17,-1.94164813038461
2017-08-18,-0.0864745867206973
2017-08-19,0.0
2017-08-20,0.0
2017-08-21,-0.0546913223494649
2017-08-22,1.3576104032460234
2017-08-23,-0.3028167501586964
2017-08-24,-0.11276864602342
2017-08-25,-0.0907294200013009
2017-08-26,0.0
2017-08-27,0.0
2017-08-28,0.2773839932275646
2017-08-29,0.3003351434316847
2017-08-30,1.053968260855509
2017-08-31,0.9476626781827368
2017-09-01,0.1037529082714927
2017-09-02,0.0
2017-09-03,0.0
2017-09-04,0.0
2017-09-05,-0.9286276411739514
2017-09-06,0.2782533148270261
2017-09-07,0.0713254722820799
2017-09-08,-0.5889487453023534
2017-09-09,0.0
2017-09-10,0.0
2017-09-11,1.1331394955606422
2017-09-12,0.3423372241420974
2017-09-13,0.091569570064065
2017-09-14,-0.4815626717389998
2017-09-15,0.3016004853435339
2017-09-16,0.0
2017-09-17,0.0
2017-09-18,0.0956803965814545
2017-09-19,0.1034865981451194
2017-09-20,-0.081713725676602
2017-09-21,-0.5165720388111583
2017-09-22,0.0658599513185365
2017-09-23,0.0
2017-09-24,0.0
2017-09-25,-0.8764708259904053
2017-09-26,0.1502264740742775
2017-09-27,1.1457331412502605
2017-09-28,0.0029509068969257
2017-09-29,0.6587137784975328
2017-09-30,0.0
2017-10-01,0.0
2017-10-02,0.3195871592664989
2017-10-03,0.2300197890897193
2017-10-04,0.044703789550704
2017-10-05,0.7763252300207579
2017-10-06,0.0731974045469652
2017-10-07,0.0
2017-10-08,0.0
2017-10-09,-0.1585722246396859
2017-10-10,0.1142907011924876
2017-10-11,0.2474447559679626
2017-10-12,-0.1823267699738284
2017-10-13,0.2167946277956467
2017-10-14,0.0
2017-10-15,0.0
2017-10-16,0.2755184209425332
2017-10-17,-0.0051304913949223
2017-10-18,0.0084554246525092
2017-10-19,-0.2890965276499568
2017-10-20,0.3630541554734634
2017-10-21,0.0
2017-10-22,0.0
2017-10-23,-0.6368895664752072
2017-10-24,0.1761104737584506
2017-10-25,-0.5234584309048995
2017-10-26,-0.1084740457136801
2017-10-27,2.2036726263594097
2017-10-28,0.0
2017-10-29,0.0
2017-10-30,-0.0343189902784701
2017-10-31,0.4285734069902069
2017-11-01,-0.1655868502485225
2017-11-02,-0.023670612665394
2017-11-03,0.7371622148810042
2017-11-04,0.0
2017-11-05,0.0
2017-11-06,0.3252301770813925
2017-11-07,-0.2749623721879368
2017-11-08,0.3153224943585719
2017-11-09,-0.5754841838942926
2017-11-10,0.0131871133473904
2017-11-11,0.0
2017-11-12,0.0
2017-11-13,0.0986552436817111
2017-11-14,-0.2919672692024644
2017-11-15,-0.4698837421819535
2017-11-16,1.2984991318826244
2017-11-17,-0.154564282396652
2017-11-18,0.0
2017-11-19,0.0
2017-11-20,0.1167649570366968
2017-11-21,1.0568853616793603
2017-11-22,0.0711096109043518
2017-11-23,0.0
2017-11-24,0.3174479480143821
2017-11-25,0.0
2017-11-26,0.0
2017-11-27,-0.1544475157700731
2017-11-28,0.4919640221139554
2017-11-29,-1.272643906024029
2017-11-30,0.7265129503401857
2017-12-01,-0.383771972662672
2017-12-02,0.0
2017-12-03,0.0
2017-12-04,-1.054673661980754
2017-12-05,-0.1942352376679168
2017-12-06,0.2095457247978771
2017-12-07,0.5380448199189036
2017-12-08,0.399836705393719
2017-12-09,0.0
2017-12-10,0.0
2017-12-11,0.5116899159109511
2017-12-12,-0.1856015313458026
2017-12-13,0.1964347453054626
2017-12-14,-0.2802585892351494
2017-12-15,1.167504488087423
2017-12-16,0.0
2017-12-17,0.0
2017-12-18,0.8387373438313528
2017-12-19,-0.4418974919003227
2017-12-20,-0.0415019949915773
2017-12-21,0.0632082696702784
2017-12-22,-0.0775251020728506
2017-12-23,0.0
2017-12-24,0.0
2017-12-25,0.0
2017-12-26,-0.3406623180387758
2017-12-27,0.0445463146512947
2017-12-28,0.1559271161758246
2017-12-29,-0.6729344141687355
2017-12-30,0.0
2017-12-31,0.0
2018-01-01,0.0
2018-01-02,1.4994048369718629
2018-01-03,0.8367449746625955
2018-01-04,0.1752221202118375
2018-01-05,0.8286330434974509
2018-01-06,0.0
2018-01-07,0.0
2018-01-08,0.2918784113631334
2018-01-09,0.0864832192742248
2018-01-10,-0.139738144853263
2018-01-11,0.81371905730796
2018-01-12,0.683330258349435
2018-01-13,0.0
2018-01-14,0.0
2018-01-15,0.0
2018-01-16,-0.5146647581198649
2018-01-17,1.0325726097745402
2018-01-18,-0.0305548777848385
2018-01-19,0.552765937796762
2018-01-20,0.0
2018-01-21,0.0
2018-01-22,0.9766383896178789
2018-01-23,0.7054541547735882
2018-01-24,-0.6062764347220195
2018-01-25,-0.0525943460057409
2018-01-26,1.2765864086942358
2018-01-27,0.0
2018-01-28,0.0
2018-01-29,-0.5230676373521703
2018-01-30,-0.8575597858458073
2018-01-31,0.1215808759192249
2018-02-01,-0.345681527239039
2018-02-02,-1.961987780043961
2018-02-03,0.0
2018-02-04,0.0
2018-02-05,-3.776029426818206
2018-02-06,2.1291634514759794
2018-02-07,-0.8979901768450649
2018-02-08,-3.897059052633367
2018-02-09,1.4361484143950776
2018-02-10,0.0
2018-02-11,0.0
2018-02-12,1.563311938754541
2018-02-13,0.4518760471846628
2018-02-14,1.855138951972446
2018-02-15,1.5791721388197733
2018-02-16,-0.2337232017212143
2018-02-17,0.0
2018-02-18,0.0
2018-02-19,0.0
2018-02-20,-0.0712780921374611
2018-02-21,-0.2222752134586558
2018-02-22,-0.1127719224903622
2018-02-23,1.7655853911321184
2018-02-24,0.0
2018-02-25,0.0
2018-02-26,1.1457728518214694
2018-02-27,-1.2276541780296912
2018-02-28,-0.7822318343237544
2018-03-01,-1.271134097305937
2018-03-02,1.0766577810490618
2018-03-03,0.0
2018-03-04,0.0
2018-03-05,1.0035980607796535
2018-03-06,0.5633806944698394
2018-03-07,0.3342390677999907
2018-03-08,0.4231685071214741
2018-03-09,1.7886477397908829
2018-03-10,0.0
2018-03-11,0.0
2018-03-12,0.3638468022845176
2018-03-13,-1.018803376565769
2018-03-14,-0.1890519047949679
2018-03-15,-0.2010164870253739
2018-03-16,0.0033414685911115
2018-03-17,0.0
2018-03-18,0.0
2018-03-19,-1.8410876743346405
2018-03-20,0.2731333626398768
2018-03-21,-0.2581340538702625
2018-03-22,-2.4316243787705694
2018-03-23,-2.4280454776577365
2018-03-24,0.0
2018-03-25,0.0
2018-03-26,3.25869974892794
2018-03-27,-2.93232887461754
2018-03-28,-0.8500740871404622
2018-03-29,1.6436384342549235
2018-03-30,0.0
2018-03-31,0.0
2018-04-01,0.0
2018-04-02,-2.7370487903107037
2018-04-03,1.0357849172203617
2018-04-04,1.4526150975879393
2018-04-05,0.4890571444479352
2018-04-06,-2.281336892440333
2018-04-07,0.0
2018-04-08,0.0
2018-04-09,0.5094637853234829
2018-04-10,2.071265062915661
2018-04-11,-0.3562017426237518
2018-04-12,1.0074963185655372
2018-04-13,-0.4705731263786261
2018-04-14,0.0
2018-04-15,0.0
2018-04-16,0.6983583473857635
2018-04-17,1.7442067142051432
2018-04-18,0.1942033007251487
2018-04-19,-0.7838011353185959
2018-04-20,-1.270094127943877
2018-04-21,0.0
2018-04-22,0.0
2018-04-23,-0.2453045976453904
2018-04-24,-1.7008949630919037
2018-04-25,-0.0515153835749848
2018-04-26,1.6411222798086378
2018-04-27,0.0157280405721715
2018-04-28,0.0
2018-04-29,0.0
2018-04-30,-0.7518439650649578
2018-05-01,0.9117989491367328
2018-05-02,-0.4179153821154857
2018-05-03,-0.1795547068026093
2018-05-04,1.7137083232901862
2018-05-05,0.0
2018-05-06,0.0
2018-05-07,0.7710509409154076
2018-05-08,0.0232607373405135
2018-05-09,1.0046960173856645
2018-05-10,0.8863876697230433
2018-05-11,-0.0282287702799921
2018-05-12,0.0
2018-05-13,0.0
2018-05-14,0.1140088930234428
2018-05-15,-0.8053888217209981
2018-05-16,0.6348241494598339
2018-05-17,-0.2139625354695806
2018-05-18,-0.3810427983466646
2018-05-19,0.0
2018-05-20,0.0
2018-05-21,0.5398199723696262
2018-05-22,-0.2107113031940666
2018-05-23,0.6437657756696025
2018-05-24,-0.0206005036964551
2018-05-25,0.1268773717574722
2018-05-26,0.0
2018-05-27,0.0
2018-05-28,0.0
2018-05-29,-0.5012241761237268
2018-05-30,0.890415082541729
2018-05-31,-0.2724316758290768
2018-06-01,1.5077687429198017
2018-06-02,0.0
2018-06-03,0.0
2018-06-04,0.690066257012667
2018-06-05,0.4128057270399443
2018-06-06,0.6727063865201277
2018-06-07,-0.7044962636760799
2018-06-08,0.1367366854083451
2018-06-09,0.0
2018-06-10,0.0
2018-06-11,0.1886128014783938
2018-06-12,0.5725882909471292
2018-06-13,-0.1050112179716733
2018-06-14,0.8490435190003698
2018-06-15,-0.1888942226327072
2018-06-16,0.0
2018-06-17,0.0
2018-06-18,0.0083897556482082
2018-06-19,-0.2767504708363177
2018-06-20,0.72382721586286
2018-06-21,-0.8810574345786137
2018-06-22,-0.2609944390148389
2018-06-23,0.0
2018-06-24,0.0
2018-06-25,-2.090391589407614
2018-06-26,0.3932564894257195
2018-06-27,-1.5413317828794626
2018-06-28,0.7870982855970654
2018-06-29,0.0882184308389932
2018-06-30,0.0
2018-07-01,0.0
2018-07-02,0.7641524068443983
2018-07-03,-0.859179221594375
2018-07-04,0.0
2018-07-05,1.1164059565253792
2018-07-06,1.3439781105874404
2018-07-07,0.0
2018-07-08,0.0
2018-07-09,0.8819799384255811
2018-07-10,0.0386787334578198
2018-07-11,-0.5489010588614507
2018-07-12,1.3906373458683507
2018-07-13,0.0263302617399041
2018-07-14,0.0
2018-07-15,0.0
2018-07-16,-0.2588783216359136
2018-07-17,0.6328679607271681
2018-07-18,-0.0086590118432705
2018-07-19,-0.3710020948168635
2018-07-20,-0.0651682300011669
2018-07-21,0.0
2018-07-22,0.0
2018-07-23,0.2771018814580861
2018-07-24,-0.0140285115643346
2018-07-25,1.166597344596254
2018-07-26,-1.009299469358016
2018-07-27,-1.461508158717617
2018-07-28,0.0
2018-07-29,0.0
2018-07-30,-1.38831707416196
2018-07-31,0.5477069339777207
2018-08-01,0.4627342487117714
2018-08-02,1.237787884720043
2018-08-03,0.1194437340037435
2018-08-04,0.0
2018-08-05,0.0
2018-08-06,0.6102195412762246
2018-08-07,0.3051012246356066
2018-08-08,0.0592354538684336
2018-08-09,0.0437317784256485
2018-08-10,-0.6674023263303352
2018-08-11,0.0
2018-08-12,0.0
2018-08-13,-0.2474758318494863
2018-08-14,0.6545022262579359
2018-08-15,-1.229467288328734
2018-08-16,0.4167661658856847
2018-08-17,0.1256649386564889
2018-08-18,0.0
2018-08-19,0.0
2018-08-20,0.0598706484146172
2018-08-21,0.4879185347360426
2018-08-22,0.3808312592649576
2018-08-23,-0.134871361588007
2018-08-24,0.8570205327693925
2018-08-25,0.0
2018-08-26,0.0
2018-08-27,0.905110786231278
2018-08-28,0.1514129244142958
2018-08-29,0.9918991929839692
2018-08-30,-0.2630196503086157
2018-08-31,0.2618599584991443
2018-09-01,0.0
2018-09-02,0.0
2018-09-03,0.0
2018-09-04,-0.2255373174606667
2018-09-05,-1.1874565502858037
2018-09-06,-0.9060463018809916
2018-09-07,-0.2548356621520975
2018-09-08,0.0
2018-09-09,0.0
2018-09-10,0.2735844055282266
2018-09-11,0.6096552523064069
2018-09-12,-0.2287902479841008
2018-09-13,0.7477779824671904
2018-09-14,-0.0457955415517741
2018-09-15,0.0
2018-09-16,0.0
2018-09-17,-1.4263349426824057
2018-09-18,0.7639491921686448
2018-09-19,-0.0762913574982593
2018-09-20,0.983516322207989
2018-09-21,-0.5140612517535281
2018-09-22,0.0
2018-09-23,0.0
2018-09-24,0.0787538574534396
2018-09-25,0.1779027910268071
2018-09-26,-0.2135518109646073
2018-09-27,0.6457785671937444
2018-09-28,0.0544628081861731
2018-09-29,0.0
2018-09-30,0.0
2018-10-01,-0.1124769971342143
2018-10-02,-0.4696851046664174
2018-10-03,0.319268454926469
2018-10-04,-1.8140616611087343
2018-10-05,-1.155650199327818
2018-10-06,0.0
2018-10-07,0.0
2018-10-08,-0.6740750557998942
2018-10-09,0.0267559144835782
2018-10-10,-4.083347084218203
2018-10-11,-1.2528849649462217
2018-10-12,2.289926358676908
2018-10-13,0.0
2018-10-14,0.0
2018-10-15,-0.8823645690065107
2018-10-16,2.890021629427375
2018-10-17,-0.0364926116831032
2018-10-18,-2.061575811784244
2018-10-19,-0.482427194453694
2018-10-20,0.0
2018-10-21,0.0
2018-10-22,0.2631228256773532
2018-10-23,-0.416272385133809
2018-10-24,-4.425389779282963
2018-10-25,2.953406452794382
2018-10-26,-2.065084240950732
2018-10-27,0.0
2018-10-28,0.0
2018-10-29,-1.6313171026415163
2018-10-30,1.5795075474094755
2018-10-31,2.014200665586752
2018-11-01,1.7542008234863182
2018-11-02,-1.0367124237805614
2018-11-03,0.0
2018-11-04,0.0
2018-11-05,-0.3824952300095163
2018-11-06,0.6428002026718449
2018-11-07,2.6408771209997406
2018-11-08,-0.5266336517187886
2018-11-09,-1.646288115040928
2018-11-10,0.0
2018-11-11,0.0
2018-11-12,-2.78159267537903
2018-11-13,0.0
2018-11-14,-0.8954470698595896
2018-11-15,1.7185109850775149
2018-11-16,-0.1537349797292475
2018-11-17,0.0
2018-11-18,0.0
2018-11-19,-3.0269601023684367
2018-11-20,-1.7025040489909715
2018-11-21,0.9181043563894375
2018-11-22,0.0
2018-11-23,-0.4771776618917811
2018-11-24,0.0
2018-11-25,0.0
2018-11-26,2.058949839740687
2018-11-27,0.0120038922672316
2018-11-28,2.949293951136722
2018-11-29,-0.2538508887861446
2018-11-30,0.7900361376512288
2018-12-01,0.0
2018-12-02,0.0
2018-12-03,1.513800156211853
2018-12-04,-3.804061255840796
2018-12-05,0.0
2018-12-06,0.4167057456908818
2018-12-07,-3.046770327810455
2018-12-08,0.0
2018-12-09,0.0
2018-12-10,0.7356605019370743
2018-12-11,0.1611000119974726
2018-12-12,0.9454150588132038
2018-12-13,-0.3941780541817152
2018-12-14,-2.2583093025459355
2018-12-15,0.0
2018-12-16,0.0
2018-12-17,-2.27084203582667
2018-12-18,0.4468667812975724
2018-12-19,-2.168072317253422
2018-12-20,-1.6336100306734158
2018-12-21,-2.993376904910205
2018-12-22,0.0
2018-12-23,0.0
2018-12-24,-2.211756331783188
2018-12-25,0.0
2018-12-26,5.836341273032608
2018-12-27,0.3834145762202423
2018-12-28,0.0764464263503406
2018-12-29,0.0
2018-12-30,0.0
2018-12-31,0.7708954559244141
2019-01-01,0.0
2019-01-02,0.462077821022544
2019-01-03,-3.0369301731743903
2019-01-04,4.260228410013922
2019-01-05,0.0
2019-01-06,0.0
2019-01-07,1.255558852373917
2019-01-08,1.077601027645625
2019-01-09,0.8711045110192828
2019-01-10,0.4166941557119941
2019-01-11,-0.208841939990656
2019-01-12,0.0
2019-01-13,0.0
2019-01-14,-0.9404037417796828
2019-01-15,1.7073779827146751
2019-01-16,0.1546145501878149
2019-01-17,0.7074941460931017
2019-01-18,1.0271780761341276
2019-01-19,0.0
2019-01-20,0.0
2019-01-21,0.0
2019-01-22,-1.912333648087361
2019-01-23,0.0770638023600112
2019-01-24,0.6787859732623636
2019-01-25,1.292152678441627
2019-01-26,0.0
2019-01-27,0.0
2019-01-28,-1.10511146080865
2019-01-29,-0.8099453446249072
2019-01-30,2.2023854764415374
2019-01-31,1.373507676051866
2019-02-01,-0.2454099791028063
2019-02-02,0.0
2019-02-03,0.0
2019-02-04,1.1518642338747664
2019-02-05,0.7422897836900866
2019-02-06,-0.3620643479385177
2019-02-07,-1.178662912218709
2019-02-08,0.1351485250333572
2019-02-09,0.0
2019-02-10,0.0
2019-02-11,0.1329054667132956
2019-02-12,1.4603404024393196
2019-02-13,0.0776811965274903
2019-02-14,0.0885441527760377
2019-02-15,0.6120945979440018
2019-02-16,0.0
2019-02-17,0.0
2019-02-18,0.0
2019-02-19,0.1921717756517837
2019-02-20,0.0307182494119651
2019-02-21,-0.3920361803318228
2019-02-22,0.9092857293405476
2019-02-23,0.0
2019-02-24,0.0
2019-02-25,0.3576191124232464
2019-02-26,-0.0683060903980181
2019-02-27,0.0690125054281898
2019-02-28,-0.2909517778210357
2019-03-01,0.8339869113268561
2019-03-02,0.0
2019-03-03,0.0
2019-03-04,-0.234094191958134
2019-03-05,-0.0159676646414141
2019-03-06,-0.9297333109483996
2019-03-07,-1.125244631125799
2019-03-08,-0.1794771418138552
2019-03-09,0.0
2019-03-10,0.0
2019-03-11,2.0237187621750863
2019-03-12,0.4362194307388822
2019-03-13,0.6900298454391107
2019-03-14,-0.1635395686541696
2019-03-15,0.755081998430529
2019-03-16,0.0
2019-03-17,0.0
2019-03-18,0.3375183037282347
2019-03-19,0.1227589528746797
2019-03-20,0.0649929039456598
2019-03-21,1.4230840983513016
2019-03-22,-2.50403165777906
2019-03-23,0.0
2019-03-24,0.0
2019-03-25,-0.0671216062572255
2019-03-26,0.7067718164836645
2019-03-27,-0.6258858664673128
2019-03-28,0.3374166855227622
2019-03-29,0.7843078580405782
2019-03-30,0.0
2019-03-31,0.0
2019-04-01,1.288474720882915
2019-04-02,0.2526505575039639
2019-04-03,0.5970405714976534
2019-04-04,-0.047748663798075
2019-04-05,0.5944179580154252
2019-04-06,0.0
2019-04-07,0.0
2019-04-08,0.191340655931449
2019-04-09,-0.5607338596177014
2019-04-10,0.6948856370196488
2019-04-11,-0.2119520581623235
2019-04-12,0.4630505425931019
2019-04-13,0.0
2019-04-14,0.0
2019-04-15,-0.1020820031850222
2019-04-16,0.3036633047784676
2019-04-17,-0.0518722880952338
2019-04-18,0.0247618889431366
2019-04-19,0.0
2019-04-20,0.0
2019-04-21,0.0
2019-04-22,0.2151766904901819
2019-04-23,1.3168590007610614
2019-04-24,-0.2316275819548741
2019-04-25,0.205756480657171
2019-04-26,0.3414314391296136
2019-04-27,0.0
2019-04-28,0.0
2019-04-29,0.189656725642151
2019-04-30,-0.8142756867904777
2019-05-01,-0.5651364446598972
2019-05-02,-0.1598843795363236
2019-05-03,1.583098435808794
2019-05-04,0.0
2019-05-05,0.0
2019-05-06,-0.4986521427915225
2019-05-07,-1.963862827381102
2019-05-08,-0.2566619537479941
2019-05-09,-0.4120440973427564
2019-05-10,0.0802733776074537
2019-05-11,0.0
2019-05-12,0.0
2019-05-13,-3.4093971139442014
2019-05-14,1.143847075335791
2019-05-15,1.1333606393238105
2019-05-16,0.9703202225900488
2019-05-17,-1.0353191174195864
2019-05-18,0.0
2019-05-19,0.0
2019-05-20,-1.457213731781393
2019-05-21,1.082007552201114
2019-05-22,-0.4480044251686466
2019-05-23,-1.581248755805198
2019-05-24,0.1144423213964573
2019-05-25,0.0
2019-05-26,0.0
2019-05-27,0.0
2019-05-28,-0.3883675532569186
2019-05-29,-0.7892372283615279
2019-05-30,0.2704295449841742
2019-05-31,-1.5139343058068633
2019-06-01,0.0
2019-06-02,0.0
2019-06-03,-1.6118001702169371
2019-06-04,2.646932602655805
2019-06-05,0.6424749775259198
2019-06-06,0.528941061451671
2019-06-07,1.6617354782560323
2019-06-08,0.0
2019-06-09,0.0
2019-06-10,1.0471296314457534
2019-06-11,-0.0076707736408998
2019-06-12,-0.3815831631516442
2019-06-13,0.5698865960073629
2019-06-14,-0.5163845332109895
2019-06-15,0.0
2019-06-16,0.0
2019-06-17,0.6202638349253053
2019-06-18,1.3876301527622426
2019-06-19,0.4204230124031705
2019-06-20,0.8015206720173085
2019-06-21,-0.2438088963259699
2019-06-22,0.0
2019-06-23,0.0
2019-06-24,-0.3238384572089803
2019-06-25,-1.5111730081971642
2019-06-26,0.3202396446796429
2019-06-27,0.7305912564980588
2019-06-28,0.4829521707722106
2019-06-29,0.0
2019-06-30,0.0
2019-07-01,1.0606716684617323
2019-07-02,0.2215960029681385
2019-07-03,0.7539703949127396
2019-07-04,0.0
2019-07-05,-0.1033011485163326
2019-07-06,0.0
2019-07-07,0.0
2019-07-08,-0.776914818275376
2019-07-09,0.5352934572537604
2019-07-10,0.7467736355124099
2019-07-11,-0.0791247841658959
2019-07-12,0.5868640117148827
2019-07-13,0.0
2019-07-14,0.0
2019-07-15,0.1704335667417122
2019-07-16,-0.4285518153320122
2019-07-17,-0.4571416627286884
2019-07-18,0.2691473223366936
2019-07-19,-0.7402000948571796
2019-07-20,0.0
2019-07-21,0.0
2019-07-22,0.7076595245795847
2019-07-23,0.5760596992824274
2019-07-24,0.8495480288975621
2019-07-25,-0.9969351792044724
2019-07-26,1.1126961990881146
2019-07-27,0.0
2019-07-28,0.0
2019-07-29,-0.4427245289787329
2019-07-30,-0.2377781467364226
2019-07-31,-1.186790597033094
2019-08-01,-0.7865015534609165
2019-08-02,-1.319796667070805
2019-08-03,0.0
2019-08-04,0.0
2019-08-05,-3.4736051941349437
2019-08-06,1.387903504597432
2019-08-07,0.3773655002322851
2019-08-08,2.2425777534677227
2019-08-09,-0.9953778501233024
2019-08-10,0.0
2019-08-11,0.0
2019-08-12,-1.202767872211585
2019-08-13,1.945081128824011
2019-08-14,-3.0240648624745403
2019-08-15,-0.0941584868666467
2019-08-16,1.6657196468410351
2019-08-17,0.0
2019-08-18,0.0
2019-08-19,1.352836326388962
2019-08-20,-0.677886887265855
2019-08-21,0.901419902668832
2019-08-22,-0.3593400217589915
2019-08-23,-2.9984785261139457
2019-08-24,0.0
2019-08-25,0.0
2019-08-26,1.315444273847488
2019-08-27,-0.3411118557912429
2019-08-28,0.3823927168710606
2019-08-29,1.4829074090991767
2019-08-30,-0.1318166266297216
2019-08-31,0.0
2019-09-01,0.0
2019-09-02,0.0
2019-09-03,-1.1141663301238225
2019-09-04,1.3045166027130906
2019-09-05,1.754447821309757
2019-09-06,-0.169527435880834
2019-09-07,0.0
2019-09-08,0.0
2019-09-09,-0.1928884132996744
2019-09-10,-0.0405540588865216
2019-09-11,1.0578714161808556
2019-09-12,0.3034335524509046
2019-09-13,-0.2167286745526908
2019-09-14,0.0
2019-09-15,0.0
2019-09-16,-0.2833648495016883
2019-09-17,0.3983543382769072
2019-09-18,-0.1054222050753561
2019-09-19,0.067133229575278
2019-09-20,-0.7969072242459352
2019-09-21,0.0
2019-09-22,0.0
2019-09-23,-0.064180497453592
2019-09-24,-1.464784771785399
2019-09-25,1.0477092538406785
2019-09-26,-0.5784019971861509
2019-09-27,-1.133534126290403
2019-09-28,0.0
2019-09-29,0.0
2019-09-30,0.7520496776147967
2019-10-01,-1.133339372243125
2019-10-02,-1.5606924674894551
2019-10-03,1.1176232699656508
2019-10-04,1.3999849153859767
2019-10-05,0.0
2019-10-06,0.0
2019-10-07,-0.3279708545929405
2019-10-08,-1.6654779206850543
2019-10-09,1.0220181474235313
2019-10-10,0.5951555768073602
2019-10-11,1.3364758775564756
2019-10-12,0.0
2019-10-13,0.0
2019-10-14,-0.1041342314059834
2019-10-15,1.2431905947929645
2019-10-16,-0.3010266075714862
2019-10-17,0.4021319218447505
2019-10-18,-0.825196709365672
2019-10-19,0.0
2019-10-20,0.0
2019-10-21,0.9079650382818548
2019-10-22,-0.7189819906968653
2019-10-23,0.1911359987699423
2019-10-24,0.8129491687277834
2019-10-25,0.7002408300674112
2019-10-26,0.0
2019-10-27,0.0
2019-10-28,1.0053246344756015
2019-10-29,-0.5902075743148938
2019-10-30,0.3277921027376118
2019-10-31,-0.1399343029674704
2019-11-01,1.1340563491645694
2019-11-02,0.0
2019-11-03,0.0
2019-11-04,0.5580440058623459
2019-11-05,0.0175436625863945
2019-11-06,-0.2851300295746983
2019-11-07,0.2840411333082215
2019-11-08,0.4836083301647864
2019-11-09,0.0
2019-11-10,0.0
2019-11-11,-0.1301344426831718
2019-11-12,0.257665975227006
2019-11-13,-0.047020882979909
2019-11-14,-0.0363126851469108
2019-11-15,0.7289822443172111
2019-11-16,0.0
2019-11-17,0.0
2019-11-18,0.106668221697026
2019-11-19,0.2423376716234937
2019-11-20,-0.5125589709442102
2019-11-21,-0.2406609178946861
2019-11-22,0.1607052017029486
2019-11-23,0.0
2019-11-24,0.0
2019-11-25,1.3217363755288811
2019-11-26,0.1788528304789594
2019-11-27,0.6620081576605763
2019-11-28,0.0
2019-11-29,-0.4561647474608743
2019-11-30,0.0
2019-12-01,0.0
2019-12-02,-1.1249187322032173
2019-12-03,-0.5526451903216212
2019-12-04,0.5402208676427378
2019-12-05,0.0470459755570695
2019-12-06,1.001436010700063
2019-12-07,0.0
2019-12-08,0.0
2019-12-09,-0.40085570334083
2019-12-10,-0.0655358615723078
2019-12-11,0.4395232987357556
2019-12-12,0.731108662885549
2019-12-13,0.2014331203055608
2019-12-14,0.0
2019-12-15,0.0
2019-12-16,0.9084336247558112
2019-12-17,0.1035811673505637
2019-12-18,0.0496396229779261
2019-12-19,0.6737793660475999
2019-12-20,0.4246573792048957
2019-12-21,0.0
2019-12-22,0.0
2019-12-23,0.2318265827304211
2019-12-24,0.0808157246461993
2019-12-25,0.0
2019-12-26,0.7763956015811591
2019-12-27,-0.1747822014396272
2019-12-28,0.0
2019-12-29,0.0
2019-12-30,-0.6731702017363728
2019-12-31,0.2974447132498836
2020-01-01,0.0
2020-01-02,1.3328447219192352
2020-01-03,-0.7855191660339544
2020-01-04,0.0
2020-01-05,0.0
2020-01-06,0.5620384728471706
2020-01-07,-0.0318542477084959
2020-01-08,0.6689046766684248
2020-01-09,0.8126574744484083
2020-01-10,-0.2669584793033142
2020-01-11,0.0
2020-01-12,0.0
2020-01-13,1.035742263159234
2020-01-14,-0.2436896778014285
2020-01-15,0.0796654872895263
2020-01-16,1.0631048141058974
2020-01-17,0.3399605143178608
2020-01-18,0.0
2020-01-19,0.0
2020-01-20,0.0
2020-01-21,-0.1931086847422158
2020-01-22,0.1383014011783867
2020-01-23,0.1993968142300239
2020-01-24,-0.9313533039611022
2020-01-25,0.0
2020-01-26,0.0
2020-01-27,-1.885155981023368
2020-01-28,1.42647665214215
2020-01-29,0.0591225256401317
2020-01-30,0.2562708443798023
2020-01-31,-1.5914654996416755
2020-02-01,0.0
2020-02-02,0.0
2020-02-03,1.338222687366808
2020-02-04,2.098144453400308
2020-02-05,0.4299756137082555
2020-02-06,0.6675027996624783
2020-02-07,-0.5394882329740391
2020-02-08,0.0
2020-02-09,0.0
2020-02-10,1.1331313707803048
2020-02-11,0.1095799155958809
2020-02-12,0.902791462243968
2020-02-13,-0.1438442521991545
2020-02-14,0.1977967547093895
2020-02-15,0.0
2020-02-16,0.0
2020-02-17,0.0
2020-02-18,0.0160365641691306
2020-02-19,0.8675814939226312
2020-02-20,-0.6744295515116572
2020-02-21,-1.7883337524623233
2020-02-22,0.0
2020-02-23,0.0
2020-02-24,-3.710188867954778
2020-02-25,-2.7726076455074637
2020-02-26,0.1692012175429358
2020-02-27,-4.613182731047061
2020-02-28,0.0103852269405679
2020-02-29,0.0
2020-03-01,0.0
2020-03-02,4.4914576985011
2020-03-03,-2.994582100926557
2020-03-04,3.8461140546626416
2020-03-05,-3.0993259641753035
2020-03-06,-1.8649430797928912
2020-03-07,0.0
2020-03-08,0.0
2020-03-09,-7.287402343694394
2020-03-10,4.950140308971451
2020-03-11,-4.700245022770167
2020-03-12,-9.434674309481183
2020-03-13,9.345998172386103
2020-03-14,0.0
2020-03-15,0.0
2020-03-16,-12.321331290147407
2020-03-17,6.230492341201921
2020-03-18,-4.702798877538516
2020-03-19,2.299626857956216
2020-03-20,-3.790742228353961
2020-03-21,0.0
2020-03-22,0.0
2020-03-23,-0.2740030932787962
2020-03-24,8.121509236724389
2020-03-25,-0.4524223861369192
2020-03-26,5.596200659576112
2020-03-27,-3.7852983732224232
2020-03-28,0.0
2020-03-29,0.0
2020-03-30,3.622450792632592
2020-03-31,-0.952513208745509
2020-04-01,-4.409293583528773
2020-04-02,1.7217390358319706
2020-04-03,-1.525647790392215
2020-04-04,0.0
2020-04-05,0.0
2020-04-06,7.32611270359842
2020-04-07,-0.3283164415651241
2020-04-08,2.5818870275615025
2020-04-09,0.7746996815903406
2020-04-10,0.0
2020-04-11,0.0
2020-04-12,0.0
2020-04-13,0.4763532506929291
2020-04-14,3.946578856836736
2020-04-15,-1.4392236435332606
2020-04-16,1.6582590775434225
2020-04-17,1.380383528380058
2020-04-18,0.0
2020-04-19,0.0
2020-04-20,-1.0336154480887538
2020-04-21,-3.475170735558031
2020-04-22,2.809426833009754
2020-04-23,-0.0074144160848499
2020-04-24,1.6453636805085603
2020-04-25,0.0
2020-04-26,0.0
2020-04-27,1.1076542783169163
2020-04-28,-1.4023761913732111
2020-04-29,3.566323240510094
2020-04-30,-0.2822319106313808
2020-05-01,-3.201507563689321
2020-05-02,0.0
2020-05-03,0.0
2020-05-04,1.229057266160738
2020-05-05,1.12976045226294
2020-05-06,0.5138939036791523
2020-05-07,1.4147842232649754
2020-05-08,1.577567010165759
2020-05-09,0.0
2020-05-10,0.0
2020-05-11,0.7786102101104087
2020-05-12,-2.0646542913830723
2020-05-13,-1.5482267339407163
2020-05-14,0.9088148528969996
2020-05-15,0.792062429456597
2020-05-16,0.0
2020-05-17,0.0
2020-05-18,2.443497168047037
2020-05-19,-0.5385098407798439
2020-05-20,2.0759781839260194
2020-05-21,-0.9695234740358604
2020-05-22,0.4276841643477524
2020-05-23,0.0
2020-05-24,0.0
2020-05-25,0.0
2020-05-26,0.1676200570149166
2020-05-27,0.772365395161323
2020-05-28,-0.460778333675893
2020-05-29,1.2902124966358564
2020-05-30,0.0
2020-05-31,0.0
2020-06-01,0.6552216914684994
2020-06-02,0.5897171735574247
2020-06-03,0.7756799205120846
2020-06-04,-0.6929795366756419
2020-06-05,2.061922153956064
2020-06-06,0.0
2020-06-07,0.0
2020-06-08,1.1276647530284345
2020-06-09,0.2921987959394467
2020-06-10,0.6690906379505313
2020-06-11,-5.265476367524757
2020-06-12,1.0121334623245826
2020-06-13,0.0
2020-06-14,0.0
2020-06-15,1.43093842808506
2020-06-16,1.7463525072283217
2020-06-17,0.1481441861745702
2020-06-18,0.3281310924114766
2020-06-19,0.0308789814021936
2020-06-20,0.0
2020-06-21,0.0
2020-06-22,1.1095819300612542
2020-06-23,0.7446904378745289
2020-06-24,-2.1931899905181185
2020-06-25,1.0881847720358495
2020-06-26,-2.593393964635116
2020-06-27,0.0
2020-06-28,0.0
2020-06-29,1.1984014641401863
2020-06-30,1.8697217818384404
2020-07-01,0.9530027630585192
2020-07-02,0.5219294116244111
2020-07-03,0.0
2020-07-04,0.0
2020-07-05,0.0
2020-07-06,2.2142310252948327
2020-07-07,-0.8603004588705887
2020-07-08,1.436696993233566
2020-07-09,0.5265665951870391
2020-07-10,0.6607137037519806
2020-07-11,0.0
2020-07-12,0.0
2020-07-13,-2.134229878077776
2020-07-14,0.940638445445674
2020-07-15,0.5902625120736804
2020-07-16,-0.726602788562658
2020-07-17,0.2803210606196593
2020-07-18,0.0
2020-07-19,0.0
2020-07-20,2.512564309189158
2020-07-21,-0.805505419255359
2020-07-22,0.2412796048237186
2020-07-23,-2.2856995349024745
2020-07-24,-0.9390717044975738
2020-07-25,0.0
2020-07-26,0.0
2020-07-27,1.6702387584650369
2020-07-28,-1.273502800037818
2020-07-29,1.3540604633609066
2020-07-30,0.425584692659875
2020-07-31,1.4871816487803668
2020-08-01,0.0
2020-08-02,0.0
2020-08-03,1.4660430152948931
2020-08-04,0.3519290262580465
2020-08-05,0.5230744898274242
2020-08-06,0.997144293532748
2020-08-07,-0.8740477960491821
2020-08-08,0.0
2020-08-09,0.0
2020-08-10,-0.3870692288344246
2020-08-11,-1.6915932109767828
2020-08-12,2.127643002722057
2020-08-13,0.274783014000568
2020-08-14,-0.2100991198777491
2020-08-15,0.0
2020-08-16,0.0
2020-08-17,1.0021568159487293
2020-08-18,0.7287631558350771
2020-08-19,-0.5742645841862681
2020-08-20,1.0630301888693516
2020-08-21,0.4158882956668108
2020-08-22,0.0
2020-08-23,0.0
2020-08-24,0.60043426375751
2020-08-25,0.7623210596084284
2020-08-26,1.7319179179443367
2020-08-27,-0.3405017035968405
2020-08-28,0.6046278217000989
2020-08-29,0.0
2020-08-30,0.0
2020-08-31,0.682563307191475
2020-09-01,1.3945099510527026
2020-09-02,0.9780044890400408
2020-09-03,-4.962831474198303
2020-09-04,-1.2652161484430269
2020-09-05,0.0
2020-09-06,0.0
2020-09-07,0.0
2020-09-08,-4.114152829024976
2020-09-09,2.709047999938785
2020-09-10,-1.992268004866704
2020-09-11,-0.6047849782590431
2020-09-12,0.0
2020-09-13,0.0
2020-09-14,1.871282571991184
2020-09-15,1.2089549470456262
2020-09-16,-1.2497460486567302
2020-09-17,-1.2686289053217337
2020-09-18,-1.0723830833645145
2020-09-19,0.0
2020-09-20,0.0
2020-09-21,-0.1341618894641016
2020-09-22,1.714846245401236
2020-09-23,-3.015872690686461
2020-09-24,0.3694096957600479
2020-09-25,2.260906533104001
2020-09-26,0.0
2020-09-27,0.0
2020-09-28,1.8689658659109651
2020-09-29,-0.2903547158726871
2020-09-30,0.7420650470219448
2020-10-01,1.4237731001536469
2020-10-02,-2.220368318034316
2020-10-03,0.0
2020-10-04,0.0
2020-10-05,2.324787801940253
2020-10-06,-1.5697399364210551
2020-10-07,1.882631446703864
2020-10-08,0.4961095094673684
2020-10-09,1.3918241202884871
2020-10-10,0.0
2020-10-11,0.0
2020-10-12,2.558902074986724
2020-10-13,-0.1040679072697003
2020-10-14,-0.8021807225404909
2020-10-15,-0.4661535218957846
2020-10-16,-0.3612004098706767
2020-10-17,0.0
2020-10-18,0.0
2020-10-19,-1.6508478266271776
2020-10-20,0.3276482718389095
2020-10-21,-0.2761240971887679
2020-10-22,0.185632656518031
2020-10-23,0.367377645887168
2020-10-24,0.0
2020-10-25,0.0
2020-10-26,-1.639550125792366
2020-10-27,0.6374642083539106
2020-10-28,-3.7307886361706455
2020-10-29,1.642179549945344
2020-10-30,-2.4495802530529853
2020-10-31,0.0
2020-11-01,0.0
2020-11-02,0.4217580432503087
2020-11-03,1.8522283091455092
2020-11-04,3.8547309760295967
2020-11-05,2.589553136041678
2020-11-06,0.0361685870073014
2020-11-07,0.0
2020-11-08,0.0
2020-11-09,-1.525402940188414
2020-11-10,-1.3652289708527277
2020-11-11,2.0129145485651367
2020-11-12,-0.6519348588783558
2020-11-13,1.0222407181613713
2020-11-14,0.0
2020-11-15,0.0
2020-11-16,0.8017374114323017
2020-11-17,-0.2078980966001786
2020-11-18,-0.8213920743371017
2020-11-19,0.873698100049003
2020-11-20,-0.4178197918152659
2020-11-21,0.0
2020-11-22,0.0
2020-11-23,0.2164506265461385
2020-11-24,1.314409739132727
2020-11-25,0.4786188956984238
2020-11-26,0.0
2020-11-27,0.9214943705385448
2020-11-28,0.0
2020-11-29,0.0
2020-11-30,-0.0582456381777785
2020-12-01,1.2818546356685443
2020-12-02,-0.0464604055460671
2020-12-03,0.2251901922819099
2020-12-04,0.7033167769060933
2020-12-05,0.0
2020-12-06,0.0
2020-12-07,0.4470370369209719
2020-12-08,0.5017538804668709
2020-12-09,-1.9377239274069316
2020-12-10,0.5418562676863692
2020-12-11,-0.2252126551407052
2020-12-12,0.0
2020-12-13,0.0
2020-12-14,0.5022667170232475
2020-12-15,1.2461337002391382
2020-12-16,0.5012350995449388
2020-12-17,0.8418230939438498
2020-12-18,-0.0713711710961795
2020-12-19,0.0
2020-12-20,0.0
2020-12-21,-0.1028573834719992
2020-12-22,0.513245363011694
2020-12-23,-0.2873969429620815
2020-12-24,0.2632513247635248
2020-12-25,0.0
2020-12-26,0.0
2020-12-27,0.0
2020-12-28,0.7394880615104737
2020-12-29,-0.3814140140446564
2020-12-30,0.1539294569151472
2020-12-31,0.1420378666472377
2021-01-01,0.0
2021-01-02,0.0
2021-01-03,0.0
2021-01-04,-1.472889121725851
2021-01-05,0.9490116019786888
2021-01-06,-0.6097992513683037
2021-01-07,2.5641300789502663
2021-01-08,1.0292726308001487
2021-01-09,0.0
2021-01-10,0.0
2021-01-11,-1.2539844430301206
2021-01-12,0.2761492284541589
2021-01-13,0.4323642135673156
2021-01-14,-0.1242334431341141
2021-01-15,-0.8704551600417165
2021-01-16,0.0
2021-01-17,0.0
2021-01-18,0.0
2021-01-19,1.5284816517290525
2021-01-20,1.97065068945248
2021-01-21,0.5473641067082813
2021-01-22,0.0897900726721578
2021-01-23,0.0
2021-01-24,0.0
2021-01-25,0.6861866299858299
2021-01-26,-0.0728268639960338
2021-01-27,-2.6086775791876904
2021-01-28,0.5015639747580014
2021-01-29,-1.9979495142946724
2021-01-30,0.0
2021-01-31,0.0
2021-02-01,2.545383662322376
2021-02-02,1.5622214267598356
2021-02-03,-0.0164568466544001
2021-02-04,1.228461139915327
2021-02-05,0.5701919834175451
2021-02-06,0.0
2021-02-07,0.0
2021-02-08,0.947870972779974
2021-02-09,0.1434162401891869
2021-02-10,-0.251075632577924
2021-02-11,0.3810280369455299
2021-02-12,0.4969438229909917
2021-02-13,0.0
2021-02-14,0.0
2021-02-15,0.0
2021-02-16,-0.3403201701898783
2021-02-17,-0.5838032790532077
2021-02-18,-0.7169807943156803
2021-02-19,0.0656283655402711
2021-02-20,0.0
2021-02-21,0.0
2021-02-22,-2.460709513820458
2021-02-23,-0.5013622971482667
2021-02-24,0.9860197347546285
2021-02-25,-3.5192021212380853
2021-02-26,0.5558162482053319
2021-02-27,0.0
2021-02-28,0.0
2021-03-01,3.0053817590480314
2021-03-02,-1.6928612525136666
2021-03-03,-2.7026402691170515
2021-03-04,-2.110213486468815
2021-03-05,1.54580997392475
2021-03-06,0.0
2021-03-07,0.0
2021-03-08,-2.407017139681733
2021-03-09,3.6850999629795433
2021-03-10,-0.0381696723353974
2021-03-11,2.5238666489519668
2021-03-12,-0.5881895051674801
2021-03-13,0.0
2021-03-14,0.0
2021-03-15,1.0499329999251517
2021-03-16,0.0881174378714044
2021-03-17,0.3980967442432259
2021-03-18,-3.0242086440928184
2021-03-19,0.755329590041165
2021-03-20,0.0
2021-03-21,0.0
2021-03-22,1.22812602577842
2021-03-23,-1.1200851824211822
2021-03-24,-2.009499330572939
2021-03-25,0.1218189592009366
2021-03-26,1.2409828654125432
2021-03-27,0.0
2021-03-28,0.0
2021-03-29,-0.6018852301833078
2021-03-30,-0.1091969674604564
2021-03-31,1.5444572694241598
2021-04-01,1.7607195685596322
2021-04-02,0.0
2021-04-03,0.0
2021-04-04,0.0
2021-04-05,1.6726828364677535
2021-04-06,-0.0526059879195073
2021-04-07,-0.0696435574433884
2021-04-08,1.026162393350205
2021-04-09,0.5125408395453057
2021-04-10,0.0
2021-04-11,0.0
2021-04-12,-0.3610772812169927
2021-04-13,1.054870825812282
2021-04-14,-0.9878449674107004
2021-04-15,1.3055420174782562
2021-04-16,0.0967327481324442
2021-04-17,0.0
2021-04-18,0.0
2021-04-19,-0.9789850945085554
2021-04-20,-0.9234791831184364
2021-04-21,1.189228129776998
2021-04-22,-0.944856589330434
2021-04-23,1.4357615081555863
2021-04-24,0.0
2021-04-25,0.0
2021-04-26,0.8701745037853259
2021-04-27,-0.3434564080908031
2021-04-28,-0.2781323065609853
2021-04-29,0.2243218513989342
2021-04-30,-0.8511961175354799
2021-05-01,0.0
2021-05-02,0.0
2021-05-03,-0.483858197885767
2021-05-04,-1.8828201194453165
2021-05-05,-0.374665919426409
2021-05-06,0.3712145712252424
2021-05-07,0.8758291888812941
2021-05-08,0.0
2021-05-09,0.0
2021-05-10,-2.547802225972562
2021-05-11,-0.0927532725786939
2021-05-12,-2.671883779590589
2021-05-13,0.7160285482193274
2021-05-14,2.3237368480184983
2021-05-15,0.0
2021-05-16,0.0
2021-05-17,-0.3792311104324319
2021-05-18,-0.5636435871819501
2021-05-19,-0.0293108815748621
2021-05-20,1.7744707478573485
2021-05-21,-0.4783631990481263
2021-05-22,0.0
2021-05-23,0.0
2021-05-24,1.4117721428874797
2021-05-25,-0.0292800691512828
2021-05-26,0.5918508635931463
2021-05-27,-0.0125180270963753
2021-05-28,0.0907084064205809
2021-05-29,0.0
2021-05-30,0.0
2021-05-31,0.0
2021-06-01,-0.0891701015220847
2021-06-02,0.1445028762655509
2021-06-03,-1.0309458387126047
2021-06-04,1.4688774858050868
2021-06-05,0.0
2021-06-06,0.0
2021-06-07,0.4866592327830599
2021-06-08,0.3111316936103891
2021-06-09,-0.0945080155083988
2021-06-10,0.7804918728772536
2021-06-11,0.3501332955533787
2021-06-12,0.0
2021-06-13,0.0
2021-06-14,0.7443073498693664
2021-06-15,-0.7145357629248728
2021-06-16,-0.2357776829556623
2021-06-17,0.8666146563395483
2021-06-18,-0.9248392997500464
2021-06-19,0.0
2021-06-20,0.0
2021-06-21,0.7918572901479237
2021-06-22,0.790504662839453
2021-06-23,0.1295207212599569
2021-06-24,0.6865284655006576
2021-06-25,-0.0648608254817717
2021-06-26,0.0
2021-06-27,0.0
2021-06-28,0.9757403567579814
2021-06-29,0.1918574791484273
2021-06-30,-0.1678092573709322
2021-07-01,0.1270666766765016
2021-07-02,0.8053101231080717
2021-07-03,0.0
2021-07-04,0.0
2021-07-05,0.0
2021-07-06,0.1660565762420018
2021-07-07,0.009683284021178
2021-07-08,-0.7178920506270892
2021-07-09,0.97624858183345
2021-07-10,0.0
2021-07-11,0.0
2021-07-12,0.2130355264239991
2021-07-13,-0.3773090159780334
2021-07-14,-0.2227890325919412
2021-07-15,-0.6952588512905256
2021-07-16,-0.796868689005259
2021-07-17,0.0
2021-07-18,0.0
2021-07-19,-1.0553630711868212
2021-07-20,1.568474398635078
2021-07-21,0.9177971924420714
2021-07-22,0.3598249950260701
2021-07-23,1.0377581211183262
2021-07-24,0.0
2021-07-25,0.0
2021-07-26,0.0250706275581658
2021-07-27,-1.21375515919806
2021-07-28,0.6957432752077386
2021-07-29,0.1062123789813185
2021-07-30,-0.7144283548905062
2021-07-31,0.0
2021-08-01,0.0
2021-08-02,0.0571853620381812
2021-08-03,0.5464160640535676
2021-08-04,0.1303424993620794
2021-08-05,0.7752755931627942
2021-08-06,-0.3985221407782013
2021-08-07,0.0
2021-08-08,0.0
2021-08-09,0.164601761290184
2021-08-10,-0.485120942451589
2021-08-11,-0.1551937779320389
2021-08-12,0.3462216978957544
2021-08-13,0.0448198472829508
2021-08-14,0.0
2021-08-15,0.0
2021-08-16,-0.1965919235241586
2021-08-17,-0.9299872399218144
2021-08-18,-0.8888368867441265
2021-08-19,0.1093210865390492
2021-08-20,1.188781551123563
2021-08-21,0.0
2021-08-22,0.0
2021-08-23,1.549408766183169
2021-08-24,0.5163034136896005
2021-08-25,0.1468764375149422
2021-08-26,-0.6385565282822414
2021-08-27,1.2290430225497584
2021-08-28,0.0
2021-08-29,0.0
2021-08-30,0.9014815323540092
2021-08-31,-0.0435573308574244
2021-09-01,0.3285854843843916
2021-09-02,0.1423950862436518
2021-09-03,0.210941652300689
2021-09-04,0.0
2021-09-05,0.0
2021-09-06,0.0
2021-09-07,0.0703650413761636
2021-09-08,-0.5703691103410624
2021-09-09,-0.2511320298010933
2021-09-10,-0.8706557514796764
2021-09-11,0.0
2021-09-12,0.0
2021-09-13,-0.0655629165600135
2021-09-14,-0.4489752273612701
2021-09-15,0.8230648031459342
2021-09-16,0.1344827868280607
2021-09-17,-0.9086478918501784
2021-09-18,0.0
2021-09-19,0.0
2021-09-20,-2.194030843831807
2021-09-21,0.2208795705910038
2021-09-22,1.0202436849988672
2021-09-23,1.0431106514105393
2021-09-24,-0.030161882828128
2021-09-25,0.0
2021-09-26,0.0
2021-09-27,-0.5165604560237957
2021-09-28,-2.8275944894625926
2021-09-29,-0.2353750721679981
2021-09-30,-0.4400386817909885
2021-10-01,0.817520590596521
2021-10-02,0.0
2021-10-03,0.0
2021-10-04,-2.136514944288126
2021-10-05,1.251095042120598
2021-10-06,0.4716702202846257
2021-10-07,1.0488919967170274
2021-10-08,-0.508252988394553
2021-10-09,0.0
2021-10-10,0.0
2021-10-11,-0.6402111692132784
2021-10-12,-0.1399971915620912
2021-10-13,0.730819243666847
2021-10-14,1.7279458258460334
2021-10-15,0.4986036147378581
2021-10-16,0.0
2021-10-17,0.0
2021-10-18,0.8355164604418874
2021-10-19,0.7141634497185745
2021-10-20,-0.0489795243899693
2021-10-21,0.621759683814882
2021-10-22,-0.8248059464175173
2021-10-23,0.0
2021-10-24,0.0
2021-10-25,0.9046252790430476
2021-10-26,0.0591066620635016
2021-10-27,0.0008524894004491
2021-10-28,1.3932955164567495
2021-10-29,0.325408728496801
2021-10-30,0.0
2021-10-31,0.0
2021-11-01,0.62929295010552
2021-11-02,0.3441905816963686
2021-11-03,1.0350454503191608
2021-11-04,0.8141469198615692
2021-11-05,0.1962337889331644
2021-11-06,0.0
2021-11-07,0.0
2021-11-08,0.0674354144945432
2021-11-09,-0.5995379305199555
2021-11-10,-1.660714526110052
2021-11-11,0.5221265241686979
2021-11-12,0.9976877944862572
2021-11-13,0.0
2021-11-14,0.0
2021-11-15,-0.0448292636764158
2021-11-16,0.7569817119782218
2021-11-17,-0.3273475409930282
2021-11-18,0.4530938030708142
2021-11-19,0.39847207999677
2021-11-20,0.0
2021-11-21,0.0
2021-11-22,-1.2622227368676908
2021-11-23,-0.5021843179240482
2021-11-24,0.4443118848677985
2021-11-25,0.0
2021-11-26,-2.23139898909841
2021-11-27,0.0
2021-11-28,0.0
2021-11-29,1.8795269127920289
2021-11-30,-1.553204635822969
2021-12-01,-1.8255005548189709
2021-12-02,0.8343391390618793
2021-12-03,-1.9234407705369103
2021-12-04,0.0
2021-12-05,0.0
2021-12-06,0.9259285033501596
2021-12-07,3.032939047579708
2021-12-08,0.6379219948745574
2021-12-09,-1.7078626969719846
2021-12-10,0.7296951180025157
2021-12-11,0.0
2021-12-12,0.0
2021-12-13,-1.390345484936839
2021-12-14,-1.13954084973521
2021-12-15,2.152173415658432
2021-12-16,-2.474372228287647
2021-12-17,-0.0708148597984181
2021-12-18,0.0
2021-12-19,0.0
2021-12-20,-1.2441874957189958
2021-12-21,2.404050772065003
2021-12-22,1.1785329890441787
2021-12-23,0.8470648337796538
2021-12-24,0.0
2021-12-25,0.0
2021-12-26,0.0
2021-12-27,1.39196637405421
2021-12-28,-0.5641646623189445
2021-12-29,-0.0982148984303155
2021-12-30,-0.1564113444927684
2021-12-31,-0.613597676383737
2022-01-01,0.0
2022-01-02,0.0
2022-01-03,1.2005780861697346
2022-01-04,-1.3268662568625578
2022-01-05,-3.3448068827544475
2022-01-06,-0.1278765100816925
2022-01-07,-0.9612181106264384
2022-01-08,0.0
2022-01-09,0.0
2022-01-10,0.0463961818087055
2022-01-11,1.4095062052256635
2022-01-12,0.2305709437432801
2022-01-13,-2.5123142542254677
2022-01-14,0.5871651774452147
2022-01-15,0.0
2022-01-16,0.0
2022-01-17,0.0
2022-01-18,-2.597395614771292
2022-01-19,-1.1486990364095284
2022-01-20,-1.2987228782384783
2022-01-21,-2.720779129382689
2022-01-22,0.0
2022-01-23,0.0
2022-01-24,0.6261199965331699
2022-01-25,-2.279587751406098
2022-01-26,0.0209027069871137
2022-01-27,-1.3981551050466057
2022-01-28,3.128861783890824
2022-01-29,0.0
2022-01-30,0.0
2022-01-31,3.408061973195786
2022-02-01,0.7452318282233916
2022-02-02,0.4987439334134924
2022-02-03,-3.7366230703940073
2022-02-04,1.579308962791215
2022-02-05,0.0
2022-02-06,0.0
2022-02-07,-0.5840529629279168
2022-02-08,1.2755742282319904
2022-02-09,2.084757900469602
2022-02-10,-2.1029860954935087
2022-02-11,-2.780905673548195
2022-02-12,0.0
2022-02-13,0.0
2022-02-14,-0.0016711350646736
2022-02-15,2.5294892996708285
2022-02-16,-0.1108216980679865
2022-02-17,-2.884222075150311
2022-02-18,-1.2295170961021396
2022-02-19,0.0
2022-02-20,0.0
2022-02-21,0.0
2022-02-22,-1.2293321292873194
2022-02-23,-2.570928481414869
2022-02-24,3.344965952305512
2022-02-25,1.6404705501706252
2022-02-26,0.0
2022-02-27,0.0
2022-02-28,0.4146173676350395
2022-03-01,-1.5921318808865603
2022-03-02,1.622466062683925
2022-03-03,-1.5567102786323672
2022-03-04,-1.6583024660655976
2022-03-05,0.0
2022-03-06,0.0
2022-03-07,-3.624010422385804
2022-03-08,-0.2759743336258724
2022-03-09,3.594999879032046
2022-03-10,-0.9474510344760544
2022-03-11,-2.1793698646173865
2022-03-12,0.0
2022-03-13,0.0
2022-03-14,-2.044485651336314
2022-03-15,2.920228710808659
2022-03-16,3.768198333754036
2022-03-17,1.3264600759922862
2022-03-18,2.049681043012841
2022-03-19,0.0
2022-03-20,0.0
2022-03-21,-0.3985930702764761
2022-03-22,1.9536881439528695
2022-03-23,-1.3198885448984954
2022-03-24,1.93383593530696
2022-03-25,-0.1588239390428736
2022-03-26,0.0
2022-03-27,0.0
2022-03-28,1.3098783178834283
2022-03-29,1.844243084998332
2022-03-30,-1.2132317995023678
2022-03-31,-1.5354234978109282
2022-04-01,0.2881784217513505
2022-04-02,0.0
2022-04-03,0.0
2022-04-04,1.9005700991305163
2022-04-05,-2.259616428127298
2022-04-06,-2.2201199444210284
2022-04-07,0.0610526451974458
2022-04-08,-1.3405467774730062
2022-04-09,0.0
2022-04-10,0.0
2022-04-11,-2.181022821548395
2022-04-12,-0.30114650323394
2022-04-13,2.0343125369180592
2022-04-14,-2.14393549626527
2022-04-15,0.0
2022-04-16,0.0
2022-04-17,0.0
2022-04-18,-0.1402113271207983
2022-04-19,2.1549057864598486
2022-04-20,-1.2231571260869711
2022-04-21,-2.0695641619913663
2022-04-22,-2.5454971602217213
2022-04-23,0.0
2022-04-24,0.0
2022-04-25,1.2894760520932191
2022-04-26,-3.953212766331316
2022-04-27,-0.014495112707713
2022-04-28,3.063517815465322
2022-04-29,-4.171148368488565
2022-04-30,0.0
2022-05-01,0.0
2022-05-02,1.6326369359157544
2022-05-03,0.2212842306591023
2022-05-04,3.19252033961146
2022-05-05,-4.991723044645092
2022-05-06,-1.4047298430269972
2022-05-07,0.0
2022-05-08,0.0
2022-05-09,-4.2933285043934895
2022-05-10,0.98440558256081
2022-05-11,-3.181463527135442
2022-05-12,0.059130451520839
2022-05-13,3.8170923172146543
2022-05-14,0.0
2022-05-15,0.0
2022-05-16,-1.2046587118805574
2022-05-17,2.758597995075984
2022-05-18,-4.725839355913896
2022-05-19,-0.2596777026981911
2022-05-20,-0.2974920561311878
2022-05-21,0.0
2022-05-22,0.0
2022-05-23,1.5909771722706134
2022-05-24,-2.3477503945948386
2022-05-25,1.5117474542464926
2022-05-26,2.6752698354298943
2022-05-27,3.325876158439245
2022-05-28,0.0
2022-05-29,0.0
2022-05-30,0.0
2022-05-31,-0.4100214477587349
2022-06-01,-0.7195338452745226
2022-06-02,2.6882446624324485
2022-06-03,-2.469533017466952
2022-06-04,0.0
2022-06-05,0.0
2022-06-06,0.4049008555051747
2022-06-07,0.9440084373188108
2022-06-08,-0.7306714869039665
2022-06-09,-2.74724191481488
2022-06-10,-3.523930712446288
2022-06-11,0.0
2022-06-12,0.0
2022-06-13,-4.680671501819644
2022-06-14,0.1768779070838944
2022-06-15,2.50085000040583
2022-06-16,-4.081851000349301
2022-06-17,1.4301012162795113
2022-06-18,0.0
2022-06-19,0.0
2022-06-20,0.0
2022-06-21,2.50918154268005
2022-06-22,-0.1465289300017991
2022-06-23,1.620456472734455
2022-06-24,3.3424441105246228
2022-06-25,0.0
2022-06-26,0.0
2022-06-27,-0.7156532662280779
2022-06-28,-2.9763398261811846
2022-06-29,-0.0326465818862864
2022-06-30,-1.3343253400551205
2022-07-01,0.8986463811260226
2022-07-02,0.0
2022-07-03,0.0
2022-07-04,0.0
2022-07-05,1.746884005659366
2022-07-06,0.3498369066551321
2022-07-07,2.28395911688426
2022-07-08,0.1201234056863675
2022-07-09,0.0
2022-07-10,0.0
2022-07-11,-2.257868253095774
2022-07-12,-0.9485002930735176
2022-07-13,-0.152248566200297
2022-07-14,0.0320989185000009
2022-07-15,1.7885173435206791
2022-07-16,0.0
2022-07-17,0.0
2022-07-18,-0.8065554513161488
2022-07-19,3.1082661784792576
2022-07-20,1.5751526604462551
2022-07-21,1.3612768540006923
2022-07-22,-1.8698779929550824
2022-07-23,0.0
2022-07-24,0.0
2022-07-25,-0.4346793139435978
2022-07-26,-1.867994358107039
2022-07-27,4.0635394784761525
2022-07-28,1.081826621080184
2022-07-29,1.8754277573103773
2022-07-30,0.0
2022-07-31,0.0
2022-08-01,-0.1752118742752495
2022-08-02,-0.1634791418426706
2022-08-03,2.586497726792847
2022-08-04,0.4137926994010943
2022-08-05,-0.4954984210656432
2022-08-06,0.0
2022-08-07,0.0
2022-08-08,-0.1034153051102548
2022-08-09,-1.1904840056636057
2022-08-10,2.888363599072808
2022-08-11,-0.5825812114957363
2022-08-12,2.09140964349257
2022-08-13,0.0
2022-08-14,0.0
2022-08-15,0.6197454956740289
2022-08-16,-0.1942405793653789
2022-08-17,-1.2549441898795477
2022-08-18,0.2103839376660365
2022-08-19,-2.0062730350480678
2022-08-20,0.0
2022-08-21,0.0
2022-08-22,-2.547373607288772
2022-08-23,-0.002184761752122
2022-08-24,0.4056962479091597
2022-08-25,1.6710674650921795
2022-08-26,-3.9366165036856526
2022-08-27,0.0
2022-08-28,0.0
2022-08-29,-1.021602718740311
2022-08-30,-1.119437247919608
2022-08-31,-0.5633145372805681
2022-09-01,-0.262946734029823
2022-09-02,-1.3090185070848248
2022-09-03,0.0
2022-09-04,0.0
2022-09-05,0.0
2022-09-06,-0.7389839849719526
2022-09-07,2.139386370549512
2022-09-08,0.5955739945304739
2022-09-09,2.109062115923166
2022-09-10,0.0
2022-09-11,0.0
2022-09-12,1.2722642617655875
2022-09-13,-5.159128348790409
2022-09-14,0.7401801225843663
2022-09-15,-1.4276784041799329
2022-09-16,-0.8999023383428173
2022-09-17,0.0
2022-09-18,0.0
2022-09-19,0.7566047453750002
2022-09-20,-0.953355356396024
2022-09-21,-1.7930720522194132
2022-09-22,-1.367007630896977
2022-09-23,-1.7970841690997277
2022-09-24,0.0
2022-09-25,0.0
2022-09-26,-0.5981798511244696
2022-09-27,0.2460453129081941
2022-09-28,2.05124565711714
2022-09-29,-2.842382603896354
2022-09-30,-1.5077019902302924
2022-10-01,0.0
2022-10-02,0.0
2022-10-03,2.2675698224330354
2022-10-04,3.337643340857799
2022-10-05,-0.2484743081567209
2022-10-06,-0.6756885189625583
2022-10-07,-3.8011145359464704
2022-10-08,0.0
2022-10-09,0.0
2022-10-10,-1.0354547069698403
2022-10-11,-1.099488564729767
2022-10-12,-0.08719215684585
2022-10-13,2.2275949155863284
2022-10-14,-3.0778111883558834
2022-10-15,0.0
2022-10-16,0.0
2022-10-17,3.4337445665918898
2022-10-18,0.9048557270162184
2022-10-19,-0.8530190270310656
2022-10-20,-0.614857561259452
2022-10-21,2.306957866695325
2022-10-22,0.0
2022-10-23,0.0
2022-10-24,0.855368530117695
2022-10-25,2.2506941972041616
2022-10-26,-2.0370339850394603
2022-10-27,-1.625380286469269
2022-10-28,2.8702839582782413
2022-10-29,0.0
2022-10-30,0.0
2022-10-31,-1.0295007199019768
2022-11-01,-0.885506457328944
2022-11-02,-3.361076663591045
2022-11-03,-1.7279129140205018
2022-11-04,1.2792258759678266
2022-11-05,0.0
2022-11-06,0.0
2022-11-07,0.8521947566883847
2022-11-08,0.4891908610668682
2022-11-09,-2.4776310600627016
2022-11-10,7.350217126661285
2022-11-11,1.882102366335148
2022-11-12,0.0
2022-11-13,0.0
2022-11-14,-1.1225527356838128
2022-11-15,1.4486177803630484
2022-11-16,-1.538507569246772
2022-11-17,-0.3460423043244232
2022-11-18,0.0098664273254778
2022-11-19,0.0
2022-11-20,0.0
2022-11-21,-1.0905181685126442
2022-11-22,1.3597011913617951
2022-11-23,0.9925370082103812
2022-11-24,0.0
2022-11-25,-0.5224482717800627
2022-11-26,0.0
2022-11-27,0.0
2022-11-28,-1.575402410255644
2022-11-29,-0.5947755695959067
2022-11-30,4.408497935210032
2022-12-01,0.1260044934818571
2022-12-02,-0.1824540490587334
2022-12-03,0.0
2022-12-04,0.0
2022-12-05,-1.933076563386116
2022-12-06,-2.002241761491763
2022-12-07,-0.5114880452569248
2022-12-08,1.1265194529635147
2022-12-09,-0.6982483560052377
2022-12-10,0.0
2022-12-11,0.0
2022-12-12,1.2641973617082636
2022-12-13,1.014644397297748
2022-12-14,-0.7632706348839391
2022-12-15,-3.225878925859804
2022-12-16,-0.9723863171244296
2022-12-17,0.0
2022-12-18,0.0
2022-12-19,-1.4887788556092962
2022-12-20,0.0102415610139239
2022-12-21,1.538428633212896
2022-12-22,-2.177999242230466
2022-12-23,0.207521812768574
2022-12-24,0.0
2022-12-25,0.0
2022-12-26,0.0
2022-12-27,-1.3777081992805584
2022-12-28,-1.3516595627798833
2022-12-29,2.5926983731464404
2022-12-30,-0.1107966735647392
2022-12-31,0.0
2023-01-01,0.0
2023-01-02,0.0
2023-01-03,-0.7595676525395945
2023-01-04,0.6910506579939524
2023-01-05,-1.4678559857027706
2023-01-06,2.562286746180975
2023-01-07,0.0
2023-01-08,0.0
2023-01-09,0.627860067395658
2023-01-10,1.005857547572253
2023-01-11,1.7597184406860311
2023-01-12,0.6351242581983385
2023-01-13,0.7095704033847516
2023-01-14,0.0
2023-01-15,0.0
2023-01-16,0.0
2023-01-17,0.1439657436805186
2023-01-18,-1.2446977232457357
2023-01-19,-0.9559198779177658
2023-01-20,2.655298556861485
2023-01-21,0.0
2023-01-22,0.0
2023-01-23,2.0105191184978777
2023-01-24,-0.2652194402137375
2023-01-25,-0.184477523053872
2023-01-26,1.7594224748618492
2023-01-27,0.949408535693652
2023-01-28,0.0
2023-01-29,0.0
2023-01-30,-1.9609884551499808
2023-01-31,1.6740690038561823
2023-02-01,2.000686360023396
2023-02-02,3.253974078489174
2023-02-03,-1.5889924793735075
2023-02-04,0.0
2023-02-05,0.0
2023-02-06,-0.9952568975146848
2023-02-07,1.9040234872172324
2023-02-08,-1.678009171011119
2023-02-09,-1.015400317405868
2023-02-10,-0.6061281272442431
2023-02-11,0.0
2023-02-12,0.0
2023-02-13,1.482062994219269
2023-02-14,0.5748533344260842
2023-02-15,0.92339518750173
2023-02-16,-1.779198600938292
2023-02-17,-0.5782855053017344
2023-02-18,0.0
2023-02-19,0.0
2023-02-20,0.0
2023-02-21,-2.5024432145246744
2023-02-22,0.12852525659377
2023-02-23,0.7241641517952591
2023-02-24,-1.6863952439089114
2023-02-25,0.0
2023-02-26,0.0
2023-02-27,0.6322107562301227
2023-02-28,-0.0997684588255665
2023-03-01,-0.663954471401107
2023-03-02,0.7337769086146251
2023-03-03,1.9718196108873487
2023-03-04,0.0
2023-03-05,0.0
2023-03-06,-0.1135214318070176
2023-03-07,-1.2454041742200883
2023-03-08,0.3960851212893246
2023-03-09,-2.052957762828267
2023-03-10,-1.7591622044585642
2023-03-11,0.0
2023-03-12,0.0
2023-03-13,0.4484306505317281
2023-03-14,2.13883253506999
2023-03-15,0.0516217748353975
2023-03-16,2.4770791940567527
2023-03-17,-0.740534542040483
2023-03-18,0.0
2023-03-19,0.0
2023-03-20,0.3871736866649655
2023-03-21,1.5808289114035643
2023-03-22,-1.6032767401691903
2023-03-23,1.00634818011891
2023-03-24,0.3101580424940575
2023-03-25,0.0
2023-03-26,0.0
2023-03-27,-0.4661730703554356
2023-03-28,-0.4483004809774704
2023-03-29,1.7937753484835728
2023-03-30,0.7314081426607499
2023-03-31,1.7350560198826193
2023-04-01,0.0
2023-04-02,0.0
2023-04-03,-0.265588279757567
2023-04-04,-0.517825793420712
2023-04-05,-1.0676744384193635
2023-04-06,0.7593620889580155
2023-04-07,0.0
2023-04-08,0.0
2023-04-09,0.0
2023-04-10,-0.0297784687129376
2023-04-11,-0.4342842088717935
2023-04-12,-0.8522362262689986
2023-04-13,1.9861089599533253
2023-04-14,-0.3517906995037845
2023-04-15,0.0
2023-04-16,0.0
2023-04-17,0.2825098818447946
2023-04-18,-0.0354471924787325
2023-04-19,0.0314340785909861
2023-04-20,-0.8033976051417424
2023-04-21,0.1069723197583139
2023-04-22,0.0
2023-04-23,0.0
2023-04-24,-0.2920677785562264
2023-04-25,-1.977536596551721
2023-04-26,0.467740520462101
2023-04-27,2.428565332444066
2023-04-28,0.6945987076687254
2023-04-29,0.0
2023-04-30,0.0
2023-05-01,-0.1143448835297156
2023-05-02,-1.0815866234458515
2023-05-03,-0.4567662174075892
2023-05-04,-0.4900463198694083
2023-05-05,2.248042492676028
2023-05-06,0.0
2023-05-07,0.0
2023-05-08,0.1757993017832193
2023-05-09,-0.6312362133444105
2023-05-10,1.0418334588292
2023-05-11,0.179331595221166
2023-05-12,-0.3550269422833318
2023-05-13,0.0
2023-05-14,0.0
2023-05-15,0.6550380799858591
2023-05-16,-0.1792137482501732
2023-05-17,1.276187897683756
2023-05-18,1.5060875347562286
2023-05-19,-0.2438320091197265
2023-05-20,0.0
2023-05-21,0.0
2023-05-22,0.4967639250745836
2023-05-23,-1.2619530405120427
2023-05-24,-0.60579879978504
2023-05-25,1.7136089638588814
2023-05-26,2.1861601969538347
2023-05-27,0.0
2023-05-28,0.0
2023-05-29,0.0
2023-05-30,0.3216727313176681
2023-05-31,-0.630997442731529
2023-06-01,1.2809177775460867
2023-06-02,1.0670122196841714
2023-06-03,0.0
2023-06-04,0.0
2023-06-05,-0.0856433889528607
2023-06-06,0.3551947097114816
2023-06-07,-1.2919110141085155
2023-06-08,1.019612027883765
2023-06-09,0.1557584829544156
2023-06-10,0.0
2023-06-11,0.0
2023-06-12,1.5293622272195997
2023-06-13,0.8275223093845652
2023-06-14,0.3916518215594022
2023-06-15,1.1473237282990212
2023-06-16,-0.6765668991231766
2023-06-17,0.0
2023-06-18,0.0
2023-06-19,0.0
2023-06-20,-0.1627536360082504
2023-06-21,-1.20791937010305
2023-06-22,0.9510313459474506
2023-06-23,-1.0130934474014253
2023-06-24,0.0
2023-06-25,0.0
2023-06-26,-1.1616752338173495
2023-06-27,1.648869761865246
2023-06-28,0.2661622651845219
2023-06-29,-0.0030895350120463
2023-06-30,1.4464356514040322
2023-07-01,0.0
2023-07-02,0.0
2023-07-03,0.2092383009073772
2023-07-04,0.0
2023-07-05,-0.181801835575146
2023-07-06,-0.8165110655578123
2023-07-07,-0.1339298112125075
2023-07-08,0.0
2023-07-09,0.0
2023-07-10,0.1812550340181129
2023-07-11,0.5496316094583564
2023-07-12,1.150085121968658
2023-07-13,1.5777784559968475
2023-07-14,-0.1759026311557998
2023-07-15,0.0
2023-07-16,0.0
2023-07-17,0.9299474849521872
2023-07-18,0.7630033916212975
2023-07-19,0.0305140920336288
2023-07-20,-2.052580861142228
2023-07-21,-0.2168764034348291
2023-07-22,0.0
2023-07-23,0.0
2023-07-24,0.1857115408316678
2023-07-25,0.6095045505843499
2023-07-26,-0.1221621414870144
2023-07-27,-0.5462475464587224
2023-07-28,1.8971367342880407
2023-07-29,0.0
2023-07-30,0.0
2023-07-31,0.2050713970966455
2023-08-01,-0.4329380345865719
2023-08-02,-2.173494215109273
2023-08-03,-0.0982611206114758
2023-08-04,-0.3616082068714332
2023-08-05,0.0
2023-08-06,0.0
2023-08-07,0.6122559882137724
2023-08-08,-0.7866008907301492
2023-08-09,-1.1689501365355404
2023-08-10,0.1163874099481487
2023-08-11,-0.6779785355134793
2023-08-12,0.0
2023-08-13,0.0
2023-08-14,1.0515357285537208
2023-08-15,-1.1406767356623049
2023-08-16,-1.1475265963829862
2023-08-17,-1.1703489942506915
2023-08-18,-0.1963621846486574
2023-08-19,0.0
2023-08-20,0.0
2023-08-21,1.5560378401998198
2023-08-22,0.0613463109588652
2023-08-23,1.5930862238648924
2023-08-24,-1.8734784615455744
2023-08-25,0.940886429747212
2023-08-26,0.0
2023-08-27,0.0
2023-08-28,0.8423400565617412
2023-08-29,1.7411719907285406
2023-08-30,0.5418180315595267
2023-08-31,0.1117041903629934
2023-09-01,-0.0225163025754149
2023-09-02,0.0
2023-09-03,0.0
2023-09-04,0.0
2023-09-05,-0.0773911229737245
2023-09-06,-1.0589900590306622
2023-09-07,-0.8912590971509537
2023-09-08,0.0923729163887721
2023-09-09,0.0
2023-09-10,0.0
2023-09-11,1.1362063076793438
2023-09-12,-1.0366463632020315
2023-09-13,0.2902615303253864
2023-09-14,0.8141255257291702
2023-09-15,-1.5633990228098638
2023-09-16,0.0
2023-09-17,0.0
2023-09-18,0.0139342738255887
2023-09-19,-0.2337654493255514
2023-09-20,-1.52842254938379
2023-09-21,-1.820083525776428
2023-09-22,-0.0920365729990435
2023-09-23,0.0
2023-09-24,0.0
2023-09-25,0.450435966933882
2023-09-26,-1.565103968908521
2023-09-27,0.2238221825791253
2023-09-28,0.8281670323690316
2023-09-29,0.1366537084952268
2023-09-30,0.0
2023-10-01,0.0
2023-10-02,0.6690905179622897
2023-10-03,-1.8658258553729048
2023-10-04,1.351816289320107
2023-10-05,-0.122239918121092
2023-10-06,1.5999431488532334
2023-10-07,0.0
2023-10-08,0.0
2023-10-09,0.393857881941817
2023-10-10,0.5828998001283558
2023-10-11,0.7140086063511575
2023-10-12,-0.6256366393108337
2023-10-13,-1.2301941561011387
2023-10-14,0.0
2023-10-15,0.0
2023-10-16,1.198979911434206
2023-10-17,-0.2522886057275797
2023-10-18,-1.6215032442043031
2023-10-19,-0.9622745399077814
2023-10-20,-1.534713783548236
2023-10-21,0.0
2023-10-22,0.0
2023-10-23,0.2658734913320915
2023-10-24,0.9336069859430474
2023-10-25,-2.425064995187376
2023-10-26,-1.759656099899698
2023-10-27,0.3763169289896284
2023-10-28,0.0
2023-10-29,0.0
2023-10-30,1.1585113500682365
2023-10-31,0.4828950306144497
2023-11-01,1.6358692885156012
2023-11-02,1.7817344295621318
2023-11-03,1.3847390311102048
2023-11-04,0.0
2023-11-05,0.0
2023-11-06,0.3004834383791177
2023-11-07,0.8956435098135707
2023-11-08,0.0773454010201124
2023-11-09,-0.944733231172945
2023-11-10,2.0460834618605483
2023-11-11,0.0
2023-11-12,0.0
2023-11-13,-0.2201034519488498
2023-11-14,2.372500082634854
2023-11-15,0.067118674366351
2023-11-16,0.0696978853553575
2023-11-17,0.0836816146358554
2023-11-18,0.0
2023-11-19,0.0
2023-11-20,1.1259780156814392
2023-11-21,-0.5918976898016903
2023-11-22,0.4639434748342275
2023-11-23,0.0
2023-11-24,-0.1052214294657405
2023-11-25,0.0
2023-11-26,0.0
2023-11-27,-0.0689788917464517
2023-11-28,0.2860766694800176
2023-11-29,-0.1629318209511399
2023-11-30,-0.2263248582567323
2023-12-01,0.5539809477836721
2023-12-02,0.0
2023-12-03,0.0
2023-12-04,-0.835650374571173
2023-12-05,0.3131363184569968
2023-12-06,-0.584685317046485
2023-12-07,1.366255998540966
2023-12-08,0.4461613372241491
2023-12-09,0.0
2023-12-10,0.0
2023-12-11,0.1980044970512962
2023-12-12,0.6991874209597793
2023-12-13,1.3799906761109648
2023-12-14,0.1873196984936376
2023-12-15,0.3547074502060265
2023-12-16,0.0
2023-12-17,0.0
2023-12-18,0.613542188136762
2023-12-19,0.660257722755575
2023-12-20,-1.5015396760213684
2023-12-21,1.2581569697390549
2023-12-22,0.194465797598542
2023-12-23,0.0
2023-12-24,0.0
2023-12-25,0.0
2023-12-26,0.5442589922190821
2023-12-27,0.163250921849456
2023-12-28,-0.0267566791449236
2023-12-29,-0.5550795886222426
2023-12-30,0.0
2023-12-31,0.0
2024-01-01,0.0
2024-01-02,-1.6348242234944357
2024-01-03,-1.1765621673558213
2024-01-04,-0.5613279720430908
2024-01-05,0.0949016078086284
2024-01-06,0.0
2024-01-07,0.0
2024-01-08,2.201168211605631
2024-01-09,0.0939143501127004
2024-01-10,0.7534164415768263
2024-01-11,0.003607559618346
2024-01-12,0.0171630143889434
2024-01-13,0.0
2024-01-14,0.0
2024-01-15,0.0
2024-01-16,-0.1897456226822358
2024-01-17,-0.5937327117390034
2024-01-18,1.3464956148553586
2024-01-19,1.6958373056834786
2024-01-20,0.0
2024-01-21,0.0
2024-01-22,0.3221240285939286
2024-01-23,0.4274033267473776
2024-01-24,0.3628919250833196
2024-01-25,0.1846029321248332
2024-01-26,-0.3554988455401142
2024-01-27,0.0
2024-01-28,0.0
2024-01-29,1.1172802417547256
2024-01-30,-0.7559466711257956
2024-01-31,-2.23012795884282
2024-02-01,1.3032824817912123
2024-02-02,1.740117285606213
2024-02-03,0.0
2024-02-04,0.0
2024-02-05,-0.2000806671063504
2024-02-06,0.0725769007108967
2024-02-07,0.9458623130085276
2024-02-08,0.235267882791712
2024-02-09,1.2470166654928727
2024-02-10,0.0
2024-02-11,0.0
2024-02-12,-0.3008653244606418
2024-02-13,-1.799901514048463
2024-02-14,1.3001787624161487
2024-02-15,0.2964820314573346
2024-02-16,-0.8205591408306456
2024-02-17,0.0
2024-02-18,0.0
2024-02-19,0.0
2024-02-20,-0.918314703992118
2024-02-21,-0.3193068764124063
2024-02-22,2.9571519211352597
2024-02-23,-0.2792723201286873
2024-02-24,0.0
2024-02-25,0.0
2024-02-26,-0.1285900078775381
2024-02-27,0.3696099190204194
2024-02-28,-0.5460426146002173
2024-02-29,0.9040759717745096
2024-03-01,1.1373441373127011
2024-03-02,0.0
2024-03-03,0.0
2024-03-04,-0.4143220330287578
2024-03-05,-1.6530603760192664
2024-03-06,0.5768667588931464
2024-03-07,1.5085253391797115
2024-03-08,-1.156917202239249
2024-03-09,0.0
2024-03-10,0.0
2024-03-11,-0.4093277501581061
2024-03-12,1.5379609957051343
2024-03-13,-0.540219254125307
2024-03-14,-0.3043636993182885
2024-03-15,-0.9632641594030876
2024-03-16,0.0
2024-03-17,0.0
2024-03-18,0.8156194047562515
2024-03-19,0.3933308886094222
2024-03-20,1.253310748131975
2024-03-21,0.1981115213709694
2024-03-22,0.1644965992048774
2024-03-23,0.0
2024-03-24,0.0
2024-03-25,-0.2699500544251276
2024-03-26,-0.4197298103708835
2024-03-27,0.5137342249128984
2024-03-28,-0.1223180366612286
2024-03-29,0.0
2024-03-30,0.0
2024-03-31,0.0
2024-04-01,0.1060481678206937
2024-04-02,-0.953720213403486
2024-04-03,0.2278863281492071
2024-04-04,-1.4030437387686057
2024-04-05,1.242684640827707
2024-04-06,0.0
2024-04-07,0.0
2024-04-08,0.0334826177673441
2024-04-09,0.3241037115053968
2024-04-10,-0.8357288798496176
2024-04-11,1.6810934405752542
2024-04-12,-1.62453557122334
2024-04-13,0.0
2024-04-14,0.0
2024-04-15,-1.793315000423834
2024-04-16,-0.1244539310204073
2024-04-17,-1.1464041399442126
2024-04-18,-0.5220186514490188
2024-04-19,-2.0478174173957586
2024-04-20,0.0
2024-04-21,0.0
2024-04-22,1.1078373020564358
2024-04-23,1.5877623641452845
2024-04-24,0.1026356718592635
2024-04-25,-0.6427279398895758
2024-04-26,2.025015947888842
2024-04-27,0.0
2024-04-28,0.0
2024-04-29,0.3464341573386376
2024-04-30,-2.0350255647543336
2024-05-01,-0.3342728598578648
2024-05-02,1.5089538105478306
2024-05-03,1.9908523092361683
2024-05-04,0.0
2024-05-05,0.0
2024-05-06,1.1940825728499194
2024-05-07,-0.1020868216431991
2024-05-08,-0.1824564273542717
2024-05-09,0.2668259891292823
2024-05-10,-0.0329717532620787
2024-05-11,0.0
2024-05-12,0.0
2024-05-13,0.2898873612469099
2024-05-14,0.7501687268846036
2024-05-15,1.40032960621852
2024-05-16,-0.2632259244638169
2024-05-17,-0.0739571953578765
2024-05-18,0.0
2024-05-19,0.0
2024-05-20,0.6526347159389712
2024-05-21,0.2247710278890258
2024-05-22,-0.1846419613332095
2024-05-23,-0.3899033617177028
2024-05-24,1.1039641622729413
2024-05-25,0.0
2024-05-26,0.0
2024-05-27,0.0
2024-05-28,0.5856216072961384
2024-05-29,-0.5834399316332561
2024-05-30,-1.0844781866387043
2024-05-31,-0.01231126854494
2024-06-01,0.0
2024-06-02,0.0
2024-06-03,0.5596072980382338
2024-06-04,0.1686458853061845
2024-06-05,1.962677894658782
2024-06-06,-0.0859979966375767
2024-06-07,-0.2328539208430902
2024-06-08,0.0
2024-06-09,0.0
2024-06-10,0.3466875843506356
2024-06-11,0.8784134188007497
2024-06-12,1.5273035793879508
2024-06-13,0.3357543063789547
2024-06-14,0.1206749083634495
2024-06-15,0.0
2024-06-16,0.0
2024-06-17,0.950533124235986
2024-06-18,0.0291814515344102
2024-06-19,0.0
2024-06-20,-0.7873631753103294
2024-06-21,-0.1818712036232295
2024-06-22,0.0
2024-06-23,0.0
2024-06-24,-1.088445649264791
2024-06-25,1.2621154825899206
2024-06-26,0.4939129269155407
2024-06-27,0.3005843855395707
2024-06-28,-0.7059876784354269
2024-06-29,0.0
2024-06-30,0.0
2024-07-01,0.8272964771473212
2024-07-02,0.8359330501992446
2024-07-03,0.8849250735993186
2024-07-04,0.0
2024-07-05,0.904202027187373
2024-07-06,0.0
2024-07-07,0.0
2024-07-08,0.2777809408560205
2024-07-09,0.1388241074891993
2024-07-10,1.1837687037744349
2024-07-11,-1.9522190849242784
2024-07-12,0.6291991565953836
2024-07-13,0.0
2024-07-14,0.0
2024-07-15,0.4028659854356853
2024-07-16,0.1990493506207835
2024-07-17,-2.768439750961882
2024-07-18,-0.6984485083873393
2024-07-19,-0.8073385271033628
2024-07-20,0.0
2024-07-21,0.0
2024-07-22,1.5830756353462316
2024-07-23,-0.0567578132287249
2024-07-24,-3.63908835100828
2024-07-25,-0.926569327315152
2024-07-26,1.0252765674276132
2024-07-27,0.0
2024-07-28,0.0
2024-07-29,0.0709669542889424
2024-07-30,-1.2825373737482826
2024-07-31,2.635851170667425
2024-08-01,-2.3026352660052707
2024-08-02,-2.4310025495816623
2024-08-03,0.0
2024-08-04,0.0
2024-08-05,-3.4339209494872347
2024-08-06,1.0294364623245844
2024-08-07,-1.0450394739652702
2024-08-08,2.8662349907374374
2024-08-09,0.511891656789687
2024-08-10,0.0
2024-08-11,0.0
2024-08-12,0.2108567305612929
2024-08-13,2.4254184750069685
2024-08-14,0.0290339061478794
2024-08-15,2.337635958240125
2024-08-16,0.2115473763107722
2024-08-17,0.0
2024-08-18,0.0
2024-08-19,1.3898180004721097
2024-08-20,-0.3346805921529139
2024-08-21,0.5727739128175591
2024-08-22,-1.6721959277882892
2024-08-23,1.4667933769104025
2024-08-24,0.0
2024-08-25,0.0
2024-08-26,-0.8503262384321975
2024-08-27,0.1638900990943437
2024-08-28,-1.1196453251911764
2024-08-29,-0.2255613083423591
2024-08-30,1.125739986075569
2024-08-31,0.0
2024-09-01,0.0
2024-09-02,0.0
2024-09-03,-3.259177894657106
2024-09-04,-0.3034493888955158
2024-09-05,0.2537966028295813
2024-09-06,-2.550436394346589
2024-09-07,0.0
2024-09-08,0.0
2024-09-09,1.160934059858132
2024-09-10,0.8367462259605718
2024-09-11,2.171097287436141
2024-09-12,1.0011215390628214
2024-09-13,0.650557000941343
2024-09-14,0.0
2024-09-15,0.0
2024-09-16,-0.519394428970954
2024-09-17,0.2042372682832471
2024-09-18,-0.3106397636846503
2024-09-19,2.507665992778008
2024-09-20,-0.3644955448014686
2024-09-21,0.0
2024-09-22,0.0
2024-09-23,0.1445774217207818
2024-09-24,0.5577417197717205
2024-09-25,0.042553862838246
2024-09-26,0.5977041489758417
2024-09-27,-0.3886646248835501
2024-09-28,0.0
2024-09-29,0.0
2024-09-30,0.3840047083019327
2024-10-01,-1.5328382112681838
2024-10-02,0.0824090980865666
2024-10-03,-0.0370355801984856
2024-10-04,1.2242619624335926
2024-10-05,0.0
2024-10-06,0.0
2024-10-07,-1.1795732314343057
2024-10-08,1.445106955545672
2024-10-09,0.5978094784393262
2024-10-10,-0.0523100732714776
2024-10-11,0.3330516505153147
2024-10-12,0.0
2024-10-13,0.0
2024-10-14,0.8709073069135931
2024-10-15,-1.0112022354858197
2024-10-16,0.2811279069593775
2024-10-17,0.0355489105901885
2024-10-18,0.6310213953266919
2024-10-19,0.0
2024-10-20,0.0
2024-10-21,0.2729054100447436
2024-10-22,0.214453854812513
2024-10-23,-1.6314472583482398
2024-10-24,0.7596569436006506
2024-10-25,0.5599587049413213
2024-10-26,0.0
2024-10-27,0.0
2024-10-28,0.2623311348128654
2024-10-29,0.7839665084609759
2024-10-30,-0.5601545069538139
2024-10-31,-2.7557031087636963
2024-11-01,0.8000460240717544
2024-11-02,0.0
2024-11-03,0.0
2024-11-04,-0.3286168655439958
2024-11-05,1.4256860922954528
2024-11-06,2.951872473414752
2024-11-07,1.50652237858655
2024-11-08,0.0898746437753006
2024-11-09,0.0
2024-11-10,0.0
2024-11-11,0.062117518770699
2024-11-12,-0.0899507284966572
2024-11-13,-0.262842358300086
2024-11-14,-0.6399672399173273
2024-11-15,-2.237487295715668
2024-11-16,0.0
2024-11-17,0.0
2024-11-18,0.5979159201779272
2024-11-19,1.0411990678702132
2024-11-20,-0.1123376486447447
2024-11-21,0.0331079316512328
2024-11-22,0.16460983300286
2024-11-23,0.0
2024-11-24,0.0
2024-11-25,0.2693664220967395
2024-11-26,0.6269322569991687
2024-11-27,-0.5936086733931978
2024-11-28,0.0
2024-11-29,0.8273110081539414
2024-11-30,0.0
2024-12-01,0.0
2024-12-02,0.9666856814682268
2024-12-03,0.3966251232281781
2024-12-04,1.304913283496889
2024-12-05,-0.1766362531262388
2024-12-06,0.8096835652052103
2024-12-07,0.0
2024-12-08,0.0
2024-12-09,-0.6197457524939054
2024-12-10,-0.2505446461395832
2024-12-11,1.765866553596385
2024-12-12,-0.6591040785879021
2024-12-13,0.1199871956086617
2024-12-14,0.0
2024-12-15,0.0
2024-12-16,1.240394370741793
2024-12-17,-0.321356347816526
2024-12-18,-3.5624294435839587
2024-12-19,-0.1027187173968324
2024-12-20,1.0314997956417882
2024-12-21,0.0
2024-12-22,0.0
2024-12-23,0.9824001606199452
2024-12-24,1.34708628852529
2024-12-25,0.0
2024-12-26,-0.0537737207680355
2024-12-27,-1.4901334813076983
2024-12-28,0.0
2024-12-29,0.0
2024-12-30,-1.1927790534834837
2024-12-31,-0.903175989823235
2025-01-01,0.0
2025-01-02,-0.1553535689448271
2025-01-03,1.7680325421069565
2025-01-04,0.0
2025-01-05,0.0
2025-01-06,1.239958989876877
2025-01-07,-1.8892582443783112
2025-01-08,-0.0554079302387156
2025-01-09,0.0
2025-01-10,-1.628686998448936
2025-01-11,0.0
2025-01-12,0.0
2025-01-13,-0.3837421278994335
2025-01-14,-0.2289855211858427
2025-01-15,2.451324660066412
2025-01-16,-0.8863685277409328
2025-01-17,1.509493188909139
2025-01-18,0.0
2025-01-19,0.0
2025-01-20,0.0
2025-01-21,0.6448231967207674
2025-01-22,1.2783487788161407
2025-01-23,0.2215957352728503
2025-01-24,-0.4955644440254314
2025-01-25,0.0
2025-01-26,0.0
2025-01-27,-3.069366899092285
2025-01-28,2.025453455245008
2025-01-29,-0.5131835213554647
2025-01-30,0.2517771038430316
2025-01-31,-0.2759436883153165
2025-02-01,0.0
2025-02-02,0.0
2025-02-03,-1.1997413936106094
2025-02-04,1.351377483662497
2025-02-05,0.1949247420563793
2025-02-06,0.5060861556485108
2025-02-07,-1.3570633401157828
2025-02-08,0.0
2025-02-09,0.0
2025-02-10,0.9776429146874044
2025-02-11,-0.3571532596649884
2025-02-12,0.0310012591403063
2025-02-13,1.5047947603236134
2025-02-14,0.4067500652163103
2025-02-15,0.0
2025-02-16,0.0
2025-02-17,0.0
2025-02-18,0.072354327303703
2025-02-19,0.0747968668152854
2025-02-20,-0.4681364911187313
2025-02-21,-2.195880763092417
2025-02-22,0.0
2025-02-23,0.0
2025-02-24,-1.214300141062297
2025-02-25,-1.3508581548304033
2025-02-26,0.2568492447579062
2025-02-27,-2.782870850894581
2025-02-28,1.6331563687400408
2025-03-01,0.0
2025-03-02,0.0
2025-03-03,-2.637462075666386
2025-03-04,-0.3543794304746273
2025-03-05,1.4633194908524991
2025-03-06,-2.605927488351933
2025-03-07,0.7026349676013233
2025-03-08,0.0
2025-03-09,0.0
2025-03-10,-4.000283369282231
2025-03-11,-0.1844522114810565
2025-03-12,1.217873343995035
2025-03-13,-1.957336017705169
2025-03-14,2.6069457524154904
2025-03-15,0.0
2025-03-16,0.0
2025-03-17,0.3073675585752999
2025-03-18,-1.7100725880162315
2025-03-19,1.4092107114519692
2025-03-20,-0.3332708361115988
2025-03-21,0.5223934560336208
2025-03-22,0.0
2025-03-23,0.0
2025-03-24,2.2747295735711326
2025-03-25,0.4578119137620406
2025-03-26,-2.040513973417113
2025-03-27,-0.5307007694424604
2025-03-28,-2.701855037861756
2025-03-29,0.0
2025-03-30,0.0
2025-03-31,-0.1368191724080536
2025-04-01,0.8705650385741004
2025-04-02,0.8662527433463518
2025-04-03,-5.968060766968586
2025-04-04,-5.817425293064171
2025-04-05,0.0
2025-04-06,0.0
2025-04-07,0.0992425900254945
2025-04-08,-2.149227881944238
2025-04-09,12.163161348672212
2025-04-10,-4.307511931190577
2025-04-11,2.0573869620679863
2025-04-12,0.0
2025-04-13,0.0
2025-04-14,0.6398982403674314
2025-04-15,-0.0493750201619458
2025-04-16,-3.067256456549472
2025-04-17,-0.1269991877130283
2025-04-18,0.0
2025-04-19,0.0
2025-04-20,0.0
2025-04-21,-2.5515063117136583
2025-04-22,2.70633373456064
2025-04-23,2.50073839403342
2025-04-24,2.741123349732466
2025-04-25,1.2635436155963742
2025-04-26,0.0
2025-04-27,0.0
2025-04-28,-0.0966959230073061
2025-04-29,0.5481327642628653
2025-04-30,-0.0857923025401219
2025-05-01,1.5155063640452937
2025-05-02,1.5075046601202846
2025-05-03,0.0
2025-05-04,0.0
2025-05-05,-0.742531069797947
2025-05-06,-0.8662743613326751
2025-05-07,0.274171462716688
2025-05-08,1.071026910776096
2025-05-09,0.0043467802451013
2025-05-10,0.0
2025-05-11,0.0
2025-05-12,4.3472776122114976
2025-05-13,1.6129170333668563
2025-05-14,0.7192007205055306
2025-05-15,-0.1801356643215457
2025-05-16,0.5168357125659773
2025-05-17,0.0
2025-05-18,0.0
2025-05-19,0.0227021264460614
2025-05-20,-0.378601378528598
2025-05-21,-1.410825840612473
2025-05-22,0.281357603475274
2025-05-23,-0.9961528296397736
2025-05-24,0.0
2025-05-25,0.0
2025-05-26,0.0
2025-05-27,2.465410782271072
2025-05-28,-0.511588539944674
2025-05-29,0.3922827339664758
2025-05-30,-0.3238424757678326
2025-05-31,0.0
2025-06-01,0.0
2025-06-02,0.6740682079448224
2025-06-03,0.8125278617521214
2025-06-04,0.3171783121438176
2025-06-05,-0.8326666680717576
2025-06-06,1.1995782530291654
2025-06-07,0.0
2025-06-08,0.0
2025-06-09,0.3138309011380125
2025-06-10,0.6316598567499998
2025-06-11,-0.5027107486322402
2025-06-12,0.2376104103309906
2025-06-13,-1.3002430170469537
2025-06-14,0.0
2025-06-15,0.0
2025-06-16,1.516893063884872
2025-06-17,-0.9142640740278152
2025-06-18,0.1289870990889507
2025-06-19,0.0
2025-06-20,-0.505771062053284
2025-06-21,0.0
2025-06-22,0.0
2025-06-23,0.943881706613814
2025-06-24,1.434257113455839
2025-06-25,0.3064476815839656
2025-06-26,0.9730837402353698
2025-06-27,0.5233600330041721
2025-06-28,0.0
2025-06-29,0.0
2025-06-30,0.4748549423642334
2025-07-01,-0.819057689575009
2025-07-02,0.941648588344024
2025-07-03,1.0197980458914957
2025-07-04,0.0
2025-07-05,0.0
2025-07-06,0.0
2025-07-07,-0.9153884098457632
2025-07-08,0.0291066776000104
