date,target_bitcoin_change_stockprice_next
2014-09-17,0.0
2014-09-18,-7.192557601231164
2014-09-19,-6.984264508683835
2014-09-20,3.573491642945359
2014-09-21,-2.46585445473928
2014-09-22,0.8352101649706567
2014-09-23,8.364741783421215
2014-09-24,-2.8880814347395978
2014-09-25,-2.7483091679796234
2014-09-26,-1.736994378879475
2014-09-27,-1.2128327693262777
2014-09-28,-5.591457216687113
2014-09-29,-0.454420890480145
2014-09-30,3.0567238732558177
2014-10-01,-0.8603337970520819
2014-10-02,-2.22697222086099
2014-10-03,-4.148536263261304
2014-10-04,-8.524332054467354
2014-10-05,-2.5408487399317115
2014-10-06,2.985554258083245
2014-10-07,1.8504665621736027
2014-10-08,4.983235561959076
2014-10-09,3.424377642532228
2014-10-10,-0.9489705523839986
2014-10-11,0.2038376510340001
2014-10-12,4.485245473017008
2014-10-13,3.1343339653187696
2014-10-14,2.6781810112118443
2014-10-15,-1.5209381938148914
2014-10-16,-3.0946924386217045
2014-10-17,0.3142012804338456
2014-10-18,2.00230107685242
2014-10-19,-0.4843619645193642
2014-10-20,-1.720204787552615
2014-10-21,0.9481656731152864
2014-10-22,-0.858274545359361
2014-10-23,-6.457126822962156
2014-10-24,-0.0200858129960623
2014-10-25,-3.090319409850706
2014-10-26,2.140407347467921
2014-10-27,-0.4835006905739236
2014-10-28,1.3113716357861849
2014-10-29,-6.15936763526368
2014-10-30,2.894591678226255
2014-10-31,-2.0225535163465924
2014-11-01,-3.7160037210550954
2014-11-02,0.0439004798792774
2014-11-03,0.5099810100901436
2014-11-04,0.8969571209719529
2014-11-05,2.721393533736638
2014-11-06,2.887900040604885
2014-11-07,-1.9682784596788183
2014-11-08,0.8974484091493373
2014-11-09,5.14518612438124
2014-11-10,1.0075326995947045
2014-11-11,0.2101241865214875
2014-11-12,15.19356972535464
2014-11-13,-0.667204784236497
2014-11-14,-5.446894835320326
2014-11-15,-5.450984603818732
2014-11-16,3.123627295980569
2014-11-17,-0.1222018648608824
2014-11-18,-3.1517139000605376
2014-11-19,1.4277780416720232
2014-11-20,-5.9689129758029535
2014-11-21,-1.9539471456759827
2014-11-22,0.5905752724699953
2014-11-23,4.151927933138033
2014-11-24,2.537728010287066
2014-11-25,-0.4120469378375846
2014-11-26,-1.859073972939984
2014-11-27,0.3529110209242958
2014-11-28,1.8332505458648285
2014-11-29,-0.2539517316604289
2014-11-30,0.6807086652250272
2014-12-01,0.3168913008591234
2014-12-02,0.5458232411423625
2014-12-03,-1.653486654186953
2014-12-04,-1.4415630832770754
2014-12-05,1.9615588368569137
2014-12-06,-0.5490190425720742
2014-12-07,0.082713437187909
2014-12-08,-3.5153773299456126
2014-12-09,-2.677469345310945
2014-12-10,-1.6620352688625162
2014-12-11,1.195565904542928
2014-12-12,0.5808688453609046
2014-12-13,-1.465353127259328
2014-12-14,1.2251800235389965
2014-12-15,-1.7879452125651896
2014-12-16,-5.294123105105797
2014-12-17,-2.227715381526163
2014-12-18,-2.6205859280311383
2014-12-19,2.070351272228921
2014-12-20,3.811003257872536
2014-12-21,-2.761885453548907
2014-12-22,3.4418702333968154
2014-12-23,0.809315472578076
2014-12-24,-3.5980281403652503
2014-12-25,-1.093218393697526
2014-12-26,2.7949191706238
2014-12-27,-3.677987651290127
2014-12-28,0.4356341361166027
2014-12-29,-1.4402390775512863
2014-12-30,-0.6182281104684106
2014-12-31,3.0430858466171
2015-01-01,-1.856380486469611
2015-01-02,0.2491718469025627
2015-01-03,-10.776686435849992
2015-01-04,-6.00785299812876
2015-01-05,3.890683553533014
2015-01-06,4.268162514326268
2015-01-07,2.8470732229305185
2015-01-08,-3.733137995621494
2015-01-09,2.4912706601556422
2015-01-10,-5.375884988044987
2015-01-11,-3.324643248414827
2015-01-12,0.804030075540374
2015-01-13,-15.659307504986518
2015-01-14,-21.144862196566883
2015-01-15,17.82170871915887
2015-01-16,-0.832520380537527
2015-01-17,-4.246580013191215
2015-01-18,5.560077444138201
2015-01-19,2.1498570488300173
2015-01-20,-1.6503647079460393
2015-01-21,7.373826066486888
2015-01-22,2.8687036825075785
2015-01-23,-0.2257902724911553
2015-01-24,6.427373211222287
2015-01-25,2.368800991891784
2015-01-26,7.786199419605744
2015-01-27,-3.6559317133278313
2015-01-28,-11.219285371519872
2015-01-29,-0.1718542245643162
2015-01-30,-3.035375941254781
2015-01-31,-3.957601154633905
2015-02-01,4.372215818707081
2015-02-02,4.959644263664864
2015-02-03,-4.601034448126962
2015-02-04,-0.1826075536871974
2015-02-05,-4.294412915336587
2015-02-06,2.374368050345965
2015-02-07,2.4691096133746093
2015-02-08,-1.906440844572399
2015-02-09,-1.477987715627227
2015-02-10,-0.1231184830305487
2015-02-11,-0.2974935951179147
2015-02-12,1.176636192482183
2015-02-13,6.161051351199998
2015-02-14,9.299703207167
2015-02-15,-8.742394206758973
2015-02-16,-0.4181814720187859
2015-02-17,4.176733190278581
2015-02-18,-2.990023629482219
2015-02-19,1.6743822791281504
2015-02-20,1.4549519225243168
2015-02-21,0.3097024774383117
2015-02-22,-3.499305494022753
2015-02-23,1.2352870086102197
2015-02-24,-0.0657191039411642
2015-02-25,-0.5298759655745333
2015-02-26,-0.439637150919947
2015-02-27,7.360446158209011
2015-02-28,0.1713749285236376
2015-03-01,2.335768613570588
2015-03-02,5.944619113169725
2015-03-03,2.188116997881684
2015-03-04,-3.056416169716836
2015-03-05,1.1300215372570532
2015-03-06,-1.251010933831587
2015-03-07,1.2972849702017175
2015-03-08,-0.6902829267430466
2015-03-09,5.55960201254011
2015-03-10,0.7434264975117566
2015-03-11,1.583146381445455
2015-03-12,-0.6832447344437664
2015-03-13,-3.063317696159995
2015-03-14,-1.2097960592830526
2015-03-15,1.5992321156832243
2015-03-16,1.4665098695448409
2015-03-17,-1.750896409855296
2015-03-18,-10.229590778743637
2015-03-19,1.806092727596176
2015-03-20,0.3146399996537985
2015-03-21,-0.6586459050732407
2015-03-22,3.051628783713256
2015-03-23,-0.4552923046751367
2015-03-24,-7.927191192851335
2015-03-25,0.2451210333641373
2015-03-26,0.948423984058766
2015-03-27,-0.604747371236869
2015-03-28,2.3353521367486696
2015-03-29,-3.9893537719022487
2015-03-30,1.9830019780040065
2015-03-31,-1.3340020604290626
2015-04-01,1.2480362956050373
2015-04-02,2.318500127551526
2015-04-03,0.5205435929551916
2015-04-04,-0.2457514429347607
2015-04-05,2.720168369522291
2015-04-06,-1.95933495525088
2015-04-07,-0.9049252731916368
2015-04-08,-3.2222093917192662
2015-04-09,-0.5493418074075107
2015-04-10,-3.1205325134396333
2015-04-11,0.2033259831241363
2015-04-12,-0.1686741485596776
2015-04-13,-4.897669844835296
2015-04-14,-2.4168847250684244
2015-04-15,2.132696373215137
2015-04-16,2.117652737018516
2015-04-17,-2.48979289387814
2015-04-18,0.2126681452022882
2015-04-19,-0.3384716303115209
2015-04-20,0.9101531540930408
2015-04-21,4.738093442808955
2015-04-22,-0.4645755847049293
2015-04-23,0.976193458012986
2015-04-24,-2.196547487883626
2015-04-25,-2.1092437640122363
2015-04-26,-3.074343713340466
2015-04-27,4.491638853663882
2015-04-28,-1.4963843511793695
2015-04-29,-0.0208085148442616
2015-04-30,4.577785409154522
2015-05-01,-1.7218274568252312
2015-05-02,1.2284601318028887
2015-05-03,2.3104793778690347
2015-05-04,-0.5575001990210771
2015-05-05,-1.2120439082948242
2015-05-06,-2.684642389966496
2015-05-07,3.286594262976261
2015-05-08,2.750978354589839
2015-05-09,-0.8328470512031005
2015-05-10,-0.6351498059588678
2015-05-11,0.774877430770915
2015-05-12,-0.4319515475265434
2015-05-13,-1.9638179020291524
2015-05-14,0.2335260857404097
2015-05-15,0.2853153774374783
2015-05-16,-0.6110965155271209
2015-05-17,0.2748227105015877
2015-05-18,-1.551505452393498
2015-05-19,-0.5065885374378132
2015-05-20,0.8928759974998535
2015-05-21,0.5666182682946053
2015-05-22,2.126254838070518
2015-05-23,-0.614115007973548
2015-05-24,0.8711816216392387
2015-05-25,-1.5949177941796957
2015-05-26,0.0025290810535594
2015-05-27,0.0704328042732571
2015-05-28,0.0526797105111054
2015-05-29,-0.1314242622376782
2015-05-30,-1.5820561845702352
2015-05-31,-1.3520747231747232
2015-06-01,-3.155657279341828
2015-06-02,1.2905623245084596
2015-06-03,0.0314429602198851
2015-06-04,-0.6862179097875454
2015-06-05,0.2799480698915113
2015-06-06,0.2965110150589645
2015-06-07,-1.2135531811591105
2015-06-08,2.516141704278896
2015-06-09,0.2446532398439949
2015-06-10,-0.1069690071674678
2015-06-11,0.3942291321283653
2015-06-12,0.1205863153364461
2015-06-13,1.0522554919354388
2015-06-14,0.4909624293621961
2015-06-15,1.4044517667339385
2015-06-16,5.941993109470145
2015-06-17,-0.6421043316909514
2015-06-18,-0.1111153550366061
2015-06-19,-1.767420558329735
2015-06-20,0.2477464987209909
2015-06-21,-0.5171057460715778
2015-06-22,1.248649380995226
2015-06-23,-1.0907324929045448
2015-06-24,-1.547714976149872
2015-06-25,0.9496275025787648
2015-06-26,0.3274305833777191
2015-06-27,3.03620431145335
2015-06-28,-0.7884791676710412
2015-06-29,3.2339911582594194
2015-06-30,2.3371595065360795
2015-07-01,-1.6919280358101751
2015-07-02,-1.240811692215693
2015-07-03,0.3617668560623066
2015-07-04,1.7750092920892246
2015-07-05,4.226753691082363
2015-07-06,-1.0602640054006462
2015-07-07,-1.0493246328231565
2015-07-08,1.7197154534223102
2015-07-09,-0.5749974388834178
2015-07-10,5.818865723357458
2015-07-11,2.885626732717705
2015-07-12,6.056331048085162
2015-07-13,-6.051790165209015
2015-07-14,-1.5716259884378525
2015-07-15,-0.5687596739571199
2015-07-16,-2.7079199384585477
2015-07-17,0.497321238485493
2015-07-18,-1.6355785675458256
2015-07-19,-0.4681639208717225
2015-07-20,1.961512791296327
2015-07-21,-1.1283850430048203
2015-07-22,0.5035572289903145
2015-07-23,-0.4231171035699033
2015-07-24,4.43001184888876
2015-07-25,0.1453374201565216
2015-07-26,1.381730255835523
2015-07-27,0.3204759593503414
2015-07-28,0.2734820902126067
2015-07-29,-1.642853944491296
2015-07-30,-0.6450538686529117
2015-07-31,-1.0676942077459284
2015-08-01,-1.0711332437264964
2015-08-02,0.3597289927436575
2015-08-03,-0.4907838460522007
2015-08-04,1.4191373730012335
2015-08-05,-1.1696311896514655
2015-08-06,-1.1724738757061592
2015-08-07,0.361837344966176
2015-08-08,-6.648419173359321
2015-08-09,1.5655346191397967
2015-08-10,-0.2312508058722739
2015-08-11,2.236921042127915
2015-08-12,-1.4830573516412149
2015-08-13,-0.8619471899818154
2015-08-14,0.6058793490122394
2015-08-15,-1.554124479284047
2015-08-16,-1.163829007468986
2015-08-17,-0.2054007687860903
2015-08-18,-18.178829052312683
2015-08-19,7.392972003082709
2015-08-20,3.8229430162150857
2015-08-21,-1.1816468184631113
2015-08-22,-0.936926611975286
2015-08-23,-0.9640145179374392
2015-08-24,-7.746017530329796
2015-08-25,5.279934758970639
2015-08-26,1.905157392221768
2015-08-27,-0.4702616070475285
2015-08-28,2.9483598646369518
2015-08-29,-0.6983687452389642
2015-08-30,-0.4434664452068082
2015-08-31,0.5660921922713502
2015-09-01,-0.8410984980383951
2015-09-02,0.5098146920115454
2015-09-03,-0.9163299471941166
2015-09-04,1.3711437526467307
2015-09-05,2.0499496117687643
2015-09-06,2.051323170935593
2015-09-07,0.0029201902462583
2015-09-08,1.567663762699678
2015-09-09,-2.23269260786767
2015-09-10,0.1297427606794299
2015-09-11,0.6834997042964641
2015-09-12,-2.031590429173191
2015-09-13,-2.005284390834228
2015-09-14,0.0572654733612676
2015-09-15,-0.1474117436522926
2015-09-16,-0.5266940357192551
2015-09-17,0.3138465194607365
2015-09-18,1.3772283967388832
2015-09-19,-0.6361239827747056
2015-09-20,-0.1213819014740047
2015-09-21,-1.7849414395180951
2015-09-22,1.555800426051368
2015-09-23,-0.1452581587625179
2015-09-24,1.843819174444561
2015-09-25,0.2622235272096374
2015-09-26,-0.3419185112492395
2015-09-27,-0.6755110431206468
2015-09-28,2.7432018813733805
2015-09-29,-1.026587487182895
2015-09-30,-0.2649063576558808
2015-10-01,0.6307711719417242
2015-10-02,-0.1077658539681336
2015-10-03,0.6055789527699362
2015-10-04,-0.1972911030961088
2015-10-05,0.8914638674640596
2015-10-06,2.362899222660775
2015-10-07,-1.2574053615949543
2015-10-08,-0.2736947109176935
2015-10-09,0.6714700936135909
2015-10-10,0.4140492630484882
2015-10-11,0.8610272834936872
2015-10-12,-0.7051221910595595
2015-10-13,1.712132083434792
2015-10-14,0.9943580371429396
2015-10-15,0.9250439208903672
2015-10-16,3.3615053738151213
2015-10-17,2.9562356021361813
2015-10-18,-3.324345547730978
2015-10-19,0.6856695232925647
2015-10-20,2.2874541953110006
2015-10-21,-1.1842105859227958
2015-10-22,2.910935805375714
2015-10-23,0.9024760150864396
2015-10-24,1.8654842966854712
2015-10-25,0.719322656973409
2015-10-26,0.5710642833521851
2015-10-27,2.975116352951379
2015-10-28,3.686337528027095
2015-10-29,3.0323221752396767
2015-10-30,4.51163854851635
2015-10-31,-4.222071832857665
2015-11-01,3.58568883406829
2015-11-02,10.987888563872117
2015-11-03,11.691385221725149
2015-11-04,2.0192496229717305
2015-11-05,-6.1251825583919945
2015-11-06,-3.075936204981211
2015-11-07,3.2077318260598453
2015-11-08,-3.393167944832398
2015-11-09,1.8450903235050609
2015-11-10,-11.423324118170564
2015-11-11,-7.64059786796728
2015-11-12,8.701184203697988
2015-11-13,-0.413724390407888
2015-11-14,-1.1423758568634534
2015-11-15,-3.826912259833104
2015-11-16,3.3061044786206084
2015-11-17,1.313068431412323
2015-11-18,-0.1504049047572175
2015-11-19,-2.5227919584780656
2015-11-20,-1.2653676109382728
2015-11-21,1.523187462643394
2015-11-22,-0.7313532368550923
2015-11-23,-0.4591233954424845
2015-11-24,-0.9286603434051854
2015-11-25,2.549634714172888
2015-11-26,7.45811999158692
2015-11-27,1.5192075210770817
2015-11-28,-0.1846096935644414
2015-11-29,3.8930424166492505
2015-11-30,1.6232441013328105
2015-12-01,-3.9311374787640463
2015-12-02,-0.910649404399244
2015-12-03,0.5175516404640979
2015-12-04,0.5918979811516678
2015-12-05,7.09449236987052
2015-12-06,-0.0426831339871425
2015-12-07,1.7369641734802377
2015-12-08,5.063250120130314
2015-12-09,0.4812748142638767
2015-12-10,-0.4990826374669854
2015-12-11,8.775168909191544
2015-12-12,-3.748518478903251
2015-12-13,-0.2855202146319513
2015-12-14,2.4038920210135872
2015-12-15,4.759086870479035
2015-12-16,-2.232227559952072
2015-12-17,0.2514677898586059
2015-12-18,1.6527862199764431
2015-12-19,-0.2791116689570549
2015-12-20,-4.2474711979715085
2015-12-21,-0.9139659153908576
2015-12-22,-0.4712341050152391
2015-12-23,1.3351772743957158
2015-12-24,2.8444746614998406
2015-12-25,0.1468245780990251
2015-12-26,-8.422862802476327
2015-12-27,1.329824385364864
2015-12-28,-0.1286605388470141
2015-12-29,2.534819448794612
2015-12-30,-1.4695742250116273
2015-12-31,0.925177209688144
2016-01-01,0.8748995929425352
2016-01-02,-0.2062989728192743
2016-01-03,-0.790655652199379
2016-01-04,0.7162647438718084
2016-01-05,-0.2611488010521356
2016-01-06,-0.6609363193875617
2016-01-07,6.744967414278147
2016-01-08,-1.051853325504415
2016-01-09,-1.2397719520954251
2016-01-10,0.0848962356237326
2016-01-11,0.0975492189284388
2016-01-12,-2.8405912064368044
2016-01-13,-0.7617802165628129
2016-01-14,-0.4775996611502853
2016-01-15,-15.33211392380016
2016-01-16,6.369213021713627
2016-01-17,-1.351358161965155
2016-01-18,1.273607279662592
2016-01-19,-1.812911310968357
2016-01-20,10.543504141779824
2016-01-21,-2.37203848309856
2016-01-22,-6.768842705359058
2016-01-23,1.3069535735354745
2016-01-24,3.994934358117752
2016-01-25,-2.790522118354033
2016-01-26,0.1090052584598044
2016-01-27,0.7188443331437089
2016-01-28,-3.7174746465929775
2016-01-29,-0.2143113364485804
2016-01-30,-0.3212325860960319
2016-01-31,-2.508362472225945
2016-02-01,1.163065427416332
2016-02-02,0.373133870498421
2016-02-03,-1.2015000596581338
2016-02-04,5.310188361482537
2016-02-05,-0.7815785037633582
2016-02-06,-2.593981038710347
2016-02-07,0.0260255556204791
2016-02-08,-0.8424948732218329
2016-02-09,0.6913968501225609
2016-02-10,1.4945643131907491
2016-02-11,-0.5227303585499055
2016-02-12,1.2140024574571084
2016-02-13,1.9770274144603304
2016-02-14,3.922325884072131
2016-02-15,-1.7299838513058163
2016-02-16,1.8249082493738025
2016-02-17,2.1679127316867275
2016-02-18,1.4534410875089776
2016-02-19,-0.3759667949825962
2016-02-20,3.892486105775461
2016-02-21,0.3737733848330871
2016-02-22,-0.2392942311986945
2016-02-23,-3.886252811778146
2016-02-24,1.002765205857803
2016-02-25,-0.0967114724136797
2016-02-26,1.7920407767467728
2016-02-27,0.0849248384108269
2016-02-28,0.2277322668384984
2016-02-29,0.9672328710496724
2016-03-01,-0.5880792374806099
2016-03-02,-2.558810389315269
2016-03-03,-0.5514323767648155
2016-03-04,-2.540490972492626
2016-03-05,-2.523242659897029
2016-03-06,1.78170938355513
2016-03-07,1.6222467752560863
2016-03-08,-0.0842413319337431
2016-03-09,0.214507387154339
2016-03-10,0.5474200191670997
2016-03-11,1.0929397114499917
2016-03-12,-2.387063829639424
2016-03-13,0.5930192514213672
2016-03-14,0.5730950034057658
2016-03-15,0.0941312517221293
2016-03-16,0.0434229210205749
2016-03-17,0.8656884320788816
2016-03-18,-2.632535700554939
2016-03-19,0.2187768185096583
2016-03-20,0.8066885218695807
2016-03-21,-0.1082761638138696
2016-03-22,1.1570049243740943
2016-03-23,-0.0114818021100804
2016-03-24,-0.3939739678459508
2016-03-25,0.1880405285714648
2016-03-26,0.1840958076543497
2016-03-27,2.110327236754528
2016-03-28,-0.5937757343340011
2016-03-29,-1.818583876313995
2016-03-30,-0.4081431986586503
2016-03-31,0.4611669609792423
2016-04-01,0.2953928181838483
2016-04-02,0.6969553173317822
2016-04-03,0.0073670348105681
2016-04-04,0.1282973209025151
2016-04-05,0.6136043065408936
2016-04-06,-0.1455096092982777
2016-04-07,-0.1577654149582108
2016-04-08,-0.5667710135955129
2016-04-09,-0.22314512070426
2016-04-10,0.5133352639766775
2016-04-11,0.2179992498810401
2016-04-12,0.640736011028098
2016-04-13,-0.3424336517753534
2016-04-14,0.1293273938423489
2016-04-15,1.2800447792337577
2016-04-16,0.1998958016413254
2016-04-17,-0.7369276722496432
2016-04-18,0.2789001935735946
2016-04-19,1.614126104469693
2016-04-20,1.3501454267428992
2016-04-21,1.8206117703021496
2016-04-22,-0.8206015200358463
2016-04-23,1.0196625886370605
2016-04-24,1.8372885211030088
2016-04-25,0.6260976858004641
2016-04-26,1.0105617014595225
2016-04-27,-4.591822169655291
2016-04-28,0.9723635940394272
2016-04-29,1.3554230788261457
2016-04-30,-1.4895707782496823
2016-05-01,0.7934115717358248
2016-05-02,-1.594687391943295
2016-05-03,1.267230044731571
2016-05-04,-0.7954628089030136
2016-05-05,0.2807178430441981
2016-05-06,2.5954478142589776
2016-05-07,-0.2321538569923453
2016-05-08,0.0026155869816468
2016-05-09,0.4219836398980714
2016-05-10,-2.082164305680912
2016-05-11,0.406526543244512
2016-05-12,0.4501586822668102
2016-05-13,0.1987884393882755
2016-05-14,0.0002143135319876
2016-05-15,0.4163098409817101
2016-05-16,-0.7441514332660049
2016-05-17,-0.0836714764326562
2016-05-18,0.1842287072227666
2016-05-19,-3.4983122389776966
2016-05-20,0.9028637197771028
2016-05-21,0.1156587242436613
2016-05-22,-0.8720882191243562
2016-05-23,1.0998742961110253
2016-05-24,0.4111152130561901
2016-05-25,0.8112479176510368
2016-05-26,0.8418621194288045
2016-05-27,4.428913780222743
2016-05-28,11.949375254117632
2016-05-29,-0.7182489988974194
2016-05-30,1.4501262555236538
2016-05-31,-0.4641682676279957
2016-06-01,1.041426895780817
2016-06-02,0.1959327249142495
2016-06-03,5.803645123122148
2016-06-04,0.6207058063578019
2016-06-05,0.3928573369656352
2016-06-06,1.8365948110822703
2016-06-07,-1.5268040508522596
2016-06-08,0.8754875243001337
2016-06-09,-1.2060645948779758
2016-06-10,0.494225118107372
2016-06-11,5.066413930986835
2016-06-12,10.887435032943138
2016-06-13,4.695709193584663
2016-06-14,-2.6714363056839163
2016-06-15,1.299665363834812
2016-06-16,10.34444876069811
2016-06-17,-2.270495309111209
2016-06-18,0.9771538594757656
2016-06-19,0.9989085573125944
2016-06-20,-3.47678097151718
2016-06-21,-9.572917176344395
2016-06-22,-10.580625586293744
2016-06-23,4.673748165334168
2016-06-24,6.62236302995558
2016-06-25,-0.0264580869133501
2016-06-26,-5.375845100310849
2016-06-27,4.116520224071096
2016-06-28,-1.2626832312067848
2016-06-29,-1.0990650975278071
2016-06-30,5.226985838745257
2016-07-01,0.439459812782017
2016-07-02,4.052368345860824
2016-07-03,-6.400155636164562
2016-07-04,3.795256122127389
2016-07-05,-1.906640033610929
2016-07-06,0.9996584316817492
2016-07-07,-5.428510178653701
2016-07-08,4.052847040600782
2016-07-09,-2.334951388298123
2016-07-10,-0.2457964494109843
2016-07-11,-0.2619485043585445
2016-07-12,2.6081670906665577
2016-07-13,-1.517266158241681
2016-07-14,0.5515907965864209
2016-07-15,0.7866851543552045
2016-07-16,-0.3751160648472362
2016-07-17,2.828826916516869
2016-07-18,-0.935003650652666
2016-07-19,-0.0359533844648152
2016-07-20,-1.0669341750207062
2016-07-21,-0.101094907543453
2016-07-22,-2.1643225766245777
2016-07-23,0.7588176149103898
2016-07-24,0.8739059068229693
2016-07-25,-1.0869728745036775
2016-07-26,-0.3536154935393054
2016-07-27,0.3939945100722264
2016-07-28,0.1043755362771126
2016-07-29,0.2987674445236399
2016-07-30,-0.29604733561579
2016-07-31,-4.635692848404204
2016-08-01,-2.946953200920699
2016-08-02,-9.699763217344737
2016-08-03,3.450440244883124
2016-08-04,2.107162717314925
2016-08-05,-0.5613061413004994
2016-08-06,2.21461433178669
2016-08-07,0.8356874837424755
2016-08-08,-0.2760273197432106
2016-08-09,-0.5503711393499366
2016-08-10,0.7318806479226669
2016-08-11,-0.5038029006446343
2016-08-12,-0.2649670922785896
2016-08-13,-0.3354570741573859
2016-08-14,-2.581164557109794
2016-08-15,-0.5667283288201208
2016-08-16,1.7980106868553447
2016-08-17,-0.7313365172209707
2016-08-18,0.1922468562501444
2016-08-19,0.2284469117050935
2016-08-20,1.0539785192048123
2016-08-21,-0.0668798483693056
2016-08-22,0.9366820136180064
2016-08-23,-0.5688957275192363
2016-08-24,-0.5541460732354953
2016-08-25,-0.4172863824260409
2016-08-26,0.3271274269398549
2016-08-27,-1.6741072603754348
2016-08-28,0.6956726977862093
2016-08-29,0.0339786114478268
2016-08-30,0.5915266884956027
2016-08-31,-0.3516875050003643
2016-09-01,-0.5506795171634882
2016-09-02,0.5650868352023108
2016-09-03,3.939796797275985
2016-09-04,1.7421913141426382
2016-09-05,-0.3358250452598632
2016-09-06,0.634027447757779
2016-09-07,0.6729669286737572
2016-09-08,1.9155621948398596
2016-09-09,-0.5516314720538151
2016-09-10,0.1040278962523677
2016-09-11,-2.692820597106127
2016-09-12,0.2511849523624709
2016-09-13,0.1640868709129384
2016-09-14,0.2368509503040794
2016-09-15,-0.5778752313614799
2016-09-16,-0.0299769955209416
2016-09-17,-0.1629419488637373
2016-09-18,0.6419335480833732
2016-09-19,-0.1060930071688059
2016-09-20,-0.15018671902981
2016-09-21,-1.8350821103800483
2016-09-22,-0.1425127066079112
2016-09-23,1.0974389712895327
2016-09-24,-0.0359928451691082
2016-09-25,-0.2985291400902312
2016-09-26,1.2011865582587822
2016-09-27,-0.3086975868828667
2016-09-28,-0.2372268065485849
2016-09-29,0.1595702161434564
2016-09-30,0.6673334895926697
2016-10-01,0.6966938000768419
2016-10-02,-0.5034247736243724
2016-10-03,0.2031401194242388
2016-10-04,-0.3151302293994518
2016-10-05,0.3780714176687905
2016-10-06,0.0832654069900629
2016-10-07,0.6688148712789665
2016-10-08,0.3219789316688537
2016-10-09,-0.3805405746458379
2016-10-10,0.3635179688199708
2016-10-11,3.5667554560928183
2016-10-12,-0.7612256843642973
2016-10-13,0.0933671163932503
2016-10-14,0.5640795997202019
2016-10-15,-0.2704644216381835
2016-10-16,0.4673927919097709
2016-10-17,-0.3799673569001127
2016-10-18,-0.1928949792304402
2016-10-19,-1.1662176602227792
2016-10-20,0.053443996577096
2016-10-21,0.3124334544218898
2016-10-22,3.8661379244760097
2016-10-23,-0.0339303962585524
2016-10-24,-0.5037503770162544
2016-10-25,0.5853861651613945
2016-10-26,3.150301255197508
2016-10-27,1.475587926682298
2016-10-28,0.1943901565265582
2016-10-29,3.6000822002042243
2016-10-30,-1.765620846155791
2016-10-31,-0.1270942506265582
2016-11-01,4.111582993933238
2016-11-02,1.5122026734456728
2016-11-03,-7.036572370709482
2016-11-04,2.1104941029334467
2016-11-05,0.0260289145743053
2016-11-06,1.1520806302859343
2016-11-07,-1.17930176908132
2016-11-08,0.9553043732787758
2016-11-09,1.8912481782264123
2016-11-10,-1.0699989578151436
2016-11-11,0.1225677835498428
2016-11-12,-1.585262434358825
2016-11-13,-0.4287629294803641
2016-11-14,0.4259057234537566
2016-11-15,0.9358618392210528
2016-11-16,4.578149071726068
2016-11-17,-0.4328160394457825
2016-11-18,1.431627752731912
2016-11-19,0.0041253961253318
2016-11-20,-2.7394342447511155
2016-11-21,1.1247185260575776
2016-11-22,1.636663102935887
2016-11-23,-0.898784564083277
2016-11-24,-0.5781664517385599
2016-11-25,0.1837100576763228
2016-11-26,-0.845004562109497
2016-11-27,-0.4551438316092282
2016-11-28,0.5160976285722985
2016-11-29,-0.0284018328472468
2016-11-30,1.371250706098892
2016-12-01,1.48627355359785
2016-12-02,2.797398335428269
2016-12-03,-0.8726772998926546
2016-12-04,0.3523260404520778
2016-12-05,-1.960530538438832
2016-12-06,0.7280857687529396
2016-12-07,0.5113710148497264
2016-12-08,0.3486351889043115
2016-12-09,0.2573927161487965
2016-12-10,0.2401698319553613
2016-12-11,-0.6349972494194334
2016-12-12,1.3453994691891902
2016-12-13,0.0601285742173107
2016-12-14,0.1185037021166568
2016-12-15,-0.4341763002112309
2016-12-16,0.8763751163498146
2016-12-17,0.7544839328655017
2016-12-18,-0.0378021295456942
2016-12-19,0.2762652751951755
2016-12-20,1.0296257433692224
2016-12-21,4.171061471996596
2016-12-22,3.626952064766198
2016-12-23,6.644462051690314
2016-12-24,-2.5121897000261906
2016-12-25,-0.2936107508335395
2016-12-26,1.2750746404257995
2016-12-27,2.819274039322206
2016-12-28,4.5781305307506015
2016-12-29,-0.2483819058644032
2016-12-30,-1.2592779521968134
2016-12-31,0.2606019471934617
2017-01-01,3.588304343929827
2017-01-02,2.346429019261209
2017-01-03,2.161973655034255
2017-01-04,10.6232773489654
2017-01-05,-12.24095485323401
2017-01-06,-10.971108130965924
2017-01-07,0.707606540293404
2017-01-08,0.2876948852891692
2017-01-09,-0.9186765912764572
2017-01-10,0.5373131059129843
2017-01-11,-14.31364995377372
2017-01-12,3.481417032449219
2017-01-13,2.3793757204392474
2017-01-14,-0.676229323013644
2017-01-15,0.4137263848341455
2017-01-16,1.1847221898321436
2017-01-17,9.188318458808965
2017-01-18,-2.348178796282996
2017-01-19,1.40477831009016
2017-01-20,-0.4501299759979593
2017-01-21,2.9901925149750097
2017-01-22,0.3128668451658267
2017-01-23,-0.3959183204682803
2017-01-24,-3.075422629804214
2017-01-25,0.9919468248676512
2017-01-26,1.7796183080420969
2017-01-27,0.2358363650162953
2017-01-28,0.2000572824646607
2017-01-29,-0.2272219875171788
2017-01-30,0.0963622887507176
2017-01-31,5.434808053482265
2017-02-01,1.9187899075688848
2017-02-02,2.302977514468041
2017-02-03,1.789884028979083
2017-02-04,1.2612742670015331
2017-02-05,-1.4919990631405144
2017-02-06,1.0522377161797936
2017-02-07,2.2347397414905545
2017-02-08,0.1620550000178244
2017-02-09,-6.461188271135343
2017-02-10,-0.5741232905460025
2017-02-11,1.5956726683781453
2017-02-12,-0.5245638777002348
2017-02-13,-0.8546000380438623
2017-02-14,1.403933871158447
2017-02-15,0.2916721627978402
2017-02-16,1.9811769290158263
2017-02-17,1.826872673993929
2017-02-18,0.7847452532812271
2017-02-19,-0.6211991953051998
2017-02-20,3.0643100290290715
2017-02-21,3.270437322740438
2017-02-22,0.1918669850659027
2017-02-23,4.410083036306922
2017-02-24,0.5965512875911516
2017-02-25,-2.5424380176076733
2017-02-26,1.8673928162882487
2017-02-27,1.267595275505751
2017-02-28,0.0
2017-03-01,3.604331495955959
2017-03-02,2.3321071382924385
2017-03-03,1.9168496080413044
2017-03-04,-1.5560879671428165
2017-03-05,0.953668523307627
2017-03-06,0.4506251151827012
2017-03-07,-3.872466762564919
2017-03-08,-6.010431756597667
2017-03-09,3.346955672554341
2017-03-10,-6.038756751926588
2017-03-11,5.2931788543501
2017-03-12,3.873863613830775
2017-03-13,0.8629614878549852
2017-03-14,0.6558831552744948
2017-03-15,0.7749988186743995
2017-03-16,-4.945537206188844
2017-03-17,-7.373239306348878
2017-03-18,-11.489596679671475
2017-03-19,6.46137137658247
2017-03-20,1.6870179986421707
2017-03-21,6.289904463186113
2017-03-22,-6.371929777163454
2017-03-23,-1.005590167262882
2017-03-24,-9.731457997404602
2017-03-25,3.7608767208616944
2017-03-26,-0.6223423989354604
2017-03-27,8.17658030376247
2017-03-28,0.1319606468954903
2017-03-29,-0.6856757430679705
2017-03-30,-1.3019526884062935
2017-03-31,4.419198871620012
2017-04-01,0.8126555220758114
2017-04-02,2.005557051856788
2017-04-03,3.778002757122989
2017-04-04,-0.9232353321610876
2017-04-05,-0.7474053124310598
2017-04-06,5.147675359266213
2017-04-07,-0.4887229879914523
2017-04-08,-0.0807267586437898
2017-04-09,1.013652318573066
2017-04-10,-0.0622955573772232
2017-04-11,1.5061539013646152
2017-04-12,-0.38506025766043
2017-04-13,-2.590031902395007
2017-04-14,-0.1488086848982828
2017-04-15,0.4265361616847762
2017-04-16,0.8886775237463063
2017-04-17,0.9273583881525216
2017-04-18,1.4875500881293524
2017-04-19,-0.1138927952959112
2017-04-20,1.5525135616866192
2017-04-21,-0.5719650045492797
2017-04-22,0.790467797831873
2017-04-23,-1.9891046412705893
2017-04-24,3.556967293677382
2017-04-25,1.2270499956597014
2017-04-26,1.231931184017121
2017-04-27,2.8608693970150645
2017-04-28,-0.0948601017300432
2017-04-29,0.4033527795735514
2017-04-30,1.9745931513033053
2017-05-01,5.46854417915732
2017-05-02,2.196115028087076
2017-05-03,2.565357092353304
2017-05-04,3.1931010352657774
2017-05-05,1.1562888473097388
2017-05-06,1.501179619354387
2017-05-07,1.1344002758720828
2017-05-08,7.931309865072889
2017-05-09,1.8574294379609
2017-05-10,1.8098862795306925
2017-05-11,3.4379111334029044
2017-05-12,-6.725737173444557
2017-05-13,4.678585603060226
2017-05-14,0.2216176941925995
2017-05-15,-3.896267870541803
2017-05-16,-0.2289480977716862
2017-05-17,6.033037423636123
2017-05-18,2.694814256769873
2017-05-19,5.245012852721076
2017-05-20,4.8809947848473145
2017-05-21,-2.0880416027349136
2017-05-22,6.476580165308032
2017-05-23,6.764517628472633
2017-05-24,5.310244475213688
2017-05-25,-5.674318565944015
2017-05-26,-4.449498887747083
2017-05-27,-7.425919332339514
2017-05-28,5.73504215526095
2017-05-29,4.6298384049117125
2017-05-30,-3.552925058061074
2017-05-31,5.099585050599131
2017-06-01,5.312694371196991
2017-06-02,3.3502570701906764
2017-06-03,1.0769342911445712
2017-06-04,-0.1407374291872321
2017-06-05,6.967087316227039
2017-06-06,6.565030230326219
2017-06-07,-4.576698843853599
2017-06-08,2.688722748347838
2017-06-09,0.6483394275232257
2017-06-10,4.3876854240490815
2017-06-11,0.3528212280786036
2017-06-12,-10.090233756359856
2017-06-13,2.1578241803352327
2017-06-14,-7.752975717127475
2017-06-15,-1.6673530687237204
2017-06-16,2.1902303336727824
2017-06-17,5.452314855474327
2017-06-18,-4.051005636447136
2017-06-19,1.621089356412031
2017-06-20,5.104646911540134
2017-06-21,-1.2010456698382854
2017-06-22,0.6065157064008231
2017-06-23,1.4600375278880584
2017-06-24,-4.9615450330605775
2017-06-25,-0.7402120124278988
2017-06-26,-4.285144674027697
2017-06-27,2.985737112222542
2017-06-28,0.8752409770216296
2017-06-29,-1.3775869164089127
2017-06-30,-2.302977919066862
2017-07-01,-1.8659017680522472
2017-07-02,2.954136100410776
2017-07-03,2.2976572057023192
2017-07-04,1.465637821486343
2017-07-05,0.0134568068874019
2017-07-06,0.2525016769485466
2017-07-07,-3.4463514147663243
2017-07-08,2.0915954364450373
2017-07-09,-2.057298711030131
2017-07-10,-5.792470188153198
2017-07-11,-1.4655064012102923
2017-07-12,2.611442764663652
2017-07-13,-1.706665890466874
2017-07-14,-5.282659129393608
2017-07-15,-10.499077315203142
2017-07-16,-3.453970741745427
2017-07-17,15.47242613977975
2017-07-18,4.05984420601897
2017-07-19,-1.9599959234089412
2017-07-20,23.93608698654388
2017-07-21,-5.3180040707432426
2017-07-22,5.336316119169271
2017-07-23,-2.836897054903753
2017-07-24,0.8958469804049018
2017-07-25,-6.475106538896503
2017-07-26,-1.8253597797534105
2017-07-27,5.626918139220716
2017-07-28,5.136275403063939
2017-07-29,-2.9391158560036046
2017-07-30,1.127105981004406
2017-07-31,4.285543895558908
2017-08-01,-5.463008664141544
2017-08-02,-0.2792259704133104
2017-08-03,3.469993075685429
2017-08-04,3.250220618176569
2017-08-05,12.328508084725742
2017-08-06,-1.1980033802367007
2017-08-07,5.133885604838184
2017-08-08,1.2133983057105446
2017-08-09,-2.2652436016542987
2017-08-10,1.1611191404536705
2017-08-11,7.965625016471445
2017-08-12,6.412330952976464
2017-08-13,4.853645464502643
2017-08-14,6.183496080363593
2017-08-15,-3.3108764571511906
2017-08-16,4.655737873358379
2017-08-17,-1.0268161258673911
2017-08-18,-3.949262909690476
2017-08-19,0.7950756664456327
2017-08-20,-2.528561372166072
2017-08-21,-2.101934204958411
2017-08-22,2.4684269727151875
2017-08-23,1.243744689870585
2017-08-24,4.411881802046103
2017-08-25,0.8517334700095969
2017-08-26,-0.4392029207519243
2017-08-27,0.7003028479147133
2017-08-28,-0.0050132919079404
2017-08-29,4.48038077972408
2017-08-30,-0.2996321218345477
2017-08-31,3.0247812397657503
2017-09-01,4.0102909480912885
2017-09-02,-6.403089141293461
2017-09-03,0.0915080117231736
2017-09-04,-7.563886774014906
2017-09-05,3.309949569863302
2017-09-06,5.040302313934197
2017-09-07,0.0600324889202141
2017-09-08,-8.06825161237863
2017-09-09,-0.0636107929352647
2017-09-10,-2.4401006080782994
2017-09-11,0.9296783040678048
2017-09-12,-0.7319871287980284
2017-09-13,-6.008990178251539
2017-09-14,-18.74110117851947
2017-09-15,15.295648927176453
2017-09-16,-0.3430903583139133
2017-09-17,-1.1630259471810844
2017-09-18,13.461798445242934
2017-09-19,-3.4495223396902253
2017-09-20,-0.4845901923637541
2017-09-21,-7.038234374377883
2017-09-22,-0.0093661289042867
2017-09-23,4.453685331933954
2017-09-24,-2.88893094806314
2017-09-25,6.604413296914613
2017-09-26,-0.858873380148717
2017-09-27,7.92117400755914
2017-09-28,-0.6175191550082948
2017-09-29,-0.2793032436720799
2017-09-30,4.2190053046182285
2017-10-01,1.4988389180881967
2017-10-02,0.1267011573524712
2017-10-03,-2.082857388696502
2017-10-04,-2.041008124788868
2017-10-05,2.3419689071315863
2017-10-06,0.9795721942507328
2017-10-07,1.2830591440306849
2017-10-08,4.147151568709995
2017-10-09,3.5037575208400678
2017-10-10,0.208930700268306
2017-10-11,0.9303604548152044
2017-10-12,12.854713544693784
2017-10-13,3.6773106025563607
2017-10-14,3.26851807178703
2017-10-15,-2.633841352782007
2017-10-16,0.8347713414463831
2017-10-17,-2.097252534707461
2017-10-18,-0.2643795986161823
2017-10-19,2.1076124657229967
2017-10-20,5.306632450176196
2017-10-21,0.3351920366813088
2017-10-22,-0.384312212446869
2017-10-23,-1.2998441965067942
2017-10-24,-6.807047502757236
2017-10-25,4.05598451180933
2017-10-26,2.6784148060926998
2017-10-27,-2.098793261475229
2017-10-28,-0.4810679835932641
2017-10-29,6.966000267519279
2017-10-30,-0.3789548352645444
2017-10-31,5.51127111404921
2017-11-01,4.621083432731066
2017-11-02,4.598428898807039
2017-11-03,1.826089787737506
2017-11-04,2.3889590564422525
2017-11-05,0.3720887026438468
2017-11-06,-5.192778346429916
2017-11-07,1.731799481206897
2017-11-08,4.413399955849262
2017-11-09,-4.237573756606549
2017-11-10,-7.355414731266851
2017-11-11,-3.936756153242693
2017-11-12,-6.410127519466624
2017-11-13,10.24223964020905
2017-11-14,1.1625867697059975
2017-11-15,10.244358799871913
2017-11-16,7.602308228430132
2017-11-17,-2.0668967939835303
2017-11-18,1.052792460507379
2017-11-19,3.1622027190662427
2017-11-20,2.04255103005504
2017-11-21,-1.5776803805438666
2017-11-22,2.258507895370454
2017-11-23,-2.6022716314653915
2017-11-24,2.67354843631642
2017-11-25,6.508961012823455
2017-11-26,6.138491620992981
2017-11-27,5.227985648203037
2017-11-28,2.4489879142509663
2017-11-29,-1.6919459222728528
2017-11-30,3.488753682745616
2017-12-01,7.250625667631683
2017-12-02,0.9020008338809892
2017-12-03,2.244781705038368
2017-12-04,2.949696148075409
2017-12-05,2.226091991663215
2017-12-06,19.928333899191664
2017-12-07,25.24716942763181
2017-12-08,-7.43196191102199
2017-12-09,-8.396201205323306
2017-12-10,1.826304777546084
2017-12-11,9.585001702858452
2017-12-12,2.8257970059188287
2017-12-13,-5.783393716386753
2017-12-14,0.949530043930502
2017-12-15,6.899905763251635
2017-12-16,10.111877067699492
2017-12-17,-1.828959770177696
2017-12-18,-0.138978315505267
2017-12-19,-6.99741582000456
2017-12-20,-6.480953495347553
2017-12-21,-4.942670729264509
2017-12-22,-12.473030502089644
2017-12-23,6.271059463505568
2017-12-24,-5.261513418067699
2017-12-25,0.7238349401918809
2017-12-26,14.780490304484273
2017-12-27,-1.6230003345223063
2017-12-28,-7.778514379518264
2017-12-29,0.3402608106835902
2017-12-30,-11.626478741365665
2017-12-31,9.297263608914186
2018-01-01,-3.526321533283927
2018-01-02,9.70110560814097
2018-01-03,1.4610795304552893
2018-01-04,2.619565787201505
2018-01-05,11.733292616101544
2018-01-06,0.5593964256002781
2018-01-07,-5.987336056512804
2018-01-08,-7.935014996092593
2018-01-09,-3.788368129071751
2018-01-10,2.5891678470515656
2018-01-11,-10.468634305373904
2018-01-12,4.287694975770973
2018-01-13,2.715195317395036
2018-01-14,-4.096044534981502
2018-01-15,0.3470796157965417
2018-01-16,-16.85480135462911
2018-01-17,-2.627391241677912
2018-01-18,2.558861620270214
2018-01-19,1.154694119247024
2018-01-20,11.129105236439107
2018-01-21,-10.071171594108495
2018-01-22,-5.764598936801968
2018-01-23,-0.5763214020962026
2018-01-24,4.517684133384825
2018-01-25,-0.8803281560753051
2018-01-26,-0.7815691506385392
2018-01-27,2.4106181433931617
2018-01-28,3.020790716258781
2018-01-29,-4.156515803778071
2018-01-30,-10.535219581320588
2018-01-31,1.1359232053877344
2018-02-01,-10.27834196380305
2018-02-02,-3.7052347802326016
2018-02-03,3.897292486481896
2018-02-04,-9.786476110758924
2018-02-05,-15.968807377551098
2018-02-06,11.483809805022926
2018-02-07,-1.711377293171268
2018-02-08,8.453807822469184
2018-02-09,5.703048831493129
2018-02-10,-1.3171607575021227
2018-02-11,-5.705588715872301
2018-02-12,9.798315081177211
2018-02-13,-3.6773444973354654
2018-02-14,10.424378247495737
2018-02-15,7.075267978887334
2018-02-16,0.6639518158486624
2018-02-17,8.58714440383399
2018-02-18,-5.047381651325356
2018-02-19,6.382797366007709
2018-02-20,1.589270609507487
2018-02-21,-6.2549855965233325
2018-02-22,-6.411363144322124
2018-02-23,2.959516335582202
2018-02-24,-4.7376427311783935
2018-02-25,-1.511655771599263
2018-02-26,7.263210586495439
2018-02-27,3.462041028492213
2018-02-28,-3.0552997565149287
2018-03-01,5.319339372337972
2018-03-02,1.2364203326180156
2018-03-03,3.6377885560451295
2018-03-04,0.1993038432094307
2018-03-05,0.5272501204946822
2018-03-06,-6.855429544313296
2018-03-07,-7.554152159264859
2018-03-08,-5.72531755818666
2018-03-09,-0.6116008644050375
2018-03-10,-5.050037906633486
2018-03-11,8.03778347408639
2018-03-12,-3.8994070153520632
2018-03-13,-0.1115738597840088
2018-03-14,-10.060415105858134
2018-03-15,0.3754715388062601
2018-03-16,0.4516309903399795
2018-03-17,-5.054594090041897
2018-03-18,3.875261583209833
2018-03-19,4.948766471821564
2018-03-20,3.276917997335538
2018-03-21,0.1773781407242936
2018-03-22,-2.248899583456509
2018-03-23,1.7316940467241304
2018-03-24,-2.381858651707613
2018-03-25,-1.9882032253830677
2018-03-26,-3.3708485106174635
2018-03-27,-4.584504758621555
2018-03-28,1.550355172457207
2018-03-29,-9.91617034794232
2018-03-30,-3.840241264367461
2018-03-31,1.2046952245941878
2018-04-01,-1.854151465198095
2018-04-02,3.500318149775872
2018-04-03,5.255795884397863
2018-04-04,-8.077536819799569
2018-04-05,-0.6181881962836755
2018-04-06,-2.5714036045156208
2018-04-07,4.1403974915207975
2018-04-08,1.6268081926749334
2018-04-09,-3.599192973886778
2018-04-10,0.9456851084145068
2018-04-11,1.9541295257440083
2018-04-12,13.215957347142847
2018-04-13,0.085051949646675
2018-04-14,1.1433729892771805
2018-04-15,4.293260747550409
2018-04-16,-3.246930563679795
2018-04-17,-1.943001508226172
2018-04-18,3.307100821331388
2018-04-19,1.6033678248838168
2018-04-20,6.649384172813311
2018-04-21,0.5624118885465323
2018-04-22,-1.0468133204319163
2018-04-23,1.4589094689994253
2018-04-24,8.583925965266449
2018-04-25,-8.78329224671307
2018-04-26,4.9263206888732425
2018-04-27,-3.1725437819185576
2018-04-28,4.021683109778507
2018-04-29,0.7551987685164407
2018-04-30,-1.8954109313936152
2018-05-01,-1.3152901248456694
2018-05-02,1.2820488107240011
2018-05-03,5.499619247287524
2018-05-04,-0.4423358338729533
2018-05-05,1.6224566817716557
2018-05-06,-2.0627661161558675
2018-05-07,-2.918652325920712
2018-05-08,-1.4743338221176572
2018-05-09,0.9784638135047709
2018-05-10,-3.0159124782280555
2018-05-11,-6.661368459868511
2018-05-12,0.7510452811321011
2018-05-13,2.575586401526597
2018-05-14,-0.0819628547745199
2018-05-15,-2.3679606291423294
2018-05-16,-1.6632607079429262
2018-05-17,-3.280150885412081
2018-05-18,1.935306557507688
2018-05-19,-0.0459344681667972
2018-05-20,3.2261975921692887
2018-05-21,-1.1072124702669384
2018-05-22,-4.480471395234408
2018-05-23,-6.018070301188894
2018-05-24,0.3905890880946172
2018-05-25,-1.4128760440268784
2018-05-26,-1.6612022186092146
2018-05-27,0.1677614673954108
2018-05-28,-3.151778498705937
2018-05-29,4.716929232239631
2018-05-30,-0.8841623265862797
2018-05-31,1.1834154516914053
2018-06-01,0.6308940673935393
2018-06-02,1.3525250098900043
2018-06-03,1.0047792910929054
2018-06-04,-2.665454941954604
2018-06-05,1.5874645500039364
2018-06-06,0.2648788469189478
2018-06-07,0.3169625994339675
2018-06-08,-0.6944340222814094
2018-06-09,-1.2188972783781835
2018-06-10,-9.903902597615176
2018-06-11,1.7816025003725366
2018-06-12,-4.699056341537011
2018-06-13,-3.5315595890501927
2018-06-14,5.125280718084646
2018-06-15,-3.2772815856963238
2018-06-16,1.4493753193281167
2018-06-17,-0.7769296552266991
2018-06-18,3.6242501693211526
2018-06-19,0.5214707758210091
2018-06-20,0.0976354788736477
2018-06-21,-0.6907581536569007
2018-06-22,-9.599929127557916
2018-06-23,1.2951028047344604
2018-06-24,0.1744427573650675
2018-06-25,1.230315338206989
2018-06-26,-2.488490482462502
2018-06-27,1.0414079159373646
2018-06-28,-4.120262950996379
2018-06-29,5.333498204544251
2018-06-30,2.986349985449644
2018-07-01,-0.283887816696593
2018-07-02,3.5760537855519248
2018-07-03,-1.2789239147277698
2018-07-04,1.0407998444580624
2018-07-05,0.6303905732049309
2018-07-06,0.5175348399594437
2018-07-07,2.748635285551071
2018-07-08,-1.2111876720297454
2018-07-09,-0.4743202325453666
2018-07-10,-6.108203429191239
2018-07-11,1.0230691178732654
2018-07-12,-2.5943303661489003
2018-07-13,0.1483388641944971
2018-07-14,0.6102918971790272
2018-07-15,1.330758780453012
2018-07-16,6.008356684760452
2018-07-17,8.59257669095561
2018-07-18,0.6794081964906162
2018-07-19,1.3035266406750123
2018-07-20,-1.5097374603627811
2018-07-21,0.8860348850009636
2018-07-22,-0.0107800703745053
2018-07-23,3.944463356578143
2018-07-24,9.24846981320644
2018-07-25,-2.8830914494162863
2018-07-26,-2.808936559110453
2018-07-27,2.6841166837664243
2018-07-28,0.3324016232566285
2018-07-29,0.3211558511255985
2018-07-30,-0.4621301393359478
2018-07-31,-4.890178082675012
2018-08-01,-1.998984457531061
2018-08-02,-0.7575204523413981
2018-08-03,-1.7544223034868245
2018-08-04,-5.401116052267385
2018-08-05,0.5066208196926381
2018-08-06,-1.650710988835713
2018-08-07,-2.857960428694062
2018-08-08,-6.623905761153514
2018-08-09,4.161727043509522
2018-08-10,-5.839016305331612
2018-08-11,1.795072367701156
2018-08-12,0.4282261313801161
2018-08-13,-0.3973011079191568
2018-08-14,-1.5539305797755087
2018-08-15,1.7550830487124358
2018-08-16,0.4154692520013103
2018-08-17,3.881774015655104
2018-08-18,-2.3838161388960444
2018-08-19,1.2813377460690445
2018-08-20,-3.036242223026264
2018-08-21,2.85692525210588
2018-08-22,-1.7268292976586608
2018-08-23,2.4804314896540447
2018-08-24,2.8321879123101024
2018-08-25,0.6433071137334379
2018-08-26,-0.8269792252739938
2018-08-27,2.644602673700392
2018-08-28,3.074084399978072
2018-08-29,-0.6921884479385465
2018-08-30,-0.9781269937524706
2018-08-31,0.8505036065358018
2018-09-01,2.2119808250405715
2018-09-02,1.1047887233691212
2018-09-03,-0.1740773173724008
2018-09-04,1.399438804035591
2018-09-05,-7.726926617796492
2018-09-06,-3.881447838641905
2018-09-07,-0.9511178051622272
2018-09-08,-3.727961044229555
2018-09-09,1.2027003467310005
2018-09-10,0.4577205755569746
2018-09-11,-0.1342875608278393
2018-09-12,0.4840791057003857
2018-09-13,2.6057221416850407
2018-09-14,-0.0705827652036306
2018-09-15,0.4681650888474609
2018-09-16,-0.3976650378188062
2018-09-17,-3.620890847021296
2018-09-18,1.4344330155602991
2018-09-19,0.4275459515334479
2018-09-20,1.8930862676956428
2018-09-21,3.3020118505568075
2018-09-22,-0.1925807091012643
2018-09-23,-0.1688505126350992
2018-09-24,-1.7169733478761051
2018-09-25,-2.258236226068677
2018-09-26,0.752811748738158
2018-09-27,2.798306389530403
2018-09-28,-0.4885628065675718
2018-09-29,-0.6346944237813346
2018-09-30,0.3574710812529469
2018-10-01,-0.5424438249508223
2018-10-02,-0.5086790882500303
2018-10-03,-0.8161903129785819
2018-10-04,1.1395474639611658
2018-10-05,0.6962474963919218
2018-10-06,-0.5159686699812593
2018-10-07,0.2222138391870798
2018-10-08,0.7463298025666587
2018-10-09,-0.1441598347945882
2018-10-10,-0.8597538085317824
2018-10-11,-5.000198336714945
2018-10-12,0.2931448132255543
2018-10-13,0.1818473285531752
2018-10-14,0.078586526896518
2018-10-15,4.857943972383971
2018-10-16,-0.0065212335361053
2018-10-17,-0.7834873671174969
2018-10-18,-1.0347763368972918
2018-10-19,-0.1744682833668909
2018-10-20,0.3678001021058641
2018-10-21,-0.1054036607305408
2018-10-22,0.0742023883512521
2018-10-23,-0.1760388459655537
2018-10-24,0.3103831940062251
2018-10-25,-0.3009588468581126
2018-10-26,-0.0237796493549713
2018-10-27,0.0869513542993916
2018-10-28,0.092745394790672
2018-10-29,-2.370505792364075
2018-10-30,0.0258997722763165
2018-10-31,-0.2630161991615365
2018-11-01,0.95241591641666
2018-11-02,0.1671452544474982
2018-11-03,-0.4254587353178851
2018-11-04,0.2337605715750701
2018-11-05,0.6827068180471185
2018-11-06,0.6441090083988854
2018-11-07,1.069962337180641
2018-11-08,-1.1702646539741737
2018-11-09,-1.055206847976109
2018-11-10,0.3695819234960096
2018-11-11,0.0319821229227246
2018-11-12,-0.6239013468180898
2018-11-13,-0.1848891213233616
2018-11-14,-9.767137204823372
2018-11-15,-1.5739770310788437
2018-11-16,-1.2832790057027754
2018-11-17,-0.3805853647771196
2018-11-18,1.246054158899823
2018-11-19,-13.37324531280254
2018-11-20,-8.613793664749824
2018-11-21,3.3761048892067214
2018-11-22,-5.133013002103715
2018-11-23,-0.4312949417012546
2018-11-24,-10.727813839138143
2018-11-25,3.329501453641903
2018-11-26,-5.756653779882259
2018-11-27,1.100520203864308
2018-11-28,11.429781677810569
2018-11-29,0.5032803483256965
2018-11-30,-6.113285765572329
2018-12-01,4.913869153262418
2018-12-02,-1.774608973859915
2018-12-03,-5.936094601974173
2018-12-04,1.6117316474361765
2018-12-05,-5.127732410744523
2018-12-06,-6.203872788383058
2018-12-07,-2.873093603554966
2018-12-08,1.6426468099122626
2018-12-09,3.9733909549867663
2018-12-10,-3.08719240546278
2018-12-11,-2.228819243544189
2018-12-12,1.8210090700773616
2018-12-13,-4.969183369802089
2018-12-14,-2.1484404643338006
2018-12-15,-0.176504895861207
2018-12-16,0.4967122690864523
2018-12-17,9.008303968836117
2018-12-18,4.235760433416402
2018-12-19,1.3498594166162723
2018-12-20,10.370951341077015
2018-12-21,-5.754047081632285
2018-12-22,3.019058043163869
2018-12-23,-0.3787170148421448
2018-12-24,1.9909800002112288
2018-12-25,-6.450950206818629
2018-12-26,1.0957144913857908
2018-12-27,-5.248858966405945
2018-12-28,7.36244771111243
2018-12-29,-2.637924423222937
2018-12-30,1.192122335365542
2018-12-31,-3.188145558095512
2019-01-01,2.693765683605087
2019-01-02,2.5989042281366226
2019-01-03,-2.704974336321264
2019-01-04,0.5467222626216461
2019-01-05,-0.3246206888826486
2019-01-06,6.018888861446059
2019-01-07,-1.260458883210791
2019-01-08,0.1391121483735213
2019-01-09,0.1103610564837653
2019-01-10,-8.831366819666354
2019-01-11,0.2294398221499571
2019-01-12,-0.7068584135981104
2019-01-13,-2.9592732102399437
2019-01-14,4.309066731460187
2019-01-15,-2.033888032864317
2019-01-16,0.6701657682214313
2019-01-17,0.6445166852939055
2019-01-18,-0.5633885824214646
2019-01-19,1.9336279435154813
2019-01-20,-3.4210097604695955
2019-01-21,-0.6937269182559769
2019-01-22,0.7982219951364833
2019-01-23,-0.5397055122244532
2019-01-24,0.4391043608488409
2019-01-25,-0.0305373633522454
2019-01-26,0.0748543148660019
2019-01-27,-0.5133888120898322
2019-01-28,-3.167312037855241
2019-01-29,-0.6435330653293936
2019-01-30,1.103927096757329
2019-01-31,-0.8143269325041613
2019-02-01,0.8720183739189036
2019-02-02,0.949426540517906
2019-02-03,-1.620175471744556
2019-02-04,-0.1402816444386112
2019-02-05,0.2082407730563673
2019-02-06,-1.5171430181290635
2019-02-07,-0.4187789950119369
2019-02-08,7.863239318839477
2019-02-09,0.1206328035468384
2019-02-10,0.5171224791767015
2019-02-11,-1.1315836951756086
2019-02-12,0.1397285808619086
2019-02-13,-0.5873228423961097
2019-02-14,-0.4182104127314678
2019-02-15,0.108655269372182
2019-02-16,0.247922555437019
2019-02-17,1.213530621263259
2019-02-18,6.583804009467542
2019-02-19,0.8013895832135631
2019-02-20,1.3358199164869689
2019-02-21,-1.1426110729454764
2019-02-22,1.300124202985553
2019-02-23,3.420280463327119
2019-02-24,-8.016830712779921
2019-02-25,1.8966060635805304
2019-02-26,-0.7298633937987575
2019-02-27,-0.0858910083642361
2019-02-28,0.0970654670471304
2019-03-01,0.1244774830594597
2019-03-02,0.1251766810436372
2019-03-03,-0.4461026478326246
2019-03-04,-2.225493640322596
2019-03-05,3.584097395669517
2019-03-06,0.1942222438324092
2019-03-07,0.1931828607010244
2019-03-08,-0.264676583378276
2019-03-09,1.5939510740166751
2019-03-10,-0.2955574050651166
2019-03-11,-1.173513521428382
2019-03-12,0.1006075903247527
2019-03-13,-0.0623910810357064
2019-03-14,0.4518334494236109
2019-03-15,0.9311558336655424
2019-03-16,2.217032756381765
2019-03-17,-0.5803511316403887
2019-03-18,0.1808175461678551
2019-03-19,0.9592756619634768
2019-03-20,0.4000337019458566
2019-03-21,-1.4226238767748978
2019-03-22,-0.132991010791672
2019-03-23,0.2946880672416219
2019-03-24,-0.3384239488298912
2019-03-25,-1.4692984758966188
2019-03-26,0.555383851780511
2019-03-27,2.5591790081793686
2019-03-28,-0.4394101700994079
2019-03-29,0.7192568960710188
2019-03-30,0.2021690430573874
2019-03-31,-0.0305810397553507
2019-04-01,1.285593446519373
2019-04-02,17.35601357404375
2019-04-03,1.9087371510277729
2019-04-04,-1.0099119772122078
2019-04-05,2.3133653881632465
2019-04-06,0.4593546775932822
2019-04-07,2.7487076967675605
2019-04-08,1.7479481496835758
2019-04-09,-1.6033302776742198
2019-04-10,2.297679449480783
2019-04-11,-4.884241466188555
2019-04-12,0.4946456691243162
2019-04-13,0.138467613563975
2019-04-14,1.3957526910101548
2019-04-15,-1.9469655345422328
2019-04-16,3.3244043472001383
2019-04-17,0.3128303240330199
2019-04-18,0.8843926567657423
2019-04-19,0.1024228524792114
2019-04-20,0.642438443454596
2019-04-21,-0.4375323763073035
2019-04-22,1.5962646635110156
2019-04-23,3.2040260809014454
2019-04-24,-1.9290850018550356
2019-04-25,-4.654296037177108
2019-04-26,1.3210308630683842
2019-04-27,-0.209441177273062
2019-04-28,0.3198028446280032
2019-04-29,-0.7149598137096702
2019-04-30,1.9700224573813152
2019-05-01,0.9712831055362026
2019-05-02,1.8988001869725712
2019-05-03,4.7773352676729886
2019-05-04,1.0900619522295596
2019-05-05,-0.6080940822531411
2019-05-06,-0.8437513242851802
2019-05-07,1.4389613933892154
2019-05-08,2.62382736516904
2019-05-09,3.2105750594205507
2019-05-10,3.309083475578345
2019-05-11,12.947827227172803
2019-05-12,-3.2256387707473637
2019-05-13,12.084029761159009
2019-05-14,2.296902470023965
2019-05-15,2.6362395040874453
2019-05-16,-3.903135076359554
2019-05-17,-6.8613811465161545
2019-05-18,-0.9897676229553398
2019-05-19,12.741781617539315
2019-05-20,-2.6761244415049346
2019-05-21,-0.1877771988834209
2019-05-22,-3.5570711565682367
2019-05-23,2.627324592835456
2019-05-24,1.3388347506898546
2019-05-25,0.8159425489589589
2019-05-26,7.7077738316635
2019-05-27,1.5284123299404315
2019-05-28,-0.974546520800379
2019-05-29,-0.6935191916087824
2019-05-30,-3.9264986075266295
2019-05-31,3.0654502684543283
2019-06-01,-0.1222852548150466
2019-06-02,2.089456554969216
2019-06-03,-6.107348224112064
2019-06-04,-6.105791439007158
2019-06-05,1.5109484866347334
2019-06-06,-0.0282201239563684
2019-06-07,2.837216433167966
2019-06-08,-1.1166557363197271
2019-06-09,-3.3448139582594405
2019-06-10,4.061515452790565
2019-06-11,-0.907653035534728
2019-06-12,2.7516514423324256
2019-06-13,1.0442903901259235
2019-06-14,5.624024585256682
2019-06-15,1.662580728863916
2019-06-16,1.7663120341691707
2019-06-17,3.622932707487103
2019-06-18,-2.5598800340442818
2019-06-19,2.111471038122104
2019-06-20,2.7350847496536934
2019-06-21,6.480383180815696
2019-06-22,5.49195775982847
2019-06-23,1.4360317604584338
2019-06-24,1.4346026862422256
2019-06-25,7.082074209722089
2019-06-26,10.392020009443502
2019-06-27,-14.085680731712602
2019-06-28,10.950072106017949
2019-06-29,-3.610453370408184
2019-06-30,-9.550801721584046
2019-07-01,-2.163420066523025
2019-07-02,2.0650116774459715
2019-07-03,10.73529339969792
2019-07-04,-6.2353918980041385
2019-07-05,-2.112958491922401
2019-07-06,2.095838770931313
2019-07-07,2.161705854451945
2019-07-08,7.293009429655473
2019-07-09,2.342955201413321
2019-07-10,-3.318800918078746
2019-07-11,-6.5631534794114765
2019-07-12,4.026215537942113
2019-07-13,-3.585036493032401
2019-07-14,-9.974390088768914
2019-07-15,6.230768322534974
2019-07-16,-13.009972955850602
2019-07-17,2.280748121735932
2019-07-18,10.034036323545138
2019-07-19,-1.2726782329064878
2019-07-20,2.244926725812757
2019-07-21,-1.5606204170657725
2019-07-22,-2.4152889523769483
2019-07-23,-4.276653919461193
2019-07-24,-0.8973223154060239
2019-07-25,1.018311979244002
2019-07-26,-0.4190753523789725
2019-07-27,-3.9778510171619375
2019-07-28,0.7932599028432463
2019-07-29,-0.3529293060845928
2019-07-30,0.927376519668166
2019-07-31,4.977443590680308
2019-08-01,3.1137477786644
2019-08-02,1.139515690337567
2019-08-03,2.8859736926716506
2019-08-04,1.3718514042569074
2019-08-05,7.615813067183441
2019-08-06,-2.7739623222421628
2019-08-07,4.040712476852915
2019-08-08,0.2046436150864972
2019-08-09,-0.8646764326666112
2019-08-10,-4.28993368016044
2019-08-11,1.4933443976921312
2019-08-12,-1.223256154903185
2019-08-13,-4.27657511938907
2019-08-14,-7.747238810719049
2019-08-15,2.5850521886593203
2019-08-16,0.6089578552864294
2019-08-17,-1.374494590816833
2019-08-18,1.1148285637548438
2019-08-19,5.511826854733437
2019-08-20,-1.3999682770833075
2019-08-21,-5.80850243386819
2019-08-22,-0.0689890142556381
2019-08-23,2.7332707357414776
2019-08-24,-2.38282805498643
2019-08-25,-0.2110574982218005
2019-08-26,2.2912889639430167
2019-08-27,-1.7869397686568034
2019-08-28,-4.23226300562074
2019-08-29,-2.503712008044423
2019-08-30,0.9250450148868828
2019-08-31,0.338504333811862
2019-09-01,1.3218884990569668
2019-09-02,6.033939401703048
2019-09-03,2.675033314982045
2019-09-04,-0.2734199230500889
2019-09-05,-0.178960528303651
2019-09-06,-2.1013642005712985
2019-09-07,1.5835734030373416
2019-09-08,-0.7224177456150227
2019-09-09,-1.0180916017754391
2019-09-10,-2.119008819226731
2019-09-11,0.6168113381149309
2019-09-12,2.2769346729666573
2019-09-13,-0.4762677568511009
2019-09-14,-0.024111148814232
2019-09-15,-0.0997865299875333
2019-09-16,-0.6853586494147135
2019-09-17,-0.3456475294145833
2019-09-18,-0.4201080893668663
2019-09-19,0.6684186526369817
2019-09-20,-0.8257355384274523
2019-09-21,-1.5903604843314323
2019-09-22,0.5057606145695059
2019-09-23,-3.3868427345709606
2019-09-24,-11.39604136496184
2019-09-25,-1.5494717619790932
2019-09-26,-4.336346023976723
2019-09-27,1.636635757099958
2019-09-28,-0.0718707580808719
2019-09-29,-1.7187842891431715
2019-09-30,2.340551263175872
2019-10-01,0.5957196587605074
2019-10-02,0.5964758065035269
2019-10-03,-1.5852393543526522
2019-10-04,-0.6543920762636879
2019-10-05,-0.6634092921928403
2019-10-06,-2.003860844973604
2019-10-07,3.2231129792197777
2019-10-08,-0.2042276690829569
2019-10-09,4.45943248463081
2019-10-10,-0.1078045788941106
2019-10-11,-3.0829512579344187
2019-10-12,0.177832979462833
2019-10-13,-0.1865255306161106
2019-10-14,0.6451222961466829
2019-10-15,-2.0217757684260373
2019-10-16,-1.9236463643636517
2019-10-17,0.7006410585064904
2019-10-18,-1.6128460830725944
2019-10-19,0.1925577291967073
2019-10-20,2.9231496307097427
2019-10-21,0.2632251578733369
2019-10-22,-2.0078018662405217
2019-10-23,-6.975948008239763
2019-10-24,-0.2818899590176671
2019-10-25,15.576341830619224
2019-10-26,6.74624969992299
2019-10-27,3.317935043243514
2019-10-28,-3.0943805493041765
2019-10-29,1.8532445072405368
2019-10-30,-2.354351875791383
2019-10-31,-0.0667150118005666
2019-11-01,0.6687207250242189
2019-11-02,0.6868865512063227
2019-11-03,-0.9583483749455834
2019-11-04,1.919339562438549
2019-11-05,-0.7445856545328811
2019-11-06,0.1964408386214478
2019-11-07,-0.9968973060571096
2019-11-08,-4.992474696740768
2019-11-09,0.0988221421046819
2019-11-10,2.745130584586919
2019-11-11,-3.2879179981060824
2019-11-12,0.6608292284490114
2019-11-13,-0.0839348646839655
2019-11-14,-1.1372046022572246
2019-11-15,-2.481628253345902
2019-11-16,0.6920467352055093
2019-11-17,0.318273947436376
2019-11-18,-3.1323177646423006
2019-11-19,-1.2412693864603863
2019-11-20,-2.17979855750734
2019-11-21,-4.790148568918983
2019-11-22,-4.529421520804034
2019-11-23,1.3872152579023078
2019-11-24,-4.729514593660699
2019-11-25,1.3935577984796277
2019-11-26,1.0108585540066883
2019-11-27,4.340210227484875
2019-11-28,-0.910258623634974
2019-11-29,3.9948206152910615
2019-11-30,-2.468853937775628
2019-12-01,-1.9200067188720915
2019-12-02,-1.3779656376399996
2019-12-03,-0.0251676643927334
2019-12-04,-0.930457458407874
2019-12-05,2.706453543109233
2019-12-06,1.3249850827323328
2019-12-07,0.1224488554758762
2019-12-08,0.1072944247803242
2019-12-09,-2.1607395767781146
2019-12-10,-1.658984648851669
2019-12-11,-0.8339019679128423
2019-12-12,0.3561799845493985
2019-12-13,0.3665580666065926
2019-12-14,-1.994732244362929
2019-12-15,0.3877781685729609
2019-12-16,-3.073434210495773
2019-12-17,-4.211556503438585
2019-12-18,9.58190117115909
2019-12-19,-1.0163597776861044
2019-12-20,0.2217480684069572
2019-12-21,-0.3831336508268057
2019-12-22,4.45589076158448
2019-12-23,-2.0762644491902904
2019-12-24,-0.4499437644974069
2019-12-25,-0.6469956481979233
2019-12-26,-0.4974321654276248
2019-12-27,0.7061999794407026
2019-12-28,0.3827368615925586
2019-12-29,1.4302095835631912
2019-12-30,-1.7467840376992116
2019-12-31,-1.3628967865274233
2020-01-01,0.0914034157563747
2020-01-02,-2.981929216259072
2020-01-03,5.145166344511276
2020-01-04,0.8954866877941559
2020-01-05,0.0089147906127795
2020-01-06,4.829126010697582
2020-01-07,5.077384643588934
2020-01-08,-1.0268587535248286
2020-01-09,-2.4850855645838776
2020-01-10,3.648690303834745
2020-01-11,-1.5798168776598898
2020-01-12,1.9279106453441
2020-01-13,-0.5895616628883604
2020-01-14,8.393344808628168
2020-01-15,-0.2350980919464507
2020-01-16,-0.9449813541879348
2020-01-17,2.352785247141642
2020-01-18,0.1542216270102647
2020-01-19,-2.6452928527155417
2020-01-20,-0.5582491465413786
2020-01-21,1.0193531591149665
2020-01-22,-0.7434180055016837
2020-01-23,-3.160514587505292
2020-01-24,0.4629616722148233
2020-01-25,-0.918684685986848
2020-01-26,2.736455433721608
2020-01-27,3.6407519395889274
2020-01-28,5.036808165148732
2020-01-29,-0.4483577295090302
2020-01-30,2.064730312029206
2020-01-31,-1.6664631518128026
2020-02-01,0.4528695839619789
2020-02-02,-0.516452796667688
2020-02-03,-0.5441113304621492
2020-02-04,-1.2111511652417528
2020-02-05,4.710409383547343
2020-02-06,1.2105773319493585
2020-02-07,0.6797836503646293
2020-02-08,0.7061676319697785
2020-02-09,2.549940694219166
2020-02-10,-2.5706324471686526
2020-02-11,3.5674025108068053
2020-02-12,1.1541499979814906
2020-02-13,-1.0814856987217514
2020-02-14,0.9568503349817404
2020-02-15,-4.09897830477971
2020-02-16,0.4551203932625647
2020-02-17,-2.459033152918644
2020-02-18,4.66302236506857
2020-02-19,-5.014884351152826
2020-02-20,-0.2585916411308786
2020-02-21,0.8114275736580634
2020-02-22,-0.2401270461409255
2020-02-23,2.704430011708836
2020-02-24,-2.7642741538078885
2020-02-25,-3.196519574056456
2020-02-26,-5.579095174048332
2020-02-27,-0.4084601617654115
2020-02-28,-1.2754184897438958
2020-02-29,-0.8411261679117432
2020-03-01,-0.4308930708592173
2020-03-02,3.587941221856461
2020-03-03,-0.9231886844013548
2020-03-04,-0.3702871072499114
2020-03-05,3.695117168590434
2020-03-06,0.4822595830994203
2020-03-07,-2.330399860322019
2020-03-08,-8.999349283790192
2020-03-09,-2.275148442478603
2020-03-10,-0.1756141256415655
2020-03-11,0.0215011600008585
2020-03-12,-37.16953856011708
2020-03-13,11.928067241286833
2020-03-14,-6.530552710121185
2020-03-15,3.6910617960912
2020-03-16,-7.006915676163484
2020-03-17,4.210793838741411
2020-03-18,0.2451203685560843
2020-03-19,18.187755736638024
2020-03-20,0.1225199953657663
2020-03-21,-0.221203491300348
2020-03-22,-5.736583896317804
2020-03-23,10.052048673231171
2020-03-24,4.963733427047878
2020-03-25,-0.7979552925792555
2020-03-26,0.5295181540467819
2020-03-27,-3.672214358569481
2020-03-28,-3.517953423460129
2020-03-29,-5.128819878390301
2020-03-30,8.574723804008189
2020-03-31,0.1369043695488514
2020-04-01,2.6112924097839496
2020-04-02,2.828128789998541
2020-04-03,-0.8866740365705117
2020-04-04,1.992164308903499
2020-04-05,-1.1124520572645125
2020-04-06,7.077642429487629
2020-04-07,-1.3114627068677276
2020-04-08,2.197254365887824
2020-04-09,-0.4364445986660414
2020-04-10,-5.979058460566089
2020-04-11,-0.0933677464505233
2020-04-12,1.6329994685138294
2020-04-13,-1.8082418492216368
2020-04-14,-0.0381278151363795
2020-04-15,-2.9275847531044064
2020-04-16,7.146740203164859
2020-04-17,-0.2897315751431484
2020-04-18,2.275595669052466
2020-04-19,-0.9402505352301916
2020-04-20,-4.276646838190478
2020-04-21,-0.0237614613220693
2020-04-22,3.4429236680519004
2020-04-23,4.391007132869618
2020-04-24,1.6309658285092787
2020-04-25,0.2520911948821203
2020-04-26,1.4522071498782596
2020-04-27,1.5069777105927384
2020-04-28,0.1469741643032707
2020-04-29,12.731805202323422
2020-04-30,-1.6189496467202469
2020-05-01,2.3816089558295506
2020-05-02,1.3968791699848548
2020-05-03,-1.0138170944239966
2020-05-04,0.1706726632223265
2020-05-05,1.0144678859214995
2020-05-06,2.9511199738283755
2020-05-07,7.366214135771076
2020-05-08,-1.0938284289408906
2020-05-09,-2.5274608612654736
2020-05-10,-8.729152140388742
2020-05-11,-1.7659566044374797
2020-05-12,2.3562712138033515
2020-05-13,5.287193516704303
2020-05-14,5.002535168149658
2020-05-15,-4.166180495059313
2020-05-16,0.5233209039209763
2020-05-17,3.132400103227817
2020-05-18,0.5773698991511145
2020-05-19,0.0253212520907375
2020-05-20,-2.117954918100662
2020-05-21,-4.633209978369557
2020-05-22,1.110086707949609
2020-05-23,0.2908765208909258
2020-05-24,-4.548874851409979
2020-05-25,1.3260696716498988
2020-05-26,-0.8070322664891605
2020-05-27,3.9158209254817056
2020-05-28,3.754849563286689
2020-05-29,-0.9093976247976698
2020-05-30,2.768159825145977
2020-05-31,-2.4674768232348376
2020-06-01,7.464386293982206
2020-06-02,-6.269774820259899
2020-06-03,1.3317594606312655
2020-06-04,1.4903505382374729
2020-06-05,-1.3785177382049874
2020-06-06,-0.1226369552087214
2020-06-07,1.0894586827723485
2020-06-08,0.1294898011771073
2020-06-09,0.2477712133863718
2020-06-10,0.7594610876882513
2020-06-11,-5.555301055894358
2020-06-12,1.706353064227928
2020-06-13,-0.0587121399400758
2020-06-14,-0.9338962291258746
2020-06-15,0.6808938469139436
2020-06-16,0.9239764861221244
2020-06-17,-0.6056760681470541
2020-06-18,-0.7216479234543938
2020-06-19,-1.3156009327927487
2020-06-20,0.4771982890003023
2020-06-21,-0.3076499032001578
2020-06-22,3.709174751916078
2020-06-23,-0.1975347477254474
2020-06-24,-3.282025643027875
2020-06-25,-0.5239308190707503
2020-06-26,-1.0998117562784016
2020-06-27,-1.2826410118569775
2020-06-28,1.085540805486218
2020-06-29,0.5170015512075743
2020-06-30,-0.5751513982724221
2020-07-01,0.988532488788163
2020-07-02,-1.1368806022981404
2020-07-03,-0.395756024273064
2020-07-04,0.4972274697731871
2020-07-05,-0.641072801130238
2020-07-06,3.32305643833104
2020-07-07,-1.314037643510968
2020-07-08,1.902835999413988
2020-07-09,-1.5948231171979632
2020-07-10,0.0090520227113088
2020-07-11,-0.4145030168397623
2020-07-12,0.3912550206798482
2020-07-13,-0.3545059255915528
2020-07-14,-0.0043315375764629
2020-07-15,-0.5450155524782674
2020-07-16,-0.6593108913667822
2020-07-17,0.2098616025556055
2020-07-18,0.0835660897750223
2020-07-19,0.2923597193133398
2020-07-20,-0.234992016501323
2020-07-21,2.298678850016933
2020-07-22,1.6050921443329758
2020-07-23,0.584848921034431
2020-07-24,-0.4611142289210002
2020-07-25,1.4702976045533722
2020-07-26,2.356629547567324
2020-07-27,10.96100707382146
2020-07-28,-0.7101328925793737
2020-07-29,1.7194865809297744
2020-07-30,0.0968075757646458
2020-07-31,1.91025870102548
2020-08-01,3.851523428168302
2020-08-02,-6.003426557590164
2020-08-03,1.7436321777176025
2020-08-04,-0.359726129861071
2020-08-05,4.828976175167332
2020-08-06,0.2788023660583505
2020-08-07,-1.513618086086388
2020-08-08,1.3151196120374076
2020-08-09,-0.6662100973708895
2020-08-10,1.7332698670629254
2020-08-11,-3.936534391564839
2020-08-12,1.5284938573538076
2020-08-13,1.7195015111304723
2020-08-14,-0.1295521314942926
2020-08-15,0.8227394765919493
2020-08-16,0.2284355138379323
2020-08-17,3.040482644811049
2020-08-18,-2.1475461465219614
2020-08-19,-1.9426708460436928
2020-08-20,1.021312934149976
2020-08-21,-2.406750780391065
2020-08-22,0.7706363621583279
2020-08-23,-0.1453329319575202
2020-08-24,0.9408442365399948
2020-08-25,-3.4690018052305094
2020-08-26,1.0753745063331488
2020-08-27,-1.435938403704018
2020-08-28,1.934954061432026
2020-08-29,-0.3087265811132722
2020-08-30,1.7784220187846422
2020-08-31,-0.2620119670643017
2020-09-01,2.4797762089964426
2020-09-02,-4.648471948812871
2020-09-03,-10.23947612464131
2020-09-04,2.601355576262887
2020-09-05,-3.255823502891142
2020-09-06,1.0893696409813414
2020-09-07,0.867790498409815
2020-09-08,-2.2956306264775628
2020-09-09,1.093923634990723
2020-09-10,1.1793293850096198
2020-09-11,0.3645263118018826
2020-09-12,0.3966560559340859
2020-09-13,-1.1340078630605377
2020-09-14,3.45883839286778
2020-09-15,1.0871177190313608
2020-09-16,1.648188444401355
2020-09-17,-0.2361299566313479
2020-09-18,-0.0402255987147825
2020-09-19,1.3683545731443925
2020-09-20,-1.4067993350005523
2020-09-21,-4.351800185522626
2020-09-22,0.7283340025915352
2020-09-23,-2.773397997272453
2020-09-24,5.015328206616498
2020-09-25,-0.6259218747560857
2020-09-26,0.5424892199001441
2020-09-27,0.228318569761976
2020-09-28,-0.6089609852421796
2020-09-29,1.2604356977915954
2020-09-30,-0.554646448346463
2020-10-01,-1.530337030017881
2020-10-02,-0.409414143543152
2020-10-03,-0.2519437573997196
2020-10-04,1.1399199427022166
2020-10-05,1.159903211277169
2020-10-06,-1.7504646058134066
2020-10-07,0.6088271090142428
2020-10-08,2.3124708925124526
2020-10-09,1.3629236597062944
2020-10-10,2.095930231275278
2020-10-11,0.7774212416643334
2020-10-12,1.503679807902314
2020-10-13,-1.1203790312466544
2020-10-14,0.031572323055462
2020-10-15,0.5760771167350187
2020-10-16,-1.506927308750361
2020-10-17,0.317771812548262
2020-10-18,1.1028058853915557
2020-10-19,2.252631185070797
2020-10-20,1.4843919324981414
2020-10-21,7.614375520341321
2020-10-22,1.1089019970212055
2020-10-23,-0.2649454439242693
2020-10-24,1.36506131750318
2020-10-25,-0.586575413986623
2020-10-26,0.3382214014740148
2020-10-27,4.427990207523247
2020-10-28,-2.804507535445777
2020-10-29,1.2553242153156674
2020-10-30,0.808458072996765
2020-10-31,1.730869726353168
2020-11-01,-0.3184511845067406
2020-11-02,-1.3585108198026608
2020-11-03,2.950532012761009
2020-11-04,1.3147117963686394
2020-11-05,10.231863433740653
2020-11-06,-0.0896528186293377
2020-11-07,-4.70340843373509
2020-11-08,4.353675277640923
2020-11-09,-0.9512665921690976
2020-11-10,-0.2701032738819942
2020-11-11,2.684194109497806
2020-11-12,3.6621327349900312
2020-11-13,0.2547552717421464
2020-11-14,-1.5300456580341737
2020-11-15,-0.7004593596581565
2020-11-16,4.766502135260464
2020-11-17,5.559276937282975
2020-11-18,0.8988152900985202
2020-11-19,0.0734889916254921
2020-11-20,4.513782084660201
2020-11-21,0.11233347035009
2020-11-22,-1.4602889964538843
2020-11-23,-0.0320133845930215
2020-11-24,4.0478046632625775
2020-11-25,-1.964382784787766
2020-11-26,-8.442706722639482
2020-11-27,-0.2461759144819719
2020-11-28,3.5597229157547927
2020-11-29,2.596712538731971
2020-11-30,7.967832801396635
2020-12-01,-4.192625951044282
2020-12-02,2.1171823185194727
2020-12-03,1.272358068017576
2020-12-04,-3.834494905807973
2020-12-05,2.430323742359741
2020-12-06,0.9965977245154134
2020-12-07,-0.7934312410408761
2020-12-08,-4.53576006387062
2020-12-09,1.2705073309037251
2020-12-10,-1.5572121156616547
2020-12-11,-1.1283218109780502
2020-12-12,4.1240151721379625
2020-12-13,1.8013866983980886
2020-12-14,0.5446642655266398
2020-12-15,0.8855135259981495
2020-12-16,9.751836309514529
2020-12-17,7.013245133867341
2020-12-18,1.459313582288413
2020-12-19,3.1630751548372027
2020-12-20,-1.644490454985592
2020-12-21,-2.871765647910318
2020-12-22,4.297433409580576
2020-12-23,-2.277605543803352
2020-12-24,2.128119094061298
2020-12-25,3.913227940938091
2020-12-26,7.185327832809496
2020-12-27,-0.6231492085078671
2020-12-28,3.092663485588698
2020-12-29,1.0250355112868093
2020-12-30,5.4034499850387885
2020-12-31,0.5574281038085438
2021-01-01,1.2841708408869223
2021-01-02,9.372577639540935
2021-01-03,2.0380066800975483
2021-01-04,-2.471200036033472
2021-01-05,6.319658000613337
2021-01-06,8.331071417326141
2021-01-07,6.91574669750421
2021-01-08,3.62338992996023
2021-01-09,-1.3311135341493308
2021-01-10,-4.715257321474942
2021-01-11,-7.273315912449108
2021-01-12,-4.621450217153877
2021-01-13,10.003249550509551
2021-01-14,5.013803011162588
2021-01-15,-6.027358971670127
2021-01-16,-1.7575563040677422
2021-01-17,-1.0693288117263444
2021-01-18,2.343579042859933
2021-01-19,-1.5295342507474663
2021-01-20,-1.4473454791977811
2021-01-21,-13.283684006020067
2021-01-22,7.072224005462169
2021-01-23,-2.842289017956734
2021-01-24,0.6914643868341619
2021-01-25,0.2385108493371923
2021-01-26,0.6286058316783416
2021-01-27,-6.562212475675022
2021-01-28,9.968113394222764
2021-01-29,2.540747568580648
2021-01-30,-0.1365623998647702
2021-01-31,-3.3708203284669613
2021-02-01,1.2768370405776608
2021-02-02,5.883361479570781
2021-02-03,5.524598174340745
2021-02-04,-1.457147012020921
2021-02-05,3.2991388091470286
2021-02-06,2.9406828078771152
2021-02-07,-0.9233693380855112
2021-02-08,18.746473766529935
2021-02-09,0.6161523959955284
2021-02-10,-3.362488605290981
2021-02-11,6.65910372634968
2021-02-12,-0.8442623839676311
2021-02-13,-0.8406213773231364
2021-02-14,3.421623595697554
2021-02-15,-1.585126109458379
2021-02-16,2.617188375203217
2021-02-17,5.994196027730325
2021-02-18,-0.8997504596578998
2021-02-19,8.14309690047519
2021-02-20,0.3782318501482029
2021-02-21,2.5676258785917394
2021-02-22,-5.791845963531039
2021-02-23,-9.930198541853995
2021-02-24,1.8042326886684945
2021-02-25,-5.253924200945182
2021-02-26,-1.6012490351298148
2021-02-27,-0.3265200081699504
2021-02-28,-2.2747754528746222
2021-03-01,9.955017057586456
2021-03-02,-2.5231161886280384
2021-03-03,4.463205996986197
2021-03-04,-3.9120359814156846
2021-03-05,0.7539701660092213
2021-03-06,-0.0304980523560538
2021-03-07,4.690649814679793
2021-03-08,2.0306565464276005
2021-03-09,4.9335220420617
2021-03-10,2.160424379838544
2021-03-11,3.207671484871621
2021-03-12,-0.8183206626845796
2021-03-13,6.821652767950437
2021-03-14,-3.16896103705584
2021-03-15,-5.725100456855314
2021-03-16,1.605702194966918
2021-03-17,3.6369962842253134
2021-03-18,-1.7189693893861602
2021-03-19,0.8429650137686817
2021-03-20,-0.0565719045979462
2021-03-21,-1.3551247955811196
2021-03-22,-5.205318540083804
2021-03-23,0.3847498123315862
2021-03-24,-3.589180749252308
2021-03-25,-2.027703192222297
2021-03-26,6.639992475218648
2021-03-27,1.5165759461888806
2021-03-28,-0.0406721399121567
2021-03-29,3.216137854506651
2021-03-30,2.021624519558274
2021-03-31,0.0019359634988669
2021-04-01,0.3003735077540703
2021-04-02,0.4881969011259368
2021-04-03,-2.998135029348026
2021-04-04,2.00448971410081
2021-04-05,0.5094138552963257
2021-04-06,-1.4655445594718208
2021-04-07,-3.6833390122360874
2021-04-08,4.058980823677527
2021-04-09,-0.1353632847567731
2021-04-10,2.6581343719059625
2021-04-11,0.6885903949730876
2021-04-12,-0.5174186540237491
2021-04-13,6.027376479221824
2021-04-14,-0.620063437737306
2021-04-15,0.3237480473297971
2021-04-16,-2.7501379378466195
2021-04-17,-1.4437688523377457
2021-04-18,-7.36215468265391
2021-04-19,-0.8750468945115109
2021-04-20,1.3436976092944253
2021-04-21,-4.545428763840265
2021-04-22,-3.97694659817468
2021-04-23,-1.2917150838772984
2021-04-24,-2.040928977310741
2021-04-25,-2.091099195802515
2021-04-26,10.238907033660748
2021-04-27,1.8721407731506323
2021-04-28,-0.3787066282106566
2021-04-29,-2.315733013830157
2021-04-30,7.833176806484676
2021-05-01,0.134848074393723
2021-05-02,-2.0698824187899145
2021-05-03,1.0051280367532334
2021-05-04,-6.760024652955021
2021-05-05,7.669599321369813
2021-05-06,-1.789307689659958
2021-05-07,1.7020319573156195
2021-05-08,2.523475916996243
2021-05-09,-0.9718099130935132
2021-05-10,-4.074231762821235
2021-05-11,1.512317249631967
2021-05-12,-13.32174549686006
2021-05-13,1.1508648851976444
2021-05-14,0.330563837155351
2021-05-15,-6.255641898138342
2021-05-16,-0.6504013831210576
2021-05-17,-6.282381595309616
2021-05-18,-1.4426855146374762
2021-05-19,-13.766122609163734
2021-05-20,10.216344466291028
2021-05-21,-8.528232829817227
2021-05-22,0.6217486259949112
2021-05-23,-7.36893688644572
2021-05-24,11.318183957815451
2021-05-25,-0.7847826326095597
2021-05-26,2.322721188521704
2021-05-27,-2.1815700174415475
2021-05-28,-7.126897282320166
2021-05-29,-3.029724398312339
2021-05-30,3.068120125307594
2021-05-31,4.637929771620186
2021-06-01,-1.7355481635803582
2021-06-02,2.426756732611457
2021-06-03,4.347513308215634
2021-06-04,-5.902658087058821
2021-06-05,-3.6386253505570334
2021-06-06,0.8731498936251025
2021-06-07,-6.418068028941804
2021-06-08,-0.2624325484799517
2021-06-09,11.569117681725526
2021-06-10,-1.720501684509279
2021-06-11,1.721406171757467
2021-06-12,-4.772764225685799
2021-06-13,9.972131894675185
2021-06-14,2.8661855288592664
2021-06-15,0.4669320789865594
2021-06-16,-5.096256237308472
2021-06-17,-0.7655308506355651
2021-06-18,-5.95545108824469
2021-06-19,-0.4788717174578294
2021-06-20,0.2314299179515533
2021-06-21,-11.26553328218126
2021-06-22,2.616961270137308
2021-06-23,3.74509295196066
2021-06-24,2.7856637741157764
2021-06-25,-8.72604012088013
2021-06-26,1.7336806155961115
2021-06-27,7.653470332064803
2021-06-28,-0.6213875976586625
2021-06-29,4.162825758718758
2021-06-30,-2.305527321430456
2021-07-01,-4.191448950075438
2021-07-02,0.967855812266083
2021-07-03,2.2760094790705843
2021-07-04,1.7861561294527206
2021-07-05,-4.369153540221515
2021-07-06,1.4496276584600176
2021-07-07,-1.1095808977648836
2021-07-08,-2.888635512966242
2021-07-09,2.800225791699673
2021-07-10,-0.8210311003178261
2021-07-11,2.146947537847921
2021-07-12,-3.166863042879076
2021-07-13,-1.3687548281983153
2021-07-14,0.3679352094793975
2021-07-15,-3.1734999531688124
2021-07-16,-1.1302175908234458
2021-07-17,0.3549453661488622
2021-07-18,0.8363987433579023
2021-07-19,-3.078857592278905
2021-07-20,-3.278895069501786
2021-07-21,7.727442675168827
2021-07-22,0.6303573302191001
2021-07-23,3.925482537500802
2021-07-24,2.1169199000986128
2021-07-25,3.0844758309330533
2021-07-26,5.621887171744144
2021-07-27,5.542428661506316
2021-07-28,1.4945713184850051
2021-07-29,0.0312922650677505
2021-07-30,5.566640461246641
2021-07-31,-1.4427457617713135
2021-08-01,-3.966975047450783
2021-08-02,-1.9335866368471728
2021-08-03,-2.675797936526192
2021-08-04,4.179289318710056
2021-08-05,2.822946527400849
2021-08-06,4.763803587748594
2021-08-07,4.062220829002827
2021-08-08,-1.7005273846830926
2021-08-09,5.861633606895556
2021-08-10,-1.6830892309838696
2021-08-11,0.0188778388739097
2021-08-12,-2.555943636254754
2021-08-13,7.574073458615982
2021-08-14,-1.457055076832292
2021-08-15,-0.1060395868959784
2021-08-16,-2.215910567498447
2021-08-17,-2.845646501173293
2021-08-18,0.2367765389513554
2021-08-19,4.277544261522093
2021-08-20,5.611587247171745
2021-08-21,-0.8789842693618932
2021-08-22,0.8509476904035029
2021-08-23,0.4551674225862445
2021-08-24,-3.7137725293038826
2021-08-25,2.630002081428562
2021-08-26,-4.122830434622349
2021-08-27,4.508626296557394
2021-08-28,-0.3185280633781984
2021-08-29,-0.148398256572102
2021-08-30,-3.6347609287579297
2021-08-31,0.2373885072616266
2021-09-01,3.562556399047523
2021-09-02,0.9840830417728652
2021-09-03,1.4143210068944922
2021-09-04,-0.1614180803242382
2021-09-05,3.6215812136941583
2021-09-06,1.7006125728580734
2021-09-07,-11.06216071695616
2021-09-08,-1.537536688532848
2021-09-09,0.6509485739778498
2021-09-10,-3.2495484247323514
2021-09-11,0.707484873520503
2021-09-12,1.906603363259252
2021-09-13,-2.3884438158555232
2021-09-14,4.73592610325122
2021-09-15,2.3015462091804384
2021-09-16,-0.8157286726135138
2021-09-17,-1.0795386730801604
2021-09-18,2.138558909002408
2021-09-19,-2.1089044077959085
2021-09-20,-9.344895316951952
2021-09-21,-5.01852067461992
2021-09-22,7.079311406361999
2021-09-23,3.03064775724482
2021-09-24,-4.578111561282839
2021-09-25,-0.2874812528084303
2021-09-26,1.151649205409777
2021-09-27,-2.251426719942695
2021-09-28,-2.844007873591181
2021-09-29,1.2911568502261384
2021-09-30,5.356827518164842
2021-10-01,9.87887304268893
2021-10-02,-0.8426411013467638
2021-10-03,1.0237887379882071
2021-10-04,1.89408735809844
2021-10-05,4.890588911725469
2021-10-06,7.46704982911468
2021-10-07,-2.809653406297008
2021-10-08,0.3008276553810418
2021-10-09,1.853649985027972
2021-10-10,-0.3577422040362044
2021-10-11,4.953684064585273
2021-10-12,-2.5114999851183484
2021-10-13,2.426861834211813
2021-10-14,-0.1386283921372633
2021-10-15,7.453440740995654
2021-10-16,-1.139348166745524
2021-10-17,1.086243756414218
2021-10-18,0.7675599893030238
2021-10-19,3.6047967727284025
2021-10-20,2.693417510228824
2021-10-21,-5.731931366129583
2021-10-22,-2.439964726427624
2021-10-23,1.1555863919028075
2021-10-24,-0.7537937512081094
2021-10-25,3.46128236844363
2021-10-26,-4.244985266320056
2021-10-27,-3.116779376295975
2021-10-28,3.658793903693369
2021-10-29,2.648913766352501
2021-10-30,-0.5449845794435637
2021-10-31,-0.9208042570786446
2021-11-01,-0.5129747739996526
2021-11-02,3.642353446805324
2021-11-03,-0.4054563588107407
2021-11-04,-2.4103783966732184
2021-11-05,-0.5313959884109654
2021-11-06,0.6573419146120196
2021-11-07,2.924722089691256
2021-11-08,6.695154718111462
2021-11-09,-0.8806096371717143
2021-11-10,-2.9513867421399387
2021-11-11,-0.0696505434683691
2021-11-12,-1.222509636324598
2021-11-13,0.488787056391704
2021-11-14,1.5469517787564335
2021-11-15,-2.915932332393234
2021-11-16,-5.344145330150951
2021-11-17,0.3436857419438999
2021-11-18,-5.674983989800575
2021-11-19,2.0677857806173483
2021-11-20,2.714433308698428
2021-11-21,-1.619370466132397
2021-11-22,-4.1565940596482776
2021-11-23,2.273585574742309
2021-11-24,-2.238438701660228
2021-11-25,1.7666069374003168
2021-11-26,-6.468677053655503
2021-11-27,2.324655494514305
2021-11-28,4.43925100444249
2021-11-29,0.9748898117819094
2021-11-30,-1.3858989986877734
2021-12-01,0.3936508510805847
2021-12-02,-1.3140205787574133
2021-12-03,-5.0985864817913455
2021-12-04,-8.204639683653358
2021-12-05,0.3417522933012007
2021-12-06,2.458589579002135
2021-12-07,0.2322159783127109
2021-12-08,-0.385184874717448
2021-12-09,-5.608726213196958
2021-12-10,-0.899511908452133
2021-12-11,4.4857216044006165
2021-12-12,1.4906619570362878
2021-12-13,-6.70851717099511
2021-12-14,-0.267125345649466
2021-12-15,4.900151967252708
2021-12-16,-2.518158289781846
2021-12-17,-3.0699007215741814
2021-12-18,1.3995731563123393
2021-12-19,-0.3025942762813871
2021-12-20,0.3709543768351198
2021-12-21,4.386356169401262
2021-12-22,-0.6295931447672265
2021-12-23,4.433669194360079
2021-12-24,0.0741490435773206
2021-12-25,-0.7719775485643066
2021-12-26,0.752840191714288
2021-12-27,-0.3328070621613999
2021-12-28,-6.025942562091624
2021-12-29,-2.404227880624954
2021-12-30,1.579112126431248
2021-12-31,-1.8476352917798256
2022-01-01,2.9809396471367267
2022-01-02,-0.7163274962024402
2022-01-03,-1.87368774698079
2022-01-04,-1.2065555013512697
2022-01-05,-5.073406061509756
2022-01-06,-0.9366159015892994
2022-01-07,-3.714070469186992
2022-01-08,0.4235994902819673
2022-01-09,0.4256970472081844
2022-01-10,-0.215548536400556
2022-01-11,2.1869109453241498
2022-01-12,2.8389418684672707
2022-01-13,-3.0888714484173407
2022-01-14,1.1930269358978671
2022-01-15,0.1802778677309158
2022-01-16,-0.1471129191397358
2022-01-17,-2.0024366790964976
2022-01-18,0.2960482856131374
2022-01-19,-1.489782324415878
2022-01-20,-2.548634039729203
2022-01-21,-10.381165615712485
2022-01-22,-3.914348468076912
2022-01-23,3.558509252717301
2022-01-24,1.0406744495611076
2022-01-25,0.8175727030871549
2022-01-26,-0.2757016878562668
2022-01-27,0.7763821260712289
2022-01-28,1.7397102127314046
2022-01-29,0.936493083845824
2022-01-30,-0.5783656346668664
2022-01-31,1.491453610450133
2022-02-01,0.676006528835682
2022-02-02,-4.620902943031036
2022-02-03,0.5456046132945147
2022-02-04,11.6978066100073
2022-02-05,-0.1438787435204647
2022-02-06,2.3437312952531157
2022-02-07,3.3665872045371525
2022-02-08,0.6344852805099555
2022-02-09,0.4994545046617338
2022-02-10,-1.7449359213132731
2022-02-11,-2.656198260703335
2022-02-12,-0.3854673432302613
2022-02-13,-0.1111462077505676
2022-02-14,0.9228086961576842
2022-02-15,4.668769779745485
2022-02-16,-1.37597522164965
2022-02-17,-7.788223029977336
2022-02-18,-1.2507647384577658
2022-02-19,0.2277728282687352
2022-02-20,-4.214073972532317
2022-02-21,-3.5286208687907883
2022-02-22,3.2656423712227323
2022-02-23,-2.584381561362292
2022-02-24,2.7778400368163814
2022-02-25,2.2998939789759643
2022-02-26,-0.2781397053842838
2022-02-27,-3.568234201898368
2022-02-28,14.541183928864609
2022-03-01,2.6888524570001016
2022-03-02,-0.9706302725009276
2022-03-03,-3.351981142193561
2022-03-04,-7.806935036049167
2022-03-05,0.671938064683042
2022-03-06,-2.4887994408395286
2022-03-07,-0.9316643885282638
2022-03-08,1.7740259990833174
2022-03-09,8.378639716414904
2022-03-10,-6.063095404577135
2022-03-11,-1.6291319622939393
2022-03-12,0.2810649293818468
2022-03-13,-2.7101257933814904
2022-03-14,4.80080837903738
2022-03-15,-0.8268101563720931
2022-03-16,4.588714481344902
2022-03-17,-0.467993171076464
2022-03-18,2.0750884742987363
2022-03-19,0.9317830622209256
2022-03-20,-2.2346848712323064
2022-03-21,-0.4117262624553253
2022-03-22,3.118001416322436
2022-03-23,1.261009115300782
2022-03-24,2.4898646221148013
2022-03-25,0.8821397620525806
2022-03-26,0.3429583093865096
2022-03-27,5.212631225612729
2022-03-28,0.65678873583499
2022-03-29,0.7166154611000009
2022-03-30,-0.8491735032190584
2022-03-31,-3.2382108229702333
2022-04-01,1.6315115388267687
2022-04-02,-0.8917040798352427
2022-04-03,1.2745379989237415
2022-04-04,0.3640395949819908
2022-04-05,-2.287907280900814
2022-04-06,-5.156849392240015
2022-04-07,0.6876459247305178
2022-04-08,-2.795577079433975
2022-04-09,1.1693070951357851
2022-04-10,-1.3427680050824398
2022-04-11,-6.3632259538124565
2022-04-12,1.5315083892861292
2022-04-13,2.590630046515185
2022-04-14,-2.9908006531745968
2022-04-15,1.5473675726454417
2022-04-16,-0.3180504286056762
2022-04-17,-1.7502542356175654
2022-04-18,2.7929174608607443
2022-04-19,1.6571096753378534
2022-04-20,-0.3093074404708074
2022-04-21,-2.04719840488542
2022-04-22,-1.942003883371624
2022-04-23,-0.63811726165236
2022-04-24,-0.0441604047562216
2022-04-25,2.505785005530892
2022-04-26,-5.785826787162362
2022-04-27,2.9478882606909007
2022-04-28,1.3575224570606004
2022-04-29,-2.926557389929385
2022-04-30,-2.317931347419566
2022-05-01,1.9997911964443784
2022-05-02,0.1565786170879102
2022-05-03,-2.021512021889172
2022-05-04,5.1599856624237495
2022-05-05,-7.867402068901796
2022-05-06,-1.4606061408683924
2022-05-07,-1.4954355270636377
2022-05-08,-4.063684876492268
2022-05-09,-11.046369999353145
2022-05-10,2.396125848050934
2022-05-11,-6.725839173272163
2022-05-12,0.3849706798608521
2022-05-13,0.8102229834508146
2022-05-14,2.793973353741141
2022-05-15,3.999325713567892
2022-05-16,-4.606900155712879
2022-05-17,1.8850785235190013
2022-05-18,-5.605711989808215
2022-05-19,5.550304428240649
2022-05-20,-3.673489084648807
2022-05-21,0.7927413013061102
2022-05-22,3.028979448282265
2022-05-23,-4.039123144227663
2022-05-24,1.9130468401079792
2022-05-25,-0.3143576713387941
2022-05-26,-0.9983529917456656
2022-05-27,-2.185551924250806
2022-05-28,0.6543557286537771
2022-05-29,2.190035821988534
2022-05-30,7.744470968730455
2022-05-31,0.2077763041316682
2022-06-01,-6.269536357891181
2022-06-02,2.243049790035867
2022-06-03,-2.504629358369581
2022-06-04,0.4326748833952898
2022-06-05,0.247203631266113
2022-06-06,4.895263002841332
2022-06-07,-0.6859698773187373
2022-06-08,-3.020730515832104
2022-06-09,-0.3387708269364409
2022-06-10,-3.414563715680452
2022-06-11,-2.4858994495164377
2022-06-12,-5.635107313782672
2022-06-13,-15.974726027617203
2022-06-14,-1.247791405304166
2022-06-15,1.6483554177098458
2022-06-16,-9.707194434960298
2022-06-17,0.4407495444594733
2022-06-18,-7.101780974085614
2022-06-19,8.07475952890373
2022-06-20,0.2251010260589048
2022-06-21,0.539140983048858
2022-06-22,-3.493710666319872
2022-06-23,5.497803800296652
2022-06-24,0.6913598955313738
2022-06-25,1.2748964915301864
2022-06-26,-2.209261947079333
2022-06-27,-1.3877981325425726
2022-06-28,-2.193553187871977
2022-06-29,-0.8708372798288844
2022-06-30,-1.588223750298734
2022-07-01,-2.604834458398897
2022-07-02,-0.1406965151537931
2022-07-03,0.2848954556089245
2022-07-04,4.841073013105235
2022-07-05,-0.2033807132101217
2022-07-06,1.7737930428710855
2022-07-07,5.301385782051415
2022-07-08,0.4322538045727464
2022-07-09,-0.6392223420980114
2022-07-10,-3.388990349346599
2022-07-11,-4.265931997884009
2022-07-12,-3.237979740682695
2022-07-13,4.596171114078618
2022-07-14,1.770455121291015
2022-07-15,1.2951348577769028
2022-07-16,1.6988995331921108
2022-07-17,-1.939436147960416
2022-07-18,8.211740099467768
2022-07-19,4.01919693193753
2022-07-20,-0.6742410894342465
2022-07-21,-0.2888442170667193
2022-07-22,-1.941107679491816
2022-07-23,-1.0983941711781742
2022-07-24,0.6395837363315726
2022-07-25,-5.517510011323534
2022-07-26,-0.5708686992848544
2022-07-27,7.960520302344309
2022-07-28,3.98306162434614
2022-07-29,-0.1646288070104473
2022-07-30,-0.6235163651508224
2022-07-31,-1.34979604487393
2022-08-01,-0.0972591434349356
2022-08-02,-1.4415336683737068
2022-08-03,-0.5727596126613665
2022-08-04,-0.9434736504108754
2022-08-05,2.909101108565171
2022-08-06,-1.4085221654344782
2022-08-07,0.9346662498644244
2022-08-08,2.733856978257987
2022-08-09,-2.709709734425869
2022-08-10,3.381598398870977
2022-08-11,0.0412847265351734
2022-08-12,1.8586602023192844
2022-08-13,0.0870801056134462
2022-08-14,-0.4288162539464846
2022-08-15,-0.7498615226969818
2022-08-16,-1.0510085263709
2022-08-17,-2.291530796119967
2022-08-18,-0.5281958173694035
2022-08-19,-10.05993139879252
2022-08-20,1.3819043648011895
2022-08-21,1.738918520335342
2022-08-22,-0.6279006699941081
2022-08-23,0.6036741981122917
2022-08-24,-0.6181150878381003
2022-08-25,0.9623023027591991
2022-08-26,-6.207539958496023
2022-08-27,-1.0773990107132536
2022-08-28,-2.1201944769558057
2022-08-29,3.472427641744291
2022-08-30,-2.4691382971281484
2022-08-31,1.2777568511970203
2022-09-01,0.3859245145793943
2022-09-02,-0.7818752974256604
2022-09-03,-0.6894600364241943
2022-09-04,0.7796708085036963
2022-09-05,-0.8722884940063236
2022-09-06,-4.919669232863699
2022-09-07,2.4029314602578067
2022-09-08,0.2048164933723395
2022-09-09,10.612188190716765
2022-09-10,1.4002365912589188
2022-09-11,0.4092001431295067
2022-09-12,2.7616624254801714
2022-09-13,-9.270006906083372
2022-09-14,-0.27402074343571
2022-09-15,-2.6672422800232853
2022-09-16,0.3622774615297697
2022-09-17,1.7953757980268437
2022-09-18,-3.5179114785287124
2022-09-19,0.6417415961943007
2022-09-20,-3.342895694578996
2022-09-21,-1.817757165880696
2022-09-22,4.669928789927913
2022-09-23,-0.5970680514919002
2022-09-24,-1.8687620763186417
2022-09-25,-0.7124358610731463
2022-09-26,2.2368473265013344
2022-09-27,-0.5832956039052206
2022-09-28,1.6544467837213528
2022-09-29,0.7532412719634118
2022-09-30,-0.72171538473359
2022-10-01,-0.6159667490729825
2022-10-02,-1.3876706359042923
2022-10-03,3.042792415591977
2022-10-04,3.634727552441341
2022-10-05,-0.8660486125090072
2022-10-06,-1.018185214187517
2022-10-07,-2.047530303595302
2022-10-08,-0.6665076603316944
2022-10-09,0.1537729083861627
2022-10-10,-1.568110303046133
2022-10-11,-0.470529894576166
2022-10-12,0.5565325579645286
2022-10-13,1.1768739552548313
2022-10-14,-1.0176392755898878
2022-10-15,-0.6151547950047354
2022-10-16,1.0513049302600663
2022-10-17,1.4670058500208416
2022-10-18,-1.1065647631146036
2022-10-19,-1.007947999140535
2022-10-20,-0.4482602172654282
2022-10-21,0.6231244583192241
2022-10-22,0.1863124858398901
2022-10-23,1.8680488353712168
2022-10-24,-1.1316781236911488
2022-10-25,3.878330120960949
2022-10-26,3.356831063305088
2022-10-27,-2.33314959115013
2022-10-28,1.525772100068279
2022-10-29,1.083375534148523
2022-10-30,-0.8784170461560437
2022-10-31,-0.6776156462742766
2022-11-01,-0.0512300744932581
2022-11-02,-1.5902620594443806
2022-11-03,0.2504246891926076
2022-11-04,4.63751969796804
2022-11-05,0.6405611254872046
2022-11-06,-1.6736843631552811
2022-11-07,-1.5466997985227438
2022-11-08,-10.006131594948432
2022-11-09,-14.349022466876317
2022-11-10,10.742489862358797
2022-11-11,-3.141443647663533
2022-11-12,-1.3802006476365758
2022-11-13,-2.6538209918333333
2022-11-14,1.6194463988263186
2022-11-15,1.6031463998783302
2022-11-16,-1.27437818409466
2022-11-17,0.1084507073608298
2022-11-18,0.0614816768100379
2022-11-19,0.0824632582321127
2022-11-20,-2.5115259939095247
2022-11-21,-3.0969374751391165
2022-11-22,2.5494274188105903
2022-11-23,2.600021570334854
2022-11-24,-0.0375793004370961
2022-11-25,-0.4975953615638517
2022-11-26,-0.3483906188103458
2022-11-27,-0.1193753713056855
2022-11-28,-1.3822428939733733
2022-11-29,1.4038085481754337
2022-11-30,4.400028931697086
2022-12-01,-1.1732697360023692
2022-12-02,0.7162515027905547
2022-12-03,-1.0558102652595158
2022-12-04,1.3144481522908036
2022-12-05,-0.908673304822849
2022-12-06,0.6755753090715411
2022-12-07,-1.412428087141393
2022-12-08,2.287183954169602
2022-12-09,-0.5821360340788395
2022-12-10,-0.0258430806320042
2022-12-11,-0.1432170261326582
2022-12-12,0.5977723618808328
2022-12-13,3.34108010083436
2022-12-14,0.1930792225645072
2022-12-15,-2.530276169357326
2022-12-16,-4.131220425223303
2022-12-17,0.8866650272798315
2022-12-18,-0.2209885770431241
2022-12-19,-1.899375344110854
2022-12-20,2.838406884258226
2022-12-21,-0.5250676176186131
2022-12-22,0.0761505209057933
2022-12-23,-0.1983838015767403
2022-12-24,0.3024520816182319
2022-12-25,-0.0342451024228807
2022-12-26,0.4620497716771643
2022-12-27,-1.1975957353969946
2022-12-28,-0.9846255365429936
2022-12-29,0.5423297950882588
2022-12-30,-0.2388838052975517
2022-12-31,-0.331814838708766
2023-01-01,0.4688563389617872
2023-01-02,0.3812951558856525
2023-01-03,-0.0516121662866742
2023-01-04,1.0994150293785143
2023-01-05,-0.1571581488857165
2023-01-06,0.6844106816741524
2023-01-07,0.0183422648180719
2023-01-08,0.8025112314249405
2023-01-09,0.6167530562816603
2023-01-10,1.4522576515372032
2023-01-11,2.800615102017323
2023-01-12,5.211579598824612
2023-01-13,5.511441660269112
2023-01-14,5.357847423830919
2023-01-15,-0.4552757413617381
2023-01-16,1.3832516023570829
2023-01-17,-0.038325091993141
2023-01-18,-2.233952436883801
2023-01-19,1.9238045679950355
2023-01-20,7.539125404137925
2023-01-21,0.4457126566322689
2023-01-22,-0.2511630794474806
2023-01-23,0.9419529327844068
2023-01-24,-1.2991945703908492
2023-01-25,2.1266153759075257
2023-01-26,-0.3680359408276712
2023-01-27,0.1995033911421417
2023-01-28,-0.2064180955322014
2023-01-29,3.228143207915801
2023-01-30,-3.930367092328346
2023-01-31,1.3097316769725251
2023-02-01,2.525948288865165
2023-02-02,-1.061797692681965
2023-02-03,-0.096067450417292
2023-02-04,-0.5009723012217249
2023-02-05,-1.612309690031044
2023-02-06,-0.8518883333286542
2023-02-07,2.215198672018692
2023-02-08,-1.3965290320121615
2023-02-09,-4.883996317743455
2023-02-10,-0.7693073387383564
2023-02-11,1.0146854341645195
2023-02-12,-0.3779998514005456
2023-02-13,0.0913266568419723
2023-02-14,1.8924303145655847
2023-02-15,9.392266116037783
2023-02-16,-2.8154173176657027
2023-02-17,3.9880964536483487
2023-02-18,0.3080558848008063
2023-02-19,-1.272802384591276
2023-02-20,2.0614650916729094
2023-02-21,-1.581991113645098
2023-02-22,-1.012875204423358
2023-02-23,-0.997780485063493
2023-02-24,-3.129201289670536
2023-02-25,-0.098076681669057
2023-02-26,1.6648614774302573
2023-02-27,-0.1627326956935015
2023-02-28,-1.596393470118429
2023-03-01,2.156606219747892
2023-03-02,-0.7235050302163204
2023-03-03,-4.740212916759257
2023-03-04,-0.0417216463115321
2023-03-05,0.3675693528523371
2023-03-06,-0.0256551263286497
2023-03-07,-0.9362039617430652
2023-03-08,-2.257851740628636
2023-03-09,-6.239311158608585
2023-03-10,-0.8632183779056501
2023-03-11,2.2051846825845045
2023-03-12,7.422977009964415
2023-03-13,9.175187888693824
2023-03-14,2.266929488309
2023-03-15,-1.4956444322371198
2023-03-16,2.7766213062754286
2023-03-17,9.464577453171527
2023-03-18,-1.6702594648891012
2023-03-19,3.9783493752593824
2023-03-20,-0.9680894177838352
2023-03-21,1.4714466837708162
2023-03-22,-3.0820008681536337
2023-03-23,3.7591779025402783
2023-03-24,-2.967065403073854
2023-03-25,0.0051717173554122
2023-03-26,1.8171608313816143
2023-03-27,-3.052194511765327
2023-03-28,0.4725228944394866
2023-03-29,3.96180637553154
2023-03-30,-1.11074503792854
2023-03-31,1.5871042968584437
2023-04-01,-0.2368427261150496
2023-04-02,-0.745226498561502
2023-04-03,-1.450701847050495
2023-04-04,1.35971982612757
2023-04-05,0.0351267384649967
2023-04-06,-0.4749940528704033
2023-04-07,-0.4217681389550476
2023-04-08,0.0785492277263211
2023-04-09,1.37848392136819
2023-04-10,4.658621825410658
2023-04-11,1.9629666758571809
2023-04-12,-0.3175315803583212
2023-04-13,0.8627134839524819
2023-04-14,0.2849851088919886
2023-04-15,-0.5484641300179338
2023-04-16,-0.0103587756803302
2023-04-17,-2.8708571396173888
2023-04-18,3.2348662229154
2023-04-19,-5.18092051895368
2023-04-20,-2.0008250880993006
2023-04-21,-3.4308522518338824
2023-04-22,1.9818587979846256
2023-04-23,-0.8128524647254443
2023-04-24,-0.2393679129772508
2023-04-25,2.841955147295372
2023-04-26,0.4066170397882152
2023-04-27,3.698050833184285
2023-04-28,-0.453030993708059
2023-04-29,-0.3127901120300924
2023-04-30,0.0694680667924441
2023-05-01,-4.022160164248023
2023-05-02,2.0966033026897257
2023-05-03,1.135862564681589
2023-05-04,-0.5467695268338013
2023-05-05,2.3803407820215394
2023-05-06,-2.1323001096775096
2023-05-07,-1.5556145829018653
2023-05-08,-2.6733637409259936
2023-05-09,-0.128178292725789
2023-05-10,-0.1338437104577927
2023-05-11,-2.2481076150133283
2023-05-12,-0.7251596524522896
2023-05-13,-0.0780157321161101
2023-05-14,0.5471927993601522
2023-05-15,0.9730726801279844
2023-05-16,-0.5738415341494774
2023-05-17,1.3394867282656264
2023-05-18,-2.067950762275983
2023-05-19,0.2158596853085281
2023-05-20,0.8905016115201336
2023-05-21,-1.3850552916312877
2023-05-22,0.3642513457661867
2023-05-23,1.394530375431691
2023-05-24,-3.2723027651064163
2023-05-25,0.5368887301425707
2023-05-26,0.9181223884829448
2023-05-27,0.5578834405180588
2023-05-28,4.53058267244435
2023-05-29,-1.20973437068298
2023-05-30,-0.1569067146993119
2023-05-31,-1.742420455507676
2023-06-01,-1.4683709247646393
2023-06-02,1.601855426947596
2023-06-03,-0.640233260391676
2023-06-04,0.1622799291266075
2023-06-05,-5.011119223804861
2023-06-06,5.7402171630208665
2023-06-07,-3.277624957004588
2023-06-08,0.6157244440365472
2023-06-09,-0.1050308177586778
2023-06-10,-2.375852931180167
2023-06-11,0.3439979419507688
2023-06-12,-0.1452109670044499
2023-06-13,0.0626523139658274
2023-06-14,-3.0636253390914137
2023-06-15,1.7979087727655774
2023-06-16,2.936568555264208
2023-06-17,0.6959002900740696
2023-06-18,-0.6580854145875503
2023-06-19,1.9547852547670663
2023-06-20,5.498705349618893
2023-06-21,6.000562340273241
2023-06-22,-0.3830368929937155
2023-06-23,2.618280743799839
2023-06-24,-0.478159948282264
2023-06-25,-0.2240147837737516
2023-06-26,-0.6861189753050945
2023-06-27,1.3776598074988875
2023-06-28,-1.961401038928634
2023-06-29,1.1935868224670187
2023-06-30,0.1047791829879685
2023-07-01,0.3701979825757595
2023-07-02,0.1003312450677196
2023-07-03,1.749367929268808
2023-07-04,-1.21598433108826
2023-07-05,-0.85586975402272
2023-07-06,-1.9821224171432168
2023-07-07,1.4474667943441766
2023-07-08,-0.1638790260079625
2023-07-09,-0.4004505286051452
2023-07-10,0.8061862007427312
2023-07-11,0.6788889103658935
2023-07-12,-0.7488490028050299
2023-07-13,3.568093437476372
2023-07-14,-3.6280934592069833
2023-07-15,-0.1261344778969442
2023-07-16,-0.1540603578530031
2023-07-17,-0.3413127287481665
2023-07-18,-0.9597533349379406
2023-07-19,0.1921230152500008
2023-07-20,-0.4075299643919727
2023-07-21,0.3918114071041367
2023-07-22,-0.4578641136054662
2023-07-23,1.0504447141318265
2023-07-24,-3.016908602087709
2023-07-25,0.1729950120429757
2023-07-26,0.4365152978824893
2023-07-27,-0.4915119656712763
2023-07-28,0.3716332707559111
2023-07-29,0.1284885528077373
2023-07-30,-0.2779902682116475
2023-07-31,-0.1543869827375643
2023-08-01,1.5245275282999904
2023-08-02,-1.7649890828436932
2023-08-03,0.0916600600986194
2023-08-04,-0.3584394213347663
2023-08-05,-0.109942707663313
2023-08-06,-0.00093479508384
2023-08-07,0.4776645775930843
2023-08-08,2.0044635853149417
2023-08-09,-0.6853508270246889
2023-08-10,-0.4461964714047806
2023-08-11,-0.1083159880198691
2023-08-12,0.0620796551602742
2023-08-13,-0.4523080645381871
2023-08-14,0.4286776125049352
2023-08-15,-0.8096168172366025
2023-08-16,-1.6063173634291772
2023-08-17,-7.097917151940503
2023-08-18,-2.306411031148714
2023-08-19,0.1790757445262913
2023-08-20,0.357825614760654
2023-08-21,-0.2498831574187843
2023-08-22,-0.3540188223894902
2023-08-23,1.5365306423789304
2023-08-24,-1.018731988472621
2023-08-25,-0.4384352975912553
2023-08-26,-0.1505128143219347
2023-08-27,0.3123232199134795
2023-08-28,0.0630786687421336
2023-08-29,6.2101924766441385
2023-08-30,-1.5512708305083889
2023-08-31,-5.00340578984273
2023-09-01,-0.5042060225742162
2023-09-02,0.2638461507599166
2023-09-03,0.38953327054152
2023-09-04,-0.6051329012069284
2023-09-05,-0.1256511352147993
2023-09-06,-0.103747525162412
2023-09-07,1.8908652030005024
2023-09-08,-1.2749181613965876
2023-09-09,-0.0385111388643943
2023-09-10,-0.245026110248403
2023-09-11,-2.592003689674205
2023-09-12,2.6654161568650414
2023-09-13,1.528956036711282
2023-09-14,1.1870739692642074
2023-09-15,0.2600617162704433
2023-09-16,-0.1518755875352329
2023-09-17,-0.1283250116151157
2023-09-18,0.8294723552398242
2023-09-19,1.7075246134672373
2023-09-20,-0.290724465500225
2023-09-21,-2.080107760178318
2023-09-22,0.0449251424063046
2023-09-23,-0.0006686879658768
2023-09-24,-1.213588594546644
2023-09-25,0.158641781768809
2023-09-26,-0.3088789439622763
2023-09-27,0.5167086436411061
2023-09-28,2.537992888096885
2023-09-29,-0.4064392478456136
2023-09-30,0.2088135244859179
2023-10-01,3.7668241913332734
2023-10-02,-1.6186709920936293
2023-10-03,-0.3661597010505724
2023-10-04,1.3467601347721292
2023-10-05,-1.379463216164356
2023-10-06,1.9356844476223989
2023-10-07,0.0795881766130657
2023-10-08,-0.1206700034343422
2023-10-09,-1.2579594744121514
2023-10-10,-0.6984500217130485
2023-10-11,-1.890032673516828
2023-10-12,-0.4335954136668429
2023-10-13,0.3945769916393171
2023-10-14,-0.0024866332556272
2023-10-15,1.1091823470242623
2023-10-16,5.006744695824206
2023-10-17,-0.3636770306356673
2023-10-18,-0.3075979201948686
2023-10-19,1.3818840741083749
2023-10-20,3.35358308702054
2023-10-21,0.7932597562652743
2023-10-22,0.2523007395046406
2023-10-23,10.3098905213463
2023-10-24,2.464145540134477
2023-10-25,1.7736456610143003
2023-10-26,-1.0033147199696724
2023-10-27,-0.7226928505637331
2023-10-28,0.5301518539129857
2023-10-29,1.3168432293093613
2023-10-30,-0.1045708641776443
2023-10-31,0.4794395311462418
2023-11-01,2.2195613001625203
2023-11-02,-1.4081557224217889
2023-11-03,-0.5893770145759425
2023-11-04,1.0073356782761111
2023-11-05,-0.0936082917772807
2023-11-06,-0.0341928541615743
2023-11-07,1.1593090279608864
2023-11-08,0.5973294692089626
2023-11-09,2.9107827327892632
2023-11-10,1.6919893031732691
2023-11-11,-0.4714533850007529
2023-11-12,-0.2249209321512735
2023-11-13,-1.4901395821212304
2023-11-14,-2.6428838121854925
2023-11-15,6.592844558740318
2023-11-16,-4.5559292055657234
2023-11-17,1.2222842746045792
2023-11-18,-0.0300039994658884
2023-11-19,2.1889527372586093
2023-11-20,0.2418253725124275
2023-11-21,-4.437779006078834
2023-11-22,4.5192824521265385
2023-11-23,-0.3812712499291715
2023-11-24,1.1549062275727495
2023-11-25,0.2028397355865463
2023-11-26,-0.8404730932136117
2023-11-27,-0.6002091789647501
2023-11-28,1.548599794884531
2023-11-29,0.0724437306538705
2023-11-30,-0.3849759600254798
2023-12-01,2.5879947957747618
2023-12-02,2.03568745759426
2023-12-03,1.2717964611113295
2023-12-04,5.006972516793251
2023-12-05,5.003682455553493
2023-12-06,-0.7581629055975703
2023-12-07,-1.0372985662227885
2023-12-08,2.018673414826888
2023-12-09,-0.9976252913108664
2023-12-10,0.1228442184156186
2023-12-11,-5.792335792051162
2023-12-12,0.5004157345118276
2023-12-13,3.475299863154757
2023-12-14,0.3106275665913482
2023-12-15,-2.543267802098337
2023-12-16,0.7401888090740938
2023-12-17,-2.072563201266564
2023-12-18,3.0433584522719714
2023-12-19,-0.8282083715112631
2023-12-20,3.268761340528425
2023-12-21,0.4968869731800662
2023-12-22,0.2934864092908329
2023-12-23,-0.5872083923035065
2023-12-24,-1.653939964043194
2023-12-25,1.3879063861056418
2023-12-26,-2.5055253200995558
2023-12-27,2.169436492022258
2023-12-28,-1.876027694786908
2023-12-29,-1.2396896798793966
2023-12-30,0.1365815113727686
2023-12-31,0.2568622223877659
2024-01-01,4.50049945064126
2024-01-02,1.7900939051301412
2024-01-03,-4.692812036242189
2024-01-04,3.108057856532498
2024-01-05,-0.0390006772731488
2024-01-06,-0.3928567037593367
2024-01-07,-0.104793133683223
2024-01-08,6.889378335779228
2024-01-09,-1.7687130611972357
2024-01-10,1.0577584004972662
2024-01-11,-0.5558733892443213
2024-01-12,-7.581464687080208
2024-01-13,-0.0251676988218596
2024-01-14,-2.44177193838242
2024-01-15,1.712351907901466
2024-01-16,1.5124600939588229
2024-01-17,-0.9553782672285682
2024-01-18,-3.4639725632667706
2024-01-19,0.863620644230223
2024-01-20,0.1133625521760661
2024-01-21,-0.2875293327920691
2024-01-22,-4.906437466721814
2024-01-23,0.8560013431039293
2024-01-24,0.5810521700930993
2024-01-25,-0.3574752593415997
2024-01-26,4.715459322091098
2024-01-27,0.7250269707417489
2024-01-28,-0.2005242826170095
2024-01-29,2.9799801358818767
2024-01-30,-0.7753530092744043
2024-01-31,-0.861423582021903
2024-02-01,1.1581441842771325
2024-02-02,0.2555634611174806
2024-02-03,-0.4483165966869262
2024-02-04,-0.9505619472114146
2024-02-05,0.1763260250039477
2024-02-06,0.9986338686479136
2024-02-07,2.8630850081180936
2024-02-08,2.2188248784866804
2024-02-09,4.074103742791047
2024-02-10,1.3236801662479536
2024-02-11,1.0940478338881563
2024-02-12,3.4461993507690414
2024-02-13,-0.4319233922406296
2024-02-14,4.190091694992915
2024-02-15,0.21583350882306
2024-02-16,0.4267512618200353
2024-02-17,-0.9532306269177336
2024-02-18,0.8895163192163213
2024-02-19,-0.6588364620277343
2024-02-20,0.9767068832988944
2024-02-21,-0.8524364120598982
2024-02-22,-1.0305082651198116
2024-02-23,-1.1168964874795462
2024-02-24,1.6540904827679226
2024-02-25,0.3143945229742817
2024-02-26,5.391435284481116
2024-02-27,4.700762695380023
2024-02-28,9.493531994124748
2024-02-29,-2.090089846865484
2024-03-01,2.029873900109447
2024-03-02,-0.6578811548619723
2024-03-03,1.833832389535761
2024-03-04,8.173591649219114
2024-03-05,-6.628402455760396
2024-03-06,3.613733749494208
2024-03-07,1.2384196927533564
2024-03-08,2.0539401213709896
2024-03-09,0.2910524006418447
2024-03-10,0.7604594828588107
2024-03-11,4.497430707429584
2024-03-12,-0.8909905479502545
2024-03-13,2.241441023956781
2024-03-14,-2.30819028918976
2024-03-15,-2.7911980219644583
2024-03-16,-5.891115205258901
2024-03-17,4.708722796395115
2024-03-18,-1.23120859035869
2024-03-19,-8.343356981432349
2024-03-20,9.692504638897836
2024-03-21,-3.5667063539995048
2024-03-22,-2.615044343853401
2024-03-23,0.4444134671348854
2024-03-24,4.951388799118828
2024-03-25,4.052464020923141
2024-03-26,0.0414864639104672
2024-03-27,-0.7608353371227561
2024-03-28,1.8567460837021652
2024-03-29,-1.204502883045766
2024-03-30,-0.354147119440229
2024-03-31,2.424203264779501
2024-04-01,-2.2871394296192005
2024-04-02,-6.104798598949213
2024-04-03,0.8156830210526378
2024-04-04,3.8314642609167615
2024-04-05,-0.9797320875087778
2024-04-06,1.5602971156545964
2024-04-07,0.6770270726916605
2024-04-08,3.270935878474601
2024-04-09,-3.479403115822832
2024-04-10,2.09558550176423
2024-04-11,-0.7469744331340511
2024-04-12,-4.088948430588779
2024-04-13,-5.0217292706919885
2024-04-14,3.004089104268326
2024-04-15,-3.517737178558533
2024-04-16,0.6080330797783695
2024-04-17,-3.9728848910527192
2024-04-18,3.649124077498622
2024-04-19,0.5208661031110617
2024-04-20,1.802642126868448
2024-04-21,-0.1043118050299662
2024-04-22,2.9433758205850147
2024-04-23,-0.6439574982440521
2024-04-24,-3.208044676017341
2024-04-25,0.3186348419551565
2024-04-26,-1.1265004482557628
2024-04-27,-0.5272966802647994
2024-04-28,-0.4823625063903991
2024-04-29,1.1533090916022948
2024-04-30,-5.0191249309274655
2024-05-01,-3.929695449375714
2024-05-02,1.4924669552331735
2024-05-03,6.370405294167747
2024-05-04,1.5926845790239064
2024-05-05,0.2185896653241981
2024-05-06,-1.3574390387488533
2024-05-07,-1.309542885757653
2024-05-08,-1.8398626419713129
2024-05-09,3.043115176709965
2024-05-10,-3.5799920573900024
2024-05-11,0.0015356984674586
2024-05-12,1.076893618853214
2024-05-13,2.3646747788683697
2024-05-14,-2.144084393922019
2024-05-15,7.659609250545496
2024-05-16,-1.563225228621834
2024-05-17,2.790508695432159
2024-05-18,-0.1656483319817714
2024-05-19,-0.9895869986810912
2024-05-20,7.800174241430358
2024-05-21,-1.8358253231772317
2024-05-22,-1.446030042296964
2024-05-23,-1.7255976976508711
2024-05-24,0.8781729788116976
2024-05-25,1.0796524727518797
2024-05-26,-1.0796814497022966
2024-05-27,1.2791671360530277
2024-05-28,-1.5827408107827234
2024-05-29,-1.051485738366742
2024-05-30,1.1644282841286824
2024-05-31,-1.2778150001159894
2024-06-01,0.3193346005469832
2024-06-02,0.0659667445451983
2024-06-03,1.5544720172089963
2024-06-04,2.5622992224831664
2024-06-05,0.7298724608017615
2024-06-06,-0.4581363662391591
2024-06-07,-1.999201273457618
2024-06-08,-0.0530878672929557
2024-06-09,0.4937810127876529
2024-06-10,-0.194852619921404
2024-06-11,-3.136496113771259
2024-06-12,1.3502581655740586
2024-06-13,-2.175796050588952
2024-06-14,-1.116454309915749
2024-06-15,0.2725394169067252
2024-06-16,0.6768999939568809
2024-06-17,-0.2232174783037055
2024-06-18,-2.029695827328193
2024-06-19,-0.2770143567135341
2024-06-20,-0.202647819256907
2024-06-21,-1.129835282140368
2024-06-22,0.2439753185930815
2024-06-23,-1.668075089399379
2024-06-24,-4.595356431233677
2024-06-25,2.533663041543988
2024-06-26,-1.6072632592061151
2024-06-27,1.3048951973404943
2024-06-28,-2.0853310881755127
2024-06-29,0.9403861104374522
2024-06-30,2.941355162056692
2024-07-01,0.2771094932125795
2024-07-02,-1.3093697885290578
2024-07-03,-2.990687070088416
2024-07-04,-5.311634426354228
2024-07-05,-0.5534237213954074
2024-07-06,2.896391234041995
2024-07-07,-4.20974391429122
2024-07-08,1.5326802715911692
2024-07-09,2.299844211812685
2024-07-10,-0.4598069730556098
2024-07-11,-0.6885432015347748
2024-07-12,0.9670444019596935
2024-07-13,2.3013827240820017
2024-07-14,2.6266900915231206
2024-07-15,6.715755212726138
2024-07-16,0.3499237870556282
2024-07-17,-1.502916014346345
2024-07-18,-0.2257162928356093
2024-07-19,4.276873423013639
2024-07-20,0.6797948213470129
2024-07-21,1.4753144342986024
2024-07-22,-0.835268752223095
2024-07-23,-2.452573786440093
2024-07-24,-0.8426492953570563
2024-07-25,0.619673448871394
2024-07-26,3.245554805311724
2024-07-27,-0.1453741189203272
2024-07-28,0.6525726007755361
2024-07-29,-2.1037797689324123
2024-07-30,-0.9262185475442442
2024-07-31,-2.3893373992326827
2024-08-01,1.1424614182306447
2024-08-02,-6.032105869640059
2024-08-03,-1.1967302150066583
2024-08-04,-4.223983565450573
2024-08-05,-7.098647891315101
2024-08-06,3.783671505322772
2024-08-07,-1.7968550940289485
2024-08-08,12.144256099404904
2024-08-09,-1.3450358103773374
2024-08-10,0.1079157301276501
2024-08-11,-3.652963236809748
2024-08-12,1.0814659848586317
2024-08-13,2.1144992390795814
2024-08-14,-3.08911115194338
2024-08-15,-2.0041310813293967
2024-08-16,2.317591294696397
2024-08-17,0.993082725079053
2024-08-18,-1.6728732324455264
2024-08-19,1.726094125025579
2024-08-20,-0.8079210921579816
2024-08-21,3.664287570061453
2024-08-22,-1.2967304646127389
2024-08-23,6.148267182135592
2024-08-24,0.132050190895927
2024-08-25,0.2408121037464683
2024-08-26,-2.258359707012769
2024-08-27,-5.369739018896724
2024-08-28,-0.800797843742207
2024-08-29,0.6108236397788236
2024-08-30,-0.4524521990973862
2024-08-31,-0.2530098940268344
2024-09-01,-2.7885585694078285
2024-09-02,3.1172733823612075
2024-09-03,-2.844504270361159
2024-09-04,0.941156177702851
2024-09-05,-3.124034328806557
2024-09-06,-3.938239218868078
2024-09-07,0.3539165966313096
2024-09-08,1.2964221602682846
2024-09-09,3.971383191111389
2024-09-10,1.1034389872275785
2024-09-11,-0.5300015516934153
2024-09-12,1.3669279499548104
2024-09-13,4.205082955798245
2024-09-14,-0.934732588201681
2024-09-15,-1.370358298194729
2024-09-16,-1.6733367188517922
2024-09-17,3.63626062794542
2024-09-18,2.223798894564699
2024-09-19,2.0937291974474137
2024-09-20,0.4012038411551843
2024-09-21,0.3194394254405042
2024-09-22,0.4004601863112578
2024-09-23,-0.5010473135318549
2024-09-24,1.535087678718594
2024-09-25,-1.8021597802944436
2024-09-26,3.2273891570151925
2024-09-27,0.935309904070647
2024-09-28,0.1474135827354894
2024-09-29,-0.3829909793174213
2024-09-30,-3.5130555094979754
2024-10-01,-3.9357521968434894
2024-10-02,-0.335688199655404
2024-10-03,0.2088262763679793
2024-10-04,2.1528753876634443
2024-10-05,0.0362068147355287
2024-10-06,1.1741093613744755
2024-10-07,-0.9269383518558882
2024-10-08,-0.1682150134457161
2024-10-09,-2.4944762232405493
2024-10-10,-0.5077433013489285
2024-10-11,3.6011743668549645
2024-10-12,1.19774604475944
2024-10-13,-0.5406426515387475
2024-10-14,5.0830232433260125
2024-10-15,1.5064992457922477
2024-10-16,0.8526251733136592
2024-10-17,-0.3148561638042446
2024-10-18,1.511803568698422
2024-10-19,-0.0819287921754896
2024-10-20,0.9346740674458288
2024-10-21,-2.3678423698328066
2024-10-22,-0.0095673416184549
2024-10-23,-1.379441121005398
2024-10-24,2.602442034118191
2024-10-25,-2.2280180844656217
2024-10-26,0.558625096700216
2024-10-27,1.364777618155344
2024-10-28,2.912529686772203
2024-10-29,4.023493905417541
2024-10-30,-0.5238593875544262
2024-10-31,-2.93663961649604
2024-11-01,-1.043533138752928
2024-11-02,-0.2780490042677108
2024-11-03,-0.791112711687536
2024-11-04,-1.3523338185854272
2024-11-05,2.282879023690776
2024-11-06,9.053568676993894
2024-11-07,0.3513808689745934
2024-11-08,0.8439738809541852
2024-11-09,0.3049045292825791
2024-11-10,4.81293935149596
2024-11-11,10.223522760015436
2024-11-12,-0.8406532091926988
2024-11-13,2.988263638062572
2024-11-14,-3.680261786927608
2024-11-15,4.373133907381366
2024-11-16,-0.5573223886622736
2024-11-17,-0.7869224693816235
2024-11-18,0.7755383808848215
2024-11-19,1.9892819836786255
2024-11-20,2.161166598491282
2024-11-21,4.415154542830901
2024-11-22,0.5004201495724558
2024-11-23,-1.232738998497518
2024-11-24,0.2419161787646784
2024-11-25,-5.01105193312582
2024-11-26,-1.1997304040733403
2024-11-27,4.323745271515378
2024-11-28,-0.3231078796704811
2024-11-29,1.8912786163713056
2024-11-30,-1.0388394458550332
2024-12-01,0.8613193542348574
2024-12-02,-1.454037255458307
2024-12-03,0.1427621551364444
2024-12-04,2.881567529768403
2024-12-05,-2.2020788503929523
2024-12-06,3.444474217316973
2024-12-07,0.0026270829894814
2024-12-08,1.3136868131795154
2024-12-09,-3.7568614800964073
2024-12-10,-0.7772430783165474
2024-12-11,4.652269534294651
2024-12-12,-1.1169293200355757
2024-12-13,1.4156490833941326
2024-12-14,-0.0850479930175174
2024-12-15,2.886101293644905
2024-12-16,1.6596788984881483
2024-12-17,0.1045771070669721
2024-12-18,-5.746210601989676
2024-12-19,-2.5495268879325628
2024-12-20,0.2717960528709318
2024-12-21,-0.5433973434635808
2024-12-22,-2.1802983021374844
2024-12-23,-0.4402456102765462
2024-12-24,4.213760595334648
2024-12-25,0.6314615210434305
2024-12-26,-3.528406928650052
2024-12-27,-1.7022260795415023
2024-12-28,1.0609799867287384
2024-12-29,-1.7167251608511402
2024-12-30,-0.948373223930199
2024-12-31,0.8484077565384274
2025-01-01,1.060219561302178
2025-01-02,2.6129247147606893
2025-01-03,1.2597729955682757
2025-01-04,0.1312814691101893
2025-01-05,0.0801480042089242
2025-01-06,3.8276219245942262
2025-01-07,-5.050430525956884
2025-01-08,-1.9388436629511283
2025-01-09,-2.692960322207649
2025-01-10,2.3976181025154863
2025-01-11,-0.1424047578467369
2025-01-12,-0.0826467856150259
2025-01-13,0.0297242056733093
2025-01-14,2.134572204016916
2025-01-15,4.11299996325778
2025-01-16,-0.7438333563293043
2025-01-17,4.716598568833419
2025-01-18,-0.0516635042589141
2025-01-19,-3.1783567377192568
2025-01-20,0.9170622908047932
2025-01-21,4.047967653568851
2025-01-22,-2.348829982684564
2025-01-23,0.2962783076025932
2025-01-24,0.8265785680243276
2025-01-25,-0.1000156966284415
2025-01-26,-1.9406534499448849
2025-01-27,-0.5792734886665207
2025-01-28,-0.7397669160641884
2025-01-29,2.339560282569209
2025-01-30,0.9952379879751394
2025-01-31,-2.2249243050878498
2025-02-01,-1.7080384621634526
2025-02-02,-2.947596219670423
2025-02-03,3.804365081173988
2025-02-04,-3.4846278405663456
2025-02-05,-1.2836943218062724
2025-02-06,-0.0229243237748977
2025-02-07,-0.0664755625673474
2025-02-08,-0.0483095970992497
2025-02-09,0.0182837650045453
2025-02-10,0.9714611676219232
2025-02-11,-1.7345724709743937
2025-02-12,2.233406885677658
2025-02-13,-1.2892487184132717
2025-02-14,0.916027880339798
2025-02-15,0.0732064069747462
2025-02-16,-1.44016729802402
2025-02-17,-0.4176223623530095
2025-02-18,-0.2441554538778145
2025-02-19,1.1472343504350446
2025-02-20,1.7574558032842136
2025-02-21,-2.245807176184722
2025-02-22,0.4704378307340606
2025-02-23,-0.3146023933273345
2025-02-24,-5.043681513571874
2025-02-25,-2.933771202149193
2025-02-26,-4.94629004695274
2025-02-27,0.4234922709094535
2025-02-28,-0.3910297790814532
2025-03-01,1.9661575342751147
2025-03-02,9.550452979612857
2025-03-03,-8.682040111941614
2025-03-04,1.3437685575495406
2025-03-05,3.899657851208138
2025-03-06,-0.7303133084179958
2025-03-07,-3.57824911826653
2025-03-08,-0.6779571257010009
2025-03-09,-6.44603432710168
2025-03-10,-2.567012890361897
2025-03-11,5.513944554449135
2025-03-12,1.0380466895202334
2025-03-13,-3.17197970748182
2025-03-14,3.580259620308812
2025-03-15,0.4454112352525463
2025-03-16,-2.0907717157540477
2025-03-17,1.8115835083536649
2025-03-18,-1.6142449028442418
2025-03-19,4.999760105055096
2025-03-20,-3.093725379117185
2025-03-21,-0.1472701146091215
2025-03-22,-0.2507730627880788
2025-03-23,2.650393390539429
2025-03-24,1.6786352378946434
2025-03-25,-0.0310986002415525
2025-03-26,-0.652577110204744
2025-03-27,0.3178549412391707
2025-03-28,-3.2393289916566204
2025-03-29,-2.0812056603918605
2025-03-30,-0.3184869109843613
2025-03-31,0.2603897078031325
2025-04-01,3.17418810684309
2025-04-02,-3.150742080055013
2025-04-03,0.7481504135517403
2025-04-04,0.8916382019940938
2025-04-05,-0.4043325726492686
2025-04-06,-6.335339642726368
2025-04-07,1.305195029613082
2025-04-08,-3.739976334343409
2025-04-09,8.26253916648998
2025-04-10,-3.56990599146636
2025-04-11,4.745546227457886
2025-04-12,2.256791727173346
2025-04-13,-1.878516957885823
2025-04-14,1.0245734631468162
2025-04-15,-1.033089354397465
2025-04-16,0.4360934564412222
2025-04-17,1.025637449930672
2025-04-18,-0.5241078764249063
2025-04-19,0.7254038339443714
2025-04-20,0.1303623023154454
2025-04-21,2.7527099529631727
2025-04-22,6.767662701452015
2025-04-23,0.2752713459451161
2025-04-24,0.2611417564501339
2025-04-25,0.8267742531563593
2025-04-26,-0.0776709503222616
2025-04-27,-0.942540809771053
2025-04-28,1.3054325526514532
2025-04-29,-0.7306486319308303
2025-04-30,-0.0821729181030961
2025-05-01,2.425526614507767
2025-05-02,0.4329197453262656
2025-05-03,-1.0507405827035687
2025-05-04,-1.6433317174712747
2025-05-05,0.45811763897039
2025-05-06,2.168299794413664
2025-05-07,0.2374358158611755
2025-05-08,6.3990437464578775
2025-05-09,-0.2621130818400763
2025-05-10,1.6756941758927724
2025-05-11,-0.5635047193781384
2025-05-12,-1.242389281274392
2025-05-13,1.3197358248725033
2025-05-14,-0.6051642240404331
2025-05-15,0.198211052629782
2025-05-16,-0.2461347024402038
2025-05-17,-0.2881487810974414
2025-05-18,3.154266519659865
2025-05-19,-0.7889709931436006
2025-05-20,1.1220046530480143
2025-05-21,2.7034018449719976
2025-05-22,1.8191448638679384
2025-05-23,-3.927066820202352
2025-05-24,0.4691674073487251
2025-05-25,1.1543009819045436
2025-05-26,0.3714175371671846
2025-05-27,-0.4072780217708405
2025-05-28,-1.0939184653144474
2025-05-29,-2.004196337944353
2025-05-30,-1.5554336978341854
2025-05-31,0.6149348357177731
2025-06-01,0.9690618169351016
2025-06-02,0.2171558200044776
2025-06-03,-0.4241178746647533
2025-06-04,-0.6643915136436584
2025-06-05,-3.0134359325224014
2025-06-06,2.7707252931573167
2025-06-07,1.1737496074678777
2025-06-08,0.1685578601650972
2025-06-09,4.253991795791734
2025-06-10,-0.0334262548746577
2025-06-11,-1.4244955298426398
2025-06-12,-2.5371753999169577
2025-06-13,0.1528514183173346
2025-06-14,-0.5830491579897124
2025-06-15,0.0754862720314664
2025-06-16,1.1792615001237072
2025-06-17,-2.055905694117444
2025-06-18,0.2697972498650669
2025-06-19,-0.1897718789613423
2025-06-20,-1.313174605579326
2025-06-21,-1.0184874363913243
2025-06-22,-1.2422235919953284
2025-06-23,4.545759771084712
2025-06-24,0.4431419225533917
2025-06-25,1.2406215749838134
2025-06-26,-0.3737454466123835
2025-06-27,0.1200726322924561
2025-06-28,0.223435377844483
2025-06-29,0.9856422495764684
2025-06-30,-1.1535062936840146
2025-07-01,-1.3413452013053329
2025-07-02,2.990624847553991
2025-07-03,0.7244728772290987
2025-07-04,-1.4716556343200904
2025-07-05,0.1822048039559209
2025-07-06,0.9247710575546852
2025-07-07,-0.8534295352390808
2025-07-08,0.6005750382996888
