date,nasdaq_stockprice,nasdaq_volume,nasdaq_volatility
2014-09-17,4562.18994140625,1796710000.0,0.0
2014-09-18,4593.43017578125,1774840000.0,0.0
2014-09-19,4579.7900390625,3178490000.0,0.0
2014-09-20,4579.7900390625,3178490000.0,0.0
2014-09-21,4579.7900390625,3178490000.0,0.0
2014-09-22,4527.68994140625,1881520000.0,0.0
2014-09-23,4508.68994140625,1847730000.0,0.0
2014-09-24,4555.22021484375,1765260000.0,0.0
2014-09-25,4466.75,1939610000.0,0.0
2014-09-26,4512.18994140625,1637480000.0,0.0
2014-09-27,4512.18994140625,1637480000.0,0.0
2014-09-28,4512.18994140625,1637480000.0,0.0
2014-09-29,4505.85009765625,1737750000.0,0.0
2014-09-30,4493.39013671875,2200380000.0,0.0
2014-10-01,4422.08984375,2312630000.0,0.0
2014-10-02,4430.2001953125,2165500000.0,0.0
2014-10-03,4475.6201171875,1777640000.0,0.0
2014-10-04,4475.6201171875,1777640000.0,0.0
2014-10-05,4475.6201171875,1777640000.0,0.0
2014-10-06,4454.7998046875,1828240000.0,0.0
2014-10-07,4385.2001953125,2111360000.0,0.0
2014-10-08,4468.58984375,2451630000.0,0.0
2014-10-09,4378.33984375,2264220000.0,0.0
2014-10-10,4276.240234375,2765750000.0,0.0
2014-10-11,4276.240234375,2765750000.0,0.0
2014-10-12,4276.240234375,2765750000.0,0.0
2014-10-13,4213.66015625,2467830000.0,0.0
2014-10-14,4227.169921875,2496120000.0,0.0
2014-10-15,4215.31982421875,3058740000.0,0.0
2014-10-16,4217.39013671875,2591940000.0,0.0
2014-10-17,4258.43994140625,2260070000.0,0.0
2014-10-18,4258.43994140625,2260070000.0,0.0
2014-10-19,4258.43994140625,2260070000.0,0.0
2014-10-20,4316.06982421875,1717370000.0,0.0
2014-10-21,4419.47998046875,1997580000.0,0.0
2014-10-22,4382.85009765625,1967020000.0,0.0
2014-10-23,4452.7900390625,1952380000.0,0.0
2014-10-24,4483.72021484375,1754300000.0,0.0
2014-10-25,4483.72021484375,1754300000.0,0.0
2014-10-26,4483.72021484375,1754300000.0,0.0
2014-10-27,4485.93017578125,1585580000.0,0.0
2014-10-28,4564.2900390625,1966920000.0,0.0
2014-10-29,4549.22998046875,2184050000.0,0.0124795591741984
2014-10-30,4566.14013671875,2034960000.0,0.0124328868635234
2014-10-31,4630.740234375,2424360000.0,0.0126876849894279
2014-11-01,4630.740234375,2424360000.0,0.0126876849894279
2014-11-02,4630.740234375,2424360000.0,0.0126876849894279
2014-11-03,4638.91015625,2033000000.0,0.0124913718728177
2014-11-04,4623.64013671875,1939320000.0,0.0124798975378835
2014-11-05,4620.72021484375,2001870000.0,0.0123539791621116
2014-11-06,4638.47021484375,1986820000.0,0.0117669902518923
2014-11-07,4632.52978515625,1978830000.0,0.0116544201237035
2014-11-08,4632.52978515625,1978830000.0,0.0116544201237035
2014-11-09,4632.52978515625,1978830000.0,0.0116544201237035
2014-11-10,4651.6201171875,1830010000.0,0.0116606865560809
2014-11-11,4660.56005859375,1663690000.0,0.0116389790235117
2014-11-12,4675.14013671875,1773060000.0,0.0111783069250373
2014-11-13,4680.14013671875,1857580000.0,0.0111792289661405
2014-11-14,4688.5400390625,1739950000.0,0.0110669692764887
2014-11-15,4688.5400390625,1739950000.0,0.0110669692764887
2014-11-16,4688.5400390625,1739950000.0,0.0110669692764887
2014-11-17,4671.0,1695070000.0,0.0110505120116491
2014-11-18,4702.43994140625,1655760000.0,0.0105872181775043
2014-11-19,4675.7099609375,1641560000.0,0.0102088798894623
2014-11-20,4701.8701171875,1667330000.0,0.0093518695754031
2014-11-21,4712.97021484375,1854340000.0,0.0079638828132001
2014-11-22,4712.97021484375,1854340000.0,0.0079638828132001
2014-11-23,4712.97021484375,1854340000.0,0.0079638828132001
2014-11-24,4754.89013671875,1568130000.0,0.0072606847619533
2014-11-25,4758.25,1720140000.0,0.0072847290890353
2014-11-26,4787.31982421875,1362930000.0,0.007180733132536
2014-11-27,4787.31982421875,1362930000.0,0.007180733132536
2014-11-28,4791.6298828125,998600000.0,0.0071737536790824
2014-11-29,4791.6298828125,998600000.0,0.0071737536790824
2014-11-30,4791.6298828125,998600000.0,0.0071737536790824
2014-12-01,4727.35009765625,1893600000.0,0.0077913366834281
2014-12-02,4755.81005859375,1839170000.0,0.0075788767050496
2014-12-03,4774.47021484375,1734510000.0,0.0065265620196659
2014-12-04,4769.43994140625,1724090000.0,0.0062365056222857
2014-12-05,4780.759765625,1767100000.0,0.0057317077872087
2014-12-06,4780.759765625,1767100000.0,0.0057317077872087
2014-12-07,4780.759765625,1767100000.0,0.0057317077872087
2014-12-08,4740.68994140625,1966770000.0,0.0059898735946708
2014-12-09,4766.47021484375,1950330000.0,0.0060187062382266
2014-12-10,4684.02001953125,1850810000.0,0.0063120626291433
2014-12-11,4708.16015625,1873050000.0,0.0063080872164791
2014-12-12,4653.60009765625,1888870000.0,0.0067040184469788
2014-12-13,4653.60009765625,1888870000.0,0.0067040184469788
2014-12-14,4653.60009765625,1888870000.0,0.0067040184469788
2014-12-15,4605.16015625,2143610000.0,0.0065032533624254
2014-12-16,4547.830078125,2231670000.0,0.0068687633457344
2014-12-17,4644.31005859375,2279930000.0,0.0079012862508346
2014-12-18,4748.39990234375,2172260000.0,0.008861501527295
2014-12-19,4765.3798828125,3287920000.0,0.0088586218780579
2014-12-20,4765.3798828125,3287920000.0,0.0088586218780579
2014-12-21,4765.3798828125,3287920000.0,0.0088586218780579
2014-12-22,4781.419921875,1720070000.0,0.0088597470729545
2014-12-23,4765.419921875,1590820000.0,0.0088757051913244
2014-12-24,4773.47021484375,729750000.0,0.0088748012099141
2014-12-25,4773.47021484375,729750000.0,0.0088748012099141
2014-12-26,4806.85986328125,930220000.0,0.0089371360283295
2014-12-27,4806.85986328125,930220000.0,0.0089371360283295
2014-12-28,4806.85986328125,930220000.0,0.0089371360283295
2014-12-29,4806.91015625,1227740000.0,0.008938642180003
2014-12-30,4777.43994140625,1269200000.0,0.0090281793965935
2014-12-31,4736.0498046875,1515600000.0,0.0091553342588822
2015-01-01,4736.0498046875,1515600000.0,0.0091553342588822
2015-01-02,4726.81005859375,1435150000.0,0.009087849689907
2015-01-03,4726.81005859375,1435150000.0,0.009087849689907
2015-01-04,4726.81005859375,1435150000.0,0.009087849689907
2015-01-05,4652.56982421875,1794470000.0,0.0094927771229807
2015-01-06,4592.740234375,2167320000.0,0.0097061994011064
2015-01-07,4650.47021484375,1957950000.0,0.009991406211924
2015-01-08,4736.18994140625,2105450000.0,0.0104314234321195
2015-01-09,4704.06982421875,1715830000.0,0.0105005380834327
2015-01-10,4704.06982421875,1715830000.0,0.0105005380834327
2015-01-11,4704.06982421875,1715830000.0,0.0105005380834327
2015-01-12,4664.7099609375,1861960000.0,0.0105258529807765
2015-01-13,4661.5,2162180000.0,0.0105206637407419
2015-01-14,4639.31982421875,2073810000.0,0.010278333241815
2015-01-15,4570.81982421875,1976260000.0,0.0105180192421732
2015-01-16,4634.3798828125,1970520000.0,0.010838175285612
2015-01-17,4634.3798828125,1970520000.0,0.010838175285612
2015-01-18,4634.3798828125,1970520000.0,0.010838175285612
2015-01-19,4634.3798828125,1970520000.0,0.010838175285612
2015-01-20,4654.85009765625,1835040000.0,0.0108828830947228
2015-01-21,4667.419921875,1847420000.0,0.0108863328472692
2015-01-22,4750.39990234375,1996550000.0,0.0112887029295319
2015-01-23,4757.8798828125,1653830000.0,0.0112475336973084
2015-01-24,4757.8798828125,1653830000.0,0.0112475336973084
2015-01-25,4757.8798828125,1653830000.0,0.0112475336973084
2015-01-26,4771.759765625,1717510000.0,0.0107660678943674
2015-01-27,4681.5,1954160000.0,0.0113106587736764
2015-01-28,4637.990234375,2118680000.0,0.0112372860955914
2015-01-29,4683.41015625,2110710000.0,0.011201013334103
2015-01-30,4635.240234375,2264230000.0,0.0111196512157648
2015-01-31,4635.240234375,2264230000.0,0.0111196512157648
2015-02-01,4635.240234375,2264230000.0,0.0111196512157648
2015-02-02,4676.68994140625,2006450000.0,0.0105614630085567
2015-02-03,4727.740234375,2153520000.0,0.0099348800270237
2015-02-04,4716.7001953125,2212960000.0,0.0099172383480924
2015-02-05,4765.10009765625,2036590000.0,0.010082856042545
2015-02-06,4744.39990234375,2034060000.0,0.0100955988156801
2015-02-07,4744.39990234375,2034060000.0,0.0100955988156801
2015-02-08,4744.39990234375,2034060000.0,0.0100955988156801
2015-02-09,4726.009765625,1654680000.0,0.0101119079578096
2015-02-10,4787.64013671875,1773730000.0,0.0103179506367705
2015-02-11,4801.18017578125,1793630000.0,0.0103320830947424
2015-02-12,4857.60986328125,2075470000.0,0.0104804207616714
2015-02-13,4893.83984375,1942240000.0,0.0104026949417416
2015-02-14,4893.83984375,1942240000.0,0.0104026949417416
2015-02-15,4893.83984375,1942240000.0,0.0104026949417416
2015-02-16,4893.83984375,1942240000.0,0.0104026949417416
2015-02-17,4899.27001953125,1751490000.0,0.0103867948205752
2015-02-18,4906.35986328125,1684800000.0,0.0098767052680849
2015-02-19,4924.7001953125,1592890000.0,0.0094814263300364
2015-02-20,4955.97021484375,1761140000.0,0.0093189725673526
2015-02-21,4955.97021484375,1761140000.0,0.0093189725673526
2015-02-22,4955.97021484375,1761140000.0,0.0093189725673526
2015-02-23,4960.97021484375,1754850000.0,0.0088066237271704
2015-02-24,4968.1201171875,1834890000.0,0.0086645437100847
2015-02-25,4967.14013671875,1848560000.0,0.0084577565723507
2015-02-26,4987.89013671875,1905550000.0,0.0084491436026721
2015-02-27,4963.52978515625,1955590000.0,0.0084527968821055
2015-02-28,4963.52978515625,1955590000.0,0.0084527968821055
2015-03-01,4963.52978515625,1955590000.0,0.0084527968821055
2015-03-02,5008.10009765625,1931110000.0,0.007888310260263
2015-03-03,4979.89990234375,2018900000.0,0.0077717521750547
2015-03-04,4967.14013671875,1824830000.0,0.007813709008431
2015-03-05,4982.81005859375,1724200000.0,0.0078152106949945
2015-03-06,4927.3701171875,1918220000.0,0.0076198649447836
2015-03-07,4927.3701171875,1918220000.0,0.0076198649447836
2015-03-08,4927.3701171875,1918220000.0,0.0076198649447836
2015-03-09,4942.43994140625,1696510000.0,0.0076270273729369
2015-03-10,4859.7900390625,1876010000.0,0.0083045876628991
2015-03-11,4849.93994140625,1846020000.0,0.0074485495219555
2015-03-12,4893.2900390625,1855110000.0,0.007303480546587
2015-03-13,4871.759765625,1851410000.0,0.0072284002078066
2015-03-14,4871.759765625,1851410000.0,0.0072284002078066
2015-03-15,4871.759765625,1851410000.0,0.0072284002078066
2015-03-16,4929.509765625,1713480000.0,0.0071263567696264
2015-03-17,4937.43017578125,1724370000.0,0.0070080105161811
2015-03-18,4982.830078125,1983570000.0,0.0069387182520864
2015-03-19,4992.3798828125,1674970000.0,0.006895594774593
2015-03-20,5026.419921875,2825670000.0,0.0067808471793047
2015-03-21,5026.419921875,2825670000.0,0.0067808471793047
2015-03-22,5026.419921875,2825670000.0,0.0067808471793047
2015-03-23,5010.97021484375,1608880000.0,0.0067449775006766
2015-03-24,4994.72998046875,1611670000.0,0.0067273623060372
2015-03-25,4876.52001953125,2219520000.0,0.0078979198800411
2015-03-26,4863.35986328125,2004960000.0,0.0079090144864375
2015-03-27,4891.22021484375,1678650000.0,0.0076879971927692
2015-03-28,4891.22021484375,1678650000.0,0.0076879971927692
2015-03-29,4891.22021484375,1678650000.0,0.0076879971927692
2015-03-30,4947.43994140625,1778520000.0,0.0078500543734508
2015-03-31,4900.8798828125,1837660000.0,0.0080498567366694
2015-04-01,4880.22998046875,1874960000.0,0.0080814737579062
2015-04-02,4886.93994140625,1563670000.0,0.008053567831466
2015-04-03,4886.93994140625,1563670000.0,0.008053567831466
2015-04-04,4886.93994140625,1563670000.0,0.008053567831466
2015-04-05,4886.93994140625,1563670000.0,0.008053567831466
2015-04-06,4917.31982421875,1737560000.0,0.0080498736949896
2015-04-07,4910.22998046875,1572940000.0,0.0080489853995279
2015-04-08,4950.81982421875,1714210000.0,0.0081950668628258
2015-04-09,4974.56005859375,1729750000.0,0.0082436835210573
2015-04-10,4995.97998046875,1494240000.0,0.0082459198713371
2015-04-11,4995.97998046875,1494240000.0,0.0082459198713371
2015-04-12,4995.97998046875,1494240000.0,0.0082459198713371
2015-04-13,4988.25,1544190000.0,0.0081991455723747
2015-04-14,4977.2900390625,1571360000.0,0.0080387653971524
2015-04-15,5011.02001953125,1795530000.0,0.0080681048982859
2015-04-16,5007.7900390625,1662850000.0,0.0080529459823203
2015-04-17,4931.81005859375,1985190000.0,0.0085160213101795
2015-04-18,4931.81005859375,1985190000.0,0.0085160213101795
2015-04-19,4931.81005859375,1985190000.0,0.0085160213101795
2015-04-20,4994.60009765625,1646340000.0,0.008581118350165
2015-04-21,5014.10009765625,1721260000.0,0.0085913054442077
2015-04-22,5035.169921875,1696380000.0,0.0079626511368633
2015-04-23,5056.06005859375,1858620000.0,0.0079565340269235
2015-04-24,5092.080078125,1895150000.0,0.0079045639866176
2015-04-25,5092.080078125,1895150000.0,0.0079045639866176
2015-04-26,5092.080078125,1895150000.0,0.0079045639866176
2015-04-27,5060.25,2172470000.0,0.0079582547770662
2015-04-28,5055.419921875,2032500000.0,0.007713741091603
2015-04-29,5023.64013671875,1871300000.0,0.0078211875025654
2015-04-30,4941.419921875,2269290000.0,0.0082423735473354
2015-05-01,5005.39013671875,1854400000.0,0.008578324514617
2015-05-02,5005.39013671875,1854400000.0,0.008578324514617
2015-05-03,5005.39013671875,1854400000.0,0.008578324514617
2015-05-04,5016.93017578125,1668200000.0,0.0084959956128865
2015-05-05,4939.330078125,2069490000.0,0.0089442885287245
2015-05-06,4919.64013671875,2144620000.0,0.0089533052980443
2015-05-07,4945.5400390625,2042960000.0,0.0078337238297511
2015-05-08,5003.5498046875,1978760000.0,0.0080686731254573
2015-05-09,5003.5498046875,1978760000.0,0.0080686731254573
2015-05-10,5003.5498046875,1978760000.0,0.0080686731254573
2015-05-11,4993.56982421875,1731390000.0,0.008034368275709
2015-05-12,4976.18994140625,1705870000.0,0.0078051796618194
2015-05-13,4981.68994140625,1672260000.0,0.0075901963486496
2015-05-14,5050.7998046875,1741970000.0,0.0079052256546623
2015-05-15,5048.2900390625,1667260000.0,0.0079107365980979
2015-05-16,5048.2900390625,1667260000.0,0.0079107365980979
2015-05-17,5048.2900390625,1667260000.0,0.0079107365980979
2015-05-18,5078.43994140625,1643870000.0,0.0079054467462609
2015-05-19,5070.02978515625,1750980000.0,0.0079078997069135
2015-05-20,5071.740234375,1786830000.0,0.0077917540749396
2015-05-21,5090.7900390625,1683670000.0,0.0077758054459683
2015-05-22,5089.35986328125,1544920000.0,0.0077490799757486
2015-05-23,5089.35986328125,1544920000.0,0.0077490799757486
2015-05-24,5089.35986328125,1544920000.0,0.0077490799757486
2015-05-25,5089.35986328125,1544920000.0,0.0077490799757486
2015-05-26,5032.75,1731950000.0,0.0080363798738211
2015-05-27,5106.58984375,1809550000.0,0.0084301036776987
2015-05-28,5097.97998046875,1741420000.0,0.0083670583692261
2015-05-29,5070.02978515625,2024170000.0,0.008438034460808
2015-05-30,5070.02978515625,2024170000.0,0.008438034460808
2015-05-31,5070.02978515625,2024170000.0,0.008438034460808
2015-06-01,5082.93017578125,1902120000.0,0.0079051460181529
2015-06-02,5076.52001953125,1729750000.0,0.0076006550964615
2015-06-03,5099.22998046875,1852680000.0,0.0076099818163978
2015-06-04,5059.1201171875,1813960000.0,0.0077301879919787
2015-06-05,5068.4599609375,1842890000.0,0.0077007146291914
2015-06-06,5068.4599609375,1842890000.0,0.0077007146291914
2015-06-07,5068.4599609375,1842890000.0,0.0077007146291914
2015-06-08,5021.6298828125,1712210000.0,0.0077664826435795
2015-06-09,5013.8701171875,1754340000.0,0.007692238024226
2015-06-10,5076.68994140625,1792980000.0,0.008035070452594
2015-06-11,5082.509765625,1623950000.0,0.007943587908628
2015-06-12,5051.10009765625,1428900000.0,0.0073917176838912
2015-06-13,5051.10009765625,1428900000.0,0.0073917176838912
2015-06-14,5051.10009765625,1428900000.0,0.0073917176838912
2015-06-15,5029.97021484375,1790280000.0,0.0070756447951303
2015-06-16,5055.5498046875,1654820000.0,0.0071224391540797
2015-06-17,5064.8798828125,1712820000.0,0.0064660957055443
2015-06-18,5132.9501953125,1877920000.0,0.0067867057687169
2015-06-19,5117.0,2468310000.0,0.0067954615278356
2015-06-20,5117.0,2468310000.0,0.0067954615278356
2015-06-21,5117.0,2468310000.0,0.0067954615278356
2015-06-22,5153.97021484375,1619970000.0,0.0066032445752256
2015-06-23,5160.08984375,1613540000.0,0.0065791747332879
2015-06-24,5122.41015625,1628800000.0,0.006707558004636
2015-06-25,5112.18994140625,1614760000.0,0.0067292086579144
2015-06-26,5080.509765625,3843810000.0,0.0063873585662129
2015-06-27,5080.509765625,3843810000.0,0.0063873585662129
2015-06-28,5080.509765625,3843810000.0,0.0063873585662129
2015-06-29,4958.47021484375,2025580000.0,0.0078003000809128
2015-06-30,4986.8701171875,2034430000.0,0.0077933747797678
2015-07-01,5013.1201171875,1814560000.0,0.0078629823312916
2015-07-02,5009.2099609375,1490810000.0,0.007862132377331
2015-07-03,5009.2099609375,1490810000.0,0.007862132377331
2015-07-04,5009.2099609375,1490810000.0,0.007862132377331
2015-07-05,5009.2099609375,1490810000.0,0.007862132377331
2015-07-06,4991.93994140625,1741500000.0,0.0078405809672603
2015-07-07,4997.4599609375,2132080000.0,0.0078469344353988
2015-07-08,4909.759765625,1931520000.0,0.0082308580719626
2015-07-09,4922.39990234375,1861600000.0,0.0077338232115288
2015-07-10,4997.7001953125,1590230000.0,0.0082921050648952
2015-07-11,4997.7001953125,1590230000.0,0.0082921050648952
2015-07-12,4997.7001953125,1590230000.0,0.0082921050648952
2015-07-13,5071.509765625,1694140000.0,0.008693787373903
2015-07-14,5104.89013671875,1682660000.0,0.0087648205945166
2015-07-15,5098.93994140625,1691350000.0,0.0087643090690893
2015-07-16,5163.18017578125,1823530000.0,0.0090208149816686
2015-07-17,5210.14013671875,1854450000.0,0.0090130740868772
2015-07-18,5210.14013671875,1854450000.0,0.0090130740868772
2015-07-19,5210.14013671875,1854450000.0,0.0090130740868772
2015-07-20,5218.85986328125,1814180000.0,0.0090125596336156
2015-07-21,5208.1201171875,1774570000.0,0.0088235998779323
2015-07-22,5171.77001953125,2035730000.0,0.008938023829818
2015-07-23,5146.41015625,2003310000.0,0.0087330765880477
2015-07-24,5088.6298828125,2004380000.0,0.008990521739474
2015-07-25,5088.6298828125,2004380000.0,0.008990521739474
2015-07-26,5088.6298828125,2004380000.0,0.008990521739474
2015-07-27,5039.77978515625,1942520000.0,0.009094439318611
2015-07-28,5089.2099609375,2025110000.0,0.0092323327852976
2015-07-29,5111.72998046875,1890350000.0,0.0092216121116838
2015-07-30,5128.77978515625,1908480000.0,0.0092337942580792
2015-07-31,5128.27978515625,1926360000.0,0.0089049006155485
2015-08-01,5128.27978515625,1926360000.0,0.0089049006155485
2015-08-02,5128.27978515625,1926360000.0,0.0089049006155485
2015-08-03,5115.3798828125,1790080000.0,0.0088984732926276
2015-08-04,5105.5498046875,1819700000.0,0.0087989216838703
2015-08-05,5139.93994140625,2041490000.0,0.0088888323760305
2015-08-06,5056.43994140625,2290950000.0,0.0092862299107842
2015-08-07,5043.5400390625,2008360000.0,0.0092900250858363
2015-08-08,5043.5400390625,2008360000.0,0.0092900250858363
2015-08-09,5043.5400390625,2008360000.0,0.0092900250858363
2015-08-10,5101.7998046875,1784930000.0,0.0094715709377785
2015-08-11,5036.7900390625,1912340000.0,0.0086448778210185
2015-08-12,5044.39013671875,2089460000.0,0.0085917795757643
2015-08-13,5033.56005859375,1632340000.0,0.0085533425989238
2015-08-14,5048.240234375,1487630000.0,0.0085662658869403
2015-08-15,5048.240234375,1487630000.0,0.0085662658869403
2015-08-16,5048.240234375,1487630000.0,0.0085662658869403
2015-08-17,5091.7001953125,1510790000.0,0.0086673318543693
2015-08-18,5059.35009765625,1501540000.0,0.0087611237907537
2015-08-19,5019.0498046875,1785420000.0,0.0082323054955422
2015-08-20,4877.490234375,2087000000.0,0.0098096064110085
2015-08-21,4706.0400390625,2768540000.0,0.0113303225116674
2015-08-22,4706.0400390625,2768540000.0,0.0113303225116674
2015-08-23,4706.0400390625,2768540000.0,0.0113303225116674
2015-08-24,4526.25,3508840000.0,0.0127503527244075
2015-08-25,4506.490234375,2612800000.0,0.0125996260014007
2015-08-26,4697.5400390625,2631660000.0,0.0151092791614998
2015-08-27,4812.7099609375,2368880000.0,0.0156576960022313
2015-08-28,4828.31982421875,1936540000.0,0.0155473345438153
2015-08-29,4828.31982421875,1936540000.0,0.0155473345438153
2015-08-30,4828.31982421875,1936540000.0,0.0155473345438153
2015-08-31,4776.509765625,1839010000.0,0.0155973731750735
2015-09-01,4636.10009765625,2253750000.0,0.0163489053738717
2015-09-02,4749.97998046875,1929080000.0,0.0171213651941975
2015-09-03,4733.5,1803320000.0,0.0171173514762913
2015-09-04,4683.919921875,1574720000.0,0.017104871402221
2015-09-05,4683.919921875,1574720000.0,0.017104871402221
2015-09-06,4683.919921875,1574720000.0,0.017104871402221
2015-09-07,4683.919921875,1574720000.0,0.017104871402221
2015-09-08,4811.93017578125,1765600000.0,0.0178849382768902
2015-09-09,4756.52978515625,1963750000.0,0.0178442431410922
2015-09-10,4796.25,1845770000.0,0.0179086065840069
2015-09-11,4822.33984375,1686190000.0,0.0179346706232009
2015-09-12,4822.33984375,1686190000.0,0.0179346706232009
2015-09-13,4822.33984375,1686190000.0,0.0179346706232009
2015-09-14,4805.759765625,1467740000.0,0.0179324918089354
2015-09-15,4860.52001953125,1587460000.0,0.0181005457024435
2015-09-16,4889.240234375,1666380000.0,0.0181534295725803
2015-09-17,4893.9501953125,1891510000.0,0.0180946022091678
2015-09-18,4827.22998046875,3272150000.0,0.0180264432486159
2015-09-19,4827.22998046875,3272150000.0,0.0180264432486159
2015-09-20,4827.22998046875,3272150000.0,0.0180264432486159
2015-09-21,4828.9501953125,2021530000.0,0.0180286632835424
2015-09-22,4756.72021484375,2042880000.0,0.0180236273547113
2015-09-23,4752.740234375,1606330000.0,0.017915604472417
2015-09-24,4734.47998046875,1995820000.0,0.0179068029661977
2015-09-25,4686.5,2050530000.0,0.0179673680133158
2015-09-26,4686.5,2050530000.0,0.0179673680133158
2015-09-27,4686.5,2050530000.0,0.0179673680133158
2015-09-28,4543.97021484375,2387610000.0,0.0186698328351667
2015-09-29,4517.31982421875,2293450000.0,0.0185333462803501
2015-09-30,4620.16015625,2398350000.0,0.0191453910410721
2015-10-01,4627.080078125,2133990000.0,0.019138863705327
2015-10-02,4707.77978515625,2183320000.0,0.0188291941851682
2015-10-03,4707.77978515625,2183320000.0,0.0188291941851682
2015-10-04,4707.77978515625,2183320000.0,0.0188291941851682
2015-10-05,4781.259765625,2005320000.0,0.0178831603536377
2015-10-06,4748.35986328125,2085020000.0,0.0163334202840206
2015-10-07,4791.14990234375,2149890000.0,0.016346903539113
2015-10-08,4810.7900390625,1984230000.0,0.0145606406138891
2015-10-09,4830.47021484375,1804260000.0,0.0138922117254365
2015-10-10,4830.47021484375,1804260000.0,0.0138922117254365
2015-10-11,4830.47021484375,1804260000.0,0.0138922117254365
2015-10-12,4838.64013671875,1343820000.0,0.0138831116337497
2015-10-13,4796.60986328125,1565060000.0,0.0138324587133356
2015-10-14,4782.85009765625,1902460000.0,0.0126423177791345
2015-10-15,4870.10009765625,1942900000.0,0.0122959572791923
2015-10-16,4886.68994140625,1855290000.0,0.012276958071094
2015-10-17,4886.68994140625,1855290000.0,0.012276958071094
2015-10-18,4886.68994140625,1855290000.0,0.012276958071094
2015-10-19,4905.47021484375,1619920000.0,0.0120879649155787
2015-10-20,4880.97021484375,1711700000.0,0.011141640988246
2015-10-21,4840.1201171875,1895390000.0,0.0110377682412626
2015-10-22,4920.0498046875,2156040000.0,0.0113269976407497
2015-10-23,5031.85986328125,2178270000.0,0.011973528676942
2015-10-24,5031.85986328125,2178270000.0,0.011973528676942
2015-10-25,5031.85986328125,2178270000.0,0.011973528676942
2015-10-26,5034.7001953125,1758690000.0,0.0119397221416711
2015-10-27,5030.14990234375,1986840000.0,0.011802342529394
2015-10-28,5095.68994140625,2141130000.0,0.0119692766952696
2015-10-29,5074.27001953125,1928310000.0,0.0120126910476803
2015-10-30,5053.75,2016390000.0,0.0117243770854941
2015-10-31,5053.75,2016390000.0,0.0117243770854941
2015-11-01,5053.75,2016390000.0,0.0117243770854941
2015-11-02,5127.14990234375,1888180000.0,0.0119547646365563
2015-11-03,5145.1298828125,2028630000.0,0.0115131416647535
2015-11-04,5142.47998046875,2096110000.0,0.011509961752274
2015-11-05,5127.740234375,2054490000.0,0.0114923393509078
2015-11-06,5147.1201171875,2066430000.0,0.0112339926466295
2015-11-07,5147.1201171875,2066430000.0,0.0112339926466295
2015-11-08,5147.1201171875,2066430000.0,0.0112339926466295
2015-11-09,5095.2998046875,1850770000.0,0.0095848743423046
2015-11-10,5083.240234375,1906120000.0,0.0094832156118862
2015-11-11,5067.02001953125,1672340000.0,0.0088896493149459
2015-11-12,5005.080078125,1820930000.0,0.0093206412512227
2015-11-13,4927.8798828125,2001050000.0,0.0094649812171798
2015-11-14,4927.8798828125,2001050000.0,0.0094649812171798
2015-11-15,4927.8798828125,2001050000.0,0.0094649812171798
2015-11-16,4984.6201171875,1819190000.0,0.0092865272790936
2015-11-17,4986.02001953125,1861710000.0,0.0091570137627973
2015-11-18,5075.2001953125,2017390000.0,0.0095310881816681
2015-11-19,5073.64013671875,1794110000.0,0.0095303693200511
2015-11-20,5104.919921875,1766630000.0,0.0095550287323006
2015-11-21,5104.919921875,1766630000.0,0.0095550287323006
2015-11-22,5104.919921875,1766630000.0,0.0095550287323006
2015-11-23,5102.47998046875,1668280000.0,0.0095644127026389
2015-11-24,5102.81005859375,1956920000.0,0.009364400889036
2015-11-25,5116.14013671875,1539300000.0,0.0093181425471303
2015-11-26,5116.14013671875,1539300000.0,0.0093181425471303
2015-11-27,5127.52001953125,781730000.0,0.0088258250829085
2015-11-28,5127.52001953125,781730000.0,0.0088258250829085
2015-11-29,5127.52001953125,781730000.0,0.0088258250829085
2015-11-30,5108.669921875,2244550000.0,0.0088738521352983
2015-12-01,5156.31005859375,2035570000.0,0.0089787843844389
2015-12-02,5123.22021484375,2060340000.0,0.009019150029039
2015-12-03,5037.52978515625,2088100000.0,0.0094646726778975
2015-12-04,5142.27001953125,1897490000.0,0.0097224433410143
2015-12-05,5142.27001953125,1897490000.0,0.0097224433410143
2015-12-06,5142.27001953125,1897490000.0,0.0097224433410143
2015-12-07,5101.81005859375,1952690000.0,0.0090160771126932
2015-12-08,5098.240234375,1871450000.0,0.009018528021652
2015-12-09,5022.8701171875,2003450000.0,0.0094410437742614
2015-12-10,5045.169921875,1746520000.0,0.0091607662983664
2015-12-11,4933.47021484375,2084950000.0,0.0099898099664884
2015-12-12,4933.47021484375,2084950000.0,0.0099898099664884
2015-12-13,4933.47021484375,2084950000.0,0.0099898099664884
2015-12-14,4952.22998046875,2216060000.0,0.0100081806384241
2015-12-15,4995.35986328125,2054710000.0,0.00976119200617
2015-12-16,5071.1298828125,2036610000.0,0.0101592950965458
2015-12-17,5002.5498046875,1897220000.0,0.0104384582085422
2015-12-18,4923.080078125,3765210000.0,0.0107929410561047
2015-12-19,4923.080078125,3765210000.0,0.0107929410561047
2015-12-20,4923.080078125,3765210000.0,0.0107929410561047
2015-12-21,4968.919921875,1673400000.0,0.0109288044200052
2015-12-22,5001.10986328125,1556670000.0,0.0108799229517156
2015-12-23,5045.93017578125,1591490000.0,0.0110118972314516
2015-12-24,5048.490234375,706880000.0,0.0109984307346159
2015-12-25,5048.490234375,706880000.0,0.0109984307346159
2015-12-26,5048.490234375,706880000.0,0.0109984307346159
2015-12-27,5048.490234375,706880000.0,0.0109984307346159
2015-12-28,5040.990234375,1310650000.0,0.0107602013305881
2015-12-29,5107.93994140625,1383470000.0,0.0105844527079943
2015-12-30,5065.85009765625,1247530000.0,0.0105381191210645
2015-12-31,5007.41015625,1437480000.0,0.0107689836179777
2016-01-01,5007.41015625,1437480000.0,0.0107689836179777
2016-01-02,5007.41015625,1437480000.0,0.0107689836179777
2016-01-03,5007.41015625,1437480000.0,0.0107689836179777
2016-01-04,4903.08984375,2218420000.0,0.010911956413957
2016-01-05,4891.43017578125,1927380000.0,0.0109130019391941
2016-01-06,4835.759765625,2168620000.0,0.0109760682091802
2016-01-07,4689.43017578125,2552590000.0,0.0121739492826417
2016-01-08,4643.6298828125,2288750000.0,0.0122269047940416
2016-01-09,4643.6298828125,2288750000.0,0.0122269047940416
2016-01-10,4643.6298828125,2288750000.0,0.0122269047940416
2016-01-11,4637.990234375,2391110000.0,0.0121847305241394
2016-01-12,4685.919921875,2147470000.0,0.0123969960039302
2016-01-13,4526.06005859375,2533200000.0,0.0136833035478318
2016-01-14,4615.0,2565560000.0,0.0141433481905147
2016-01-15,4488.419921875,2818630000.0,0.014808835917148
2016-01-16,4488.419921875,2818630000.0,0.014808835917148
2016-01-17,4488.419921875,2818630000.0,0.014808835917148
2016-01-18,4488.419921875,2818630000.0,0.014808835917148
2016-01-19,4476.9501953125,2394550000.0,0.0146230186090828
2016-01-20,4471.68994140625,3204130000.0,0.0138864501697212
2016-01-21,4472.06005859375,2447750000.0,0.0138986612209156
2016-01-22,4591.18017578125,2153340000.0,0.0149773801200588
2016-01-23,4591.18017578125,2153340000.0,0.0149773801200588
2016-01-24,4591.18017578125,2153340000.0,0.0149773801200588
2016-01-25,4518.490234375,2028880000.0,0.0150065788715604
2016-01-26,4567.669921875,1981180000.0,0.0151680749613798
2016-01-27,4468.169921875,2115710000.0,0.0151524113010524
2016-01-28,4506.68017578125,2322310000.0,0.0152545788319916
2016-01-29,4613.9501953125,2617550000.0,0.0158794189998978
2016-01-30,4613.9501953125,2617550000.0,0.0158794189998978
2016-01-31,4613.9501953125,2617550000.0,0.0158794189998978
2016-02-01,4620.3701171875,1983340000.0,0.0155466529884893
2016-02-02,4516.9501953125,2185180000.0,0.015841486649859
2016-02-03,4504.240234375,2466190000.0,0.0156614651754534
2016-02-04,4509.56005859375,2200930000.0,0.0155125492031422
2016-02-05,4363.14013671875,2489280000.0,0.0163150123643891
2016-02-06,4363.14013671875,2489280000.0,0.0163150123643891
2016-02-07,4363.14013671875,2489280000.0,0.0163150123643891
2016-02-08,4283.75,2702070000.0,0.0162986750666487
2016-02-09,4268.759765625,2465790000.0,0.0162644585288801
2016-02-10,4283.58984375,2448380000.0,0.0163325999264175
2016-02-11,4266.83984375,2812330000.0,0.0159542970539096
2016-02-12,4337.509765625,1983190000.0,0.0164620542998536
2016-02-13,4337.509765625,1983190000.0,0.0164620542998536
2016-02-14,4337.509765625,1983190000.0,0.0164620542998536
2016-02-15,4337.509765625,1983190000.0,0.0164620542998536
2016-02-16,4435.9599609375,2117920000.0,0.0171622508495109
2016-02-17,4534.06005859375,2296440000.0,0.0174813378856163
2016-02-18,4487.5400390625,1955870000.0,0.01753767755529
2016-02-19,4504.43017578125,1903770000.0,0.0175010028757742
2016-02-20,4504.43017578125,1903770000.0,0.0175010028757742
2016-02-21,4504.43017578125,1903770000.0,0.0175010028757742
2016-02-22,4570.60986328125,1794020000.0,0.0169143953859908
2016-02-23,4503.580078125,1777750000.0,0.0170288230607449
2016-02-24,4542.60986328125,1978180000.0,0.0171195542302264
2016-02-25,4582.2001953125,1667840000.0,0.0170865814219915
2016-02-26,4590.47021484375,1814920000.0,0.015838699868843
2016-02-27,4590.47021484375,1814920000.0,0.015838699868843
2016-02-28,4590.47021484375,1814920000.0,0.015838699868843
2016-02-29,4557.9501953125,2065260000.0,0.0154790371316882
2016-03-01,4689.60009765625,2080150000.0,0.0154549593895118
2016-03-02,4703.419921875,1912510000.0,0.0154382415131249
2016-03-03,4707.419921875,1936290000.0,0.0154299071838767
2016-03-04,4717.02001953125,2171230000.0,0.0154269148262107
2016-03-05,4717.02001953125,2171230000.0,0.0154269148262107
2016-03-06,4717.02001953125,2171230000.0,0.0154269148262107
2016-03-07,4708.25,2084390000.0,0.0147247991601198
2016-03-08,4648.81982421875,1993060000.0,0.0146082405648997
2016-03-09,4674.3798828125,1789550000.0,0.0145159527152221
2016-03-10,4662.16015625,1936470000.0,0.0138837838242412
2016-03-11,4748.47021484375,1801790000.0,0.0141689670040933
2016-03-12,4748.47021484375,1801790000.0,0.0141689670040933
2016-03-13,4748.47021484375,1801790000.0,0.0141689670040933
2016-03-14,4750.27978515625,1615100000.0,0.013559058551996
2016-03-15,4728.669921875,1692420000.0,0.0135961717736176
2016-03-16,4763.97021484375,1781060000.0,0.0129015661215254
2016-03-17,4774.990234375,1907190000.0,0.0128725584357712
2016-03-18,4795.64990234375,2829040000.0,0.0128788659962377
2016-03-19,4795.64990234375,2829040000.0,0.0128788659962377
2016-03-20,4795.64990234375,2829040000.0,0.0128788659962377
2016-03-21,4808.8701171875,1609230000.0,0.0110467658326396
2016-03-22,4821.66015625,1596200000.0,0.0102683249809423
2016-03-23,4768.85986328125,1732630000.0,0.0105438040134592
2016-03-24,4773.5,1590990000.0,0.0105554758274263
2016-03-25,4773.5,1590990000.0,0.0105554758274263
2016-03-26,4773.5,1590990000.0,0.0105554758274263
2016-03-27,4773.5,1590990000.0,0.0105554758274263
2016-03-28,4766.7900390625,1381000000.0,0.0105035507629846
2016-03-29,4846.6201171875,1806490000.0,0.0105111885832222
2016-03-30,4869.2900390625,1717820000.0,0.0099014470796301
2016-03-31,4869.85009765625,1774270000.0,0.0092551791555291
2016-04-01,4914.5400390625,1812250000.0,0.0090132856710425
2016-04-02,4914.5400390625,1812250000.0,0.0090132856710425
2016-04-03,4914.5400390625,1812250000.0,0.0090132856710425
2016-04-04,4891.7998046875,1705730000.0,0.0091196184216738
2016-04-05,4843.93017578125,1726010000.0,0.0091165981404884
2016-04-06,4920.72021484375,1761770000.0,0.0088867484361492
2016-04-07,4848.3701171875,1908940000.0,0.0093869218695489
2016-04-08,4850.68994140625,1588830000.0,0.0093100046512297
2016-04-09,4850.68994140625,1588830000.0,0.0093100046512297
2016-04-10,4850.68994140625,1588830000.0,0.0093100046512297
2016-04-11,4833.39990234375,1545540000.0,0.0093634401287782
2016-04-12,4872.08984375,1759280000.0,0.0092775869123792
2016-04-13,4947.419921875,1936450000.0,0.0082490584266945
2016-04-14,4945.89013671875,1645810000.0,0.008254672011256
2016-04-15,4938.22021484375,1684790000.0,0.0082745808227675
2016-04-16,4938.22021484375,1684790000.0,0.0082745808227675
2016-04-17,4938.22021484375,1684790000.0,0.0082745808227675
2016-04-18,4960.02001953125,1672260000.0,0.0082902145365779
2016-04-19,4940.330078125,1824250000.0,0.0083302512062908
2016-04-20,4948.1298828125,1781340000.0,0.0078803967224725
2016-04-21,4945.89013671875,1758190000.0,0.0078665081150842
2016-04-22,4906.22998046875,2018930000.0,0.0080344371413961
2016-04-23,4906.22998046875,2018930000.0,0.0080344371413961
2016-04-24,4906.22998046875,2018930000.0,0.0080344371413961
2016-04-25,4895.7900390625,1582270000.0,0.0074179134703709
2016-04-26,4888.27978515625,1825020000.0,0.0074318284111777
2016-04-27,4863.14013671875,1938780000.0,0.0074478719637591
2016-04-28,4805.2900390625,2161400000.0,0.0077019213412313
2016-04-29,4775.35986328125,2376460000.0,0.0077825042433556
2016-04-30,4775.35986328125,2376460000.0,0.0077825042433556
2016-05-01,4775.35986328125,2376460000.0,0.0077825042433556
2016-05-02,4817.58984375,1880460000.0,0.0079103564454059
2016-05-03,4763.22021484375,1984340000.0,0.0081654024437964
2016-05-04,4725.64013671875,1950800000.0,0.0082603564248416
2016-05-05,4717.08984375,1888350000.0,0.0080308108448543
2016-05-06,4736.16015625,1860800000.0,0.0080677564690928
2016-05-07,4736.16015625,1860800000.0,0.0080677564690928
2016-05-08,4736.16015625,1860800000.0,0.0080677564690928
2016-05-09,4750.2099609375,1625100000.0,0.0080857868785929
2016-05-10,4809.8798828125,1760120000.0,0.0078223488499602
2016-05-11,4760.68994140625,1859110000.0,0.0079726867364662
2016-05-12,4737.330078125,1930450000.0,0.0080067136818534
2016-05-13,4717.68017578125,1698030000.0,0.0077961280377517
2016-05-14,4717.68017578125,1698030000.0,0.0077961280377517
2016-05-15,4717.68017578125,1698030000.0,0.0077961280377517
2016-05-16,4775.4599609375,1741510000.0,0.008148788175582
2016-05-17,4715.72998046875,1925230000.0,0.0082686080852999
2016-05-18,4739.1201171875,1934100000.0,0.0077385495995648
2016-05-19,4712.52978515625,1805890000.0,0.0073558292480642
2016-05-20,4769.56005859375,1970520000.0,0.0077260130820837
2016-05-21,4769.56005859375,1970520000.0,0.0077260130820837
2016-05-22,4769.56005859375,1970520000.0,0.0077260130820837
2016-05-23,4765.77978515625,1865110000.0,0.0077053305443519
2016-05-24,4861.06005859375,1942280000.0,0.0084210881133927
2016-05-25,4894.89013671875,1784420000.0,0.0080206274361255
2016-05-26,4901.77001953125,1606250000.0,0.0080270710700456
2016-05-27,4933.5,1505020000.0,0.0081165046875862
2016-05-28,4933.5,1505020000.0,0.0081165046875862
2016-05-29,4933.5,1505020000.0,0.0081165046875862
2016-05-30,4933.5,1505020000.0,0.0081165046875862
2016-05-31,4948.0498046875,2285350000.0,0.0080933297420994
2016-06-01,4952.25,1797090000.0,0.0080610965190519
2016-06-02,4971.35986328125,1729050000.0,0.0080863101871543
2016-06-03,4942.52001953125,1697840000.0,0.0081592446176214
2016-06-04,4942.52001953125,1697840000.0,0.0081592446176214
2016-06-05,4942.52001953125,1697840000.0,0.0081592446176214
2016-06-06,4968.7099609375,1663840000.0,0.0080695514281901
2016-06-07,4961.75,1747760000.0,0.0080627009011079
2016-06-08,4974.64013671875,1692640000.0,0.008062961278523
2016-06-09,4958.6201171875,1632340000.0,0.0080231762969443
2016-06-10,4894.5498046875,1822200000.0,0.0080814957805946
2016-06-11,4894.5498046875,1822200000.0,0.0080814957805946
2016-06-12,4894.5498046875,1822200000.0,0.0080814957805946
2016-06-13,4848.43994140625,1888300000.0,0.0081962205365871
2016-06-14,4843.5498046875,1919710000.0,0.0080481080372931
2016-06-15,4834.93017578125,1802200000.0,0.0077598956966833
2016-06-16,4844.919921875,1851770000.0,0.007598803174568
2016-06-17,4800.33984375,2638220000.0,0.007806264646431
2016-06-18,4800.33984375,2638220000.0,0.007806264646431
2016-06-19,4800.33984375,2638220000.0,0.007806264646431
2016-06-20,4837.2099609375,1779560000.0,0.0078888970261538
2016-06-21,4843.759765625,1698080000.0,0.0078784763625605
2016-06-22,4833.31982421875,1682220000.0,0.0075675226731337
2016-06-23,4910.0400390625,1738570000.0,0.0078170568284154
2016-06-24,4707.97998046875,4411040000.0,0.0110552736437024
2016-06-25,4707.97998046875,4411040000.0,0.0110552736437024
2016-06-26,4707.97998046875,4411040000.0,0.0110552736437024
2016-06-27,4594.43994140625,2659650000.0,0.0118916914097434
2016-06-28,4691.8701171875,2074090000.0,0.0123261405972269
2016-06-29,4779.25,2116550000.0,0.0125843012130034
2016-06-30,4842.669921875,2171180000.0,0.0127742583056957
2016-07-01,4862.56982421875,1745130000.0,0.0127309771712538
2016-07-02,4862.56982421875,1745130000.0,0.0127309771712538
2016-07-03,4862.56982421875,1745130000.0,0.0127309771712538
2016-07-04,4862.56982421875,1745130000.0,0.0127309771712538
2016-07-05,4822.89990234375,1690340000.0,0.0126644756303565
2016-07-06,4859.16015625,1876090000.0,0.0127283635204894
2016-07-07,4876.81005859375,1672770000.0,0.0122218256860756
2016-07-08,4956.759765625,1947260000.0,0.012516509045869
2016-07-09,4956.759765625,1947260000.0,0.012516509045869
2016-07-10,4956.759765625,1947260000.0,0.012516509045869
2016-07-11,4988.64013671875,1718450000.0,0.0125633959619571
2016-07-12,5022.81982421875,1866280000.0,0.0125696336120473
2016-07-13,5005.72998046875,1650820000.0,0.0125822440298354
2016-07-14,5034.06005859375,1641170000.0,0.012618721357168
2016-07-15,5029.58984375,1610300000.0,0.012605576504527
2016-07-16,5029.58984375,1610300000.0,0.012605576504527
2016-07-17,5029.58984375,1610300000.0,0.012605576504527
2016-07-18,5055.77978515625,1585570000.0,0.0125789224308498
2016-07-19,5036.3701171875,1694740000.0,0.0125760139929278
2016-07-20,5089.93017578125,1877330000.0,0.0127047111944996
2016-07-21,5073.89990234375,1880310000.0,0.0127208396115811
2016-07-22,5100.16015625,1639000000.0,0.0127247039623368
2016-07-23,5100.16015625,1639000000.0,0.0127247039623368
2016-07-24,5100.16015625,1639000000.0,0.0127247039623368
2016-07-25,5097.6298828125,1770620000.0,0.0124541218601987
2016-07-26,5110.0498046875,2038060000.0,0.0122859764328449
2016-07-27,5139.81005859375,2122250000.0,0.0122961801126336
2016-07-28,5154.97998046875,1950910000.0,0.0122766091118032
2016-07-29,5162.1298828125,2072640000.0,0.0122773712647664
2016-07-30,5162.1298828125,2072640000.0,0.0122773712647664
2016-07-31,5162.1298828125,2072640000.0,0.0122773712647664
2016-08-01,5184.2001953125,1866590000.0,0.0120927832587314
2016-08-02,5137.72998046875,2142010000.0,0.0122327037332994
2016-08-03,5159.740234375,1909470000.0,0.0122389303847176
2016-08-04,5166.25,1930000000.0,0.0122137480096823
2016-08-05,5221.1201171875,2017720000.0,0.0120513532627934
2016-08-06,5221.1201171875,2017720000.0,0.0120513532627934
2016-08-07,5221.1201171875,2017720000.0,0.0120513532627934
2016-08-08,5213.14013671875,1624450000.0,0.0087645838687518
2016-08-09,5225.47998046875,1664320000.0,0.0070258607909332
2016-08-10,5204.580078125,1651240000.0,0.0064349443213366
2016-08-11,5228.39990234375,1511670000.0,0.0057857917423383
2016-08-12,5232.89013671875,1501620000.0,0.0054661285444659
2016-08-13,5232.89013671875,1501620000.0,0.0054661285444659
2016-08-14,5232.89013671875,1501620000.0,0.0054661285444659
2016-08-15,5262.02001953125,1533170000.0,0.0054863908513821
2016-08-16,5227.10986328125,1698390000.0,0.0053882384572153
2016-08-17,5228.66015625,1747890000.0,0.005326633659337
2016-08-18,5240.14990234375,1659080000.0,0.0053220820001325
2016-08-19,5238.3798828125,1632740000.0,0.0046514455693971
2016-08-20,5238.3798828125,1632740000.0,0.0046514455693971
2016-08-21,5238.3798828125,1632740000.0,0.0046514455693971
2016-08-22,5244.60009765625,1560210000.0,0.0045715964703142
2016-08-23,5260.080078125,1547050000.0,0.0044744162626631
2016-08-24,5217.68994140625,1714780000.0,0.0047274942225695
2016-08-25,5212.2001953125,1511890000.0,0.0046771787765001
2016-08-26,5218.919921875,1591060000.0,0.0046611759476052
2016-08-27,5218.919921875,1591060000.0,0.0046611759476052
2016-08-28,5218.919921875,1591060000.0,0.0046611759476052
2016-08-29,5232.330078125,1416640000.0,0.0046085534213868
2016-08-30,5222.990234375,1561020000.0,0.0045465622668435
2016-08-31,5213.22021484375,1761770000.0,0.0042185966875806
2016-09-01,5227.2099609375,1592520000.0,0.0041642499104462
2016-09-02,5249.89990234375,1474200000.0,0.0041382419104478
2016-09-03,5249.89990234375,1474200000.0,0.0041382419104478
2016-09-04,5249.89990234375,1474200000.0,0.0041382419104478
2016-09-05,5249.89990234375,1474200000.0,0.0041382419104478
2016-09-06,5275.91015625,1777940000.0,0.0041908274422238
2016-09-07,5283.93017578125,1878460000.0,0.0041844599075071
2016-09-08,5259.47998046875,1839790000.0,0.0042150594469029
2016-09-09,5125.91015625,2208690000.0,0.0063919903625261
2016-09-10,5125.91015625,2208690000.0,0.0063919903625261
2016-09-11,5125.91015625,2208690000.0,0.0063919903625261
2016-09-12,5211.89013671875,2007610000.0,0.0070897006562543
2016-09-13,5155.25,2071460000.0,0.0073364263361745
2016-09-14,5173.77001953125,1902680000.0,0.0071729166108699
2016-09-15,5249.68994140625,1950940000.0,0.0076059810907784
2016-09-16,5244.56982421875,3013860000.0,0.0076099984321254
2016-09-17,5244.56982421875,3013860000.0,0.0076099984321254
2016-09-18,5244.56982421875,3013860000.0,0.0076099984321254
2016-09-19,5235.02978515625,1792650000.0,0.0073776428459334
2016-09-20,5241.35009765625,1697530000.0,0.0073738592022145
2016-09-21,5295.18017578125,2001890000.0,0.0075903161998562
2016-09-22,5339.52001953125,1914550000.0,0.0076749940824168
2016-09-23,5305.75,1762700000.0,0.0077511170584584
2016-09-24,5305.75,1762700000.0,0.0077511170584584
2016-09-25,5305.75,1762700000.0,0.0077511170584584
2016-09-26,5257.490234375,1672190000.0,0.0079470773736168
2016-09-27,5305.7099609375,1754700000.0,0.0080569450575418
2016-09-28,5318.5498046875,1788240000.0,0.0079574390012235
2016-09-29,5269.14990234375,1946150000.0,0.0081607495201662
2016-09-30,5312.0,2063260000.0,0.0082794309351093
2016-10-01,5312.0,2063260000.0,0.0082794309351093
2016-10-02,5312.0,2063260000.0,0.0082794309351093
2016-10-03,5300.8701171875,1606460000.0,0.0082914574158301
2016-10-04,5289.66015625,1711810000.0,0.0083025152544555
2016-10-05,5316.02001953125,1755640000.0,0.0083330541444114
2016-10-06,5306.85009765625,1655480000.0,0.0081904550470704
2016-10-07,5292.39990234375,1647330000.0,0.0082075384919591
2016-10-08,5292.39990234375,1647330000.0,0.0082075384919591
2016-10-09,5292.39990234375,1647330000.0,0.0082075384919591
2016-10-10,5328.669921875,1365600000.0,0.0082876500352632
2016-10-11,5246.7900390625,1822980000.0,0.0087872513193919
2016-10-12,5239.02001953125,1567930000.0,0.008785181449464
2016-10-13,5213.330078125,1737720000.0,0.0088262419612106
2016-10-14,5214.16015625,1593610000.0,0.0088118435009771
2016-10-15,5214.16015625,1593610000.0,0.0088118435009771
2016-10-16,5214.16015625,1593610000.0,0.0088118435009771
2016-10-17,5199.81982421875,1427060000.0,0.0087843495772609
2016-10-18,5243.83984375,1476970000.0,0.008878961560022
2016-10-19,5246.41015625,1548910000.0,0.0088740655551904
2016-10-20,5241.830078125,1745270000.0,0.0088362299327653
2016-10-21,5257.39990234375,1651490000.0,0.0074053835525064
2016-10-22,5257.39990234375,1651490000.0,0.0074053835525064
2016-10-23,5257.39990234375,1651490000.0,0.0074053835525064
2016-10-24,5309.830078125,1533370000.0,0.0070023329938519
2016-10-25,5283.39990234375,1580830000.0,0.0067438490998383
2016-10-26,5250.27001953125,1732300000.0,0.0068444024966262
2016-10-27,5215.97021484375,1926820000.0,0.0064194697420783
2016-10-28,5190.10009765625,1911810000.0,0.0064770121717994
2016-10-29,5190.10009765625,1911810000.0,0.0064770121717994
2016-10-30,5190.10009765625,1911810000.0,0.0064770121717994
2016-10-31,5189.14013671875,1709060000.0,0.0064710696244022
2016-11-01,5153.580078125,1880920000.0,0.0065739137817899
2016-11-02,5105.56982421875,2124990000.0,0.0064371051694606
2016-11-03,5058.41015625,2113730000.0,0.0063383230802814
2016-11-04,5046.3701171875,2020130000.0,0.0062814479664881
2016-11-05,5046.3701171875,2020130000.0,0.0062814479664881
2016-11-06,5046.3701171875,2020130000.0,0.0062814479664881
2016-11-07,5166.169921875,1916620000.0,0.007621972372075
2016-11-08,5193.490234375,1739440000.0,0.0074837885654002
2016-11-09,5251.06982421875,2827570000.0,0.0077675980379121
2016-11-10,5208.7998046875,2986760000.0,0.0077214178307035
2016-11-11,5237.10986328125,2290080000.0,0.0076349287429334
2016-11-12,5237.10986328125,2290080000.0,0.0076349287429334
2016-11-13,5237.10986328125,2290080000.0,0.0076349287429334
2016-11-14,5218.39990234375,2371900000.0,0.0076505718237375
2016-11-15,5275.6201171875,2159180000.0,0.0079216261356002
2016-11-16,5294.580078125,2066130000.0,0.0078951393946292
2016-11-17,5333.97021484375,2084710000.0,0.0080071121079725
2016-11-18,5321.509765625,1865770000.0,0.0080025857773589
2016-11-19,5321.509765625,1865770000.0,0.0080025857773589
2016-11-20,5321.509765625,1865770000.0,0.0080025857773589
2016-11-21,5368.85986328125,1748170000.0,0.0080689857837238
2016-11-22,5386.35009765625,1890410000.0,0.0075151456649934
2016-11-23,5380.68017578125,1617700000.0,0.0075109146351802
2016-11-24,5380.68017578125,1617700000.0,0.0075109146351802
2016-11-25,5398.919921875,768080000.0,0.0074422633153989
2016-11-26,5398.919921875,768080000.0,0.0074422633153989
2016-11-27,5398.919921875,768080000.0,0.0074422633153989
2016-11-28,5368.81005859375,1630150000.0,0.0075425090931229
2016-11-29,5379.919921875,1791760000.0,0.0075116302143755
2016-11-30,5323.68017578125,2056060000.0,0.007671518706421
2016-12-01,5251.10986328125,2269790000.0,0.0080994761499907
2016-12-02,5255.64990234375,1851030000.0,0.0080990072256889
2016-12-03,5255.64990234375,1851030000.0,0.0080990072256889
2016-12-04,5255.64990234375,1851030000.0,0.0080990072256889
2016-12-05,5308.89013671875,1800570000.0,0.0082880901546752
2016-12-06,5333.0,1977480000.0,0.0081297143953523
2016-12-07,5393.759765625,2125370000.0,0.0083180363445828
2016-12-08,5417.35986328125,2236580000.0,0.0082368470817366
2016-12-09,5444.5,2042340000.0,0.0081388003686413
2016-12-10,5444.5,2042340000.0,0.0081388003686413
2016-12-11,5444.5,2042340000.0,0.0081388003686413
2016-12-12,5412.5400390625,1931840000.0,0.0081652977611412
2016-12-13,5463.830078125,2094860000.0,0.0082888030804865
2016-12-14,5436.669921875,1976570000.0,0.0082280906885614
2016-12-15,5456.85009765625,2101320000.0,0.0079593874517211
2016-12-16,5437.16015625,3281480000.0,0.0077414150888689
2016-12-17,5437.16015625,3281480000.0,0.0077414150888689
2016-12-18,5437.16015625,3281480000.0,0.0077414150888689
2016-12-19,5457.43994140625,1688680000.0,0.0076912450944361
2016-12-20,5483.93994140625,1679630000.0,0.0066283852484238
2016-12-21,5471.43017578125,1496850000.0,0.0066428574832233
2016-12-22,5447.419921875,1585470000.0,0.0064944236658223
2016-12-23,5462.68994140625,1144900000.0,0.0062562565876719
2016-12-24,5462.68994140625,1144900000.0,0.0062562565876719
2016-12-25,5462.68994140625,1144900000.0,0.0062562565876719
2016-12-26,5462.68994140625,1144900000.0,0.0062562565876719
2016-12-27,5487.43994140625,1219050000.0,0.006239376079695
2016-12-28,5438.56005859375,1326660000.0,0.0064646621886342
2016-12-29,5432.08984375,1266350000.0,0.0062225917606228
2016-12-30,5383.1201171875,1551690000.0,0.0064630068451441
2016-12-31,5383.1201171875,1551690000.0,0.0064630068451441
2017-01-01,5383.1201171875,1551690000.0,0.0064630068451441
2017-01-02,5383.1201171875,1551690000.0,0.0064630068451441
2017-01-03,5429.080078125,1887670000.0,0.0065057940996709
2017-01-04,5477.0,1885490000.0,0.0066487078792654
2017-01-05,5487.93994140625,1799170000.0,0.0064835864408023
2017-01-06,5521.06005859375,1711870000.0,0.0065400551485886
2017-01-07,5521.06005859375,1711870000.0,0.0065400551485886
2017-01-08,5521.06005859375,1711870000.0,0.0065400551485886
2017-01-09,5531.81982421875,1887740000.0,0.0065333047827731
2017-01-10,5551.81982421875,1798610000.0,0.0065363526298061
2017-01-11,5563.64990234375,1960830000.0,0.0064216341176577
2017-01-12,5547.490234375,1805840000.0,0.0064622824769385
2017-01-13,5574.1201171875,1611260000.0,0.0061152493715025
2017-01-14,5574.1201171875,1611260000.0,0.0061152493715025
2017-01-15,5574.1201171875,1611260000.0,0.0061152493715025
2017-01-16,5574.1201171875,1611260000.0,0.0061152493715025
2017-01-17,5538.72998046875,1759440000.0,0.0056088781102108
2017-01-18,5555.64990234375,1686260000.0,0.005610802776579
2017-01-19,5540.080078125,1809900000.0,0.0054500604220897
2017-01-20,5555.330078125,1750340000.0,0.0054246424424052
2017-01-21,5555.330078125,1750340000.0,0.0054246424424052
2017-01-22,5555.330078125,1750340000.0,0.0054246424424052
2017-01-23,5552.93994140625,1652370000.0,0.0050943852325835
2017-01-24,5600.9599609375,1808560000.0,0.0052485757617325
2017-01-25,5656.33984375,1964040000.0,0.0054430346755722
2017-01-26,5655.18017578125,1837020000.0,0.0052817702303996
2017-01-27,5660.77978515625,1669190000.0,0.0050628677879999
2017-01-28,5660.77978515625,1669190000.0,0.0050628677879999
2017-01-29,5660.77978515625,1669190000.0,0.0050628677879999
2017-01-30,5613.7099609375,1782380000.0,0.0052384610196386
2017-01-31,5614.7900390625,2047460000.0,0.0052167027374877
2017-02-01,5642.64990234375,2239570000.0,0.0051925055758282
2017-02-02,5636.2001953125,2077010000.0,0.0051881679052391
2017-02-03,5666.77001953125,1792330000.0,0.0052033321775008
2017-02-04,5666.77001953125,1792330000.0,0.0052033321775008
2017-02-05,5666.77001953125,1792330000.0,0.0052033321775008
2017-02-06,5663.5498046875,1736140000.0,0.0051742877461998
2017-02-07,5674.22021484375,1922030000.0,0.0050680254096836
2017-02-08,5682.4501953125,1947100000.0,0.0050607910802019
2017-02-09,5715.18017578125,1948120000.0,0.0050923274274208
2017-02-10,5734.1298828125,1867270000.0,0.0047149197354691
2017-02-11,5734.1298828125,1867270000.0,0.0047149197354691
2017-02-12,5734.1298828125,1867270000.0,0.0047149197354691
2017-02-13,5763.9599609375,1843480000.0,0.0047209240642656
2017-02-14,5782.56982421875,1952370000.0,0.0042391429045154
2017-02-15,5819.43994140625,2094140000.0,0.0041495567558196
2017-02-16,5814.89990234375,1945600000.0,0.0039998654663996
2017-02-17,5838.580078125,1879030000.0,0.0040176547200543
2017-02-18,5838.580078125,1879030000.0,0.0040176547200543
2017-02-19,5838.580078125,1879030000.0,0.0040176547200543
2017-02-20,5838.580078125,1879030000.0,0.0040176547200543
2017-02-21,5865.9501953125,1940110000.0,0.0039794631331554
2017-02-22,5860.6298828125,1874710000.0,0.0040152269301121
2017-02-23,5835.509765625,1881490000.0,0.0041577103734966
2017-02-24,5845.31005859375,1684650000.0,0.0041567775086233
2017-02-25,5845.31005859375,1684650000.0,0.0041567775086233
2017-02-26,5845.31005859375,1684650000.0,0.0041567775086233
2017-02-27,5861.89990234375,1882610000.0,0.0040711340466267
2017-02-28,5825.43994140625,2303390000.0,0.0042875981037231
2017-03-01,5904.02978515625,2220350000.0,0.0045522966195048
2017-03-02,5861.22021484375,2043610000.0,0.0048603027703643
2017-03-03,5870.75,1853600000.0,0.0047826763355907
2017-03-04,5870.75,1853600000.0,0.0047826763355907
2017-03-05,5870.75,1853600000.0,0.0047826763355907
2017-03-06,5849.18017578125,1774040000.0,0.0048877420524437
2017-03-07,5833.93017578125,1825510000.0,0.0049367524978816
2017-03-08,5837.5498046875,1813080000.0,0.0047604157299622
2017-03-09,5838.81005859375,1886780000.0,0.0044870754093636
2017-03-10,5861.72998046875,1999440000.0,0.0045101232585963
2017-03-11,5861.72998046875,1999440000.0,0.0045101232585963
2017-03-12,5861.72998046875,1999440000.0,0.0045101232585963
2017-03-13,5875.77978515625,1812460000.0,0.0045151954982453
2017-03-14,5856.81982421875,1664870000.0,0.004227811117858
2017-03-15,5900.0498046875,1955400000.0,0.0043567273457733
2017-03-16,5900.759765625,1770640000.0,0.0043197401154183
2017-03-17,5901.0,3189970000.0,0.0043001993759537
2017-03-18,5901.0,3189970000.0,0.0043001993759537
2017-03-19,5901.0,3189970000.0,0.0043001993759537
2017-03-20,5901.52978515625,1736790000.0,0.0042440501569282
2017-03-21,5793.830078125,2199920000.0,0.00556755118464
2017-03-22,5821.64013671875,1860290000.0,0.0056128845638679
2017-03-23,5817.68994140625,1746990000.0,0.0056185584365697
2017-03-24,5828.740234375,1855040000.0,0.0055448963265992
2017-03-25,5828.740234375,1855040000.0,0.0055448963265992
2017-03-26,5828.740234375,1855040000.0,0.0055448963265992
2017-03-27,5840.3701171875,1673060000.0,0.0055283460791153
2017-03-28,5875.14013671875,1823600000.0,0.0055513065060506
2017-03-29,5897.5498046875,1722190000.0,0.0055616962491637
2017-03-30,5914.33984375,1732100000.0,0.0054738456866322
2017-03-31,5911.740234375,1905150000.0,0.005471365527945
2017-04-01,5911.740234375,1905150000.0,0.005471365527945
2017-04-02,5911.740234375,1905150000.0,0.005471365527945
2017-04-03,5894.68017578125,1852990000.0,0.0054646825916039
2017-04-04,5898.60986328125,1795260000.0,0.0054031015532633
2017-04-05,5864.47998046875,2208600000.0,0.0055101007320004
2017-04-06,5878.9501953125,1849790000.0,0.0054654974230576
2017-04-07,5877.81005859375,1703730000.0,0.0054592814029664
2017-04-08,5877.81005859375,1703730000.0,0.0054592814029664
2017-04-09,5877.81005859375,1703730000.0,0.0054592814029664
2017-04-10,5880.93017578125,1633190000.0,0.0054368880340267
2017-04-11,5866.77001953125,1830760000.0,0.0053265772071842
2017-04-12,5836.16015625,1666570000.0,0.0047987030603258
2017-04-13,5805.14990234375,1587150000.0,0.0047146118181805
2017-04-14,5805.14990234375,1587150000.0,0.0047146118181805
2017-04-15,5805.14990234375,1587150000.0,0.0047146118181805
2017-04-16,5805.14990234375,1587150000.0,0.0047146118181805
2017-04-17,5856.7900390625,1383550000.0,0.0049940795872997
2017-04-18,5849.47021484375,1610230000.0,0.0049531877459593
2017-04-19,5863.02978515625,1754240000.0,0.0049452473771532
2017-04-20,5916.77978515625,1751490000.0,0.0052089849179016
2017-04-21,5910.52001953125,1736420000.0,0.0052161463405961
2017-04-22,5910.52001953125,1736420000.0,0.0052161463405961
2017-04-23,5910.52001953125,1736420000.0,0.0052161463405961
2017-04-24,5983.81982421875,1842880000.0,0.0056213988287961
2017-04-25,6025.490234375,1898120000.0,0.0057292235449224
2017-04-26,6025.22998046875,1899570000.0,0.0056804696250428
2017-04-27,6048.93994140625,1883610000.0,0.0055807294121589
2017-04-28,6047.60986328125,2005870000.0,0.0055825683132672
2017-04-29,6047.60986328125,2005870000.0,0.0055825683132672
2017-04-30,6047.60986328125,2005870000.0,0.0055825683132672
2017-05-01,6091.60009765625,1763100000.0,0.0057016991267333
2017-05-02,6095.3701171875,2162610000.0,0.0056994140372582
2017-05-03,6072.5498046875,2152850000.0,0.004464766891527
2017-05-04,6075.33984375,2059820000.0,0.0044268278038957
2017-05-05,6100.759765625,1903040000.0,0.0044361024484443
2017-05-06,6100.759765625,1903040000.0,0.0044361024484443
2017-05-07,6100.759765625,1903040000.0,0.0044361024484443
2017-05-08,6102.66015625,1912030000.0,0.0044416804881534
2017-05-09,6120.58984375,2005820000.0,0.0044483705817027
2017-05-10,6129.14013671875,2111850000.0,0.0043710027641929
2017-05-11,6115.9599609375,1952650000.0,0.0043937148822483
2017-05-12,6121.22998046875,1749010000.0,0.0043832362769155
2017-05-13,6121.22998046875,1749010000.0,0.0043832362769155
2017-05-14,6121.22998046875,1749010000.0,0.0043832362769155
2017-05-15,6149.669921875,1865450000.0,0.0044177221618505
2017-05-16,6169.8701171875,2006980000.0,0.0043584116172156
2017-05-17,6011.240234375,2355460000.0,0.0066600550680095
2017-05-18,6055.1298828125,2134610000.0,0.0066524321336127
2017-05-19,6083.7001953125,1908030000.0,0.006681225869232
2017-05-20,6083.7001953125,1908030000.0,0.006681225869232
2017-05-21,6083.7001953125,1908030000.0,0.006681225869232
2017-05-22,6133.6201171875,1728190000.0,0.0067971653813489
2017-05-23,6138.7099609375,1709140000.0,0.0067960361226122
2017-05-24,6163.02001953125,1672380000.0,0.0067712846768805
2017-05-25,6205.259765625,1775750000.0,0.0067068824415944
2017-05-26,6210.18994140625,1573200000.0,0.0065665188814525
2017-05-27,6210.18994140625,1573200000.0,0.0065665188814525
2017-05-28,6210.18994140625,1573200000.0,0.0065665188814525
2017-05-29,6210.18994140625,1573200000.0,0.0065665188814525
2017-05-30,6203.18994140625,1690930000.0,0.0064723937103802
2017-05-31,6198.52001953125,2212130000.0,0.0064646352934356
2017-06-01,6246.830078125,1946000000.0,0.0065517173222461
2017-06-02,6305.7998046875,1825450000.0,0.0065618527899183
2017-06-03,6305.7998046875,1825450000.0,0.0065618527899183
2017-06-04,6305.7998046875,1825450000.0,0.0065618527899183
2017-06-05,6295.68017578125,1742160000.0,0.0065717605785188
2017-06-06,6275.06005859375,1893110000.0,0.0063486746728007
2017-06-07,6297.3798828125,1827220000.0,0.0062798701673611
2017-06-08,6321.759765625,2134350000.0,0.0062878911086898
2017-06-09,6207.919921875,3154590000.0,0.0072299115225487
2017-06-10,6207.919921875,3154590000.0,0.0072299115225487
2017-06-11,6207.919921875,3154590000.0,0.0072299115225487
2017-06-12,6175.4599609375,2588860000.0,0.0073135642535769
2017-06-13,6220.3701171875,2063930000.0,0.0073135143212141
2017-06-14,6194.89013671875,1949040000.0,0.0073659183016434
2017-06-15,6165.5,1870010000.0,0.0073883477924818
2017-06-16,6151.759765625,3133000000.0,0.0074052468288346
2017-06-17,6151.759765625,3133000000.0,0.0074052468288346
2017-06-18,6151.759765625,3133000000.0,0.0074052468288346
2017-06-19,6239.009765625,1989290000.0,0.0077896242945253
2017-06-20,6188.02978515625,2580440000.0,0.0079593675155257
2017-06-21,6233.9501953125,2408800000.0,0.0080482543491522
2017-06-22,6236.68994140625,2177430000.0,0.0080469348521806
2017-06-23,6265.25,4164310000.0,0.008061790298215
2017-06-24,6265.25,4164310000.0,0.008061790298215
2017-06-25,6265.25,4164310000.0,0.008061790298215
2017-06-26,6247.14990234375,2155460000.0,0.0080899604848746
2017-06-27,6146.6201171875,2189250000.0,0.0086173196308307
2017-06-28,6234.41015625,2077390000.0,0.0089832223537846
2017-06-29,6144.35009765625,2410510000.0,0.0080111369044965
2017-06-30,6140.419921875,2011720000.0,0.0079179563995385
2017-07-01,6140.419921875,2011720000.0,0.0079179563995385
2017-07-02,6140.419921875,2011720000.0,0.0079179563995385
2017-07-03,6110.06005859375,1091030000.0,0.0079360247342597
2017-07-04,6110.06005859375,1091030000.0,0.0079360247342597
2017-07-05,6150.85986328125,1874040000.0,0.0078878021923934
2017-07-06,6089.4599609375,1993290000.0,0.0080993139799812
2017-07-07,6153.080078125,1712490000.0,0.0082979960393133
2017-07-08,6153.080078125,1712490000.0,0.0082979960393133
2017-07-09,6153.080078125,1712490000.0,0.0082979960393133
2017-07-10,6176.39013671875,1681270000.0,0.0082291554917317
2017-07-11,6193.2998046875,1812560000.0,0.0082444817932804
2017-07-12,6261.169921875,1827740000.0,0.0084813219507696
2017-07-13,6274.43994140625,1806160000.0,0.0084851030596608
2017-07-14,6312.47021484375,1615440000.0,0.0084393428618613
2017-07-15,6312.47021484375,1615440000.0,0.0084393428618613
2017-07-16,6312.47021484375,1615440000.0,0.0084393428618613
2017-07-17,6314.43017578125,1563390000.0,0.0082646950223948
2017-07-18,6344.31005859375,1773220000.0,0.0083017361239339
2017-07-19,6385.0400390625,1867470000.0,0.008347509269717
2017-07-20,6390.0,1850000000.0,0.0083288020776997
2017-07-21,6387.75,1807110000.0,0.0083053879097531
2017-07-22,6387.75,1807110000.0,0.0083053879097531
2017-07-23,6387.75,1807110000.0,0.0083053879097531
2017-07-24,6410.81005859375,1748140000.0,0.0075482309771879
2017-07-25,6412.169921875,1930840000.0,0.0074560148843222
2017-07-26,6422.75,1996680000.0,0.0073704378956763
2017-07-27,6382.18994140625,2501400000.0,0.0074353712408372
2017-07-28,6374.68017578125,1877100000.0,0.0073683770005809
2017-07-29,6374.68017578125,1877100000.0,0.0073683770005809
2017-07-30,6374.68017578125,1877100000.0,0.0073683770005809
2017-07-31,6348.1201171875,1898830000.0,0.007407241241348
2017-08-01,6362.93994140625,1821780000.0,0.0069932483367281
2017-08-02,6362.64990234375,2115870000.0,0.006792558529661
2017-08-03,6340.33984375,2124100000.0,0.0067260945402485
2017-08-04,6351.56005859375,1908930000.0,0.0067296189169968
2017-08-05,6351.56005859375,1908930000.0,0.0067296189169968
2017-08-06,6351.56005859375,1908930000.0,0.0067296189169968
2017-08-07,6383.77001953125,1704010000.0,0.0067401372228167
2017-08-08,6370.4599609375,1931490000.0,0.0067272255927537
2017-08-09,6352.330078125,2037810000.0,0.0059710826477256
2017-08-10,6216.8701171875,2214990000.0,0.0067806098128621
2017-08-11,6256.56005859375,1799780000.0,0.0063011735549919
2017-08-12,6256.56005859375,1799780000.0,0.0063011735549919
2017-08-13,6256.56005859375,1799780000.0,0.0063011735549919
2017-08-14,6340.22998046875,1702570000.0,0.0067062636613535
2017-08-15,6333.009765625,1582560000.0,0.0066237347272576
2017-08-16,6345.10986328125,1809070000.0,0.0065450227736607
2017-08-17,6221.91015625,2052940000.0,0.0072940110424311
2017-08-18,6216.52978515625,1968470000.0,0.0070650343956175
2017-08-19,6216.52978515625,1968470000.0,0.0070650343956175
2017-08-20,6216.52978515625,1968470000.0,0.0070650343956175
2017-08-21,6213.1298828125,1582990000.0,0.0070365161659478
2017-08-22,6297.47998046875,1599760000.0,0.0074327445382091
2017-08-23,6278.41015625,1535320000.0,0.0071956828060916
2017-08-24,6271.330078125,1618660000.0,0.0071885738229928
2017-08-25,6265.64013671875,1445590000.0,0.0070979843609856
2017-08-26,6265.64013671875,1445590000.0,0.0070979843609856
2017-08-27,6265.64013671875,1445590000.0,0.0070979843609856
2017-08-28,6283.02001953125,1565110000.0,0.0071188335248802
2017-08-29,6301.89013671875,1639810000.0,0.0070849315463721
2017-08-30,6368.31005859375,1717060000.0,0.0072538578308471
2017-08-31,6428.66015625,1889500000.0,0.0074586482329589
2017-09-01,6435.330078125,1489120000.0,0.0074594072748605
2017-09-02,6435.330078125,1489120000.0,0.0074594072748605
2017-09-03,6435.330078125,1489120000.0,0.0074594072748605
2017-09-04,6435.330078125,1489120000.0,0.0074594072748605
2017-09-05,6375.56982421875,1889620000.0,0.0076305193911762
2017-09-06,6393.31005859375,1902720000.0,0.007649474980823
2017-09-07,6397.8701171875,2000910000.0,0.0076440127531868
2017-09-08,6360.18994140625,1786070000.0,0.0076324168596489
2017-09-09,6360.18994140625,1786070000.0,0.0076324168596489
2017-09-10,6360.18994140625,1786070000.0,0.0076324168596489
2017-09-11,6432.259765625,1819310000.0,0.0079059916070838
2017-09-12,6454.27978515625,1747620000.0,0.0078792840135358
2017-09-13,6460.18994140625,1944630000.0,0.0078724971032822
2017-09-14,6429.080078125,1817840000.0,0.0079322206466082
2017-09-15,6448.47021484375,2827910000.0,0.0079121864432601
2017-09-16,6448.47021484375,2827910000.0,0.0079121864432601
2017-09-17,6448.47021484375,2827910000.0,0.0079121864432601
2017-09-18,6454.64013671875,1881900000.0,0.0079093130615953
2017-09-19,6461.31982421875,1816080000.0,0.0078639761640325
2017-09-20,6456.0400390625,2083580000.0,0.007853524828006
2017-09-21,6422.68994140625,1779600000.0,0.0078986024213301
2017-09-22,6426.919921875,1648690000.0,0.0067269404275646
2017-09-23,6426.919921875,1648690000.0,0.0067269404275646
2017-09-24,6426.919921875,1648690000.0,0.0067269404275646
2017-09-25,6370.58984375,2061150000.0,0.0068863443794026
2017-09-26,6380.16015625,1935990000.0,0.0064609316927698
2017-09-27,6453.259765625,2068400000.0,0.0067685109658911
2017-09-28,6453.4501953125,1882790000.0,0.006764934106185
2017-09-29,6495.9599609375,1970720000.0,0.0056734224550897
2017-09-30,6495.9599609375,1970720000.0,0.0056734224550897
2017-10-01,6495.9599609375,1970720000.0,0.0056734224550897
2017-10-02,6516.72021484375,1984400000.0,0.0056649963957669
2017-10-03,6531.7099609375,1972760000.0,0.0056520967587765
2017-10-04,6534.6298828125,1941470000.0,0.0051948153963839
2017-10-05,6585.35986328125,1888970000.0,0.0052614651865809
2017-10-06,6590.18017578125,1752170000.0,0.0052392271575212
2017-10-07,6590.18017578125,1752170000.0,0.0052392271575212
2017-10-08,6590.18017578125,1752170000.0,0.0052392271575212
2017-10-09,6579.72998046875,1494160000.0,0.0052521276989501
2017-10-10,6587.25,1802480000.0,0.0052483557297785
2017-10-11,6603.5498046875,1837860000.0,0.0052443073550824
2017-10-12,6591.509765625,2020330000.0,0.0049976034535163
2017-10-13,6605.7998046875,1761700000.0,0.0047523494219693
2017-10-14,6605.7998046875,1761700000.0,0.0047523494219693
2017-10-15,6605.7998046875,1761700000.0,0.0047523494219693
2017-10-16,6624.0,1632240000.0,0.0047642709929742
2017-10-17,6623.66015625,1653160000.0,0.0043567881781434
2017-10-18,6624.22021484375,1738060000.0,0.0043524355638825
2017-10-19,6605.06982421875,1847020000.0,0.0044152609623224
2017-10-20,6629.0498046875,1812220000.0,0.0042357416105833
2017-10-21,6629.0498046875,1812220000.0,0.0042357416105833
2017-10-22,6629.0498046875,1812220000.0,0.0042357416105833
2017-10-23,6586.830078125,1813080000.0,0.0040365168848979
2017-10-24,6598.43017578125,1852610000.0,0.0040105903898435
2017-10-25,6563.89013671875,2205790000.0,0.0041563304691356
2017-10-26,6556.77001953125,2125640000.0,0.0040446370112105
2017-10-27,6701.259765625,2414520000.0,0.0055834677672662
2017-10-28,6701.259765625,2414520000.0,0.0055834677672662
2017-10-29,6701.259765625,2414520000.0,0.0055834677672662
2017-10-30,6698.9599609375,2015920000.0,0.0055911158025625
2017-10-31,6727.669921875,2054220000.0,0.0056183042901769
2017-11-01,6716.52978515625,2074230000.0,0.0056315341975748
2017-11-02,6714.93994140625,2282300000.0,0.0055057856135919
2017-11-03,6764.43994140625,2203880000.0,0.0056056654842379
2017-11-04,6764.43994140625,2203880000.0,0.0056056654842379
2017-11-05,6764.43994140625,2203880000.0,0.0056056654842379
2017-11-06,6786.43994140625,2173120000.0,0.0052468902974289
2017-11-07,6767.77978515625,2209280000.0,0.0053208307550027
2017-11-08,6789.1201171875,2121340000.0,0.0050216946944249
2017-11-09,6750.0498046875,2243500000.0,0.0051965291143987
2017-11-10,6750.93994140625,1979120000.0,0.0051122504499704
2017-11-11,6750.93994140625,1979120000.0,0.0051122504499704
2017-11-12,6750.93994140625,1979120000.0,0.0051122504499704
2017-11-13,6757.60009765625,1976460000.0,0.0050997168078265
2017-11-14,6737.8701171875,1988230000.0,0.0051501689132643
2017-11-15,6706.2099609375,1923730000.0,0.0052554842944472
2017-11-16,6793.2900390625,2020380000.0,0.0055640655080928
2017-11-17,6782.7900390625,2009220000.0,0.005583881654202
2017-11-18,6782.7900390625,2009220000.0,0.005583881654202
2017-11-19,6782.7900390625,2009220000.0,0.005583881654202
2017-11-20,6790.7099609375,1811750000.0,0.0055631601446283
2017-11-21,6862.47998046875,1891960000.0,0.0058253169399556
2017-11-22,6867.35986328125,1589150000.0,0.0058226481239669
2017-11-23,6867.35986328125,1589150000.0,0.0058226481239669
2017-11-24,6889.16015625,872110000.0,0.0058014103404711
2017-11-25,6889.16015625,872110000.0,0.0058014103404711
2017-11-26,6889.16015625,872110000.0,0.0058014103404711
2017-11-27,6878.52001953125,1781550000.0,0.005825633896121
2017-11-28,6912.35986328125,2003840000.0,0.0058567561313017
2017-11-29,6824.39013671875,2456990000.0,0.0064047559213987
2017-11-30,6873.97021484375,2468530000.0,0.0065021336826236
2017-12-01,6847.58984375,2302140000.0,0.006525206170117
2017-12-02,6847.58984375,2302140000.0,0.006525206170117
2017-12-03,6847.58984375,2302140000.0,0.006525206170117
2017-12-04,6775.3701171875,2427170000.0,0.0068519061509616
2017-12-05,6762.2099609375,2085760000.0,0.0067398428313349
2017-12-06,6776.3798828125,1901770000.0,0.0067416266475816
2017-12-07,6812.83984375,1953740000.0,0.0066868356372133
2017-12-08,6840.080078125,1825640000.0,0.006690161172535
2017-12-09,6840.080078125,1825640000.0,0.006690161172535
2017-12-10,6840.080078125,1825640000.0,0.006690161172535
2017-12-11,6875.080078125,1836780000.0,0.005529541707808
2017-12-12,6862.31982421875,1872810000.0,0.0055477287977197
2017-12-13,6875.7998046875,1931090000.0,0.0055137510410845
2017-12-14,6856.52978515625,1990090000.0,0.0055348327483357
2017-12-15,6936.580078125,3529590000.0,0.0058783861103226
2017-12-16,6936.580078125,3529590000.0,0.0058783861103226
2017-12-17,6936.580078125,3529590000.0,0.0058783861103226
2017-12-18,6994.759765625,2150580000.0,0.0059181519587272
2017-12-19,6963.85009765625,2084190000.0,0.0059883545835212
2017-12-20,6960.9599609375,1888140000.0,0.0059548221378348
2017-12-21,6965.35986328125,1827410000.0,0.0059403221348708
2017-12-22,6959.9599609375,1541880000.0,0.0058169177444996
2017-12-23,6959.9599609375,1541880000.0,0.0058169177444996
2017-12-24,6959.9599609375,1541880000.0,0.0058169177444996
2017-12-25,6959.9599609375,1541880000.0,0.0058169177444996
2017-12-26,6936.25,1301000000.0,0.0058713332000502
2017-12-27,6939.33984375,1411010000.0,0.0058718981867373
2017-12-28,6950.16015625,1319870000.0,0.0058285123885493
2017-12-29,6903.39013671875,1575290000.0,0.0059092764306521
2017-12-30,6903.39013671875,1575290000.0,0.0059092764306521
2017-12-31,6903.39013671875,1575290000.0,0.0059092764306521
2018-01-01,6903.39013671875,1575290000.0,0.0059092764306521
2018-01-02,7006.89990234375,1929700000.0,0.0060565100842304
2018-01-03,7065.52978515625,2173130000.0,0.0061788112327001
2018-01-04,7077.91015625,2103220000.0,0.006179097192552
2018-01-05,7136.56005859375,2024000000.0,0.0060767991797652
2018-01-06,7136.56005859375,2024000000.0,0.0060767991797652
2018-01-07,7136.56005859375,2024000000.0,0.0060767991797652
2018-01-08,7157.39013671875,2055010000.0,0.0060826806069381
2018-01-09,7163.580078125,2155810000.0,0.0060738341294044
2018-01-10,7153.56982421875,2132430000.0,0.0060715116498573
2018-01-11,7211.77978515625,2015170000.0,0.0061642259562917
2018-01-12,7261.06005859375,1986600000.0,0.005620076912507
2018-01-13,7261.06005859375,1986600000.0,0.005620076912507
2018-01-14,7261.06005859375,1986600000.0,0.005620076912507
2018-01-15,7261.06005859375,1986600000.0,0.005620076912507
2018-01-16,7223.68994140625,2399790000.0,0.0056822147749172
2018-01-17,7298.27978515625,2245910000.0,0.0057945723235432
2018-01-18,7296.0498046875,2037410000.0,0.005298400472576
2018-01-19,7336.3798828125,2005470000.0,0.005259035452298
2018-01-20,7336.3798828125,2005470000.0,0.005259035452298
2018-01-21,7336.3798828125,2005470000.0,0.005259035452298
2018-01-22,7408.02978515625,2118310000.0,0.0054099970626187
2018-01-23,7460.2900390625,2135840000.0,0.0054438201539081
2018-01-24,7415.06005859375,2287320000.0,0.0056874143878182
2018-01-25,7411.16015625,2081380000.0,0.0056979090806794
2018-01-26,7505.77001953125,2080700000.0,0.0059281143233341
2018-01-27,7505.77001953125,2080700000.0,0.0059281143233341
2018-01-28,7505.77001953125,2080700000.0,0.0059281143233341
2018-01-29,7466.509765625,2114420000.0,0.0061141908170976
2018-01-30,7402.47998046875,2183420000.0,0.0063820737287816
2018-01-31,7411.47998046875,2428990000.0,0.0061515879851224
2018-02-01,7385.85986328125,2311180000.0,0.0061227540319806
2018-02-02,7240.9501953125,2607160000.0,0.0072113112645319
2018-02-03,7240.9501953125,2607160000.0,0.0072113112645319
2018-02-04,7240.9501953125,2607160000.0,0.0072113112645319
2018-02-05,6967.52978515625,3143210000.0,0.0102389503067365
2018-02-06,7115.8798828125,3148270000.0,0.0109363478322301
2018-02-07,7051.97998046875,2380020000.0,0.0110777196248104
2018-02-08,6777.16015625,2730740000.0,0.0132807922386478
2018-02-09,6874.490234375,3165330000.0,0.0135610264847123
2018-02-10,6874.490234375,3165330000.0,0.0135610264847123
2018-02-11,6874.490234375,3165330000.0,0.0135610264847123
2018-02-12,6981.9599609375,2250650000.0,0.0138633551523233
2018-02-13,7013.509765625,1830320000.0,0.0138223566361892
2018-02-14,7143.6201171875,2217630000.0,0.0139617081791442
2018-02-15,7256.43017578125,2124060000.0,0.0141637821940582
2018-02-16,7239.47021484375,2037710000.0,0.0141748834098
2018-02-17,7239.47021484375,2037710000.0,0.0141748834098
2018-02-18,7239.47021484375,2037710000.0,0.0141748834098
2018-02-19,7239.47021484375,2037710000.0,0.0141748834098
2018-02-20,7234.31005859375,1921870000.0,0.0141056508585472
2018-02-21,7218.22998046875,1956120000.0,0.0141059417864159
2018-02-22,7210.08984375,1927580000.0,0.0141077971398346
2018-02-23,7337.39013671875,1887540000.0,0.0144510642062799
2018-02-24,7337.39013671875,1887540000.0,0.0144510642062799
2018-02-25,7337.39013671875,1887540000.0,0.0144510642062799
2018-02-26,7421.4599609375,1876560000.0,0.0145203233685147
2018-02-27,7330.35009765625,2162250000.0,0.0146745556952125
2018-02-28,7273.009765625,2384940000.0,0.01471738849008
2018-03-01,7180.56005859375,2499010000.0,0.0147768451566458
2018-03-02,7257.8701171875,2291480000.0,0.0149190761039801
2018-03-03,7257.8701171875,2291480000.0,0.0149190761039801
2018-03-04,7257.8701171875,2291480000.0,0.0149190761039801
2018-03-05,7330.7099609375,2076870000.0,0.0150000185023239
2018-03-06,7372.009765625,2132920000.0,0.0149266563369516
2018-03-07,7396.64990234375,2198610000.0,0.0148804535407397
2018-03-08,7427.9501953125,2277740000.0,0.0148609711632904
2018-03-09,7560.81005859375,2310050000.0,0.0152059465477173
2018-03-10,7560.81005859375,2310050000.0,0.0152059465477173
2018-03-11,7560.81005859375,2310050000.0,0.0152059465477173
2018-03-12,7588.31982421875,2314480000.0,0.0150482175660946
2018-03-13,7511.009765625,2459220000.0,0.0151397939787053
2018-03-14,7496.81005859375,2112950000.0,0.015054411827143
2018-03-15,7481.740234375,2008290000.0,0.0150600794860792
2018-03-16,7481.990234375,3089970000.0,0.0150433595159518
2018-03-17,7481.990234375,3089970000.0,0.0150433595159518
2018-03-18,7481.990234375,3089970000.0,0.0150433595159518
2018-03-19,7344.240234375,2352810000.0,0.0149877442696794
2018-03-20,7364.2998046875,1976000000.0,0.0130577177241259
2018-03-21,7345.2900390625,1999230000.0,0.0125617272886682
2018-03-22,7166.68017578125,2370970000.0,0.0132945578583432
2018-03-23,6992.669921875,2455760000.0,0.0119275417362638
2018-03-24,6992.669921875,2455760000.0,0.0119275417362638
2018-03-25,6992.669921875,2455760000.0,0.0119275417362638
2018-03-26,7220.5400390625,2341370000.0,0.0130026115683924
2018-03-27,7008.81005859375,2347480000.0,0.0139308839333565
2018-03-28,6949.22998046875,2551950000.0,0.0139928995409629
2018-03-29,7063.4501953125,2593390000.0,0.0139020215970704
2018-03-30,7063.4501953125,2593390000.0,0.0139020215970704
2018-03-31,7063.4501953125,2593390000.0,0.0139020215970704
2018-04-01,7063.4501953125,2593390000.0,0.0139020215970704
2018-04-02,6870.1201171875,2402670000.0,0.0144244585364727
2018-04-03,6941.27978515625,2330900000.0,0.0145926059069113
2018-04-04,7042.10986328125,2261580000.0,0.0148761094107393
2018-04-05,7076.5498046875,2153030000.0,0.0149107462210839
2018-04-06,6915.10986328125,2359780000.0,0.0154627667290529
2018-04-07,6915.10986328125,2359780000.0,0.0154627667290529
2018-04-08,6915.10986328125,2359780000.0,0.0154627667290529
2018-04-09,6950.33984375,2089220000.0,0.0151014937612134
2018-04-10,7094.2998046875,2252020000.0,0.0154632409330231
2018-04-11,7069.02978515625,1882090000.0,0.0153333319714783
2018-04-12,7140.25,2027080000.0,0.015413442498987
2018-04-13,7106.64990234375,1768160000.0,0.0152631954470177
2018-04-14,7106.64990234375,1768160000.0,0.0152631954470177
2018-04-15,7106.64990234375,1768160000.0,0.0152631954470177
2018-04-16,7156.27978515625,1800450000.0,0.0151847047563023
2018-04-17,7281.10009765625,1935380000.0,0.0154150089214246
2018-04-18,7295.240234375,1908700000.0,0.0153815148523768
2018-04-19,7238.06005859375,1982090000.0,0.0154249218210356
2018-04-20,7146.1298828125,1935160000.0,0.0155488809092768
2018-04-21,7146.1298828125,1935160000.0,0.0155488809092768
2018-04-22,7146.1298828125,1935160000.0,0.0155488809092768
2018-04-23,7128.60009765625,1744480000.0,0.015128611121325
2018-04-24,7007.35009765625,2154270000.0,0.0153381505435177
2018-04-25,7003.740234375,2055840000.0,0.0152749475483668
2018-04-26,7118.68017578125,2141220000.0,0.0156486078617709
2018-04-27,7119.7998046875,2050350000.0,0.0156522480980796
2018-04-28,7119.7998046875,2050350000.0,0.0156522480980796
2018-04-29,7119.7998046875,2050350000.0,0.0156522480980796
2018-04-30,7066.27001953125,1998570000.0,0.0156852373398221
2018-05-01,7130.7001953125,1932660000.0,0.0154827616831159
2018-05-02,7100.89990234375,2157860000.0,0.0154770823257687
2018-05-03,7088.14990234375,2355780000.0,0.0154753452603981
2018-05-04,7209.6201171875,2040520000.0,0.0151645927322039
2018-05-05,7209.6201171875,2040520000.0,0.0151645927322039
2018-05-06,7209.6201171875,2040520000.0,0.0151645927322039
2018-05-07,7265.2099609375,1950650000.0,0.0144750166918568
2018-05-08,7266.89990234375,2070970000.0,0.0132552708327736
2018-05-09,7339.91015625,2250260000.0,0.0120914328498378
2018-05-10,7404.97021484375,2250450000.0,0.0120077573127284
2018-05-11,7402.8798828125,2085350000.0,0.0117102436704144
2018-05-12,7402.8798828125,2085350000.0,0.0117102436704144
2018-05-13,7402.8798828125,2085350000.0,0.0117102436704144
2018-05-14,7411.31982421875,2085850000.0,0.0103218229745203
2018-05-15,7351.6298828125,2120380000.0,0.0103899203280241
2018-05-16,7398.2998046875,2103060000.0,0.0101564170956952
2018-05-17,7382.47021484375,1958970000.0,0.0101602151356879
2018-05-18,7354.33984375,1982190000.0,0.0091141453017288
2018-05-19,7354.33984375,1982190000.0,0.0091141453017288
2018-05-20,7354.33984375,1982190000.0,0.0091141453017288
2018-05-21,7394.0400390625,1997220000.0,0.0091177719815223
2018-05-22,7378.4599609375,1927420000.0,0.0084512293714546
2018-05-23,7425.9599609375,1997090000.0,0.0084491426874189
2018-05-24,7424.43017578125,2035460000.0,0.0083043626493682
2018-05-25,7433.85009765625,1771950000.0,0.0082263333590152
2018-05-26,7433.85009765625,1771950000.0,0.0082263333590152
2018-05-27,7433.85009765625,1771950000.0,0.0082263333590152
2018-05-28,7433.85009765625,1771950000.0,0.0082263333590152
2018-05-29,7396.58984375,2095380000.0,0.0082430677220826
2018-05-30,7462.4501953125,2058300000.0,0.0078042117913486
2018-05-31,7442.1201171875,2533360000.0,0.0078276123039734
2018-06-01,7554.330078125,2212330000.0,0.0080754758519592
2018-06-02,7554.330078125,2212330000.0,0.0080754758519592
2018-06-03,7554.330078125,2212330000.0,0.0080754758519592
2018-06-04,7606.4599609375,2152170000.0,0.0076702668157707
2018-06-05,7637.85986328125,2063270000.0,0.0076299944901812
2018-06-06,7689.240234375,2198100000.0,0.0067215554684526
2018-06-07,7635.06982421875,2339720000.0,0.0069457607255676
2018-06-08,7645.509765625,1949810000.0,0.0064710089100097
2018-06-09,7645.509765625,1949810000.0,0.0064710089100097
2018-06-10,7645.509765625,1949810000.0,0.0064710089100097
2018-06-11,7659.93017578125,1959360000.0,0.0064582235095084
2018-06-12,7703.7900390625,2019890000.0,0.0061998716529756
2018-06-13,7695.7001953125,2197830000.0,0.006126068461858
2018-06-14,7761.0400390625,2193630000.0,0.0060818511939295
2018-06-15,7746.3798828125,3049870000.0,0.0060844000373393
2018-06-16,7746.3798828125,3049870000.0,0.0060844000373393
2018-06-17,7746.3798828125,3049870000.0,0.0060844000373393
2018-06-18,7747.02978515625,2102660000.0,0.0054942842744825
2018-06-19,7725.58984375,2283340000.0,0.005479007185032
2018-06-20,7781.509765625,2316420000.0,0.00554702470596
2018-06-21,7712.9501953125,2349640000.0,0.0057078900753004
2018-06-22,7692.81982421875,3956300000.0,0.0055931419424369
2018-06-23,7692.81982421875,3956300000.0,0.0055931419424369
2018-06-24,7692.81982421875,3956300000.0,0.0055931419424369
2018-06-25,7532.009765625,2423190000.0,0.0069280318383472
2018-06-26,7561.6298828125,2068870000.0,0.0069544515208753
2018-06-27,7445.080078125,2319650000.0,0.0073965977565479
2018-06-28,7503.68017578125,2208870000.0,0.0074432405707751
2018-06-29,7510.2998046875,2208820000.0,0.0074270870351202
2018-06-30,7510.2998046875,2208820000.0,0.0074270870351202
2018-07-01,7510.2998046875,2208820000.0,0.0074270870351202
2018-07-02,7567.68994140625,1777880000.0,0.0074870588132028
2018-07-03,7502.669921875,1171420000.0,0.0076367290318155
2018-07-04,7502.669921875,1171420000.0,0.0076367290318155
2018-07-05,7586.43017578125,1754690000.0,0.0078595756885748
2018-07-06,7688.39013671875,1718600000.0,0.0081240728772827
2018-07-07,7688.39013671875,1718600000.0,0.0081240728772827
2018-07-08,7688.39013671875,1718600000.0,0.0081240728772827
2018-07-09,7756.2001953125,1844440000.0,0.0082369684712773
2018-07-10,7759.2001953125,1735230000.0,0.0082392377498796
2018-07-11,7716.60986328125,1768480000.0,0.0082526349813394
2018-07-12,7823.919921875,1930830000.0,0.0084536067703579
2018-07-13,7825.97998046875,1727500000.0,0.0084186502301692
2018-07-14,7825.97998046875,1727500000.0,0.0084186502301692
2018-07-15,7825.97998046875,1727500000.0,0.0084186502301692
2018-07-16,7805.72021484375,1739360000.0,0.0080658757233838
2018-07-17,7855.1201171875,1752210000.0,0.0080524767561232
2018-07-18,7854.43994140625,1881110000.0,0.0080341860553404
2018-07-19,7825.2998046875,1886300000.0,0.0080012225765976
2018-07-20,7820.2001953125,1796530000.0,0.0078742947703262
2018-07-21,7820.2001953125,1796530000.0,0.0078742947703262
2018-07-22,7820.2001953125,1796530000.0,0.0078742947703262
2018-07-23,7841.8701171875,1668270000.0,0.0078819271986576
2018-07-24,7840.77001953125,2021890000.0,0.0078813914850956
2018-07-25,7932.240234375,1943820000.0,0.0080793092022213
2018-07-26,7852.18017578125,2289370000.0,0.0083247533760448
2018-07-27,7737.419921875,2193410000.0,0.0086467564021491
2018-07-28,7737.419921875,2193410000.0,0.0086467564021491
2018-07-29,7737.419921875,2193410000.0,0.0086467564021491
2018-07-30,7630.0,2154140000.0,0.0090072283471227
2018-07-31,7671.7900390625,2208610000.0,0.0090726301788605
2018-08-01,7707.2900390625,2228950000.0,0.0091041610799998
2018-08-02,7802.68994140625,2115490000.0,0.0092902410528904
2018-08-03,7812.009765625,2035870000.0,0.0091366556014597
2018-08-04,7812.009765625,2035870000.0,0.0091366556014597
2018-08-05,7812.009765625,2035870000.0,0.0091366556014597
2018-08-06,7859.68017578125,2245300000.0,0.0091748092066582
2018-08-07,7883.66015625,2206400000.0,0.0082002416190535
2018-08-08,7888.330078125,2098100000.0,0.0081891201505351
2018-08-09,7891.77978515625,2048170000.0,0.007543343860715
2018-08-10,7839.10986328125,2107530000.0,0.007617938927143
2018-08-11,7839.10986328125,2107530000.0,0.007617938927143
2018-08-12,7839.10986328125,2107530000.0,0.007617938927143
2018-08-13,7819.7099609375,1934100000.0,0.0076513181840736
2018-08-14,7870.89013671875,1938840000.0,0.0076230982158073
2018-08-15,7774.1201171875,2294100000.0,0.0078194069998333
2018-08-16,7806.52001953125,1991410000.0,0.0076158489521793
2018-08-17,7816.330078125,1850770000.0,0.0072482190456086
2018-08-18,7816.330078125,1850770000.0,0.0072482190456086
2018-08-19,7816.330078125,1850770000.0,0.0072482190456086
2018-08-20,7821.009765625,1709500000.0,0.0070798030338822
2018-08-21,7859.169921875,1788860000.0,0.0071292772003473
2018-08-22,7889.10009765625,1669240000.0,0.0070644720825412
2018-08-23,7878.4599609375,1888600000.0,0.0066256240182144
2018-08-24,7945.97998046875,1892990000.0,0.0067968357172414
2018-08-25,7945.97998046875,1892990000.0,0.0067968357172414
2018-08-26,7945.97998046875,1892990000.0,0.0067968357172414
2018-08-27,8017.89990234375,2333790000.0,0.0069429261113006
2018-08-28,8030.0400390625,1980270000.0,0.0068687686200025
2018-08-29,8109.68994140625,1909880000.0,0.0070654762157648
2018-08-30,8088.35986328125,2022720000.0,0.0070429218022646
2018-08-31,8109.5400390625,1906900000.0,0.0070401229149279
2018-09-01,8109.5400390625,1906900000.0,0.0070401229149279
2018-09-02,8109.5400390625,1906900000.0,0.0070401229149279
2018-09-03,8109.5400390625,1906900000.0,0.0070401229149279
2018-09-04,8091.25,2238710000.0,0.0070615688675166
2018-09-05,7995.169921875,2602810000.0,0.0074481615889643
2018-09-06,7922.72998046875,2375380000.0,0.0073572013068811
2018-09-07,7902.5400390625,2158930000.0,0.0071245422111384
2018-09-08,7902.5400390625,2158930000.0,0.0071245422111384
2018-09-09,7902.5400390625,2158930000.0,0.0071245422111384
2018-09-10,7924.16015625,2055430000.0,0.0065524890769072
2018-09-11,7972.47021484375,2345080000.0,0.0059922544303971
2018-09-12,7954.22998046875,2372320000.0,0.0059810255124093
2018-09-13,8013.7099609375,2332930000.0,0.0060586189279881
2018-09-14,8010.0400390625,2069380000.0,0.005696671446372
2018-09-15,8010.0400390625,2069380000.0,0.005696671446372
2018-09-16,8010.0400390625,2069380000.0,0.005696671446372
2018-09-17,7895.7900390625,2303600000.0,0.006338726172539
2018-09-18,7956.10986328125,2328260000.0,0.006392206402859
2018-09-19,7950.0400390625,2167720000.0,0.0063757734812009
2018-09-20,8028.22998046875,2306580000.0,0.0066081011879604
2018-09-21,7986.9599609375,3729890000.0,0.0066907678736319
2018-09-22,7986.9599609375,3729890000.0,0.0066907678736319
2018-09-23,7986.9599609375,3729890000.0,0.0066907678736319
2018-09-24,7993.25,2433260000.0,0.0065552161629191
2018-09-25,8007.47021484375,2328660000.0,0.0065312170210232
2018-09-26,7990.3701171875,2342370000.0,0.0064601135271876
2018-09-27,8041.97021484375,2073930000.0,0.006068499221356
2018-09-28,8046.35009765625,2342120000.0,0.006042093687115
2018-09-29,8046.35009765625,2342120000.0,0.006042093687115
2018-09-30,8046.35009765625,2342120000.0,0.006042093687115
2018-10-01,8037.2998046875,2299520000.0,0.0060543629500555
2018-10-02,7999.5498046875,2416800000.0,0.0061412507199553
2018-10-03,8025.08984375,3095630000.0,0.0061100182796971
2018-10-04,7879.509765625,3302690000.0,0.0069922161651076
2018-10-05,7788.4501953125,2699370000.0,0.0073032371735192
2018-10-06,7788.4501953125,2699370000.0,0.0073032371735192
2018-10-07,7788.4501953125,2699370000.0,0.0073032371735192
2018-10-08,7735.9501953125,2259300000.0,0.0071923918011229
2018-10-09,7738.02001953125,2466440000.0,0.0069503348499838
2018-10-10,7422.0498046875,3111680000.0,0.0101236612356909
2018-10-11,7329.06005859375,3154520000.0,0.0099980697833528
2018-10-12,7496.89013671875,2674210000.0,0.0110700072385395
2018-10-13,7496.89013671875,2674210000.0,0.0110700072385395
2018-10-14,7496.89013671875,2674210000.0,0.0110700072385395
2018-10-15,7430.740234375,2167000000.0,0.011084344360367
2018-10-16,7645.490234375,2639760000.0,0.0124807501718985
2018-10-17,7642.7001953125,2385070000.0,0.0123372423344887
2018-10-18,7485.14013671875,2567980000.0,0.0127648153845305
2018-10-19,7449.02978515625,2547790000.0,0.0127756828474712
2018-10-20,7449.02978515625,2547790000.0,0.0127756828474712
2018-10-21,7449.02978515625,2547790000.0,0.0127756828474712
2018-10-22,7468.6298828125,2301010000.0,0.0127743728070903
2018-10-23,7437.5400390625,2752010000.0,0.0126883809488393
2018-10-24,7108.39990234375,2959560000.0,0.0149156450835973
2018-10-25,7318.33984375,2788090000.0,0.0159635124091724
2018-10-26,7167.2099609375,2971530000.0,0.0162820145349123
2018-10-27,7167.2099609375,2971530000.0,0.0162820145349123
2018-10-28,7167.2099609375,2971530000.0,0.0162820145349123
2018-10-29,7050.2900390625,2711900000.0,0.016333365206534
2018-10-30,7161.64990234375,2699220000.0,0.0165914065384979
2018-10-31,7305.89990234375,2918880000.0,0.0171313223583675
2018-11-01,7434.06005859375,2728760000.0,0.0173786487705075
2018-11-02,7356.990234375,2899670000.0,0.0174322524354755
2018-11-03,7356.990234375,2899670000.0,0.0174322524354755
2018-11-04,7356.990234375,2899670000.0,0.0174322524354755
2018-11-05,7328.85009765625,2186310000.0,0.0174204321942861
2018-11-06,7375.9599609375,2300920000.0,0.0174836270150728
2018-11-07,7570.75,2687410000.0,0.0182581632852419
2018-11-08,7530.8798828125,2475160000.0,0.0182011608133989
2018-11-09,7406.89990234375,2426750000.0,0.0183806483342673
2018-11-10,7406.89990234375,2426750000.0,0.0183806483342673
2018-11-11,7406.89990234375,2426750000.0,0.0183806483342673
2018-11-12,7200.8701171875,2305340000.0,0.0189538192438543
2018-11-13,7200.8701171875,2361240000.0,0.0189643567398305
2018-11-14,7136.39013671875,2566210000.0,0.0189465044303883
2018-11-15,7259.02978515625,2523500000.0,0.019118710278025
2018-11-16,7247.8701171875,2466980000.0,0.0190455328222356
2018-11-17,7247.8701171875,2466980000.0,0.0190455328222356
2018-11-18,7247.8701171875,2466980000.0,0.0190455328222356
2018-11-19,7028.47998046875,2381430000.0,0.0197258275428865
2018-11-20,6908.81982421875,2672250000.0,0.0198765954484798
2018-11-21,6972.25,1867840000.0,0.0186627823973895
2018-11-22,6972.25,1867840000.0,0.0186627823973895
2018-11-23,6938.97998046875,958950000.0,0.0185650513091731
2018-11-24,6938.97998046875,958950000.0,0.0185650513091731
2018-11-25,6938.97998046875,958950000.0,0.0185650513091731
2018-11-26,7081.85009765625,2036910000.0,0.0184666570077368
2018-11-27,7082.7001953125,2076790000.0,0.0184226128781706
2018-11-28,7291.58984375,2413120000.0,0.018455319299834
2018-11-29,7273.080078125,2018190000.0,0.0184546574593271
2018-11-30,7330.5400390625,2547970000.0,0.018167832094635
2018-12-01,7330.5400390625,2547970000.0,0.018167832094635
2018-12-02,7330.5400390625,2547970000.0,0.018167832094635
2018-12-03,7441.509765625,2643150000.0,0.0183724588490697
2018-12-04,7158.43017578125,2655720000.0,0.0196750667061162
2018-12-05,7158.43017578125,2655720000.0,0.0196750667061162
2018-12-06,7188.259765625,2857650000.0,0.0196935795398191
2018-12-07,6969.25,2504680000.0,0.0187374099981334
2018-12-08,6969.25,2504680000.0,0.0187374099981334
2018-12-09,6969.25,2504680000.0,0.0187374099981334
2018-12-10,7020.52001953125,2380270000.0,0.0179497982530697
2018-12-11,7031.830078125,2286810000.0,0.017573721076937
2018-12-12,7098.31005859375,2427080000.0,0.0174047522150208
2018-12-13,7070.330078125,2162210000.0,0.0171714295888139
2018-12-14,6910.66015625,2218330000.0,0.0171979778296611
2018-12-15,6910.66015625,2218330000.0,0.0171979778296611
2018-12-16,6910.66015625,2218330000.0,0.0171979778296611
2018-12-17,6753.72998046875,2697400000.0,0.0172192946572146
2018-12-18,6783.91015625,2623270000.0,0.0172184000664097
2018-12-19,6636.830078125,2919140000.0,0.0175723132559595
2018-12-20,6528.41015625,3282440000.0,0.0176325643540229
2018-12-21,6332.990234375,4571670000.0,0.0173153457647139
2018-12-22,6332.990234375,4571670000.0,0.0173153457647139
2018-12-23,6332.990234375,4571670000.0,0.0173153457647139
2018-12-24,6192.919921875,1647440000.0,0.0175716195342204
2018-12-25,6192.919921875,1647440000.0,0.0175716195342204
2018-12-26,6554.35986328125,2572890000.0,0.0209046071167026
2018-12-27,6579.490234375,2449110000.0,0.0204424046653945
2018-12-28,6584.52001953125,2216250000.0,0.0204467578871062
2018-12-29,6584.52001953125,2216250000.0,0.0204467578871062
2018-12-30,6584.52001953125,2216250000.0,0.0204467578871062
2018-12-31,6635.27978515625,2109320000.0,0.0205042416998613
2019-01-01,6635.27978515625,2109320000.0,0.0205042416998613
2019-01-02,6665.93994140625,2261800000.0,0.0202209683791509
2019-01-03,6463.5,2631550000.0,0.0208536424408979
2019-01-04,6738.85986328125,2596150000.0,0.0218027113877333
2019-01-05,6738.85986328125,2596150000.0,0.0218027113877333
2019-01-06,6738.85986328125,2596150000.0,0.0218027113877333
2019-01-07,6823.47021484375,2523450000.0,0.0217351473250527
2019-01-08,6897.0,2407340000.0,0.0217609797825199
2019-01-09,6957.080078125,2434500000.0,0.0218053405816531
2019-01-10,6986.06982421875,2190110000.0,0.0214835056990152
2019-01-11,6971.47998046875,2074310000.0,0.0214852603786163
2019-01-12,6971.47998046875,2074310000.0,0.0214852603786163
2019-01-13,6971.47998046875,2074310000.0,0.0214852603786163
2019-01-14,6905.919921875,1960780000.0,0.0207955640487748
2019-01-15,7023.830078125,2066090000.0,0.0210739796700714
2019-01-16,7034.68994140625,2163730000.0,0.0210120580137796
2019-01-17,7084.4599609375,2149280000.0,0.0208472568696088
2019-01-18,7157.22998046875,2459920000.0,0.0197261734537849
2019-01-19,7157.22998046875,2459920000.0,0.0197261734537849
2019-01-20,7157.22998046875,2459920000.0,0.0197261734537849
2019-01-21,7157.22998046875,2459920000.0,0.0197261734537849
2019-01-22,7020.35986328125,2397660000.0,0.0200184782358664
2019-01-23,7025.77001953125,2288090000.0,0.0191915097015942
2019-01-24,7073.4599609375,2419110000.0,0.019184621018818
2019-01-25,7164.85986328125,2446550000.0,0.0193211126563565
2019-01-26,7164.85986328125,2446550000.0,0.0193211126563565
2019-01-27,7164.85986328125,2446550000.0,0.0193211126563565
2019-01-28,7085.68017578125,2448790000.0,0.0193626072594015
2019-01-29,7028.2900390625,2106370000.0,0.01940659661184
2019-01-30,7183.080078125,2569410000.0,0.0193212796714859
2019-01-31,7281.740234375,2947490000.0,0.0188875586622081
2019-02-01,7263.8701171875,2398800000.0,0.0189051399758362
2019-02-02,7263.8701171875,2398800000.0,0.0189051399758362
2019-02-03,7263.8701171875,2398800000.0,0.0189051399758362
2019-02-04,7347.5400390625,2106030000.0,0.0184074873398084
2019-02-05,7402.080078125,2284960000.0,0.0180313711133224
2019-02-06,7375.27978515625,2179400000.0,0.0168874103349896
2019-02-07,7288.35009765625,2310700000.0,0.016400458847808
2019-02-08,7298.2001953125,2102520000.0,0.013239898761699
2019-02-09,7298.2001953125,2102520000.0,0.013239898761699
2019-02-10,7298.2001953125,2102520000.0,0.013239898761699
2019-02-11,7307.89990234375,1908490000.0,0.0132461713028045
2019-02-12,7414.6201171875,2140130000.0,0.0133849524103279
2019-02-13,7420.3798828125,2103840000.0,0.013378099479703
2019-02-14,7426.9501953125,2117500000.0,0.0133869105634965
2019-02-15,7472.41015625,2263640000.0,0.0117024480530868
2019-02-16,7472.41015625,2263640000.0,0.0117024480530868
2019-02-17,7472.41015625,2263640000.0,0.0117024480530868
2019-02-18,7472.41015625,2263640000.0,0.0117024480530868
2019-02-19,7486.77001953125,2124140000.0,0.0094077591492581
2019-02-20,7489.06982421875,2202670000.0,0.0092690350526899
2019-02-21,7459.7099609375,2144680000.0,0.0092397447564539
2019-02-22,7527.5400390625,2428560000.0,0.0092485563182141
2019-02-23,7527.5400390625,2428560000.0,0.0092485563182141
2019-02-24,7527.5400390625,2428560000.0,0.0092485563182141
2019-02-25,7554.4599609375,2399410000.0,0.0092458200889524
2019-02-26,7549.2998046875,2305760000.0,0.0092247083730793
2019-02-27,7554.509765625,2430790000.0,0.0089475816726013
2019-02-28,7532.52978515625,2676790000.0,0.0086087747404331
2019-03-01,7595.35009765625,2490920000.0,0.0086757159142688
2019-03-02,7595.35009765625,2490920000.0,0.0086757159142688
2019-03-03,7595.35009765625,2490920000.0,0.0086757159142688
2019-03-04,7577.56982421875,2582090000.0,0.0086774463864966
2019-03-05,7576.35986328125,2166670000.0,0.0085544963012067
2019-03-06,7505.919921875,2256550000.0,0.0078685411880248
2019-03-07,7421.4599609375,2462690000.0,0.0082461830840447
2019-03-08,7408.14013671875,2260950000.0,0.0082174714394099
2019-03-09,7408.14013671875,2260950000.0,0.0082174714394099
2019-03-10,7408.14013671875,2260950000.0,0.0082174714394099
2019-03-11,7558.06005859375,2248460000.0,0.0086521792763987
2019-03-12,7591.02978515625,2171620000.0,0.0083114906654003
2019-03-13,7643.41015625,2379260000.0,0.0081114110901417
2019-03-14,7630.91015625,2198900000.0,0.0073081775075853
2019-03-15,7688.52978515625,3451860000.0,0.0070534707541249
2019-03-16,7688.52978515625,3451860000.0,0.0070534707541249
2019-03-17,7688.52978515625,3451860000.0,0.0070534707541249
2019-03-18,7714.47998046875,2302140000.0,0.0070119625906718
2019-03-19,7723.9501953125,2457920000.0,0.0067816804546299
2019-03-20,7728.97021484375,2464230000.0,0.0066964341165507
2019-03-21,7838.9599609375,2502810000.0,0.007010507199274
2019-03-22,7642.669921875,2504740000.0,0.0082557903987184
2019-03-23,7642.669921875,2504740000.0,0.0082557903987184
2019-03-24,7642.669921875,2504740000.0,0.0082557903987184
2019-03-25,7637.5400390625,2162490000.0,0.0082659952689382
2019-03-26,7691.52001953125,2080350000.0,0.0083271641614812
2019-03-27,7643.3798828125,2244070000.0,0.0080870648922952
2019-03-28,7669.169921875,1922150000.0,0.0080982906888802
2019-03-29,7729.31982421875,2311790000.0,0.0081902143255303
2019-03-30,7729.31982421875,2311790000.0,0.0081902143255303
2019-03-31,7729.31982421875,2311790000.0,0.0081902143255303
2019-04-01,7828.91015625,2230050000.0,0.0084131507780312
2019-04-02,7848.68994140625,2123250000.0,0.0084147781069739
2019-04-03,7895.5498046875,2509630000.0,0.008448537047242
2019-04-04,7891.77978515625,2152640000.0,0.0083917013363358
2019-04-05,7938.68994140625,2157050000.0,0.0083186416511429
2019-04-06,7938.68994140625,2157050000.0,0.0083186416511429
2019-04-07,7938.68994140625,2157050000.0,0.0083186416511429
2019-04-08,7953.8798828125,2075550000.0,0.0083117948454071
2019-04-09,7909.27978515625,2078800000.0,0.0084093512640754
2019-04-10,7964.240234375,2012290000.0,0.0084641588232774
2019-04-11,7947.35986328125,1969480000.0,0.008450300695086
2019-04-12,7984.16015625,1968900000.0,0.0083787573217631
2019-04-13,7984.16015625,1968900000.0,0.0083787573217631
2019-04-14,7984.16015625,1968900000.0,0.0083787573217631
2019-04-15,7976.009765625,1827710000.0,0.0083604045848899
2019-04-16,8000.22998046875,2102740000.0,0.0083561222474083
2019-04-17,7996.080078125,2317330000.0,0.0081013541826573
2019-04-18,7998.06005859375,2124630000.0,0.0077060320428023
2019-04-19,7998.06005859375,2124630000.0,0.0077060320428023
2019-04-20,7998.06005859375,2124630000.0,0.0077060320428023
2019-04-21,7998.06005859375,2124630000.0,0.0077060320428023
2019-04-22,8015.27001953125,1790990000.0,0.0076638345640751
2019-04-23,8120.81982421875,2099410000.0,0.0072109671124414
2019-04-24,8102.009765625,2043310000.0,0.0072512391318605
2019-04-25,8118.68017578125,2073370000.0,0.007196585109532
2019-04-26,8146.39990234375,1982560000.0,0.0071672986838602
2019-04-27,8146.39990234375,1982560000.0,0.0071672986838602
2019-04-28,8146.39990234375,1982560000.0,0.0071672986838602
2019-04-29,8161.85009765625,1781860000.0,0.0070959122173525
2019-04-30,8095.39013671875,2131850000.0,0.0073278917613606
2019-05-01,8049.64013671875,2273540000.0,0.0074473399428024
2019-05-02,8036.77001953125,2211530000.0,0.0074662172782668
2019-05-03,8164.0,2081080000.0,0.0075645221815366
2019-05-04,8164.0,2081080000.0,0.0075645221815366
2019-05-05,8164.0,2081080000.0,0.0075645221815366
2019-05-06,8123.2900390625,1979650000.0,0.0057905294860264
2019-05-07,7963.759765625,2397600000.0,0.0070245560721417
2019-05-08,7943.31982421875,2214680000.0,0.0069770899446448
2019-05-09,7910.58984375,2549500000.0,0.0069096928462145
2019-05-10,7916.93994140625,2421470000.0,0.00689709562001
2019-05-11,7916.93994140625,2421470000.0,0.00689709562001
2019-05-12,7916.93994140625,2421470000.0,0.00689709562001
2019-05-13,7647.02001953125,2484820000.0,0.0093802459969775
2019-05-14,7734.490234375,2103140000.0,0.009314520707583
2019-05-15,7822.14990234375,2014080000.0,0.0095433970442226
2019-05-16,7898.0498046875,2168720000.0,0.0096479549549617
2019-05-17,7816.27978515625,2176380000.0,0.0098338119779373
2019-05-18,7816.27978515625,2176380000.0,0.0098338119779373
2019-05-19,7816.27978515625,2176380000.0,0.0098338119779373
2019-05-20,7702.3798828125,2130700000.0,0.010098500774596
2019-05-21,7785.72021484375,2000130000.0,0.0103136942113935
2019-05-22,7750.83984375,1884660000.0,0.0102971526700606
2019-05-23,7628.27978515625,2270530000.0,0.010558104986143
2019-05-24,7637.009765625,1685230000.0,0.0105676270319704
2019-05-25,7637.009765625,1685230000.0,0.0105676270319704
2019-05-26,7637.009765625,1685230000.0,0.0105676270319704
2019-05-27,7637.009765625,1685230000.0,0.0105676270319704
2019-05-28,7607.35009765625,2378470000.0,0.010516571721799
2019-05-29,7547.31005859375,2282120000.0,0.010578536429748
2019-05-30,7567.72021484375,1875180000.0,0.010573443676366
2019-05-31,7453.14990234375,2239420000.0,0.010848078030734
2019-06-01,7453.14990234375,2239420000.0,0.010848078030734
2019-06-02,7453.14990234375,2239420000.0,0.010848078030734
2019-06-03,7333.02001953125,2580670000.0,0.0111267287321126
2019-06-04,7527.1201171875,2374130000.0,0.0123005669576209
2019-06-05,7575.47998046875,2139290000.0,0.012074780932046
2019-06-06,7615.5498046875,2093470000.0,0.0121540897401127
2019-06-07,7742.10009765625,2074120000.0,0.0125998607939803
2019-06-08,7742.10009765625,2074120000.0,0.0125998607939803
2019-06-09,7742.10009765625,2074120000.0,0.0125998607939803
2019-06-10,7823.169921875,2042340000.0,0.0127595597445878
2019-06-11,7822.56982421875,2121150000.0,0.0127473453016817
2019-06-12,7792.72021484375,1978930000.0,0.0126923910777787
2019-06-13,7837.1298828125,1848360000.0,0.0127259160421542
2019-06-14,7796.66015625,1808370000.0,0.0127495174779346
2019-06-15,7796.66015625,1808370000.0,0.0127495174779346
2019-06-16,7796.66015625,1808370000.0,0.0127495174779346
2019-06-17,7845.02001953125,1950550000.0,0.0124335488297684
2019-06-18,7953.8798828125,2250550000.0,0.0127120182479434
2019-06-19,7987.31982421875,2027520000.0,0.0122121964745843
2019-06-20,8051.33984375,2108250000.0,0.012284461460485
2019-06-21,8031.7099609375,2909540000.0,0.0122666178327692
2019-06-22,8031.7099609375,2909540000.0,0.0122666178327692
2019-06-23,8031.7099609375,2909540000.0,0.0122666178327692
2019-06-24,8005.7001953125,2073470000.0,0.0122854803627545
2019-06-25,7884.72021484375,2132550000.0,0.0107935538258656
2019-06-26,7909.97021484375,2122730000.0,0.0106250280476135
2019-06-27,7967.759765625,2083920000.0,0.0105131479582346
2019-06-28,8006.240234375,4101490000.0,0.0104062260806872
2019-06-29,8006.240234375,4101490000.0,0.0104062260806872
2019-06-30,8006.240234375,4101490000.0,0.0104062260806872
2019-07-01,8091.16015625,2219030000.0,0.0103553378507608
2019-07-02,8109.08984375,1956590000.0,0.0099146991806641
2019-07-03,8170.22998046875,1548240000.0,0.0098298222746229
2019-07-04,8170.22998046875,1548240000.0,0.0098298222746229
2019-07-05,8161.7900390625,1690700000.0,0.0097760037410868
2019-07-06,8161.7900390625,1690700000.0,0.0097760037410868
2019-07-07,8161.7900390625,1690700000.0,0.0097760037410868
2019-07-08,8098.3798828125,1957160000.0,0.0093736261144823
2019-07-09,8141.72998046875,1871430000.0,0.0093917857283077
2019-07-10,8202.5302734375,2066640000.0,0.0093689719416355
2019-07-11,8196.0400390625,1970690000.0,0.0091837210356759
2019-07-12,8244.1396484375,1835960000.0,0.0092011534331165
2019-07-13,8244.1396484375,1835960000.0,0.0092011534331165
2019-07-14,8244.1396484375,1835960000.0,0.0092011534331165
2019-07-15,8258.1904296875,1790770000.0,0.008548009016901
2019-07-16,8222.7998046875,1947010000.0,0.0078496249540622
2019-07-17,8185.2099609375,1887120000.0,0.006768002002067
2019-07-18,8207.240234375,2063790000.0,0.0067335652623043
2019-07-19,8146.490234375,1893050000.0,0.0069597800988278
2019-07-20,8146.490234375,1893050000.0,0.0069597800988278
2019-07-21,8146.490234375,1893050000.0,0.0069597800988278
2019-07-22,8204.1396484375,1860440000.0,0.0064919804553891
2019-07-23,8251.400390625,1845050000.0,0.0063355636835457
2019-07-24,8321.5,1953670000.0,0.0064402912033994
2019-07-25,8238.5400390625,2058090000.0,0.0067284155483545
2019-07-26,8330.2099609375,1975110000.0,0.0069035179917616
2019-07-27,8330.2099609375,1975110000.0,0.0069035179917616
2019-07-28,8330.2099609375,1975110000.0,0.0069035179917616
2019-07-29,8293.330078125,1882980000.0,0.0068781343962602
2019-07-30,8273.6103515625,1893610000.0,0.0068787512869999
2019-07-31,8175.419921875,2679230000.0,0.0069331256897391
2019-08-01,8111.1201171875,2815420000.0,0.0070856767510532
2019-08-02,8004.06982421875,2262550000.0,0.0073707446470917
2019-08-03,8004.06982421875,2262550000.0,0.0073707446470917
2019-08-04,8004.06982421875,2262550000.0,0.0073707446470917
2019-08-05,7726.0400390625,2661780000.0,0.0097740068966879
2019-08-06,7833.27001953125,2217620000.0,0.010144222652643
2019-08-07,7862.830078125,2470170000.0,0.0097946519735065
2019-08-08,8039.16015625,2442950000.0,0.0105948455953304
2019-08-09,7959.14013671875,2221180000.0,0.01068525480288
2019-08-10,7959.14013671875,2221180000.0,0.01068525480288
2019-08-11,7959.14013671875,2221180000.0,0.01068525480288
2019-08-12,7863.41015625,2068920000.0,0.0108651859765351
2019-08-13,8016.35986328125,2353570000.0,0.0112820040656371
2019-08-14,7773.93994140625,2543670000.0,0.0125571182911851
2019-08-15,7766.6201171875,2190810000.0,0.0124444311249391
2019-08-16,7895.990234375,2018710000.0,0.0128813008429938
2019-08-17,7895.990234375,2018710000.0,0.0128813008429938
2019-08-18,7895.990234375,2018710000.0,0.0128813008429938
2019-08-19,8002.81005859375,1946440000.0,0.0130826153143959
2019-08-20,7948.56005859375,1750730000.0,0.0130868895548866
2019-08-21,8020.2099609375,1721410000.0,0.0131231388809399
2019-08-22,7991.39013671875,1780760000.0,0.013133463063702
2019-08-23,7751.77001953125,2214370000.0,0.0141294755484366
2019-08-24,7751.77001953125,2214370000.0,0.0141294755484366
2019-08-25,7751.77001953125,2214370000.0,0.0141294755484366
2019-08-26,7853.740234375,1691990000.0,0.0143837385491946
2019-08-27,7826.9501953125,1914930000.0,0.0143791153948817
2019-08-28,7856.8798828125,1663450000.0,0.0144016952050501
2019-08-29,7973.39013671875,1703760000.0,0.0146832409478457
2019-08-30,7962.8798828125,1668110000.0,0.0146327483551667
2019-08-31,7962.8798828125,1668110000.0,0.0146327483551667
2019-09-01,7962.8798828125,1668110000.0,0.0146327483551667
2019-09-02,7962.8798828125,1668110000.0,0.0146327483551667
2019-09-03,7874.16015625,1938780000.0,0.0146762257749427
2019-09-04,7976.8798828125,1893740000.0,0.0148548838765517
2019-09-05,8116.830078125,2108700000.0,0.0151404671480894
2019-09-06,8103.06982421875,1878730000.0,0.0150422139463135
2019-09-07,8103.06982421875,1878730000.0,0.0150422139463135
2019-09-08,8103.06982421875,1878730000.0,0.0150422139463135
2019-09-09,8087.43994140625,2186660000.0,0.0148823716430497
2019-09-10,8084.16015625,2366080000.0,0.0148683287495912
2019-09-11,8169.68017578125,2322610000.0,0.0150085527767037
2019-09-12,8194.4697265625,2228100000.0,0.0148605371231881
2019-09-13,8176.7099609375,1984570000.0,0.0147912002585057
2019-09-14,8176.7099609375,1984570000.0,0.0147912002585057
2019-09-15,8176.7099609375,1984570000.0,0.0147912002585057
2019-09-16,8153.5400390625,1876540000.0,0.014582581543378
2019-09-17,8186.02001953125,1857350000.0,0.0129091646362984
2019-09-18,8177.39013671875,2045590000.0,0.0127221545454084
2019-09-19,8182.8798828125,1818430000.0,0.0127151274424477
2019-09-20,8117.669921875,3363230000.0,0.012191889814506
2019-09-21,8117.669921875,3363230000.0,0.012191889814506
2019-09-22,8117.669921875,3363230000.0,0.012191889814506
2019-09-23,8112.4599609375,1781750000.0,0.0120372633549956
2019-09-24,7993.6298828125,2310940000.0,0.0121434515381659
2019-09-25,8077.3798828125,2022080000.0,0.011775252760791
2019-09-26,8030.66015625,1886310000.0,0.0103031314265743
2019-09-27,7939.6298828125,2041250000.0,0.0105480207194308
2019-09-28,7939.6298828125,2041250000.0,0.0105480207194308
2019-09-29,7939.6298828125,2041250000.0,0.0105480207194308
2019-09-30,7999.33984375,1809050000.0,0.0102053567568779
2019-10-01,7908.68017578125,2250500000.0,0.0101210706128244
2019-10-02,7785.25,2503630000.0,0.0104421442536101
2019-10-03,7872.259765625,2157220000.0,0.0105175051787342
2019-10-04,7982.47021484375,1748000000.0,0.0108274262935967
2019-10-05,7982.47021484375,1748000000.0,0.0108274262935967
2019-10-06,7982.47021484375,1748000000.0,0.0108274262935967
2019-10-07,7956.2900390625,1759580000.0,0.0092124008048042
2019-10-08,7823.77978515625,1943700000.0,0.0094587723537044
2019-10-09,7903.740234375,1563500000.0,0.0096196842868374
2019-10-10,7950.77978515625,1793470000.0,0.0096538871542863
2019-10-11,8057.0400390625,2184790000.0,0.0095833494201797
2019-10-12,8057.0400390625,2184790000.0,0.0095833494201797
2019-10-13,8057.0400390625,2184790000.0,0.0095833494201797
2019-10-14,8048.64990234375,1423700000.0,0.0095818205622376
2019-10-15,8148.7099609375,1841660000.0,0.0095670357890921
2019-10-16,8124.18017578125,1900010000.0,0.0093281524088246
2019-10-17,8156.85009765625,1864020000.0,0.0088031818826647
2019-10-18,8089.5400390625,2020020000.0,0.0089324667710977
2019-10-19,8089.5400390625,2020020000.0,0.0089324667710977
2019-10-20,8089.5400390625,2020020000.0,0.0089324667710977
2019-10-21,8162.990234375,1756640000.0,0.0090764206921672
2019-10-22,8104.2998046875,1850870000.0,0.0091795118051449
2019-10-23,8119.7900390625,1822180000.0,0.0089741101612995
2019-10-24,8185.7998046875,1893620000.0,0.0090840791208338
2019-10-25,8243.1201171875,1911580000.0,0.0091631491945967
2019-10-26,8243.1201171875,1911580000.0,0.0091631491945967
2019-10-27,8243.1201171875,1911580000.0,0.0091631491945967
2019-10-28,8325.990234375,1959920000.0,0.0093116975667526
2019-10-29,8276.849609375,1842720000.0,0.0093666730070879
2019-10-30,8303.98046875,1936060000.0,0.0093773238444121
2019-10-31,8292.3603515625,2276140000.0,0.0093837364355276
2019-11-01,8386.400390625,2071350000.0,0.0094454172988414
2019-11-02,8386.400390625,2071350000.0,0.0094454172988414
2019-11-03,8386.400390625,2071350000.0,0.0094454172988414
2019-11-04,8433.2001953125,2166830000.0,0.0094742059295324
2019-11-05,8434.6796875,2327420000.0,0.008981422101142
2019-11-06,8410.6298828125,2342570000.0,0.0088678019898836
2019-11-07,8434.51953125,2403680000.0,0.008767355118761
2019-11-08,8475.3095703125,1982140000.0,0.0084294156351828
2019-11-09,8475.3095703125,1982140000.0,0.0084294156351828
2019-11-10,8475.3095703125,1982140000.0,0.0084294156351828
2019-11-11,8464.2802734375,1719300000.0,0.0083910020957282
2019-11-12,8486.08984375,2001440000.0,0.0080073997957417
2019-11-13,8482.099609375,2180010000.0,0.007270095333547
2019-11-14,8479.01953125,2113840000.0,0.0071210807962816
2019-11-15,8540.830078125,2199480000.0,0.0068517538685322
2019-11-16,8540.830078125,2199480000.0,0.0068517538685322
2019-11-17,8540.830078125,2199480000.0,0.0068517538685322
2019-11-18,8549.9404296875,2053260000.0,0.006776100439184
2019-11-19,8570.66015625,2094030000.0,0.0057260546225239
2019-11-20,8526.73046875,2608780000.0,0.0057508294186308
2019-11-21,8506.2099609375,2073720000.0,0.005782148743751
2019-11-22,8519.8798828125,1885730000.0,0.0053943833699449
2019-11-23,8519.8798828125,1885730000.0,0.0053943833699449
2019-11-24,8519.8798828125,1885730000.0,0.0053943833699449
2019-11-25,8632.490234375,2262750000.0,0.0057407883354208
2019-11-26,8647.9296875,2439370000.0,0.00541994886538
2019-11-27,8705.1796875,1748520000.0,0.0053984697076734
2019-11-28,8705.1796875,1748520000.0,0.0053984697076734
2019-11-29,8665.4697265625,1099090000.0,0.00553059247604
2019-11-30,8665.4697265625,1099090000.0,0.00553059247604
2019-12-01,8665.4697265625,1099090000.0,0.00553059247604
2019-12-02,8567.990234375,2240300000.0,0.0057483358770486
2019-12-03,8520.6396484375,2318760000.0,0.0057416777532904
2019-12-04,8566.669921875,2158870000.0,0.0055450308642324
2019-12-05,8570.7001953125,2133380000.0,0.0055507160059385
2019-12-06,8656.5302734375,2057020000.0,0.0056336226966761
2019-12-07,8656.5302734375,2057020000.0,0.0056336226966761
2019-12-08,8656.5302734375,2057020000.0,0.0056336226966761
2019-12-09,8621.830078125,2123870000.0,0.0056470545206139
2019-12-10,8616.1796875,2058760000.0,0.0054243618763139
2019-12-11,8654.0498046875,1982080000.0,0.0052862961904464
2019-12-12,8717.3203125,2396400000.0,0.0053829266578064
2019-12-13,8734.8798828125,2219630000.0,0.0053528905706676
2019-12-14,8734.8798828125,2219630000.0,0.0053528905706676
2019-12-15,8734.8798828125,2219630000.0,0.0053528905706676
2019-12-16,8814.23046875,2368050000.0,0.0052296935773985
2019-12-17,8823.3603515625,2382450000.0,0.0051781563834949
2019-12-18,8827.740234375,2742330000.0,0.0051756408416838
2019-12-19,8887.2197265625,2446890000.0,0.0051916945529786
2019-12-20,8924.9599609375,3830200000.0,0.0052072725058015
2019-12-21,8924.9599609375,3830200000.0,0.0052072725058015
2019-12-22,8924.9599609375,3830200000.0,0.0052072725058015
2019-12-23,8945.650390625,2028670000.0,0.0051784870369667
2019-12-24,8952.8798828125,1014530000.0,0.0051491414387853
2019-12-25,8952.8798828125,1014530000.0,0.0051491414387853
2019-12-26,9022.3896484375,1639960000.0,0.0052584671583405
2019-12-27,9006.6201171875,1833740000.0,0.0052846644591584
2019-12-28,9006.6201171875,1833740000.0,0.0052846644591584
2019-12-29,9006.6201171875,1833740000.0,0.0052846644591584
2019-12-30,8945.990234375,2051320000.0,0.0055073549065237
2019-12-31,8972.599609375,2186830000.0,0.005415152277372
2020-01-01,8972.599609375,2186830000.0,0.005415152277372
2020-01-02,9092.1904296875,2862700000.0,0.0058119876040036
2020-01-03,9020.76953125,2586520000.0,0.0060874122326462
2020-01-04,9020.76953125,2586520000.0,0.0060874122326462
2020-01-05,9020.76953125,2586520000.0,0.0060874122326462
2020-01-06,9071.4697265625,2810450000.0,0.0059860146143443
2020-01-07,9068.580078125,2381740000.0,0.0059441548533006
2020-01-08,9129.240234375,2472620000.0,0.0060002005917964
2020-01-09,9203.4296875,2540960000.0,0.0057520989618747
2020-01-10,9178.8603515625,2382900000.0,0.0058186523048827
2020-01-11,9178.8603515625,2382900000.0,0.0058186523048827
2020-01-12,9178.8603515625,2382900000.0,0.0058186523048827
2020-01-13,9273.9296875,2536820000.0,0.0059576228654472
2020-01-14,9251.330078125,2553160000.0,0.0058874675225871
2020-01-15,9258.7001953125,2443220000.0,0.0053180115302887
2020-01-16,9357.1298828125,2312110000.0,0.0052827415141831
2020-01-17,9388.9404296875,2542540000.0,0.0052657638715259
2020-01-18,9388.9404296875,2542540000.0,0.0052657638715259
2020-01-19,9388.9404296875,2542540000.0,0.0052657638715259
2020-01-20,9388.9404296875,2542540000.0,0.0052657638715259
2020-01-21,9370.8095703125,2686610000.0,0.0053243975808489
2020-01-22,9383.76953125,2454580000.0,0.005164051737739
2020-01-23,9402.48046875,2465850000.0,0.0050092108339033
2020-01-24,9314.91015625,2622970000.0,0.0054537492811014
2020-01-25,9314.91015625,2622970000.0,0.0054537492811014
2020-01-26,9314.91015625,2622970000.0,0.0054537492811014
2020-01-27,9139.3095703125,2593910000.0,0.0067184094195519
2020-01-28,9269.6796875,2169020000.0,0.0070219579371332
2020-01-29,9275.16015625,2234620000.0,0.0070269989429194
2020-01-30,9298.9296875,2345370000.0,0.0069015058506871
2020-01-31,9150.9404296875,2696090000.0,0.0076311820516589
2020-02-01,9150.9404296875,2696090000.0,0.0076311820516589
2020-02-02,9150.9404296875,2696090000.0,0.0076311820516589
2020-02-03,9273.400390625,2427320000.0,0.0079409979654869
2020-02-04,9467.9697265625,2447340000.0,0.0086344949852515
2020-02-05,9508.6796875,2470240000.0,0.0086349503375995
2020-02-06,9572.150390625,2313860000.0,0.0086746984829193
2020-02-07,9520.509765625,2243720000.0,0.0087840760181054
2020-02-08,9520.509765625,2243720000.0,0.0087840760181054
2020-02-09,9520.509765625,2243720000.0,0.0087840760181054
2020-02-10,9628.3896484375,2187520000.0,0.0088860339737485
2020-02-11,9638.9404296875,2450070000.0,0.0088579367138308
2020-02-12,9725.9599609375,2366510000.0,0.0087712532998594
2020-02-13,9711.9697265625,2254870000.0,0.0088049519671301
2020-02-14,9731.1796875,2226720000.0,0.008574458213847
2020-02-15,9731.1796875,2226720000.0,0.008574458213847
2020-02-16,9731.1796875,2226720000.0,0.008574458213847
2020-02-17,9731.1796875,2226720000.0,0.008574458213847
2020-02-18,9732.740234375,2279420000.0,0.0083694013107034
2020-02-19,9817.1796875,2470860000.0,0.008425941888697
2020-02-20,9750.9697265625,2745730000.0,0.0085846035989329
2020-02-21,9576.58984375,2750160000.0,0.0093172417829685
2020-02-22,9576.58984375,2750160000.0,0.0093172417829685
2020-02-23,9576.58984375,2750160000.0,0.0093172417829685
2020-02-24,9221.2802734375,3188590000.0,0.0116819806876526
2020-02-25,8965.6103515625,3595520000.0,0.0127614139096597
2020-02-26,8980.7802734375,3587950000.0,0.0125992169007884
2020-02-27,8566.48046875,4559900000.0,0.0151605046264434
2020-02-28,8567.3701171875,5320020000.0,0.0151557387705392
2020-02-29,8567.3701171875,5320020000.0,0.0151557387705392
2020-03-01,8567.3701171875,5320020000.0,0.0151557387705392
2020-03-02,8952.169921875,4249020000.0,0.0172358449509253
2020-03-03,8684.08984375,4336700000.0,0.0179944836507669
2020-03-04,9018.08984375,3634760000.0,0.0194446595584153
2020-03-05,8738.58984375,3763860000.0,0.0202007114120514
2020-03-06,8575.6201171875,4292730000.0,0.0204020968121234
2020-03-07,8575.6201171875,4292730000.0,0.0204020968121234
2020-03-08,8575.6201171875,4292730000.0,0.0204020968121234
2020-03-09,7950.68017578125,4554110000.0,0.0243221235940307
2020-03-10,8344.25,4447260000.0,0.0260552301602557
2020-03-11,7952.0498046875,4302610000.0,0.0270994652177036
2020-03-12,7201.7998046875,5099350000.0,0.0320382529136236
2020-03-13,7874.8798828125,4701070000.0,0.0366512773786747
2020-03-14,7874.8798828125,4701070000.0,0.0366512773786747
2020-03-15,7874.8798828125,4701070000.0,0.0366512773786747
2020-03-16,6904.58984375,4618120000.0,0.0432575319803939
2020-03-17,7334.77978515625,4920210000.0,0.0449339927096666
2020-03-18,6989.83984375,4935000000.0,0.0451838548012602
2020-03-19,7150.580078125,4778490000.0,0.0455109561908446
2020-03-20,6879.52001953125,5260300000.0,0.0457075523045973
2020-03-21,6879.52001953125,5260300000.0,0.0457075523045973
2020-03-22,6879.52001953125,5260300000.0,0.0457075523045973
2020-03-23,6860.669921875,4348410000.0,0.0457214048506147
2020-03-24,7417.85986328125,4441080000.0,0.0483892334256459
2020-03-25,7384.2998046875,4683630000.0,0.0483608683608548
2020-03-26,7797.5400390625,4014670000.0,0.0496357155720882
2020-03-27,7502.3798828125,3989120000.0,0.0499451727840553
2020-03-28,7502.3798828125,3989120000.0,0.0499451727840553
2020-03-29,7502.3798828125,3989120000.0,0.0499451727840553
2020-03-30,7774.14990234375,3870770000.0,0.0505637556848488
2020-03-31,7700.10009765625,4078960000.0,0.050544232311314
2020-04-01,7360.580078125,3700040000.0,0.0508921605278149
2020-04-02,7487.31005859375,3622170000.0,0.0511234840054228
2020-04-03,7373.080078125,3294260000.0,0.0511091607122396
2020-04-04,7373.080078125,3294260000.0,0.0511091607122396
2020-04-05,7373.080078125,3294260000.0,0.0511091607122396
2020-04-06,7913.240234375,3849130000.0,0.052791283997246
2020-04-07,7887.259765625,4085960000.0,0.0526122932917958
2020-04-08,8090.89990234375,3487440000.0,0.0528840441583026
2020-04-09,8153.580078125,4145460000.0,0.0522643937825166
2020-04-10,8153.580078125,4145460000.0,0.0522643937825166
2020-04-11,8153.580078125,4145460000.0,0.0522643937825166
2020-04-12,8153.580078125,4145460000.0,0.0522643937825166
2020-04-13,8192.419921875,3184660000.0,0.0522766513668726
2020-04-14,8515.740234375,3767410000.0,0.0521284950660219
2020-04-15,8393.1796875,3347920000.0,0.0519065406205683
2020-04-16,8532.3603515625,4057800000.0,0.0515006142388385
2020-04-17,8650.1396484375,4348310000.0,0.0512642043933001
2020-04-18,8650.1396484375,4348310000.0,0.0512642043933001
2020-04-19,8650.1396484375,4348310000.0,0.0512642043933001
2020-04-20,8560.73046875,3827370000.0,0.051182378676654
2020-04-21,8263.23046875,3788180000.0,0.0496351159426851
2020-04-22,8495.3798828125,3041520000.0,0.0491015229468276
2020-04-23,8494.75,3759890000.0,0.0482327501200508
2020-04-24,8634.51953125,3696020000.0,0.0443183171885989
2020-04-25,8634.51953125,3696020000.0,0.0443183171885989
2020-04-26,8634.51953125,3696020000.0,0.0443183171885989
2020-04-27,8730.16015625,3694980000.0,0.0414565424257184
2020-04-28,8607.73046875,3730350000.0,0.0329493855216767
2020-04-29,8914.7099609375,4407140000.0,0.0318459896860168
2020-04-30,8889.5498046875,4335660000.0,0.0301949309551893
2020-05-01,8604.9501953125,3741300000.0,0.0309427885745401
2020-05-02,8604.9501953125,3741300000.0,0.0309427885745401
2020-05-03,8604.9501953125,3741300000.0,0.0309427885745401
2020-05-04,8710.7099609375,3443140000.0,0.0297738923337008
2020-05-05,8809.1201171875,3933550000.0,0.0297114265584478
2020-05-06,8854.3896484375,3656750000.0,0.0266313912664394
2020-05-07,8979.66015625,3787220000.0,0.0265963974424646
2020-05-08,9121.3203125,3813630000.0,0.0250856628212655
2020-05-09,9121.3203125,3813630000.0,0.0250856628212655
2020-05-10,9121.3203125,3813630000.0,0.0250856628212655
2020-05-11,9192.33984375,3925450000.0,0.0236821504585523
2020-05-12,9002.5498046875,4336510000.0,0.0235560906642268
2020-05-13,8863.169921875,4273210000.0,0.0237090446068525
2020-05-14,8943.7197265625,3965970000.0,0.0217702090135228
2020-05-15,9014.5595703125,4240690000.0,0.0216807407792693
2020-05-16,9014.5595703125,4240690000.0,0.0216807407792693
2020-05-17,9014.5595703125,4240690000.0,0.0216807407792693
2020-05-18,9234.830078125,4341820000.0,0.0215254066694242
2020-05-19,9185.099609375,4193550000.0,0.018019703112201
2020-05-20,9375.7802734375,4315500000.0,0.0181679677182077
2020-05-21,9284.8798828125,3745270000.0,0.0179865803376175
2020-05-22,9324.58984375,3668070000.0,0.0179769116279989
2020-05-23,9324.58984375,3668070000.0,0.0179769116279989
2020-05-24,9324.58984375,3668070000.0,0.0179769116279989
2020-05-25,9324.58984375,3668070000.0,0.0179769116279989
2020-05-26,9340.2197265625,4448950000.0,0.0179840437922687
2020-05-27,9412.3603515625,4489110000.0,0.0167942481147987
2020-05-28,9368.990234375,4113660000.0,0.0165272495575162
2020-05-29,9489.8701171875,4742290000.0,0.0164435889850815
2020-05-30,9489.8701171875,4742290000.0,0.0164435889850815
2020-05-31,9489.8701171875,4742290000.0,0.0164435889850815
2020-06-01,9552.0498046875,3847770000.0,0.0163425012737199
2020-06-02,9608.3798828125,3990080000.0,0.0161410432720868
2020-06-03,9682.91015625,4679030000.0,0.0143485261873588
2020-06-04,9615.8095703125,6141320000.0,0.0138682522509527
2020-06-05,9814.080078125,6607730000.0,0.0141554244120835
2020-06-06,9814.080078125,6607730000.0,0.0141554244120835
2020-06-07,9814.080078125,6607730000.0,0.0141554244120835
2020-06-08,9924.75,6197330000.0,0.0140425350948674
2020-06-09,9953.75,5319450000.0,0.0139935413099919
2020-06-10,10020.349609375,5170860000.0,0.0135539124405224
2020-06-11,9492.73046875,5300850000.0,0.0162561989839602
2020-06-12,9588.8095703125,4388990000.0,0.0162920789773438
2020-06-13,9588.8095703125,4388990000.0,0.0162920789773438
2020-06-14,9588.8095703125,4388990000.0,0.0162920789773438
2020-06-15,9726.01953125,4476010000.0,0.0150078116960853
2020-06-16,9895.8701171875,4669320000.0,0.0151314093837401
2020-06-17,9910.5302734375,4279700000.0,0.0150809179022283
2020-06-18,9943.0498046875,4335320000.0,0.0150796291438169
2020-06-19,9946.1201171875,6093830000.0,0.0149679165516642
2020-06-20,9946.1201171875,6093830000.0,0.0149679165516642
2020-06-21,9946.1201171875,6093830000.0,0.0149679165516642
2020-06-22,10056.48046875,4506960000.0,0.0148610097631335
2020-06-23,10131.3701171875,5755170000.0,0.014857619508101
2020-06-24,9909.169921875,5589130000.0,0.0149328367787582
2020-06-25,10017.0,4779640000.0,0.0145602765967083
2020-06-26,9757.2197265625,7309380000.0,0.01553997276474
2020-06-27,9757.2197265625,7309380000.0,0.01553997276474
2020-06-28,9757.2197265625,7309380000.0,0.01553997276474
2020-06-29,9874.150390625,4336290000.0,0.0156017384828605
2020-06-30,10058.76953125,4510190000.0,0.0153717464883533
2020-07-01,10154.6298828125,4624430000.0,0.0153365063789659
2020-07-02,10207.6298828125,4038920000.0,0.014995104431176
2020-07-03,10207.6298828125,4038920000.0,0.014995104431176
2020-07-04,10207.6298828125,4038920000.0,0.014995104431176
2020-07-05,10207.6298828125,4038920000.0,0.014995104431176
2020-07-06,10433.650390625,4570260000.0,0.0151916107011132
2020-07-07,10343.8896484375,4337130000.0,0.0153623275233673
2020-07-08,10492.5,4030210000.0,0.0154834211578817
2020-07-09,10547.75,4013180000.0,0.0154690782613317
2020-07-10,10617.4404296875,3537510000.0,0.0153939827304729
2020-07-11,10617.4404296875,3537510000.0,0.0153939827304729
2020-07-12,10617.4404296875,3537510000.0,0.0153939827304729
2020-07-13,10390.83984375,4851880000.0,0.0159964697711679
2020-07-14,10488.580078125,4461770000.0,0.0160262053588695
2020-07-15,10550.490234375,4647070000.0,0.0160262376096391
2020-07-16,10473.830078125,4277760000.0,0.0161116617465482
2020-07-17,10503.1904296875,4361480000.0,0.0160099525876236
2020-07-18,10503.1904296875,4361480000.0,0.0160099525876236
2020-07-19,10503.1904296875,4361480000.0,0.0160099525876236
2020-07-20,10767.08984375,4314630000.0,0.0161948380484618
2020-07-21,10680.3603515625,5350750000.0,0.0162442673743853
2020-07-22,10706.1298828125,4128960000.0,0.016244023264453
2020-07-23,10461.419921875,4501540000.0,0.0168742655461447
2020-07-24,10363.1796875,4233390000.0,0.0134239589413155
2020-07-25,10363.1796875,4233390000.0,0.0134239589413155
2020-07-26,10363.1796875,4233390000.0,0.0134239589413155
2020-07-27,10536.26953125,4244570000.0,0.0135944409619217
2020-07-28,10402.08984375,3894660000.0,0.0137305090481219
2020-07-29,10542.9404296875,4009640000.0,0.0136017900143183
2020-07-30,10587.8095703125,4185810000.0,0.0136067418333677
2020-07-31,10745.26953125,4438730000.0,0.0137982192249001
2020-08-01,10745.26953125,4438730000.0,0.0137982192249001
2020-08-02,10745.26953125,4438730000.0,0.0137982192249001
2020-08-03,10902.7998046875,4203890000.0,0.013961284551847
2020-08-04,10941.169921875,4016520000.0,0.0138804608100425
2020-08-05,10998.400390625,4160740000.0,0.0138610563546309
2020-08-06,11108.0703125,4120000000.0,0.0130890271086038
2020-08-07,11010.98046875,4263930000.0,0.0132153643545529
2020-08-08,11010.98046875,4263930000.0,0.0132153643545529
2020-08-09,11010.98046875,4263930000.0,0.0132153643545529
2020-08-10,10968.3603515625,4048420000.0,0.0120792517245731
2020-08-11,10782.8203125,4331770000.0,0.0125650272495707
2020-08-12,11012.240234375,3745230000.0,0.0126811603823781
2020-08-13,11042.5,3480470000.0,0.0126222200620216
2020-08-14,11019.2998046875,3514260000.0,0.0126445832508799
2020-08-15,11019.2998046875,3514260000.0,0.0126445832508799
2020-08-16,11019.2998046875,3514260000.0,0.0126445832508799
2020-08-17,11129.73046875,3214870000.0,0.0121946519608946
2020-08-18,11210.83984375,3228590000.0,0.0120541232611207
2020-08-19,11146.4599609375,3496480000.0,0.0119445803213167
2020-08-20,11264.9501953125,4215130000.0,0.0120335040863275
2020-08-21,11311.7998046875,3929290000.0,0.0120110442369017
2020-08-22,11311.7998046875,3929290000.0,0.0120110442369017
2020-08-23,11311.7998046875,3929290000.0,0.0120110442369017
2020-08-24,11379.7197265625,3907310000.0,0.0111609065650401
2020-08-25,11466.4697265625,3475280000.0,0.0111309436338367
2020-08-26,11665.0595703125,3471520000.0,0.0114197812400645
2020-08-27,11625.33984375,3547400000.0,0.0113165921884106
2020-08-28,11695.6298828125,3012980000.0,0.0113252757289205
2020-08-29,11695.6298828125,3012980000.0,0.0113252757289205
2020-08-30,11695.6298828125,3012980000.0,0.0113252757289205
2020-08-31,11775.4599609375,3612050000.0,0.010616177660575
2020-09-01,11939.669921875,3511060000.0,0.0105826948086364
2020-09-02,12056.4404296875,3982360000.0,0.0106358609551412
2020-09-03,11458.099609375,4465010000.0,0.0138105053103447
2020-09-04,11313.1298828125,4284440000.0,0.0139258154375957
2020-09-05,11313.1298828125,4284440000.0,0.0139258154375957
2020-09-06,11313.1298828125,4284440000.0,0.0139258154375957
2020-09-07,11313.1298828125,4284440000.0,0.0139258154375957
2020-09-08,10847.6904296875,3905420000.0,0.0159121015101605
2020-09-09,11141.5595703125,3550660000.0,0.0163622250042918
2020-09-10,10919.58984375,3840010000.0,0.0167168726623736
2020-09-11,10853.5498046875,3630250000.0,0.0167574102215593
2020-09-12,10853.5498046875,3630250000.0,0.0167574102215593
2020-09-13,10853.5498046875,3630250000.0,0.0167574102215593
2020-09-14,11056.650390625,3737610000.0,0.0168794880577146
2020-09-15,11190.3203125,3786110000.0,0.0168152269336954
2020-09-16,11050.4697265625,3678020000.0,0.0169836776795771
2020-09-17,10910.2802734375,3740110000.0,0.0171221170755179
2020-09-18,10793.2802734375,5759090000.0,0.017114469826436
2020-09-19,10793.2802734375,5759090000.0,0.017114469826436
2020-09-20,10793.2802734375,5759090000.0,0.017114469826436
2020-09-21,10778.7998046875,3900970000.0,0.0170510282253875
2020-09-22,10963.6396484375,3515440000.0,0.017340989321014
2020-09-23,10632.990234375,4097320000.0,0.0179662144252989
2020-09-24,10672.26953125,4086360000.0,0.0175232510989354
2020-09-25,10913.5595703125,3785270000.0,0.0180281039746949
2020-09-26,10913.5595703125,3785270000.0,0.0180281039746949
2020-09-27,10913.5595703125,3785270000.0,0.0180281039746949
2020-09-28,11117.5302734375,3591740000.0,0.0183507944139304
2020-09-29,11085.25,3389040000.0,0.0182670888836268
2020-09-30,11167.509765625,4260630000.0,0.0182689479463558
2020-10-01,11326.509765625,4005900000.0,0.0184180532211709
2020-10-02,11075.01953125,3731510000.0,0.0187807684560972
2020-10-03,11075.01953125,3731510000.0,0.0187807684560972
2020-10-04,11075.01953125,3731510000.0,0.0187807684560972
2020-10-05,11332.490234375,3623920000.0,0.0192526433918057
2020-10-06,11154.599609375,4390960000.0,0.0194320775212039
2020-10-07,11364.599609375,3910770000.0,0.0196972027571108
2020-10-08,11420.98046875,3507570000.0,0.0194482640579322
2020-10-09,11579.9404296875,3504230000.0,0.0196193346142108
2020-10-10,11579.9404296875,3504230000.0,0.0196193346142108
2020-10-11,11579.9404296875,3504230000.0,0.0196193346142108
2020-10-12,11876.259765625,3885030000.0,0.0201352323213283
2020-10-13,11863.900390625,3634130000.0,0.0201016161565037
2020-10-14,11768.73046875,3410410000.0,0.0199880913464028
2020-10-15,11713.8701171875,3325270000.0,0.0199071417156948
2020-10-16,11671.5595703125,3166980000.0,0.0175488893833869
2020-10-17,11671.5595703125,3166980000.0,0.0175488893833869
2020-10-18,11671.5595703125,3166980000.0,0.0175488893833869
2020-10-19,11478.8798828125,3477410000.0,0.017665687476078
2020-10-20,11516.490234375,3510040000.0,0.0157388910924613
2020-10-21,11484.6904296875,3467310000.0,0.01504643640783
2020-10-22,11506.009765625,3434040000.0,0.0145072966025747
2020-10-23,11548.2802734375,3145570000.0,0.0144352712045083
2020-10-24,11548.2802734375,3145570000.0,0.0144352712045083
2020-10-25,11548.2802734375,3145570000.0,0.0144352712045083
2020-10-26,11358.9404296875,3205100000.0,0.0144753762957709
2020-10-27,11431.349609375,3104770000.0,0.0143618768667021
2020-10-28,11004.8701171875,3930690000.0,0.0158480860620728
2020-10-29,11185.58984375,3244190000.0,0.0159372327596263
2020-10-30,10911.58984375,3671600000.0,0.0164855638853475
2020-10-31,10911.58984375,3671600000.0,0.0164855638853475
2020-11-01,10911.58984375,3671600000.0,0.0164855638853475
2020-11-02,10957.6103515625,3209000000.0,0.0164969065223461
2020-11-03,11160.5703125,3216580000.0,0.016545100503648
2020-11-04,11590.7802734375,3620760000.0,0.0168091604264047
2020-11-05,11890.9296875,3848160000.0,0.0173126949022708
2020-11-06,11895.23046875,4183220000.0,0.0169531445752877
2020-11-07,11895.23046875,4183220000.0,0.0169531445752877
2020-11-08,11895.23046875,4183220000.0,0.0169531445752877
2020-11-09,11713.7802734375,5863900000.0,0.0170036256986704
2020-11-10,11553.8603515625,4736560000.0,0.0172195912332397
2020-11-11,11786.4296875,3854680000.0,0.0175200262546734
2020-11-12,11709.58984375,3886670000.0,0.0174243296799387
2020-11-13,11829.2900390625,3654230000.0,0.0169136246260113
2020-11-14,11829.2900390625,3654230000.0,0.0169136246260113
2020-11-15,11829.2900390625,3654230000.0,0.0169136246260113
2020-11-16,11924.1298828125,4172570000.0,0.0164945442983701
2020-11-17,11899.33984375,4145030000.0,0.0161790802408063
2020-11-18,11801.599609375,4731420000.0,0.0159774140596969
2020-11-19,11904.7099609375,5385190000.0,0.016021897782238
2020-11-20,11854.9697265625,5350970000.0,0.0158764663326251
2020-11-21,11854.9697265625,5350970000.0,0.0158764663326251
2020-11-22,11854.9697265625,5350970000.0,0.0158764663326251
2020-11-23,11880.6298828125,5473250000.0,0.0151934799220099
2020-11-24,12036.7900390625,6339580000.0,0.0153767400817681
2020-11-25,12094.400390625,4448640000.0,0.0153093946155208
2020-11-26,12094.400390625,4448640000.0,0.0153093946155208
2020-11-27,12205.849609375,3401830000.0,0.0153439556935519
2020-11-28,12205.849609375,3401830000.0,0.0153439556935519
2020-11-29,12205.849609375,3401830000.0,0.0153439556935519
2020-11-30,12198.740234375,7760390000.0,0.0153199034778186
2020-12-01,12355.1103515625,6512420000.0,0.0150586218698763
2020-12-02,12349.3701171875,5194960000.0,0.0150670592377181
2020-12-03,12377.1796875,5209980000.0,0.015036399162006
2020-12-04,12464.23046875,5086900000.0,0.0150582614265829
2020-12-05,12464.23046875,5086900000.0,0.0150582614265829
2020-12-06,12464.23046875,5086900000.0,0.0150582614265829
2020-12-07,12519.9501953125,4771820000.0,0.0150607757202756
2020-12-08,12582.76953125,4809480000.0,0.0146196536664561
2020-12-09,12338.9501953125,5168450000.0,0.0151944059269101
2020-12-10,12405.8095703125,4518580000.0,0.0131237383645253
2020-12-11,12377.8701171875,4292680000.0,0.0129603945706665
2020-12-12,12377.8701171875,4292680000.0,0.0129603945706665
2020-12-13,12377.8701171875,4292680000.0,0.0129603945706665
2020-12-14,12440.0400390625,4491930000.0,0.0118180014251289
2020-12-15,12595.0595703125,4423650000.0,0.0119080788471988
2020-12-16,12658.1904296875,4592700000.0,0.0116241051766808
2020-12-17,12764.75,5029830000.0,0.0097846099653117
2020-12-18,12755.6396484375,7125800000.0,0.0088460382523939
2020-12-19,12755.6396484375,7125800000.0,0.0088460382523939
2020-12-20,12755.6396484375,7125800000.0,0.0088460382523939
2020-12-21,12742.51953125,5192860000.0,0.0088603953519124
2020-12-22,12807.919921875,5811850000.0,0.0082181962728112
2020-12-23,12771.1103515625,7100250000.0,0.0076773458339012
2020-12-24,12804.73046875,3305960000.0,0.0070088480905792
2020-12-25,12804.73046875,3305960000.0,0.0070088480905792
2020-12-26,12804.73046875,3305960000.0,0.0070088480905792
2020-12-27,12804.73046875,3305960000.0,0.0070088480905792
2020-12-28,12899.419921875,5109140000.0,0.0068299877295763
2020-12-29,12850.2197265625,4726920000.0,0.0068171236393837
2020-12-30,12870.0,5343010000.0,0.0067479677583547
2020-12-31,12888.2802734375,4815840000.0,0.0066952836662368
2021-01-01,12888.2802734375,4815840000.0,0.0066952836662368
2021-01-02,12888.2802734375,4815840000.0,0.0066952836662368
2021-01-03,12888.2802734375,4815840000.0,0.0066952836662368
2021-01-04,12698.4501953125,6636170000.0,0.0071577302030759
2021-01-05,12818.9599609375,6971860000.0,0.0071814867675993
2021-01-06,12740.7900390625,7689880000.0,0.0072514361138351
2021-01-07,13067.48046875,6841480000.0,0.0083709884161191
2021-01-08,13201.98046875,7289390000.0,0.0082714550708675
2021-01-09,13201.98046875,7289390000.0,0.0082714550708675
2021-01-10,13201.98046875,7289390000.0,0.0082714550708675
2021-01-11,13036.4296875,6960470000.0,0.0087446467715871
2021-01-12,13072.4296875,7264070000.0,0.008653816938129
2021-01-13,13128.9501953125,7104810000.0,0.0086440139196753
2021-01-14,13112.6396484375,6734100000.0,0.0084448276870778
2021-01-15,12998.5,6458360000.0,0.0086600786693609
2021-01-16,12998.5,6458360000.0,0.0086600786693609
2021-01-17,12998.5,6458360000.0,0.0086600786693609
2021-01-18,12998.5,6458360000.0,0.0086600786693609
2021-01-19,13197.1796875,6297860000.0,0.009002428252081
2021-01-20,13457.25,6820990000.0,0.0095109364232724
2021-01-21,13530.91015625,7258640000.0,0.0095195748702917
2021-01-22,13543.0595703125,5972750000.0,0.0095131561761125
2021-01-23,13543.0595703125,5972750000.0,0.0095131561761125
2021-01-24,13543.0595703125,5972750000.0,0.0095131561761125
2021-01-25,13635.990234375,7193710000.0,0.008581599746273
2021-01-26,13626.0595703125,6849600000.0,0.0086035474353991
2021-01-27,13270.599609375,11621190000.0,0.0101233320193999
2021-01-28,13337.16015625,9959270000.0,0.010123268060147
2021-01-29,13070.6904296875,7872250000.0,0.0107345676330485
2021-01-30,13070.6904296875,7872250000.0,0.0107345676330485
2021-01-31,13070.6904296875,7872250000.0,0.0107345676330485
2021-02-01,13403.3896484375,7092520000.0,0.0115746580081551
2021-02-02,13612.7802734375,7325270000.0,0.0117830870664028
2021-02-03,13610.5400390625,7546940000.0,0.0117789182543658
2021-02-04,13777.740234375,7295370000.0,0.0119025744533547
2021-02-05,13856.2998046875,6792910000.0,0.0119071507466168
2021-02-06,13856.2998046875,6792910000.0,0.0119071507466168
2021-02-07,13856.2998046875,6792910000.0,0.0119071507466168
2021-02-08,13987.6396484375,8564530000.0,0.0119231934047155
2021-02-09,14007.7001953125,8766770000.0,0.0119265890802365
2021-02-10,13972.5302734375,10785930000.0,0.0119380548088069
2021-02-11,14025.76953125,10916780000.0,0.0118762307631525
2021-02-12,14095.4697265625,7416940000.0,0.0118789384905509
2021-02-13,14095.4697265625,7416940000.0,0.0118789384905509
2021-02-14,14095.4697265625,7416940000.0,0.0118789384905509
2021-02-15,14095.4697265625,7416940000.0,0.0118789384905509
2021-02-16,14047.5,7722100000.0,0.0119341198654167
2021-02-17,13965.490234375,7280500000.0,0.0115819523611181
2021-02-18,13865.3603515625,6499420000.0,0.0116692238017642
2021-02-19,13874.4599609375,6737820000.0,0.0115594579370918
2021-02-20,13874.4599609375,6737820000.0,0.0115594579370918
2021-02-21,13874.4599609375,6737820000.0,0.0115594579370918
2021-02-22,13533.0498046875,6483740000.0,0.0118264867394163
2021-02-23,13465.2001953125,7516510000.0,0.0117508208077256
2021-02-24,13597.9697265625,5886230000.0,0.0115893966026169
2021-02-25,13119.4296875,6390380000.0,0.0134290925607358
2021-02-26,13192.349609375,5906110000.0,0.0134441886139523
2021-02-27,13192.349609375,5906110000.0,0.0134441886139523
2021-02-28,13192.349609375,5906110000.0,0.0134441886139523
2021-03-01,13588.830078125,5079530000.0,0.0144738377247671
2021-03-02,13358.7900390625,4948140000.0,0.0147482755147036
2021-03-03,12997.75,5529980000.0,0.0153640761959268
2021-03-04,12723.4697265625,7864380000.0,0.0153382304786872
2021-03-05,12920.150390625,7725200000.0,0.0156047872172705
2021-03-06,12920.150390625,7725200000.0,0.0156047872172705
2021-03-07,12920.150390625,7725200000.0,0.0156047872172705
2021-03-08,12609.16015625,6010230000.0,0.0161411228457534
2021-03-09,13073.8203125,6345560000.0,0.0175474276081734
2021-03-10,13068.830078125,6023880000.0,0.0175480016586722
2021-03-11,13398.669921875,6008850000.0,0.0175259875907116
2021-03-12,13319.8603515625,5497210000.0,0.017538564306653
2021-03-13,13319.8603515625,5497210000.0,0.017538564306653
2021-03-14,13319.8603515625,5497210000.0,0.017538564306653
2021-03-15,13459.7099609375,5972370000.0,0.0172142736700756
2021-03-16,13471.5703125,5493890000.0,0.0165991404293593
2021-03-17,13525.2001953125,5536110000.0,0.0163637239727884
2021-03-18,13116.169921875,5739720000.0,0.0172847701093252
2021-03-19,13215.240234375,7630590000.0,0.0171799740795488
2021-03-20,13215.240234375,7630590000.0,0.0171799740795488
2021-03-21,13215.240234375,7630590000.0,0.0171799740795488
2021-03-22,13377.5400390625,5321760000.0,0.0173133066695776
2021-03-23,13227.7001953125,5675010000.0,0.0172884689749331
2021-03-24,12961.8896484375,6248650000.0,0.0175981849508988
2021-03-25,12977.6796875,5634290000.0,0.0176118960801425
2021-03-26,13138.73046875,5224360000.0,0.0177845518083265
2021-03-27,13138.73046875,5224360000.0,0.0177845518083265
2021-03-28,13138.73046875,5224360000.0,0.0177845518083265
2021-03-29,13059.650390625,4965090000.0,0.0177456912170922
2021-03-30,13045.3896484375,4721950000.0,0.0177468381345984
2021-03-31,13246.8701171875,5004720000.0,0.0180265432359007
2021-04-01,13480.1103515625,4576480000.0,0.0183295081562908
2021-04-02,13480.1103515625,4576480000.0,0.0183295081562908
2021-04-03,13480.1103515625,4576480000.0,0.0183295081562908
2021-04-04,13480.1103515625,4576480000.0,0.0183295081562908
2021-04-05,13705.58984375,4459000000.0,0.0186060528513065
2021-04-06,13698.3798828125,4073710000.0,0.0180219970495796
2021-04-07,13688.83984375,4098740000.0,0.0179943205707221
2021-04-08,13829.3095703125,4153600000.0,0.0180015199648456
2021-04-09,13900.1904296875,3926110000.0,0.0166488070688302
2021-04-10,13900.1904296875,3926110000.0,0.0166488070688302
2021-04-11,13900.1904296875,3926110000.0,0.0166488070688302
2021-04-12,13850.0,4250900000.0,0.0166641966740508
2021-04-13,13996.099609375,4219360000.0,0.0159051997882084
2021-04-14,13857.83984375,4120770000.0,0.0156773132406875
2021-04-15,14038.759765625,4406880000.0,0.0148464709408319
2021-04-16,14052.33984375,4427780000.0,0.0141507675060966
2021-04-17,14052.33984375,4427780000.0,0.0141507675060966
2021-04-18,14052.33984375,4427780000.0,0.0141507675060966
2021-04-19,13914.76953125,4379610000.0,0.014159406254193
2021-04-20,13786.26953125,4245120000.0,0.0134221094295771
2021-04-21,13950.2197265625,3999620000.0,0.0120054575818211
2021-04-22,13818.41015625,4420820000.0,0.0121859525744246
2021-04-23,14016.8095703125,4355100000.0,0.0116326615214822
2021-04-24,14016.8095703125,4355100000.0,0.0116326615214822
2021-04-25,14016.8095703125,4355100000.0,0.0116326615214822
2021-04-26,14138.7802734375,4506210000.0,0.011616950018652
2021-04-27,14090.2197265625,4691460000.0,0.0115448204417019
2021-04-28,14051.0302734375,4559710000.0,0.0115712570093508
2021-04-29,14082.5498046875,4928030000.0,0.011562312366038
2021-04-30,13962.6796875,4792460000.0,0.0100532048007591
2021-05-01,13962.6796875,4792460000.0,0.0100532048007591
2021-05-02,13962.6796875,4792460000.0,0.0100532048007591
2021-05-03,13895.1201171875,4761430000.0,0.0100761508592201
2021-05-04,13633.5,5879730000.0,0.0105512677385949
2021-05-05,13582.419921875,4535690000.0,0.0103463968753637
2021-05-06,13632.83984375,5021400000.0,0.0095493018392783
2021-05-07,13752.240234375,4391100000.0,0.0096345736898542
2021-05-08,13752.240234375,4391100000.0,0.0096345736898542
2021-05-09,13752.240234375,4391100000.0,0.0096345736898542
2021-05-10,13401.8603515625,4818670000.0,0.0106751219939353
2021-05-11,13389.4296875,4738390000.0,0.0106051060348543
2021-05-12,13031.6796875,4752930000.0,0.011765715027059
2021-05-13,13124.990234375,4698110000.0,0.0114887068597688
2021-05-14,13429.98046875,4022610000.0,0.011822179970164
2021-05-15,13429.98046875,4022610000.0,0.011822179970164
2021-05-16,13429.98046875,4022610000.0,0.011822179970164
2021-05-17,13379.0498046875,3997780000.0,0.0114070355931099
2021-05-18,13303.6396484375,4301300000.0,0.0114410772446242
2021-05-19,13299.740234375,4333520000.0,0.0114416525238909
2021-05-20,13535.740234375,3990760000.0,0.0117648643387089
2021-05-21,13470.990234375,3733940000.0,0.0117346559323275
2021-05-22,13470.990234375,3733940000.0,0.0117346559323275
2021-05-23,13470.990234375,3733940000.0,0.0117346559323275
2021-05-24,13661.169921875,3509470000.0,0.0120391860835828
2021-05-25,13657.169921875,4128990000.0,0.0118606005921269
2021-05-26,13738.0,4264500000.0,0.0117932246231277
2021-05-27,13736.2802734375,5087180000.0,0.0115247782254874
2021-05-28,13748.740234375,4447940000.0,0.0115244785961551
2021-05-29,13748.740234375,4447940000.0,0.0115244785961551
2021-05-30,13748.740234375,4447940000.0,0.0115244785961551
2021-05-31,13748.740234375,4447940000.0,0.0115244785961551
2021-06-01,13736.48046875,4186280000.0,0.0113956452447032
2021-06-02,13756.330078125,5097630000.0,0.0112760906660675
2021-06-03,13614.509765625,5396250000.0,0.0111963102605536
2021-06-04,13814.490234375,4360710000.0,0.0114133111278577
2021-06-05,13814.490234375,4360710000.0,0.0114133111278577
2021-06-06,13814.490234375,4360710000.0,0.0114133111278577
2021-06-07,13881.7197265625,4639210000.0,0.0111337820241708
2021-06-08,13924.91015625,5958410000.0,0.0110247962039561
2021-06-09,13911.75,5640490000.0,0.0110113149884714
2021-06-10,14020.330078125,4919880000.0,0.0111016725232837
2021-06-11,14069.419921875,4157580000.0,0.0111130446890302
2021-06-12,14069.419921875,4157580000.0,0.0111130446890302
2021-06-13,14069.419921875,4157580000.0,0.0111130446890302
2021-06-14,14174.1396484375,4415160000.0,0.0110732758436621
2021-06-15,14072.8603515625,4554580000.0,0.0111199562325589
2021-06-16,14039.6796875,4683030000.0,0.0105158089235647
2021-06-17,14161.349609375,4558280000.0,0.0105665468394967
2021-06-18,14030.3798828125,6126070000.0,0.0107335151342636
2021-06-19,14030.3798828125,6126070000.0,0.0107335151342636
2021-06-20,14030.3798828125,6126070000.0,0.0107335151342636
2021-06-21,14141.48046875,4562010000.0,0.0107138073756908
2021-06-22,14253.26953125,4433140000.0,0.0095126615582995
2021-06-23,14271.73046875,4417470000.0,0.0094972872864719
2021-06-24,14369.7099609375,4324620000.0,0.0077602664195204
2021-06-25,14360.3896484375,7468090000.0,0.0077562973339883
2021-06-26,14360.3896484375,7468090000.0,0.0077562973339883
2021-06-27,14360.3896484375,7468090000.0,0.0077562973339883
2021-06-28,14500.509765625,4283000000.0,0.0069105316713315
2021-06-29,14528.330078125,4901300000.0,0.0068072714577385
2021-06-30,14503.9501953125,5293810000.0,0.00667560526794
2021-07-01,14522.3798828125,4410470000.0,0.0066560613316415
2021-07-02,14639.330078125,3751420000.0,0.0061386187872103
2021-07-03,14639.330078125,3751420000.0,0.0061386187872103
2021-07-04,14639.330078125,3751420000.0,0.0061386187872103
2021-07-05,14639.330078125,3751420000.0,0.0061386187872103
2021-07-06,14663.6396484375,4489540000.0,0.0059811276287535
2021-07-07,14665.0595703125,4605630000.0,0.0056115514257831
2021-07-08,14559.7802734375,4575010000.0,0.0058607465135363
2021-07-09,14701.919921875,3826500000.0,0.0059853432541377
2021-07-10,14701.919921875,3826500000.0,0.0059853432541377
2021-07-11,14701.919921875,3826500000.0,0.0059853432541377
2021-07-12,14733.240234375,3897090000.0,0.0059684886876748
2021-07-13,14677.650390625,4583460000.0,0.0060676968014274
2021-07-14,14644.9501953125,4496220000.0,0.0060959099290135
2021-07-15,14543.1298828125,4512550000.0,0.0063186179721759
2021-07-16,14427.240234375,4069530000.0,0.0061741843908015
2021-07-17,14427.240234375,4069530000.0,0.0061741843908015
2021-07-18,14427.240234375,4069530000.0,0.0061741843908015
2021-07-19,14274.98046875,4537130000.0,0.006107238830516
2021-07-20,14498.8798828125,4652450000.0,0.0066256042220673
2021-07-21,14631.9501953125,4098520000.0,0.006767522224916
2021-07-22,14684.599609375,3597540000.0,0.0067581888649856
2021-07-23,14836.990234375,3997250000.0,0.0068512693946919
2021-07-24,14836.990234375,3997250000.0,0.0068512693946919
2021-07-25,14836.990234375,3997250000.0,0.0068512693946919
2021-07-26,14840.7099609375,4437090000.0,0.006850618518168
2021-07-27,14660.580078125,4329230000.0,0.007220971277913
2021-07-28,14762.580078125,4268210000.0,0.0071206809789166
2021-07-29,14778.259765625,3928640000.0,0.0070824385610423
2021-07-30,14672.6796875,3645050000.0,0.0071373187374709
2021-07-31,14672.6796875,3645050000.0,0.0071373187374709
2021-08-01,14672.6796875,3645050000.0,0.0071373187374709
2021-08-02,14681.0703125,3746130000.0,0.0068599996497529
2021-08-03,14761.2900390625,4141370000.0,0.0067959992447605
2021-08-04,14780.5302734375,4337330000.0,0.0066861484727544
2021-08-05,14895.1201171875,4107300000.0,0.0067911074089082
2021-08-06,14835.759765625,4173090000.0,0.0067812079490007
2021-08-07,14835.759765625,4173090000.0,0.0067812079490007
2021-08-08,14835.759765625,4173090000.0,0.0067812079490007
2021-08-09,14860.1796875,4111640000.0,0.0067741574290321
2021-08-10,14788.08984375,3991770000.0,0.0066599896767875
2021-08-11,14765.1396484375,4002340000.0,0.006667440935546
2021-08-12,14816.259765625,4049000000.0,0.0066744447140501
2021-08-13,14822.900390625,4061070000.0,0.0066737546247701
2021-08-14,14822.900390625,4061070000.0,0.0066737546247701
2021-08-15,14822.900390625,4061070000.0,0.0066737546247701
2021-08-16,14793.759765625,3973920000.0,0.0065429171392133
2021-08-17,14656.1796875,4168880000.0,0.0067713674561028
2021-08-18,14525.91015625,3841840000.0,0.0069638763819553
2021-08-19,14541.7900390625,4191490000.0,0.006844668083942
2021-08-20,14714.66015625,3886340000.0,0.0069578415746777
2021-08-21,14714.66015625,3886340000.0,0.0069578415746777
2021-08-22,14714.66015625,3886340000.0,0.0069578415746777
2021-08-23,14942.650390625,3906780000.0,0.0074952654316531
2021-08-24,15019.7998046875,3809750000.0,0.0074979552257379
2021-08-25,15041.8603515625,3654150000.0,0.0074773295627447
2021-08-26,14945.8095703125,3630900000.0,0.0074573161939662
2021-08-27,15129.5,4048610000.0,0.0075372902697319
2021-08-28,15129.5,4048610000.0,0.0075372902697319
2021-08-29,15129.5,4048610000.0,0.0075372902697319
2021-08-30,15265.8896484375,4061760000.0,0.0072887436139061
2021-08-31,15259.240234375,4188020000.0,0.0068523318571991
2021-09-01,15309.3798828125,4271690000.0,0.0067153522952142
2021-09-02,15331.1796875,4050510000.0,0.0067038167671874
2021-09-03,15363.51953125,3706990000.0,0.0064927021738503
2021-09-04,15363.51953125,3706990000.0,0.0064927021738503
2021-09-05,15363.51953125,3706990000.0,0.0064927021738503
2021-09-06,15363.51953125,3706990000.0,0.0064927021738503
2021-09-07,15374.330078125,4014250000.0,0.0064910358727778
2021-09-08,15286.6396484375,4131560000.0,0.0061272991987448
2021-09-09,15248.25,4031140000.0,0.0060753449694056
2021-09-10,15115.490234375,4587150000.0,0.0063345878850292
2021-09-11,15115.490234375,4587150000.0,0.0063345878850292
2021-09-12,15115.490234375,4587150000.0,0.0063345878850292
2021-09-13,15105.580078125,4723370000.0,0.0061629944536053
2021-09-14,15037.759765625,4593140000.0,0.0062433084556772
2021-09-15,15161.5302734375,4465140000.0,0.0063333671148376
2021-09-16,15181.919921875,3701500000.0,0.0063334640958344
2021-09-17,15043.9697265625,6709540000.0,0.0064529702650544
2021-09-18,15043.9697265625,6709540000.0,0.0064529702650544
2021-09-19,15043.9697265625,6709540000.0,0.0064529702650544
2021-09-20,14713.900390625,4879490000.0,0.0076221594539214
2021-09-21,14746.400390625,4083010000.0,0.0076277252099139
2021-09-22,14896.849609375,4252490000.0,0.0078055056751333
2021-09-23,15052.240234375,4196130000.0,0.0080119539483973
2021-09-24,15047.7001953125,3992150000.0,0.0079957964885969
2021-09-25,15047.7001953125,3992150000.0,0.0079957964885969
2021-09-26,15047.7001953125,3992150000.0,0.0079957964885969
2021-09-27,14969.9697265625,4650790000.0,0.0080631781758818
2021-09-28,14546.6796875,4989510000.0,0.0096455978185627
2021-09-29,14512.4404296875,5294600000.0,0.0095096347985615
2021-09-30,14448.580078125,5950950000.0,0.0094039381169915
2021-10-01,14566.7001953125,4710720000.0,0.0095240846751143
2021-10-02,14566.7001953125,4710720000.0,0.0095240846751143
2021-10-03,14566.7001953125,4710720000.0,0.0095240846751143
2021-10-04,14255.48046875,4557110000.0,0.0100411075823432
2021-10-05,14433.830078125,4176390000.0,0.009888296149734
2021-10-06,14501.91015625,4465910000.0,0.0098788595249226
2021-10-07,14654.01953125,3984180000.0,0.0100946891310834
2021-10-08,14579.5400390625,3571380000.0,0.0100727208159045
2021-10-09,14579.5400390625,3571380000.0,0.0100727208159045
2021-10-10,14579.5400390625,3571380000.0,0.0100727208159045
2021-10-11,14486.2001953125,3539540000.0,0.0098119461728431
2021-10-12,14465.919921875,4063830000.0,0.0096127329898564
2021-10-13,14571.6396484375,4053580000.0,0.0097525836303738
2021-10-14,14823.4296875,4262400000.0,0.0103009794659945
2021-10-15,14897.33984375,4494440000.0,0.0103509501973295
2021-10-16,14897.33984375,4494440000.0,0.0103509501973295
2021-10-17,14897.33984375,4494440000.0,0.0103509501973295
2021-10-18,15021.8095703125,4167740000.0,0.0104757787911177
2021-10-19,15129.08984375,4483400000.0,0.0105714448364284
2021-10-20,15121.6796875,4117050000.0,0.0105260336623935
2021-10-21,15215.7001953125,4961860000.0,0.0105846224789679
2021-10-22,15090.2001953125,5775770000.0,0.010571885193638
2021-10-23,15090.2001953125,5775770000.0,0.010571885193638
2021-10-24,15090.2001953125,5775770000.0,0.010571885193638
2021-10-25,15226.7099609375,5750200000.0,0.0106993641494347
2021-10-26,15235.7099609375,7173230000.0,0.010661469977376
2021-10-27,15235.83984375,6130110000.0,0.0105602626086768
2021-10-28,15448.1201171875,5714890000.0,0.010850760804202
2021-10-29,15498.3896484375,5338290000.0,0.0107032333092711
2021-10-30,15498.3896484375,5338290000.0,0.0107032333092711
2021-10-31,15498.3896484375,5338290000.0,0.0107032333092711
2021-11-01,15595.919921875,5273950000.0,0.0098014102264161
2021-11-02,15649.599609375,5129370000.0,0.0098051304637724
2021-11-03,15811.580078125,5325110000.0,0.0098093752501154
2021-11-04,15940.3095703125,5297250000.0,0.0097510330639784
2021-11-05,15971.58984375,5566400000.0,0.0097420765076212
2021-11-06,15971.58984375,5566400000.0,0.0097420765076212
2021-11-07,15971.58984375,5566400000.0,0.0097420765076212
2021-11-08,15982.3603515625,5723650000.0,0.0096518231964824
2021-11-09,15886.5400390625,5574660000.0,0.0078761198542159
2021-11-10,15622.7099609375,5369110000.0,0.0086133095883007
2021-11-11,15704.2802734375,4570460000.0,0.0085274481466426
2021-11-12,15860.9599609375,5446540000.0,0.0085722892421248
2021-11-13,15860.9599609375,5446540000.0,0.0085722892421248
2021-11-14,15860.9599609375,5446540000.0,0.0085722892421248
2021-11-15,15853.849609375,5020180000.0,0.0072632819818018
2021-11-16,15973.8603515625,5533020000.0,0.0071100879248318
2021-11-17,15921.5703125,5049320000.0,0.0072075004938521
2021-11-18,15993.7099609375,5391360000.0,0.0070801086205573
2021-11-19,16057.4404296875,4875310000.0,0.0069180111595275
2021-11-20,16057.4404296875,4875310000.0,0.0069180111595275
2021-11-21,16057.4404296875,4875310000.0,0.0069180111595275
2021-11-22,15854.759765625,5567830000.0,0.0073040372021207
2021-11-23,15775.1396484375,5434380000.0,0.0074090593589021
2021-11-24,15845.23046875,4197090000.0,0.007368956746416
2021-11-25,15845.23046875,4197090000.0,0.007368956746416
2021-11-26,15491.66015625,3502170000.0,0.0082205110801073
2021-11-27,15491.66015625,3502170000.0,0.0082205110801073
2021-11-28,15491.66015625,3502170000.0,0.0082205110801073
2021-11-29,15782.830078125,4836230000.0,0.0087796801790629
2021-11-30,15537.6904296875,6631470000.0,0.0092556464112164
2021-12-01,15254.0498046875,6320260000.0,0.009841646661674
2021-12-02,15381.3203125,5418340000.0,0.0099486135956916
2021-12-03,15085.4697265625,5900290000.0,0.0105311641461887
2021-12-04,15085.4697265625,5900290000.0,0.0105311641461887
2021-12-05,15085.4697265625,5900290000.0,0.0105311641461887
2021-12-06,15225.150390625,5115230000.0,0.0105576074391612
2021-12-07,15686.919921875,5116490000.0,0.0117695466126786
2021-12-08,15786.990234375,4615390000.0,0.0118098041356693
2021-12-09,15517.3701171875,4515600000.0,0.0122788734050594
2021-12-10,15630.599609375,4426210000.0,0.0120920778481648
2021-12-11,15630.599609375,4426210000.0,0.0120920778481648
2021-12-12,15630.599609375,4426210000.0,0.0120920778481648
2021-12-13,15413.2802734375,4573920000.0,0.0123587072144895
2021-12-14,15237.6396484375,4865990000.0,0.0124629044933769
2021-12-15,15565.580078125,5343920000.0,0.0130820188498118
2021-12-16,15180.4296875,4906480000.0,0.0136841335150353
2021-12-17,15169.6796875,7668770000.0,0.0135680003997412
2021-12-18,15169.6796875,7668770000.0,0.0135680003997412
2021-12-19,15169.6796875,7668770000.0,0.0135680003997412
2021-12-20,14980.9404296875,4602640000.0,0.0136920674280916
2021-12-21,15341.08984375,4581720000.0,0.0144811171757516
2021-12-22,15521.8896484375,4107900000.0,0.0146457224319162
2021-12-23,15653.3701171875,3935010000.0,0.0144185757880827
2021-12-24,15653.3701171875,3935010000.0,0.0144185757880827
2021-12-25,15653.3701171875,3935010000.0,0.0144185757880827
2021-12-26,15653.3701171875,3935010000.0,0.0144185757880827
2021-12-27,15871.259765625,3743920000.0,0.0146090876984655
2021-12-28,15781.7197265625,3648500000.0,0.0145337718306119
2021-12-29,15766.2197265625,3714380000.0,0.0145344558507096
2021-12-30,15741.5595703125,3750920000.0,0.0144624499992366
2021-12-31,15644.9697265625,3392580000.0,0.0144910894557233
2022-01-01,15644.9697265625,3392580000.0,0.0144910894557233
2022-01-02,15644.9697265625,3392580000.0,0.0144910894557233
2022-01-03,15832.7998046875,4429960000.0,0.0146435563787072
2022-01-04,15622.7197265625,5131110000.0,0.0148085303065882
2022-01-05,15100.169921875,5031850000.0,0.0158672868037159
2022-01-06,15080.8603515625,4790820000.0,0.0158542728351372
2022-01-07,14935.900390625,4238070000.0,0.0158811463968398
2022-01-08,14935.900390625,4238070000.0,0.0158811463968398
2022-01-09,14935.900390625,4238070000.0,0.0158811463968398
2022-01-10,14942.830078125,5317180000.0,0.015400552551124
2022-01-11,15153.4501953125,4390710000.0,0.0152173589461871
2022-01-12,15188.3896484375,4338530000.0,0.014987004714346
2022-01-13,14806.8095703125,4302020000.0,0.0153233934902967
2022-01-14,14893.75,4374020000.0,0.0152785116780172
2022-01-15,14893.75,4374020000.0,0.0152785116780172
2022-01-16,14893.75,4374020000.0,0.0152785116780172
2022-01-17,14893.75,4374020000.0,0.0152785116780172
2022-01-18,14506.900390625,5060790000.0,0.0156122771655044
2022-01-19,14340.259765625,4665340000.0,0.0155901792553896
2022-01-20,14154.01953125,5102050000.0,0.0144958597869619
2022-01-21,13768.919921875,5870830000.0,0.0150208519445565
2022-01-22,13768.919921875,5870830000.0,0.0150208519445565
2022-01-23,13768.919921875,5870830000.0,0.0150208519445565
2022-01-24,13855.1298828125,6998770000.0,0.0149493368610155
2022-01-25,13539.2900390625,5019380000.0,0.0151999565087227
2022-01-26,13542.1201171875,5771140000.0,0.0151241713839772
2022-01-27,13352.7802734375,5177380000.0,0.0151743299811734
2022-01-28,13770.5703125,4971930000.0,0.0158158451569134
2022-01-29,13770.5703125,4971930000.0,0.0158158451569134
2022-01-30,13770.5703125,4971930000.0,0.0158158451569134
2022-01-31,14239.8798828125,5124940000.0,0.016726515662335
2022-02-01,14346.0,4671850000.0,0.0168160560721214
2022-02-02,14417.5498046875,4673140000.0,0.0167368332236433
2022-02-03,13878.8203125,4326300000.0,0.0173443199136435
2022-02-04,14098.009765625,4121340000.0,0.0174771583477134
2022-02-05,14098.009765625,4121340000.0,0.0174771583477134
2022-02-06,14098.009765625,4121340000.0,0.0174771583477134
2022-02-07,14015.669921875,4268730000.0,0.0173431440157549
2022-02-08,14194.4501953125,4293770000.0,0.0173043865736758
2022-02-09,14490.3701171875,4729730000.0,0.0178597996961889
2022-02-10,14185.6396484375,5212510000.0,0.0181677117499618
2022-02-11,13791.150390625,5237320000.0,0.0187116196756847
2022-02-12,13791.150390625,5237320000.0,0.0187116196756847
2022-02-13,13791.150390625,5237320000.0,0.0187116196756847
2022-02-14,13790.919921875,4347350000.0,0.0187254278226898
2022-02-15,14139.759765625,4416840000.0,0.0192570887978586
2022-02-16,14124.08984375,4238560000.0,0.0191764798810858
2022-02-17,13716.7197265625,4278370000.0,0.0189324861094356
2022-02-18,13548.0703125,4501940000.0,0.0190018059741306
2022-02-19,13548.0703125,4501940000.0,0.0190018059741306
2022-02-20,13548.0703125,4501940000.0,0.0190018059741306
2022-02-21,13548.0703125,4501940000.0,0.0190018059741306
2022-02-22,13381.51953125,4849170000.0,0.0190381557315365
2022-02-23,13037.490234375,4639330000.0,0.0194507394981585
2022-02-24,13473.58984375,6180200000.0,0.0203573869867358
2022-02-25,13694.6201171875,4628720000.0,0.0206620151113636
2022-02-26,13694.6201171875,4628720000.0,0.0206620151113636
2022-02-27,13694.6201171875,4628720000.0,0.0206620151113636
2022-02-28,13751.400390625,5928130000.0,0.0202785466409732
2022-03-01,13532.4599609375,6131350000.0,0.0203628290307818
2022-03-02,13752.01953125,5246390000.0,0.0201735463149902
2022-03-03,13537.9404296875,5092580000.0,0.0202565960221829
2022-03-04,13313.4404296875,5343900000.0,0.0203366919482366
2022-03-05,13313.4404296875,5343900000.0,0.0203366919482366
2022-03-06,13313.4404296875,5343900000.0,0.0203366919482366
2022-03-07,12830.9599609375,6195370000.0,0.0208066060435055
2022-03-08,12795.5498046875,6683960000.0,0.0207432165668617
2022-03-09,13255.5498046875,5396550000.0,0.0214876493600658
2022-03-10,13129.9599609375,5071250000.0,0.0215466953100536
2022-03-11,12843.8095703125,5288210000.0,0.0217607030367766
2022-03-12,12843.8095703125,5288210000.0,0.0217607030367766
2022-03-13,12843.8095703125,5288210000.0,0.0217607030367766
2022-03-14,12581.2197265625,5876710000.0,0.0211629040194678
2022-03-15,12948.6201171875,5440100000.0,0.0208974355842078
2022-03-16,13436.5498046875,6552210000.0,0.0220779877404885
2022-03-17,13614.7802734375,5612090000.0,0.0222200218122438
2022-03-18,13893.83984375,8149290000.0,0.0214869071526012
2022-03-19,13893.83984375,8149290000.0,0.0214869071526012
2022-03-20,13893.83984375,8149290000.0,0.0214869071526012
2022-03-21,13838.4599609375,5673940000.0,0.0212926002840846
2022-03-22,14108.8203125,5445100000.0,0.021574225369775
2022-03-23,13922.599609375,5024230000.0,0.0215781237105785
2022-03-24,14191.83984375,5149520000.0,0.021529452492626
2022-03-25,14169.2998046875,5585100000.0,0.0211783814552592
2022-03-26,14169.2998046875,5585100000.0,0.0211783814552592
2022-03-27,14169.2998046875,5585100000.0,0.0211783814552592
2022-03-28,14354.900390625,5129500000.0,0.0206177661201188
2022-03-29,14619.6396484375,6060890000.0,0.0208455930531643
2022-03-30,14442.26953125,5479200000.0,0.0205318789582557
2022-03-31,14220.51953125,5453890000.0,0.0207420710740743
2022-04-01,14261.5,5002790000.0,0.0199823305850639
2022-04-02,14261.5,5002790000.0,0.0199823305850639
2022-04-03,14261.5,5002790000.0,0.0199823305850639
2022-04-04,14532.5498046875,4630100000.0,0.0200580849754154
2022-04-05,14204.169921875,4727710000.0,0.0204114666268316
2022-04-06,13888.8203125,5360420000.0,0.0202511625781158
2022-04-07,13897.2998046875,4856090000.0,0.0193981868190616
2022-04-08,13711.0,4574080000.0,0.0193530626176541
2022-04-09,13711.0,4574080000.0,0.0193530626176541
2022-04-10,13711.0,4574080000.0,0.0193530626176541
2022-04-11,13411.9599609375,4946680000.0,0.0197484763992059
2022-04-12,13371.5703125,4991720000.0,0.019544497614172
2022-04-13,13643.58984375,4909720000.0,0.0196756989041192
2022-04-14,13351.080078125,4642240000.0,0.0198668380368248
2022-04-15,13351.080078125,4642240000.0,0.0198668380368248
2022-04-16,13351.080078125,4642240000.0,0.0198668380368248
2022-04-17,13351.080078125,4642240000.0,0.0198668380368248
2022-04-18,13332.3603515625,4365230000.0,0.0196299908850412
2022-04-19,13619.66015625,4562840000.0,0.0187066121480557
2022-04-20,13453.0703125,4678930000.0,0.0188706348216388
2022-04-21,13174.650390625,5233110000.0,0.0181936875431889
2022-04-22,12839.2900390625,4475090000.0,0.0187157139411531
2022-04-23,12839.2900390625,4475090000.0,0.0187157139411531
2022-04-24,12839.2900390625,4475090000.0,0.0187157139411531
2022-04-25,13004.849609375,4845160000.0,0.0184280696776467
2022-04-26,12490.740234375,5168160000.0,0.0195217370722805
2022-04-27,12488.9296875,4810720000.0,0.0187373251277836
2022-04-28,12871.5302734375,5067150000.0,0.0182944312863994
2022-04-29,12334.6396484375,4733070000.0,0.0195501700305207
2022-04-30,12334.6396484375,4733070000.0,0.0195501700305207
2022-05-01,12334.6396484375,4733070000.0,0.0195501700305207
2022-05-02,12536.01953125,4918240000.0,0.0193935151768671
2022-05-03,12563.759765625,4547280000.0,0.0194203345894436
2022-05-04,12964.8603515625,5498050000.0,0.0200202657343419
2022-05-05,12317.6904296875,5308920000.0,0.0218200846298918
2022-05-06,12144.66015625,5324480000.0,0.0214409910230718
2022-05-07,12144.66015625,5324480000.0,0.0214409910230718
2022-05-08,12144.66015625,5324480000.0,0.0214409910230718
2022-05-09,11623.25,5939140000.0,0.0225572427078725
2022-05-10,11737.669921875,6218260000.0,0.0224682258858906
2022-05-11,11364.240234375,6152370000.0,0.0224274607487342
2022-05-12,11370.9599609375,6679470000.0,0.0224741538456112
2022-05-13,11805.0,5894020000.0,0.0238975926869278
2022-05-14,11805.0,5894020000.0,0.0238975926869278
2022-05-15,11805.0,5894020000.0,0.0238975926869278
2022-05-16,11662.7900390625,4930250000.0,0.0238578641241183
2022-05-17,11984.51953125,5093960000.0,0.0242137607687877
2022-05-18,11418.150390625,5064120000.0,0.0252395282949882
2022-05-19,11388.5,5154410000.0,0.0250877661267023
2022-05-20,11354.6201171875,5434370000.0,0.0250606573797442
2022-05-21,11354.6201171875,5434370000.0,0.0250606573797442
2022-05-22,11354.6201171875,5434370000.0,0.0250606573797442
2022-05-23,11535.26953125,4552200000.0,0.0253567216979214
2022-05-24,11264.4501953125,4724430000.0,0.0253963986319011
2022-05-25,11434.740234375,4519690000.0,0.0256764854855064
2022-05-26,11740.650390625,4672620000.0,0.0259140706529052
2022-05-27,12131.1298828125,4793900000.0,0.026601427535214
2022-05-28,12131.1298828125,4793900000.0,0.026601427535214
2022-05-29,12131.1298828125,4793900000.0,0.026601427535214
2022-05-30,12131.1298828125,4793900000.0,0.026601427535214
2022-05-31,12081.3896484375,6045500000.0,0.0265997324747682
2022-06-01,11994.4599609375,4719900000.0,0.0261967333069538
2022-06-02,12316.900390625,4445840000.0,0.0267380318982484
2022-06-03,12012.73046875,4130040000.0,0.0268431199647402
2022-06-04,12012.73046875,4130040000.0,0.0268431199647402
2022-06-05,12012.73046875,4130040000.0,0.0268431199647402
2022-06-06,12061.3701171875,4647010000.0,0.0265235440742159
2022-06-07,12175.23046875,4411240000.0,0.0264646501591687
2022-06-08,12086.26953125,4708980000.0,0.0254927754821953
2022-06-09,11754.23046875,5408460000.0,0.0259549590560236
2022-06-10,11340.01953125,5152020000.0,0.0259310909748412
2022-06-11,11340.01953125,5152020000.0,0.0259310909748412
2022-06-12,11340.01953125,5152020000.0,0.0259310909748412
2022-06-13,10809.23046875,5937320000.0,0.0262198658073964
2022-06-14,10828.349609375,4819890000.0,0.0259601223500865
2022-06-15,11099.150390625,5368500000.0,0.0264912891703805
2022-06-16,10646.099609375,5696630000.0,0.0264698180692074
2022-06-17,10798.349609375,7452830000.0,0.0253357184499876
2022-06-18,10798.349609375,7452830000.0,0.0253357184499876
2022-06-19,10798.349609375,7452830000.0,0.0253357184499876
2022-06-20,10798.349609375,7452830000.0,0.0253357184499876
2022-06-21,11069.2998046875,5226260000.0,0.0258111285292062
2022-06-22,11053.080078125,5238180000.0,0.0246345150181972
2022-06-23,11232.1904296875,5258200000.0,0.0247616886878673
2022-06-24,11607.6201171875,9468130000.0,0.0248209733557318
2022-06-25,11607.6201171875,9468130000.0,0.0248209733557318
2022-06-26,11607.6201171875,9468130000.0,0.0248209733557318
2022-06-27,11524.5498046875,5047860000.0,0.0248627566835292
2022-06-28,11181.5400390625,5433220000.0,0.0244555122911832
2022-06-29,11177.8896484375,5650860000.0,0.0243787161075922
2022-06-30,11028.740234375,5654520000.0,0.0238567062349911
2022-07-01,11127.849609375,4865730000.0,0.0223218080482672
2022-07-02,11127.849609375,4865730000.0,0.0223218080482672
2022-07-03,11127.849609375,4865730000.0,0.0223218080482672
2022-07-04,11127.849609375,4865730000.0,0.0223218080482672
2022-07-05,11322.240234375,5053570000.0,0.0225631343330757
2022-07-06,11361.849609375,4851170000.0,0.0225665274719921
2022-07-07,11621.349609375,4685050000.0,0.0227635470849674
2022-07-08,11635.3095703125,4526570000.0,0.0223074770141075
2022-07-09,11635.3095703125,4526570000.0,0.0223074770141075
2022-07-10,11635.3095703125,4526570000.0,0.0223074770141075
2022-07-11,11372.599609375,4362910000.0,0.0225614020628401
2022-07-12,11264.73046875,4317860000.0,0.0220494806793302
2022-07-13,11247.580078125,4433060000.0,0.0210889259369301
2022-07-14,11251.1904296875,4481070000.0,0.0210929312185372
2022-07-15,11452.419921875,4369060000.0,0.0213849811071363
2022-07-16,11452.419921875,4369060000.0,0.0213849811071363
2022-07-17,11452.419921875,4369060000.0,0.0213849811071363
2022-07-18,11360.0498046875,5057920000.0,0.0207425662641257
2022-07-19,11713.150390625,5302740000.0,0.0211609340674186
2022-07-20,11897.650390625,5467080000.0,0.0213579772643497
2022-07-21,12059.6103515625,4680930000.0,0.021436722228569
2022-07-22,11834.1103515625,4721880000.0,0.0216692943573015
2022-07-23,11834.1103515625,4721880000.0,0.0216692943573015
2022-07-24,11834.1103515625,4721880000.0,0.0216692943573015
2022-07-25,11782.669921875,4346520000.0,0.0210703155629182
2022-07-26,11562.5703125,4349760000.0,0.0202832816736811
2022-07-27,12032.419921875,4588480000.0,0.0193417262793378
2022-07-28,12162.58984375,4924950000.0,0.0193824121394063
2022-07-29,12390.6904296875,4907410000.0,0.0191868532838777
2022-07-30,12390.6904296875,4907410000.0,0.0191868532838777
2022-07-31,12390.6904296875,4907410000.0,0.0191868532838777
2022-08-01,12368.98046875,4396390000.0,0.017216784303368
2022-08-02,12348.759765625,4792140000.0,0.0171676867061583
2022-08-03,12668.16015625,5667990000.0,0.0171989672320127
2022-08-04,12720.580078125,5451470000.0,0.0171623656835913
2022-08-05,12657.5498046875,4911300000.0,0.0171106815570452
2022-08-06,12657.5498046875,4911300000.0,0.0171106815570452
2022-08-07,12657.5498046875,4911300000.0,0.0171106815570452
2022-08-08,12644.4599609375,5238600000.0,0.0162336001239494
2022-08-09,12493.9296875,5307340000.0,0.0163588926027213
2022-08-10,12854.7998046875,5196210000.0,0.0157871590044717
2022-08-11,12779.91015625,5815960000.0,0.0158789600821497
2022-08-12,13047.1904296875,4782610000.0,0.0157747946859488
2022-08-13,13047.1904296875,4782610000.0,0.0157747946859488
2022-08-14,13047.1904296875,4782610000.0,0.0157747946859488
2022-08-15,13128.0498046875,4476040000.0,0.0157626512246242
2022-08-16,13102.5498046875,5028410000.0,0.0156570395495685
2022-08-17,12938.1201171875,5229520000.0,0.0159792166946391
2022-08-18,12965.33984375,4724350000.0,0.0156056705962667
2022-08-19,12705.2197265625,4628170000.0,0.0162025198411554
2022-08-20,12705.2197265625,4628170000.0,0.0162025198411554
2022-08-21,12705.2197265625,4628170000.0,0.0162025198411554
2022-08-22,12381.5703125,4270980000.0,0.0163733558081143
2022-08-23,12381.2998046875,3836180000.0,0.0162170566859272
2022-08-24,12431.5302734375,3917170000.0,0.0161935712012381
2022-08-25,12639.26953125,4323470000.0,0.0163602021517048
2022-08-26,12141.7099609375,4530000000.0,0.0180019400150112
2022-08-27,12141.7099609375,4530000000.0,0.0180019400150112
2022-08-28,12141.7099609375,4530000000.0,0.0180019400150112
2022-08-29,12017.669921875,4209850000.0,0.0180480073967649
2022-08-30,11883.1396484375,4681520000.0,0.0173549429648977
2022-08-31,11816.2001953125,4952010000.0,0.0171480654315601
2022-09-01,11785.1298828125,4792890000.0,0.0169539421365974
2022-09-02,11630.8603515625,4257410000.0,0.0167750228224313
2022-09-03,11630.8603515625,4257410000.0,0.0167750228224313
2022-09-04,11630.8603515625,4257410000.0,0.0167750228224313
2022-09-05,11630.8603515625,4257410000.0,0.0167750228224313
2022-09-06,11544.91015625,4622940000.0,0.0168080765528378
2022-09-07,11791.900390625,4445640000.0,0.016903731534312
2022-09-08,11862.1298828125,4329910000.0,0.0152464204203102
2022-09-09,12112.3095703125,4401590000.0,0.0156107573637641
2022-09-10,12112.3095703125,4401590000.0,0.0156107573637641
2022-09-11,12112.3095703125,4401590000.0,0.0156107573637641
2022-09-12,12266.41015625,4146680000.0,0.0154014700964395
2022-09-13,11633.5703125,5188380000.0,0.0181562324279714
2022-09-14,11719.6796875,4861530000.0,0.0182375482060431
2022-09-15,11552.3603515625,4805910000.0,0.017624505052034
2022-09-16,11448.400390625,7451840000.0,0.0176029078325893
2022-09-17,11448.400390625,7451840000.0,0.0176029078325893
2022-09-18,11448.400390625,7451840000.0,0.0176029078325893
2022-09-19,11535.01953125,4168670000.0,0.0177149659329422
2022-09-20,11425.0498046875,4028100000.0,0.0177493454899705
2022-09-21,11220.1904296875,4471000000.0,0.0178861108881585
2022-09-22,11066.8095703125,4916470000.0,0.016911416359885
2022-09-23,10867.9296875,5134350000.0,0.0170807797924065
2022-09-24,10867.9296875,5134350000.0,0.0170807797924065
2022-09-25,10867.9296875,5134350000.0,0.0170807797924065
2022-09-26,10802.919921875,4697730000.0,0.0163540652842129
2022-09-27,10829.5,4445050000.0,0.016270123785411
2022-09-28,11051.6396484375,4556100000.0,0.0169728960367206
2022-09-29,10737.509765625,4516630000.0,0.0174530135484901
2022-09-30,10575.6201171875,4649710000.0,0.0174544616533787
2022-10-01,10575.6201171875,4649710000.0,0.0174544616533787
2022-10-02,10575.6201171875,4649710000.0,0.0174544616533787
2022-10-03,10815.4296875,4415440000.0,0.0180479892746275
2022-10-04,11176.41015625,5004780000.0,0.0189128150678047
2022-10-05,11148.6396484375,4091860000.0,0.0189029223140166
2022-10-06,11073.3095703125,4423320000.0,0.0188572245319789
2022-10-07,10652.400390625,4634190000.0,0.0194852631716761
2022-10-08,10652.400390625,4634190000.0,0.0194852631716761
2022-10-09,10652.400390625,4634190000.0,0.0194852631716761
2022-10-10,10542.099609375,3989640000.0,0.0183975910765527
2022-10-11,10426.1904296875,4738840000.0,0.0184063533580452
2022-10-12,10417.099609375,4091030000.0,0.0183770928757966
2022-10-13,10649.150390625,5300080000.0,0.0189961203035037
2022-10-14,10321.3896484375,4393000000.0,0.0196602963943894
2022-10-15,10321.3896484375,4393000000.0,0.0196602963943894
2022-10-16,10321.3896484375,4393000000.0,0.0196602963943894
2022-10-17,10675.7998046875,4439190000.0,0.0207755087730618
2022-10-18,10772.400390625,5047360000.0,0.0208673867229686
2022-10-19,10680.509765625,4955090000.0,0.0204151054820273
2022-10-20,10614.83984375,4628010000.0,0.0203457371586379
2022-10-21,10859.7197265625,4706440000.0,0.0204292794985217
2022-10-22,10859.7197265625,4706440000.0,0.0204292794985217
2022-10-23,10859.7197265625,4706440000.0,0.0204292794985217
2022-10-24,10952.6103515625,4808710000.0,0.0203295569088375
2022-10-25,11199.1201171875,5141760000.0,0.0186201104226011
2022-10-26,10970.990234375,5224440000.0,0.0188704716172232
2022-10-27,10792.669921875,4773520000.0,0.0189186517373368
2022-10-28,11102.4501953125,4731940000.0,0.0196709947883646
2022-10-29,11102.4501953125,4731940000.0,0.0196709947883646
2022-10-30,11102.4501953125,4731940000.0,0.0196709947883646
2022-10-31,10988.150390625,4753740000.0,0.0196736438015358
2022-11-01,10890.849609375,4677520000.0,0.0196644846001085
2022-11-02,10524.7998046875,5436420000.0,0.0203381227870641
2022-11-03,10342.9404296875,5102190000.0,0.0204212587446715
2022-11-04,10475.25,5453750000.0,0.0203706327985301
2022-11-05,10475.25,5453750000.0,0.0203706327985301
2022-11-06,10475.25,5453750000.0,0.0203706327985301
2022-11-07,10564.51953125,4456690000.0,0.020425199568398
2022-11-08,10616.2001953125,5134500000.0,0.0204430733332523
2022-11-09,10353.169921875,4977460000.0,0.020517370406516
2022-11-10,11114.150390625,6433000000.0,0.0238598094990175
2022-11-11,11323.330078125,5867750000.0,0.0238604926908854
2022-11-12,11323.330078125,5867750000.0,0.0238604926908854
2022-11-13,11323.330078125,5867750000.0,0.0238604926908854
2022-11-14,11196.2197265625,5004060000.0,0.0236721102064315
2022-11-15,11358.41015625,5617310000.0,0.0230523007152877
2022-11-16,11183.66015625,4585190000.0,0.0232330197734238
2022-11-17,11144.9599609375,4354360000.0,0.0232070251494301
2022-11-18,11146.0595703125,4175420000.0,0.0220106995051747
2022-11-19,11146.0595703125,4175420000.0,0.0220106995051747
2022-11-20,11146.0595703125,4175420000.0,0.0220106995051747
2022-11-21,11024.509765625,3977130000.0,0.0220213234211873
2022-11-22,11174.41015625,4186360000.0,0.0219953086357151
2022-11-23,11285.3203125,4431530000.0,0.0220291995325729
2022-11-24,11285.3203125,4431530000.0,0.0220291995325729
2022-11-25,11226.3603515625,2184080000.0,0.021763687857827
2022-11-26,11226.3603515625,2184080000.0,0.021763687857827
2022-11-27,11226.3603515625,2184080000.0,0.021763687857827
2022-11-28,11049.5,4271360000.0,0.0211308979304054
2022-11-29,10983.7802734375,4592830000.0,0.0203186993257962
2022-11-30,11468.0,6653460000.0,0.0216946512702361
2022-12-01,11482.4501953125,5158120000.0,0.0216022562559858
2022-12-02,11461.5,4523010000.0,0.0215572859943098
2022-12-03,11461.5,4523010000.0,0.0215572859943098
2022-12-04,11461.5,4523010000.0,0.0215572859943098
2022-12-05,11239.9404296875,4510030000.0,0.0215714208675718
2022-12-06,11014.8896484375,4713330000.0,0.0218690404162238
2022-12-07,10958.5498046875,4343860000.0,0.0214842772338341
2022-12-08,11082.0,4281800000.0,0.0212537348353669
2022-12-09,11004.6201171875,4337440000.0,0.0210674121587396
2022-12-10,11004.6201171875,4337440000.0,0.0210674121587396
2022-12-11,11004.6201171875,4337440000.0,0.0210674121587396
2022-12-12,11143.740234375,4829990000.0,0.0205446509063131
2022-12-13,11256.8095703125,6126890000.0,0.0205243620327407
2022-12-14,11170.8896484375,5485150000.0,0.0205055013748346
2022-12-15,10810.5302734375,5536070000.0,0.0204245646150416
2022-12-16,10705.41015625,7968170000.0,0.0202346250445598
2022-12-17,10705.41015625,7968170000.0,0.0202346250445598
2022-12-18,10705.41015625,7968170000.0,0.0202346250445598
2022-12-19,10546.0302734375,4631820000.0,0.0203208890561758
2022-12-20,10547.1103515625,4707190000.0,0.0202609182104068
2022-12-21,10709.3701171875,4401420000.0,0.0204361550878923
2022-12-22,10476.1201171875,5125070000.0,0.0203120805176706
2022-12-23,10497.8603515625,3544680000.0,0.0153519081302206
2022-12-24,10497.8603515625,3544680000.0,0.0153519081302206
2022-12-25,10497.8603515625,3544680000.0,0.0153519081302206
2022-12-26,10497.8603515625,3544680000.0,0.0153519081302206
2022-12-27,10353.23046875,3827290000.0,0.0149949485864617
2022-12-28,10213.2900390625,3842970000.0,0.0150451414099104
2022-12-29,10478.08984375,4154100000.0,0.0156217927633903
2022-12-30,10466.48046875,3959030000.0,0.0154345362234479
2022-12-31,10466.48046875,3959030000.0,0.0154345362234479
2023-01-01,10466.48046875,3959030000.0,0.0154345362234479
2023-01-02,10466.48046875,3959030000.0,0.0154345362234479
2023-01-03,10386.98046875,4780650000.0,0.0154648574817761
2023-01-04,10458.759765625,5085380000.0,0.0155513037466807
2023-01-05,10305.240234375,4764270000.0,0.0156416509916099
2023-01-06,10569.2900390625,5199780000.0,0.0161899177337281
2023-01-07,10569.2900390625,5199780000.0,0.0161899177337281
2023-01-08,10569.2900390625,5199780000.0,0.0161899177337281
2023-01-09,10635.650390625,5132190000.0,0.0161128109854711
2023-01-10,10742.6298828125,4710680000.0,0.0162462756872668
2023-01-11,10931.669921875,5284390000.0,0.0163657311594588
2023-01-12,11001.099609375,5681240000.0,0.0163744148616543
2023-01-13,11079.16015625,5077990000.0,0.0142934764493756
2023-01-14,11079.16015625,5077990000.0,0.0142934764493756
2023-01-15,11079.16015625,5077990000.0,0.0142934764493756
2023-01-16,11079.16015625,5077990000.0,0.0142934764493756
2023-01-17,11095.1103515625,5138410000.0,0.014294556397655
2023-01-18,10957.009765625,5288630000.0,0.0144448386557277
2023-01-19,10852.26953125,4660800000.0,0.0141282938536842
2023-01-20,11140.4296875,5980110000.0,0.0145070096348677
2023-01-21,11140.4296875,5980110000.0,0.0145070096348677
2023-01-22,11140.4296875,5980110000.0,0.0145070096348677
2023-01-23,11364.41015625,5997810000.0,0.014894208290486
2023-01-24,11334.26953125,5670860000.0,0.0147882121211317
2023-01-25,11313.3603515625,5485570000.0,0.0147247453940745
2023-01-26,11512.41015625,5732890000.0,0.0148838120640111
2023-01-27,11621.7099609375,6243800000.0,0.0148707879799655
2023-01-28,11621.7099609375,6243800000.0,0.0148707879799655
2023-01-29,11621.7099609375,6243800000.0,0.0148707879799655
2023-01-30,11393.8095703125,5122320000.0,0.0152761931560257
2023-01-31,11584.5498046875,5695150000.0,0.0141683527138551
2023-02-01,11816.3203125,6336040000.0,0.0143273497439026
2023-02-02,12200.8203125,7038210000.0,0.0148208858749161
2023-02-03,12006.9501953125,5954490000.0,0.0152842333397267
2023-02-04,12006.9501953125,5954490000.0,0.0152842333397267
2023-02-05,12006.9501953125,5954490000.0,0.0152842333397267
2023-02-06,11887.4501953125,5538350000.0,0.0153563303054506
2023-02-07,12113.7900390625,5720240000.0,0.0148200401183196
2023-02-08,11910.51953125,5052870000.0,0.0153391026719887
2023-02-09,11789.580078125,5536290000.0,0.0152040673089165
2023-02-10,11718.1201171875,4885030000.0,0.0149578840524142
2023-02-11,11718.1201171875,4885030000.0,0.0149578840524142
2023-02-12,11718.1201171875,4885030000.0,0.0149578840524142
2023-02-13,11891.7900390625,4752880000.0,0.0145572040525205
2023-02-14,11960.150390625,5032430000.0,0.0145244190031234
2023-02-15,12070.58984375,5056640000.0,0.0143661139470611
2023-02-16,11855.830078125,5159410000.0,0.0149576532837582
2023-02-17,11787.26953125,4925230000.0,0.0146515415612271
2023-02-18,11787.26953125,4925230000.0,0.0146515415612271
2023-02-19,11787.26953125,4925230000.0,0.0146515415612271
2023-02-20,11787.26953125,4925230000.0,0.0146515415612271
2023-02-21,11492.2998046875,5002540000.0,0.0150810331542638
2023-02-22,11507.0703125,4671270000.0,0.0150689284526393
2023-02-23,11590.400390625,4714580000.0,0.0150303201556876
2023-02-24,11394.9404296875,4432650000.0,0.0151671888076841
2023-02-25,11394.9404296875,4432650000.0,0.0151671888076841
2023-02-26,11394.9404296875,4432650000.0,0.0151671888076841
2023-02-27,11466.98046875,4494000000.0,0.0151668640628978
2023-02-28,11455.5400390625,5340950000.0,0.0151340246704744
2023-03-01,11379.48046875,4927530000.0,0.0152001411023815
2023-03-02,11462.98046875,5313760000.0,0.0150290234467954
2023-03-03,11689.009765625,5102210000.0,0.0152262603801073
2023-03-04,11689.009765625,5102210000.0,0.0152262603801073
2023-03-05,11689.009765625,5102210000.0,0.0152262603801073
2023-03-06,11675.740234375,4982880000.0,0.0145605831092214
2023-03-07,11530.330078125,5422820000.0,0.0143545544778135
2023-03-08,11576.0,5085970000.0,0.0143554333642988
2023-03-09,11338.349609375,5061790000.0,0.0148763066736945
2023-03-10,11138.8896484375,6193500000.0,0.0148469568054999
2023-03-11,11138.8896484375,6193500000.0,0.0148469568054999
2023-03-12,11138.8896484375,6193500000.0,0.0148469568054999
2023-03-13,11188.83984375,6201490000.0,0.0147525534400552
2023-03-14,11428.150390625,5533120000.0,0.0148728637446156
2023-03-15,11434.0498046875,5912430000.0,0.0145437491295576
2023-03-16,11717.2802734375,5498920000.0,0.0147902073867281
2023-03-17,11630.509765625,7903090000.0,0.013518312765908
2023-03-18,11630.509765625,7903090000.0,0.013518312765908
2023-03-19,11630.509765625,7903090000.0,0.013518312765908
2023-03-20,11675.5400390625,4970630000.0,0.0132720150903411
2023-03-21,11860.1103515625,4829870000.0,0.013493474462389
2023-03-22,11669.9599609375,4981590000.0,0.0133123773283424
2023-03-23,11787.400390625,4917460000.0,0.0131255203514328
2023-03-24,11823.9599609375,4363650000.0,0.0130050985950153
2023-03-25,11823.9599609375,4363650000.0,0.0130050985950153
2023-03-26,11823.9599609375,4363650000.0,0.0130050985950153
2023-03-27,11768.83984375,4330320000.0,0.0129845748789771
2023-03-28,11716.080078125,4036910000.0,0.0127121448618802
2023-03-29,11926.240234375,4493540000.0,0.0131000209149162
2023-03-30,12013.4697265625,4738880000.0,0.0130580225027393
2023-03-31,12221.91015625,5521150000.0,0.0129832652840433
2023-04-01,12221.91015625,5521150000.0,0.0129832652840433
2023-04-02,12221.91015625,5521150000.0,0.0129832652840433
2023-04-03,12189.4501953125,4816440000.0,0.0129390237302283
2023-04-04,12126.330078125,4298760000.0,0.0120074928211277
2023-04-05,11996.8603515625,4378590000.0,0.0122234963171021
2023-04-06,12087.9599609375,3862800000.0,0.0122294037195074
2023-04-07,12087.9599609375,3862800000.0,0.0122294037195074
2023-04-08,12087.9599609375,3862800000.0,0.0122294037195074
2023-04-09,12087.9599609375,3862800000.0,0.0122294037195074
2023-04-10,12084.3603515625,4334070000.0,0.0117324836469248
2023-04-11,12031.8798828125,4676960000.0,0.0117576822755041
2023-04-12,11929.33984375,4909770000.0,0.0118955816667843
2023-04-13,12166.26953125,4942990000.0,0.0122499708409215
2023-04-14,12123.4697265625,4655740000.0,0.0122546821522879
2023-04-15,12123.4697265625,4655740000.0,0.0122546821522879
2023-04-16,12123.4697265625,4655740000.0,0.0122546821522879
2023-04-17,12157.7197265625,4823180000.0,0.0117955403951173
2023-04-18,12153.41015625,4851810000.0,0.0117908142617187
2023-04-19,12157.23046875,4972700000.0,0.0114994394394859
2023-04-20,12059.5595703125,4590530000.0,0.0116292206855308
2023-04-21,12072.4599609375,4868050000.0,0.01085550340658
2023-04-22,12072.4599609375,4868050000.0,0.01085550340658
2023-04-23,12072.4599609375,4868050000.0,0.01085550340658
2023-04-24,12037.2001953125,4854050000.0,0.0102413168500587
2023-04-25,11799.16015625,4806020000.0,0.0110282736878662
2023-04-26,11854.349609375,5281970000.0,0.0104226417125344
2023-04-27,12142.240234375,5253710000.0,0.0112190385728379
2023-04-28,12226.580078125,5331380000.0,0.0104375921893228
2023-04-29,12226.580078125,5331380000.0,0.0104375921893228
2023-04-30,12226.580078125,5331380000.0,0.0104375921893228
2023-05-01,12212.599609375,5168430000.0,0.0103161424153933
2023-05-02,12080.509765625,5501410000.0,0.0105541867468345
2023-05-03,12025.330078125,5782160000.0,0.0102345941834594
2023-05-04,11966.400390625,4745780000.0,0.0098014180921432
2023-05-05,12235.41015625,4574790000.0,0.0104296183897208
2023-05-06,12235.41015625,4574790000.0,0.0104296183897208
2023-05-07,12235.41015625,4574790000.0,0.0104296183897208
2023-05-08,12256.919921875,4216360000.0,0.010424274823194
2023-05-09,12179.5498046875,4126780000.0,0.0104608506753406
2023-05-10,12306.4404296875,4948260000.0,0.0105362280716382
2023-05-11,12328.509765625,4489490000.0,0.0100864408815628
2023-05-12,12284.740234375,4170000000.0,0.0100515174415031
2023-05-13,12284.740234375,4170000000.0,0.0100515174415031
2023-05-14,12284.740234375,4170000000.0,0.0100515174415031
2023-05-15,12365.2099609375,3979290000.0,0.0096289353746956
2023-05-16,12343.0498046875,4067510000.0,0.0096207800006057
2023-05-17,12500.5703125,4501820000.0,0.0098129251906542
2023-05-18,12688.83984375,4532890000.0,0.0098728485177515
2023-05-19,12657.900390625,3935780000.0,0.0098427704236304
2023-05-20,12657.900390625,3935780000.0,0.0098427704236304
2023-05-21,12657.900390625,3935780000.0,0.0098427704236304
2023-05-22,12720.7802734375,4278920000.0,0.0098557453761491
2023-05-23,12560.25,4347440000.0,0.0101463747551949
2023-05-24,12484.16015625,4088270000.0,0.0100719290358176
2023-05-25,12698.08984375,4651640000.0,0.0099163079516278
2023-05-26,12975.6904296875,4434070000.0,0.0105276470827776
2023-05-27,12975.6904296875,4434070000.0,0.0105276470827776
2023-05-28,12975.6904296875,4434070000.0,0.0105276470827776
2023-05-29,12975.6904296875,4434070000.0,0.0105276470827776
2023-05-30,13017.4296875,4843470000.0,0.0105286002669067
2023-05-31,12935.2900390625,5905760000.0,0.010636083525979
2023-06-01,13100.98046875,4610310000.0,0.0108052124484358
2023-06-02,13240.76953125,4426760000.0,0.0107136245696155
2023-06-03,13240.76953125,4426760000.0,0.0107136245696155
2023-06-04,13240.76953125,4426760000.0,0.0107136245696155
2023-06-05,13229.4296875,4344280000.0,0.0107320595363739
2023-06-06,13276.419921875,4810910000.0,0.0106726828326114
2023-06-07,13104.900390625,5270600000.0,0.0102153877093599
2023-06-08,13238.51953125,4280160000.0,0.0102857012732348
2023-06-09,13259.1396484375,4412710000.0,0.0095468648766384
2023-06-10,13259.1396484375,4412710000.0,0.0095468648766384
2023-06-11,13259.1396484375,4412710000.0,0.0095468648766384
2023-06-12,13461.919921875,4722680000.0,0.0097819063016722
2023-06-13,13573.3203125,5522100000.0,0.0097879817280416
2023-06-14,13626.48046875,5772550000.0,0.0094027725759252
2023-06-15,13782.8203125,5667520000.0,0.0093518891311958
2023-06-16,13689.5703125,8076530000.0,0.0094233281922974
2023-06-17,13689.5703125,8076530000.0,0.0094233281922974
2023-06-18,13689.5703125,8076530000.0,0.0094233281922974
2023-06-19,13689.5703125,8076530000.0,0.0094233281922974
2023-06-20,13667.2900390625,5237710000.0,0.0088641276645466
2023-06-21,13502.2001953125,5194640000.0,0.0093207004084266
2023-06-22,13630.6103515625,4499550000.0,0.0092076722596851
2023-06-23,13492.51953125,7734500000.0,0.0094595898133171
2023-06-24,13492.51953125,7734500000.0,0.0094595898133171
2023-06-25,13492.51953125,7734500000.0,0.0094595898133171
2023-06-26,13335.7802734375,4430600000.0,0.0098347866068232
2023-06-27,13555.669921875,5053660000.0,0.0100726956927466
2023-06-28,13591.75,4533270000.0,0.0100544381511344
2023-06-29,13591.330078125,4388140000.0,0.010029654337452
2023-06-30,13787.919921875,4661120000.0,0.0100888524970945
2023-07-01,13787.919921875,4661120000.0,0.0100888524970945
2023-07-02,13787.919921875,4661120000.0,0.0100888524970945
2023-07-03,13816.76953125,2902300000.0,0.0098456797401558
2023-07-04,13816.76953125,2902300000.0,0.0098456797401558
2023-07-05,13791.650390625,5339340000.0,0.0098348327014214
2023-07-06,13679.0400390625,6113080000.0,0.0100294624082073
2023-07-07,13660.7197265625,5098120000.0,0.0096460115598817
2023-07-08,13660.7197265625,5098120000.0,0.0096460115598817
2023-07-09,13660.7197265625,5098120000.0,0.0096460115598817
2023-07-10,13685.48046875,5275390000.0,0.009502161576323
2023-07-11,13760.7001953125,4840950000.0,0.0091460840233437
2023-07-12,13918.9599609375,5230620000.0,0.0085904714765498
2023-07-13,14138.5703125,5183560000.0,0.0089278126895138
2023-07-14,14113.7001953125,5366890000.0,0.0088056351822534
2023-07-15,14113.7001953125,5366890000.0,0.0088056351822534
2023-07-16,14113.7001953125,5366890000.0,0.0088056351822534
2023-07-17,14244.9501953125,4593160000.0,0.0086942260673618
2023-07-18,14353.6396484375,4824070000.0,0.0086178158534265
2023-07-19,14358.01953125,5112420000.0,0.008603925544486
2023-07-20,14063.3095703125,5128020000.0,0.0096082394568563
2023-07-21,14032.8095703125,5254180000.0,0.0092239678187785
2023-07-22,14032.8095703125,5254180000.0,0.0092239678187785
2023-07-23,14032.8095703125,5254180000.0,0.0092239678187785
2023-07-24,14058.8701171875,4083070000.0,0.0091036412476655
2023-07-25,14144.5595703125,3812470000.0,0.0091333333928474
2023-07-26,14127.2802734375,4322000000.0,0.008812127655402
2023-07-27,14050.1103515625,5115840000.0,0.0088119981162685
2023-07-28,14316.66015625,4453520000.0,0.0093737823152819
2023-07-29,14316.66015625,4453520000.0,0.0093737823152819
2023-07-30,14316.66015625,4453520000.0,0.0093737823152819
2023-07-31,14346.01953125,4934440000.0,0.0091916964860919
2023-08-01,14283.91015625,4633770000.0,0.0091276940581866
2023-08-02,13973.4501953125,5481960000.0,0.010069084525659
2023-08-03,13959.7197265625,6036970000.0,0.0097782825868235
2023-08-04,13909.240234375,5349450000.0,0.0096841953952122
2023-08-05,13909.240234375,5349450000.0,0.0096841953952122
2023-08-06,13909.240234375,5349450000.0,0.0096841953952122
2023-08-07,13994.400390625,4892330000.0,0.0095094964747781
2023-08-08,13884.3203125,5284550000.0,0.0093561996808763
2023-08-09,13722.01953125,5591360000.0,0.0092075995325281
2023-08-10,13737.990234375,5299080000.0,0.0091990356184073
2023-08-11,13644.849609375,4638880000.0,0.0092914986785108
2023-08-12,13644.849609375,4638880000.0,0.0092914986785108
2023-08-13,13644.849609375,4638880000.0,0.0092914986785108
2023-08-14,13788.330078125,4272020000.0,0.0091110607407104
2023-08-15,13631.0498046875,4473320000.0,0.0093374887487623
2023-08-16,13474.6298828125,6243760000.0,0.0095528445392318
2023-08-17,13316.9296875,5280180000.0,0.0096701754969636
2023-08-18,13290.7802734375,4801910000.0,0.0096718437236088
2023-08-19,13290.7802734375,4801910000.0,0.0096718437236088
2023-08-20,13290.7802734375,4801910000.0,0.0096718437236088
2023-08-21,13497.58984375,4363070000.0,0.0101143075310547
2023-08-22,13505.8701171875,4282430000.0,0.010054562798298
2023-08-23,13721.0302734375,4127850000.0,0.0102647457680343
2023-08-24,13463.9697265625,4383820000.0,0.0103313491292114
2023-08-25,13590.650390625,3970060000.0,0.0105243608505724
2023-08-26,13590.650390625,3970060000.0,0.0105243608505724
2023-08-27,13590.650390625,3970060000.0,0.0105243608505724
2023-08-28,13705.1298828125,3666680000.0,0.0104955974067675
2023-08-29,13943.759765625,4748180000.0,0.0109174576080107
2023-08-30,14019.3095703125,4364600000.0,0.0109774403578098
2023-08-31,14034.9697265625,4568610000.0,0.0103133784544242
2023-09-01,14031.8095703125,4033960000.0,0.0103058066942015
2023-09-02,14031.8095703125,4033960000.0,0.0103058066942015
2023-09-03,14031.8095703125,4033960000.0,0.0103058066942015
2023-09-04,14031.8095703125,4033960000.0,0.0103058066942015
2023-09-05,14020.9501953125,4379790000.0,0.0103006424788299
2023-09-06,13872.4697265625,4215320000.0,0.0104073609721115
2023-09-07,13748.830078125,4320830000.0,0.010517200674308
2023-09-08,13761.5302734375,4160360000.0,0.0104861242076993
2023-09-09,13761.5302734375,4160360000.0,0.0104861242076993
2023-09-10,13761.5302734375,4160360000.0,0.0104861242076993
2023-09-11,13917.8896484375,4538870000.0,0.0100875565681224
2023-09-12,13773.6103515625,4595490000.0,0.0102161657014505
2023-09-13,13813.58984375,4840310000.0,0.0102287739999
2023-09-14,13926.0498046875,4649010000.0,0.0095665504091925
2023-09-15,13708.330078125,8162210000.0,0.0099840507331441
2023-09-16,13708.330078125,8162210000.0,0.0099840507331441
2023-09-17,13708.330078125,8162210000.0,0.0099840507331441
2023-09-18,13710.240234375,4855880000.0,0.009968465040428
2023-09-19,13678.1904296875,4453460000.0,0.0098950863230888
2023-09-20,13469.1298828125,4782440000.0,0.0101726832091144
2023-09-21,13223.98046875,5014890000.0,0.0104804066140067
2023-09-22,13211.8095703125,4302700000.0,0.0104708832702465
2023-09-23,13211.8095703125,4302700000.0,0.0104708832702465
2023-09-24,13211.8095703125,4302700000.0,0.0104708832702465
2023-09-25,13271.3203125,4100290000.0,0.0104693651807111
2023-09-26,13063.6103515625,4693540000.0,0.0105806492678571
2023-09-27,13092.849609375,4841410000.0,0.0104436357267622
2023-09-28,13201.2802734375,4648390000.0,0.0104021248991642
2023-09-29,13219.3203125,5138500000.0,0.0101936286238914
2023-09-30,13219.3203125,5138500000.0,0.0101936286238914
2023-10-01,13219.3203125,5138500000.0,0.0101936286238914
2023-10-02,13307.76953125,4554700000.0,0.0102650203133836
2023-10-03,13059.4697265625,4684310000.0,0.0103986679939125
2023-10-04,13236.009765625,4308070000.0,0.0107293941328285
2023-10-05,13219.830078125,4167470000.0,0.0102681083776559
2023-10-06,13431.33984375,4309420000.0,0.0101672410585268
2023-10-07,13431.33984375,4309420000.0,0.0101672410585268
2023-10-08,13431.33984375,4309420000.0,0.0101672410585268
2023-10-09,13484.240234375,3835930000.0,0.0100407758827071
2023-10-10,13562.83984375,4301350000.0,0.0099750494443826
2023-10-11,13659.6796875,4160440000.0,0.009518949235401
2023-10-12,13574.2197265625,4858620000.0,0.0095001218486078
2023-10-13,13407.23046875,4251550000.0,0.0097099236057747
2023-10-14,13407.23046875,4251550000.0,0.0097099236057747
2023-10-15,13407.23046875,4251550000.0,0.0097099236057747
2023-10-16,13567.98046875,4308690000.0,0.0100143424405416
2023-10-17,13533.75,4417640000.0,0.0100173609514284
2023-10-18,13314.2998046875,4617140000.0,0.0102544547455016
2023-10-19,13186.1796875,5014790000.0,0.0102735514780619
2023-10-20,12983.8095703125,4622840000.0,0.0105774154213125
2023-10-21,12983.8095703125,4622840000.0,0.0105774154213125
2023-10-22,12983.8095703125,4622840000.0,0.0105774154213125
2023-10-23,13018.330078125,4669060000.0,0.0103189918770525
2023-10-24,13139.8701171875,4604720000.0,0.0104065486180708
2023-10-25,12821.2197265625,4599850000.0,0.0111781263914443
2023-10-26,12595.6103515625,4894900000.0,0.0113291952995601
2023-10-27,12643.009765625,4172100000.0,0.0111508684419731
2023-10-28,12643.009765625,4172100000.0,0.0111508684419731
2023-10-29,12643.009765625,4172100000.0,0.0111508684419731
2023-10-30,12789.48046875,4149320000.0,0.0114404394376558
2023-10-31,12851.240234375,4315630000.0,0.0115143405217552
2023-11-01,13061.4697265625,4545120000.0,0.0116988592486235
2023-11-02,13294.1904296875,4962950000.0,0.0117062862759866
2023-11-03,13478.2802734375,4918750000.0,0.0119625865154527
2023-11-04,13478.2802734375,4918750000.0,0.0119625865154527
2023-11-05,13478.2802734375,4918750000.0,0.0119625865154527
2023-11-06,13518.7802734375,4345850000.0,0.0119492012301116
2023-11-07,13639.8603515625,4354460000.0,0.0116273258644397
2023-11-08,13650.41015625,4685550000.0,0.0116269356965235
2023-11-09,13521.4501953125,5313970000.0,0.0117169112268806
2023-11-10,13798.1103515625,4722140000.0,0.0122440671329159
2023-11-11,13798.1103515625,4722140000.0,0.0122440671329159
2023-11-12,13798.1103515625,4722140000.0,0.0122440671329159
2023-11-13,13767.740234375,4349590000.0,0.0122202560243537
2023-11-14,14094.3798828125,5332490000.0,0.0122761246240231
2023-11-15,14103.83984375,5063830000.0,0.0121058207493496
2023-11-16,14113.669921875,4545180000.0,0.0120926227217735
2023-11-17,14125.48046875,4408640000.0,0.0118139548409312
2023-11-18,14125.48046875,4408640000.0,0.0118139548409312
2023-11-19,14125.48046875,4408640000.0,0.0118139548409312
2023-11-20,14284.5302734375,4561810000.0,0.0119355538510929
2023-11-21,14199.98046875,4128600000.0,0.0119960995827155
2023-11-22,14265.8603515625,3855240000.0,0.0119647381440562
2023-11-23,14265.8603515625,3855240000.0,0.0119647381440562
2023-11-24,14250.849609375,2541840000.0,0.0118862198025432
2023-11-25,14250.849609375,2541840000.0,0.0118862198025432
2023-11-26,14250.849609375,2541840000.0,0.0118862198025432
2023-11-27,14241.01953125,4205880000.0,0.0115996162265798
2023-11-28,14281.759765625,4474400000.0,0.0114497444823721
2023-11-29,14258.490234375,4890220000.0,0.0114394861306211
2023-11-30,14226.2197265625,5678070000.0,0.0109501824090032
2023-12-01,14305.0302734375,5607000000.0,0.0107310588030892
2023-12-02,14305.0302734375,5607000000.0,0.0107310588030892
2023-12-03,14305.0302734375,5607000000.0,0.0107310588030892
2023-12-04,14185.490234375,6270020000.0,0.0103900685285237
2023-12-05,14229.91015625,6179120000.0,0.0103899628544196
2023-12-06,14146.7099609375,5167030000.0,0.0104401083261225
2023-12-07,14339.990234375,5694310000.0,0.0092964267041757
2023-12-08,14403.9697265625,5430840000.0,0.0083640545887533
2023-12-09,14403.9697265625,5430840000.0,0.0083640545887533
2023-12-10,14403.9697265625,5430840000.0,0.0083640545887533
2023-12-11,14432.490234375,5607820000.0,0.0083755927180316
2023-12-12,14533.400390625,4950100000.0,0.0082831552104009
2023-12-13,14733.9599609375,6732040000.0,0.0084607980368038
2023-12-14,14761.5595703125,8033170000.0,0.0081793319561649
2023-12-15,14813.919921875,8377630000.0,0.0077666855888532
2023-12-16,14813.919921875,8377630000.0,0.0077666855888532
2023-12-17,14813.919921875,8377630000.0,0.0077666855888532
2023-12-18,14904.8095703125,5866080000.0,0.0075447221446246
2023-12-19,15003.2197265625,5757180000.0,0.0075672300567949
2023-12-20,14777.9404296875,6294700000.0,0.008216377090795
2023-12-21,14963.8701171875,5465640000.0,0.0083999818799438
2023-12-22,14992.9697265625,4796600000.0,0.0080633468476102
2023-12-23,14992.9697265625,4796600000.0,0.0080633468476102
2023-12-24,14992.9697265625,4796600000.0,0.0080633468476102
2023-12-25,14992.9697265625,4796600000.0,0.0080633468476102
2023-12-26,15074.5703125,6120600000.0,0.0074266869175025
2023-12-27,15099.1796875,7480170000.0,0.0073677100670131
2023-12-28,15095.1396484375,5090570000.0,0.006301829678855
2023-12-29,15011.349609375,5441060000.0,0.00645792337572
2023-12-30,15011.349609375,5441060000.0,0.00645792337572
2023-12-31,15011.349609375,5441060000.0,0.00645792337572
2024-01-01,15011.349609375,5441060000.0,0.00645792337572
2024-01-02,14765.9404296875,5791170000.0,0.0072925045046249
2024-01-03,14592.2099609375,5449950000.0,0.0076888393083631
2024-01-04,14510.2998046875,5289220000.0,0.0075378901275889
2024-01-05,14524.0703125,5232820000.0,0.0074386054626639
2024-01-06,14524.0703125,5232820000.0,0.0074386054626639
2024-01-07,14524.0703125,5232820000.0,0.0074386054626639
2024-01-08,14843.76953125,6337770000.0,0.008349474232612
2024-01-09,14857.7099609375,5068410000.0,0.008337837129845
2024-01-10,14969.650390625,4404590000.0,0.0084013625795161
2024-01-11,14970.1904296875,5044690000.0,0.0084033291528703
2024-01-12,14972.759765625,4958940000.0,0.008386088698754
2024-01-13,14972.759765625,4958940000.0,0.008386088698754
2024-01-14,14972.759765625,4958940000.0,0.008386088698754
2024-01-15,14972.759765625,4958940000.0,0.008386088698754
2024-01-16,14944.349609375,6386180000.0,0.0083804829493071
2024-01-17,14855.6201171875,5181740000.0,0.0084587848122262
2024-01-18,15055.650390625,5587440000.0,0.0085356397576008
2024-01-19,15310.9697265625,5604950000.0,0.0089544560951705
2024-01-20,15310.9697265625,5604950000.0,0.0089544560951705
2024-01-21,15310.9697265625,5604950000.0,0.0089544560951705
2024-01-22,15360.2900390625,5456240000.0,0.0088164607495188
2024-01-23,15425.9404296875,5207680000.0,0.0085830274885961
2024-01-24,15481.919921875,4983210000.0,0.008577636214652
2024-01-25,15510.5,5281570000.0,0.0085779008775354
2024-01-26,15455.3603515625,4510530000.0,0.0085999910887781
2024-01-27,15455.3603515625,4510530000.0,0.0085999910887781
2024-01-28,15455.3603515625,4510530000.0,0.0085999910887781
2024-01-29,15628.0400390625,4979310000.0,0.0084910891319958
2024-01-30,15509.900390625,4719240000.0,0.008668426367043
2024-01-31,15164.009765625,5875610000.0,0.0097176885555142
2024-02-01,15361.6396484375,5046920000.0,0.0099249416309272
2024-02-02,15628.9501953125,4800690000.0,0.0103151455006427
2024-02-03,15628.9501953125,4800690000.0,0.0103151455006427
2024-02-04,15628.9501953125,4800690000.0,0.0103151455006427
2024-02-05,15597.6796875,4831020000.0,0.009859847124201
2024-02-06,15609.0,4759640000.0,0.0096512378690548
2024-02-07,15756.6396484375,4567580000.0,0.0097613114977912
2024-02-08,15793.7099609375,5675850000.0,0.0097364440937915
2024-02-09,15990.66015625,5797260000.0,0.0099356256486825
2024-02-10,15990.66015625,5797260000.0,0.0099356256486825
2024-02-11,15990.66015625,5797260000.0,0.0099356256486825
2024-02-12,15942.5498046875,5458490000.0,0.009968985346433
2024-02-13,15655.599609375,5599860000.0,0.0105397901820562
2024-02-14,15859.150390625,5092660000.0,0.010180305705861
2024-02-15,15906.169921875,6049100000.0,0.0098198594119774
2024-02-16,15775.650390625,5223800000.0,0.0099089619418703
2024-02-17,15775.650390625,5223800000.0,0.0099089619418703
2024-02-18,15775.650390625,5223800000.0,0.0099089619418703
2024-02-19,15775.650390625,5223800000.0,0.0099089619418703
2024-02-20,15630.7802734375,5595700000.0,0.0101453389121434
2024-02-21,15580.8701171875,4845740000.0,0.0095095994022065
2024-02-22,16041.6201171875,5653930000.0,0.0107532166910035
2024-02-23,15996.8203125,5077910000.0,0.0107541824377684
2024-02-24,15996.8203125,5077910000.0,0.0107541824377684
2024-02-25,15996.8203125,5077910000.0,0.0107541824377684
2024-02-26,15976.25,5417630000.0,0.0107661175521386
2024-02-27,16035.2998046875,5423020000.0,0.0107627792094876
2024-02-28,15947.740234375,5581690000.0,0.0108303162926002
2024-02-29,16091.919921875,6265340000.0,0.010787719880453
2024-03-01,16274.9404296875,5457910000.0,0.0107233952330867
2024-03-02,16274.9404296875,5457910000.0,0.0107233952330867
2024-03-03,16274.9404296875,5457910000.0,0.0107233952330867
2024-03-04,16207.509765625,5725470000.0,0.0104442686109524
2024-03-05,15939.58984375,6356800000.0,0.0109751451192474
2024-03-06,16031.5400390625,5511370000.0,0.0109926517726444
2024-03-07,16273.3798828125,5072790000.0,0.0112678035926177
2024-03-08,16085.1103515625,5411790000.0,0.0115261301135373
2024-03-09,16085.1103515625,5411790000.0,0.0115261301135373
2024-03-10,16085.1103515625,5411790000.0,0.0115261301135373
2024-03-11,16019.26953125,4917620000.0,0.0115342668252715
2024-03-12,16265.6396484375,5100330000.0,0.0116813156724984
2024-03-13,16177.76953125,4839000000.0,0.011630751186415
2024-03-14,16128.5302734375,5450980000.0,0.0107576342689574
2024-03-15,15973.169921875,8261950000.0,0.010760804801813
2024-03-16,15973.169921875,8261950000.0,0.010760804801813
2024-03-17,15973.169921875,8261950000.0,0.010760804801813
2024-03-18,16103.4501953125,5025040000.0,0.0104178260635468
2024-03-19,16166.7900390625,4758740000.0,0.0104151890475541
2024-03-20,16369.41015625,5298380000.0,0.0106152213309228
2024-03-21,16401.83984375,5134740000.0,0.01051243904437
2024-03-22,16428.8203125,4339930000.0,0.0105108847873913
2024-03-23,16428.8203125,4339930000.0,0.0105108847873913
2024-03-24,16428.8203125,4339930000.0,0.0105108847873913
2024-03-25,16384.470703125,4636940000.0,0.0103218603218491
2024-03-26,16315.7001953125,5144260000.0,0.0103393838659164
2024-03-27,16399.51953125,4768930000.0,0.009724749777871
2024-03-28,16379.4599609375,5174450000.0,0.0094946024204341
2024-03-29,16379.4599609375,5174450000.0,0.0094946024204341
2024-03-30,16379.4599609375,5174450000.0,0.0094946024204341
2024-03-31,16379.4599609375,5174450000.0,0.0094946024204341
2024-04-01,16396.830078125,4798390000.0,0.0094879337761547
2024-04-02,16240.4501953125,4710280000.0,0.0095361593014756
2024-04-03,16277.4599609375,5151500000.0,0.0093414290163847
2024-04-04,16049.080078125,5368700000.0,0.0097301344463756
2024-04-05,16248.51953125,4578130000.0,0.0084538653595306
2024-04-06,16248.51953125,4578130000.0,0.0084538653595306
2024-04-07,16248.51953125,4578130000.0,0.0084538653595306
2024-04-08,16253.9599609375,4386700000.0,0.0084319918714516
2024-04-09,16306.6396484375,4869190000.0,0.0084387879748064
2024-04-10,16170.3603515625,5308250000.0,0.0085774845486311
2024-04-11,16442.19921875,4714750000.0,0.0090073538470855
2024-04-12,16175.08984375,4552740000.0,0.009414393284177
2024-04-13,16175.08984375,4552740000.0,0.009414393284177
2024-04-14,16175.08984375,4552740000.0,0.009414393284177
2024-04-15,15885.01953125,4910550000.0,0.0097399626630876
2024-04-16,15865.25,5001860000.0,0.0097199931186634
2024-04-17,15683.3701171875,4991470000.0,0.009471191409019
2024-04-18,15601.5,4932540000.0,0.0094318164908332
2024-04-19,15282.009765625,5316010000.0,0.0096072897242575
2024-04-20,15282.009765625,5316010000.0,0.0096072897242575
2024-04-21,15282.009765625,5316010000.0,0.0096072897242575
2024-04-22,15451.3095703125,4616730000.0,0.0097211007813618
2024-04-23,15696.6396484375,4951670000.0,0.0101910957413509
2024-04-24,15712.75,4735870000.0,0.0097449105190551
2024-04-25,15611.759765625,4743640000.0,0.0097622728976009
2024-04-26,15927.900390625,4694400000.0,0.0104937358014277
2024-04-27,15927.900390625,4694400000.0,0.0104937358014277
2024-04-28,15927.900390625,4694400000.0,0.0104937358014277
2024-04-29,15983.080078125,4972520000.0,0.0103672511375427
2024-04-30,15657.8203125,5229400000.0,0.0109030436870152
2024-05-01,15605.48046875,5277790000.0,0.010872050966099
2024-05-02,15840.9599609375,4901610000.0,0.010990190765779
2024-05-03,16156.330078125,4887310000.0,0.011620048951382
2024-05-04,16156.330078125,4887310000.0,0.011620048951382
2024-05-05,16156.330078125,4887310000.0,0.011620048951382
2024-05-06,16349.25,4460130000.0,0.0118332296408486
2024-05-07,16332.5595703125,5041870000.0,0.0118247558337991
2024-05-08,16302.759765625,4530190000.0,0.0118042641731357
2024-05-09,16346.259765625,4505120000.0,0.0117757648849674
2024-05-10,16340.8701171875,4402110000.0,0.0117739755763001
2024-05-11,16340.8701171875,4402110000.0,0.0117739755763001
2024-05-12,16340.8701171875,4402110000.0,0.0117739755763001
2024-05-13,16388.240234375,4452750000.0,0.0117848537721602
2024-05-14,16511.1796875,7270240000.0,0.0117187168999464
2024-05-15,16742.390625,8538990000.0,0.0119674768210118
2024-05-16,16698.3203125,11932600000.0,0.0116481559942207
2024-05-17,16685.970703125,9587280000.0,0.0114645186871193
2024-05-18,16685.970703125,9587280000.0,0.0114645186871193
2024-05-19,16685.970703125,9587280000.0,0.0114645186871193
2024-05-20,16794.869140625,6861320000.0,0.0115095579846074
2024-05-21,16832.619140625,6245090000.0,0.0115046131179975
2024-05-22,16801.5390625,7277340000.0,0.011380613634603
2024-05-23,16736.029296875,7752800000.0,0.0110356476461785
2024-05-24,16920.7890625,5836040000.0,0.0107106200632823
2024-05-25,16920.7890625,5836040000.0,0.0107106200632823
2024-05-26,16920.7890625,5836040000.0,0.0107106200632823
2024-05-27,16920.7890625,5836040000.0,0.0107106200632823
2024-05-28,17019.880859375,6293380000.0,0.0100728794922626
2024-05-29,16920.580078125,6652480000.0,0.0101634845123873
2024-05-30,16737.080078125,6659290000.0,0.0101350280706144
2024-05-31,16735.01953125,6674090000.0,0.0100489164868713
2024-06-01,16735.01953125,6674090000.0,0.0100489164868713
2024-06-02,16735.01953125,6674090000.0,0.0100489164868713
2024-06-03,16828.669921875,5422040000.0,0.0090699031496746
2024-06-04,16857.05078125,4917350000.0,0.008952295261216
2024-06-05,17187.900390625,5325000000.0,0.0091575435070697
2024-06-06,17173.119140625,4960580000.0,0.0091781962376203
2024-06-07,17133.130859375,4755650000.0,0.0090626951434684
2024-06-08,17133.130859375,4755650000.0,0.0090626951434684
2024-06-09,17133.130859375,4755650000.0,0.0090626951434684
2024-06-10,17192.529296875,5207110000.0,0.0084803200142828
2024-06-11,17343.55078125,5009220000.0,0.0085545389924297
2024-06-12,17608.439453125,5560630000.0,0.0076388549904535
2024-06-13,17667.560546875,4916020000.0,0.0075161770139916
2024-06-14,17688.880859375,4973820000.0,0.0072470219824489
2024-06-15,17688.880859375,4973820000.0,0.0072470219824489
2024-06-16,17688.880859375,4973820000.0,0.0072470219824489
2024-06-17,17857.01953125,6061200000.0,0.0066847024034613
2024-06-18,17862.23046875,5796180000.0,0.0065068763192859
2024-06-19,17862.23046875,5796180000.0,0.0065068763192859
2024-06-20,17721.58984375,6289300000.0,0.0067678802851768
2024-06-21,17689.359375,8589160000.0,0.0067677445409015
2024-06-22,17689.359375,8589160000.0,0.0067677445409015
2024-06-23,17689.359375,8589160000.0,0.0067677445409015
2024-06-24,17496.8203125,5503210000.0,0.0072130790099639
2024-06-25,17717.650390625,4848280000.0,0.0074327587135432
2024-06-26,17805.16015625,5294310000.0,0.0074438811308917
2024-06-27,17858.6796875,5382060000.0,0.0073909061623477
2024-06-28,17732.599609375,8960940000.0,0.0072778660653369
2024-06-29,17732.599609375,8960940000.0,0.0072778660653369
2024-06-30,17732.599609375,8960940000.0,0.0072778660653369
2024-07-01,17879.30078125,5189990000.0,0.0073141003312257
2024-07-02,18028.759765625,4526550000.0,0.0073721366091419
2024-07-03,18188.30078125,3713960000.0,0.0074262735722478
2024-07-04,18188.30078125,3713960000.0,0.0074262735722478
2024-07-05,18352.759765625,4851000000.0,0.0075152693482394
2024-07-06,18352.759765625,4851000000.0,0.0075152693482394
2024-07-07,18352.759765625,4851000000.0,0.0075152693482394
2024-07-08,18403.740234375,5286260000.0,0.0074621434716848
2024-07-09,18429.2890625,4839140000.0,0.007354113088707
2024-07-10,18647.44921875,5228240000.0,0.0073841959917059
2024-07-11,18283.41015625,6366620000.0,0.0084682531409293
2024-07-12,18398.44921875,5845930000.0,0.0083499941221377
2024-07-13,18398.44921875,5845930000.0,0.0083499941221377
2024-07-14,18398.44921875,5845930000.0,0.0083499941221377
2024-07-15,18472.5703125,5450350000.0,0.0079404628600504
2024-07-16,18509.33984375,5812930000.0,0.0079185051434222
2024-07-17,17996.919921875,6007280000.0,0.0097623102277846
2024-07-18,17871.220703125,5977260000.0,0.0099072358269767
2024-07-19,17726.939453125,4992930000.0,0.0094983852964823
2024-07-20,17726.939453125,4992930000.0,0.0094983852964823
2024-07-21,17726.939453125,4992930000.0,0.0094983852964823
2024-07-22,18007.5703125,5093620000.0,0.0098594737742085
2024-07-23,17997.349609375,4938000000.0,0.0098405795311514
2024-07-24,17342.41015625,6735560000.0,0.0121039429780019
2024-07-25,17181.720703125,6114350000.0,0.0121178214700781
2024-07-26,17357.880859375,5281560000.0,0.011931974668304
2024-07-27,17357.880859375,5281560000.0,0.011931974668304
2024-07-28,17357.880859375,5281560000.0,0.011931974668304
2024-07-29,17370.19921875,4897230000.0,0.0119124665978807
2024-07-30,17147.419921875,5564310000.0,0.0121170398162858
2024-07-31,17599.400390625,6292560000.0,0.0129593855753222
2024-08-01,17194.150390625,6664550000.0,0.0136098693201744
2024-08-02,16776.16015625,6313870000.0,0.014218803966862
2024-08-03,16776.16015625,6313870000.0,0.014218803966862
2024-08-04,16776.16015625,6313870000.0,0.014218803966862
2024-08-05,16200.080078125,6852190000.0,0.0154508135090938
2024-08-06,16366.849609375,5908930000.0,0.0155557674919336
2024-08-07,16195.8095703125,5913620000.0,0.0153693009587716
2024-08-08,16660.01953125,5815880000.0,0.0163434137378607
2024-08-09,16745.30078125,5783410000.0,0.0163710730154967
2024-08-10,16745.30078125,5783410000.0,0.0163710730154967
2024-08-11,16745.30078125,5783410000.0,0.0163710730154967
2024-08-12,16780.609375,4890850000.0,0.0163614534354365
2024-08-13,17187.609375,5469160000.0,0.0169372603998144
2024-08-14,17192.599609375,4985480000.0,0.0168428374136754
2024-08-15,17594.5,5478170000.0,0.0173419267948566
2024-08-16,17631.720703125,5138150000.0,0.0172488354536317
2024-08-17,17631.720703125,5138150000.0,0.0172488354536317
2024-08-18,17631.720703125,5138150000.0,0.0172488354536317
2024-08-19,17876.76953125,5564300000.0,0.0174557325803933
2024-08-20,17816.939453125,5305260000.0,0.0174551256676887
2024-08-21,17918.990234375,4765150000.0,0.0173354568631464
2024-08-22,17619.349609375,5065360000.0,0.0172386993338916
2024-08-23,17877.7890625,5380810000.0,0.0174285308645544
2024-08-24,17877.7890625,5380810000.0,0.0174285308645544
2024-08-25,17877.7890625,5380810000.0,0.0174285308645544
2024-08-26,17725.76953125,5110940000.0,0.0174556784626348
2024-08-27,17754.8203125,4362380000.0,0.0174534636159861
2024-08-28,17556.029296875,5211920000.0,0.0168255661731615
2024-08-29,17516.4296875,5727780000.0,0.0167876877520886
2024-08-30,17713.619140625,5531150000.0,0.0168624854320326
2024-08-31,17713.619140625,5531150000.0,0.0168624854320326
2024-09-01,17713.619140625,5531150000.0,0.0168624854320326
2024-09-02,17713.619140625,5531150000.0,0.0168624854320326
2024-09-03,17136.30078125,5813970000.0,0.0176314790885282
2024-09-04,17084.30078125,5011820000.0,0.0176320065371306
2024-09-05,17127.66015625,4983030000.0,0.0163297882717999
2024-09-06,16690.830078125,5549030000.0,0.0169086486266638
2024-09-07,16690.830078125,5549030000.0,0.0169086486266638
2024-09-08,16690.830078125,5549030000.0,0.0169086486266638
2024-09-09,16884.599609375,5132150000.0,0.0169409520176859
2024-09-10,17025.880859375,4963740000.0,0.0170232314960048
2024-09-11,17395.529296875,6086930000.0,0.0173255962013897
2024-09-12,17569.6796875,4983120000.0,0.016747862444898
2024-09-13,17683.98046875,4802880000.0,0.0161964166709811
2024-09-14,17683.98046875,4802880000.0,0.0161964166709811
2024-09-15,17683.98046875,4802880000.0,0.0161964166709811
2024-09-16,17592.130859375,4675530000.0,0.0155141267248384
2024-09-17,17628.060546875,4959520000.0,0.0138967163710555
2024-09-18,17573.30078125,5611630000.0,0.0138644750788829
2024-09-19,18013.98046875,5574650000.0,0.0142258003205347
2024-09-20,17948.3203125,9914480000.0,0.0134881533859251
2024-09-21,17948.3203125,9914480000.0,0.0134881533859251
2024-09-22,17948.3203125,9914480000.0,0.0134881533859251
2024-09-23,17974.26953125,5237310000.0,0.0134801625653048
2024-09-24,18074.51953125,5347580000.0,0.0134926713062874
2024-09-25,18082.2109375,4858060000.0,0.0128700152911064
2024-09-26,18190.2890625,5669210000.0,0.0128903365676221
2024-09-27,18119.58984375,5367890000.0,0.0122855652560268
2024-09-28,18119.58984375,5367890000.0,0.0122855652560268
2024-09-29,18119.58984375,5367890000.0,0.0122855652560268
2024-09-30,18189.169921875,5846150000.0,0.0122950403975222
2024-10-01,17910.359375,5879980000.0,0.0124071092900607
2024-10-02,17925.119140625,5489040000.0,0.0123908897836435
2024-10-03,17918.48046875,5208990000.0,0.012347314246361
2024-10-04,18137.849609375,5136070000.0,0.0121156553495199
2024-10-05,18137.849609375,5136070000.0,0.0121156553495199
2024-10-06,18137.849609375,5136070000.0,0.0121156553495199
2024-10-07,17923.900390625,5240320000.0,0.0120537109182457
2024-10-08,18182.919921875,5566510000.0,0.0122122112777386
2024-10-09,18291.619140625,5228670000.0,0.0122472905446431
2024-10-10,18282.05078125,5855390000.0,0.0120318841795402
2024-10-11,18342.939453125,5140440000.0,0.0120173082791295
2024-10-12,18342.939453125,5140440000.0,0.0120173082791295
2024-10-13,18342.939453125,5140440000.0,0.0120173082791295
2024-10-14,18502.689453125,4894710000.0,0.0119560604196541
2024-10-15,18315.58984375,6522700000.0,0.0102831116147727
2024-10-16,18367.080078125,5257570000.0,0.0102353253237604
2024-10-17,18373.609375,5806860000.0,0.0102421653356443
2024-10-18,18489.55078125,5090190000.0,0.0087680296952213
2024-10-19,18489.55078125,5090190000.0,0.0087680296952213
2024-10-20,18489.55078125,5090190000.0,0.0087680296952213
2024-10-21,18540.009765625,6092180000.0,0.0086328153263246
2024-10-22,18579.76953125,6407180000.0,0.0085776718979427
2024-10-23,18276.650390625,6245610000.0,0.0085416663971453
2024-10-24,18415.490234375,5761280000.0,0.0084722220336392
2024-10-25,18518.609375,6100040000.0,0.0084557784350259
2024-10-26,18518.609375,6100040000.0,0.0084557784350259
2024-10-27,18518.609375,6100040000.0,0.0084557784350259
2024-10-28,18567.189453125,5641660000.0,0.0083607131532171
2024-10-29,18712.75,6881170000.0,0.0084325064704989
2024-10-30,18607.9296875,6514690000.0,0.0084969547721553
2024-10-31,18095.150390625,6411940000.0,0.0090393738506737
2024-11-01,18239.919921875,5896470000.0,0.0091194732746875
2024-11-02,18239.919921875,5896470000.0,0.0091194732746875
2024-11-03,18239.919921875,5896470000.0,0.0091194732746875
2024-11-04,18179.98046875,5762320000.0,0.0091441845114698
2024-11-05,18439.169921875,7060340000.0,0.009441923744657
2024-11-06,18983.470703125,8138050000.0,0.0107733954804243
2024-11-07,19269.4609375,9232670000.0,0.0110205632843883
2024-11-08,19286.779296875,7316010000.0,0.0109679689056918
2024-11-09,19286.779296875,7316010000.0,0.0109679689056918
2024-11-10,19286.779296875,7316010000.0,0.0109679689056918
2024-11-11,19298.759765625,8087930000.0,0.0109659543450307
2024-11-12,19281.400390625,7816410000.0,0.010479913986251
2024-11-13,19230.720703125,9623670000.0,0.0105174279116379
2024-11-14,19107.650390625,8680480000.0,0.0106286705997254
2024-11-15,18680.119140625,8002270000.0,0.0113696442115407
2024-11-16,18680.119140625,8002270000.0,0.0113696442115407
2024-11-17,18680.119140625,8002270000.0,0.0113696442115407
2024-11-18,18791.810546875,8455360000.0,0.0111385161853054
2024-11-19,18987.470703125,7246610000.0,0.011003780172508
2024-11-20,18966.140625,7121670000.0,0.0109794886280466
2024-11-21,18972.419921875,7492540000.0,0.0109759534941466
2024-11-22,19003.650390625,6575820000.0,0.010969208807363
2024-11-23,19003.650390625,6575820000.0,0.010969208807363
2024-11-24,19003.650390625,6575820000.0,0.010969208807363
2024-11-25,19054.83984375,7932980000.0,0.0108823558064774
2024-11-26,19174.30078125,6411770000.0,0.0107140768183238
2024-11-27,19060.48046875,5619090000.0,0.0107970635060304
2024-11-28,19060.48046875,5619090000.0,0.0107970635060304
2024-11-29,19218.169921875,4042550000.0,0.0108706005825837
2024-11-30,19218.169921875,4042550000.0,0.0108706005825837
2024-12-01,19218.169921875,4042550000.0,0.0108706005825837
2024-12-02,19403.94921875,6370530000.0,0.0109380163475271
2024-12-03,19480.91015625,6005160000.0,0.0109446705595906
2024-12-04,19735.119140625,7870030000.0,0.0111381021785425
2024-12-05,19700.259765625,7229510000.0,0.0106090223079735
2024-12-06,19859.76953125,6787610000.0,0.0106175818412735
2024-12-07,19859.76953125,6787610000.0,0.0106175818412735
2024-12-08,19859.76953125,6787610000.0,0.0106175818412735
2024-12-09,19736.689453125,7884620000.0,0.010718150134114
2024-12-10,19687.240234375,6843850000.0,0.0107508076165925
2024-12-11,20034.890625,6639720000.0,0.0110738116226368
2024-12-12,19902.83984375,7047550000.0,0.0110997419100001
2024-12-13,19926.720703125,6028250000.0,0.0095312318265024
2024-12-14,19926.720703125,6028250000.0,0.0095312318265024
2024-12-15,19926.720703125,6028250000.0,0.0095312318265024
2024-12-16,20173.890625,8855040000.0,0.009638833821498
2024-12-17,20109.060546875,9534350000.0,0.0096371097054701
2024-12-18,19392.689453125,9996120000.0,0.0118366123839805
2024-12-19,19372.76953125,8029590000.0,0.0106492684084373
2024-12-20,19572.599609375,10962450000.0,0.0104652773090924
2024-12-21,19572.599609375,10962450000.0,0.0104652773090924
2024-12-22,19572.599609375,10962450000.0,0.0104652773090924
2024-12-23,19764.880859375,6820720000.0,0.0106009723541003
2024-12-24,20031.130859375,4739190000.0,0.0108460137884122
2024-12-25,20031.130859375,4739190000.0,0.0108460137884122
2024-12-26,20020.359375,6467910000.0,0.0108437501151079
2024-12-27,19722.029296875,7765120000.0,0.0112256354776237
2024-12-28,19722.029296875,7765120000.0,0.0112256354776237
2024-12-29,19722.029296875,7765120000.0,0.0112256354776237
2024-12-30,19486.7890625,8384090000.0,0.0113950170870308
2024-12-31,19310.7890625,8873030000.0,0.0106866143335286
2025-01-01,19310.7890625,8873030000.0,0.0106866143335286
2025-01-02,19280.7890625,8737550000.0,0.0106569423356477
2025-01-03,19621.6796875,8214050000.0,0.0109535359807015
2025-01-04,19621.6796875,8214050000.0,0.0109535359807015
2025-01-05,19621.6796875,8214050000.0,0.0109535359807015
2025-01-06,19864.98046875,9586840000.0,0.011133263979001
2025-01-07,19489.6796875,13371130000.0,0.0117525748879654
2025-01-08,19478.880859375,8851720000.0,0.0117546052575824
2025-01-09,19478.880859375,8851720000.0,0.0117546052575824
2025-01-10,19161.630859375,8608880000.0,0.0121607876870454
2025-01-11,19161.630859375,8608880000.0,0.0121607876870454
2025-01-12,19161.630859375,8608880000.0,0.0121607876870454
2025-01-13,19088.099609375,7830760000.0,0.0121268375314586
2025-01-14,19044.390625,7168110000.0,0.0120847673606016
2025-01-15,19511.23046875,7260250000.0,0.0127930561372385
2025-01-16,19338.2890625,7085990000.0,0.0127849213774954
2025-01-17,19630.19921875,7996360000.0,0.0130614040330948
2025-01-18,19630.19921875,7996360000.0,0.0130614040330948
2025-01-19,19630.19921875,7996360000.0,0.0130614040330948
2025-01-20,19630.19921875,7996360000.0,0.0130614040330948
2025-01-21,19756.779296875,8015780000.0,0.0128955212328943
2025-01-22,20009.33984375,7219060000.0,0.0130947854444322
2025-01-23,20053.6796875,6837700000.0,0.013021901336284
2025-01-24,19954.30078125,7708150000.0,0.0130022536594793
2025-01-25,19954.30078125,7708150000.0,0.0130022536594793
2025-01-26,19954.30078125,7708150000.0,0.0130022536594793
2025-01-27,19341.830078125,8870200000.0,0.014217310310705
2025-01-28,19733.58984375,7121740000.0,0.0143362260707128
2025-01-29,19632.3203125,6497710000.0,0.0143171546074268
2025-01-30,19681.75,6679500000.0,0.0143244116652507
2025-01-31,19627.439453125,7947370000.0,0.0141251831136239
2025-02-01,19627.439453125,7947370000.0,0.0141251831136239
2025-02-02,19627.439453125,7947370000.0,0.0141251831136239
2025-02-03,19391.9609375,8272460000.0,0.0142666857935823
2025-02-04,19654.01953125,6477050000.0,0.0128719802447936
2025-02-05,19692.330078125,6712220000.0,0.0128716936655124
2025-02-06,19791.990234375,6642100000.0,0.0127707729864978
2025-02-07,19523.400390625,7748940000.0,0.0128920083707308
2025-02-08,19523.400390625,7748940000.0,0.0128920083707308
2025-02-09,19523.400390625,7748940000.0,0.0128920083707308
2025-02-10,19714.26953125,9535440000.0,0.0127740010838551
2025-02-11,19643.859375,9269380000.0,0.012786105923535
2025-02-12,19649.94921875,7946550000.0,0.0124945638556549
2025-02-13,19945.640625,8414510000.0,0.0125791185566893
2025-02-14,20026.76953125,7995720000.0,0.0124524343519474
2025-02-15,20026.76953125,7995720000.0,0.0124524343519474
2025-02-16,20026.76953125,7995720000.0,0.0124524343519474
2025-02-17,20026.76953125,7995720000.0,0.0124524343519474
2025-02-18,20041.259765625,8683170000.0,0.0124419126789767
2025-02-19,20056.25,8171530000.0,0.0120580841263125
2025-02-20,19962.359375,7329270000.0,0.0118930233212352
2025-02-21,19524.009765625,8461020000.0,0.0120798680411276
2025-02-22,19524.009765625,8461020000.0,0.0120798680411276
2025-02-23,19524.009765625,8461020000.0,0.0120798680411276
2025-02-24,19286.9296875,7414760000.0,0.0122861896865608
2025-02-25,19026.390625,7991440000.0,0.0121690534231903
2025-02-26,19075.259765625,7034450000.0,0.0121597766333411
2025-02-27,18544.419921875,7700290000.0,0.0132035330798997
2025-02-28,18847.279296875,8247520000.0,0.0127512502062716
2025-03-01,18847.279296875,8247520000.0,0.0127512502062716
2025-03-02,18847.279296875,8247520000.0,0.0127512502062716
2025-03-03,18350.189453125,8170140000.0,0.0135171119723307
2025-03-04,18285.16015625,8469180000.0,0.0131444891975309
2025-03-05,18552.73046875,7048430000.0,0.0134118011598889
2025-03-06,18069.259765625,7686200000.0,0.0138182313640948
2025-03-07,18196.220703125,8135420000.0,0.0139126328167655
2025-03-08,18196.220703125,8135420000.0,0.0139126328167655
2025-03-09,18196.220703125,8135420000.0,0.0139126328167655
2025-03-10,17468.3203125,8636040000.0,0.0155142505085751
2025-03-11,17436.099609375,9177320000.0,0.0146724029355872
2025-03-12,17648.44921875,7746430000.0,0.0143003375208123
2025-03-13,17303.009765625,7147050000.0,0.0145966226350235
2025-03-14,17754.08984375,7093850000.0,0.0155500425921177
2025-03-15,17754.08984375,7093850000.0,0.0155500425921177
2025-03-16,17754.08984375,7093850000.0,0.0155500425921177
2025-03-17,17808.66015625,6306340000.0,0.0155951334498488
2025-03-18,17504.119140625,6450530000.0,0.015724351750886
2025-03-19,17750.7890625,6302310000.0,0.015745745453338
2025-03-20,17691.630859375,6098330000.0,0.0157134437036775
2025-03-21,17784.05078125,8837930000.0,0.0157165400532026
2025-03-22,17784.05078125,8837930000.0,0.0157165400532026
2025-03-23,17784.05078125,8837930000.0,0.0157165400532026
2025-03-24,18188.58984375,6787790000.0,0.0162912861153967
2025-03-25,18271.859375,6475790000.0,0.0161861258562123
2025-03-26,17899.01953125,9091510000.0,0.0165195533628157
2025-03-27,17804.029296875,8002470000.0,0.0165114539185619
2025-03-28,17322.990234375,7015410000.0,0.0167077111697086
2025-03-29,17322.990234375,7015410000.0,0.0167077111697086
2025-03-30,17322.990234375,7015410000.0,0.0167077111697086
2025-03-31,17299.2890625,8122180000.0,0.0166388384575503
2025-04-01,17449.890625,7756540000.0,0.0167936016994856
2025-04-02,17601.05078125,9126630000.0,0.0169412863985009
2025-04-03,16550.609375,9461330000.0,0.0199008545804226
2025-04-04,15587.7900390625,11038180000.0,0.0220231647709636
2025-04-05,15587.7900390625,11038180000.0,0.0220231647709636
2025-04-06,15587.7900390625,11038180000.0,0.0220231647709636
2025-04-07,15603.259765625,12483580000.0,0.0220577265385304
2025-04-08,15267.91015625,10496650000.0,0.0221902461176869
2025-04-09,17124.970703125,13479740000.0,0.0314452721164546
2025-04-10,16387.310546875,11861670000.0,0.0319997221923115
2025-04-11,16724.4609375,9444890000.0,0.0320998200146659
2025-04-12,16724.4609375,9444890000.0,0.0320998200146659
2025-04-13,16724.4609375,9444890000.0,0.0320998200146659
2025-04-14,16831.48046875,9667260000.0,0.0318590805341593
2025-04-15,16823.169921875,7483050000.0,0.0318617489537035
2025-04-16,16307.16015625,7909190000.0,0.0320968838200861
2025-04-17,16286.4501953125,7046290000.0,0.0318269051605774
2025-04-18,16286.4501953125,7046290000.0,0.0318269051605774
2025-04-19,16286.4501953125,7046290000.0,0.0318269051605774
2025-04-20,16286.4501953125,7046290000.0,0.0318269051605774
2025-04-21,15870.900390625,6678730000.0,0.0320189384469151
2025-04-22,16300.419921875,6981900000.0,0.0317539532639447
2025-04-23,16708.05078125,8564870000.0,0.0321348118836054
2025-04-24,17166.0390625,7607400000.0,0.0324656440635922
2025-04-25,17382.939453125,7412930000.0,0.0323548892978897
2025-04-26,17382.939453125,7412930000.0,0.0323548892978897
2025-04-27,17382.939453125,7412930000.0,0.0323548892978897
2025-04-28,17366.130859375,10313290000.0,0.0319921252815464
2025-04-29,17461.3203125,13001930000.0,0.0320049503311947
2025-04-30,17446.33984375,8595330000.0,0.0318514750825303
2025-05-01,17710.740234375,8409690000.0,0.0318680415314279
2025-05-02,17977.73046875,8180190000.0,0.0319783954915072
2025-05-03,17977.73046875,8180190000.0,0.0319783954915072
2025-05-04,17977.73046875,8180190000.0,0.0319783954915072
2025-05-05,17844.240234375,7075320000.0,0.0319981212618331
2025-05-06,17689.66015625,6958220000.0,0.0317516738255516
2025-05-07,17738.16015625,7977870000.0,0.0317425111274665
2025-05-08,17928.140625,8500390000.0,0.0315887871664682
2025-05-09,17928.919921875,8835140000.0,0.0315724888036136
2025-05-10,17928.919921875,8835140000.0,0.0315724888036136
2025-05-11,17928.919921875,8835140000.0,0.0315724888036136
2025-05-12,18708.33984375,10717670000.0,0.0320413612071702
2025-05-13,19010.08984375,9242230000.0,0.0321246556073618
2025-05-14,19146.810546875,11744820000.0,0.0321169195165142
2025-05-15,19112.3203125,10546350000.0,0.032111416038332
2025-05-16,19211.099609375,10509820000.0,0.0297278378931325
2025-05-17,19211.099609375,10509820000.0,0.0297278378931325
2025-05-18,19211.099609375,10509820000.0,0.0297278378931325
2025-05-19,19215.4609375,13080030000.0,0.0271127358910041
2025-05-20,19142.7109375,9047100000.0,0.0271631720189054
2025-05-21,18872.640625,11112460000.0,0.0269244111359933
2025-05-22,18925.740234375,8289710000.0,0.0176357370467524
2025-05-23,18737.2109375,8730370000.0,0.0154426377917857
2025-05-24,18737.2109375,8730370000.0,0.0154426377917857
2025-05-25,18737.2109375,8730370000.0,0.0154426377917857
2025-05-26,18737.2109375,8730370000.0,0.0154426377917857
2025-05-27,19199.16015625,93974540000.0,0.0156006576409019
2025-05-28,19100.939453125,8087530000.0,0.0156965917139656
2025-05-29,19175.869140625,11016850000.0,0.0156715913153912
2025-05-30,19113.76953125,9042260000.0,0.0142549188862832
2025-05-31,19113.76953125,9042260000.0,0.0142549188862832
2025-06-01,19113.76953125,9042260000.0,0.0142549188862832
2025-06-02,19242.609375,7779940000.0,0.0142025869218125
2025-06-03,19398.9609375,7990230000.0,0.0129073270906202
2025-06-04,19460.490234375,7695660000.0,0.0123523376791069
2025-06-05,19298.44921875,8782360000.0,0.0120898657893859
2025-06-06,19529.94921875,7291590000.0,0.0114279391232272
2025-06-07,19529.94921875,7291590000.0,0.0114279391232272
2025-06-08,19529.94921875,7291590000.0,0.0114279391232272
2025-06-09,19591.240234375,9538700000.0,0.0113222109337484
2025-06-10,19714.990234375,11221560000.0,0.0112902445229372
2025-06-11,19615.880859375,10214190000.0,0.0114128032610977
2025-06-12,19662.490234375,16308730000.0,0.011381763148895
2025-06-13,19406.830078125,9001850000.0,0.0115962420536161
2025-06-14,19406.830078125,9001850000.0,0.0115962420536161
2025-06-15,19406.830078125,9001850000.0,0.0115962420536161
2025-06-16,19701.2109375,9619130000.0,0.0115995304475947
2025-06-17,19521.08984375,8519930000.0,0.0116577690735469
2025-06-18,19546.26953125,7818790000.0,0.0114530932219521
2025-06-19,19546.26953125,7818790000.0,0.0114530932219521
2025-06-20,19447.41015625,9969140000.0,0.0115552097518588
2025-06-21,19447.41015625,9969140000.0,0.0115552097518588
2025-06-22,19447.41015625,9969140000.0,0.0115552097518588
2025-06-23,19630.970703125,9088000000.0,0.0115289663784665
2025-06-24,19912.529296875,8330090000.0,0.0116926012178266
2025-06-25,19973.55078125,8256120000.0,0.0090735958762443
2025-06-26,20167.91015625,8383380000.0,0.0088113605032681
2025-06-27,20273.4609375,10951070000.0,0.0087788928447826
2025-06-28,20273.4609375,10951070000.0,0.0087788928447826
2025-06-29,20273.4609375,10951070000.0,0.0087788928447826
2025-06-30,20369.73046875,8220420000.0,0.0087648106577033
2025-07-01,20202.890625,8631710000.0,0.0089438202307069
2025-07-02,20393.130859375,8378750000.0,0.0090479147114644
2025-07-03,20601.099609375,6177910000.0,0.0090988501441399
2025-07-04,20601.099609375,6177910000.0,0.0090988501441399
2025-07-05,20601.099609375,6177910000.0,0.0090988501441399
2025-07-06,20601.099609375,6177910000.0,0.0090988501441399
2025-07-07,20412.51953125,8345710000.0,0.0088243170179264
2025-07-08,20418.4609375,8437480000.0,0.0088343717366268
2025-07-09,20611.33984375,9978310000.0,0.008591673451455
