date,sp500_stockprice,sp500_volume,sp500_volatility
2014-09-17,2001.5699462890625,3209420000.0,0.0
2014-09-18,2011.3599853515625,3235340000.0,0.0
2014-09-19,2010.4000244140625,4880220000.0,0.0
2014-09-20,2010.4000244140625,4880220000.0,0.0
2014-09-21,2010.4000244140625,4880220000.0,0.0
2014-09-22,1994.2900390625,3349670000.0,0.0
2014-09-23,1982.77001953125,3279350000.0,0.0
2014-09-24,1998.300048828125,3313850000.0,0.0
2014-09-25,1965.989990234375,3273050000.0,0.0
2014-09-26,1982.8499755859373,2929440000.0,0.0
2014-09-27,1982.8499755859373,2929440000.0,0.0
2014-09-28,1982.8499755859373,2929440000.0,0.0
2014-09-29,1977.800048828125,3094440000.0,0.0
2014-09-30,1972.2900390625,3951100000.0,0.0
2014-10-01,1946.1600341796875,4188590000.0,0.0
2014-10-02,1946.1700439453125,4012510000.0,0.0
2014-10-03,1967.9000244140625,3560970000.0,0.0
2014-10-04,1967.9000244140625,3560970000.0,0.0
2014-10-05,1967.9000244140625,3560970000.0,0.0
2014-10-06,1964.8199462890625,3358220000.0,0.0
2014-10-07,1935.0999755859373,3687870000.0,0.0
2014-10-08,1968.8900146484373,4441890000.0,0.0
2014-10-09,1928.2099609375,4344020000.0,0.0
2014-10-10,1906.1300048828125,4550540000.0,0.0
2014-10-11,1906.1300048828125,4550540000.0,0.0
2014-10-12,1906.1300048828125,4550540000.0,0.0
2014-10-13,1874.739990234375,4352580000.0,0.0
2014-10-14,1877.699951171875,4812010000.0,0.0
2014-10-15,1862.489990234375,6090800000.0,0.0
2014-10-16,1862.760009765625,5073150000.0,0.0
2014-10-17,1886.760009765625,4482120000.0,0.0
2014-10-18,1886.760009765625,4482120000.0,0.0
2014-10-19,1886.760009765625,4482120000.0,0.0
2014-10-20,1904.010009765625,3331210000.0,0.0
2014-10-21,1941.280029296875,3987090000.0,0.0
2014-10-22,1927.1099853515625,3761930000.0,0.0
2014-10-23,1950.8199462890625,3789250000.0,0.0
2014-10-24,1964.5799560546875,3078380000.0,0.0
2014-10-25,1964.5799560546875,3078380000.0,0.0
2014-10-26,1964.5799560546875,3078380000.0,0.0
2014-10-27,1961.6300048828125,3538860000.0,0.0
2014-10-28,1985.050048828125,3653260000.0,0.0
2014-10-29,1982.300048828125,3740350000.0,0.010670085989217
2014-10-30,1994.6500244140625,3586150000.0,0.0106952097326497
2014-10-31,2018.050048828125,4292290000.0,0.010914838434534
2014-11-01,2018.050048828125,4292290000.0,0.010914838434534
2014-11-02,2018.050048828125,4292290000.0,0.010914838434534
2014-11-03,2017.81005859375,3555440000.0,0.0108055832100864
2014-11-04,2012.0999755859373,3956260000.0,0.0107605955355463
2014-11-05,2023.5699462890625,3766590000.0,0.0107178327122288
2014-11-06,2031.2099609375,3669770000.0,0.0102545668517658
2014-11-07,2031.9200439453125,3704280000.0,0.0101579153629753
2014-11-08,2031.9200439453125,3704280000.0,0.0101579153629753
2014-11-09,2031.9200439453125,3704280000.0,0.0101579153629753
2014-11-10,2038.260009765625,3284940000.0,0.010145856398287
2014-11-11,2039.6800537109373,2958320000.0,0.0101208423946754
2014-11-12,2038.25,3246650000.0,0.0097547538225365
2014-11-13,2039.3299560546875,3455270000.0,0.0097523755103082
2014-11-14,2039.8199462890625,3227130000.0,0.0095860037334006
2014-11-15,2039.8199462890625,3227130000.0,0.0095860037334006
2014-11-16,2039.8199462890625,3227130000.0,0.0095860037334006
2014-11-17,2041.3199462890625,3152890000.0,0.0095723297909351
2014-11-18,2051.800048828125,3416190000.0,0.0090696530208291
2014-11-19,2048.719970703125,3390850000.0,0.0086098071166963
2014-11-20,2052.75,3128290000.0,0.0075196104457857
2014-11-21,2063.5,3916420000.0,0.0070838318606354
2014-11-22,2063.5,3916420000.0,0.0070838318606354
2014-11-23,2063.5,3916420000.0,0.0070838318606354
2014-11-24,2069.409912109375,3128060000.0,0.0060802685054924
2014-11-25,2067.030029296875,3392940000.0,0.0061270363820864
2014-11-26,2072.830078125,2745260000.0,0.0057426346278006
2014-11-27,2072.830078125,2745260000.0,0.0057426346278006
2014-11-28,2067.56005859375,2504640000.0,0.0058184281348432
2014-11-29,2067.56005859375,2504640000.0,0.0058184281348432
2014-11-30,2067.56005859375,2504640000.0,0.0058184281348432
2014-12-01,2053.43994140625,4159010000.0,0.0058387664239939
2014-12-02,2066.550048828125,3686650000.0,0.0057580938679575
2014-12-03,2074.330078125,3612680000.0,0.004831815393095
2014-12-04,2071.919921875,3408340000.0,0.0045342425492654
2014-12-05,2075.3701171875,3419620000.0,0.0041388291294337
2014-12-06,2075.3701171875,3419620000.0,0.0041388291294337
2014-12-07,2075.3701171875,3419620000.0,0.0041388291294337
2014-12-08,2060.31005859375,3800990000.0,0.0043653399275769
2014-12-09,2059.820068359375,3970150000.0,0.0043405180590222
2014-12-10,2026.1400146484373,4114440000.0,0.0050610934188257
2014-12-11,2035.3299560546875,3917950000.0,0.0050927373517814
2014-12-12,2002.3299560546875,4157650000.0,0.0058825169424812
2014-12-13,2002.3299560546875,4157650000.0,0.0058825169424812
2014-12-14,2002.3299560546875,4157650000.0,0.0058825169424812
2014-12-15,1989.6300048828125,4361990000.0,0.0055763044125573
2014-12-16,1972.739990234375,4958680000.0,0.0057658980788824
2014-12-17,2012.8900146484373,4942370000.0,0.0068958761756734
2014-12-18,2061.22998046875,4703380000.0,0.0080912426859802
2014-12-19,2070.64990234375,6465530000.0,0.0081031580276735
2014-12-20,2070.64990234375,6465530000.0,0.0081031580276735
2014-12-21,2070.64990234375,6465530000.0,0.0081031580276735
2014-12-22,2078.5400390625,3369520000.0,0.0081233822240756
2014-12-23,2082.169921875,3043950000.0,0.0081135051542473
2014-12-24,2081.8798828125,1416980000.0,0.0081149896411701
2014-12-25,2081.8798828125,1416980000.0,0.0081149896411701
2014-12-26,2088.77001953125,1735230000.0,0.0081243795168034
2014-12-27,2088.77001953125,1735230000.0,0.0081243795168034
2014-12-28,2088.77001953125,1735230000.0,0.0081243795168034
2014-12-29,2090.570068359375,2452360000.0,0.0081242019841932
2014-12-30,2080.35009765625,2440280000.0,0.00819095181258
2014-12-31,2058.89990234375,2606070000.0,0.0084343122877372
2015-01-01,2058.89990234375,2606070000.0,0.0084343122877372
2015-01-02,2058.199951171875,2708700000.0,0.0083851499122468
2015-01-03,2058.199951171875,2708700000.0,0.0083851499122468
2015-01-04,2058.199951171875,2708700000.0,0.0083851499122468
2015-01-05,2020.5799560546875,3799120000.0,0.0090420499525352
2015-01-06,2002.6099853515625,4460110000.0,0.009159382881805
2015-01-07,2025.9000244140625,3805480000.0,0.0093743250972471
2015-01-08,2062.139892578125,3934010000.0,0.009940340054926
2015-01-09,2044.81005859375,3364140000.0,0.0100548798737692
2015-01-10,2044.81005859375,3364140000.0,0.0100548798737692
2015-01-11,2044.81005859375,3364140000.0,0.0100548798737692
2015-01-12,2028.260009765625,3456460000.0,0.0101340199970664
2015-01-13,2023.030029296875,4107300000.0,0.0101342465997948
2015-01-14,2011.27001953125,4378680000.0,0.0101146255917543
2015-01-15,1992.6700439453125,4276720000.0,0.010141850042281
2015-01-16,2019.4200439453125,4056410000.0,0.0104497852637584
2015-01-17,2019.4200439453125,4056410000.0,0.0104497852637584
2015-01-18,2019.4200439453125,4056410000.0,0.0104497852637584
2015-01-19,2019.4200439453125,4056410000.0,0.0104497852637584
2015-01-20,2022.550048828125,3944340000.0,0.0104591053235399
2015-01-21,2032.1199951171875,3730070000.0,0.0104987865100817
2015-01-22,2063.14990234375,4176050000.0,0.0108084299727649
2015-01-23,2051.820068359375,3573560000.0,0.0108559021957899
2015-01-24,2051.820068359375,3573560000.0,0.0108559021957899
2015-01-25,2051.820068359375,3573560000.0,0.0108559021957899
2015-01-26,2057.090087890625,3465760000.0,0.0104143463339948
2015-01-27,2029.550048828125,3329810000.0,0.0106897881237563
2015-01-28,2002.1600341796875,4067530000.0,0.0105561849188642
2015-01-29,2021.25,4127140000.0,0.0106233919131261
2015-01-30,1994.989990234375,4568650000.0,0.010788342623732
2015-01-31,1994.989990234375,4568650000.0,0.010788342623732
2015-02-01,1994.989990234375,4568650000.0,0.010788342623732
2015-02-02,2020.8499755859373,4008330000.0,0.0104036858518291
2015-02-03,2050.030029296875,4615900000.0,0.0097922259433567
2015-02-04,2041.510009765625,4141920000.0,0.0097760992560219
2015-02-05,2062.52001953125,3821990000.0,0.0099423515010249
2015-02-06,2055.469970703125,4232970000.0,0.0099512310954774
2015-02-07,2055.469970703125,4232970000.0,0.0099512310954774
2015-02-08,2055.469970703125,4232970000.0,0.0099512310954774
2015-02-09,2046.739990234375,3549540000.0,0.0099754387649809
2015-02-10,2068.590087890625,3669850000.0,0.010161006237248
2015-02-11,2068.530029296875,3596860000.0,0.0101587256260365
2015-02-12,2088.47998046875,3788350000.0,0.0102791053128653
2015-02-13,2096.989990234375,3527450000.0,0.0101072897008199
2015-02-14,2096.989990234375,3527450000.0,0.0101072897008199
2015-02-15,2096.989990234375,3527450000.0,0.0101072897008199
2015-02-16,2096.989990234375,3527450000.0,0.0101072897008199
2015-02-17,2100.340087890625,3361750000.0,0.0101071894740938
2015-02-18,2099.679931640625,3370020000.0,0.009444651321255
2015-02-19,2097.449951171875,3247100000.0,0.0092586473072039
2015-02-20,2110.300048828125,3281600000.0,0.0091074010279763
2015-02-21,2110.300048828125,3281600000.0,0.0091074010279763
2015-02-22,2110.300048828125,3281600000.0,0.0091074010279763
2015-02-23,2109.659912109375,3093680000.0,0.0085689119940566
2015-02-24,2115.47998046875,3199840000.0,0.0083965298277121
2015-02-25,2113.860107421875,3312340000.0,0.0082223747737841
2015-02-26,2110.739990234375,3408690000.0,0.0082064870818938
2015-02-27,2104.5,3547380000.0,0.0081355534954697
2015-02-28,2104.5,3547380000.0,0.0081355534954697
2015-03-01,2104.5,3547380000.0,0.0081355534954697
2015-03-02,2117.389892578125,3409490000.0,0.0079132829169528
2015-03-03,2107.780029296875,3262300000.0,0.007702604194784
2015-03-04,2098.530029296875,3421110000.0,0.0077755540044731
2015-03-05,2101.0400390625,3103030000.0,0.0077475612049935
2015-03-06,2071.260009765625,3853570000.0,0.0077713365877745
2015-03-07,2071.260009765625,3853570000.0,0.0077713365877745
2015-03-08,2071.260009765625,3853570000.0,0.0077713365877745
2015-03-09,2079.429931640625,3349090000.0,0.0077262385834049
2015-03-10,2044.1600341796875,3668900000.0,0.0083497709080773
2015-03-11,2040.239990234375,3406570000.0,0.0079746737942803
2015-03-12,2065.949951171875,3405860000.0,0.0078446027104542
2015-03-13,2053.39990234375,3498560000.0,0.0077818544489422
2015-03-14,2053.39990234375,3498560000.0,0.0077818544489422
2015-03-15,2053.39990234375,3498560000.0,0.0077818544489422
2015-03-16,2081.18994140625,3295600000.0,0.0076890375850075
2015-03-17,2074.280029296875,3221840000.0,0.0074200340001844
2015-03-18,2099.5,4128210000.0,0.0072893867563277
2015-03-19,2089.27001953125,3305220000.0,0.0073074360016073
2015-03-20,2108.10009765625,5554120000.0,0.0072543194102506
2015-03-21,2108.10009765625,5554120000.0,0.0072543194102506
2015-03-22,2108.10009765625,5554120000.0,0.0072543194102506
2015-03-23,2104.419921875,3267960000.0,0.0072276316545137
2015-03-24,2091.5,3189820000.0,0.0072815179761636
2015-03-25,2061.050048828125,3521140000.0,0.0075545754424303
2015-03-26,2056.14990234375,3510670000.0,0.0075657693893896
2015-03-27,2061.02001953125,3008550000.0,0.0073550746859847
2015-03-28,2061.02001953125,3008550000.0,0.0073550746859847
2015-03-29,2061.02001953125,3008550000.0,0.0073550746859847
2015-03-30,2086.239990234375,2917690000.0,0.0076680322125053
2015-03-31,2067.889892578125,3376550000.0,0.0078201010263579
2015-04-01,2059.68994140625,3543270000.0,0.0078452907620188
2015-04-02,2066.9599609375,3095960000.0,0.0078813894529228
2015-04-03,2066.9599609375,3095960000.0,0.0078813894529228
2015-04-04,2066.9599609375,3095960000.0,0.0078813894529228
2015-04-05,2066.9599609375,3095960000.0,0.0078813894529228
2015-04-06,2080.6201171875,3302970000.0,0.0078956920951412
2015-04-07,2076.330078125,3065510000.0,0.0079009361645127
2015-04-08,2081.89990234375,3265330000.0,0.0078998579633026
2015-04-09,2091.179931640625,3172360000.0,0.0079517390708769
2015-04-10,2102.06005859375,3156200000.0,0.0080123504417855
2015-04-11,2102.06005859375,3156200000.0,0.0080123504417855
2015-04-12,2102.06005859375,3156200000.0,0.0080123504417855
2015-04-13,2092.429931640625,2908420000.0,0.0080376641229592
2015-04-14,2095.840087890625,3301270000.0,0.0079578578162493
2015-04-15,2106.6298828125,4013760000.0,0.0079776664118204
2015-04-16,2104.989990234375,3434120000.0,0.0079364052806135
2015-04-17,2081.179931640625,3627600000.0,0.00820406806276
2015-04-18,2081.179931640625,3627600000.0,0.00820406806276
2015-04-19,2081.179931640625,3627600000.0,0.00820406806276
2015-04-20,2100.39990234375,3000160000.0,0.0079418508573083
2015-04-21,2097.2900390625,3243410000.0,0.0079217790106473
2015-04-22,2107.9599609375,3348480000.0,0.0072491229484401
2015-04-23,2112.929931640625,3636670000.0,0.0072312489534923
2015-04-24,2117.68994140625,3375780000.0,0.006911112159499
2015-04-25,2117.68994140625,3375780000.0,0.006911112159499
2015-04-26,2117.68994140625,3375780000.0,0.006911112159499
2015-04-27,2108.919921875,3438750000.0,0.0068528986911505
2015-04-28,2114.760009765625,3546270000.0,0.0064434697621932
2015-04-29,2106.85009765625,4074970000.0,0.0064526311240771
2015-04-30,2085.510009765625,4509680000.0,0.0063562406762082
2015-05-01,2108.2900390625,3379390000.0,0.0066034678760872
2015-05-02,2108.2900390625,3379390000.0,0.0066034678760872
2015-05-03,2108.2900390625,3379390000.0,0.0066034678760872
2015-05-04,2114.489990234375,3091580000.0,0.0064195797938475
2015-05-05,2089.4599609375,3793950000.0,0.0067784535327155
2015-05-06,2080.14990234375,3792210000.0,0.0067343744424368
2015-05-07,2088.0,3676640000.0,0.0061858076960168
2015-05-08,2116.10009765625,3399440000.0,0.0065936155662238
2015-05-09,2116.10009765625,3399440000.0,0.0065936155662238
2015-05-10,2116.10009765625,3399440000.0,0.0065936155662238
2015-05-11,2105.330078125,2992670000.0,0.006679062410096
2015-05-12,2099.1201171875,3139520000.0,0.0063471643405506
2015-05-13,2098.47998046875,3374260000.0,0.0061150593715146
2015-05-14,2121.10009765625,3225740000.0,0.0063300238100523
2015-05-15,2122.72998046875,3092080000.0,0.0063117999550355
2015-05-16,2122.72998046875,3092080000.0,0.0063117999550355
2015-05-17,2122.72998046875,3092080000.0,0.0063117999550355
2015-05-18,2129.199951171875,2888190000.0,0.0062341365982053
2015-05-19,2127.830078125,3296030000.0,0.006217246297123
2015-05-20,2125.85009765625,3025880000.0,0.0062148939461387
2015-05-21,2130.820068359375,3070460000.0,0.0061828114359014
2015-05-22,2126.06005859375,2571860000.0,0.0061423278939992
2015-05-23,2126.06005859375,2571860000.0,0.0061423278939992
2015-05-24,2126.06005859375,2571860000.0,0.0061423278939992
2015-05-25,2126.06005859375,2571860000.0,0.0061423278939992
2015-05-26,2104.199951171875,3342130000.0,0.0063872087941921
2015-05-27,2123.47998046875,3127960000.0,0.0065888174354111
2015-05-28,2120.7900390625,2980350000.0,0.0065348599531668
2015-05-29,2107.389892578125,3927390000.0,0.006642212133255
2015-05-30,2107.389892578125,3927390000.0,0.006642212133255
2015-05-31,2107.389892578125,3927390000.0,0.006642212133255
2015-06-01,2111.72998046875,3011710000.0,0.0062896773170524
2015-06-02,2109.60009765625,3049350000.0,0.0060748057684655
2015-06-03,2114.070068359375,3099980000.0,0.0060770889634319
2015-06-04,2095.840087890625,3200050000.0,0.0062180542901882
2015-06-05,2092.830078125,3243690000.0,0.0062030151775364
2015-06-06,2092.830078125,3243690000.0,0.0062030151775364
2015-06-07,2092.830078125,3243690000.0,0.0062030151775364
2015-06-08,2079.280029296875,2917150000.0,0.0062831203690811
2015-06-09,2080.14990234375,3034580000.0,0.0062496412178314
2015-06-10,2105.199951171875,3414320000.0,0.006627873715537
2015-06-11,2108.860107421875,3128600000.0,0.0066008398964972
2015-06-12,2094.110107421875,2719400000.0,0.0064558133994333
2015-06-13,2094.110107421875,2719400000.0,0.0064558133994333
2015-06-14,2094.110107421875,2719400000.0,0.0064558133994333
2015-06-15,2084.429931640625,3061570000.0,0.0061821219762947
2015-06-16,2096.2900390625,2919900000.0,0.0062525475532013
2015-06-17,2100.43994140625,3222240000.0,0.005864628398211
2015-06-18,2121.239990234375,3520360000.0,0.006053618338651
2015-06-19,2109.989990234375,4449810000.0,0.0061192943231581
2015-06-20,2109.989990234375,4449810000.0,0.0061192943231581
2015-06-21,2109.989990234375,4449810000.0,0.0061192943231581
2015-06-22,2122.85009765625,3030020000.0,0.0057158656928207
2015-06-23,2124.199951171875,3091190000.0,0.0056309324035479
2015-06-24,2108.580078125,3102480000.0,0.005775213990851
2015-06-25,2102.31005859375,3214610000.0,0.0058030265561926
2015-06-26,2101.489990234375,5025470000.0,0.0054425302762897
2015-06-27,2101.489990234375,5025470000.0,0.0054425302762897
2015-06-28,2101.489990234375,5025470000.0,0.0054425302762897
2015-06-29,2057.639892578125,3678960000.0,0.0066270830827409
2015-06-30,2063.110107421875,4078540000.0,0.0066192103421255
2015-07-01,2077.419921875,3727260000.0,0.0067771096656242
2015-07-02,2076.780029296875,2996540000.0,0.0067776462342022
2015-07-03,2076.780029296875,2996540000.0,0.0067776462342022
2015-07-04,2076.780029296875,2996540000.0,0.0067776462342022
2015-07-05,2076.780029296875,2996540000.0,0.0067776462342022
2015-07-06,2068.760009765625,3486360000.0,0.0067740214470394
2015-07-07,2081.340087890625,4458660000.0,0.0068896328513842
2015-07-08,2046.6800537109373,3608780000.0,0.0072900241767681
2015-07-09,2051.31005859375,3446810000.0,0.0070682797558273
2015-07-10,2076.6201171875,3065070000.0,0.0074803619625656
2015-07-11,2076.6201171875,3065070000.0,0.0074803619625656
2015-07-12,2076.6201171875,3065070000.0,0.0074803619625656
2015-07-13,2099.60009765625,3096730000.0,0.0076967673535677
2015-07-14,2108.949951171875,3002120000.0,0.0077323233595993
2015-07-15,2107.39990234375,3261810000.0,0.0077313061984554
2015-07-16,2124.2900390625,3227080000.0,0.0078606938472308
2015-07-17,2126.639892578125,3362750000.0,0.0076829918357335
2015-07-18,2126.639892578125,3362750000.0,0.0076829918357335
2015-07-19,2126.639892578125,3362750000.0,0.0076829918357335
2015-07-20,2128.280029296875,3245870000.0,0.0076745013446853
2015-07-21,2119.2099609375,3343690000.0,0.0076144877569418
2015-07-22,2114.14990234375,3694070000.0,0.0076344750512627
2015-07-23,2102.14990234375,3772810000.0,0.0074000732771924
2015-07-24,2079.64990234375,3870040000.0,0.0076438810744663
2015-07-25,2079.64990234375,3870040000.0,0.0076438810744663
2015-07-26,2079.64990234375,3870040000.0,0.0076438810744663
2015-07-27,2067.639892578125,3836750000.0,0.0076108119730327
2015-07-28,2093.25,4117740000.0,0.007910446109506
2015-07-29,2108.570068359375,4038900000.0,0.0079548744826779
2015-07-30,2108.6298828125,3579410000.0,0.0079477664849418
2015-07-31,2103.840087890625,3681340000.0,0.0077418621689137
2015-08-01,2103.840087890625,3681340000.0,0.0077418621689137
2015-08-02,2103.840087890625,3681340000.0,0.0077418621689137
2015-08-03,2098.0400390625,3476770000.0,0.0076983808130834
2015-08-04,2093.320068359375,3546710000.0,0.0076143502036327
2015-08-05,2099.840087890625,3968680000.0,0.0076400602425779
2015-08-06,2083.56005859375,4246570000.0,0.0076531194430546
2015-08-07,2077.570068359375,3602320000.0,0.0076519900142959
2015-08-08,2077.570068359375,3602320000.0,0.0076519900142959
2015-08-09,2077.570068359375,3602320000.0,0.0076519900142959
2015-08-10,2104.179931640625,3514460000.0,0.0080182384231702
2015-08-11,2084.070068359375,3708880000.0,0.0072078871912258
2015-08-12,2086.050048828125,4269130000.0,0.0071964131870291
2015-08-13,2083.389892578125,3221300000.0,0.0070942302538499
2015-08-14,2091.5400390625,2795590000.0,0.0071275728389515
2015-08-15,2091.5400390625,2795590000.0,0.0071275728389515
2015-08-16,2091.5400390625,2795590000.0,0.0071275728389515
2015-08-17,2102.43994140625,2867690000.0,0.0071397197090076
2015-08-18,2096.919921875,2949990000.0,0.0070839511248556
2015-08-19,2079.610107421875,3512920000.0,0.006526752034992
2015-08-20,2035.72998046875,3922470000.0,0.007637479041971
2015-08-21,1970.8900146484373,5018240000.0,0.0092845844326552
2015-08-22,1970.8900146484373,5018240000.0,0.0092845844326552
2015-08-23,1970.8900146484373,5018240000.0,0.0092845844326552
2015-08-24,1893.2099609375,6612690000.0,0.0113409251569177
2015-08-25,1867.6099853515625,5183560000.0,0.0113867017945264
2015-08-26,1940.510009765625,5338250000.0,0.0137604645011078
2015-08-27,1987.6600341796875,5006390000.0,0.0144834805654312
2015-08-28,1988.8699951171875,3949080000.0,0.0144798338968721
2015-08-29,1988.8699951171875,3949080000.0,0.0144798338968721
2015-08-30,1988.8699951171875,3949080000.0,0.0144798338968721
2015-08-31,1972.1800537109373,3915100000.0,0.0145113905166567
2015-09-01,1913.8499755859373,4371850000.0,0.0153545140139935
2015-09-02,1948.8599853515625,3742620000.0,0.0158498990782378
2015-09-03,1951.1300048828125,3520700000.0,0.0158548996105964
2015-09-04,1921.219970703125,3167090000.0,0.0159620015568836
2015-09-05,1921.219970703125,3167090000.0,0.0159620015568836
2015-09-06,1921.219970703125,3167090000.0,0.0159620015568836
2015-09-07,1921.219970703125,3167090000.0,0.0159620015568836
2015-09-08,1969.4100341796875,3548650000.0,0.016711849661055
2015-09-09,1942.0400390625,3652120000.0,0.0166455870918005
2015-09-10,1952.2900390625,3626320000.0,0.0166085271775978
2015-09-11,1961.050048828125,3218590000.0,0.0166522998225754
2015-09-12,1961.050048828125,3218590000.0,0.0166522998225754
2015-09-13,1961.050048828125,3218590000.0,0.0166522998225754
2015-09-14,1953.030029296875,3000200000.0,0.0166550834166561
2015-09-15,1978.0899658203125,3239860000.0,0.016885200103311
2015-09-16,1995.31005859375,3630680000.0,0.0169960750282712
2015-09-17,1990.199951171875,4183790000.0,0.0169734303454964
2015-09-18,1958.030029296875,6021240000.0,0.0171473948540008
2015-09-19,1958.030029296875,6021240000.0,0.0171473948540008
2015-09-20,1958.030029296875,6021240000.0,0.0171473948540008
2015-09-21,1966.969970703125,3269350000.0,0.0171889897560154
2015-09-22,1942.739990234375,3808260000.0,0.0170671960922525
2015-09-23,1938.760009765625,3190530000.0,0.0170168916192367
2015-09-24,1932.239990234375,4091530000.0,0.0170057610449817
2015-09-25,1931.3399658203125,3721870000.0,0.0170085018516187
2015-09-26,1931.3399658203125,3721870000.0,0.0170085018516187
2015-09-27,1931.3399658203125,3721870000.0,0.0170085018516187
2015-09-28,1881.77001953125,4326660000.0,0.0174882279235317
2015-09-29,1884.0899658203125,4132390000.0,0.0174349417800399
2015-09-30,1920.030029296875,4525070000.0,0.0179149236042827
2015-10-01,1923.8199462890625,3983600000.0,0.0179071798567355
2015-10-02,1951.3599853515625,4378570000.0,0.0178005924399835
2015-10-03,1951.3599853515625,4378570000.0,0.0178005924399835
2015-10-04,1951.3599853515625,4378570000.0,0.0178005924399835
2015-10-05,1987.050048828125,4334490000.0,0.0171476384816349
2015-10-06,1979.9200439453125,4202400000.0,0.0153785994617037
2015-10-07,1995.8299560546875,4666470000.0,0.0151511114229574
2015-10-08,2013.4300537109373,3939140000.0,0.0136072972616095
2015-10-09,2014.8900146484373,3706900000.0,0.0129094502759914
2015-10-10,2014.8900146484373,3706900000.0,0.0129094502759914
2015-10-11,2014.8900146484373,3706900000.0,0.0129094502759914
2015-10-12,2017.4599609375,2893250000.0,0.0129102988809417
2015-10-13,2003.68994140625,3401920000.0,0.0128759394379778
2015-10-14,1994.239990234375,3644590000.0,0.0115681420179098
2015-10-15,2023.8599853515625,3746290000.0,0.0114145949647709
2015-10-16,2033.1099853515625,3595430000.0,0.0114304520215249
2015-10-17,2033.1099853515625,3595430000.0,0.0114304520215249
2015-10-18,2033.1099853515625,3595430000.0,0.0114304520215249
2015-10-19,2033.6600341796875,3287320000.0,0.0109844064771866
2015-10-20,2030.77001953125,3331500000.0,0.0101094055564198
2015-10-21,2018.93994140625,3627790000.0,0.0097965242312144
2015-10-22,2052.510009765625,4430850000.0,0.0101610409696914
2015-10-23,2075.14990234375,4108460000.0,0.0102912376274846
2015-10-24,2075.14990234375,4108460000.0,0.0102912376274846
2015-10-25,2075.14990234375,4108460000.0,0.0102912376274846
2015-10-26,2071.179931640625,3385800000.0,0.0102551264633578
2015-10-27,2065.889892578125,4216880000.0,0.010078956012777
2015-10-28,2090.35009765625,4698110000.0,0.0101710978066114
2015-10-29,2089.409912109375,4008940000.0,0.0101488980206132
2015-10-30,2079.360107421875,4256200000.0,0.0096545157012186
2015-10-31,2079.360107421875,4256200000.0,0.0096545157012186
2015-11-01,2079.360107421875,4256200000.0,0.0096545157012186
2015-11-02,2104.050048828125,3760020000.0,0.0098100168954167
2015-11-03,2109.7900390625,4272060000.0,0.0094122426096598
2015-11-04,2102.31005859375,4078870000.0,0.0094425790870956
2015-11-05,2099.929931640625,4051890000.0,0.0094017671924416
2015-11-06,2099.199951171875,4369020000.0,0.0094003870054207
2015-11-07,2099.199951171875,4369020000.0,0.0094003870054207
2015-11-08,2099.199951171875,4369020000.0,0.0094003870054207
2015-11-09,2078.580078125,3882350000.0,0.0080638351009129
2015-11-10,2081.719970703125,3821440000.0,0.0080615224446522
2015-11-11,2075.0,3692410000.0,0.0075860366534032
2015-11-12,2045.969970703125,4016370000.0,0.0081748545470733
2015-11-13,2023.0400390625,4278750000.0,0.0081915701770878
2015-11-14,2023.0400390625,4278750000.0,0.0081915701770878
2015-11-15,2023.0400390625,4278750000.0,0.0081915701770878
2015-11-16,2053.18994140625,3741240000.0,0.007973956630009
2015-11-17,2050.43994140625,4427350000.0,0.0079388167437254
2015-11-18,2083.580078125,3926390000.0,0.0083042232220278
2015-11-19,2081.239990234375,3628110000.0,0.0081983194986512
2015-11-20,2089.169921875,3929600000.0,0.0082126579605739
2015-11-21,2089.169921875,3929600000.0,0.0082126579605739
2015-11-22,2089.169921875,3929600000.0,0.0082126579605739
2015-11-23,2086.590087890625,3587980000.0,0.008224721460584
2015-11-24,2089.139892578125,3884930000.0,0.0080857964585105
2015-11-25,2088.8701171875,2852940000.0,0.0080090122513071
2015-11-26,2088.8701171875,2852940000.0,0.0080090122513071
2015-11-27,2090.110107421875,1466840000.0,0.0076117496777512
2015-11-28,2090.110107421875,1466840000.0,0.0076117496777512
2015-11-29,2090.110107421875,1466840000.0,0.0076117496777512
2015-11-30,2080.409912109375,4275030000.0,0.0076519566541631
2015-12-01,2102.6298828125,3712120000.0,0.0078594736800114
2015-12-02,2079.510009765625,3950640000.0,0.0081577592236683
2015-12-03,2049.6201171875,4306490000.0,0.0085431227650649
2015-12-04,2091.68994140625,4214910000.0,0.0088143585921313
2015-12-05,2091.68994140625,4214910000.0,0.0088143585921313
2015-12-06,2091.68994140625,4214910000.0,0.0088143585921313
2015-12-07,2077.070068359375,4043820000.0,0.0086976834215313
2015-12-08,2063.590087890625,4173570000.0,0.0087732888041368
2015-12-09,2047.6199951171875,4385250000.0,0.0088741873360467
2015-12-10,2052.22998046875,3715150000.0,0.0085935763191451
2015-12-11,2012.3699951171875,4301060000.0,0.0092668911353606
2015-12-12,2012.3699951171875,4301060000.0,0.0092668911353606
2015-12-13,2012.3699951171875,4301060000.0,0.0092668911353606
2015-12-14,2021.93994140625,4612440000.0,0.0093043417098668
2015-12-15,2043.4100341796875,4353540000.0,0.0092483370159636
2015-12-16,2073.070068359375,4635450000.0,0.0096470400069837
2015-12-17,2041.8900146484373,4327390000.0,0.0099963433850977
2015-12-18,2005.550048828125,6683070000.0,0.0104665708015637
2015-12-19,2005.550048828125,6683070000.0,0.0104665708015637
2015-12-20,2005.550048828125,6683070000.0,0.0104665708015637
2015-12-21,2021.1500244140625,3760280000.0,0.0106016825292174
2015-12-22,2038.969970703125,3520860000.0,0.0106262551405594
2015-12-23,2064.2900390625,3484090000.0,0.0108827944340568
2015-12-24,2060.989990234375,1411860000.0,0.0108715911477607
2015-12-25,2060.989990234375,1411860000.0,0.0108715911477607
2015-12-26,2060.989990234375,1411860000.0,0.0108715911477607
2015-12-27,2060.989990234375,1411860000.0,0.0108715911477607
2015-12-28,2056.5,2492510000.0,0.0105609181031224
2015-12-29,2078.360107421875,2542000000.0,0.0104977010923804
2015-12-30,2063.360107421875,2367430000.0,0.0102602705683267
2015-12-31,2043.93994140625,2655330000.0,0.0104072719309228
2016-01-01,2043.93994140625,2655330000.0,0.0104072719309228
2016-01-02,2043.93994140625,2655330000.0,0.0104072719309228
2016-01-03,2043.93994140625,2655330000.0,0.0104072719309228
2016-01-04,2012.6600341796875,4304880000.0,0.0103092919650124
2016-01-05,2016.7099609375,3706620000.0,0.0103254783193787
2016-01-06,1990.260009765625,4336660000.0,0.0105149128818505
2016-01-07,1943.0899658203125,5076590000.0,0.0112790886258122
2016-01-08,1922.030029296875,4664940000.0,0.0113625535979337
2016-01-09,1922.030029296875,4664940000.0,0.0113625535979337
2016-01-10,1922.030029296875,4664940000.0,0.0113625535979337
2016-01-11,1923.6700439453125,4607290000.0,0.0113718618149624
2016-01-12,1938.6800537109373,4887260000.0,0.0115191464953911
2016-01-13,1890.280029296875,5087030000.0,0.0122445798982666
2016-01-14,1921.8399658203125,5241110000.0,0.012520335113413
2016-01-15,1880.3299560546875,5468460000.0,0.0129082668447896
2016-01-16,1880.3299560546875,5468460000.0,0.0129082668447896
2016-01-17,1880.3299560546875,5468460000.0,0.0129082668447896
2016-01-18,1880.3299560546875,5468460000.0,0.0129082668447896
2016-01-19,1881.3299560546875,4928350000.0,0.0127522706378798
2016-01-20,1859.3299560546875,6416070000.0,0.0120687666021797
2016-01-21,1868.989990234375,5078810000.0,0.0121661495139429
2016-01-22,1906.9000244140625,4901760000.0,0.0128879080719266
2016-01-23,1906.9000244140625,4901760000.0,0.0128879080719266
2016-01-24,1906.9000244140625,4901760000.0,0.0128879080719266
2016-01-25,1877.0799560546875,4401380000.0,0.013078949406035
2016-01-26,1903.6300048828125,4357940000.0,0.013412127354111
2016-01-27,1882.949951171875,4754040000.0,0.0131205397016057
2016-01-28,1893.3599853515625,4693010000.0,0.0131353504367354
2016-01-29,1940.239990234375,5497570000.0,0.0138273531795956
2016-01-30,1940.239990234375,5497570000.0,0.0138273531795956
2016-01-31,1940.239990234375,5497570000.0,0.0138273531795956
2016-02-01,1939.3800048828125,4322530000.0,0.0134914361993319
2016-02-02,1903.030029296875,4463190000.0,0.0136327093118791
2016-02-03,1912.530029296875,5172950000.0,0.0133676851333635
2016-02-04,1915.449951171875,5193320000.0,0.0132657892412293
2016-02-05,1880.050048828125,4929940000.0,0.0134562623009923
2016-02-06,1880.050048828125,4929940000.0,0.0134562623009923
2016-02-07,1880.050048828125,4929940000.0,0.0134562623009923
2016-02-08,1853.43994140625,5636460000.0,0.0133060650834164
2016-02-09,1852.2099609375,5183220000.0,0.0133119924164773
2016-02-10,1851.8599853515625,4471170000.0,0.0133240718356372
2016-02-11,1829.0799560546875,5500800000.0,0.0131462089906671
2016-02-12,1864.780029296875,4696920000.0,0.013816346360858
2016-02-13,1864.780029296875,4696920000.0,0.013816346360858
2016-02-14,1864.780029296875,4696920000.0,0.013816346360858
2016-02-15,1864.780029296875,4696920000.0,0.013816346360858
2016-02-16,1895.5799560546875,4570670000.0,0.0142233938727615
2016-02-17,1926.8199462890625,5011540000.0,0.0144104248119524
2016-02-18,1917.8299560546875,4436490000.0,0.0144067263577516
2016-02-19,1917.780029296875,4142850000.0,0.0142431303222402
2016-02-20,1917.780029296875,4142850000.0,0.0142431303222402
2016-02-21,1917.780029296875,4142850000.0,0.0142431303222402
2016-02-22,1945.5,4054710000.0,0.0138459279237206
2016-02-23,1921.27001953125,3890650000.0,0.0138936068920532
2016-02-24,1929.800048828125,4317250000.0,0.0139166260769634
2016-02-25,1951.699951171875,4118210000.0,0.0139978704493544
2016-02-26,1948.050048828125,4348510000.0,0.0131540757089283
2016-02-27,1948.050048828125,4348510000.0,0.0131540757089283
2016-02-28,1948.050048828125,4348510000.0,0.0131540757089283
2016-02-29,1932.22998046875,4588180000.0,0.012918072298271
2016-03-01,1978.3499755859373,4819750000.0,0.0129107359988615
2016-03-02,1986.449951171875,4666610000.0,0.0129160102934963
2016-03-03,1993.4000244140625,5081700000.0,0.0126609073807314
2016-03-04,1999.989990234375,6049930000.0,0.012650901802891
2016-03-05,1999.989990234375,6049930000.0,0.012650901802891
2016-03-06,1999.989990234375,6049930000.0,0.012650901802891
2016-03-07,2001.760009765625,4968180000.0,0.0121956363828555
2016-03-08,1979.260009765625,4641650000.0,0.0120021999453524
2016-03-09,1989.260009765625,4038120000.0,0.0117953536093732
2016-03-10,1989.5699462890625,4376790000.0,0.0115652657092403
2016-03-11,2022.18994140625,4078620000.0,0.0118462235980876
2016-03-12,2022.18994140625,4078620000.0,0.0118462235980876
2016-03-13,2022.18994140625,4078620000.0,0.0118462235980876
2016-03-14,2019.6400146484373,3487850000.0,0.011085634516551
2016-03-15,2015.9300537109373,3560280000.0,0.0110962830201189
2016-03-16,2027.219970703125,4057020000.0,0.0104396807299007
2016-03-17,2040.5899658203125,4530480000.0,0.0104588420847616
2016-03-18,2049.580078125,6503140000.0,0.0104659613613014
2016-03-19,2049.580078125,6503140000.0,0.0104659613613014
2016-03-20,2049.580078125,6503140000.0,0.0104659613613014
2016-03-21,2051.60009765625,3376600000.0,0.0096990486120732
2016-03-22,2049.800048828125,3418460000.0,0.0091760528673619
2016-03-23,2036.7099609375,3639510000.0,0.0093215617292939
2016-03-24,2035.93994140625,3407720000.0,0.0093239726556169
2016-03-25,2035.93994140625,3407720000.0,0.0093239726556169
2016-03-26,2035.93994140625,3407720000.0,0.0093239726556169
2016-03-27,2035.93994140625,3407720000.0,0.0093239726556169
2016-03-28,2037.050048828125,2809090000.0,0.0088688623652631
2016-03-29,2055.010009765625,3822330000.0,0.0084210194072102
2016-03-30,2063.949951171875,3590310000.0,0.0080518092153282
2016-03-31,2059.739990234375,3715280000.0,0.0076792096433161
2016-04-01,2072.780029296875,3749990000.0,0.0076003766497413
2016-04-02,2072.780029296875,3749990000.0,0.0076003766497413
2016-04-03,2072.780029296875,3749990000.0,0.0076003766497413
2016-04-04,2066.1298828125,3485710000.0,0.0076602497399407
2016-04-05,2045.1700439453125,4154920000.0,0.0076599511959422
2016-04-06,2066.659912109375,3750800000.0,0.0073334277478385
2016-04-07,2041.9100341796875,3801250000.0,0.007781967674067
2016-04-08,2047.5999755859373,3359530000.0,0.0075799516544576
2016-04-09,2047.5999755859373,3359530000.0,0.0075799516544576
2016-04-10,2047.5999755859373,3359530000.0,0.0075799516544576
2016-04-11,2041.989990234375,3567840000.0,0.0075953699079652
2016-04-12,2061.719970703125,4239740000.0,0.0075032276110955
2016-04-13,2082.419921875,4191830000.0,0.0065091035839929
2016-04-14,2082.780029296875,3765870000.0,0.0064990266610796
2016-04-15,2080.72998046875,3701450000.0,0.0065049612837212
2016-04-16,2080.72998046875,3701450000.0,0.0065049612837212
2016-04-17,2080.72998046875,3701450000.0,0.0065049612837212
2016-04-18,2094.340087890625,3316880000.0,0.0065631871597323
2016-04-19,2100.800048828125,3896830000.0,0.0065679030704116
2016-04-20,2102.39990234375,4184880000.0,0.0061028347620776
2016-04-21,2091.47998046875,4175290000.0,0.0062132945466632
2016-04-22,2091.580078125,3790580000.0,0.0062142329456205
2016-04-23,2091.580078125,3790580000.0,0.0062142329456205
2016-04-24,2091.580078125,3790580000.0,0.0062142329456205
2016-04-25,2087.7900390625,3319740000.0,0.0055957715551862
2016-04-26,2091.699951171875,3557190000.0,0.0055800783954891
2016-04-27,2095.14990234375,4100110000.0,0.0055515209947903
2016-04-28,2075.81005859375,4309840000.0,0.0058113882842845
2016-04-29,2065.300048828125,4704720000.0,0.0058007721853181
2016-04-30,2065.300048828125,4704720000.0,0.0058007721853181
2016-05-01,2065.300048828125,4704720000.0,0.0058007721853181
2016-05-02,2081.429931640625,3841110000.0,0.0059129336374666
2016-05-03,2063.3701171875,4173390000.0,0.0061468468804998
2016-05-04,2051.1201171875,4058560000.0,0.0062463552615066
2016-05-05,2050.6298828125,4008530000.0,0.0061278696678084
2016-05-06,2057.139892578125,3796350000.0,0.0061499810009571
2016-05-07,2057.139892578125,3796350000.0,0.0061499810009571
2016-05-08,2057.139892578125,3796350000.0,0.0061499810009571
2016-05-09,2058.68994140625,3788620000.0,0.0061503315012637
2016-05-10,2084.389892578125,3600200000.0,0.0063540381872623
2016-05-11,2064.4599609375,3821980000.0,0.0065679905879665
2016-05-12,2064.110107421875,3782390000.0,0.0065567244100964
2016-05-13,2046.6099853515625,3579880000.0,0.0066284760694675
2016-05-14,2046.6099853515625,3579880000.0,0.0066284760694675
2016-05-15,2046.6099853515625,3579880000.0,0.0066284760694675
2016-05-16,2066.659912109375,3501360000.0,0.0068588212184991
2016-05-17,2047.2099609375,4108960000.0,0.0068220669957039
2016-05-18,2047.6300048828125,4101320000.0,0.0065327795753658
2016-05-19,2040.0400390625,3846770000.0,0.0061842355048217
2016-05-20,2052.320068359375,3507650000.0,0.0062621568237228
2016-05-21,2052.320068359375,3507650000.0,0.0062621568237228
2016-05-22,2052.320068359375,3507650000.0,0.0062621568237228
2016-05-23,2048.0400390625,3055480000.0,0.0062531090002048
2016-05-24,2076.06005859375,3627340000.0,0.0064988551891664
2016-05-25,2090.5400390625,3859160000.0,0.0063637534692357
2016-05-26,2090.10009765625,3230990000.0,0.0063640486859532
2016-05-27,2099.06005859375,3079150000.0,0.0064050284200373
2016-05-28,2099.06005859375,3079150000.0,0.0064050284200373
2016-05-29,2099.06005859375,3079150000.0,0.0064050284200373
2016-05-30,2099.06005859375,3079150000.0,0.0064050284200373
2016-05-31,2096.949951171875,4514410000.0,0.0062992189009267
2016-06-01,2099.330078125,3525170000.0,0.0062768376778656
2016-06-02,2105.260009765625,3632720000.0,0.0062969439472871
2016-06-03,2099.1298828125,3627780000.0,0.006244709711238
2016-06-04,2099.1298828125,3627780000.0,0.006244709711238
2016-06-05,2099.1298828125,3627780000.0,0.006244709711238
2016-06-06,2109.409912109375,3442020000.0,0.006304903007789
2016-06-07,2112.1298828125,3534730000.0,0.0062947622529749
2016-06-08,2119.1201171875,3562060000.0,0.0063118321559091
2016-06-09,2115.47998046875,3290320000.0,0.0063194366172802
2016-06-10,2096.070068359375,3515010000.0,0.0063165067018407
2016-06-11,2096.070068359375,3515010000.0,0.0063165067018407
2016-06-12,2096.070068359375,3515010000.0,0.0063165067018407
2016-06-13,2079.06005859375,3392030000.0,0.0064309427415155
2016-06-14,2075.320068359375,3759770000.0,0.0062787408227218
2016-06-15,2071.5,3544720000.0,0.0060756143288257
2016-06-16,2077.989990234375,3628280000.0,0.0059875635027032
2016-06-17,2071.219970703125,4952630000.0,0.0060246266028947
2016-06-18,2071.219970703125,4952630000.0,0.0060246266028947
2016-06-19,2071.219970703125,4952630000.0,0.0060246266028947
2016-06-20,2083.25,3467440000.0,0.0060858965515362
2016-06-21,2088.89990234375,3232880000.0,0.0061000356355503
2016-06-22,2085.449951171875,3168160000.0,0.0056780953287492
2016-06-23,2113.320068359375,3297940000.0,0.0058742225958331
2016-06-24,2037.4100341796875,7597450000.0,0.0090046007786926
2016-06-25,2037.4100341796875,7597450000.0,0.0090046007786926
2016-06-26,2037.4100341796875,7597450000.0,0.0090046007786926
2016-06-27,2000.5400390625,5431220000.0,0.0094700762674283
2016-06-28,2036.0899658203125,4385810000.0,0.009871377541567
2016-06-29,2070.77001953125,4241740000.0,0.0102128218977408
2016-06-30,2098.860107421875,4622820000.0,0.0104885200514466
2016-07-01,2102.949951171875,3458890000.0,0.0104549419616934
2016-07-02,2102.949951171875,3458890000.0,0.0104549419616934
2016-07-03,2102.949951171875,3458890000.0,0.0104549419616934
2016-07-04,2102.949951171875,3458890000.0,0.0104549419616934
2016-07-05,2088.550048828125,3658380000.0,0.0105071447245308
2016-07-06,2099.72998046875,3909380000.0,0.0105295053298267
2016-07-07,2097.89990234375,3604550000.0,0.0102526903259146
2016-07-08,2129.89990234375,3607500000.0,0.0105394499390313
2016-07-09,2129.89990234375,3607500000.0,0.0105394499390313
2016-07-10,2129.89990234375,3607500000.0,0.0105394499390313
2016-07-11,2137.159912109375,3253340000.0,0.0105502519984025
2016-07-12,2152.139892578125,4097820000.0,0.0105930251904328
2016-07-13,2152.429931640625,3502320000.0,0.0105882460887632
2016-07-14,2163.75,3465610000.0,0.0106183398011643
2016-07-15,2161.739990234375,3122600000.0,0.0106183315807806
2016-07-16,2161.739990234375,3122600000.0,0.0106183315807806
2016-07-17,2161.739990234375,3122600000.0,0.0106183315807806
2016-07-18,2166.889892578125,3009310000.0,0.0105970022694461
2016-07-19,2163.780029296875,2968340000.0,0.0105811322794063
2016-07-20,2173.02001953125,3211860000.0,0.0105993006891798
2016-07-21,2165.169921875,3438900000.0,0.010621563243678
2016-07-22,2175.030029296875,3023280000.0,0.0106335772795442
2016-07-23,2175.030029296875,3023280000.0,0.0106335772795442
2016-07-24,2175.030029296875,3023280000.0,0.0106335772795442
2016-07-25,2168.47998046875,3057240000.0,0.0104888944084111
2016-07-26,2169.179931640625,3442350000.0,0.0103434604031017
2016-07-27,2166.580078125,3995500000.0,0.0103375971457628
2016-07-28,2170.06005859375,3664240000.0,0.0103190590478656
2016-07-29,2173.60009765625,4038840000.0,0.010314779830039
2016-07-30,2173.60009765625,4038840000.0,0.010314779830039
2016-07-31,2173.60009765625,4038840000.0,0.010314779830039
2016-08-01,2170.840087890625,3505990000.0,0.0102894370341661
2016-08-02,2157.030029296875,3848750000.0,0.010356867241679
2016-08-03,2163.7900390625,3786530000.0,0.0103593201463157
2016-08-04,2164.25,3709200000.0,0.0103473573071877
2016-08-05,2182.8701171875,3663070000.0,0.0101929962916635
2016-08-06,2182.8701171875,3663070000.0,0.0101929962916635
2016-08-07,2182.8701171875,3663070000.0,0.0101929962916635
2016-08-08,2180.889892578125,3327550000.0,0.0073255824105628
2016-08-09,2181.739990234375,3334300000.0,0.006233071052436
2016-08-10,2175.489990234375,3254950000.0,0.005660116490094
2016-08-11,2185.7900390625,3423160000.0,0.0049650898462912
2016-08-12,2184.050048828125,3000660000.0,0.0044668877019181
2016-08-13,2184.050048828125,3000660000.0,0.0044668877019181
2016-08-14,2184.050048828125,3000660000.0,0.0044668877019181
2016-08-15,2190.14990234375,3078530000.0,0.0044735645269069
2016-08-16,2178.14990234375,3196400000.0,0.0043925978000581
2016-08-17,2182.219970703125,3388910000.0,0.0043305521878008
2016-08-18,2187.02001953125,3300570000.0,0.0043140737007927
2016-08-19,2183.8701171875,3084800000.0,0.0034713588837505
2016-08-20,2183.8701171875,3084800000.0,0.0034713588837505
2016-08-21,2183.8701171875,3084800000.0,0.0034713588837505
2016-08-22,2182.639892578125,2777550000.0,0.0034455885485624
2016-08-23,2186.89990234375,3041490000.0,0.0032458326560846
2016-08-24,2175.43994140625,3148280000.0,0.0034134748577033
2016-08-25,2172.469970703125,2969310000.0,0.0032982978714114
2016-08-26,2169.0400390625,3342340000.0,0.0033076583465956
2016-08-27,2169.0400390625,3342340000.0,0.0033076583465956
2016-08-28,2169.0400390625,3342340000.0,0.0033076583465956
2016-08-29,2180.3798828125,2654780000.0,0.0034134666122633
2016-08-30,2176.1201171875,3006800000.0,0.003423390295285
2016-08-31,2170.949951171875,3766390000.0,0.0033652198126442
2016-09-01,2170.860107421875,3392120000.0,0.0032963989392129
2016-09-02,2179.97998046875,3091120000.0,0.0032806057354275
2016-09-03,2179.97998046875,3091120000.0,0.0032806057354275
2016-09-04,2179.97998046875,3091120000.0,0.0032806057354275
2016-09-05,2179.97998046875,3091120000.0,0.0032806057354275
2016-09-06,2186.47998046875,3447650000.0,0.0032682953226178
2016-09-07,2186.159912109375,3319420000.0,0.003269183968755
2016-09-08,2181.300048828125,3727840000.0,0.0032902796977788
2016-09-09,2127.81005859375,4233960000.0,0.005621497240628
2016-09-10,2127.81005859375,4233960000.0,0.005621497240628
2016-09-11,2127.81005859375,4233960000.0,0.005621497240628
2016-09-12,2159.0400390625,4010480000.0,0.0062627941713286
2016-09-13,2127.02001953125,4141670000.0,0.0068146415556124
2016-09-14,2125.77001953125,3664100000.0,0.0067290291810906
2016-09-15,2147.260009765625,3373720000.0,0.0069719667426678
2016-09-16,2139.159912109375,5014360000.0,0.0070007588244174
2016-09-17,2139.159912109375,5014360000.0,0.0070007588244174
2016-09-18,2139.159912109375,5014360000.0,0.0070007588244174
2016-09-19,2139.1201171875,3141820000.0,0.0067944936959826
2016-09-20,2139.760009765625,3117380000.0,0.0067966398936615
2016-09-21,2163.1201171875,3685450000.0,0.0071124316345557
2016-09-22,2177.179931640625,3523860000.0,0.0071995850408404
2016-09-23,2164.68994140625,3289860000.0,0.0072179376264677
2016-09-24,2164.68994140625,3289860000.0,0.0072179376264677
2016-09-25,2164.68994140625,3289860000.0,0.0072179376264677
2016-09-26,2146.10009765625,3199910000.0,0.0073754218178252
2016-09-27,2159.929931640625,3414090000.0,0.0074620837030478
2016-09-28,2171.3701171875,3860390000.0,0.0074709301655434
2016-09-29,2151.1298828125,4215620000.0,0.0076481010049681
2016-09-30,2168.27001953125,4158800000.0,0.0077878353325971
2016-10-01,2168.27001953125,4158800000.0,0.0077878353325971
2016-10-02,2168.27001953125,4158800000.0,0.0077878353325971
2016-10-03,2161.199951171875,3113850000.0,0.0078042696654535
2016-10-04,2150.489990234375,3716100000.0,0.007849761358891
2016-10-05,2159.72998046875,3883710000.0,0.0078863803253443
2016-10-06,2160.77001953125,3438040000.0,0.007834418452767
2016-10-07,2153.739990234375,3578770000.0,0.0078515217671074
2016-10-08,2153.739990234375,3578770000.0,0.0078515217671074
2016-10-09,2153.739990234375,3578770000.0,0.0078515217671074
2016-10-10,2163.659912109375,2881970000.0,0.0078973140526071
2016-10-11,2136.72998046875,3393060000.0,0.0081471556808941
2016-10-12,2139.179931640625,2959510000.0,0.0081500111519451
2016-10-13,2132.550048828125,3538030000.0,0.0081566334272522
2016-10-14,2132.97998046875,3187910000.0,0.0081573225570057
2016-10-15,2132.97998046875,3187910000.0,0.0081573225570057
2016-10-16,2132.97998046875,3187910000.0,0.0081573225570057
2016-10-17,2126.5,2832440000.0,0.0081180147667137
2016-10-18,2139.60009765625,3172940000.0,0.008189401830991
2016-10-19,2144.2900390625,3364990000.0,0.0082061562011571
2016-10-20,2141.340087890625,3339320000.0,0.0082019797739368
2016-10-21,2141.159912109375,3456390000.0,0.0068091801569022
2016-10-22,2141.159912109375,3456390000.0,0.0068091801569022
2016-10-23,2141.159912109375,3456390000.0,0.0068091801569022
2016-10-24,2151.330078125,3359950000.0,0.0063125996368507
2016-10-25,2143.159912109375,3756200000.0,0.0057095266858358
2016-10-26,2139.429931640625,3778120000.0,0.0057192599956768
2016-10-27,2133.0400390625,4209400000.0,0.0054337946569815
2016-10-28,2126.409912109375,4028270000.0,0.0054200951605624
2016-10-29,2126.409912109375,4028270000.0,0.0054200951605624
2016-10-30,2126.409912109375,4028270000.0,0.0054200951605624
2016-10-31,2126.14990234375,3926560000.0,0.0054200090433752
2016-11-01,2111.719970703125,4539190000.0,0.0055511362132881
2016-11-02,2097.93994140625,4289120000.0,0.0052298888710044
2016-11-03,2088.659912109375,3892100000.0,0.0050673163664122
2016-11-04,2085.179931640625,3841910000.0,0.0050002863265867
2016-11-05,2085.179931640625,3841910000.0,0.0050002863265867
2016-11-06,2085.179931640625,3841910000.0,0.0050002863265867
2016-11-07,2131.52001953125,3739720000.0,0.0063760200746348
2016-11-08,2139.56005859375,3921850000.0,0.0062983974350467
2016-11-09,2163.260009765625,6267590000.0,0.0065558604868583
2016-11-10,2167.47998046875,6458450000.0,0.0063274112979172
2016-11-11,2164.449951171875,4993990000.0,0.0061639274803763
2016-11-12,2164.449951171875,4993990000.0,0.0061639274803763
2016-11-13,2164.449951171875,4993990000.0,0.0061639274803763
2016-11-14,2164.199951171875,5373670000.0,0.0061341666109633
2016-11-15,2180.389892578125,4548110000.0,0.0062028566129054
2016-11-16,2176.93994140625,3847900000.0,0.0061704746250978
2016-11-17,2187.1201171875,3811730000.0,0.0062226098639037
2016-11-18,2181.89990234375,3580900000.0,0.0062069720793662
2016-11-19,2181.89990234375,3580900000.0,0.0062069720793662
2016-11-20,2181.89990234375,3580900000.0,0.0062069720793662
2016-11-21,2198.179931640625,3611500000.0,0.0062936334321192
2016-11-22,2202.93994140625,3960520000.0,0.0057947922156387
2016-11-23,2204.719970703125,3419850000.0,0.0057948621649084
2016-11-24,2204.719970703125,3419850000.0,0.0057948621649084
2016-11-25,2213.35009765625,1584590000.0,0.0057646860787069
2016-11-26,2213.35009765625,1584590000.0,0.0057646860787069
2016-11-27,2213.35009765625,1584590000.0,0.0057646860787069
2016-11-28,2201.719970703125,3515100000.0,0.0058839229812212
2016-11-29,2204.659912109375,3709190000.0,0.005832799184163
2016-11-30,2198.81005859375,5538400000.0,0.0057970208497195
2016-12-01,2191.080078125,5067470000.0,0.0058471114139239
2016-12-02,2191.949951171875,3782370000.0,0.0058341378809285
2016-12-03,2191.949951171875,3782370000.0,0.0058341378809285
2016-12-04,2191.949951171875,3782370000.0,0.0058341378809285
2016-12-05,2204.7099609375,3898530000.0,0.0059027634644676
2016-12-06,2212.22998046875,3857290000.0,0.0058784149744204
2016-12-07,2241.35009765625,4504070000.0,0.0062082775401053
2016-12-08,2246.18994140625,4203270000.0,0.0061789581318968
2016-12-09,2259.530029296875,3886460000.0,0.0061636878378851
2016-12-10,2259.530029296875,3886460000.0,0.0061636878378851
2016-12-11,2259.530029296875,3886460000.0,0.0061636878378851
2016-12-12,2256.9599609375,4038850000.0,0.0061184531177205
2016-12-13,2271.719970703125,3875630000.0,0.006159532857725
2016-12-14,2253.280029296875,4409670000.0,0.0062316319192013
2016-12-15,2262.030029296875,4173360000.0,0.0060161224951961
2016-12-16,2258.070068359375,5928980000.0,0.0059287002918214
2016-12-17,2258.070068359375,5928980000.0,0.0059287002918214
2016-12-18,2258.070068359375,5928980000.0,0.0059287002918214
2016-12-19,2262.530029296875,3252840000.0,0.0058753648270988
2016-12-20,2270.760009765625,3306250000.0,0.0046228950005417
2016-12-21,2265.179931640625,2854880000.0,0.0046853144538337
2016-12-22,2260.9599609375,2880670000.0,0.0044029700001641
2016-12-23,2263.7900390625,2021230000.0,0.0044022097271353
2016-12-24,2263.7900390625,2021230000.0,0.0044022097271353
2016-12-25,2263.7900390625,2021230000.0,0.0044022097271353
2016-12-26,2263.7900390625,2021230000.0,0.0044022097271353
2016-12-27,2268.8798828125,1989730000.0,0.0043710815106632
2016-12-28,2249.919921875,2402750000.0,0.0047277810189698
2016-12-29,2249.260009765625,2338700000.0,0.0045893602087721
2016-12-30,2238.830078125,2671550000.0,0.0046828346995923
2016-12-31,2238.830078125,2671550000.0,0.0046828346995923
2017-01-01,2238.830078125,2671550000.0,0.0046828346995923
2017-01-02,2238.830078125,2671550000.0,0.0046828346995923
2017-01-03,2257.830078125,3773010000.0,0.0048353448811306
2017-01-04,2270.75,3768890000.0,0.0048619794675761
2017-01-05,2269.0,3785080000.0,0.0047359564848226
2017-01-06,2276.97998046875,3342080000.0,0.0047531709105504
2017-01-07,2276.97998046875,3342080000.0,0.0047531709105504
2017-01-08,2276.97998046875,3342080000.0,0.0047531709105504
2017-01-09,2268.89990234375,3219730000.0,0.0048286190813375
2017-01-10,2268.89990234375,3640560000.0,0.0047988985253355
2017-01-11,2275.320068359375,3625080000.0,0.0046702372564809
2017-01-12,2270.43994140625,3466220000.0,0.0047072200972018
2017-01-13,2274.639892578125,3090680000.0,0.004658805055269
2017-01-14,2274.639892578125,3090680000.0,0.004658805055269
2017-01-15,2274.639892578125,3090680000.0,0.004658805055269
2017-01-16,2274.639892578125,3090680000.0,0.004658805055269
2017-01-17,2267.889892578125,3586950000.0,0.0046409213281235
2017-01-18,2271.889892578125,3317670000.0,0.0046399910328258
2017-01-19,2263.68994140625,3168390000.0,0.0046359790712194
2017-01-20,2271.31005859375,3536850000.0,0.0046351503227331
2017-01-21,2271.31005859375,3536850000.0,0.0046351503227331
2017-01-22,2271.31005859375,3536850000.0,0.0046351503227331
2017-01-23,2265.199951171875,3155240000.0,0.004062921466949
2017-01-24,2280.070068359375,3816950000.0,0.0042064657344619
2017-01-25,2298.3701171875,3849340000.0,0.0043142353027534
2017-01-26,2296.679931640625,3611510000.0,0.0043093701894371
2017-01-27,2294.68994140625,3137420000.0,0.0041671196140278
2017-01-28,2294.68994140625,3137420000.0,0.0041671196140278
2017-01-29,2294.68994140625,3137420000.0,0.0041671196140278
2017-01-30,2280.89990234375,3595040000.0,0.0040339652632299
2017-01-31,2278.8701171875,4089730000.0,0.00398617763003
2017-02-01,2279.550048828125,3919190000.0,0.0039682517529091
2017-02-02,2280.85009765625,3809760000.0,0.003956292363571
2017-02-03,2297.419921875,3605970000.0,0.0041137035402152
2017-02-04,2297.419921875,3605970000.0,0.0041137035402152
2017-02-05,2297.419921875,3605970000.0,0.0041137035402152
2017-02-06,2292.56005859375,3112390000.0,0.0041059847578058
2017-02-07,2293.080078125,3452460000.0,0.0040838935041941
2017-02-08,2294.669921875,3611950000.0,0.0040814854243297
2017-02-09,2307.8701171875,3681600000.0,0.0041828764718104
2017-02-10,2316.10009765625,3496600000.0,0.0038565312010515
2017-02-11,2316.10009765625,3496600000.0,0.0038565312010515
2017-02-12,2316.10009765625,3496600000.0,0.0038565312010515
2017-02-13,2328.25,3352370000.0,0.0039256216505179
2017-02-14,2337.580078125,3528040000.0,0.0038006667888088
2017-02-15,2349.25,3785870000.0,0.0036287965109733
2017-02-16,2347.219970703125,3675900000.0,0.0035526256365178
2017-02-17,2351.159912109375,3516830000.0,0.0035361497687459
2017-02-18,2351.159912109375,3516830000.0,0.0035361497687459
2017-02-19,2351.159912109375,3516830000.0,0.0035361497687459
2017-02-20,2351.159912109375,3516830000.0,0.0035361497687459
2017-02-21,2365.3798828125,3587520000.0,0.003622129142997
2017-02-22,2362.820068359375,3473170000.0,0.0035356744259899
2017-02-23,2363.81005859375,4021770000.0,0.0035309748523747
2017-02-24,2367.340087890625,3832410000.0,0.0035203438668345
2017-02-25,2367.340087890625,3832410000.0,0.0035203438668345
2017-02-26,2367.340087890625,3832410000.0,0.0035203438668345
2017-02-27,2369.75,3584680000.0,0.003459713396188
2017-02-28,2363.639892578125,4212460000.0,0.0035348384050879
2017-03-01,2395.9599609375,4347630000.0,0.0040957751089863
2017-03-02,2381.919921875,3824030000.0,0.0043309351206699
2017-03-03,2383.1201171875,3556670000.0,0.0042246311564973
2017-03-04,2383.1201171875,3556670000.0,0.0042246311564973
2017-03-05,2383.1201171875,3556670000.0,0.0042246311564973
2017-03-06,2375.31005859375,3251800000.0,0.0043086088320987
2017-03-07,2368.389892578125,3526300000.0,0.0043162962607017
2017-03-08,2362.97998046875,3814080000.0,0.0042601738966932
2017-03-09,2364.8701171875,3718450000.0,0.0040618648531017
2017-03-10,2372.60009765625,3434400000.0,0.0040702223138645
2017-03-11,2372.60009765625,3434400000.0,0.0040702223138645
2017-03-12,2372.60009765625,3434400000.0,0.0040702223138645
2017-03-13,2373.469970703125,3166650000.0,0.0040560412792343
2017-03-14,2365.449951171875,3173760000.0,0.0039218046000541
2017-03-15,2385.260009765625,3909490000.0,0.0041086938816873
2017-03-16,2381.3798828125,3368880000.0,0.0041433668034902
2017-03-17,2378.25,5179820000.0,0.0041714801427186
2017-03-18,2378.25,5179820000.0,0.0041714801427186
2017-03-19,2378.25,5179820000.0,0.0041714801427186
2017-03-20,2373.469970703125,3061560000.0,0.0040650906530452
2017-03-21,2344.02001953125,4278890000.0,0.0047327049343968
2017-03-22,2348.449951171875,3575160000.0,0.0047362117321291
2017-03-23,2345.9599609375,3262400000.0,0.0047483269358493
2017-03-24,2343.97998046875,2978530000.0,0.0046606067215375
2017-03-25,2343.97998046875,2978530000.0,0.0046606067215375
2017-03-26,2343.97998046875,2978530000.0,0.0046606067215375
2017-03-27,2341.590087890625,3242300000.0,0.0046324438046572
2017-03-28,2358.570068359375,3369120000.0,0.0047181584689938
2017-03-29,2361.1298828125,3107670000.0,0.0046719356041135
2017-03-30,2368.06005859375,3159680000.0,0.0046163212134425
2017-03-31,2362.719970703125,3356740000.0,0.004635052281345
2017-04-01,2362.719970703125,3356740000.0,0.004635052281345
2017-04-02,2362.719970703125,3356740000.0,0.004635052281345
2017-04-03,2358.840087890625,3418730000.0,0.004638687634281
2017-04-04,2360.159912109375,3208340000.0,0.0045034503642644
2017-04-05,2352.949951171875,3780650000.0,0.0045330884455728
2017-04-06,2357.489990234375,3203250000.0,0.0045478428372391
2017-04-07,2355.5400390625,3054700000.0,0.0045397396853048
2017-04-08,2355.5400390625,3054700000.0,0.0045397396853048
2017-04-09,2355.5400390625,3054700000.0,0.0045397396853048
2017-04-10,2357.159912109375,2792570000.0,0.0045371707690606
2017-04-11,2353.780029296875,3120900000.0,0.0045210191943621
2017-04-12,2344.929931640625,3201300000.0,0.0037491306208633
2017-04-13,2328.949951171875,3146380000.0,0.0037985094834117
2017-04-14,2328.949951171875,3146380000.0,0.0037985094834117
2017-04-15,2328.949951171875,3146380000.0,0.0037985094834117
2017-04-16,2328.949951171875,3146380000.0,0.0037985094834117
2017-04-17,2349.010009765625,2826890000.0,0.0041591801444177
2017-04-18,2342.18994140625,3272210000.0,0.004151023529279
2017-04-19,2338.169921875,3521160000.0,0.0041323468974491
2017-04-20,2355.840087890625,3648990000.0,0.0043622924417011
2017-04-21,2348.68994140625,3524160000.0,0.0043911854248331
2017-04-22,2348.68994140625,3524160000.0,0.0043911854248331
2017-04-23,2348.68994140625,3524160000.0,0.0043911854248331
2017-04-24,2374.14990234375,3711170000.0,0.0047934802784472
2017-04-25,2388.610107421875,4005820000.0,0.0049191743957178
2017-04-26,2387.449951171875,4111350000.0,0.0048743541139099
2017-04-27,2388.77001953125,4099940000.0,0.004633302092191
2017-04-28,2384.199951171875,3721350000.0,0.0046371780729289
2017-04-29,2384.199951171875,3721350000.0,0.0046371780729289
2017-04-30,2384.199951171875,3721350000.0,0.0046371780729289
2017-05-01,2388.330078125,3201500000.0,0.0046398407480566
2017-05-02,2391.169921875,3861360000.0,0.0046254026650627
2017-05-03,2388.1298828125,3896760000.0,0.0039671884001483
2017-05-04,2389.52001953125,4367860000.0,0.0039599685843831
2017-05-05,2399.2900390625,3543240000.0,0.0039976713093478
2017-05-06,2399.2900390625,3543240000.0,0.0039976713093478
2017-05-07,2399.2900390625,3543240000.0,0.0039976713093478
2017-05-08,2399.3798828125,3429990000.0,0.0039887818524587
2017-05-09,2396.919921875,3657840000.0,0.0039888701086731
2017-05-10,2399.6298828125,3649370000.0,0.0037999315934015
2017-05-11,2394.43994140625,3727710000.0,0.0038311041355438
2017-05-12,2390.89990234375,3304620000.0,0.0038178952693792
2017-05-13,2390.89990234375,3304620000.0,0.0038178952693792
2017-05-14,2390.89990234375,3304620000.0,0.0038178952693792
2017-05-15,2402.320068359375,3490080000.0,0.0038693549813299
2017-05-16,2400.669921875,3421810000.0,0.0038545372455249
2017-05-17,2357.030029296875,4164760000.0,0.0051773718715127
2017-05-18,2365.719970703125,4319440000.0,0.0051882303629372
2017-05-19,2381.72998046875,3831700000.0,0.0053171091447086
2017-05-20,2381.72998046875,3831700000.0,0.0053171091447086
2017-05-21,2381.72998046875,3831700000.0,0.0053171091447086
2017-05-22,2394.02001953125,3176580000.0,0.0053833050693415
2017-05-23,2398.419921875,3216560000.0,0.0053884720372504
2017-05-24,2404.389892578125,3389240000.0,0.0053855051733736
2017-05-25,2415.070068359375,3538210000.0,0.005358493461704
2017-05-26,2415.820068359375,2806930000.0,0.005153769416478
2017-05-27,2415.820068359375,2806930000.0,0.005153769416478
2017-05-28,2415.820068359375,2806930000.0,0.005153769416478
2017-05-29,2415.820068359375,2806930000.0,0.005153769416478
2017-05-30,2412.909912109375,3205860000.0,0.0049788102784392
2017-05-31,2411.800048828125,4518040000.0,0.0049342101931092
2017-06-01,2430.06005859375,3860620000.0,0.0050482059506951
2017-06-02,2439.070068359375,3465500000.0,0.0049319814777676
2017-06-03,2439.070068359375,3465500000.0,0.0049319814777676
2017-06-04,2439.070068359375,3465500000.0,0.0049319814777676
2017-06-05,2436.10009765625,2916720000.0,0.004889564709598
2017-06-06,2429.330078125,3376750000.0,0.0045928618128988
2017-06-07,2433.139892578125,3576220000.0,0.0044857822040043
2017-06-08,2433.7900390625,3735980000.0,0.0044815108540711
2017-06-09,2431.77001953125,4029860000.0,0.0044895547611113
2017-06-10,2431.77001953125,4029860000.0,0.0044895547611113
2017-06-11,2431.77001953125,4029860000.0,0.0044895547611113
2017-06-12,2429.389892578125,4031840000.0,0.0044747436309839
2017-06-13,2440.35009765625,3278240000.0,0.0045266231589079
2017-06-14,2437.919921875,3558640000.0,0.0045363620348979
2017-06-15,2432.4599609375,3371980000.0,0.0045539226883673
2017-06-16,2433.14990234375,5299380000.0,0.0045543187773491
2017-06-17,2433.14990234375,5299380000.0,0.0045543187773491
2017-06-18,2433.14990234375,5299380000.0,0.0045543187773491
2017-06-19,2453.4599609375,3271480000.0,0.0047279804716801
2017-06-20,2437.030029296875,3422700000.0,0.0049198432665513
2017-06-21,2435.610107421875,3599190000.0,0.0049157102392167
2017-06-22,2434.5,3477250000.0,0.0049176042373596
2017-06-23,2438.300048828125,5282460000.0,0.0048954654410372
2017-06-24,2438.300048828125,5282460000.0,0.0048954654410372
2017-06-25,2438.300048828125,5282460000.0,0.0048954654410372
2017-06-26,2439.070068359375,3243660000.0,0.0048800530255734
2017-06-27,2419.3798828125,3564770000.0,0.0050692454086092
2017-06-28,2440.68994140625,3479980000.0,0.0052986989345911
2017-06-29,2419.699951171875,3869560000.0,0.004308825559693
2017-06-30,2423.409912109375,3366030000.0,0.004278340717143
2017-07-01,2423.409912109375,3366030000.0,0.004278340717143
2017-07-02,2423.409912109375,3366030000.0,0.004278340717143
2017-07-03,2429.010009765625,1901480000.0,0.0041403328399055
2017-07-04,2429.010009765625,1901480000.0,0.0041403328399055
2017-07-05,2432.5400390625,3368150000.0,0.0040562156842789
2017-07-06,2409.75,3368710000.0,0.0044338779938
2017-07-07,2425.179931640625,2929390000.0,0.0045597457898998
2017-07-08,2425.179931640625,2929390000.0,0.0045597457898998
2017-07-09,2425.179931640625,2929390000.0,0.0045597457898998
2017-07-10,2427.429931640625,3009880000.0,0.0044943093788656
2017-07-11,2425.530029296875,3108800000.0,0.004497564935141
2017-07-12,2443.25,3176900000.0,0.0046737637123207
2017-07-13,2447.830078125,3068510000.0,0.0046780814800116
2017-07-14,2459.27001953125,2738460000.0,0.0045564231837127
2017-07-15,2459.27001953125,2738460000.0,0.0045564231837127
2017-07-16,2459.27001953125,2738460000.0,0.0045564231837127
2017-07-17,2459.139892578125,2800580000.0,0.004513946092174
2017-07-18,2460.610107421875,2974090000.0,0.004505422674297
2017-07-19,2473.830078125,3063810000.0,0.0045561246362994
2017-07-20,2473.449951171875,3223820000.0,0.0045544275697219
2017-07-21,2472.5400390625,3066880000.0,0.0045572517868574
2017-07-22,2472.5400390625,3066880000.0,0.0045572517868574
2017-07-23,2472.5400390625,3066880000.0,0.0045572517868574
2017-07-24,2469.909912109375,3019920000.0,0.0045598533554622
2017-07-25,2477.1298828125,4116360000.0,0.0045712215537309
2017-07-26,2477.830078125,3597830000.0,0.0045131361621706
2017-07-27,2475.419921875,4035740000.0,0.0045128718671857
2017-07-28,2472.10009765625,3302850000.0,0.0044969158732832
2017-07-29,2472.10009765625,3302850000.0,0.0044969158732832
2017-07-30,2472.10009765625,3302850000.0,0.0044969158732832
2017-07-31,2470.300048828125,3475930000.0,0.0045026886233189
2017-08-01,2476.35009765625,3470260000.0,0.0042734767708755
2017-08-02,2477.570068359375,3487150000.0,0.004062072728761
2017-08-03,2472.159912109375,3662410000.0,0.0040879528403854
2017-08-04,2476.830078125,3239980000.0,0.0040915123564169
2017-08-05,2476.830078125,3239980000.0,0.0040915123564169
2017-08-06,2476.830078125,3239980000.0,0.0040915123564169
2017-08-07,2480.909912109375,2935130000.0,0.004092257724382
2017-08-08,2474.919921875,3347480000.0,0.0041285470843242
2017-08-09,2474.02001953125,3310960000.0,0.0038020186709613
2017-08-10,2438.2099609375,3635820000.0,0.0044391470873827
2017-08-11,2441.320068359375,3161830000.0,0.004135194360571
2017-08-12,2441.320068359375,3161830000.0,0.004135194360571
2017-08-13,2441.320068359375,3161830000.0,0.004135194360571
2017-08-14,2465.840087890625,2824320000.0,0.0044952712998107
2017-08-15,2464.610107421875,2922430000.0,0.0044872358124972
2017-08-16,2468.110107421875,2956570000.0,0.0044869936447519
2017-08-17,2430.010009765625,3164950000.0,0.0050581950560792
2017-08-18,2425.550048828125,3426970000.0,0.0049373534084848
2017-08-19,2425.550048828125,3426970000.0,0.0049373534084848
2017-08-20,2425.550048828125,3426970000.0,0.0049373534084848
2017-08-21,2428.3701171875,2803650000.0,0.0049390502882289
2017-08-22,2452.510009765625,2780990000.0,0.0052541970321847
2017-08-23,2444.0400390625,2796950000.0,0.0051315469143986
2017-08-24,2438.969970703125,2849680000.0,0.0051327900335593
2017-08-25,2443.050048828125,2593350000.0,0.0050652738667923
2017-08-26,2443.050048828125,2593350000.0,0.0050652738667923
2017-08-27,2443.050048828125,2593350000.0,0.0050652738667923
2017-08-28,2444.239990234375,2682920000.0,0.00506684882529
2017-08-29,2446.300048828125,2739460000.0,0.0050683788649024
2017-08-30,2457.590087890625,2637780000.0,0.0050417027424643
2017-08-31,2471.64990234375,3353860000.0,0.0051564898932089
2017-09-01,2476.550048828125,2712780000.0,0.0051689046891705
2017-09-02,2476.550048828125,2712780000.0,0.0051689046891705
2017-09-03,2476.550048828125,2712780000.0,0.0051689046891705
2017-09-04,2476.550048828125,2712780000.0,0.0051689046891705
2017-09-05,2457.85009765625,3502190000.0,0.005351165187225
2017-09-06,2465.5400390625,3400200000.0,0.0053553645042
2017-09-07,2465.10009765625,3365780000.0,0.0053547229175546
2017-09-08,2461.429931640625,3308360000.0,0.0053582203737357
2017-09-09,2461.429931640625,3308360000.0,0.0053582203737357
2017-09-10,2461.429931640625,3308360000.0,0.0053582203737357
2017-09-11,2488.110107421875,3293460000.0,0.0057136114250957
2017-09-12,2496.47998046875,3234280000.0,0.0057389998497359
2017-09-13,2498.3701171875,3371370000.0,0.0057260110396623
2017-09-14,2495.6201171875,3422470000.0,0.0057315075798967
2017-09-15,2500.22998046875,4862970000.0,0.0057198669274181
2017-09-16,2500.22998046875,4862970000.0,0.0057198669274181
2017-09-17,2500.22998046875,4862970000.0,0.0057198669274181
2017-09-18,2503.8701171875,3204700000.0,0.0057164715771159
2017-09-19,2506.64990234375,3253760000.0,0.0057131558202544
2017-09-20,2508.239990234375,3584570000.0,0.0056894115336728
2017-09-21,2500.60009765625,2965590000.0,0.005723638981159
2017-09-22,2502.219970703125,2877980000.0,0.0049803048247334
2017-09-23,2502.219970703125,2877980000.0,0.0049803048247334
2017-09-24,2502.219970703125,2877980000.0,0.0049803048247334
2017-09-25,2496.659912109375,3314530000.0,0.0050112300643148
2017-09-26,2496.840087890625,3070770000.0,0.0046975314995551
2017-09-27,2507.0400390625,3485070000.0,0.004740870624393
2017-09-28,2510.06005859375,3173030000.0,0.0047397026024137
2017-09-29,2519.360107421875,3220260000.0,0.0036630967646747
2017-09-30,2519.360107421875,3220260000.0,0.0036630967646747
2017-10-01,2519.360107421875,3220260000.0,0.0036630967646747
2017-10-02,2529.1201171875,3226370000.0,0.0036478178053495
2017-10-03,2534.580078125,3073480000.0,0.0036501570129879
2017-10-04,2537.739990234375,3020770000.0,0.0032814761281332
2017-10-05,2552.070068359375,3059730000.0,0.0032618757755377
2017-10-06,2549.330078125,2898270000.0,0.0032295662281556
2017-10-07,2549.330078125,2898270000.0,0.0032295662281556
2017-10-08,2549.330078125,2898270000.0,0.0032295662281556
2017-10-09,2544.72998046875,2486940000.0,0.0032842236616264
2017-10-10,2550.639892578125,2962610000.0,0.003284484361325
2017-10-11,2555.239990234375,2991320000.0,0.0032833343732304
2017-10-12,2550.929931640625,3157280000.0,0.0032760075267002
2017-10-13,2553.169921875,3150470000.0,0.00316598579498
2017-10-14,2553.169921875,3150470000.0,0.00316598579498
2017-10-15,2553.169921875,3150470000.0,0.00316598579498
2017-10-16,2557.639892578125,2918030000.0,0.0031640018162986
2017-10-17,2559.360107421875,2901890000.0,0.002712209990137
2017-10-18,2561.260009765625,2999320000.0,0.0026932588988989
2017-10-19,2562.10009765625,3019520000.0,0.0026854458241923
2017-10-20,2575.2099609375,3394450000.0,0.0027199821644724
2017-10-21,2575.2099609375,3394450000.0,0.0027199821644724
2017-10-22,2575.2099609375,3394450000.0,0.0027199821644724
2017-10-23,2564.97998046875,3214470000.0,0.0022846667615418
2017-10-24,2569.1298828125,3435660000.0,0.0022448290078727
2017-10-25,2557.14990234375,3885470000.0,0.0024692179815827
2017-10-26,2560.39990234375,3891750000.0,0.0024449134024578
2017-10-27,2581.070068359375,3896100000.0,0.0027713614897262
2017-10-28,2581.070068359375,3896100000.0,0.0027713614897262
2017-10-29,2581.070068359375,3896100000.0,0.0027713614897262
2017-10-30,2572.830078125,3660230000.0,0.0028767142111769
2017-10-31,2575.260009765625,3844420000.0,0.0028764682553048
2017-11-01,2579.360107421875,3841200000.0,0.0028787202887544
2017-11-02,2579.85009765625,4050140000.0,0.0027833473705276
2017-11-03,2587.840087890625,3568710000.0,0.0028071475671788
2017-11-04,2587.840087890625,3568710000.0,0.0028071475671788
2017-11-05,2587.840087890625,3568710000.0,0.0028071475671788
2017-11-06,2591.1298828125,3541970000.0,0.0027350934096226
2017-11-07,2590.639892578125,3815190000.0,0.002739346584518
2017-11-08,2594.3798828125,3898450000.0,0.0026866360091504
2017-11-09,2584.6201171875,3844100000.0,0.0028321242707487
2017-11-10,2582.300048828125,3489740000.0,0.0028039476361756
2017-11-11,2582.300048828125,3489740000.0,0.0028039476361756
2017-11-12,2582.300048828125,3489740000.0,0.0028039476361756
2017-11-13,2584.840087890625,3405200000.0,0.0027448025167181
2017-11-14,2578.8701171875,3643580000.0,0.0027854735906458
2017-11-15,2564.6201171875,3586590000.0,0.0029968954776467
2017-11-16,2585.639892578125,3329730000.0,0.0031807062680959
2017-11-17,2578.85009765625,3309800000.0,0.0032186100881895
2017-11-18,2578.85009765625,3309800000.0,0.0032186100881895
2017-11-19,2578.85009765625,3309800000.0,0.0032186100881895
2017-11-20,2582.139892578125,3023940000.0,0.003195397444769
2017-11-21,2599.030029296875,3351230000.0,0.0033659508654844
2017-11-22,2597.080078125,2764110000.0,0.0033674738713449
2017-11-23,2597.080078125,2764110000.0,0.0033674738713449
2017-11-24,2602.419921875,1385890000.0,0.0033513081741893
2017-11-25,2602.419921875,1385890000.0,0.0033513081741893
2017-11-26,2602.419921875,1385890000.0,0.0033513081741893
2017-11-27,2601.419921875,3017720000.0,0.0033564776460658
2017-11-28,2627.0400390625,3493340000.0,0.0037485154073107
2017-11-29,2626.070068359375,4090630000.0,0.0037554420565614
2017-11-30,2647.580078125,4965700000.0,0.0039846207968038
2017-12-01,2642.219970703125,3950930000.0,0.0040234509592947
2017-12-02,2642.219970703125,3950930000.0,0.0040234509592947
2017-12-03,2642.219970703125,3950930000.0,0.0040234509592947
2017-12-04,2639.43994140625,4025840000.0,0.003964892355992
2017-12-05,2629.570068359375,3547570000.0,0.0039553391056908
2017-12-06,2629.27001953125,3253080000.0,0.0039560768598796
2017-12-07,2636.97998046875,3297060000.0,0.0038369360479388
2017-12-08,2651.5,3126750000.0,0.003922682744128
2017-12-09,2651.5,3126750000.0,0.003922682744128
2017-12-10,2651.5,3126750000.0,0.003922682744128
2017-12-11,2659.989990234375,3141480000.0,0.0037246242665332
2017-12-12,2664.110107421875,3568910000.0,0.0036398383787937
2017-12-13,2662.85009765625,3568360000.0,0.0036519414463712
2017-12-14,2652.010009765625,3442760000.0,0.0037712323555321
2017-12-15,2675.81005859375,5736910000.0,0.0040406903002652
2017-12-16,2675.81005859375,5736910000.0,0.0040406903002652
2017-12-17,2675.81005859375,5736910000.0,0.0040406903002652
2017-12-18,2690.159912109375,3727770000.0,0.0040973888082686
2017-12-19,2681.469970703125,3407680000.0,0.0041799825496833
2017-12-20,2679.25,3246230000.0,0.0041886224168774
2017-12-21,2684.570068359375,3293130000.0,0.0041912188065752
2017-12-22,2683.340087890625,2401030000.0,0.0041001265574369
2017-12-23,2683.340087890625,2401030000.0,0.0041001265574369
2017-12-24,2683.340087890625,2401030000.0,0.0041001265574369
2017-12-25,2683.340087890625,2401030000.0,0.0041001265574369
2017-12-26,2680.5,1970660000.0,0.0041031372417014
2017-12-27,2682.6201171875,2202900000.0,0.0041037099541032
2017-12-28,2687.5400390625,2174890000.0,0.0040494845626916
2017-12-29,2673.610107421875,2447760000.0,0.0040296411179545
2017-12-30,2673.610107421875,2447760000.0,0.0040296411179545
2017-12-31,2673.610107421875,2447760000.0,0.0040296411179545
2018-01-01,2673.610107421875,2447760000.0,0.0040296411179545
2018-01-02,2695.81005859375,3397430000.0,0.0040358535615019
2018-01-03,2713.06005859375,3544030000.0,0.0040614414849259
2018-01-04,2723.989990234375,3697340000.0,0.0040826190152132
2018-01-05,2743.14990234375,3239280000.0,0.0041031228273335
2018-01-06,2743.14990234375,3239280000.0,0.0041031228273335
2018-01-07,2743.14990234375,3239280000.0,0.0041031228273335
2018-01-08,2747.7099609375,3246160000.0,0.0040749790135247
2018-01-09,2751.2900390625,3467460000.0,0.0040761799092151
2018-01-10,2748.22998046875,3579900000.0,0.0040921151586801
2018-01-11,2767.56005859375,3645690000.0,0.0039332934364431
2018-01-12,2786.239990234375,3587220000.0,0.0040147927117708
2018-01-13,2786.239990234375,3587220000.0,0.0040147927117708
2018-01-14,2786.239990234375,3587220000.0,0.0040147927117708
2018-01-15,2786.239990234375,3587220000.0,0.0040147927117708
2018-01-16,2776.419921875,4362880000.0,0.0039607447297865
2018-01-17,2802.56005859375,3790340000.0,0.0041448401644628
2018-01-18,2798.030029296875,3703300000.0,0.0041602737057821
2018-01-19,2810.300048828125,3724230000.0,0.0040396580050783
2018-01-20,2810.300048828125,3724230000.0,0.0040396580050783
2018-01-21,2810.300048828125,3724230000.0,0.0040396580050783
2018-01-22,2832.969970703125,3489480000.0,0.0041500390462711
2018-01-23,2839.1298828125,3541140000.0,0.0041495658199384
2018-01-24,2837.5400390625,4079270000.0,0.0041443186382839
2018-01-25,2839.25,3873100000.0,0.004151167153828
2018-01-26,2872.8701171875,3474680000.0,0.0045027703426698
2018-01-27,2872.8701171875,3474680000.0,0.0045027703426698
2018-01-28,2872.8701171875,3474680000.0,0.0045027703426698
2018-01-29,2853.530029296875,3587420000.0,0.0047837867711648
2018-01-30,2822.429931640625,4012070000.0,0.0052432137236087
2018-01-31,2823.81005859375,4276270000.0,0.005086671634324
2018-02-01,2821.97998046875,3977380000.0,0.0050599521910704
2018-02-02,2762.1298828125,4340220000.0,0.0065352038261713
2018-02-03,2762.1298828125,4340220000.0,0.0065352038261713
2018-02-04,2762.1298828125,4340220000.0,0.0065352038261713
2018-02-05,2648.93994140625,5310840000.0,0.0101940372933978
2018-02-06,2695.139892578125,5917350000.0,0.0106875088515023
2018-02-07,2681.659912109375,4646300000.0,0.0107284599184457
2018-02-08,2581.0,5333840000.0,0.0128020039245545
2018-02-09,2619.550048828125,5690110000.0,0.0131317585581946
2018-02-10,2619.550048828125,5690110000.0,0.0131317585581946
2018-02-11,2619.550048828125,5690110000.0,0.0131317585581946
2018-02-12,2656.0,4069220000.0,0.0133941185196161
2018-02-13,2662.93994140625,3503540000.0,0.0133733997528452
2018-02-14,2698.6298828125,4011940000.0,0.0135136628708962
2018-02-15,2731.199951171875,3696140000.0,0.0136429215077353
2018-02-16,2732.219970703125,3646920000.0,0.0136241437070573
2018-02-17,2732.219970703125,3646920000.0,0.0136241437070573
2018-02-18,2732.219970703125,3646920000.0,0.0136241437070573
2018-02-19,2732.219970703125,3646920000.0,0.0136241437070573
2018-02-20,2716.260009765625,3646920000.0,0.0136016786822542
2018-02-21,2701.330078125,3789040000.0,0.0136285179170288
2018-02-22,2703.9599609375,3720620000.0,0.0136270939269541
2018-02-23,2747.300048828125,3200360000.0,0.0139542088869453
2018-02-24,2747.300048828125,3200360000.0,0.0139542088869453
2018-02-25,2747.300048828125,3200360000.0,0.0139542088869453
2018-02-26,2779.60009765625,3436590000.0,0.0140611316315505
2018-02-27,2744.280029296875,3752070000.0,0.0141968786015004
2018-02-28,2713.830078125,4244570000.0,0.0143206691914082
2018-03-01,2677.669921875,4514490000.0,0.0143689605199101
2018-03-02,2691.25,3891250000.0,0.0144190041077324
2018-03-03,2691.25,3891250000.0,0.0144190041077324
2018-03-04,2691.25,3891250000.0,0.0144190041077324
2018-03-05,2720.93994140625,3733640000.0,0.0145581029092577
2018-03-06,2728.1201171875,3389030000.0,0.0144747154689122
2018-03-07,2726.800048828125,3406690000.0,0.0144611346756412
2018-03-08,2738.969970703125,3206040000.0,0.0144994400675503
2018-03-09,2786.570068359375,3376870000.0,0.0148825850753376
2018-03-10,2786.570068359375,3376870000.0,0.0148825850753376
2018-03-11,2786.570068359375,3376870000.0,0.0148825850753376
2018-03-12,2783.02001953125,3216960000.0,0.0146973367319798
2018-03-13,2765.31005859375,3324290000.0,0.0146925365756279
2018-03-14,2749.47998046875,3394630000.0,0.0146017611785329
2018-03-15,2747.330078125,3543710000.0,0.014599517545229
2018-03-16,2752.010009765625,5429140000.0,0.01460730339019
2018-03-17,2752.010009765625,5429140000.0,0.01460730339019
2018-03-18,2752.010009765625,5429140000.0,0.01460730339019
2018-03-19,2712.919921875,3327460000.0,0.0143156510393258
2018-03-20,2716.93994140625,3272590000.0,0.0120114156649116
2018-03-21,2711.929931640625,3434780000.0,0.0116093322186272
2018-03-22,2643.68994140625,3765460000.0,0.0124946418931703
2018-03-23,2588.260009765625,3829380000.0,0.0110158735365037
2018-03-24,2588.260009765625,3829380000.0,0.0110158735365037
2018-03-25,2588.260009765625,3829380000.0,0.0110158735365037
2018-03-26,2658.550048828125,3538080000.0,0.0117595040404058
2018-03-27,2612.6201171875,3761320000.0,0.0119211307648299
2018-03-28,2605.0,3875720000.0,0.0119133632385889
2018-03-29,2640.8701171875,3572360000.0,0.0119282693810762
2018-03-30,2640.8701171875,3572360000.0,0.0119282693810762
2018-03-31,2640.8701171875,3572360000.0,0.0119282693810762
2018-04-01,2640.8701171875,3572360000.0,0.0119282693810762
2018-04-02,2581.8798828125,3635780000.0,0.0123216572104791
2018-04-03,2614.449951171875,3395840000.0,0.0125952122391779
2018-04-04,2644.68994140625,3369230000.0,0.0127839025032987
2018-04-05,2662.840087890625,3230430000.0,0.012828736144102
2018-04-06,2604.469970703125,3312390000.0,0.0134203092310021
2018-04-07,2604.469970703125,3312390000.0,0.0134203092310021
2018-04-08,2604.469970703125,3312390000.0,0.0134203092310021
2018-04-09,2613.159912109375,3076140000.0,0.0130576946769824
2018-04-10,2656.8701171875,3579130000.0,0.0132596261875545
2018-04-11,2642.18994140625,3054520000.0,0.0131121681079603
2018-04-12,2663.989990234375,3045330000.0,0.0130851521007963
2018-04-13,2656.300048828125,2988540000.0,0.0128695708532202
2018-04-14,2656.300048828125,2988540000.0,0.0128695708532202
2018-04-15,2656.300048828125,2988540000.0,0.0128695708532202
2018-04-16,2677.840087890625,3020740000.0,0.0129243076021762
2018-04-17,2706.389892578125,3286190000.0,0.0129135837191401
2018-04-18,2708.639892578125,3412030000.0,0.0129042235051272
2018-04-19,2693.1298828125,3375120000.0,0.0129433241048171
2018-04-20,2670.139892578125,3428260000.0,0.0129928127130581
2018-04-21,2670.139892578125,3428260000.0,0.0129928127130581
2018-04-22,2670.139892578125,3428260000.0,0.0129928127130581
2018-04-23,2670.2900390625,3030390000.0,0.0125392608200239
2018-04-24,2634.56005859375,3716020000.0,0.0127306088351119
2018-04-25,2639.39990234375,3563680000.0,0.0127176025702154
2018-04-26,2666.93994140625,3690920000.0,0.0128741854609041
2018-04-27,2669.909912109375,3234510000.0,0.0128800208592049
2018-04-28,2669.909912109375,3234510000.0,0.0128800208592049
2018-04-29,2669.909912109375,3234510000.0,0.0128800208592049
2018-04-30,2648.050048828125,3749510000.0,0.0129367851481963
2018-05-01,2654.800048828125,3562820000.0,0.0127158143734229
2018-05-02,2635.669921875,4047020000.0,0.0127631818706258
2018-05-03,2629.72998046875,3867530000.0,0.0127643262416904
2018-05-04,2663.419921875,3335260000.0,0.0121303516018784
2018-05-05,2663.419921875,3335260000.0,0.0121303516018784
2018-05-06,2663.419921875,3335260000.0,0.0121303516018784
2018-05-07,2672.6298828125,3266810000.0,0.0114435201525692
2018-05-08,2671.919921875,3745100000.0,0.010361111109358
2018-05-09,2697.7900390625,3913650000.0,0.0099462304680531
2018-05-10,2723.070068359375,3380640000.0,0.0100278316122959
2018-05-11,2727.719970703125,2874850000.0,0.0097603087339007
2018-05-12,2727.719970703125,2874850000.0,0.0097603087339007
2018-05-13,2727.719970703125,2874850000.0,0.0097603087339007
2018-05-14,2730.1298828125,2994360000.0,0.0086783157419867
2018-05-15,2711.449951171875,3291190000.0,0.0085777094309455
2018-05-16,2722.4599609375,3248480000.0,0.008375135690896
2018-05-17,2720.1298828125,3478150000.0,0.0083066123441974
2018-05-18,2712.969970703125,3383270000.0,0.0071348362764978
2018-05-19,2712.969970703125,3383270000.0,0.0071348362764978
2018-05-20,2712.969970703125,3383270000.0,0.0071348362764978
2018-05-21,2733.010009765625,3053480000.0,0.0072107110156979
2018-05-22,2724.43994140625,3384140000.0,0.0066657270599586
2018-05-23,2733.2900390625,3333160000.0,0.0065681205062134
2018-05-24,2727.760009765625,3285750000.0,0.0064522100218628
2018-05-25,2721.330078125,3015260000.0,0.0064424931359807
2018-05-26,2721.330078125,3015260000.0,0.0064424931359807
2018-05-27,2721.330078125,3015260000.0,0.0064424931359807
2018-05-28,2721.330078125,3015260000.0,0.0064424931359807
2018-05-29,2689.860107421875,3743310000.0,0.0066761622551789
2018-05-30,2724.010009765625,3566490000.0,0.006793812450358
2018-05-31,2705.27001953125,4241100000.0,0.0069153459190532
2018-06-01,2734.6201171875,3694310000.0,0.0071016335579426
2018-06-02,2734.6201171875,3694310000.0,0.0071016335579426
2018-06-03,2734.6201171875,3694310000.0,0.0071016335579426
2018-06-04,2746.8701171875,3410090000.0,0.0069234150627927
2018-06-05,2748.800048828125,3523550000.0,0.0069215616845967
2018-06-06,2772.35009765625,3662780000.0,0.0064913851346871
2018-06-07,2770.3701171875,3742080000.0,0.0065062179779689
2018-06-08,2779.030029296875,3138850000.0,0.0063007092710421
2018-06-09,2779.030029296875,3138850000.0,0.0063007092710421
2018-06-10,2779.030029296875,3138850000.0,0.0063007092710421
2018-06-11,2782.0,3262130000.0,0.0063007782775258
2018-06-12,2786.85009765625,3435700000.0,0.0060347159835573
2018-06-13,2775.6298828125,3820770000.0,0.0061219727407667
2018-06-14,2782.489990234375,3540930000.0,0.0058978379772119
2018-06-15,2779.659912109375,5451990000.0,0.0058726954228636
2018-06-16,2779.659912109375,5451990000.0,0.0058726954228636
2018-06-17,2779.659912109375,5451990000.0,0.0058726954228636
2018-06-18,2773.75,3316120000.0,0.0055404915900153
2018-06-19,2762.590087890625,3671160000.0,0.0056107486995528
2018-06-20,2767.320068359375,3332140000.0,0.0056057183502369
2018-06-21,2749.760009765625,3336580000.0,0.005533173829496
2018-06-22,2754.8798828125,5468110000.0,0.0052914090004651
2018-06-23,2754.8798828125,5468110000.0,0.0052914090004651
2018-06-24,2754.8798828125,5468110000.0,0.0052914090004651
2018-06-25,2717.070068359375,3663280000.0,0.0058840259187621
2018-06-26,2723.06005859375,3568900000.0,0.0058967749234516
2018-06-27,2699.6298828125,3803990000.0,0.0059755662117521
2018-06-28,2716.31005859375,3461100000.0,0.0060386693600628
2018-06-29,2718.3701171875,3586800000.0,0.0060386639779821
2018-06-30,2718.3701171875,3586800000.0,0.0060386639779821
2018-07-01,2718.3701171875,3586800000.0,0.0060386639779821
2018-07-02,2726.7099609375,3095040000.0,0.0060432308419876
2018-07-03,2713.219970703125,1911460000.0,0.0059556487930627
2018-07-04,2713.219970703125,1911460000.0,0.0059556487930627
2018-07-05,2736.610107421875,2980160000.0,0.0061407060142436
2018-07-06,2759.820068359375,2590250000.0,0.00630243694729
2018-07-07,2759.820068359375,2590250000.0,0.00630243694729
2018-07-08,2759.820068359375,2590250000.0,0.00630243694729
2018-07-09,2784.169921875,3070060000.0,0.006470375096853
2018-07-10,2793.840087890625,3080140000.0,0.0064633590529837
2018-07-11,2774.02001953125,2986180000.0,0.0062097815111179
2018-07-12,2798.2900390625,2834230000.0,0.0059957260666449
2018-07-13,2801.31005859375,2619790000.0,0.0058119399663958
2018-07-14,2801.31005859375,2619790000.0,0.0058119399663958
2018-07-15,2801.31005859375,2619790000.0,0.0058119399663958
2018-07-16,2798.429931640625,2819860000.0,0.0055305713594006
2018-07-17,2809.550048828125,3064920000.0,0.0055197015675698
2018-07-18,2815.6201171875,3111560000.0,0.0055256457722598
2018-07-19,2804.489990234375,3278360000.0,0.0053920833353753
2018-07-20,2801.830078125,3243250000.0,0.0053939002039425
2018-07-21,2801.830078125,3243250000.0,0.0053939002039425
2018-07-22,2801.830078125,3243250000.0,0.0053939002039425
2018-07-23,2806.97998046875,2928490000.0,0.0053764303699121
2018-07-24,2820.39990234375,3430410000.0,0.005436008471178
2018-07-25,2846.070068359375,3584400000.0,0.0056554489208208
2018-07-26,2837.43994140625,3667290000.0,0.0056295258748185
2018-07-27,2818.820068359375,3434370000.0,0.0057741060721437
2018-07-28,2818.820068359375,3434370000.0,0.0057741060721437
2018-07-29,2818.820068359375,3434370000.0,0.0057741060721437
2018-07-30,2802.60009765625,3261190000.0,0.0058795164418976
2018-07-31,2816.2900390625,3906890000.0,0.005919683914409
2018-08-01,2813.360107421875,3501350000.0,0.0058655473657089
2018-08-02,2827.219970703125,3501380000.0,0.0059152857551734
2018-08-03,2840.35009765625,3043690000.0,0.0058011242960162
2018-08-04,2840.35009765625,3043690000.0,0.0058011242960162
2018-08-05,2840.35009765625,3043690000.0,0.0058011242960162
2018-08-06,2850.39990234375,2879020000.0,0.0058168810977718
2018-08-07,2858.449951171875,3185440000.0,0.0050894560570635
2018-08-08,2857.699951171875,2978070000.0,0.0051007965939804
2018-08-09,2853.580078125,3066180000.0,0.0047598936579364
2018-08-10,2833.280029296875,3265590000.0,0.0049596449272118
2018-08-11,2833.280029296875,3265590000.0,0.0049596449272118
2018-08-12,2833.280029296875,3265590000.0,0.0049596449272118
2018-08-13,2821.929931640625,3173630000.0,0.0050566993974455
2018-08-14,2839.9599609375,2986500000.0,0.0051330971317074
2018-08-15,2818.3701171875,3656680000.0,0.0052678571969961
2018-08-16,2840.68994140625,3232000000.0,0.0052359757146562
2018-08-17,2850.1298828125,3037640000.0,0.0050739757625911
2018-08-18,2850.1298828125,3037640000.0,0.0050739757625911
2018-08-19,2850.1298828125,3037640000.0,0.0050739757625911
2018-08-20,2857.050048828125,2757150000.0,0.0048694389484093
2018-08-21,2862.9599609375,3174010000.0,0.0048502669557642
2018-08-22,2861.820068359375,2701250000.0,0.0046209512816547
2018-08-23,2856.97998046875,2724450000.0,0.0044109213668611
2018-08-24,2874.68994140625,2603010000.0,0.0045232343082081
2018-08-25,2874.68994140625,2603010000.0,0.0045232343082081
2018-08-26,2874.68994140625,2603010000.0,0.0045232343082081
2018-08-27,2896.739990234375,2865070000.0,0.0046727670437426
2018-08-28,2897.52001953125,2687770000.0,0.0046446333266256
2018-08-29,2914.0400390625,2805520000.0,0.0047182916862463
2018-08-30,2901.1298828125,2810450000.0,0.0047369540979455
2018-08-31,2901.52001953125,2887220000.0,0.0047246783557692
2018-09-01,2901.52001953125,2887220000.0,0.0047246783557692
2018-09-02,2901.52001953125,2887220000.0,0.0047246783557692
2018-09-03,2901.52001953125,2887220000.0,0.0047246783557692
2018-09-04,2896.719970703125,3087420000.0,0.0047505239499076
2018-09-05,2888.60009765625,3248780000.0,0.00474730512398
2018-09-06,2878.050048828125,3144240000.0,0.0045475829857869
2018-09-07,2871.679931640625,2976580000.0,0.0045287878633989
2018-09-08,2871.679931640625,2976580000.0,0.0045287878633989
2018-09-09,2871.679931640625,2976580000.0,0.0045287878633989
2018-09-10,2877.1298828125,2751100000.0,0.0043385112644953
2018-09-11,2887.889892578125,2904500000.0,0.0041956749324824
2018-09-12,2888.919921875,3341280000.0,0.0041324439232338
2018-09-13,2904.179931640625,3274090000.0,0.0041930609037852
2018-09-14,2904.97998046875,3179410000.0,0.0041310615942317
2018-09-15,2904.97998046875,3179410000.0,0.0041310615942317
2018-09-16,2904.97998046875,3179410000.0,0.0041310615942317
2018-09-17,2888.800048828125,2967980000.0,0.0042330168174019
2018-09-18,2904.31005859375,3091190000.0,0.0042897871852124
2018-09-19,2907.949951171875,3302460000.0,0.0042716283350441
2018-09-20,2930.75,3406520000.0,0.0044670176542223
2018-09-21,2929.669921875,5652470000.0,0.0044523595913225
2018-09-22,2929.669921875,5652470000.0,0.0044523595913225
2018-09-23,2929.669921875,5652470000.0,0.0044523595913225
2018-09-24,2919.3701171875,3392030000.0,0.0042731442131457
2018-09-25,2915.56005859375,3330880000.0,0.0041914427520681
2018-09-26,2905.969970703125,3417540000.0,0.0041426509057023
2018-09-27,2914.0,3101360000.0,0.0038396703470117
2018-09-28,2913.97998046875,3461680000.0,0.0036237255317676
2018-09-29,2913.97998046875,3461680000.0,0.0036237255317676
2018-09-30,2913.97998046875,3461680000.0,0.0036237255317676
2018-10-01,2924.590087890625,3375890000.0,0.0036316224040861
2018-10-02,2923.429931640625,3432620000.0,0.0036262187655013
2018-10-03,2925.510009765625,3625510000.0,0.0036178869095054
2018-10-04,2901.610107421875,3510370000.0,0.0039650644192925
2018-10-05,2885.570068359375,3340820000.0,0.0040972818618149
2018-10-06,2885.570068359375,3340820000.0,0.0040972818618149
2018-10-07,2885.570068359375,3340820000.0,0.0040972818618149
2018-10-08,2884.429931640625,3381820000.0,0.0039467789347189
2018-10-09,2880.340087890625,3531690000.0,0.0036890704607202
2018-10-10,2785.679931640625,4554260000.0,0.0070970520312838
2018-10-11,2728.3701171875,4914090000.0,0.0078072624508356
2018-10-12,2767.1298828125,4024010000.0,0.0083394650529132
2018-10-13,2767.1298828125,4024010000.0,0.0083394650529132
2018-10-14,2767.1298828125,4024010000.0,0.0083394650529132
2018-10-15,2750.7900390625,3327160000.0,0.0083698825232342
2018-10-16,2809.919921875,3460260000.0,0.009368292281867
2018-10-17,2809.2099609375,3347090000.0,0.0093630411528563
2018-10-18,2768.780029296875,3639300000.0,0.0096758488759047
2018-10-19,2767.780029296875,3593940000.0,0.009675655755321
2018-10-20,2767.780029296875,3593940000.0,0.009675655755321
2018-10-21,2767.780029296875,3593940000.0,0.009675655755321
2018-10-22,2755.8798828125,3331270000.0,0.0096728819859753
2018-10-23,2740.68994140625,4373710000.0,0.0096499969225034
2018-10-24,2656.10009765625,4738670000.0,0.0110472261289425
2018-10-25,2705.570068359375,4663930000.0,0.0116264308702761
2018-10-26,2658.68994140625,4804330000.0,0.0119353614544745
2018-10-27,2658.68994140625,4804330000.0,0.0119353614544745
2018-10-28,2658.68994140625,4804330000.0,0.0119353614544745
2018-10-29,2641.25,4701260000.0,0.0119443168091086
2018-10-30,2682.6298828125,5125600000.0,0.0123284395885411
2018-10-31,2711.739990234375,5133380000.0,0.0125534789089255
2018-11-01,2740.3701171875,4730250000.0,0.0126378046361032
2018-11-02,2723.06005859375,4261230000.0,0.0126543117349249
2018-11-03,2723.06005859375,4261230000.0,0.0126543117349249
2018-11-04,2723.06005859375,4261230000.0,0.0126543117349249
2018-11-05,2738.31005859375,3650910000.0,0.0127363680978761
2018-11-06,2755.449951171875,3543800000.0,0.0128274722572626
2018-11-07,2813.889892578125,3929080000.0,0.0134845468633362
2018-11-08,2806.830078125,3673550000.0,0.0134672150490768
2018-11-09,2781.010009765625,4029030000.0,0.013543169608341
2018-11-10,2781.010009765625,4029030000.0,0.013543169608341
2018-11-11,2781.010009765625,4029030000.0,0.013543169608341
2018-11-12,2726.219970703125,3701570000.0,0.0139086916125763
2018-11-13,2722.179931640625,4112820000.0,0.0139048683278056
2018-11-14,2701.580078125,4449060000.0,0.0139239430990915
2018-11-15,2730.199951171875,4204960000.0,0.0140858879060296
2018-11-16,2736.27001953125,3996970000.0,0.0140904309125635
2018-11-17,2736.27001953125,3996970000.0,0.0140904309125635
2018-11-18,2736.27001953125,3996970000.0,0.0140904309125635
2018-11-19,2690.72998046875,3806940000.0,0.0143505262720781
2018-11-20,2641.889892578125,4370820000.0,0.0146427470022484
2018-11-21,2649.929931640625,3237400000.0,0.0134884182075207
2018-11-22,2649.929931640625,3237400000.0,0.0134884182075207
2018-11-23,2632.56005859375,1651680000.0,0.0130356417856689
2018-11-24,2632.56005859375,1651680000.0,0.0130356417856689
2018-11-25,2632.56005859375,1651680000.0,0.0130356417856689
2018-11-26,2673.449951171875,3523520000.0,0.0130905888349367
2018-11-27,2682.169921875,3494380000.0,0.0130824138877237
2018-11-28,2743.7900390625,3984540000.0,0.0131690737163762
2018-11-29,2737.800048828125,3599200000.0,0.0131710626348389
2018-11-30,2760.169921875,4668310000.0,0.0130101785135764
2018-12-01,2760.169921875,4668310000.0,0.0130101785135764
2018-12-02,2760.169921875,4668310000.0,0.0130101785135764
2018-12-03,2790.3701171875,4221580000.0,0.0131635414871779
2018-12-04,2700.06005859375,4515710000.0,0.0144761281216864
2018-12-05,2700.06005859375,4515710000.0,0.0144761281216864
2018-12-06,2695.949951171875,5180430000.0,0.0144483501790705
2018-12-07,2633.080078125,4242240000.0,0.0139386713754368
2018-12-08,2633.080078125,4242240000.0,0.0139386713754368
2018-12-09,2633.080078125,4242240000.0,0.0139386713754368
2018-12-10,2637.719970703125,4162880000.0,0.0134906026363095
2018-12-11,2636.780029296875,3963440000.0,0.013119766827318
2018-12-12,2651.070068359375,4029300000.0,0.0131036240763735
2018-12-13,2650.5400390625,3978340000.0,0.0127758642762613
2018-12-14,2599.949951171875,4064370000.0,0.0130438303211982
2018-12-15,2599.949951171875,4064370000.0,0.0130438303211982
2018-12-16,2599.949951171875,4064370000.0,0.0130438303211982
2018-12-17,2545.93994140625,4661420000.0,0.0133171156199226
2018-12-18,2546.159912109375,4519190000.0,0.0133041513301662
2018-12-19,2506.9599609375,5152830000.0,0.0134333944742018
2018-12-20,2467.419921875,5619780000.0,0.0135193649070472
2018-12-21,2416.6201171875,7657890000.0,0.0130343373798514
2018-12-22,2416.6201171875,7657890000.0,0.0130343373798514
2018-12-23,2416.6201171875,7657890000.0,0.0130343373798514
2018-12-24,2351.10009765625,2613670000.0,0.0136482036521169
2018-12-25,2351.10009765625,2613670000.0,0.0136482036521169
2018-12-26,2467.699951171875,4249740000.0,0.0168456460799595
2018-12-27,2488.830078125,4139010000.0,0.0167185902907139
2018-12-28,2485.739990234375,3728440000.0,0.016719419265236
2018-12-29,2485.739990234375,3728440000.0,0.016719419265236
2018-12-30,2485.739990234375,3728440000.0,0.016719419265236
2018-12-31,2506.85009765625,3461920000.0,0.016824748960632
2019-01-01,2506.85009765625,3461920000.0,0.016824748960632
2019-01-02,2510.030029296875,3733160000.0,0.0166614890216599
2019-01-03,2447.889892578125,3858830000.0,0.0171164893218766
2019-01-04,2531.93994140625,4234140000.0,0.0182363620711295
2019-01-05,2531.93994140625,4234140000.0,0.0182363620711295
2019-01-06,2531.93994140625,4234140000.0,0.0182363620711295
2019-01-07,2549.68994140625,4133120000.0,0.0180410495090396
2019-01-08,2574.409912109375,4120060000.0,0.0181345197778632
2019-01-09,2584.9599609375,4088740000.0,0.0181252410133816
2019-01-10,2596.639892578125,3721300000.0,0.0179008206917947
2019-01-11,2596.260009765625,3447460000.0,0.0178838788695788
2019-01-12,2596.260009765625,3447460000.0,0.0178838788695788
2019-01-13,2596.260009765625,3447460000.0,0.0178838788695788
2019-01-14,2582.610107421875,3689370000.0,0.0173206849136479
2019-01-15,2610.300048828125,3601180000.0,0.0174746061306224
2019-01-16,2616.10009765625,3882180000.0,0.0173942300035965
2019-01-17,2635.9599609375,3802410000.0,0.017321269597567
2019-01-18,2670.7099609375,4009010000.0,0.0164985989608083
2019-01-19,2670.7099609375,4009010000.0,0.0164985989608083
2019-01-20,2670.7099609375,4009010000.0,0.0164985989608083
2019-01-21,2670.7099609375,4009010000.0,0.0164985989608083
2019-01-22,2632.89990234375,3923950000.0,0.0166921489596947
2019-01-23,2638.699951171875,3358770000.0,0.0161317615891848
2019-01-24,2642.330078125,3449230000.0,0.0161305219378803
2019-01-25,2664.760009765625,3821000000.0,0.0162027350057632
2019-01-26,2664.760009765625,3821000000.0,0.0162027350057632
2019-01-27,2664.760009765625,3821000000.0,0.0162027350057632
2019-01-28,2643.85009765625,3630820000.0,0.0162413295745956
2019-01-29,2640.0,3518070000.0,0.0162432429170852
2019-01-30,2681.050048828125,3883270000.0,0.0160679783829276
2019-01-31,2704.10009765625,4953800000.0,0.0155698613877108
2019-02-01,2706.530029296875,3782490000.0,0.0155671099530491
2019-02-02,2706.530029296875,3782490000.0,0.0155671099530491
2019-02-03,2706.530029296875,3782490000.0,0.0155671099530491
2019-02-04,2724.8701171875,3369450000.0,0.0152285810964244
2019-02-05,2737.699951171875,3597620000.0,0.0148162615445824
2019-02-06,2731.610107421875,3486590000.0,0.0141398024321228
2019-02-07,2706.050048828125,4114040000.0,0.0130942623252787
2019-02-08,2707.8798828125,3649510000.0,0.0101732840105446
2019-02-09,2707.8798828125,3649510000.0,0.0101732840105446
2019-02-10,2707.8798828125,3649510000.0,0.0101732840105446
2019-02-11,2709.800048828125,3395330000.0,0.0101294199192498
2019-02-12,2744.72998046875,3843020000.0,0.0102583702756512
2019-02-13,2753.030029296875,3684910000.0,0.0102121190022895
2019-02-14,2745.72998046875,3845390000.0,0.0102616830223559
2019-02-15,2775.60009765625,3648680000.0,0.0088760498374287
2019-02-16,2775.60009765625,3648680000.0,0.0088760498374287
2019-02-17,2775.60009765625,3648680000.0,0.0088760498374287
2019-02-18,2775.60009765625,3648680000.0,0.0088760498374287
2019-02-19,2779.760009765625,3535270000.0,0.0069053234043688
2019-02-20,2784.699951171875,3904830000.0,0.006869977860951
2019-02-21,2774.8798828125,3598260000.0,0.0068475323270719
2019-02-22,2792.669921875,3429350000.0,0.0068787723938524
2019-02-23,2792.669921875,3429350000.0,0.0068787723938524
2019-02-24,2792.669921875,3429350000.0,0.0068787723938524
2019-02-25,2796.110107421875,3860260000.0,0.0068730526895723
2019-02-26,2793.89990234375,3676200000.0,0.0068825031103011
2019-02-27,2792.3798828125,3771790000.0,0.0067526217246484
2019-02-28,2784.489990234375,4445780000.0,0.0066457015916795
2019-03-01,2803.68994140625,3994950000.0,0.0067013433021462
2019-03-02,2803.68994140625,3994950000.0,0.0067013433021462
2019-03-03,2803.68994140625,3994950000.0,0.0067013433021462
2019-03-04,2792.81005859375,3949730000.0,0.0067178347599443
2019-03-05,2789.64990234375,3631380000.0,0.006396615016492
2019-03-06,2771.449951171875,3800180000.0,0.0058772948997701
2019-03-07,2748.929931640625,3932150000.0,0.0061456526049981
2019-03-08,2743.070068359375,3424300000.0,0.0061787423348927
2019-03-09,2743.070068359375,3424300000.0,0.0061787423348927
2019-03-10,2743.070068359375,3424300000.0,0.0061787423348927
2019-03-11,2783.300048828125,3764850000.0,0.0065157162243363
2019-03-12,2791.52001953125,3432340000.0,0.0062766606181694
2019-03-13,2810.919921875,3782250000.0,0.0063126057113309
2019-03-14,2808.47998046875,3505670000.0,0.0058060884580809
2019-03-15,2822.47998046875,5969780000.0,0.0056924903377375
2019-03-16,2822.47998046875,5969780000.0,0.0056924903377375
2019-03-17,2822.47998046875,5969780000.0,0.0056924903377375
2019-03-18,2832.93994140625,3620770000.0,0.0057064494097016
2019-03-19,2832.570068359375,3650740000.0,0.0056266659491217
2019-03-20,2824.22998046875,3779160000.0,0.00564025499918
2019-03-21,2854.8798828125,3612620000.0,0.0058764577639053
2019-03-22,2800.7099609375,4253730000.0,0.0067097092167376
2019-03-23,2800.7099609375,4253730000.0,0.0067097092167376
2019-03-24,2800.7099609375,4253730000.0,0.0067097092167376
2019-03-25,2798.360107421875,3406110000.0,0.0067190677392641
2019-03-26,2818.4599609375,3288570000.0,0.0068088079677376
2019-03-27,2805.3701171875,3422400000.0,0.0065328654021718
2019-03-28,2815.43994140625,3185460000.0,0.006540487143288
2019-03-29,2834.39990234375,3752520000.0,0.0065958074140732
2019-03-30,2834.39990234375,3752520000.0,0.0065958074140732
2019-03-31,2834.39990234375,3752520000.0,0.0065958074140732
2019-04-01,2867.18994140625,3560090000.0,0.0066316965950064
2019-04-02,2867.239990234375,3267210000.0,0.006634004914693
2019-04-03,2873.39990234375,3570000000.0,0.0066357800486306
2019-04-04,2879.389892578125,3038740000.0,0.0065811691433366
2019-04-05,2892.739990234375,3155970000.0,0.0065412354010778
2019-04-06,2892.739990234375,3155970000.0,0.0065412354010778
2019-04-07,2892.739990234375,3155970000.0,0.0065412354010778
2019-04-08,2895.77001953125,3056460000.0,0.0065412659453539
2019-04-09,2878.199951171875,3032480000.0,0.006666175541601
2019-04-10,2888.2099609375,3092230000.0,0.0066746044661539
2019-04-11,2888.320068359375,2970650000.0,0.0066364470660132
2019-04-12,2907.409912109375,3726050000.0,0.0066283030568858
2019-04-13,2907.409912109375,3726050000.0,0.0066283030568858
2019-04-14,2907.409912109375,3726050000.0,0.0066283030568858
2019-04-15,2905.580078125,3114530000.0,0.006568291948331
2019-04-16,2907.06005859375,3403120000.0,0.0065539863355835
2019-04-17,2900.449951171875,3648100000.0,0.0064211006588301
2019-04-18,2905.030029296875,3507100000.0,0.0061557804315007
2019-04-19,2905.030029296875,3507100000.0,0.0061557804315007
2019-04-20,2905.030029296875,3507100000.0,0.0061557804315007
2019-04-21,2905.030029296875,3507100000.0,0.0061557804315007
2019-04-22,2907.969970703125,3010130000.0,0.0061123753760229
2019-04-23,2933.679931640625,3674480000.0,0.0057842691369949
2019-04-24,2927.25,3468480000.0,0.0058237142400199
2019-04-25,2926.169921875,3440010000.0,0.0057446871838868
2019-04-26,2939.8798828125,3264390000.0,0.0057603422145637
2019-04-27,2939.8798828125,3264390000.0,0.0057603422145637
2019-04-28,2939.8798828125,3264390000.0,0.0057603422145637
2019-04-29,2943.030029296875,3150390000.0,0.0057237306230442
2019-04-30,2945.830078125,3939760000.0,0.0057075371520562
2019-05-01,2923.72998046875,3669330000.0,0.0059272768201426
2019-05-02,2917.52001953125,3802290000.0,0.0059099929270799
2019-05-03,2945.639892578125,3357180000.0,0.0058456184869715
2019-05-04,2945.639892578125,3357180000.0,0.0058456184869715
2019-05-05,2945.639892578125,3357180000.0,0.0058456184869715
2019-05-06,2932.469970703125,3203260000.0,0.0045722650730855
2019-05-07,2884.050048828125,3793060000.0,0.0056412474497941
2019-05-08,2879.419921875,3543110000.0,0.0055376663347375
2019-05-09,2870.719970703125,3659050000.0,0.0054909972982058
2019-05-10,2881.39990234375,3566780000.0,0.0054933528644187
2019-05-11,2881.39990234375,3566780000.0,0.0054933528644187
2019-05-12,2881.39990234375,3566780000.0,0.0054933528644187
2019-05-13,2811.8701171875,3900270000.0,0.0070527307444311
2019-05-14,2834.409912109375,3354860000.0,0.0068773704030509
2019-05-15,2850.9599609375,3140900000.0,0.0069700599606713
2019-05-16,2876.320068359375,3338470000.0,0.0071528606910791
2019-05-17,2859.530029296875,3316040000.0,0.0072209333875585
2019-05-18,2859.530029296875,3316040000.0,0.0072209333875585
2019-05-19,2859.530029296875,3316040000.0,0.0072209333875585
2019-05-20,2840.22998046875,3293750000.0,0.0072563672611832
2019-05-21,2864.360107421875,3223050000.0,0.0074386859395859
2019-05-22,2856.27001953125,3194000000.0,0.0073757825321256
2019-05-23,2822.239990234375,3899320000.0,0.0076415825509675
2019-05-24,2826.06005859375,2889230000.0,0.007650141348208
2019-05-25,2826.06005859375,2889230000.0,0.007650141348208
2019-05-26,2826.06005859375,2889230000.0,0.007650141348208
2019-05-27,2826.06005859375,2889230000.0,0.007650141348208
2019-05-28,2802.389892578125,4146980000.0,0.0076457678430877
2019-05-29,2783.02001953125,3701110000.0,0.0077151723997131
2019-05-30,2788.860107421875,3276030000.0,0.0077343913616466
2019-05-31,2752.06005859375,3982670000.0,0.0080334809980899
2019-06-01,2752.06005859375,3982670000.0,0.0080334809980899
2019-06-02,2752.06005859375,3982670000.0,0.0080334809980899
2019-06-03,2744.449951171875,3952360000.0,0.0080105471403444
2019-06-04,2803.27001953125,3814130000.0,0.0090449565079673
2019-06-05,2826.14990234375,3570760000.0,0.0090200139037544
2019-06-06,2843.489990234375,3445140000.0,0.0091169564112834
2019-06-07,2873.340087890625,3244380000.0,0.0093521095907231
2019-06-08,2873.340087890625,3244380000.0,0.0093521095907231
2019-06-09,2873.340087890625,3244380000.0,0.0093521095907231
2019-06-10,2886.72998046875,3209890000.0,0.0093516213085127
2019-06-11,2885.719970703125,3551000000.0,0.0093464207192813
2019-06-12,2879.840087890625,3039870000.0,0.0093446440770679
2019-06-13,2891.639892578125,3100640000.0,0.0092948089721273
2019-06-14,2886.97998046875,2992810000.0,0.0092919319161413
2019-06-15,2886.97998046875,2992810000.0,0.0092919319161413
2019-06-16,2886.97998046875,2992810000.0,0.0092919319161413
2019-06-17,2889.669921875,2828400000.0,0.0091050237037864
2019-06-18,2917.75,3441540000.0,0.009264325839633
2019-06-19,2926.4599609375,3300220000.0,0.0087383899548289
2019-06-20,2954.179931640625,3943060000.0,0.008878345294085
2019-06-21,2950.4599609375,5003540000.0,0.0088575600242283
2019-06-22,2950.4599609375,5003540000.0,0.0088575600242283
2019-06-23,2950.4599609375,5003540000.0,0.0088575600242283
2019-06-24,2945.35009765625,3136960000.0,0.008854007376901
2019-06-25,2917.3798828125,3579430000.0,0.0077429282771019
2019-06-26,2913.780029296875,3511350000.0,0.0076479015159891
2019-06-27,2924.919921875,3162500000.0,0.0076122549122869
2019-06-28,2941.760009765625,5422650000.0,0.0075200237538846
2019-06-29,2941.760009765625,5422650000.0,0.0075200237538846
2019-06-30,2941.760009765625,5422650000.0,0.0075200237538846
2019-07-01,2964.330078125,3524860000.0,0.0075150370520389
2019-07-02,2973.010009765625,3224490000.0,0.0073674087383339
2019-07-03,2995.820068359375,1963570000.0,0.0073423539731946
2019-07-04,2995.820068359375,1963570000.0,0.0073423539731946
2019-07-05,2990.409912109375,2434680000.0,0.007323964912385
2019-07-06,2990.409912109375,2434680000.0,0.007323964912385
2019-07-07,2990.409912109375,2434680000.0,0.007323964912385
2019-07-08,2975.949951171875,2922360000.0,0.0069774812458866
2019-07-09,2979.6298828125,3033330000.0,0.0069777535677373
2019-07-10,2993.070068359375,3157800000.0,0.0067220386778983
2019-07-11,2999.909912109375,3155710000.0,0.0064972245137024
2019-07-12,3013.77001953125,2984140000.0,0.0065080131439278
2019-07-13,3013.77001953125,2984140000.0,0.0065080131439278
2019-07-14,3013.77001953125,2984140000.0,0.0065080131439278
2019-07-15,3014.300048828125,2876100000.0,0.0058019934754011
2019-07-16,3004.0400390625,3297030000.0,0.0058252160193095
2019-07-17,2984.419921875,3185650000.0,0.0049788257976331
2019-07-18,2995.110107421875,3369820000.0,0.0048561996601121
2019-07-19,2976.610107421875,3285890000.0,0.0050085463781453
2019-07-20,2976.610107421875,3285890000.0,0.0050085463781453
2019-07-21,2976.610107421875,3285890000.0,0.0050085463781453
2019-07-22,2985.030029296875,3016200000.0,0.0047259603123476
2019-07-23,3005.469970703125,3333810000.0,0.0047957345382658
2019-07-24,3019.56005859375,3433220000.0,0.0048222717767562
2019-07-25,3003.669921875,3657050000.0,0.0049392423183088
2019-07-26,3025.860107421875,3260170000.0,0.0050357547272311
2019-07-27,3025.860107421875,3260170000.0,0.0050357547272311
2019-07-28,3025.860107421875,3260170000.0,0.0050357547272311
2019-07-29,3020.969970703125,3224490000.0,0.0050358534539558
2019-07-30,3013.179931640625,3632770000.0,0.0050903847756692
2019-07-31,2980.3798828125,4626330000.0,0.0053210177199198
2019-08-01,2953.56005859375,4793810000.0,0.0055897532385109
2019-08-02,2932.050048828125,3882810000.0,0.0054822909762101
2019-08-03,2932.050048828125,3882810000.0,0.0054822909762101
2019-08-04,2932.050048828125,3882810000.0,0.0054822909762101
2019-08-05,2844.739990234375,4542850000.0,0.0077490561470153
2019-08-06,2881.77001953125,4156640000.0,0.0081666996782933
2019-08-07,2883.97998046875,4512720000.0,0.0079981719861294
2019-08-08,2938.090087890625,4118530000.0,0.0087124106308224
2019-08-09,2918.64990234375,3356850000.0,0.0087748354006209
2019-08-10,2918.64990234375,3356850000.0,0.0087748354006209
2019-08-11,2918.64990234375,3356850000.0,0.0087748354006209
2019-08-12,2882.699951171875,3328570000.0,0.0089827914264117
2019-08-13,2926.320068359375,3857190000.0,0.0093131707114005
2019-08-14,2840.60009765625,4325150000.0,0.0107109784781972
2019-08-15,2847.60009765625,4041720000.0,0.0105993389037662
2019-08-16,2888.679931640625,3524080000.0,0.0109949975293173
2019-08-17,2888.679931640625,3524080000.0,0.0109949975293173
2019-08-18,2888.679931640625,3524080000.0,0.0109949975293173
2019-08-19,2923.64990234375,3221050000.0,0.0112289077590692
2019-08-20,2900.510009765625,3067710000.0,0.0113022947323165
2019-08-21,2924.429931640625,3016540000.0,0.0113834628234944
2019-08-22,2922.949951171875,2893660000.0,0.0113690244564061
2019-08-23,2847.110107421875,3942520000.0,0.01222333289523
2019-08-24,2847.110107421875,3942520000.0,0.01222333289523
2019-08-25,2847.110107421875,3942520000.0,0.01222333289523
2019-08-26,2878.3798828125,2859790000.0,0.0124416962159211
2019-08-27,2869.159912109375,3537490000.0,0.0124407064520982
2019-08-28,2887.93994140625,3102480000.0,0.0124877043434637
2019-08-29,2924.580078125,3177150000.0,0.012711075294799
2019-08-30,2926.4599609375,3009910000.0,0.0126721262812058
2019-08-31,2926.4599609375,3009910000.0,0.0126721262812058
2019-09-01,2926.4599609375,3009910000.0,0.0126721262812058
2019-09-02,2926.4599609375,3009910000.0,0.0126721262812058
2019-09-03,2906.27001953125,3427830000.0,0.0127070990859017
2019-09-04,2937.780029296875,3167900000.0,0.0128101471729509
2019-09-05,2976.0,3902600000.0,0.0130177044045787
2019-09-06,2978.7099609375,3209340000.0,0.0129881440200373
2019-09-07,2978.7099609375,3209340000.0,0.0129881440200373
2019-09-08,2978.7099609375,3209340000.0,0.0129881440200373
2019-09-09,2978.429931640625,4031120000.0,0.0129080256894014
2019-09-10,2979.389892578125,4393040000.0,0.0129072314355151
2019-09-11,3000.929931640625,3934370000.0,0.0129752787762954
2019-09-12,3009.570068359375,3796990000.0,0.0128227072498747
2019-09-13,3007.389892578125,3557010000.0,0.012702616703123
2019-09-14,3007.389892578125,3557010000.0,0.012702616703123
2019-09-15,3007.389892578125,3557010000.0,0.012702616703123
2019-09-16,2997.9599609375,4285860000.0,0.0126357106338692
2019-09-17,3005.699951171875,3673250000.0,0.0112010709863065
2019-09-18,3006.72998046875,3458800000.0,0.0110050512478346
2019-09-19,3006.7900390625,3265660000.0,0.0110074119646604
2019-09-20,2992.070068359375,6103440000.0,0.010568665014224
2019-09-21,2992.070068359375,6103440000.0,0.010568665014224
2019-09-22,2992.070068359375,6103440000.0,0.010568665014224
2019-09-23,2991.780029296875,3187250000.0,0.010481142435587
2019-09-24,2966.60009765625,3872800000.0,0.0103333814938976
2019-09-25,2984.8701171875,3331200000.0,0.0100397197285072
2019-09-26,2977.6201171875,3084910000.0,0.0082717006190237
2019-09-27,2961.7900390625,3246480000.0,0.0083645680173174
2019-09-28,2961.7900390625,3246480000.0,0.0083645680173174
2019-09-29,2961.7900390625,3246480000.0,0.0083645680173174
2019-09-30,2976.739990234375,3249130000.0,0.0080315847399152
2019-10-01,2940.25,3560750000.0,0.0081091845309131
2019-10-02,2887.610107421875,3914180000.0,0.0086515497743749
2019-10-03,2910.6298828125,3515130000.0,0.0086426009656649
2019-10-04,2952.010009765625,3005600000.0,0.009026116930531
2019-10-05,2952.010009765625,3005600000.0,0.009026116930531
2019-10-06,2952.010009765625,3005600000.0,0.009026116930531
2019-10-07,2938.7900390625,2959050000.0,0.0075691585475431
2019-10-08,2893.06005859375,3370700000.0,0.0079236434573995
2019-10-09,2919.39990234375,2735350000.0,0.0080588525620605
2019-10-10,2938.1298828125,3234400000.0,0.0080556058168108
2019-10-11,2970.27001953125,3581320000.0,0.0079723501794613
2019-10-12,2970.27001953125,3581320000.0,0.0079723501794613
2019-10-13,2970.27001953125,3581320000.0,0.0079723501794613
2019-10-14,2966.14990234375,2559270000.0,0.0079798618904984
2019-10-15,2995.679931640625,3345090000.0,0.0080350996361923
2019-10-16,2989.68994140625,3230320000.0,0.0078354136861265
2019-10-17,2997.949951171875,3103470000.0,0.0074956926503956
2019-10-18,2986.199951171875,3268970000.0,0.0075328245160016
2019-10-19,2986.199951171875,3268970000.0,0.0075328245160016
2019-10-20,2986.199951171875,3268970000.0,0.0075328245160016
2019-10-21,3006.719970703125,3271960000.0,0.0076331378842871
2019-10-22,2995.989990234375,3527540000.0,0.0076661055643376
2019-10-23,3004.52001953125,3413600000.0,0.007569170206686
2019-10-24,3010.2900390625,3696510000.0,0.0075588241614486
2019-10-25,3022.550048828125,3379060000.0,0.0075933101256834
2019-10-26,3022.550048828125,3379060000.0,0.0075933101256834
2019-10-27,3022.550048828125,3379060000.0,0.0075933101256834
2019-10-28,3039.419921875,3524970000.0,0.0076288081889744
2019-10-29,3036.889892578125,3594430000.0,0.0076215290879569
2019-10-30,3046.77001953125,3779660000.0,0.0076399475026618
2019-10-31,3037.56005859375,4149310000.0,0.0076659528590463
2019-11-01,3066.909912109375,3956290000.0,0.0077809018342027
2019-11-02,3066.909912109375,3956290000.0,0.0077809018342027
2019-11-03,3066.909912109375,3956290000.0,0.0077809018342027
2019-11-04,3078.27001953125,4178040000.0,0.0077962455624702
2019-11-05,3074.6201171875,4490590000.0,0.0076046026775529
2019-11-06,3076.780029296875,4465510000.0,0.0075471985181516
2019-11-07,3085.179931640625,4151990000.0,0.0075247845596041
2019-11-08,3093.080078125,3508160000.0,0.0074265141681469
2019-11-09,3093.080078125,3508160000.0,0.0074265141681469
2019-11-10,3093.080078125,3508160000.0,0.0074265141681469
2019-11-11,3087.010009765625,3041120000.0,0.0074198121819964
2019-11-12,3091.840087890625,3495560000.0,0.0069647621670419
2019-11-13,3094.0400390625,3513720000.0,0.0058903639186694
2019-11-14,3096.6298828125,3282090000.0,0.0057979317780872
2019-11-15,3120.4599609375,3359800000.0,0.0054443931616001
2019-11-16,3120.4599609375,3359800000.0,0.0054443931616001
2019-11-17,3120.4599609375,3359800000.0,0.0054443931616001
2019-11-18,3122.030029296875,3440140000.0,0.0053188416365144
2019-11-19,3120.179931640625,3613670000.0,0.0041786050163332
2019-11-20,3108.4599609375,4041010000.0,0.0041419693893065
2019-11-21,3103.5400390625,3744010000.0,0.0041121725869557
2019-11-22,3110.2900390625,3235270000.0,0.0037416986218871
2019-11-23,3110.2900390625,3235270000.0,0.0037416986218871
2019-11-24,3110.2900390625,3235270000.0,0.0037416986218871
2019-11-25,3133.639892578125,3514310000.0,0.0038514212843826
2019-11-26,3140.52001953125,4600450000.0,0.0035384847268831
2019-11-27,3153.6298828125,3035470000.0,0.0035025667650216
2019-11-28,3153.6298828125,3035470000.0,0.0035025667650216
2019-11-29,3140.97998046875,1743420000.0,0.0036526133238506
2019-11-30,3140.97998046875,1743420000.0,0.0036526133238506
2019-12-01,3140.97998046875,1743420000.0,0.0036526133238506
2019-12-02,3113.8701171875,3285750000.0,0.0039853589567564
2019-12-03,3093.199951171875,3671580000.0,0.0041092428553055
2019-12-04,3112.760009765625,3702980000.0,0.0041302819542363
2019-12-05,3117.429931640625,3360480000.0,0.004119957229835
2019-12-06,3145.909912109375,3483310000.0,0.0043624870376753
2019-12-07,3145.909912109375,3483310000.0,0.0043624870376753
2019-12-08,3145.909912109375,3483310000.0,0.0043624870376753
2019-12-09,3135.9599609375,3400470000.0,0.0044136402167575
2019-12-10,3132.52001953125,3346310000.0,0.0043550816531073
2019-12-11,3141.6298828125,3257650000.0,0.004354123264769
2019-12-12,3168.570068359375,4003200000.0,0.0045457808474273
2019-12-13,3168.800048828125,3757650000.0,0.0044786007746181
2019-12-14,3168.800048828125,3757650000.0,0.0044786007746181
2019-12-15,3168.800048828125,3757650000.0,0.0044786007746181
2019-12-16,3191.449951171875,4070200000.0,0.0043421126456335
2019-12-17,3192.52001953125,3842940000.0,0.0043221639160652
2019-12-18,3191.139892578125,4029950000.0,0.0043098944191789
2019-12-19,3205.3701171875,3784360000.0,0.004347905577427
2019-12-20,3221.219970703125,6457480000.0,0.004390182005078
2019-12-21,3221.219970703125,6457480000.0,0.004390182005078
2019-12-22,3221.219970703125,6457480000.0,0.004390182005078
2019-12-23,3224.010009765625,3064530000.0,0.0043861749452672
2019-12-24,3223.3798828125,1296530000.0,0.00435139017665
2019-12-25,3223.3798828125,1296530000.0,0.00435139017665
2019-12-26,3239.909912109375,2164540000.0,0.0044028484960069
2019-12-27,3240.02001953125,2429150000.0,0.00440907895124
2019-12-28,3240.02001953125,2429150000.0,0.00440907895124
2019-12-29,3240.02001953125,2429150000.0,0.00440907895124
2019-12-30,3221.2900390625,3021720000.0,0.004607319745765
2019-12-31,3230.780029296875,2894760000.0,0.0044611988456626
2020-01-01,3230.780029296875,2894760000.0,0.0044611988456626
2020-01-02,3257.85009765625,3459930000.0,0.0046472969015039
2020-01-03,3234.85009765625,3484700000.0,0.0048890944691146
2020-01-04,3234.85009765625,3484700000.0,0.0048890944691146
2020-01-05,3234.85009765625,3484700000.0,0.0048890944691146
2020-01-06,3246.280029296875,3702460000.0,0.0048143443978259
2020-01-07,3237.179931640625,3435910000.0,0.0048459664231544
2020-01-08,3253.050048828125,3726840000.0,0.004886045547131
2020-01-09,3274.699951171875,3641230000.0,0.0048526474524419
2020-01-10,3265.35009765625,3214580000.0,0.0049138889808547
2020-01-11,3265.35009765625,3214580000.0,0.0049138889808547
2020-01-12,3265.35009765625,3214580000.0,0.0049138889808547
2020-01-13,3288.1298828125,3459390000.0,0.0049955864712124
2020-01-14,3283.14990234375,3687620000.0,0.004922445030777
2020-01-15,3289.2900390625,3721490000.0,0.0045342914468563
2020-01-16,3316.81005859375,3540580000.0,0.0043905288084097
2020-01-17,3329.6201171875,3726220000.0,0.0043364681024565
2020-01-18,3329.6201171875,3726220000.0,0.0043364681024565
2020-01-19,3329.6201171875,3726220000.0,0.0043364681024565
2020-01-20,3329.6201171875,3726220000.0,0.0043364681024565
2020-01-21,3320.7900390625,4104840000.0,0.0044265129448487
2020-01-22,3321.75,3623780000.0,0.0042349774128673
2020-01-23,3325.5400390625,3766710000.0,0.0041320509008957
2020-01-24,3295.469970703125,3708780000.0,0.0045696392937928
2020-01-25,3295.469970703125,3708780000.0,0.0045696392937928
2020-01-26,3295.469970703125,3708780000.0,0.0045696392937928
2020-01-27,3243.6298828125,3831050000.0,0.0055715693209981
2020-01-28,3276.239990234375,3531570000.0,0.0056452497935034
2020-01-29,3273.39990234375,3600250000.0,0.0056538287736209
2020-01-30,3283.659912109375,3790350000.0,0.0055528389758892
2020-01-31,3225.52001953125,4529700000.0,0.0065303818479713
2020-02-01,3225.52001953125,4529700000.0,0.0065303818479713
2020-02-02,3225.52001953125,4529700000.0,0.0065303818479713
2020-02-03,3248.919921875,3760460000.0,0.006647751947651
2020-02-04,3297.590087890625,3996900000.0,0.0071119148922676
2020-02-05,3334.68994140625,4121480000.0,0.0073214470770342
2020-02-06,3345.780029296875,3887250000.0,0.0073318211891326
2020-02-07,3327.7099609375,3733920000.0,0.0074282668182877
2020-02-08,3327.7099609375,3733920000.0,0.0074282668182877
2020-02-09,3327.7099609375,3733920000.0,0.0074282668182877
2020-02-10,3352.090087890625,3462730000.0,0.0074799007781443
2020-02-11,3357.75,3762940000.0,0.0074776016160799
2020-02-12,3379.449951171875,3930910000.0,0.0074168728865887
2020-02-13,3373.93994140625,3500890000.0,0.0074352749646198
2020-02-14,3380.159912109375,3419700000.0,0.0073211382238396
2020-02-15,3380.159912109375,3419700000.0,0.0073211382238396
2020-02-16,3380.159912109375,3419700000.0,0.0073211382238396
2020-02-17,3380.159912109375,3419700000.0,0.0073211382238396
2020-02-18,3370.2900390625,3750400000.0,0.0071965699428562
2020-02-19,3386.14990234375,3614200000.0,0.0072117951842108
2020-02-20,3373.22998046875,4019180000.0,0.0072346037836837
2020-02-21,3337.75,3908780000.0,0.0075205578712641
2020-02-22,3337.75,3908780000.0,0.0075205578712641
2020-02-23,3337.75,3908780000.0,0.0075205578712641
2020-02-24,3225.889892578125,4851160000.0,0.0097780686274955
2020-02-25,3128.2099609375,5596760000.0,0.0112282272509405
2020-02-26,3116.389892578125,5484650000.0,0.0111224585208166
2020-02-27,2978.760009765625,7064710000.0,0.0136530869790675
2020-02-28,2954.219970703125,8569570000.0,0.0136477018306015
2020-02-29,2954.219970703125,8569570000.0,0.0136477018306015
2020-03-01,2954.219970703125,8569570000.0,0.0136477018306015
2020-03-02,3090.22998046875,6381330000.0,0.0161629220764165
2020-03-03,3003.3701171875,6376510000.0,0.0168014370322895
2020-03-04,3130.1201171875,5073020000.0,0.0186860925833916
2020-03-05,3023.93994140625,5579290000.0,0.0195988129756813
2020-03-06,2972.3701171875,6555240000.0,0.0197464923993638
2020-03-07,2972.3701171875,6555240000.0,0.0197464923993638
2020-03-08,2972.3701171875,6555240000.0,0.0197464923993638
2020-03-09,2746.56005859375,8441290000.0,0.0240556453849269
2020-03-10,2882.22998046875,7642040000.0,0.0259284451361344
2020-03-11,2741.3798828125,7431200000.0,0.0271094197434262
2020-03-12,2480.639892578125,8850810000.0,0.0320540676432522
2020-03-13,2711.02001953125,8299070000.0,0.0366779404574247
2020-03-14,2711.02001953125,8299070000.0,0.0366779404574247
2020-03-15,2711.02001953125,8299070000.0,0.0366779404574247
2020-03-16,2386.1298828125,7805450000.0,0.0428245953148884
2020-03-17,2529.18994140625,8370250000.0,0.0445129132240521
2020-03-18,2398.10009765625,8799300000.0,0.0450213613421532
2020-03-19,2409.389892578125,7956100000.0,0.0449284575266955
2020-03-20,2304.919921875,9053950000.0,0.045251889769958
2020-03-21,2304.919921875,9053950000.0,0.045251889769958
2020-03-22,2304.919921875,9053950000.0,0.045251889769958
2020-03-23,2237.39990234375,7411380000.0,0.0453397522414993
2020-03-24,2447.330078125,7563150000.0,0.0489753334385565
2020-03-25,2475.56005859375,8300010000.0,0.0490915992495028
2020-03-26,2630.070068359375,7766990000.0,0.0506902109758839
2020-03-27,2541.469970703125,6201670000.0,0.0508907155918044
2020-03-28,2541.469970703125,6201670000.0,0.0508907155918044
2020-03-29,2541.469970703125,6201670000.0,0.0508907155918044
2020-03-30,2626.64990234375,5751120000.0,0.0514430109729211
2020-03-31,2584.590087890625,6576210000.0,0.051451036241126
2020-04-01,2470.5,5964000000.0,0.0518021608882124
2020-04-02,2526.89990234375,6464190000.0,0.0521426837325347
2020-04-03,2488.64990234375,6096970000.0,0.0521526035169419
2020-04-04,2488.64990234375,6096970000.0,0.0521526035169419
2020-04-05,2488.64990234375,6096970000.0,0.0521526035169419
2020-04-06,2663.679931640625,6403840000.0,0.0538147257332507
2020-04-07,2659.409912109375,7050410000.0,0.0536224386360803
2020-04-08,2749.97998046875,5875710000.0,0.0540912259608319
2020-04-09,2789.820068359375,7899550000.0,0.0536254761274111
2020-04-10,2789.820068359375,7899550000.0,0.0536254761274111
2020-04-11,2789.820068359375,7899550000.0,0.0536254761274111
2020-04-12,2789.820068359375,7899550000.0,0.0536254761274111
2020-04-13,2761.6298828125,5319530000.0,0.0536339521373917
2020-04-14,2846.06005859375,5615730000.0,0.0532489235652988
2020-04-15,2783.360107421875,5208000000.0,0.0531569907658892
2020-04-16,2799.550048828125,5228810000.0,0.0525379737254153
2020-04-17,2874.56005859375,5804810000.0,0.0524847254605079
2020-04-18,2874.56005859375,5804810000.0,0.0524847254605079
2020-04-19,2874.56005859375,5804810000.0,0.0524847254605079
2020-04-20,2823.159912109375,5228630000.0,0.0524935301578906
2020-04-21,2736.56005859375,5121010000.0,0.0507622997018627
2020-04-22,2799.31005859375,5084920000.0,0.0501339092047247
2020-04-23,2797.800048828125,5773530000.0,0.0492682378078449
2020-04-24,2836.739990234375,5382810000.0,0.0454895038184469
2020-04-25,2836.739990234375,5382810000.0,0.0454895038184469
2020-04-26,2836.739990234375,5382810000.0,0.0454895038184469
2020-04-27,2878.47998046875,5203930000.0,0.0426760074453495
2020-04-28,2863.389892578125,5691160000.0,0.0350172949984306
2020-04-29,2939.510009765625,6645640000.0,0.0338418834591643
2020-04-30,2912.429931640625,6544980000.0,0.0321423828846549
2020-05-01,2830.7099609375,4759810000.0,0.0327696484775333
2020-05-02,2830.7099609375,4759810000.0,0.0327696484775333
2020-05-03,2830.7099609375,4759810000.0,0.0327696484775333
2020-05-04,2842.739990234375,4735930000.0,0.0314007811052952
2020-05-05,2868.43994140625,5140290000.0,0.0306255312102873
2020-05-06,2848.419921875,4892570000.0,0.0265846834506576
2020-05-07,2881.18994140625,5178790000.0,0.0265844342923361
2020-05-08,2929.800048828125,4876030000.0,0.0245573314526066
2020-05-09,2929.800048828125,4876030000.0,0.0245573314526066
2020-05-10,2929.800048828125,4876030000.0,0.0245573314526066
2020-05-11,2930.18994140625,4819730000.0,0.0235090494484522
2020-05-12,2870.1201171875,5119630000.0,0.0233290664117509
2020-05-13,2820.0,6151650000.0,0.0233722068951894
2020-05-14,2852.5,5651130000.0,0.0215749671797985
2020-05-15,2863.699951171875,5507700000.0,0.0213120719460692
2020-05-16,2863.699951171875,5507700000.0,0.0213120719460692
2020-05-17,2863.699951171875,5507700000.0,0.0213120719460692
2020-05-18,2953.909912109375,6373670000.0,0.021530989877972
2020-05-19,2922.93994140625,4984330000.0,0.0182198309478919
2020-05-20,2971.610107421875,5005380000.0,0.0183584145493061
2020-05-21,2948.510009765625,4976620000.0,0.0175793824198299
2020-05-22,2955.449951171875,3970860000.0,0.0174313815135739
2020-05-23,2955.449951171875,3970860000.0,0.0174313815135739
2020-05-24,2955.449951171875,3970860000.0,0.0174313815135739
2020-05-25,2955.449951171875,3970860000.0,0.0174313815135739
2020-05-26,2991.77001953125,5848500000.0,0.017375258597578
2020-05-27,3036.1298828125,6398000000.0,0.0167528600725349
2020-05-28,3029.72998046875,5447020000.0,0.0161318056000817
2020-05-29,3044.31005859375,7297550000.0,0.0161264876785815
2020-05-30,3044.31005859375,7297550000.0,0.0161264876785815
2020-05-31,3044.31005859375,7297550000.0,0.0161264876785815
2020-06-01,3055.72998046875,4684170000.0,0.0154990455949776
2020-06-02,3080.820068359375,5197150000.0,0.0150607541327916
2020-06-03,3122.8701171875,6005560000.0,0.0137265514309973
2020-06-04,3112.35009765625,6451290000.0,0.0133496797568844
2020-06-05,3193.929931640625,8639300000.0,0.0139301917857977
2020-06-06,3193.929931640625,8639300000.0,0.0139301917857977
2020-06-07,3193.929931640625,8639300000.0,0.0139301917857977
2020-06-08,3232.389892578125,8498300000.0,0.0138911014481881
2020-06-09,3207.179931640625,6410930000.0,0.0139239067012727
2020-06-10,3190.139892578125,6598870000.0,0.0139254725016912
2020-06-11,3002.10009765625,7037320000.0,0.0176171885373981
2020-06-12,3041.31005859375,5845330000.0,0.0176514333619511
2020-06-13,3041.31005859375,5845330000.0,0.0176514333619511
2020-06-14,3041.31005859375,5845330000.0,0.0176514333619511
2020-06-15,3066.590087890625,5757480000.0,0.0167570033615624
2020-06-16,3124.739990234375,5845810000.0,0.0170125178950537
2020-06-17,3113.489990234375,4560450000.0,0.0170188046047168
2020-06-18,3115.340087890625,4448690000.0,0.016925193131968
2020-06-19,3097.739990234375,8346650000.0,0.0169187101944712
2020-06-20,3097.739990234375,8346650000.0,0.0169187101944712
2020-06-21,3097.739990234375,8346650000.0,0.0169187101944712
2020-06-22,3117.860107421875,4686690000.0,0.0167219458882078
2020-06-23,3131.2900390625,4711850000.0,0.016722568090398
2020-06-24,3050.330078125,5597680000.0,0.0170092159323557
2020-06-25,3083.760009765625,4847690000.0,0.0166667742057229
2020-06-26,3009.050048828125,8107850000.0,0.0173176931750022
2020-06-27,3009.050048828125,8107850000.0,0.0173176931750022
2020-06-28,3009.050048828125,8107850000.0,0.0173176931750022
2020-06-29,3053.239990234375,4473970000.0,0.0174717522418786
2020-06-30,3100.2900390625,4705850000.0,0.0167984517829611
2020-07-01,3115.860107421875,4449230000.0,0.0166498052024824
2020-07-02,3130.010009765625,4197720000.0,0.0164351973539336
2020-07-03,3130.010009765625,4197720000.0,0.0164351973539336
2020-07-04,3130.010009765625,4197720000.0,0.0164351973539336
2020-07-05,3130.010009765625,4197720000.0,0.0164351973539336
2020-07-06,3179.719970703125,4759160000.0,0.0165265296950703
2020-07-07,3145.320068359375,4571330000.0,0.0167065916294645
2020-07-08,3169.93994140625,4937310000.0,0.0166334580393085
2020-07-09,3152.050048828125,4843650000.0,0.0165087540342225
2020-07-10,3185.0400390625,4524190000.0,0.016579044678017
2020-07-11,3185.0400390625,4524190000.0,0.016579044678017
2020-07-12,3185.0400390625,4524190000.0,0.016579044678017
2020-07-13,3155.219970703125,4902440000.0,0.0166889762031263
2020-07-14,3197.52001953125,4507140000.0,0.0168303655329957
2020-07-15,3226.56005859375,4686830000.0,0.0168428953569014
2020-07-16,3215.570068359375,3972860000.0,0.0167098539975611
2020-07-17,3224.72998046875,4012850000.0,0.0166926014986423
2020-07-18,3224.72998046875,4012850000.0,0.0166926014986423
2020-07-19,3224.72998046875,4012850000.0,0.0166926014986423
2020-07-20,3251.840087890625,3979340000.0,0.0160950250866176
2020-07-21,3257.300048828125,4556610000.0,0.0159533643038311
2020-07-22,3276.02001953125,4267160000.0,0.0159084133494008
2020-07-23,3235.659912109375,4296760000.0,0.0160525905315015
2020-07-24,3215.6298828125,3689410000.0,0.0112493235365947
2020-07-25,3215.6298828125,3689410000.0,0.0112493235365947
2020-07-26,3215.6298828125,3689410000.0,0.0112493235365947
2020-07-27,3239.409912109375,3970310000.0,0.0111113726853358
2020-07-28,3218.43994140625,4053180000.0,0.0111555476850787
2020-07-29,3258.43994140625,4478200000.0,0.0108722757701776
2020-07-30,3246.219970703125,4264920000.0,0.0108746985709983
2020-07-31,3271.1201171875,5007530000.0,0.0109328355770126
2020-08-01,3271.1201171875,5007530000.0,0.0109328355770126
2020-08-02,3271.1201171875,5007530000.0,0.0109328355770126
2020-08-03,3294.610107421875,4438940000.0,0.0108884569488909
2020-08-04,3306.510009765625,4414380000.0,0.0108608610422818
2020-08-05,3327.77001953125,4535060000.0,0.0108833592929219
2020-08-06,3349.159912109375,4278930000.0,0.0095088589778071
2020-08-07,3351.280029296875,4110030000.0,0.0094031985681797
2020-08-08,3351.280029296875,4110030000.0,0.0094031985681797
2020-08-09,3351.280029296875,4110030000.0,0.0094031985681797
2020-08-10,3360.469970703125,4327920000.0,0.0078657079739738
2020-08-11,3333.68994140625,4880540000.0,0.0078673541324743
2020-08-12,3380.35009765625,3772250000.0,0.00779566195518
2020-08-13,3373.429931640625,3438730000.0,0.0078356813035504
2020-08-14,3372.85009765625,3200060000.0,0.0078437398325066
2020-08-15,3372.85009765625,3200060000.0,0.0078437398325066
2020-08-16,3372.85009765625,3200060000.0,0.0078437398325066
2020-08-17,3381.989990234375,3460330000.0,0.0074338005299222
2020-08-18,3389.780029296875,3669550000.0,0.0070211117306089
2020-08-19,3374.85009765625,3679480000.0,0.0070570051614521
2020-08-20,3385.510009765625,3431040000.0,0.0069051721956316
2020-08-21,3397.159912109375,3505010000.0,0.006740934371549
2020-08-22,3397.159912109375,3505010000.0,0.006740934371549
2020-08-23,3397.159912109375,3505010000.0,0.006740934371549
2020-08-24,3431.280029296875,3743410000.0,0.0065211029654703
2020-08-25,3443.6201171875,3627650000.0,0.0062145380977245
2020-08-26,3478.72998046875,3780530000.0,0.0062578543066326
2020-08-27,3484.550048828125,3955890000.0,0.0061600787014291
2020-08-28,3508.010009765625,3868510000.0,0.0062039565945051
2020-08-29,3508.010009765625,3868510000.0,0.0062039565945051
2020-08-30,3508.010009765625,3868510000.0,0.0062039565945051
2020-08-31,3500.31005859375,4348280000.0,0.0061770688725518
2020-09-01,3526.64990234375,4101490000.0,0.0062428545510604
2020-09-02,3580.840087890625,4295640000.0,0.0066345007846206
2020-09-03,3455.06005859375,4911830000.0,0.0093251338187904
2020-09-04,3426.9599609375,4438720000.0,0.0093924847918438
2020-09-05,3426.9599609375,4438720000.0,0.0093924847918438
2020-09-06,3426.9599609375,4438720000.0,0.0093924847918438
2020-09-07,3426.9599609375,4438720000.0,0.0093924847918438
2020-09-08,3331.840087890625,4694330000.0,0.0108358865816997
2020-09-09,3398.9599609375,3932520000.0,0.0112767733552009
2020-09-10,3339.18994140625,4208630000.0,0.011640129376975
2020-09-11,3340.969970703125,3710090000.0,0.0116083164772658
2020-09-12,3340.969970703125,3710090000.0,0.0116083164772658
2020-09-13,3340.969970703125,3710090000.0,0.0116083164772658
2020-09-14,3383.5400390625,3839580000.0,0.0117433615416025
2020-09-15,3401.199951171875,4057190000.0,0.0117142055196013
2020-09-16,3385.489990234375,4718900000.0,0.011748969565966
2020-09-17,3357.010009765625,4379840000.0,0.0118167378980899
2020-09-18,3319.469970703125,7076400000.0,0.0119405761506193
2020-09-19,3319.469970703125,7076400000.0,0.0119405761506193
2020-09-20,3319.469970703125,7076400000.0,0.0119405761506193
2020-09-21,3281.06005859375,4836070000.0,0.0121165246148099
2020-09-22,3315.570068359375,3974510000.0,0.0122733048790202
2020-09-23,3236.919921875,4378650000.0,0.0129426162112403
2020-09-24,3246.590087890625,4601920000.0,0.0126601734104387
2020-09-25,3298.4599609375,3803330000.0,0.0130419159295994
2020-09-26,3298.4599609375,3803330000.0,0.0130419159295994
2020-09-27,3298.4599609375,3803330000.0,0.0130419159295994
2020-09-28,3351.60009765625,3950910000.0,0.0133952661116194
2020-09-29,3335.469970703125,3661590000.0,0.0134092718349221
2020-09-30,3363.0,4738640000.0,0.0134945949464173
2020-10-01,3380.800048828125,4076340000.0,0.0135078458630005
2020-10-02,3348.419921875,3975180000.0,0.0136079663380126
2020-10-03,3348.419921875,3975180000.0,0.0136079663380126
2020-10-04,3348.419921875,3975180000.0,0.0136079663380126
2020-10-05,3408.60009765625,3692720000.0,0.0139942109486053
2020-10-06,3360.969970703125,4453390000.0,0.014097614697816
2020-10-07,3419.43994140625,3814750000.0,0.0144565339386838
2020-10-08,3446.830078125,3867640000.0,0.0144082437848522
2020-10-09,3477.139892578125,3944090000.0,0.0144995389713895
2020-10-10,3477.139892578125,3944090000.0,0.0144995389713895
2020-10-11,3477.139892578125,3944090000.0,0.0144995389713895
2020-10-12,3534.219970703125,3435760000.0,0.0147569539967947
2020-10-13,3511.929931640625,3611100000.0,0.014799749499252
2020-10-14,3488.669921875,3858510000.0,0.0147815808757545
2020-10-15,3483.340087890625,3724550000.0,0.014485031894767
2020-10-16,3483.81005859375,4688030000.0,0.0129044160932417
2020-10-17,3483.81005859375,4688030000.0,0.0129044160932417
2020-10-18,3483.81005859375,4688030000.0,0.0129044160932417
2020-10-19,3426.919921875,4091080000.0,0.0131776726853864
2020-10-20,3443.1201171875,3917850000.0,0.0120770350921652
2020-10-21,3435.56005859375,4103960000.0,0.0115504605269046
2020-10-22,3453.489990234375,4172060000.0,0.0110600068322716
2020-10-23,3465.389892578125,3651600000.0,0.011067400174493
2020-10-24,3465.389892578125,3651600000.0,0.011067400174493
2020-10-25,3465.389892578125,3651600000.0,0.011067400174493
2020-10-26,3400.969970703125,4002210000.0,0.011428357363954
2020-10-27,3390.679931640625,3962400000.0,0.0114021402822588
2020-10-28,3271.030029296875,5139970000.0,0.0131311096567641
2020-10-29,3310.110107421875,4911860000.0,0.0132650330955207
2020-10-30,3269.9599609375,4843930000.0,0.0132929983177348
2020-10-31,3269.9599609375,4843930000.0,0.0132929983177348
2020-11-01,3269.9599609375,4843930000.0,0.0132929983177348
2020-11-02,3310.239990234375,4314690000.0,0.0133180694163802
2020-11-03,3369.159912109375,4241380000.0,0.013569226598174
2020-11-04,3443.43994140625,4790400000.0,0.0132871080120504
2020-11-05,3510.449951171875,4858150000.0,0.0136538687938659
2020-11-06,3509.43994140625,4842460000.0,0.0134300858884343
2020-11-07,3509.43994140625,4842460000.0,0.0134300858884343
2020-11-08,3509.43994140625,4842460000.0,0.0134300858884343
2020-11-09,3550.5,8570510000.0,0.0132974870501922
2020-11-10,3545.530029296875,6037470000.0,0.0132522108390946
2020-11-11,3572.659912109375,4635560000.0,0.0132430478517462
2020-11-12,3537.010009765625,4909660000.0,0.0134068743410967
2020-11-13,3585.14990234375,4719580000.0,0.0134102081261148
2020-11-14,3585.14990234375,4719580000.0,0.0134102081261148
2020-11-15,3585.14990234375,4719580000.0,0.0134102081261148
2020-11-16,3626.909912109375,5295510000.0,0.0132079802708177
2020-11-17,3609.530029296875,4812180000.0,0.0129227128507226
2020-11-18,3567.7900390625,5284810000.0,0.0128523194147949
2020-11-19,3581.8701171875,4363370000.0,0.0128022571261225
2020-11-20,3557.5400390625,4236370000.0,0.0128044298041306
2020-11-21,3557.5400390625,4236370000.0,0.0128044298041306
2020-11-22,3557.5400390625,4236370000.0,0.0128044298041306
2020-11-23,3577.590087890625,5057550000.0,0.0125032043962499
2020-11-24,3635.409912109375,6280290000.0,0.0127519277056354
2020-11-25,3629.64990234375,4910440000.0,0.0126784981325911
2020-11-26,3629.64990234375,4910440000.0,0.0126784981325911
2020-11-27,3638.35009765625,2778390000.0,0.0126683224031514
2020-11-28,3638.35009765625,2778390000.0,0.0126683224031514
2020-11-29,3638.35009765625,2778390000.0,0.0126683224031514
2020-11-30,3621.6298828125,6308410000.0,0.0127147968852534
2020-12-01,3662.449951171875,5418480000.0,0.0123815086333609
2020-12-02,3669.010009765625,5041250000.0,0.0123726539727122
2020-12-03,3666.719970703125,5065340000.0,0.0123570489750738
2020-12-04,3699.1201171875,5099620000.0,0.0124047803751949
2020-12-05,3699.1201171875,5099620000.0,0.0124047803751949
2020-12-06,3699.1201171875,5099620000.0,0.0124047803751949
2020-12-07,3691.9599609375,4804500000.0,0.0124264290853726
2020-12-08,3702.25,4584390000.0,0.011784347380106
2020-12-09,3672.820068359375,5232800000.0,0.0119032968899979
2020-12-10,3668.10009765625,4658480000.0,0.0094602559047394
2020-12-11,3663.4599609375,4375470000.0,0.0093782028439369
2020-12-12,3663.4599609375,4375470000.0,0.0093782028439369
2020-12-13,3663.4599609375,4375470000.0,0.0093782028439369
2020-12-14,3647.489990234375,4623850000.0,0.0090319384870237
2020-12-15,3694.6201171875,4387080000.0,0.0090521258989166
2020-12-16,3701.169921875,4067040000.0,0.0086622497742484
2020-12-17,3722.47998046875,4192810000.0,0.0079339036650446
2020-12-18,3709.409912109375,7097100000.0,0.0073518588521705
2020-12-19,3709.409912109375,7097100000.0,0.0073518588521705
2020-12-20,3709.409912109375,7097100000.0,0.0073518588521705
2020-12-21,3694.919921875,4748580000.0,0.0074175230710628
2020-12-22,3687.260009765625,4053310000.0,0.0072048220089166
2020-12-23,3690.010009765625,3779160000.0,0.0071881282124997
2020-12-24,3703.06005859375,1883780000.0,0.0071029440490986
2020-12-25,3703.06005859375,1883780000.0,0.0071029440490986
2020-12-26,3703.06005859375,1883780000.0,0.0071029440490986
2020-12-27,3703.06005859375,1883780000.0,0.0071029440490986
2020-12-28,3735.360107421875,3535460000.0,0.0069021637508149
2020-12-29,3727.0400390625,3393290000.0,0.0065726576084833
2020-12-30,3732.0400390625,3154850000.0,0.0062793611506452
2020-12-31,3756.070068359375,3179040000.0,0.0062588618530788
2021-01-01,3756.070068359375,3179040000.0,0.0062588618530788
2021-01-02,3756.070068359375,3179040000.0,0.0062588618530788
2021-01-03,3756.070068359375,3179040000.0,0.0062588618530788
2021-01-04,3700.64990234375,5015000000.0,0.006512411310138
2021-01-05,3726.860107421875,4591020000.0,0.0065818556611781
2021-01-06,3748.139892578125,6064110000.0,0.0064432760270486
2021-01-07,3803.7900390625,5099160000.0,0.0068357387133114
2021-01-08,3824.679931640625,4773040000.0,0.0063449074746711
2021-01-09,3824.679931640625,4773040000.0,0.0063449074746711
2021-01-10,3824.679931640625,4773040000.0,0.0063449074746711
2021-01-11,3799.610107421875,4465430000.0,0.0064973925442144
2021-01-12,3801.18994140625,4994950000.0,0.0064983115083164
2021-01-13,3809.840087890625,4602510000.0,0.0063974846371185
2021-01-14,3795.5400390625,5198480000.0,0.0062104306330079
2021-01-15,3768.25,5369820000.0,0.0063953341746087
2021-01-16,3768.25,5369820000.0,0.0063953341746087
2021-01-17,3768.25,5369820000.0,0.0063953341746087
2021-01-18,3768.25,5369820000.0,0.0063953341746087
2021-01-19,3798.909912109375,5014440000.0,0.0065213620593842
2021-01-20,3851.85009765625,4566190000.0,0.0067841063133604
2021-01-21,3853.070068359375,4501760000.0,0.0067588912565236
2021-01-22,3841.469970703125,5110890000.0,0.0068014467590704
2021-01-23,3841.469970703125,5110890000.0,0.0068014467590704
2021-01-24,3841.469970703125,5110890000.0,0.0068014467590704
2021-01-25,3855.360107421875,7000840000.0,0.0065859333518082
2021-01-26,3849.6201171875,6137500000.0,0.0065891384817175
2021-01-27,3750.77001953125,9976520000.0,0.008290936764482
2021-01-28,3787.3798828125,6992770000.0,0.008387160203767
2021-01-29,3714.239990234375,6643370000.0,0.0089089376024468
2021-01-30,3714.239990234375,6643370000.0,0.0089089376024468
2021-01-31,3714.239990234375,6643370000.0,0.0089089376024468
2021-02-01,3773.860107421875,5436230000.0,0.0093596303373914
2021-02-02,3826.31005859375,5514090000.0,0.0096229036923462
2021-02-03,3830.169921875,4864870000.0,0.009586395527923
2021-02-04,3871.739990234375,4879240000.0,0.0096983011655947
2021-02-05,3886.830078125,4879470000.0,0.0096823756592234
2021-02-06,3886.830078125,4879470000.0,0.0096823756592234
2021-02-07,3886.830078125,4879470000.0,0.0096823756592234
2021-02-08,3915.590087890625,4648360000.0,0.0097339542111509
2021-02-09,3911.22998046875,4568320000.0,0.0097453395276505
2021-02-10,3909.8798828125,4837070000.0,0.0096652226127039
2021-02-11,3916.3798828125,4590960000.0,0.0096392103206068
2021-02-12,3934.830078125,4135060000.0,0.0096549708423659
2021-02-13,3934.830078125,4135060000.0,0.0096549708423659
2021-02-14,3934.830078125,4135060000.0,0.0096549708423659
2021-02-15,3934.830078125,4135060000.0,0.0096549708423659
2021-02-16,3932.590087890625,5058990000.0,0.009623046538038
2021-02-17,3931.330078125,4730650000.0,0.0091218724077899
2021-02-18,3913.969970703125,4793650000.0,0.0091439085286594
2021-02-19,3906.7099609375,4845320000.0,0.0091321856382094
2021-02-20,3906.7099609375,4845320000.0,0.0091321856382094
2021-02-21,3906.7099609375,4845320000.0,0.0091321856382094
2021-02-22,3876.5,5917100000.0,0.0089188566336723
2021-02-23,3881.3701171875,6296610000.0,0.0088729526141139
2021-02-24,3925.429931640625,6012790000.0,0.0089811154219385
2021-02-25,3829.340087890625,6547470000.0,0.0101484805232942
2021-02-26,3811.14990234375,6526070000.0,0.0101812440369734
2021-02-27,3811.14990234375,6526070000.0,0.0101812440369734
2021-02-28,3811.14990234375,6526070000.0,0.0101812440369734
2021-03-01,3901.820068359375,5114820000.0,0.0110161898303162
2021-03-02,3870.2900390625,5536010000.0,0.0110402456207483
2021-03-03,3819.719970703125,6173660000.0,0.0112416147715878
2021-03-04,3768.469970703125,7195400000.0,0.0112046960768184
2021-03-05,3841.93994140625,6851070000.0,0.0117872066648378
2021-03-06,3841.93994140625,6851070000.0,0.0117872066648378
2021-03-07,3841.93994140625,6851070000.0,0.0117872066648378
2021-03-08,3821.35009765625,5871710000.0,0.011815176713118
2021-03-09,3875.43994140625,5513560000.0,0.0120814768808661
2021-03-10,3898.81005859375,5847380000.0,0.0121234353907481
2021-03-11,3939.340087890625,5312880000.0,0.0111692062986198
2021-03-12,3943.340087890625,4476280000.0,0.0110646823330396
2021-03-13,3943.340087890625,4476280000.0,0.0110646823330396
2021-03-14,3943.340087890625,4476280000.0,0.0110646823330396
2021-03-15,3968.93994140625,4900100000.0,0.0103717856486967
2021-03-16,3962.7099609375,4613080000.0,0.010061335779893
2021-03-17,3974.1201171875,4561660000.0,0.0097997759746036
2021-03-18,3915.4599609375,5118590000.0,0.0102332590971391
2021-03-19,3913.10009765625,7757420000.0,0.0100569194878
2021-03-20,3913.10009765625,7757420000.0,0.0100569194878
2021-03-21,3913.10009765625,7757420000.0,0.0100569194878
2021-03-22,3940.590087890625,4316260000.0,0.0101105228359155
2021-03-23,3910.52001953125,4669010000.0,0.0101285202063348
2021-03-24,3889.139892578125,4783020000.0,0.0101757352779648
2021-03-25,3909.52001953125,4948340000.0,0.0102235176446902
2021-03-26,3974.5400390625,5483160000.0,0.0106563118849143
2021-03-27,3974.5400390625,5483160000.0,0.0106563118849143
2021-03-28,3974.5400390625,5483160000.0,0.0106563118849143
2021-03-29,3971.090087890625,4628180000.0,0.0106289384600009
2021-03-30,3958.550048828125,4121510000.0,0.0106468331572827
2021-03-31,3972.889892578125,4578050000.0,0.0106641938782472
2021-04-01,4019.8701171875,4162130000.0,0.0108223383251201
2021-04-02,4019.8701171875,4162130000.0,0.0108223383251201
2021-04-03,4019.8701171875,4162130000.0,0.0108223383251201
2021-04-04,4019.8701171875,4162130000.0,0.0108223383251201
2021-04-05,4077.909912109375,4005030000.0,0.0110812903054061
2021-04-06,4073.93994140625,4081270000.0,0.010955699960728
2021-04-07,4079.949951171875,4120810000.0,0.0109554971547852
2021-04-08,4097.169921875,3907100000.0,0.0108164316878715
2021-04-09,4128.7998046875,3640390000.0,0.0096667406677601
2021-04-10,4128.7998046875,3640390000.0,0.0096667406677601
2021-04-11,4128.7998046875,3640390000.0,0.0096667406677601
2021-04-12,4127.990234375,3588900000.0,0.0095839037722857
2021-04-13,4141.58984375,3734720000.0,0.0087409377188169
2021-04-14,4124.66015625,3985350000.0,0.0086106411008992
2021-04-15,4170.419921875,4033420000.0,0.008256168004834
2021-04-16,4185.47021484375,4163820000.0,0.0076503729432287
2021-04-17,4185.47021484375,4163820000.0,0.0076503729432287
2021-04-18,4185.47021484375,4163820000.0,0.0076503729432287
2021-04-19,4163.259765625,3810290000.0,0.0072037265831405
2021-04-20,4134.93994140625,4342650000.0,0.0072643038980773
2021-04-21,4173.419921875,3887250000.0,0.0070540155940273
2021-04-22,4134.97998046875,4245140000.0,0.0073346431561409
2021-04-23,4180.169921875,3569880000.0,0.0073560334940681
2021-04-24,4180.169921875,3569880000.0,0.0073560334940681
2021-04-25,4180.169921875,3569880000.0,0.0073560334940681
2021-04-26,4187.6201171875,3748320000.0,0.0073539046465718
2021-04-27,4186.72021484375,3710700000.0,0.007315054397035
2021-04-28,4183.18017578125,3787360000.0,0.0073047902938178
2021-04-29,4211.47021484375,4298680000.0,0.0073582040475909
2021-04-30,4181.169921875,4300880000.0,0.0068722896885758
2021-05-01,4181.169921875,4300880000.0,0.0068722896885758
2021-05-02,4181.169921875,4300880000.0,0.0068722896885758
2021-05-03,4192.66015625,4070220000.0,0.0068525492675146
2021-05-04,4164.66015625,4452460000.0,0.0069838015845372
2021-05-05,4167.58984375,4230920000.0,0.006754516950012
2021-05-06,4201.6201171875,4511000000.0,0.0066829525697619
2021-05-07,4232.60009765625,4016080000.0,0.0067230273502336
2021-05-08,4232.60009765625,4016080000.0,0.0067230273502336
2021-05-09,4232.60009765625,4016080000.0,0.0067230273502336
2021-05-10,4188.43017578125,4560700000.0,0.006610672545808
2021-05-11,4152.10009765625,4870710000.0,0.0068677833168525
2021-05-12,4063.0400390625,4733070000.0,0.0080334795271992
2021-05-13,4112.5,4779540000.0,0.0082790945060996
2021-05-14,4173.85009765625,4008880000.0,0.008431247230437
2021-05-15,4173.85009765625,4008880000.0,0.008431247230437
2021-05-16,4173.85009765625,4008880000.0,0.008431247230437
2021-05-17,4163.2900390625,4125050000.0,0.0080840497217471
2021-05-18,4127.830078125,4398150000.0,0.0082545241444431
2021-05-19,4115.68017578125,4247450000.0,0.0082748397657269
2021-05-20,4159.1201171875,3978880000.0,0.0084552423648572
2021-05-21,4155.85986328125,3995250000.0,0.0083476231963648
2021-05-22,4155.85986328125,3995250000.0,0.0083476231963648
2021-05-23,4155.85986328125,3995250000.0,0.0083476231963648
2021-05-24,4197.0498046875,3684800000.0,0.0085304300892774
2021-05-25,4188.1298828125,4182250000.0,0.0085278459903742
2021-05-26,4195.990234375,4420890000.0,0.0084895503569816
2021-05-27,4200.8798828125,6406310000.0,0.0082582507567281
2021-05-28,4204.10986328125,4649250000.0,0.0082346692972209
2021-05-29,4204.10986328125,4649250000.0,0.0082346692972209
2021-05-30,4204.10986328125,4649250000.0,0.0082346692972209
2021-05-31,4204.10986328125,4649250000.0,0.0082346692972209
2021-06-01,4202.0400390625,5074670000.0,0.0081710358719478
2021-06-02,4208.1201171875,5833670000.0,0.0080607991574552
2021-06-03,4192.85009765625,5587970000.0,0.0079247963692074
2021-06-04,4229.89013671875,4139790000.0,0.0078708437225942
2021-06-05,4229.89013671875,4139790000.0,0.0078708437225942
2021-06-06,4229.89013671875,4139790000.0,0.0078708437225942
2021-06-07,4226.52001953125,4476920000.0,0.007638739323169
2021-06-08,4227.259765625,4659620000.0,0.007634120454884
2021-06-09,4219.5498046875,4713260000.0,0.007643626109973
2021-06-10,4239.18017578125,4408210000.0,0.0076818013229744
2021-06-11,4247.43994140625,3815010000.0,0.0075956808251735
2021-06-12,4247.43994140625,3815010000.0,0.0075956808251735
2021-06-13,4247.43994140625,3815010000.0,0.0075956808251735
2021-06-14,4255.14990234375,4151200000.0,0.0074658859213085
2021-06-15,4246.58984375,4048940000.0,0.007468962553117
2021-06-16,4223.7001953125,4538350000.0,0.007429965660554
2021-06-17,4221.85986328125,5312680000.0,0.0074316388031127
2021-06-18,4166.4501953125,6817010000.0,0.007686258210878
2021-06-19,4166.4501953125,6817010000.0,0.007686258210878
2021-06-20,4166.4501953125,6817010000.0,0.007686258210878
2021-06-21,4224.7900390625,4128950000.0,0.0079976408348406
2021-06-22,4246.43994140625,3828390000.0,0.0078009479292227
2021-06-23,4241.83984375,3730350000.0,0.0076138141699784
2021-06-24,4266.490234375,3816660000.0,0.006379469251876
2021-06-25,4280.7001953125,7341450000.0,0.0060768105984108
2021-06-26,4280.7001953125,7341450000.0,0.0060768105984108
2021-06-27,4280.7001953125,7341450000.0,0.0060768105984108
2021-06-28,4290.60986328125,4147890000.0,0.0055247577382108
2021-06-29,4291.7998046875,3707150000.0,0.0054878930590062
2021-06-30,4297.5,4266040000.0,0.0051818859662557
2021-07-01,4319.93994140625,3788230000.0,0.0051629370661017
2021-07-02,4352.33984375,3225840000.0,0.0050106304439814
2021-07-03,4352.33984375,3225840000.0,0.0050106304439814
2021-07-04,4352.33984375,3225840000.0,0.0050106304439814
2021-07-05,4352.33984375,3225840000.0,0.0050106304439814
2021-07-06,4343.5400390625,4309570000.0,0.0050352863211893
2021-07-07,4358.1298828125,4037380000.0,0.0047958327591918
2021-07-08,4320.81982421875,4347500000.0,0.0050897033063058
2021-07-09,4369.5498046875,3531120000.0,0.0054176437813816
2021-07-10,4369.5498046875,3531120000.0,0.0054176437813816
2021-07-11,4369.5498046875,3531120000.0,0.0054176437813816
2021-07-12,4384.6298828125,3384460000.0,0.0054309225547114
2021-07-13,4369.2099609375,3695430000.0,0.0055048824652998
2021-07-14,4374.2998046875,4006370000.0,0.0054947476392133
2021-07-15,4360.02978515625,3905230000.0,0.0055586088048989
2021-07-16,4327.16015625,3985700000.0,0.0057201309555502
2021-07-17,4327.16015625,3985700000.0,0.0057201309555502
2021-07-18,4327.16015625,3985700000.0,0.0057201309555502
2021-07-19,4258.490234375,5157660000.0,0.0063219449868696
2021-07-20,4323.06005859375,4438270000.0,0.0068716949285793
2021-07-21,4358.68994140625,3810280000.0,0.0070036469760652
2021-07-22,4367.47998046875,3358300000.0,0.0069849030507681
2021-07-23,4411.7900390625,4540070000.0,0.0071479736884559
2021-07-24,4411.7900390625,4540070000.0,0.0071479736884559
2021-07-25,4411.7900390625,4540070000.0,0.0071479736884559
2021-07-26,4422.2998046875,4275630000.0,0.0071496969006547
2021-07-27,4401.4599609375,4241950000.0,0.0072340374478464
2021-07-28,4400.64013671875,4215290000.0,0.0072143471731342
2021-07-29,4419.14990234375,4044600000.0,0.0071242189786301
2021-07-30,4395.259765625,3956740000.0,0.007228486147473
2021-07-31,4395.259765625,3956740000.0,0.007228486147473
2021-08-01,4395.259765625,3956740000.0,0.007228486147473
2021-08-02,4387.16015625,3724090000.0,0.0067193315415178
2021-08-03,4423.14990234375,3965190000.0,0.0064363387158776
2021-08-04,4402.66015625,4260760000.0,0.0064952647649314
2021-08-05,4429.10009765625,3769410000.0,0.006537536956324
2021-08-06,4436.52001953125,3451870000.0,0.0064859789788564
2021-08-07,4436.52001953125,3451870000.0,0.0064859789788564
2021-08-08,4436.52001953125,3451870000.0,0.0064859789788564
2021-08-09,4432.35009765625,3449280000.0,0.0064868673763068
2021-08-10,4436.75,3886610000.0,0.0064832608854816
2021-08-11,4442.41015625,3532560000.0,0.0064813665557786
2021-08-12,4460.830078125,3375310000.0,0.0065042936341895
2021-08-13,4468.0,3016470000.0,0.0064616900612071
2021-08-14,4468.0,3016470000.0,0.0064616900612071
2021-08-15,4468.0,3016470000.0,0.0064616900612071
2021-08-16,4479.7099609375,3370640000.0,0.0063571557163484
2021-08-17,4448.080078125,3836960000.0,0.0065045892569541
2021-08-18,4400.27001953125,3755590000.0,0.0068185524792158
2021-08-19,4405.7998046875,4398410000.0,0.0066082049354266
2021-08-20,4441.669921875,3652610000.0,0.0064596134500422
2021-08-21,4441.669921875,3652610000.0,0.0064596134500422
2021-08-22,4441.669921875,3652610000.0,0.0064596134500422
2021-08-23,4479.52978515625,3576530000.0,0.0066017024726135
2021-08-24,4486.22998046875,3979220000.0,0.0065540512841107
2021-08-25,4496.18994140625,3444700000.0,0.0065584413999879
2021-08-26,4470.0,3263980000.0,0.0066315047632586
2021-08-27,4509.3701171875,3331200000.0,0.0065887435121402
2021-08-28,4509.3701171875,3331200000.0,0.0065887435121402
2021-08-29,4509.3701171875,3331200000.0,0.0065887435121402
2021-08-30,4528.7900390625,3168660000.0,0.0057294548276099
2021-08-31,4522.68017578125,4290710000.0,0.005204917922015
2021-09-01,4524.08984375,4057340000.0,0.0050516445171326
2021-09-02,4536.9501953125,3735990000.0,0.0050582286530574
2021-09-03,4535.43017578125,3217530000.0,0.0047815906914428
2021-09-04,4535.43017578125,3217530000.0,0.0047815906914428
2021-09-05,4535.43017578125,3217530000.0,0.0047815906914428
2021-09-06,4535.43017578125,3217530000.0,0.0047815906914428
2021-09-07,4520.02978515625,3822960000.0,0.0048369636910187
2021-09-08,4514.06982421875,3750880000.0,0.0047436783054144
2021-09-09,4493.27978515625,3735390000.0,0.0048446693924051
2021-09-10,4458.580078125,3623180000.0,0.0050342790751701
2021-09-11,4458.580078125,3623180000.0,0.0050342790751701
2021-09-12,4458.580078125,3623180000.0,0.0050342790751701
2021-09-13,4468.72998046875,3914220000.0,0.0049278629893595
2021-09-14,4443.0498046875,3670460000.0,0.0050441587564408
2021-09-15,4480.7001953125,4032020000.0,0.0050585887254131
2021-09-16,4473.75,3984560000.0,0.0049825871319413
2021-09-17,4432.990234375,7289530000.0,0.0051742286211126
2021-09-18,4432.990234375,7289530000.0,0.0051742286211126
2021-09-19,4432.990234375,7289530000.0,0.0051742286211126
2021-09-20,4357.72998046875,4898070000.0,0.0060347477645734
2021-09-21,4354.18994140625,3920920000.0,0.0060345425291394
2021-09-22,4395.64013671875,3939170000.0,0.0063040798308563
2021-09-23,4448.97998046875,3916350000.0,0.0066932176083227
2021-09-24,4455.47998046875,3384290000.0,0.006654556300386
2021-09-25,4455.47998046875,3384290000.0,0.006654556300386
2021-09-26,4455.47998046875,3384290000.0,0.006654556300386
2021-09-27,4443.10986328125,4058650000.0,0.0066653212260071
2021-09-28,4352.6298828125,4416550000.0,0.0076072893371542
2021-09-29,4359.4599609375,3712660000.0,0.007530653753216
2021-09-30,4307.5400390625,4448140000.0,0.0075880016898061
2021-10-01,4357.0400390625,4010370000.0,0.0078996365785682
2021-10-02,4357.0400390625,4010370000.0,0.0078996365785682
2021-10-03,4357.0400390625,4010370000.0,0.0078996365785682
2021-10-04,4300.4599609375,4307870000.0,0.0080604563089668
2021-10-05,4345.72021484375,3902890000.0,0.0081491818550942
2021-10-06,4363.5498046875,4009630000.0,0.0081904630647281
2021-10-07,4399.759765625,3843740000.0,0.0083434075590581
2021-10-08,4391.33984375,3280160000.0,0.0082909655679228
2021-10-09,4391.33984375,3280160000.0,0.0082909655679228
2021-10-10,4391.33984375,3280160000.0,0.0082909655679228
2021-10-11,4361.18994140625,3281970000.0,0.0081733894802055
2021-10-12,4350.64990234375,3558450000.0,0.0081118185447809
2021-10-13,4363.7998046875,3620070000.0,0.008150696175419
2021-10-14,4438.259765625,3598280000.0,0.0087948710696191
2021-10-15,4471.3701171875,3819380000.0,0.0088969004887876
2021-10-16,4471.3701171875,3819380000.0,0.0088969004887876
2021-10-17,4471.3701171875,3819380000.0,0.0088969004887876
2021-10-18,4486.4599609375,3662010000.0,0.0089247176561252
2021-10-19,4519.6298828125,3459130000.0,0.0090143295440525
2021-10-20,4536.18994140625,3670760000.0,0.0090350369721772
2021-10-21,4549.77978515625,3822330000.0,0.0090029787474476
2021-10-22,4544.89990234375,3758220000.0,0.0088756800057852
2021-10-23,4544.89990234375,3758220000.0,0.0088756800057852
2021-10-24,4544.89990234375,3758220000.0,0.0088756800057852
2021-10-25,4566.47998046875,3899400000.0,0.0089026738375259
2021-10-26,4574.7900390625,3879740000.0,0.0088194709730049
2021-10-27,4551.68017578125,4226050000.0,0.0087698102897861
2021-10-28,4596.419921875,4132950000.0,0.0089201133883813
2021-10-29,4605.3798828125,4510200000.0,0.0087165744118522
2021-10-30,4605.3798828125,4510200000.0,0.0087165744118522
2021-10-31,4605.3798828125,4510200000.0,0.0087165744118522
2021-11-01,4613.669921875,3971540000.0,0.0079943021389405
2021-11-02,4630.64990234375,3975250000.0,0.0079837153316733
2021-11-03,4660.56982421875,4319660000.0,0.0079052766880394
2021-11-04,4680.06005859375,4462300000.0,0.0076855078013745
2021-11-05,4697.52978515625,4467180000.0,0.007694319766732
2021-11-06,4697.52978515625,4467180000.0,0.007694319766732
2021-11-07,4697.52978515625,4467180000.0,0.007694319766732
2021-11-08,4701.7001953125,4269710000.0,0.0076486384740574
2021-11-09,4685.25,4117080000.0,0.0064632759151945
2021-11-10,4646.7099609375,4503720000.0,0.006752364656771
2021-11-11,4649.27001953125,3926870000.0,0.0062157902652117
2021-11-12,4682.85009765625,3728600000.0,0.0060532529395473
2021-11-13,4682.85009765625,3728600000.0,0.0060532529395473
2021-11-14,4682.85009765625,3728600000.0,0.0060532529395473
2021-11-15,4682.7998046875,3488410000.0,0.0053281642431405
2021-11-16,4700.89990234375,3972640000.0,0.0051348991361769
2021-11-17,4688.669921875,3969070000.0,0.0052135849688365
2021-11-18,4704.5400390625,4226410000.0,0.0050989997510593
2021-11-19,4697.9599609375,4253180000.0,0.0050853789014053
2021-11-20,4697.9599609375,4253180000.0,0.0050853789014053
2021-11-21,4697.9599609375,4253180000.0,0.0050853789014053
2021-11-22,4682.93994140625,4441100000.0,0.0048979844844425
2021-11-23,4690.7001953125,4277590000.0,0.0048163173262587
2021-11-24,4701.4599609375,3418430000.0,0.0048154943994359
2021-11-25,4701.4599609375,3418430000.0,0.0048154943994359
2021-11-26,4594.6201171875,3517700000.0,0.0060452945848712
2021-11-27,4594.6201171875,3517700000.0,0.0060452945848712
2021-11-28,4594.6201171875,3517700000.0,0.0060452945848712
2021-11-29,4655.27001953125,4336410000.0,0.0063309925885329
2021-11-30,4567.0,6625990000.0,0.0073369123297115
2021-12-01,4513.0400390625,5366730000.0,0.0075625341991179
2021-12-02,4577.10009765625,5077180000.0,0.0079681100617247
2021-12-03,4538.43017578125,5240070000.0,0.0081086354444571
2021-12-04,4538.43017578125,5240070000.0,0.0081086354444571
2021-12-05,4538.43017578125,5240070000.0,0.0081086354444571
2021-12-06,4591.669921875,4770800000.0,0.0083837439514949
2021-12-07,4686.75,4492400000.0,0.0091291971520873
2021-12-08,4701.2099609375,4234600000.0,0.0091366409829876
2021-12-09,4667.4501953125,3903840000.0,0.0091931413224361
2021-12-10,4712.02001953125,3870110000.0,0.009183966009525
2021-12-11,4712.02001953125,3870110000.0,0.009183966009525
2021-12-12,4712.02001953125,3870110000.0,0.009183966009525
2021-12-13,4668.97021484375,4397230000.0,0.0093601412060901
2021-12-14,4634.08984375,4485430000.0,0.0094674941383959
2021-12-15,4709.85009765625,4910130000.0,0.0098958458433786
2021-12-16,4668.669921875,4829500000.0,0.0099741607217094
2021-12-17,4620.64013671875,7987090000.0,0.0101186249357285
2021-12-18,4620.64013671875,7987090000.0,0.0101186249357285
2021-12-19,4620.64013671875,7987090000.0,0.0101186249357285
2021-12-20,4568.02001953125,4635700000.0,0.010282053700463
2021-12-21,4649.22998046875,4072430000.0,0.0108238112678642
2021-12-22,4696.56005859375,3319610000.0,0.0109730123248289
2021-12-23,4725.7900390625,2913040000.0,0.0109115155224968
2021-12-24,4725.7900390625,2913040000.0,0.0109115155224968
2021-12-25,4725.7900390625,2913040000.0,0.0109115155224968
2021-12-26,4725.7900390625,2913040000.0,0.0109115155224968
2021-12-27,4791.18994140625,2770290000.0,0.0111737450449872
2021-12-28,4786.35009765625,2707920000.0,0.0111171824920005
2021-12-29,4793.06005859375,2963310000.0,0.0111169322607604
2021-12-30,4778.72998046875,3124950000.0,0.0111218150737508
2021-12-31,4766.18017578125,2677820000.0,0.0111220566001052
2022-01-01,4766.18017578125,2677820000.0,0.0111220566001052
2022-01-02,4766.18017578125,2677820000.0,0.0111220566001052
2022-01-03,4796.56005859375,3831020000.0,0.0111613719952319
2022-01-04,4793.5400390625,4683170000.0,0.0111573916782464
2022-01-05,4700.580078125,4887960000.0,0.0117391690592021
2022-01-06,4696.0498046875,4295280000.0,0.0117371363447822
2022-01-07,4677.02978515625,4181510000.0,0.0117523446125264
2022-01-08,4677.02978515625,4181510000.0,0.0117523446125264
2022-01-09,4677.02978515625,4181510000.0,0.0117523446125264
2022-01-10,4670.2900390625,4511810000.0,0.010940430606309
2022-01-11,4713.06982421875,4101590000.0,0.0108056293071027
2022-01-12,4726.35009765625,4048220000.0,0.0101597619863183
2022-01-13,4659.02978515625,4251730000.0,0.0102778110199341
2022-01-14,4662.85009765625,4338490000.0,0.009978740225628
2022-01-15,4662.85009765625,4338490000.0,0.009978740225628
2022-01-16,4662.85009765625,4338490000.0,0.009978740225628
2022-01-17,4662.85009765625,4338490000.0,0.009978740225628
2022-01-18,4577.10986328125,4748700000.0,0.0104538725692977
2022-01-19,4532.759765625,4465740000.0,0.0103804386645165
2022-01-20,4482.72998046875,4640870000.0,0.009768867697866
2022-01-21,4397.93994140625,5589100000.0,0.0102393184364394
2022-01-22,4397.93994140625,5589100000.0,0.0102393184364394
2022-01-23,4397.93994140625,5589100000.0,0.0102393184364394
2022-01-24,4410.1298828125,6928110000.0,0.0102338414103859
2022-01-25,4356.4501953125,5145050000.0,0.0101690415472695
2022-01-26,4349.93017578125,5570640000.0,0.0100945262653326
2022-01-27,4326.509765625,5214200000.0,0.0100648949462229
2022-01-28,4431.85009765625,5031090000.0,0.0106468862854771
2022-01-29,4431.85009765625,5031090000.0,0.0106468862854771
2022-01-30,4431.85009765625,5031090000.0,0.0106468862854771
2022-01-31,4515.5498046875,5098610000.0,0.0112135650479561
2022-02-01,4546.5400390625,4816830000.0,0.0111645638854502
2022-02-02,4589.3798828125,4481580000.0,0.0111100108144891
2022-02-03,4477.43994140625,4401970000.0,0.0114955064732082
2022-02-04,4500.52978515625,4706290000.0,0.0113605166402971
2022-02-05,4500.52978515625,4706290000.0,0.0113605166402971
2022-02-06,4500.52978515625,4706290000.0,0.0113605166402971
2022-02-07,4483.8701171875,4228480000.0,0.0112749124768827
2022-02-08,4521.5400390625,4459620000.0,0.0110607642181773
2022-02-09,4587.18017578125,4524350000.0,0.0114563871074403
2022-02-10,4504.080078125,5314860000.0,0.0118464209812325
2022-02-11,4418.64013671875,5251500000.0,0.0122501634212407
2022-02-12,4418.64013671875,5251500000.0,0.0122501634212407
2022-02-13,4418.64013671875,5251500000.0,0.0122501634212407
2022-02-14,4401.669921875,4600390000.0,0.0122522452392292
2022-02-15,4471.06982421875,4430830000.0,0.0126001646142274
2022-02-16,4475.009765625,4283640000.0,0.0126102590662083
2022-02-17,4380.259765625,4539420000.0,0.0127002271622107
2022-02-18,4348.8701171875,4708060000.0,0.0127276191865447
2022-02-19,4348.8701171875,4708060000.0,0.0127276191865447
2022-02-20,4348.8701171875,4708060000.0,0.0127276191865447
2022-02-21,4348.8701171875,4708060000.0,0.0127276191865447
2022-02-22,4304.759765625,5121900000.0,0.0128016200995551
2022-02-23,4225.5,4797430000.0,0.0131191617953772
2022-02-24,4288.7001953125,6752130000.0,0.0133463765591758
2022-02-25,4384.64990234375,5177060000.0,0.0140888104632666
2022-02-26,4384.64990234375,5177060000.0,0.0140888104632666
2022-02-27,4384.64990234375,5177060000.0,0.0140888104632666
2022-02-28,4373.93994140625,6071370000.0,0.0139102185065889
2022-03-01,4306.259765625,5846230000.0,0.0141125650032995
2022-03-02,4386.5400390625,5337870000.0,0.0142915486940136
2022-03-03,4363.490234375,5039890000.0,0.0142249869966726
2022-03-04,4328.8701171875,5797380000.0,0.0141616889576042
2022-03-05,4328.8701171875,5797380000.0,0.0141616889576042
2022-03-06,4328.8701171875,5797380000.0,0.0141616889576042
2022-03-07,4201.08984375,6940470000.0,0.0147623840908657
2022-03-08,4170.7001953125,7243120000.0,0.0147753207479501
2022-03-09,4277.8798828125,5662670000.0,0.0154447349823167
2022-03-10,4259.52001953125,4980830000.0,0.015458785913401
2022-03-11,4204.31005859375,4938640000.0,0.0156013372434901
2022-03-12,4204.31005859375,4938640000.0,0.0156013372434901
2022-03-13,4204.31005859375,4938640000.0,0.0156013372434901
2022-03-14,4173.10986328125,5574920000.0,0.0149045035241953
2022-03-15,4262.4501953125,5392470000.0,0.0150293296912945
2022-03-16,4357.85986328125,6309750000.0,0.015586058631851
2022-03-17,4411.669921875,4985090000.0,0.0156639075395301
2022-03-18,4463.1201171875,8278430000.0,0.0151903989663115
2022-03-19,4463.1201171875,8278430000.0,0.0151903989663115
2022-03-20,4463.1201171875,8278430000.0,0.0151903989663115
2022-03-21,4461.18017578125,4869820000.0,0.0151580198186296
2022-03-22,4511.60986328125,4754840000.0,0.0152870283632601
2022-03-23,4456.240234375,4550670000.0,0.0153733025743892
2022-03-24,4520.16015625,4131390000.0,0.0153676247015681
2022-03-25,4543.06005859375,4305020000.0,0.0150227527207432
2022-03-26,4543.06005859375,4305020000.0,0.0150227527207432
2022-03-27,4543.06005859375,4305020000.0,0.0150227527207432
2022-03-28,4575.52001953125,4312260000.0,0.0146105923166057
2022-03-29,4631.60009765625,5085910000.0,0.0147137731311969
2022-03-30,4602.4501953125,4385570000.0,0.014541212066482
2022-03-31,4530.41015625,4823020000.0,0.0148590938745214
2022-04-01,4545.85986328125,4562940000.0,0.0142825429013921
2022-04-02,4545.85986328125,4562940000.0,0.0142825429013921
2022-04-03,4545.85986328125,4562940000.0,0.0142825429013921
2022-04-04,4582.64013671875,4547350000.0,0.0142435375569805
2022-04-05,4525.1201171875,4800620000.0,0.0143207021522533
2022-04-06,4481.14990234375,4986830000.0,0.0139771201995995
2022-04-07,4500.2099609375,4821490000.0,0.0137725563058345
2022-04-08,4488.27978515625,4083200000.0,0.0132318315821881
2022-04-09,4488.27978515625,4083200000.0,0.0132318315821881
2022-04-10,4488.27978515625,4083200000.0,0.0132318315821881
2022-04-11,4412.52978515625,4266290000.0,0.0136163211355141
2022-04-12,4397.4501953125,4152090000.0,0.01330437841733
2022-04-13,4446.58984375,3828150000.0,0.0130304330490999
2022-04-14,4392.58984375,4083090000.0,0.0131963906185473
2022-04-15,4392.58984375,4083090000.0,0.0131963906185473
2022-04-16,4392.58984375,4083090000.0,0.0131963906185473
2022-04-17,4392.58984375,4083090000.0,0.0131963906185473
2022-04-18,4391.68994140625,3910490000.0,0.0131061189772475
2022-04-19,4462.2099609375,4108120000.0,0.0120674334486293
2022-04-20,4459.4501953125,4290450000.0,0.0119518738733937
2022-04-21,4393.66015625,4636890000.0,0.0115149927366782
2022-04-22,4271.77978515625,4651940000.0,0.012651384133086
2022-04-23,4271.77978515625,4651940000.0,0.012651384133086
2022-04-24,4271.77978515625,4651940000.0,0.012651384133086
2022-04-25,4296.1201171875,5240040000.0,0.0124408468694347
2022-04-26,4175.2001953125,4689970000.0,0.0134723630104316
2022-04-27,4183.9599609375,4769680000.0,0.0128758191974126
2022-04-28,4287.5,4854180000.0,0.0130225860099081
2022-04-29,4131.93017578125,5084030000.0,0.0143829433681541
2022-04-30,4131.93017578125,5084030000.0,0.0143829433681541
2022-05-01,4131.93017578125,5084030000.0,0.0143829433681541
2022-05-02,4155.3798828125,5163790000.0,0.014226847980916
2022-05-03,4175.47998046875,4582050000.0,0.0142839683890063
2022-05-04,4300.169921875,5136360000.0,0.0152288560085396
2022-05-05,4146.8701171875,5077030000.0,0.0163950213354931
2022-05-06,4123.33984375,5116940000.0,0.0160986143118876
2022-05-07,4123.33984375,5116940000.0,0.0160986143118876
2022-05-08,4123.33984375,5116940000.0,0.0160986143118876
2022-05-09,3991.239990234375,5954520000.0,0.0168900456315997
2022-05-10,4001.050048828125,5885820000.0,0.0168023781649228
2022-05-11,3935.179931640625,5816140000.0,0.0166395805069005
2022-05-12,3930.080078125,6286450000.0,0.0166556115574532
2022-05-13,4023.889892578125,5183340000.0,0.017335674796323
2022-05-14,4023.889892578125,5183340000.0,0.017335674796323
2022-05-15,4023.889892578125,5183340000.0,0.017335674796323
2022-05-16,4008.010009765625,4415030000.0,0.0172799658977982
2022-05-17,4088.85009765625,4841410000.0,0.0177029099023512
2022-05-18,3923.679931640625,5103220000.0,0.0189230801812683
2022-05-19,3900.7900390625,5113550000.0,0.0189008233235503
2022-05-20,3901.360107421875,5130730000.0,0.0188492607049915
2022-05-21,3901.360107421875,5130730000.0,0.0188492607049915
2022-05-22,3901.360107421875,5130730000.0,0.0188492607049915
2022-05-23,3973.75,4420030000.0,0.0193159261175288
2022-05-24,3941.47998046875,4923190000.0,0.0191780803390261
2022-05-25,3978.72998046875,4802560000.0,0.019328375106566
2022-05-26,4057.840087890625,4709970000.0,0.0196107685150908
2022-05-27,4158.240234375,4375620000.0,0.0201543663454351
2022-05-28,4158.240234375,4375620000.0,0.0201543663454351
2022-05-29,4158.240234375,4375620000.0,0.0201543663454351
2022-05-30,4158.240234375,4375620000.0,0.0201543663454351
2022-05-31,4132.14990234375,6822640000.0,0.0201681185563606
2022-06-01,4101.22998046875,4531800000.0,0.0199005916705737
2022-06-02,4176.81982421875,4405790000.0,0.0202675548805415
2022-06-03,4108.5400390625,3711110000.0,0.0203046181771313
2022-06-04,4108.5400390625,3711110000.0,0.0203046181771313
2022-06-05,4108.5400390625,3711110000.0,0.0203046181771313
2022-06-06,4121.43017578125,4332700000.0,0.0197237040613718
2022-06-07,4160.68017578125,4248210000.0,0.0197814395914225
2022-06-08,4115.77001953125,4159470000.0,0.0191886154857508
2022-06-09,4017.820068359375,4134170000.0,0.0196572145577374
2022-06-10,3900.860107421875,4889640000.0,0.0196854125875632
2022-06-11,3900.860107421875,4889640000.0,0.0196854125875632
2022-06-12,3900.860107421875,4889640000.0,0.0196854125875632
2022-06-13,3749.6298828125,5636890000.0,0.0198432593309569
2022-06-14,3735.47998046875,5153890000.0,0.0197720547722589
2022-06-15,3789.989990234375,5530480000.0,0.019990673352457
2022-06-16,3666.77001953125,5644930000.0,0.019724142147118
2022-06-17,3674.840087890625,8520740000.0,0.0188724133885161
2022-06-18,3674.840087890625,8520740000.0,0.0188724133885161
2022-06-19,3674.840087890625,8520740000.0,0.0188724133885161
2022-06-20,3674.840087890625,8520740000.0,0.0188724133885161
2022-06-21,3764.7900390625,5292260000.0,0.0195573437955972
2022-06-22,3759.889892578125,5058990000.0,0.0187457147245161
2022-06-23,3795.72998046875,5098640000.0,0.0188469117410997
2022-06-24,3911.739990234375,8120260000.0,0.0194963027945501
2022-06-25,3911.739990234375,8120260000.0,0.0194963027945501
2022-06-26,3911.739990234375,8120260000.0,0.0194963027945501
2022-06-27,3900.110107421875,4325310000.0,0.019501979652679
2022-06-28,3821.550048828125,4270120000.0,0.0192983200723484
2022-06-29,3818.830078125,4211240000.0,0.0192944534015106
2022-06-30,3785.3798828125,4840070000.0,0.0188956627861958
2022-07-01,3825.330078125,4046950000.0,0.0175588514216852
2022-07-02,3825.330078125,4046950000.0,0.0175588514216852
2022-07-03,3825.330078125,4046950000.0,0.0175588514216852
2022-07-04,3825.330078125,4046950000.0,0.0175588514216852
2022-07-05,3831.389892578125,5076590000.0,0.0175382301276034
2022-07-06,3845.080078125,4417720000.0,0.0175543494377297
2022-07-07,3902.6201171875,4057770000.0,0.0174348925794783
2022-07-08,3899.3798828125,3521620000.0,0.0173766812729121
2022-07-09,3899.3798828125,3521620000.0,0.0173766812729121
2022-07-10,3899.3798828125,3521620000.0,0.0173766812729121
2022-07-11,3854.429931640625,3423480000.0,0.0173927620649087
2022-07-12,3818.800048828125,3817210000.0,0.017001078718806
2022-07-13,3801.780029296875,4109390000.0,0.016252090389714
2022-07-14,3790.3798828125,4199690000.0,0.0162401032718033
2022-07-15,3863.159912109375,4143800000.0,0.0166950706388457
2022-07-16,3863.159912109375,4143800000.0,0.0166950706388457
2022-07-17,3863.159912109375,4143800000.0,0.0166950706388457
2022-07-18,3830.85009765625,4046870000.0,0.0162841569922192
2022-07-19,3936.68994140625,4041070000.0,0.0169679887349431
2022-07-20,3959.89990234375,4185300000.0,0.0170007925285913
2022-07-21,3998.949951171875,4132790000.0,0.0170082408419894
2022-07-22,3961.6298828125,3979240000.0,0.0169818282712566
2022-07-23,3961.6298828125,3979240000.0,0.0169818282712566
2022-07-24,3961.6298828125,3979240000.0,0.0169818282712566
2022-07-25,3966.840087890625,3568340000.0,0.0164293605459361
2022-07-26,3921.050048828125,3778950000.0,0.0156407796452662
2022-07-27,4023.610107421875,4112180000.0,0.0144231165102011
2022-07-28,4072.429931640625,4413000000.0,0.0144807570410895
2022-07-29,4130.2900390625,4616360000.0,0.0144704345751339
2022-07-30,4130.2900390625,4616360000.0,0.0144704345751339
2022-07-31,4130.2900390625,4616360000.0,0.0144704345751339
2022-08-01,4118.6298828125,4202810000.0,0.01284421756795
2022-08-02,4091.18994140625,4727710000.0,0.0129857821764987
2022-08-03,4155.169921875,4351760000.0,0.0126023823085262
2022-08-04,4151.93994140625,4283320000.0,0.0125961525667728
2022-08-05,4145.18994140625,4085940000.0,0.012571512977733
2022-08-06,4145.18994140625,4085940000.0,0.012571512977733
2022-08-07,4145.18994140625,4085940000.0,0.012571512977733
2022-08-08,4140.06005859375,4221090000.0,0.0114917081708315
2022-08-09,4122.47021484375,3913090000.0,0.0115127684801243
2022-08-10,4210.240234375,4546010000.0,0.0112391831738984
2022-08-11,4207.27001953125,4630200000.0,0.0112391073522965
2022-08-12,4280.14990234375,3788010000.0,0.0112809617710374
2022-08-13,4280.14990234375,3788010000.0,0.0112809617710374
2022-08-14,4280.14990234375,3788010000.0,0.0112809617710374
2022-08-15,4297.14013671875,3696830000.0,0.0112159488589844
2022-08-16,4305.2001953125,4329820000.0,0.0112140219164657
2022-08-17,4274.0400390625,3885030000.0,0.0113975175441355
2022-08-18,4283.740234375,3340330000.0,0.0111960171567091
2022-08-19,4228.47998046875,3761340000.0,0.0115574088820026
2022-08-20,4228.47998046875,3761340000.0,0.0115574088820026
2022-08-21,4228.47998046875,3761340000.0,0.0115574088820026
2022-08-22,4137.990234375,3907430000.0,0.0121172846994761
2022-08-23,4128.72998046875,3823520000.0,0.0119507609485733
2022-08-24,4140.77001953125,3583630000.0,0.0118759758157746
2022-08-25,4199.1201171875,3566870000.0,0.0119921064560139
2022-08-26,4057.659912109375,3832750000.0,0.0134578118044126
2022-08-27,4057.659912109375,3832750000.0,0.0134578118044126
2022-08-28,4057.659912109375,3832750000.0,0.0134578118044126
2022-08-29,4030.610107421875,3396510000.0,0.0134173977027203
2022-08-30,3986.159912109375,3835860000.0,0.012706120187001
2022-08-31,3955.0,4542490000.0,0.0127497083524912
2022-09-01,3966.85009765625,4152250000.0,0.0126281528250849
2022-09-02,3924.260009765625,3665850000.0,0.0126660224164518
2022-09-03,3924.260009765625,3665850000.0,0.0126660224164518
2022-09-04,3924.260009765625,3665850000.0,0.0126660224164518
2022-09-05,3924.260009765625,3665850000.0,0.0126660224164518
2022-09-06,3908.18994140625,4127340000.0,0.0126805920224193
2022-09-07,3979.8701171875,3890320000.0,0.012943718794814
2022-09-08,4006.179931640625,3966850000.0,0.0120946800010191
2022-09-09,4067.360107421875,3901940000.0,0.0122150094942167
2022-09-10,4067.360107421875,3901940000.0,0.0122150094942167
2022-09-11,4067.360107421875,3901940000.0,0.0122150094942167
2022-09-12,4110.41015625,3814200000.0,0.0120888751648303
2022-09-13,3932.68994140625,4224550000.0,0.0145190687205758
2022-09-14,3946.010009765625,4293240000.0,0.0145123836096013
2022-09-15,3901.35009765625,4441830000.0,0.0142726163579504
2022-09-16,3873.330078125,7954650000.0,0.0143003156686479
2022-09-17,3873.330078125,7954650000.0,0.0143003156686479
2022-09-18,3873.330078125,7954650000.0,0.0143003156686479
2022-09-19,3899.889892578125,3766850000.0,0.0143974582581402
2022-09-20,3855.929931640625,4058050000.0,0.0144959304261711
2022-09-21,3789.929931640625,4078330000.0,0.0147466863874572
2022-09-22,3757.989990234375,4284600000.0,0.0140683487527783
2022-09-23,3693.22998046875,5144270000.0,0.0142704031458074
2022-09-24,3693.22998046875,5144270000.0,0.0142704031458074
2022-09-25,3693.22998046875,5144270000.0,0.0142704031458074
2022-09-26,3655.0400390625,4886140000.0,0.0137137585495289
2022-09-27,3647.2900390625,4577740000.0,0.0136172874181757
2022-09-28,3719.0400390625,4684850000.0,0.0143065206154153
2022-09-29,3640.469970703125,4681810000.0,0.0146154281104284
2022-09-30,3585.6201171875,5645360000.0,0.0146490698425365
2022-10-01,3585.6201171875,5645360000.0,0.0146490698425365
2022-10-02,3585.6201171875,5645360000.0,0.0146490698425365
2022-10-03,3678.429931640625,4806680000.0,0.0156637766023559
2022-10-04,3790.929931640625,5146580000.0,0.0165533582249115
2022-10-05,3783.280029296875,4293180000.0,0.0165537191128792
2022-10-06,3744.52001953125,4252100000.0,0.0165691277005359
2022-10-07,3639.659912109375,4449660000.0,0.0168443723390871
2022-10-08,3639.659912109375,4449660000.0,0.0168443723390871
2022-10-09,3639.659912109375,4449660000.0,0.0168443723390871
2022-10-10,3612.389892578125,3834320000.0,0.0159109589923138
2022-10-11,3588.840087890625,4759030000.0,0.0159100783764503
2022-10-12,3577.030029296875,4006830000.0,0.0158516464412473
2022-10-13,3669.909912109375,5021680000.0,0.0166990152617551
2022-10-14,3583.070068359375,4243030000.0,0.017113032666273
2022-10-15,3583.070068359375,4243030000.0,0.017113032666273
2022-10-16,3583.070068359375,4243030000.0,0.017113032666273
2022-10-17,3677.949951171875,4352780000.0,0.0178735190516017
2022-10-18,3719.97998046875,4483740000.0,0.0180378486337563
2022-10-19,3695.159912109375,4223800000.0,0.0176631312957916
2022-10-20,3665.780029296875,4496620000.0,0.0176055685731076
2022-10-21,3752.75,5078020000.0,0.0179612721868441
2022-10-22,3752.75,5078020000.0,0.0179612721868441
2022-10-23,3752.75,5078020000.0,0.0179612721868441
2022-10-24,3797.340087890625,4747930000.0,0.0179953189569715
2022-10-25,3859.110107421875,4843120000.0,0.0164999728811795
2022-10-26,3830.60009765625,4817310000.0,0.0165271935114991
2022-10-27,3807.300048828125,4687320000.0,0.0164405774763968
2022-10-28,3901.06005859375,4459410000.0,0.0170157486097297
2022-10-29,3901.06005859375,4459410000.0,0.0170157486097297
2022-10-30,3901.06005859375,4459410000.0,0.0170157486097297
2022-10-31,3871.97998046875,4820620000.0,0.0170251314388014
2022-11-01,3856.10009765625,4481210000.0,0.0169134706698539
2022-11-02,3759.68994140625,4899000000.0,0.0172574677166899
2022-11-03,3719.889892578125,4625290000.0,0.0172976949731956
2022-11-04,3770.550048828125,5400180000.0,0.0171675926855664
2022-11-05,3770.550048828125,5400180000.0,0.0171675926855664
2022-11-06,3770.550048828125,5400180000.0,0.0171675926855664
2022-11-07,3806.800048828125,4341620000.0,0.0171098969505394
2022-11-08,3828.110107421875,4607640000.0,0.0171137064880294
2022-11-09,3748.570068359375,4645010000.0,0.0172514839660935
2022-11-10,3956.3701171875,5781260000.0,0.0193488789470994
2022-11-11,3992.929931640625,5593310000.0,0.0190788461190657
2022-11-12,3992.929931640625,5593310000.0,0.0190788461190657
2022-11-13,3992.929931640625,5593310000.0,0.0190788461190657
2022-11-14,3957.25,4561930000.0,0.0187465300785606
2022-11-15,3991.72998046875,5015310000.0,0.0180501303442595
2022-11-16,3958.7900390625,4165320000.0,0.0181309830580412
2022-11-17,3946.56005859375,4051780000.0,0.0180165270406858
2022-11-18,3965.340087890625,4037360000.0,0.0170963661960255
2022-11-19,3965.340087890625,4037360000.0,0.0170963661960255
2022-11-20,3965.340087890625,4037360000.0,0.0170963661960255
2022-11-21,3949.93994140625,3850690000.0,0.0170331240657529
2022-11-22,4003.580078125,3887990000.0,0.0170397131352727
2022-11-23,4027.260009765625,3279720000.0,0.0169931750272538
2022-11-24,4027.260009765625,3279720000.0,0.0169931750272538
2022-11-25,4026.1201171875,1706460000.0,0.01650463444707
2022-11-26,4026.1201171875,1706460000.0,0.01650463444707
2022-11-27,4026.1201171875,1706460000.0,0.01650463444707
2022-11-28,3963.93994140625,3615430000.0,0.0160970881643977
2022-11-29,3957.6298828125,3546040000.0,0.0155307867406767
2022-11-30,4080.110107421875,6579360000.0,0.0162832783822266
2022-12-01,4076.570068359375,4527130000.0,0.0161971927175133
2022-12-02,4071.699951171875,4012620000.0,0.0160815204957404
2022-12-03,4071.699951171875,4012620000.0,0.0160815204957404
2022-12-04,4071.699951171875,4012620000.0,0.0160815204957404
2022-12-05,3998.840087890625,4280820000.0,0.0160915879671444
2022-12-06,3941.260009765625,4368380000.0,0.0162612547837349
2022-12-07,3933.919921875,4118050000.0,0.0160230168756077
2022-12-08,3963.510009765625,4006900000.0,0.0159957464589533
2022-12-09,3934.3798828125,3888260000.0,0.0160173300289495
2022-12-10,3934.3798828125,3888260000.0,0.0160173300289495
2022-12-11,3934.3798828125,3888260000.0,0.0160173300289495
2022-12-12,3990.56005859375,3904130000.0,0.0156117158687752
2022-12-13,4019.64990234375,5079360000.0,0.0155754753148742
2022-12-14,3995.320068359375,4472340000.0,0.0156028320909218
2022-12-15,3895.75,4493900000.0,0.0155980143884939
2022-12-16,3852.360107421875,7493660000.0,0.0156129250120604
2022-12-17,3852.360107421875,7493660000.0,0.0156129250120604
2022-12-18,3852.360107421875,7493660000.0,0.0156129250120604
2022-12-19,3817.659912109375,3969610000.0,0.0155405054298991
2022-12-20,3821.6201171875,3985370000.0,0.0154449802920007
2022-12-21,3878.43994140625,3775200000.0,0.015646244672226
2022-12-22,3822.389892578125,3956950000.0,0.0153840488266525
2022-12-23,3844.820068359375,2819280000.0,0.0117034782121225
2022-12-24,3844.820068359375,2819280000.0,0.0117034782121225
2022-12-25,3844.820068359375,2819280000.0,0.0117034782121225
2022-12-26,3844.820068359375,2819280000.0,0.0117034782121225
2022-12-27,3829.25,3030300000.0,0.0115563015755651
2022-12-28,3783.219970703125,3083520000.0,0.0116405302754057
2022-12-29,3849.280029296875,3003680000.0,0.0120019501885454
2022-12-30,3839.5,2979870000.0,0.0119308045030707
2022-12-31,3839.5,2979870000.0,0.0119308045030707
2023-01-01,3839.5,2979870000.0,0.0119308045030707
2023-01-02,3839.5,2979870000.0,0.0119308045030707
2023-01-03,3824.139892578125,3959140000.0,0.0119374530778302
2023-01-04,3852.969970703125,4414080000.0,0.0119942588032682
2023-01-05,3808.10009765625,3893450000.0,0.01214431360647
2023-01-06,3895.080078125,3923560000.0,0.0126280340551464
2023-01-07,3895.080078125,3923560000.0,0.0126280340551464
2023-01-08,3895.080078125,3923560000.0,0.0126280340551464
2023-01-09,3892.090087890625,4311770000.0,0.0125624960728115
2023-01-10,3919.25,3851030000.0,0.0126486698136221
2023-01-11,3969.610107421875,4303360000.0,0.0125732132125571
2023-01-12,3983.169921875,4440260000.0,0.0125838764426743
2023-01-13,3999.090087890625,3939700000.0,0.0112452253256776
2023-01-14,3999.090087890625,3939700000.0,0.0112452253256776
2023-01-15,3999.090087890625,3939700000.0,0.0112452253256776
2023-01-16,3999.090087890625,3939700000.0,0.0112452253256776
2023-01-17,3990.969970703125,4235560000.0,0.0112479471831312
2023-01-18,3928.860107421875,4298710000.0,0.0115759331214271
2023-01-19,3898.85009765625,3991500000.0,0.0112033936287614
2023-01-20,3972.610107421875,4013360000.0,0.0114472329777438
2023-01-21,3972.610107421875,4013360000.0,0.0114472329777438
2023-01-22,3972.610107421875,4013360000.0,0.0114472329777438
2023-01-23,4019.81005859375,3945210000.0,0.0116303857220008
2023-01-24,4016.949951171875,3320430000.0,0.0115618768232452
2023-01-25,4016.219970703125,3724020000.0,0.0114682473447798
2023-01-26,4060.429931640625,3809590000.0,0.0113517647371601
2023-01-27,4070.56005859375,3907760000.0,0.0112881247893136
2023-01-28,4070.56005859375,3907760000.0,0.0112881247893136
2023-01-29,4070.56005859375,3907760000.0,0.0112881247893136
2023-01-30,4017.77001953125,3802000000.0,0.0114966288619043
2023-01-31,4076.60009765625,4679320000.0,0.0107314975088531
2023-02-01,4119.2099609375,4856930000.0,0.0105725292778111
2023-02-02,4179.759765625,5624360000.0,0.0105837423083076
2023-02-03,4136.47998046875,4694510000.0,0.0108603870413776
2023-02-04,4136.47998046875,4694510000.0,0.0108603870413776
2023-02-05,4136.47998046875,4694510000.0,0.0108603870413776
2023-02-06,4111.080078125,4114240000.0,0.0107261140175541
2023-02-07,4164.0,4355860000.0,0.0104336739999972
2023-02-08,4117.85986328125,4029820000.0,0.0107226139639592
2023-02-09,4081.5,4270200000.0,0.0108559310872795
2023-02-10,4090.4599609375,3891520000.0,0.0105187499515179
2023-02-11,4090.4599609375,3891520000.0,0.0105187499515179
2023-02-12,4090.4599609375,3891520000.0,0.0105187499515179
2023-02-13,4137.2900390625,3448620000.0,0.0102860612521706
2023-02-14,4136.1298828125,3929200000.0,0.0102567663283402
2023-02-15,4147.60009765625,4075980000.0,0.0101832839837515
2023-02-16,4090.409912109375,4143660000.0,0.0105768277753982
2023-02-17,4079.090087890625,4045480000.0,0.0102995762149565
2023-02-18,4079.090087890625,4045480000.0,0.0102995762149565
2023-02-19,4079.090087890625,4045480000.0,0.0102995762149565
2023-02-20,4079.090087890625,4045480000.0,0.0102995762149565
2023-02-21,3997.340087890625,4121590000.0,0.0103579302722447
2023-02-22,3991.050048828125,4079320000.0,0.0103633595747057
2023-02-23,4012.320068359375,3952940000.0,0.0103342834440285
2023-02-24,3970.0400390625,3877700000.0,0.0102800368411959
2023-02-25,3970.0400390625,3877700000.0,0.0102800368411959
2023-02-26,3970.0400390625,3877700000.0,0.0102800368411959
2023-02-27,3982.239990234375,3836950000.0,0.0102763200845203
2023-02-28,3970.14990234375,5043400000.0,0.010262179359779
2023-03-01,3951.389892578125,4249480000.0,0.0102902821669839
2023-03-02,3981.35009765625,4244900000.0,0.0099642221791834
2023-03-03,4045.639892578125,4084730000.0,0.010234213036924
2023-03-04,4045.639892578125,4084730000.0,0.010234213036924
2023-03-05,4045.639892578125,4084730000.0,0.010234213036924
2023-03-06,4048.419921875,4000870000.0,0.0096851729812413
2023-03-07,3986.3701171875,3922500000.0,0.0098766860441898
2023-03-08,3992.010009765625,3535570000.0,0.0098810934716251
2023-03-09,3918.320068359375,4445260000.0,0.0104379115357652
2023-03-10,3861.590087890625,5518190000.0,0.0104858787189681
2023-03-11,3861.590087890625,5518190000.0,0.0104858787189681
2023-03-12,3861.590087890625,5518190000.0,0.0104858787189681
2023-03-13,3855.760009765625,6558020000.0,0.0104564744219344
2023-03-14,3919.2900390625,5665870000.0,0.0107397321901968
2023-03-15,3891.929931640625,6594010000.0,0.01039160334514
2023-03-16,3960.280029296875,5695790000.0,0.0107424097581903
2023-03-17,3916.639892578125,9354280000.0,0.0104503933373901
2023-03-18,3916.639892578125,9354280000.0,0.0104503933373901
2023-03-19,3916.639892578125,9354280000.0,0.0104503933373901
2023-03-20,3951.570068359375,5347140000.0,0.0105189656354132
2023-03-21,4002.8701171875,4920240000.0,0.0108010933737196
2023-03-22,3936.969970703125,4533010000.0,0.0108503321339299
2023-03-23,3948.719970703125,4991600000.0,0.0107399074208591
2023-03-24,3970.989990234375,4583970000.0,0.0107182010914645
2023-03-25,3970.989990234375,4583970000.0,0.0107182010914645
2023-03-26,3970.989990234375,4583970000.0,0.0107182010914645
2023-03-27,3977.530029296875,4233540000.0,0.0107131938571732
2023-03-28,3971.27001953125,4014600000.0,0.0104576559193427
2023-03-29,4027.81005859375,4145250000.0,0.0108337315154047
2023-03-30,4050.830078125,3930860000.0,0.0108809051111805
2023-03-31,4109.31005859375,4525120000.0,0.0109291733948508
2023-04-01,4109.31005859375,4525120000.0,0.0109291733948508
2023-04-02,4109.31005859375,4525120000.0,0.0109291733948508
2023-04-03,4124.509765625,4234700000.0,0.0109332307922548
2023-04-04,4100.60009765625,4227800000.0,0.0102937629433099
2023-04-05,4090.3798828125,3968020000.0,0.010302610524764
2023-04-06,4105.02001953125,3486690000.0,0.0102812799896179
2023-04-07,4105.02001953125,3486690000.0,0.0102812799896179
2023-04-08,4105.02001953125,3486690000.0,0.0102812799896179
2023-04-09,4105.02001953125,3486690000.0,0.0102812799896179
2023-04-10,4109.10986328125,3423650000.0,0.0100551626402576
2023-04-11,4108.93994140625,3665830000.0,0.0100507080930637
2023-04-12,4091.949951171875,3633120000.0,0.0100681648303753
2023-04-13,4146.22021484375,3596590000.0,0.010245355071328
2023-04-14,4137.64013671875,3575690000.0,0.0102032476854306
2023-04-15,4137.64013671875,3575690000.0,0.0102032476854306
2023-04-16,4137.64013671875,3575690000.0,0.0102032476854306
2023-04-17,4151.31982421875,3611180000.0,0.009827181235735
2023-04-18,4154.8701171875,3536640000.0,0.0098271273452621
2023-04-19,4154.52001953125,3572560000.0,0.009335870710427
2023-04-20,4129.7900390625,3772080000.0,0.0094317207166058
2023-04-21,4133.52001953125,3611750000.0,0.0086632847099916
2023-04-22,4133.52001953125,3611750000.0,0.0086632847099916
2023-04-23,4133.52001953125,3611750000.0,0.0086632847099916
2023-04-24,4137.0400390625,3290940000.0,0.0080976708758283
2023-04-25,4071.6298828125,3978640000.0,0.0087348605488425
2023-04-26,4055.989990234375,3837030000.0,0.0083461984910119
2023-04-27,4135.35009765625,3750550000.0,0.0088337335090971
2023-04-28,4169.47998046875,4087800000.0,0.0084319360641177
2023-04-29,4169.47998046875,4087800000.0,0.0084319360641177
2023-04-30,4169.47998046875,4087800000.0,0.0084319360641177
2023-05-01,4167.8701171875,3321370000.0,0.0080914696307506
2023-05-02,4119.580078125,4486130000.0,0.0083598249288596
2023-05-03,4090.75,4246510000.0,0.0082037220527739
2023-05-04,4061.219970703125,4920090000.0,0.0076838147240192
2023-05-05,4136.25,4186270000.0,0.0083021537597848
2023-05-06,4136.25,4186270000.0,0.0083021537597848
2023-05-07,4136.25,4186270000.0,0.0083021537597848
2023-05-08,4138.1201171875,3641640000.0,0.0082681953240589
2023-05-09,4119.169921875,3810140000.0,0.008339209148518
2023-05-10,4137.64013671875,4057160000.0,0.0083437666841959
2023-05-11,4130.6201171875,3752900000.0,0.0080020105137025
2023-05-12,4124.080078125,3533740000.0,0.0079598899110051
2023-05-13,4124.080078125,3533740000.0,0.0079598899110051
2023-05-14,4124.080078125,3533740000.0,0.0079598899110051
2023-05-15,4136.27978515625,3562170000.0,0.0075429697408181
2023-05-16,4109.89990234375,3654200000.0,0.0076074075521775
2023-05-17,4158.77001953125,4039080000.0,0.0078301817390785
2023-05-18,4198.0498046875,3980500000.0,0.0079747405584856
2023-05-19,4191.97998046875,4041900000.0,0.0079686495906491
2023-05-20,4191.97998046875,4041900000.0,0.0079686495906491
2023-05-21,4191.97998046875,4041900000.0,0.0079686495906491
2023-05-22,4192.6298828125,3728520000.0,0.0079690473365957
2023-05-23,4145.580078125,4155320000.0,0.0082627016897807
2023-05-24,4115.240234375,0.0,0.0083423237632394
2023-05-25,4151.27978515625,4147760000.0,0.0081403541711159
2023-05-26,4205.4501953125,3715460000.0,0.0084623479565143
2023-05-27,4205.4501953125,3715460000.0,0.0084623479565143
2023-05-28,4205.4501953125,3715460000.0,0.0084623479565143
2023-05-29,4205.4501953125,3715460000.0,0.0084623479565143
2023-05-30,4205.52001953125,4228510000.0,0.0084466557517837
2023-05-31,4179.830078125,5980670000.0,0.0085303930386606
2023-06-01,4221.02001953125,4391860000.0,0.0087083102791249
2023-06-02,4282.3701171875,4454200000.0,0.0089756585059044
2023-06-03,4282.3701171875,4454200000.0,0.0089756585059044
2023-06-04,4282.3701171875,4454200000.0,0.0089756585059044
2023-06-05,4273.7900390625,3813290000.0,0.0089947700252498
2023-06-06,4283.85009765625,3996560000.0,0.0089974364602236
2023-06-07,4267.52001953125,4537800000.0,0.0084592106144912
2023-06-08,4293.93017578125,3826740000.0,0.0084357867750728
2023-06-09,4298.85986328125,3786510000.0,0.0077632164214888
2023-06-10,4298.85986328125,3786510000.0,0.0077632164214888
2023-06-11,4298.85986328125,3786510000.0,0.0077632164214888
2023-06-12,4338.93017578125,3945670000.0,0.00779811561481
2023-06-13,4369.009765625,4275400000.0,0.0078563391630081
2023-06-14,4372.58984375,4252110000.0,0.0074519615786124
2023-06-15,4425.83984375,4176690000.0,0.0074727532345498
2023-06-16,4409.58984375,6848600000.0,0.0073374732279411
2023-06-17,4409.58984375,6848600000.0,0.0073374732279411
2023-06-18,4409.58984375,6848600000.0,0.0073374732279411
2023-06-19,4409.58984375,6848600000.0,0.0073374732279411
2023-06-20,4388.7099609375,4055790000.0,0.0068417932387349
2023-06-21,4365.68994140625,3709330000.0,0.0069639901789064
2023-06-22,4381.89013671875,3511000000.0,0.0068661478918239
2023-06-23,4348.330078125,6053620000.0,0.0070746513747981
2023-06-24,4348.330078125,6053620000.0,0.0070746513747981
2023-06-25,4348.330078125,6053620000.0,0.0070746513747981
2023-06-26,4328.81982421875,3415030000.0,0.0071385675085783
2023-06-27,4378.41015625,3573500000.0,0.0073317919988828
2023-06-28,4376.85986328125,3739330000.0,0.007341739077096
2023-06-29,4396.43994140625,3696660000.0,0.0071853550543631
2023-06-30,4450.3798828125,3923450000.0,0.0072028261638646
2023-07-01,4450.3798828125,3923450000.0,0.0072028261638646
2023-07-02,4450.3798828125,3923450000.0,0.0072028261638646
2023-07-03,4455.58984375,2034280000.0,0.0070770733647813
2023-07-04,4455.58984375,2034280000.0,0.0070770733647813
2023-07-05,4446.81982421875,3482620000.0,0.0070864625386269
2023-07-06,4411.58984375,3682020000.0,0.0073091254469169
2023-07-07,4398.9501953125,3630480000.0,0.0069461538311373
2023-07-08,4398.9501953125,3630480000.0,0.0069461538311373
2023-07-09,4398.9501953125,3630480000.0,0.0069461538311373
2023-07-10,4409.52978515625,3429600000.0,0.0067192934772903
2023-07-11,4439.259765625,3624220000.0,0.0066631194824127
2023-07-12,4472.16015625,3920290000.0,0.006426970335449
2023-07-13,4510.0400390625,3839530000.0,0.0065182578599225
2023-07-14,4505.419921875,3647450000.0,0.0063544743124024
2023-07-15,4505.419921875,3647450000.0,0.0063544743124024
2023-07-16,4505.419921875,3647450000.0,0.0063544743124024
2023-07-17,4522.7900390625,3538240000.0,0.0062097199370055
2023-07-18,4554.97998046875,4090010000.0,0.0058496106563883
2023-07-19,4565.72021484375,4115670000.0,0.0057991362561981
2023-07-20,4534.8701171875,3761770000.0,0.0060262373819958
2023-07-21,4536.33984375,3570190000.0,0.0059375109218944
2023-07-22,4536.33984375,3570190000.0,0.0059375109218944
2023-07-23,4536.33984375,3570190000.0,0.0059375109218944
2023-07-24,4554.64013671875,3856250000.0,0.0058988275057134
2023-07-25,4567.4599609375,3812470000.0,0.0058986965853369
2023-07-26,4566.75,3990290000.0,0.005747973392557
2023-07-27,4537.41015625,4553210000.0,0.0058473854233954
2023-07-28,4582.22998046875,3981010000.0,0.0060517514575699
2023-07-29,4582.22998046875,3981010000.0,0.0060517514575699
2023-07-30,4582.22998046875,3981010000.0,0.0060517514575699
2023-07-31,4588.9599609375,4503600000.0,0.0057149457071855
2023-08-01,4576.72998046875,4042370000.0,0.0056880952124037
2023-08-02,4513.39013671875,4270710000.0,0.0062420868578781
2023-08-03,4501.89013671875,4149120000.0,0.0061685942149525
2023-08-04,4478.02978515625,4143310000.0,0.0062526552642433
2023-08-05,4478.02978515625,4143310000.0,0.0062526552642433
2023-08-06,4478.02978515625,4143310000.0,0.0062526552642433
2023-08-07,4518.43994140625,3493920000.0,0.0062200558946126
2023-08-08,4499.3798828125,3884910000.0,0.0062116079546799
2023-08-09,4467.7099609375,3803100000.0,0.0060892104832152
2023-08-10,4468.830078125,4504370000.0,0.0060866931642317
2023-08-11,4464.0498046875,3753290000.0,0.006052244389917
2023-08-12,4464.0498046875,3753290000.0,0.006052244389917
2023-08-13,4464.0498046875,3753290000.0,0.006052244389917
2023-08-14,4489.72021484375,3896410000.0,0.0057283881916299
2023-08-15,4437.85986328125,3832250000.0,0.0061231126205671
2023-08-16,4404.330078125,3753910000.0,0.0062653298473423
2023-08-17,4370.35986328125,3943700000.0,0.0062565666205181
2023-08-18,4369.7099609375,3940400000.0,0.0062379267444888
2023-08-19,4369.7099609375,3940400000.0,0.0062379267444888
2023-08-20,4369.7099609375,3940400000.0,0.0062379267444888
2023-08-21,4399.77001953125,3726850000.0,0.0063544408019439
2023-08-22,4387.5498046875,3522760000.0,0.006239913881453
2023-08-23,4436.009765625,3837270000.0,0.0064264349953709
2023-08-24,4376.31005859375,3723470000.0,0.0066491188465197
2023-08-25,4405.7099609375,3296180000.0,0.0067960370517901
2023-08-26,4405.7099609375,3296180000.0,0.0067960370517901
2023-08-27,4405.7099609375,3296180000.0,0.0067960370517901
2023-08-28,4433.31005859375,2957230000.0,0.0068656478797342
2023-08-29,4497.6298828125,3354820000.0,0.0072685314804261
2023-08-30,4514.8701171875,3064110000.0,0.0072928298981015
2023-08-31,4507.66015625,3946360000.0,0.0071965935698927
2023-09-01,4515.77001953125,3246260000.0,0.0072053205183139
2023-09-02,4515.77001953125,3246260000.0,0.0072053205183139
2023-09-03,4515.77001953125,3246260000.0,0.0072053205183139
2023-09-04,4515.77001953125,3246260000.0,0.0072053205183139
2023-09-05,4496.830078125,3526250000.0,0.0071974333786049
2023-09-06,4465.47998046875,3418850000.0,0.0072677260694217
2023-09-07,4451.14013671875,3763760000.0,0.0072805278160276
2023-09-08,4457.490234375,3259290000.0,0.007213626005872
2023-09-09,4457.490234375,3259290000.0,0.007213626005872
2023-09-10,4457.490234375,3259290000.0,0.007213626005872
2023-09-11,4487.4599609375,3369920000.0,0.0070791321396637
2023-09-12,4461.89990234375,3435740000.0,0.0071246596771074
2023-09-13,4467.43994140625,3529430000.0,0.0071276280273087
2023-09-14,4505.10009765625,3648720000.0,0.006870476095092
2023-09-15,4450.31982421875,6932230000.0,0.0072105127096753
2023-09-16,4450.31982421875,6932230000.0,0.0072105127096753
2023-09-17,4450.31982421875,6932230000.0,0.0072105127096753
2023-09-18,4453.52978515625,3161230000.0,0.0071521741611568
2023-09-19,4443.9501953125,3614880000.0,0.0069460432808312
2023-09-20,4402.2001953125,3308450000.0,0.0071044566762594
2023-09-21,4330.0,3662340000.0,0.0075897373942075
2023-09-22,4320.06005859375,3349570000.0,0.0075890156720588
2023-09-23,4320.06005859375,3349570000.0,0.0075890156720588
2023-09-24,4320.06005859375,3349570000.0,0.0075890156720588
2023-09-25,4337.43994140625,3195650000.0,0.0076469343582018
2023-09-26,4273.52978515625,3472340000.0,0.0079430642609159
2023-09-27,4274.509765625,3875880000.0,0.0077215478918475
2023-09-28,4299.7001953125,3846230000.0,0.0077318593163151
2023-09-29,4288.0498046875,3865960000.0,0.0076300153643902
2023-09-30,4288.0498046875,3865960000.0,0.0076300153643902
2023-10-01,4288.0498046875,3865960000.0,0.0076300153643902
2023-10-02,4288.39013671875,3938660000.0,0.0076306289651702
2023-10-03,4229.4501953125,3953830000.0,0.0078628415943624
2023-10-04,4263.75,3777600000.0,0.0080409646304493
2023-10-05,4258.18994140625,3581470000.0,0.0077183612887817
2023-10-06,4308.5,3902030000.0,0.0077229101303695
2023-10-07,4308.5,3902030000.0,0.0077229101303695
2023-10-08,4308.5,3902030000.0,0.0077229101303695
2023-10-09,4335.66015625,3174630000.0,0.0077100084726136
2023-10-10,4358.240234375,3520240000.0,0.0076804833287756
2023-10-11,4376.9501953125,3601660000.0,0.0072078561067948
2023-10-12,4349.60986328125,3713140000.0,0.0072148665627856
2023-10-13,4327.77978515625,3566560000.0,0.0072478492271434
2023-10-14,4327.77978515625,3566560000.0,0.0072478492271434
2023-10-15,4327.77978515625,3566560000.0,0.0072478492271434
2023-10-16,4373.6298828125,3409960000.0,0.0075485202305602
2023-10-17,4373.2001953125,3794850000.0,0.0075268699986139
2023-10-18,4314.60009765625,3686030000.0,0.0077959549055879
2023-10-19,4278.0,3969730000.0,0.007903885861678
2023-10-20,4224.16015625,4004030000.0,0.008149797008618
2023-10-21,4224.16015625,4004030000.0,0.008149797008618
2023-10-22,4224.16015625,4004030000.0,0.008149797008618
2023-10-23,4217.0400390625,3776100000.0,0.0079907037915895
2023-10-24,4247.68017578125,3821820000.0,0.0081357987739364
2023-10-25,4186.77001953125,3869370000.0,0.0084424468391819
2023-10-26,4137.22998046875,4277640000.0,0.0083802954488087
2023-10-27,4117.3701171875,4019500000.0,0.0082010195332825
2023-10-28,4117.3701171875,4019500000.0,0.0082010195332825
2023-10-29,4117.3701171875,4019500000.0,0.0082010195332825
2023-10-30,4166.81982421875,3911140000.0,0.0086031471230481
2023-10-31,4193.7998046875,4249470000.0,0.0087476964178345
2023-11-01,4237.85986328125,4224900000.0,0.0089112679238456
2023-11-02,4317.77978515625,4669780000.0,0.009147218503583
2023-11-03,4358.33984375,4570960000.0,0.0092964343493509
2023-11-04,4358.33984375,4570960000.0,0.0092964343493509
2023-11-05,4358.33984375,4570960000.0,0.0092964343493509
2023-11-06,4365.97998046875,3656340000.0,0.0092743527399534
2023-11-07,4378.3798828125,3791230000.0,0.0088355456714739
2023-11-08,4382.77978515625,3729510000.0,0.0088349284581613
2023-11-09,4347.35009765625,3900780000.0,0.0089284222277031
2023-11-10,4415.240234375,3665080000.0,0.0093220363276788
2023-11-11,4415.240234375,3665080000.0,0.0093220363276788
2023-11-12,4415.240234375,3665080000.0,0.0093220363276788
2023-11-13,4411.5498046875,3326240000.0,0.0093265648935071
2023-11-14,4495.7001953125,4700350000.0,0.009451428121119
2023-11-15,4502.8798828125,4347170000.0,0.00938237788389
2023-11-16,4508.240234375,3964520000.0,0.009364775653726
2023-11-17,4514.02001953125,3777240000.0,0.0091785197069234
2023-11-18,4514.02001953125,3777240000.0,0.0091785197069234
2023-11-19,4514.02001953125,3777240000.0,0.0091785197069234
2023-11-20,4547.3798828125,3644790000.0,0.0091997870840181
2023-11-21,4538.18994140625,3511080000.0,0.009196626898475
2023-11-22,4556.6201171875,3042810000.0,0.0091941819067384
2023-11-23,4556.6201171875,3042810000.0,0.0091941819067384
2023-11-24,4559.33984375,1639500000.0,0.0090830918754994
2023-11-25,4559.33984375,1639500000.0,0.0090830918754994
2023-11-26,4559.33984375,1639500000.0,0.0090830918754994
2023-11-27,4550.43017578125,3403990000.0,0.0090231771142525
2023-11-28,4554.89013671875,3586240000.0,0.008866704020563
2023-11-29,4550.580078125,4418760000.0,0.0088728455816007
2023-11-30,4567.7998046875,5399300000.0,0.008427500332118
2023-12-01,4594.6298828125,4397120000.0,0.0082207553798425
2023-12-02,4594.6298828125,4397120000.0,0.0082207553798425
2023-12-03,4594.6298828125,4397120000.0,0.0082207553798425
2023-12-04,4569.77978515625,4369910000.0,0.0078622352016365
2023-12-05,4567.18017578125,3909950000.0,0.0078437374284463
2023-12-06,4549.33984375,4245680000.0,0.0078833550482747
2023-12-07,4585.58984375,3818880000.0,0.0072815016211203
2023-12-08,4604.3701171875,3707010000.0,0.0067135744000735
2023-12-09,4604.3701171875,3707010000.0,0.0067135744000735
2023-12-10,4604.3701171875,3707010000.0,0.0067135744000735
2023-12-11,4622.43994140625,3823210000.0,0.0065244525452438
2023-12-12,4643.7001953125,3808380000.0,0.0063460814258434
2023-12-13,4707.08984375,5063650000.0,0.0065838896425462
2023-12-14,4719.5498046875,6314040000.0,0.0064671818254729
2023-12-15,4719.18994140625,8218980000.0,0.0058332190533896
2023-12-16,4719.18994140625,8218980000.0,0.0058332190533896
2023-12-17,4719.18994140625,8218980000.0,0.0058332190533896
2023-12-18,4740.56005859375,4060340000.0,0.0057163307981322
2023-12-19,4768.3701171875,4026970000.0,0.0057392719991026
2023-12-20,4698.35009765625,4201320000.0,0.0065896661918316
2023-12-21,4746.75,3431180000.0,0.0067389719420844
2023-12-22,4754.6298828125,3046770000.0,0.0064291733926796
2023-12-23,4754.6298828125,3046770000.0,0.0064291733926796
2023-12-24,4754.6298828125,3046770000.0,0.0064291733926796
2023-12-25,4754.6298828125,3046770000.0,0.0064291733926796
2023-12-26,4774.75,2513910000.0,0.0059869759905132
2023-12-27,4781.580078125,2748450000.0,0.0059562256489036
2023-12-28,4783.35009765625,2698860000.0,0.0051191291781525
2023-12-29,4769.830078125,3126060000.0,0.0051963914588188
2023-12-30,4769.830078125,3126060000.0,0.0051963914588188
2023-12-31,4769.830078125,3126060000.0,0.0051963914588188
2024-01-01,4769.830078125,3126060000.0,0.0051963914588188
2024-01-02,4742.830078125,3743050000.0,0.005377710851629
2024-01-03,4704.81005859375,3950760000.0,0.0056643543070067
2024-01-04,4688.68017578125,3715480000.0,0.0056138805811017
2024-01-05,4697.240234375,3844370000.0,0.0055858425033491
2024-01-06,4697.240234375,3844370000.0,0.0055858425033491
2024-01-07,4697.240234375,3844370000.0,0.0055858425033491
2024-01-08,4763.5400390625,3742320000.0,0.0060420357226592
2024-01-09,4756.5,3529960000.0,0.0060643470619011
2024-01-10,4783.4501953125,3498680000.0,0.0060776983325853
2024-01-11,4780.240234375,3759890000.0,0.0060915732183794
2024-01-12,4783.830078125,3486340000.0,0.0060748706135536
2024-01-13,4783.830078125,3486340000.0,0.0060748706135536
2024-01-14,4783.830078125,3486340000.0,0.0060748706135536
2024-01-15,4783.830078125,3486340000.0,0.0060748706135536
2024-01-16,4765.97998046875,4260550000.0,0.0061394398686386
2024-01-17,4739.2099609375,3928600000.0,0.0062108036342186
2024-01-18,4780.93994140625,4019000000.0,0.0062424354189063
2024-01-19,4839.81005859375,4287200000.0,0.0065270994401692
2024-01-20,4839.81005859375,4287200000.0,0.0065270994401692
2024-01-21,4839.81005859375,4287200000.0,0.0065270994401692
2024-01-22,4850.43017578125,4297610000.0,0.0064330256304057
2024-01-23,4864.60009765625,3912800000.0,0.0063415861117415
2024-01-24,4868.5498046875,4330030000.0,0.0063320483179632
2024-01-25,4894.16015625,4020430000.0,0.0063515694340231
2024-01-26,4890.97021484375,3353400000.0,0.0063472501826248
2024-01-27,4890.97021484375,3353400000.0,0.0063472501826248
2024-01-28,4890.97021484375,3353400000.0,0.0063472501826248
2024-01-29,4927.93017578125,3525160000.0,0.0060481711856666
2024-01-30,4924.97021484375,3836130000.0,0.0060565422612387
2024-01-31,4845.64990234375,4696120000.0,0.0068596640822627
2024-02-01,4906.18994140625,4386090000.0,0.0071494925443381
2024-02-02,4958.60986328125,3974350000.0,0.0073093614184488
2024-02-03,4958.60986328125,3974350000.0,0.0073093614184488
2024-02-04,4958.60986328125,3974350000.0,0.0073093614184488
2024-02-05,4942.81005859375,4023640000.0,0.0067107209388038
2024-02-06,4954.22998046875,4440880000.0,0.0065152831973742
2024-02-07,4995.06005859375,4895590000.0,0.0066320155574941
2024-02-08,4997.91015625,4341860000.0,0.0066165564743129
2024-02-09,5026.60986328125,3912990000.0,0.0066608210357739
2024-02-10,5026.60986328125,3912990000.0,0.0066608210357739
2024-02-11,5026.60986328125,3912990000.0,0.0066608210357739
2024-02-12,5021.83984375,3805740000.0,0.0066740156599246
2024-02-13,4953.169921875,4302190000.0,0.0072034158298063
2024-02-14,5000.6201171875,3845600000.0,0.0072337884457882
2024-02-15,5029.72998046875,4137970000.0,0.0070249215177736
2024-02-16,5005.56982421875,3833270000.0,0.0070676784917681
2024-02-17,5005.56982421875,3833270000.0,0.0070676784917681
2024-02-18,5005.56982421875,3833270000.0,0.0070676784917681
2024-02-19,5005.56982421875,3833270000.0,0.0070676784917681
2024-02-20,4975.509765625,4034880000.0,0.0072247827842597
2024-02-21,4981.7998046875,3788390000.0,0.0068541082169538
2024-02-22,5087.02978515625,4051710000.0,0.0076869410161964
2024-02-23,5088.7998046875,3672790000.0,0.0076667474946516
2024-02-24,5088.7998046875,3672790000.0,0.0076667474946516
2024-02-25,5088.7998046875,3672790000.0,0.0076667474946516
2024-02-26,5069.52978515625,3683930000.0,0.0077261129363074
2024-02-27,5078.18017578125,3925950000.0,0.0077229323472998
2024-02-28,5069.759765625,3789370000.0,0.007678960603229
2024-02-29,5096.27001953125,5219740000.0,0.0075587122306617
2024-03-01,5137.080078125,4748110000.0,0.0075371688991047
2024-03-02,5137.080078125,4748110000.0,0.0075371688991047
2024-03-03,5137.080078125,4748110000.0,0.0075371688991047
2024-03-04,5130.9501953125,4758440000.0,0.0073283395707656
2024-03-05,5078.64990234375,4418410000.0,0.0076583857149242
2024-03-06,5104.759765625,4559050000.0,0.0076827659433276
2024-03-07,5157.35986328125,4137980000.0,0.0078407817031124
2024-03-08,5123.68994140625,4208870000.0,0.0079630944491257
2024-03-09,5123.68994140625,4208870000.0,0.0079630944491257
2024-03-10,5123.68994140625,4208870000.0,0.0079630944491257
2024-03-11,5117.93994140625,3896430000.0,0.0079680015217393
2024-03-12,5175.27001953125,4080510000.0,0.0080883904645142
2024-03-13,5165.31005859375,4282890000.0,0.0081046152139139
2024-03-14,5150.47998046875,4687970000.0,0.0074303584901973
2024-03-15,5117.08984375,7753670000.0,0.0073208617751623
2024-03-16,5117.08984375,7753670000.0,0.0073208617751623
2024-03-17,5117.08984375,7753670000.0,0.0073208617751623
2024-03-18,5149.419921875,4036220000.0,0.0071739388851854
2024-03-19,5178.509765625,4031760000.0,0.0071660965096651
2024-03-20,5224.6201171875,4064850000.0,0.0072888608467308
2024-03-21,5241.52978515625,4207730000.0,0.0071933322902227
2024-03-22,5234.18017578125,3374700000.0,0.0072121248447103
2024-03-23,5234.18017578125,3374700000.0,0.0072121248447103
2024-03-24,5234.18017578125,3374700000.0,0.0072121248447103
2024-03-25,5218.18994140625,3331360000.0,0.0072146495625735
2024-03-26,5203.580078125,3871790000.0,0.0072420057728916
2024-03-27,5248.490234375,3850500000.0,0.0067862943898979
2024-03-28,5254.35009765625,3998270000.0,0.0066333646336341
2024-03-29,5254.35009765625,3998270000.0,0.0066333646336341
2024-03-30,5254.35009765625,3998270000.0,0.0066333646336341
2024-03-31,5254.35009765625,3998270000.0,0.0066333646336341
2024-04-01,5243.77001953125,3325930000.0,0.0066181069632248
2024-04-02,5205.81005859375,3886590000.0,0.0067117748114929
2024-04-03,5211.490234375,3703250000.0,0.0065679677382618
2024-04-04,5147.2099609375,4075680000.0,0.0070453102703172
2024-04-05,5204.33984375,3386780000.0,0.0062769443074871
2024-04-06,5204.33984375,3386780000.0,0.0062769443074871
2024-04-07,5204.33984375,3386780000.0,0.0062769443074871
2024-04-08,5202.39013671875,3278180000.0,0.006279965709226
2024-04-09,5209.91015625,3400680000.0,0.0062222329780342
2024-04-10,5160.64013671875,3845930000.0,0.0065029733662825
2024-04-11,5199.06005859375,3509380000.0,0.0066075690265089
2024-04-12,5123.41015625,3963220000.0,0.0071293088899546
2024-04-13,5123.41015625,3963220000.0,0.0071293088899546
2024-04-14,5123.41015625,3963220000.0,0.0071293088899546
2024-04-15,5061.81982421875,3950210000.0,0.007311582595837
2024-04-16,5051.41015625,4006200000.0,0.0073161480722745
2024-04-17,5022.2099609375,3596130000.0,0.0071555844177141
2024-04-18,5011.1201171875,3619760000.0,0.0070861637672146
2024-04-19,4967.22998046875,3878750000.0,0.0069304183917712
2024-04-20,4967.22998046875,3878750000.0,0.0069304183917712
2024-04-21,4967.22998046875,3878750000.0,0.0069304183917712
2024-04-22,5010.60009765625,3820250000.0,0.0070856570654926
2024-04-23,5070.5498046875,3751400000.0,0.0074507713056833
2024-04-24,5071.6298828125,3656740000.0,0.0071320218682362
2024-04-25,5048.419921875,3958050000.0,0.0071645952674993
2024-04-26,5099.9599609375,3604140000.0,0.0074225723038634
2024-04-27,5099.9599609375,3604140000.0,0.0074225723038634
2024-04-28,5099.9599609375,3604140000.0,0.0074225723038634
2024-04-29,5116.169921875,3447450000.0,0.0073549157001955
2024-04-30,5035.68994140625,4082470000.0,0.0077988836626526
2024-05-01,5018.39013671875,4544170000.0,0.0077185585403044
2024-05-02,5064.2001953125,4381660000.0,0.0077285005893551
2024-05-03,5127.7900390625,3924990000.0,0.0080810765403498
2024-05-04,5127.7900390625,3924990000.0,0.0080810765403498
2024-05-05,5127.7900390625,3924990000.0,0.0080810765403498
2024-05-06,5180.740234375,3683250000.0,0.0083251018687642
2024-05-07,5187.7001953125,3987890000.0,0.0083143396652643
2024-05-08,5187.669921875,3842100000.0,0.0082997515079794
2024-05-09,5214.080078125,3727370000.0,0.0081969238117321
2024-05-10,5222.68017578125,3617900000.0,0.0082004879067779
2024-05-11,5222.68017578125,3617900000.0,0.0082004879067779
2024-05-12,5222.68017578125,3617900000.0,0.0082004879067779
2024-05-13,5221.419921875,4255710000.0,0.008193348367887
2024-05-14,5246.68017578125,4763580000.0,0.0081280129274756
2024-05-15,5308.14990234375,4360810000.0,0.0083895185703688
2024-05-16,5297.10009765625,3817470000.0,0.0080413535231231
2024-05-17,5303.27001953125,3578120000.0,0.0078133387889403
2024-05-18,5303.27001953125,3578120000.0,0.0078133387889403
2024-05-19,5303.27001953125,3578120000.0,0.0078133387889403
2024-05-20,5308.1298828125,3420100000.0,0.0078111821107886
2024-05-21,5321.41015625,3662240000.0,0.0078171526903639
2024-05-22,5307.009765625,3847130000.0,0.0076068419450535
2024-05-23,5267.83984375,3869520000.0,0.0076524481356596
2024-05-24,5304.72021484375,3005510000.0,0.0071859803221065
2024-05-25,5304.72021484375,3005510000.0,0.0071859803221065
2024-05-26,5304.72021484375,3005510000.0,0.0071859803221065
2024-05-27,5304.72021484375,3005510000.0,0.0071859803221065
2024-05-28,5306.0400390625,3751540000.0,0.0067405324104916
2024-05-29,5266.9501953125,3552750000.0,0.0069079130980355
2024-05-30,5235.47998046875,3818750000.0,0.0069150215297215
2024-05-31,5277.509765625,5437160000.0,0.0069826984850941
2024-06-01,5277.509765625,5437160000.0,0.0069826984850941
2024-06-02,5277.509765625,5437160000.0,0.0069826984850941
2024-06-03,5283.39990234375,4046920000.0,0.0066962048333495
2024-06-04,5291.33984375,3707900000.0,0.006578118438911
2024-06-05,5354.02978515625,3591460000.0,0.0065720459899116
2024-06-06,5352.9599609375,3609990000.0,0.0065759434579919
2024-06-07,5346.990234375,3692760000.0,0.0064896693417479
2024-06-08,5346.990234375,3692760000.0,0.0064896693417479
2024-06-09,5346.990234375,3692760000.0,0.0064896693417479
2024-06-10,5360.7900390625,3622280000.0,0.0063025711800106
2024-06-11,5375.31982421875,3568030000.0,0.0062992886748433
2024-06-12,5421.02978515625,3962840000.0,0.0054810302996499
2024-06-13,5433.740234375,3530380000.0,0.0053669074325153
2024-06-14,5431.60009765625,3438650000.0,0.0052527590531644
2024-06-15,5431.60009765625,3438650000.0,0.0052527590531644
2024-06-16,5431.60009765625,3438650000.0,0.0052527590531644
2024-06-17,5473.22998046875,3447840000.0,0.0049985062059202
2024-06-18,5487.02978515625,3544330000.0,0.0047600009193756
2024-06-19,5487.02978515625,3544330000.0,0.0047600009193756
2024-06-20,5473.169921875,3847060000.0,0.004828045714945
2024-06-21,5464.6201171875,6773800000.0,0.0048562652660355
2024-06-22,5464.6201171875,6773800000.0,0.0048562652660355
2024-06-23,5464.6201171875,6773800000.0,0.0048562652660355
2024-06-24,5447.8701171875,3696750000.0,0.004890498737568
2024-06-25,5469.2998046875,3591960000.0,0.0049111244548477
2024-06-26,5477.89990234375,3563920000.0,0.0048996155343017
2024-06-27,5482.8701171875,3589530000.0,0.0048626962574323
2024-06-28,5460.47998046875,7199220000.0,0.0045665509634277
2024-06-29,5460.47998046875,7199220000.0,0.0045665509634277
2024-06-30,5460.47998046875,7199220000.0,0.0045665509634277
2024-07-01,5475.08984375,3488760000.0,0.0045403209659835
2024-07-02,5509.009765625,3329950000.0,0.0046339484663065
2024-07-03,5537.02001953125,2179470000.0,0.0046848711332168
2024-07-04,5537.02001953125,2179470000.0,0.0046848711332168
2024-07-05,5567.18994140625,3253080000.0,0.0047387928942348
2024-07-06,5567.18994140625,3253080000.0,0.0047387928942348
2024-07-07,5567.18994140625,3253080000.0,0.0047387928942348
2024-07-08,5572.85009765625,3185670000.0,0.0046728850274454
2024-07-09,5576.97998046875,3232920000.0,0.0043554978384524
2024-07-10,5633.91015625,3336100000.0,0.0045188956258743
2024-07-11,5584.5400390625,4020950000.0,0.004924237465843
2024-07-12,5615.35009765625,3700280000.0,0.0046581956652785
2024-07-13,5615.35009765625,3700280000.0,0.0046581956652785
2024-07-14,5615.35009765625,3700280000.0,0.0046581956652785
2024-07-15,5631.22021484375,3620470000.0,0.004398595807917
2024-07-16,5667.2001953125,4041760000.0,0.0043371995514096
2024-07-17,5588.27001953125,4246450000.0,0.0052695119929932
2024-07-18,5544.58984375,4007510000.0,0.0055604458704604
2024-07-19,5505.0,3760570000.0,0.0054340790969105
2024-07-20,5505.0,3760570000.0,0.0054340790969105
2024-07-21,5505.0,3760570000.0,0.0054340790969105
2024-07-22,5564.41015625,3375180000.0,0.0057153027517911
2024-07-23,5555.740234375,3500210000.0,0.0057223128973467
2024-07-24,5427.1298828125,3945550000.0,0.0072762262654988
2024-07-25,5399.22021484375,4592120000.0,0.0073320356103902
2024-07-26,5459.10009765625,3638770000.0,0.0074462975411566
2024-07-27,5459.10009765625,3638770000.0,0.0074462975411566
2024-07-28,5459.10009765625,3638770000.0,0.0074462975411566
2024-07-29,5463.5400390625,3379970000.0,0.0074365936886392
2024-07-30,5436.43994140625,3777740000.0,0.0074955761616237
2024-07-31,5522.2998046875,4546910000.0,0.0079088552108247
2024-08-01,5446.68017578125,4703620000.0,0.0083015590170669
2024-08-02,5346.56005859375,5156450000.0,0.0089441392160522
2024-08-03,5346.56005859375,5156450000.0,0.0089441392160522
2024-08-04,5346.56005859375,5156450000.0,0.0089441392160522
2024-08-05,5186.330078125,5333250000.0,0.0104559591082685
2024-08-06,5240.02978515625,4690190000.0,0.0106799852591062
2024-08-07,5199.5,4558260000.0,0.0106961279587402
2024-08-08,5319.31005859375,4016830000.0,0.0115830660448251
2024-08-09,5344.16015625,3516400000.0,0.011624347439834
2024-08-10,5344.16015625,3516400000.0,0.011624347439834
2024-08-11,5344.16015625,3516400000.0,0.011624347439834
2024-08-12,5344.39013671875,3360160000.0,0.0116091362924526
2024-08-13,5434.43017578125,3648980000.0,0.0120257228492029
2024-08-14,5455.2099609375,3380050000.0,0.0119899148633154
2024-08-15,5543.22021484375,3723310000.0,0.0123212393627864
2024-08-16,5554.25,3357690000.0,0.0122852024419357
2024-08-17,5554.25,3357690000.0,0.0122852024419357
2024-08-18,5554.25,3357690000.0,0.0122852024419357
2024-08-19,5608.25,3222050000.0,0.0124128452438513
2024-08-20,5597.1201171875,2994420000.0,0.0124188177107828
2024-08-21,5620.85009765625,3119670000.0,0.0123002464156518
2024-08-22,5570.64013671875,2981530000.0,0.0123044748865614
2024-08-23,5634.60986328125,3291940000.0,0.012443691080699
2024-08-24,5634.60986328125,3291940000.0,0.012443691080699
2024-08-25,5634.60986328125,3291940000.0,0.012443691080699
2024-08-26,5616.83984375,2938570000.0,0.0124467186937954
2024-08-27,5625.7998046875,2798990000.0,0.0123917452162208
2024-08-28,5592.18017578125,3053450000.0,0.0121684932947225
2024-08-29,5591.9599609375,3065640000.0,0.012077512475686
2024-08-30,5648.39990234375,4185850000.0,0.0121200795199798
2024-08-31,5648.39990234375,4185850000.0,0.0121200795199798
2024-09-01,5648.39990234375,4185850000.0,0.0121200795199798
2024-09-02,5648.39990234375,4185850000.0,0.0121200795199798
2024-09-03,5528.93017578125,3866350000.0,0.0126251888974014
2024-09-04,5520.06982421875,3478140000.0,0.0126253551598188
2024-09-05,5503.41015625,3521650000.0,0.0118584450147153
2024-09-06,5408.419921875,3822800000.0,0.0122629435362435
2024-09-07,5408.419921875,3822800000.0,0.0122629435362435
2024-09-08,5408.419921875,3822800000.0,0.0122629435362435
2024-09-09,5471.0498046875,3825940000.0,0.0122781897242798
2024-09-10,5495.52001953125,3848180000.0,0.0123038304411288
2024-09-11,5554.1298828125,3839450000.0,0.0124066221549509
2024-09-12,5595.759765625,3655070000.0,0.0121534529115427
2024-09-13,5626.02001953125,3500790000.0,0.0118805801649733
2024-09-14,5626.02001953125,3500790000.0,0.0118805801649733
2024-09-15,5626.02001953125,3500790000.0,0.0118805801649733
2024-09-16,5633.08984375,3437070000.0,0.0112874709522553
2024-09-17,5634.580078125,3443600000.0,0.0095246554384687
2024-09-18,5618.259765625,3691390000.0,0.0094692002360029
2024-09-19,5713.64013671875,4024530000.0,0.0096292406592747
2024-09-20,5702.5498046875,7867260000.0,0.0089226298505285
2024-09-21,5702.5498046875,7867260000.0,0.0089226298505285
2024-09-22,5702.5498046875,7867260000.0,0.0089226298505285
2024-09-23,5718.56982421875,3529550000.0,0.0089122621816132
2024-09-24,5732.93017578125,3872710000.0,0.0089025029648873
2024-09-25,5722.259765625,3624910000.0,0.0085057976246915
2024-09-26,5745.3701171875,4391180000.0,0.0085077066570943
2024-09-27,5738.169921875,3898530000.0,0.008081860193179
2024-09-28,5738.169921875,3898530000.0,0.008081860193179
2024-09-29,5738.169921875,3898530000.0,0.008081860193179
2024-09-30,5762.47998046875,4425730000.0,0.0081001709288809
2024-10-01,5708.75,4025180000.0,0.0081612031329036
2024-10-02,5709.5400390625,3829050000.0,0.0081472612866277
2024-10-03,5699.93994140625,3597450000.0,0.0081294808608293
2024-10-04,5751.06982421875,3479400000.0,0.0080696106010594
2024-10-05,5751.06982421875,3479400000.0,0.0080696106010594
2024-10-06,5751.06982421875,3479400000.0,0.0080696106010594
2024-10-07,5695.93994140625,3637790000.0,0.0080533001552361
2024-10-08,5751.1298828125,3393400000.0,0.0081982262387264
2024-10-09,5792.0400390625,3650340000.0,0.0082778440286476
2024-10-10,5780.0498046875,3208790000.0,0.0081946146919983
2024-10-11,5815.02978515625,3208720000.0,0.0082403445787892
2024-10-12,5815.02978515625,3208720000.0,0.0082403445787892
2024-10-13,5815.02978515625,3208720000.0,0.0082403445787892
2024-10-14,5859.85009765625,3005250000.0,0.0081648464971064
2024-10-15,5815.259765625,3882120000.0,0.0071791165936996
2024-10-16,5842.47021484375,3467230000.0,0.007171419200524
2024-10-17,5841.47021484375,3480010000.0,0.007122766584115
2024-10-18,5864.669921875,3374490000.0,0.0061129361244194
2024-10-19,5864.669921875,3374490000.0,0.0061129361244194
2024-10-20,5864.669921875,3374490000.0,0.0061129361244194
2024-10-21,5853.97998046875,3407010000.0,0.0059321570265308
2024-10-22,5851.2001953125,3342080000.0,0.0059372890245306
2024-10-23,5797.419921875,3532650000.0,0.0060596113470035
2024-10-24,5809.85986328125,3543030000.0,0.0059537070840928
2024-10-25,5808.1201171875,3501280000.0,0.0059076959403946
2024-10-26,5808.1201171875,3501280000.0,0.0059076959403946
2024-10-27,5808.1201171875,3501280000.0,0.0059076959403946
2024-10-28,5823.52001953125,3691280000.0,0.0059147354796762
2024-10-29,5832.919921875,3879100000.0,0.0059132258324663
2024-10-30,5813.669921875,3851120000.0,0.0059232545932409
2024-10-31,5705.4501953125,4425660000.0,0.0062312719709978
2024-11-01,5728.7998046875,3796450000.0,0.0062651325821593
2024-11-02,5728.7998046875,3796450000.0,0.0062651325821593
2024-11-03,5728.7998046875,3796450000.0,0.0062651325821593
2024-11-04,5712.68994140625,3602060000.0,0.0062671357119107
2024-11-05,5782.759765625,3768310000.0,0.0066407894817305
2024-11-06,5929.0400390625,6329530000.0,0.0080085898945755
2024-11-07,5973.10009765625,4925740000.0,0.0080733617624634
2024-11-08,5995.5400390625,4666740000.0,0.0080705567066907
2024-11-09,5995.5400390625,4666740000.0,0.0080705567066907
2024-11-10,5995.5400390625,4666740000.0,0.0080705567066907
2024-11-11,6001.35009765625,4333000000.0,0.0080539707578325
2024-11-12,5983.990234375,4243400000.0,0.0078407518730705
2024-11-13,5985.3798828125,4220180000.0,0.0078401800373463
2024-11-14,5949.169921875,4184570000.0,0.0079431749797187
2024-11-15,5870.6201171875,4590960000.0,0.008249512913415
2024-11-16,5870.6201171875,4590960000.0,0.008249512913415
2024-11-17,5870.6201171875,4590960000.0,0.008249512913415
2024-11-18,5893.6201171875,3983860000.0,0.0080331208985142
2024-11-19,5916.97998046875,4036940000.0,0.0078913369019546
2024-11-20,5917.10986328125,3772620000.0,0.0078067359954629
2024-11-21,5948.7099609375,4230120000.0,0.0078325613203907
2024-11-22,5969.33984375,4141420000.0,0.0077890569529107
2024-11-23,5969.33984375,4141420000.0,0.0077890569529107
2024-11-24,5969.33984375,4141420000.0,0.0077890569529107
2024-11-25,5987.3701171875,5633150000.0,0.0076945367893033
2024-11-26,6021.6298828125,3835170000.0,0.0075796704789309
2024-11-27,5998.740234375,3363340000.0,0.0076024375864708
2024-11-28,5998.740234375,3363340000.0,0.0076024375864708
2024-11-29,6032.3798828125,2444420000.0,0.007647646018275
2024-11-30,6032.3798828125,2444420000.0,0.007647646018275
2024-12-01,6032.3798828125,2444420000.0,0.007647646018275
2024-12-02,6047.14990234375,4412470000.0,0.0076328595974998
2024-12-03,6049.8798828125,4095000000.0,0.0076148891174993
2024-12-04,6086.490234375,4003390000.0,0.0076611190554996
2024-12-05,6075.10986328125,4212020000.0,0.0074258900600996
2024-12-06,6090.27001953125,3924830000.0,0.0074271090639987
2024-12-07,6090.27001953125,3924830000.0,0.0074271090639987
2024-12-08,6090.27001953125,3924830000.0,0.0074271090639987
2024-12-09,6052.85009765625,4556460000.0,0.0075541068280241
2024-12-10,6034.91015625,4048410000.0,0.0075909930176507
2024-12-11,6084.18994140625,4269950000.0,0.0076961600825963
2024-12-12,6051.25,3678010000.0,0.007750546608213
2024-12-13,6051.08984375,3584960000.0,0.0067648976299629
2024-12-14,6051.08984375,3584960000.0,0.0067648976299629
2024-12-15,6051.08984375,3584960000.0,0.0067648976299629
2024-12-16,6074.080078125,4391100000.0,0.0067619462159232
2024-12-17,6050.60986328125,4544500000.0,0.0067902887420423
2024-12-18,5872.16015625,5246960000.0,0.0086840124435037
2024-12-19,5867.080078125,4896880000.0,0.0073526948120981
2024-12-20,5930.85009765625,8223220000.0,0.0075013824848443
2024-12-21,5930.85009765625,8223220000.0,0.0075013824848443
2024-12-22,5930.85009765625,8223220000.0,0.0075013824848443
2024-12-23,5974.06982421875,3593280000.0,0.0075925577273384
2024-12-24,6040.0400390625,1757720000.0,0.0078575349114109
2024-12-25,6040.0400390625,1757720000.0,0.0078575349114109
2024-12-26,6037.58984375,2904530000.0,0.0078366591952227
2024-12-27,5970.83984375,3159610000.0,0.0081091212142704
2024-12-28,5970.83984375,3159610000.0,0.0081091212142704
2024-12-29,5970.83984375,3159610000.0,0.0081091212142704
2024-12-30,5906.93994140625,3433250000.0,0.0082721630862116
2024-12-31,5881.6298828125,3128350000.0,0.0079389540015689
2025-01-01,5881.6298828125,3128350000.0,0.0079389540015689
2025-01-02,5868.5498046875,3621680000.0,0.0079154178501171
2025-01-03,5942.47021484375,3667340000.0,0.0082168610887073
2025-01-04,5942.47021484375,3667340000.0,0.0082168610887073
2025-01-05,5942.47021484375,3667340000.0,0.0082168610887073
2025-01-06,5975.3798828125,4940120000.0,0.0082752284682352
2025-01-07,5909.02978515625,4517330000.0,0.0084769907743676
2025-01-08,5918.25,4441740000.0,0.0084555590343995
2025-01-09,5918.25,4441740000.0,0.0084555590343995
2025-01-10,5827.0400390625,4751930000.0,0.0088735141045693
2025-01-11,5827.0400390625,4751930000.0,0.0088735141045693
2025-01-12,5827.0400390625,4751930000.0,0.0088735141045693
2025-01-13,5836.22021484375,4421200000.0,0.008799130805302
2025-01-14,5842.91015625,4142280000.0,0.0087919151366631
2025-01-15,5949.91015625,4544570000.0,0.0093890214507883
2025-01-16,5937.33984375,4285810000.0,0.0093772878575447
2025-01-17,5996.66015625,4366830000.0,0.0095723989358282
2025-01-18,5996.66015625,4366830000.0,0.0095723989358282
2025-01-19,5996.66015625,4366830000.0,0.0095723989358282
2025-01-20,5996.66015625,4366830000.0,0.0095723989358282
2025-01-21,6049.240234375,4702920000.0,0.009646249477559
2025-01-22,6086.3701171875,4323040000.0,0.0097087543400619
2025-01-23,6118.7099609375,4432250000.0,0.0097464410463323
2025-01-24,6101.240234375,4214250000.0,0.0096910921003088
2025-01-25,6101.240234375,4214250000.0,0.0096910921003088
2025-01-26,6101.240234375,4214250000.0,0.0096910921003088
2025-01-27,6012.27978515625,5198750000.0,0.0100553162124107
2025-01-28,6067.7001953125,4473640000.0,0.0100866076266222
2025-01-29,6039.31005859375,4115310000.0,0.0100740178692877
2025-01-30,6071.169921875,4634620000.0,0.0101208842045333
2025-01-31,6040.52978515625,4843770000.0,0.010138861728484
2025-02-01,6040.52978515625,4843770000.0,0.010138861728484
2025-02-02,6040.52978515625,4843770000.0,0.010138861728484
2025-02-03,5994.56982421875,4797210000.0,0.0102091599482582
2025-02-04,6037.8798828125,4410160000.0,0.0086209045229771
2025-02-05,6061.47998046875,4756250000.0,0.0086306351567014
2025-02-06,6083.56982421875,4847120000.0,0.0084494168167756
2025-02-07,6025.990234375,4766900000.0,0.0085644695945851
2025-02-08,6025.990234375,4766900000.0,0.0085644695945851
2025-02-09,6025.990234375,4766900000.0,0.0085644695945851
2025-02-10,6066.43994140625,4458760000.0,0.0084142002788246
2025-02-11,6068.5,4324880000.0,0.0084136171909661
2025-02-12,6051.97021484375,4627960000.0,0.0081611410887812
2025-02-13,6115.06982421875,4763800000.0,0.0080717427093345
2025-02-14,6114.6298828125,4335190000.0,0.008010044407572
2025-02-15,6114.6298828125,4335190000.0,0.008010044407572
2025-02-16,6114.6298828125,4335190000.0,0.008010044407572
2025-02-17,6114.6298828125,4335190000.0,0.008010044407572
2025-02-18,6129.580078125,4684980000.0,0.0079845812474986
2025-02-19,6144.14990234375,4562330000.0,0.0077098311888553
2025-02-20,6117.52001953125,4813690000.0,0.0077256347099173
2025-02-21,6013.1298828125,5434560000.0,0.0081170025886959
2025-02-22,6013.1298828125,5434560000.0,0.0081170025886959
2025-02-23,6013.1298828125,5434560000.0,0.0081170025886959
2025-02-24,5983.25,4990120000.0,0.0081774700627867
2025-02-25,5955.25,5374690000.0,0.0076748999082603
2025-02-26,5956.06005859375,4869580000.0,0.0076739072523184
2025-02-27,5861.56982421875,5057680000.0,0.0082538027700183
2025-02-28,5954.5,6441140000.0,0.0080816078457961
2025-03-01,5954.5,6441140000.0,0.0080816078457961
2025-03-02,5954.5,6441140000.0,0.0080816078457961
2025-03-03,5849.72021484375,5613850000.0,0.0087047776199604
2025-03-04,5778.14990234375,6138110000.0,0.0087327602509131
2025-03-05,5842.6298828125,5285970000.0,0.0088360244085617
2025-03-06,5738.52001953125,5165080000.0,0.0092378880800231
2025-03-07,5770.2001953125,5705140000.0,0.0092435467477923
2025-03-08,5770.2001953125,5705140000.0,0.0092435467477923
2025-03-09,5770.2001953125,5705140000.0,0.0092435467477923
2025-03-10,5614.56005859375,6409370000.0,0.0103418103697666
2025-03-11,5572.06982421875,6221240000.0,0.010139087832063
2025-03-12,5599.2998046875,5219830000.0,0.0099972194012565
2025-03-13,5521.52001953125,5018980000.0,0.0102037574956263
2025-03-14,5638.93994140625,4863180000.0,0.0110180219802633
2025-03-15,5638.93994140625,4863180000.0,0.0110180219802633
2025-03-16,5638.93994140625,4863180000.0,0.0110180219802633
2025-03-17,5675.1201171875,5031770000.0,0.0111228870409475
2025-03-18,5614.66015625,4666270000.0,0.0111897822610776
2025-03-19,5675.2900390625,4660090000.0,0.011310207326371
2025-03-20,5662.89013671875,4678420000.0,0.0112539587907484
2025-03-21,5667.56005859375,9367460000.0,0.0112147093545562
2025-03-22,5667.56005859375,9367460000.0,0.0112147093545562
2025-03-23,5667.56005859375,9367460000.0,0.0112147093545562
2025-03-24,5767.56982421875,4517990000.0,0.011694477832226
2025-03-25,5776.64990234375,4467340000.0,0.0116084919981732
2025-03-26,5712.2001953125,4183140000.0,0.011731988199124
2025-03-27,5693.31005859375,4403460000.0,0.011733695751696
2025-03-28,5580.93994140625,4513330000.0,0.0119315016374154
2025-03-29,5580.93994140625,4513330000.0,0.0119315016374154
2025-03-30,5580.93994140625,4513330000.0,0.0119315016374154
2025-03-31,5611.85009765625,5257250000.0,0.0120229832137504
2025-04-01,5633.06982421875,4434500000.0,0.0120456787540391
2025-04-02,5670.97021484375,4243830000.0,0.0121356549543843
2025-04-03,5396.52001953125,7210470000.0,0.0148587811403513
2025-04-04,5074.080078125,8853500000.0,0.018066243376666
2025-04-05,5074.080078125,8853500000.0,0.018066243376666
2025-04-06,5074.080078125,8853500000.0,0.018066243376666
2025-04-07,5062.25,8691980000.0,0.0180761343642276
2025-04-08,4982.77001953125,7408140000.0,0.0181714765709132
2025-04-09,5456.89990234375,9489600000.0,0.0253539805710166
2025-04-10,5268.0498046875,6677140000.0,0.0259323597752555
2025-04-11,5363.35986328125,5602550000.0,0.0259918451162255
2025-04-12,5363.35986328125,5602550000.0,0.0259918451162255
2025-04-13,5363.35986328125,5602550000.0,0.0259918451162255
2025-04-14,5405.97021484375,5031440000.0,0.0259283433665832
2025-04-15,5396.6298828125,4317110000.0,0.0258640043913549
2025-04-16,5275.7001953125,4607750000.0,0.0259961452273894
2025-04-17,5282.7001953125,4714880000.0,0.0258614485673502
2025-04-18,5282.7001953125,4714880000.0,0.0258614485673502
2025-04-19,5282.7001953125,4714880000.0,0.0258614485673502
2025-04-20,5282.7001953125,4714880000.0,0.0258614485673502
2025-04-21,5158.2001953125,4226340000.0,0.0260922920726288
2025-04-22,5287.759765625,4666950000.0,0.0262023212557656
2025-04-23,5375.85986328125,5371390000.0,0.0263940006090193
2025-04-24,5484.77001953125,4697710000.0,0.0266586061857547
2025-04-25,5525.2099609375,4236580000.0,0.0265760259903921
2025-04-26,5525.2099609375,4236580000.0,0.0265760259903921
2025-04-27,5525.2099609375,4236580000.0,0.0265760259903921
2025-04-28,5528.75,4257880000.0,0.0262789474649797
2025-04-29,5560.830078125,4747150000.0,0.026273537160698
2025-04-30,5569.06005859375,5449490000.0,0.0262072064093618
2025-05-01,5604.14013671875,4935270000.0,0.0261551689909737
2025-05-02,5686.669921875,4854380000.0,0.0262956334223585
2025-05-03,5686.669921875,4854380000.0,0.0262956334223585
2025-05-04,5686.669921875,4854380000.0,0.0262956334223585
2025-05-05,5650.3798828125,4358260000.0,0.0263222304023724
2025-05-06,5606.91015625,4717260000.0,0.0261430469049473
2025-05-07,5631.27978515625,4987440000.0,0.0261570807605733
2025-05-08,5663.93994140625,5627400000.0,0.0261087975607145
2025-05-09,5659.91015625,4645090000.0,0.0261027081177872
2025-05-10,5659.91015625,4645090000.0,0.0261027081177872
2025-05-11,5659.91015625,4645090000.0,0.0261027081177872
2025-05-12,5844.18994140625,6014580000.0,0.0264696986794452
2025-05-13,5886.5498046875,5516290000.0,0.0264803370497774
2025-05-14,5892.580078125,5233450000.0,0.0264772861214651
2025-05-15,5916.93017578125,4991290000.0,0.0264639793057019
2025-05-16,5958.3798828125,4850850000.0,0.0246569604099304
2025-05-17,5958.3798828125,4850850000.0,0.0246569604099304
2025-05-18,5958.3798828125,4850850000.0,0.0246569604099304
2025-05-19,5963.60009765625,4144010000.0,0.0214100898163439
2025-05-20,5940.4599609375,4416850000.0,0.0214312712568564
2025-05-21,5844.60986328125,5254250000.0,0.0214464519206091
2025-05-22,5842.009765625,5157050000.0,0.014105797240228
2025-05-23,5802.81982421875,4662820000.0,0.0123434591012768
2025-05-24,5802.81982421875,4662820000.0,0.0123434591012768
2025-05-25,5802.81982421875,4662820000.0,0.0123434591012768
2025-05-26,5802.81982421875,4662820000.0,0.0123434591012768
2025-05-27,5921.5400390625,5366380000.0,0.0124457294737807
2025-05-28,5888.5498046875,4665050000.0,0.0125170395051111
2025-05-29,5912.169921875,4569750000.0,0.0124884422641847
2025-05-30,5911.68994140625,6378540000.0,0.0115294273314034
2025-05-31,5911.68994140625,6378540000.0,0.0115294273314034
2025-06-01,5911.68994140625,6378540000.0,0.0115294273314034
2025-06-02,5935.93994140625,4832240000.0,0.0115200669118946
2025-06-03,5970.3701171875,5026680000.0,0.0102615688442315
2025-06-04,5970.81005859375,4767050000.0,0.0095755171596657
2025-06-05,5939.2998046875,5091850000.0,0.0094226579512016
2025-06-06,6000.35986328125,4355710000.0,0.0089812912175964
2025-06-07,6000.35986328125,4355710000.0,0.0089812912175964
2025-06-08,6000.35986328125,4355710000.0,0.0089812912175964
2025-06-09,6005.8798828125,4642360000.0,0.0089505166170491
2025-06-10,6038.81005859375,4882880000.0,0.0089541092654379
2025-06-11,6022.240234375,5111550000.0,0.0089960842134764
2025-06-12,6045.259765625,4669500000.0,0.0089956455295879
2025-06-13,5976.97021484375,5258910000.0,0.0093264150434328
2025-06-14,5976.97021484375,5258910000.0,0.0093264150434328
2025-06-15,5976.97021484375,5258910000.0,0.0093264150434328
2025-06-16,6033.10986328125,5111710000.0,0.0091309679075205
2025-06-17,5982.72021484375,4955700000.0,0.0092006708189791
2025-06-18,5980.8701171875,5106470000.0,0.0090311521496502
2025-06-19,5980.8701171875,5106470000.0,0.0090311521496502
2025-06-20,5967.83984375,7451500000.0,0.009055151698654
2025-06-21,5967.83984375,7451500000.0,0.009055151698654
2025-06-22,5967.83984375,7451500000.0,0.009055151698654
2025-06-23,6025.169921875,5597000000.0,0.0091364097117954
2025-06-24,6092.18017578125,5443690000.0,0.0092651165652965
2025-06-25,6092.16015625,5171110000.0,0.0073949299945954
2025-06-26,6141.02001953125,5308140000.0,0.0074170701921523
2025-06-27,6173.06982421875,7889350000.0,0.0074487729146557
2025-06-28,6173.06982421875,7889350000.0,0.0074487729146557
2025-06-29,6173.06982421875,7889350000.0,0.0074487729146557
2025-06-30,6204.9501953125,5782900000.0,0.0074633602433292
2025-07-01,6198.009765625,6275310000.0,0.0074077077961288
2025-07-02,6227.419921875,5645710000.0,0.007433277267753
2025-07-03,6279.35009765625,3378110000.0,0.0074650054940196
2025-07-04,6279.35009765625,3378110000.0,0.0074650054940196
2025-07-05,6279.35009765625,3378110000.0,0.0074650054940196
2025-07-06,6279.35009765625,3378110000.0,0.0074650054940196
2025-07-07,6229.97998046875,5236740000.0,0.0068994120591057
2025-07-08,6225.52001953125,5739030000.0,0.0069030764780034
2025-07-09,6263.259765625,4813340000.0,0.0067301554070406
