date,bitcoin_stockprice,bitcoin_volume,bitcoin_volatility
2014-09-17,457.3340148925781,21056800,0.0
2014-09-18,424.4400024414063,34483200,0.0
2014-09-19,394.7959899902344,37919700,0.0
2014-09-20,408.9039916992188,36863600,0.0
2014-09-21,398.8210144042969,26580100,0.0
2014-09-22,402.1520080566406,24127600,0.0
2014-09-23,435.7909851074219,45099500,0.0
2014-09-24,423.2049865722656,30627700,0.0
2014-09-25,411.5740051269531,26814400,0.0
2014-09-26,404.4249877929688,21460800,0.0
2014-09-27,399.5199890136719,15029300,0.0
2014-09-28,377.1809997558594,23613300,0.0
2014-09-29,375.4670104980469,32497700,0.0
2014-09-30,386.9440002441406,34707300,0.0
2014-10-01,383.614990234375,26229400,0.0
2014-10-02,375.0719909667969,21777700,0.0
2014-10-03,359.5119934082031,30901200,0.0
2014-10-04,328.8659973144531,47236500,0.0
2014-10-05,320.510009765625,83308096,0.0
2014-10-06,330.0790100097656,79011800,0.0
2014-10-07,336.18701171875,49199900,0.0
2014-10-08,352.94000244140625,54736300,0.0
2014-10-09,365.0260009765625,83641104,0.0
2014-10-10,361.56201171875,43665700,0.0
2014-10-11,362.2990112304688,13345200,0.0
2014-10-12,378.5490112304688,17552800,0.0
2014-10-13,390.41400146484375,35221400,0.0
2014-10-14,400.8699951171875,38491500,0.0
2014-10-15,394.7730102539063,25267100,0.0
2014-10-16,382.5559997558594,26990000,0.0
2014-10-17,383.7579956054688,13600700,0.0394262083751515
2014-10-18,391.4419860839844,11416800,0.0374658219172854
2014-10-19,389.5459899902344,5914570,0.0350865477639175
2014-10-20,382.8450012207031,16419000,0.034556612586796
2014-10-21,386.4750061035156,14188900,0.034345043469015
2014-10-22,383.1579895019531,11641300,0.0343249837388329
2014-10-23,358.4169921875,26456900,0.0326816830298075
2014-10-24,358.3450012207031,15585700,0.0324126987508094
2014-10-25,347.27099609375,18127500,0.0325026193245737
2014-10-26,354.7040100097656,11272500,0.0327824844919071
2014-10-27,352.989013671875,13033000,0.0327493953265357
2014-10-28,357.6180114746094,7845880,0.0312822312844055
2014-10-29,335.59100341796875,18192700,0.0332564713796265
2014-10-30,345.30499267578125,30177900,0.033202405524447
2014-10-31,338.3210144042969,12545400,0.0333313018317959
2014-11-01,325.7489929199219,16677200,0.0337376653493015
2014-11-02,325.8919982910156,8603620,0.0329863627181088
2014-11-03,327.5539855957031,12948500,0.0287457709133744
2014-11-04,330.49200439453125,15655500,0.0283754340615436
2014-11-05,339.4859924316406,19817200,0.0282905537290601
2014-11-06,349.2900085449219,18797000,0.0285646511814539
2014-11-07,342.4150085449219,16834200,0.0273613565789042
2014-11-08,345.4880065917969,8535470,0.0266435421184853
2014-11-09,363.2640075683594,24205600,0.0282311367421884
2014-11-10,366.9240112304688,30450100,0.0282870990852355
2014-11-11,367.6950073242188,15838900,0.027076597714957
2014-11-12,423.5610046386719,45783200,0.0371955869782046
2014-11-13,420.7349853515625,58945000,0.0369582782182368
2014-11-14,397.8179931640625,29589200,0.0383224016039247
2014-11-15,376.1329956054688,15727500,0.0392760293725757
2014-11-16,387.8819885253906,11905600,0.0396873865373877
2014-11-17,387.4079895019531,41518800,0.0395170236367042
2014-11-18,375.197998046875,32222500,0.0399330839717505
2014-11-19,380.5549926757813,18931800,0.0399096089809599
2014-11-20,357.8399963378906,25233200,0.0413950236200975
2014-11-21,350.8479919433594,29850100,0.0415006554066636
2014-11-22,352.9200134277344,15273000,0.0397303932273489
2014-11-23,367.572998046875,15151600,0.040436368074562
2014-11-24,376.9010009765625,30930100,0.0401972023908859
2014-11-25,375.3479919433594,25442200,0.0400620031979463
2014-11-26,368.3699951171875,18601700,0.0402229371111655
2014-11-27,369.6700134277344,8748030,0.0401657519623558
2014-11-28,376.4469909667969,22946500,0.0383588357131678
2014-11-29,375.4909973144531,15375600,0.0380873139576983
2014-11-30,378.0469970703125,9194440,0.0378383250356595
2014-12-01,379.2449951171875,11763000,0.0370165969487724
2014-12-02,381.3150024414063,12364100,0.037006289091918
2014-12-03,375.010009765625,13340100,0.0372219212177855
2014-12-04,369.60400390625,14529600,0.0373718359551954
2014-12-05,376.85400390625,15181800,0.0372377807126122
2014-12-06,374.7850036621094,7009320,0.0369672454141656
2014-12-07,375.0950012207031,6491650,0.0367304751311901
2014-12-08,361.9089965820313,18898700,0.0373846108898931
2014-12-09,352.218994140625,32915500,0.0365730715726587
2014-12-10,346.364990234375,16427700,0.0366208189374283
2014-12-11,350.5060119628906,32431300,0.0367013641691728
2014-12-12,352.5419921875,16989800,0.0249437867764254
2014-12-13,347.3760070800781,11675900,0.0249936579669504
2014-12-14,351.6319885253906,12415200,0.023373355339074
2014-12-15,345.3450012207031,17264200,0.0214084607202638
2014-12-16,327.06201171875,30864900,0.022420353859701
2014-12-17,319.7760009765625,37567900,0.0226107786251569
2014-12-18,311.39599609375,39173000,0.0224182396658903
2014-12-19,317.8429870605469,23823100,0.0226448097659578
2014-12-20,329.9559936523437,20856700,0.0214503970862663
2014-12-21,320.8429870605469,15207600,0.0217283073401895
2014-12-22,331.885986328125,22315100,0.0226992765534405
2014-12-23,334.5719909667969,16574200,0.0213213723083318
2014-12-24,322.53399658203125,15092300,0.0214831609247222
2014-12-25,319.00799560546875,9883640,0.0215079758035905
2014-12-26,327.92401123046875,16410500,0.022169963092355
2014-12-27,315.8630065917969,15185200,0.0229479564606841
2014-12-28,317.239013671875,11676600,0.0225978613127142
2014-12-29,312.6700134277344,12302500,0.0226456702560925
2014-12-30,310.73699951171875,12528300,0.0225145791643268
2014-12-31,320.1929931640625,13942900,0.0234266389992661
2015-01-01,314.2489929199219,8036550,0.0234480733831599
2015-01-02,315.0320129394531,7860650,0.0234209043250137
2015-01-03,281.0820007324219,33054400,0.0306329396944427
2015-01-04,264.19500732421875,55629100,0.0316054566645278
2015-01-05,274.4739990234375,43962800,0.0328871371073614
2015-01-06,286.1889953613281,23245700,0.0341933616511513
2015-01-07,294.3370056152344,24866800,0.0344561633797269
2015-01-08,283.3489990234375,19982500,0.0347336154332998
2015-01-09,290.4079895019531,18718600,0.0351616536338386
2015-01-10,274.7959899902344,15264300,0.0361162367214265
2015-01-11,265.6600036621094,18200800,0.0363137651039834
2015-01-12,267.7959899902344,18880300,0.0364362707100402
2015-01-13,225.86099243164065,72843904,0.0466390929902434
2015-01-14,178.10299682617188,97638704,0.0618966659502391
2015-01-15,209.843994140625,81773504,0.0702444213638377
2015-01-16,208.0970001220703,38421000,0.0702382456642281
2015-01-17,199.259994506836,23469700,0.0704064647864686
2015-01-18,210.3390045166016,30085100,0.0712513596644806
2015-01-19,214.86099243164065,18658300,0.0709120004132503
2015-01-20,211.31500244140625,24051100,0.070866581824462
2015-01-21,226.89700317382807,29924600,0.0720509874157488
2015-01-22,233.406005859375,33544600,0.0723456843783777
2015-01-23,232.8789978027344,24621700,0.0722140874866914
2015-01-24,247.8470001220703,24782500,0.0734384764398574
2015-01-25,253.718002319336,33582700,0.0733721862749448
2015-01-26,273.4729919433594,106794000,0.074704101715996
2015-01-27,263.4750061035156,44399000,0.0749140653183681
2015-01-28,233.9149932861328,44352200,0.0776918190290305
2015-01-29,233.51300048828125,32213400,0.0777030316435546
2015-01-30,226.4250030517578,26605200,0.0774296676014841
2015-01-31,217.4640045166016,23348200,0.0775995789052834
2015-02-01,226.9720001220703,29128500,0.0782104342847377
2015-02-02,238.22900390625,30612100,0.0764290980573544
2015-02-03,227.2680053710937,40783700,0.0760981688265221
2015-02-04,226.85299682617188,26594300,0.0756645713563538
2015-02-05,217.11099243164065,22516400,0.075401252297259
2015-02-06,222.26600646972656,24435300,0.0753273635642754
2015-02-07,227.7539978027344,21604200,0.0753700427815676
2015-02-08,223.41200256347656,17145200,0.0751552283900325
2015-02-09,220.1100006103516,27791300,0.0746533891519617
2015-02-10,219.8390045166016,21115100,0.0744926751704386
2015-02-11,219.1849975585937,17201900,0.0744468439098961
2015-02-12,221.76400756835932,15206200,0.0677690628212995
2015-02-13,235.427001953125,42744400,0.051776478313637
2015-02-14,257.3210144042969,49732500,0.0454717382432625
2015-02-15,234.8249969482422,56552400,0.0488354157711877
2015-02-16,233.843002319336,28153700,0.0480407626210176
2015-02-17,243.6100006103516,27363100,0.0476376082300913
2015-02-18,236.3260040283203,25200800,0.0479570755550953
2015-02-19,240.2830047607422,18270500,0.047867436939046
2015-02-20,243.7790069580078,23876700,0.0462276094126198
2015-02-21,244.53399658203125,12284200,0.0459691627899305
2015-02-22,235.9770050048828,19527000,0.0464653794333962
2015-02-23,238.8919982910156,16400000,0.0450451695019967
2015-02-24,238.7350006103516,14200400,0.0448049067799659
2015-02-25,237.47000122070312,11496200,0.0423786309637276
2015-02-26,236.42599487304688,13619400,0.0419309211461046
2015-02-27,253.8280029296875,44013900,0.0380740658150591
2015-02-28,254.26300048828125,13949300,0.0380654094428853
2015-03-01,260.2019958496094,25213700,0.0376922234058335
2015-03-02,275.6700134277344,40465700,0.037908193745213
2015-03-03,281.7019958496094,50461300,0.0374306824588552
2015-03-04,273.0920104980469,41383000,0.0372247657923378
2015-03-05,276.1780090332031,41302400,0.0359347131045616
2015-03-06,272.7229919433594,28918900,0.036074120644398
2015-03-07,276.260986328125,17825900,0.034826576255649
2015-03-08,274.35400390625,22067900,0.0348041493731876
2015-03-09,289.60699462890625,59178200,0.035726212433472
2015-03-10,291.760009765625,67770800,0.0353544781502055
2015-03-11,296.3789978027344,33963900,0.0350849075133448
2015-03-12,294.35400390625,32585200,0.0351614741714946
2015-03-13,285.3370056152344,31421500,0.0358799239531129
2015-03-14,281.885009765625,22612300,0.0360773760454552
2015-03-15,286.3930053710937,11970100,0.0347707084346961
2015-03-16,290.5929870605469,21516100,0.031157449692379
2015-03-17,285.5050048828125,21497200,0.0258079541492494
2015-03-18,256.29901123046875,57008000,0.0331850570851042
2015-03-19,260.9280090332031,52732000,0.0325392662689445
2015-03-20,261.7489929199219,18456700,0.0319497999486972
2015-03-21,260.0249938964844,17130100,0.0319001656698897
2015-03-22,267.9599914550781,18438100,0.0322252951804731
2015-03-23,266.739990234375,22811900,0.0322560856476832
2015-03-24,245.59500122070312,40073700,0.0351961232610857
2015-03-25,246.197006225586,35866900,0.0351364174503749
2015-03-26,248.5319976806641,25730000,0.0351682981594029
2015-03-27,247.0290069580078,17274900,0.0351734787590031
2015-03-28,252.79800415039065,16040900,0.0353767986116012
2015-03-29,242.71299743652344,21699400,0.0337280912571613
2015-03-30,247.5260009765625,23009600,0.0339448719112615
2015-03-31,244.2239990234375,22672000,0.0337090994656509
2015-04-01,247.27200317382807,22877200,0.0319006533155692
2015-04-02,253.0050048828125,26272600,0.0319363114105102
2015-04-03,254.322006225586,23146600,0.0315447627421673
2015-04-04,253.697006225586,12493500,0.031439925986892
2015-04-05,260.5979919433594,19649200,0.0318394488034616
2015-04-06,255.49200439453125,20034200,0.0318885560788345
2015-04-07,253.17999267578125,18467400,0.0319011116773731
2015-04-08,245.02200317382807,30086400,0.0304797870879944
2015-04-09,243.67599487304688,21643500,0.0303811909731872
2015-04-10,236.072006225586,28882000,0.030445927503146
2015-04-11,236.552001953125,16365200,0.030496443628996
2015-04-12,236.1529998779297,12387900,0.0301752454695008
2015-04-13,224.5870056152344,31181800,0.0312118933636408
2015-04-14,219.15899658203125,31719000,0.0310355347894331
2015-04-15,223.8329925537109,22562000,0.0312286372017841
2015-04-16,228.572998046875,24805400,0.0316396957660462
2015-04-17,222.8820037841797,20429800,0.0256093782500838
2015-04-18,223.3560028076172,12939000,0.0252902189856302
2015-04-19,222.6000061035156,15021500,0.0252441593618315
2015-04-20,224.62600708007807,18364700,0.0253800278151917
2015-04-21,235.2689971923828,24978000,0.0263066976584385
2015-04-22,234.17599487304688,23847900,0.026306730843317
2015-04-23,236.4620056152344,17036000,0.0218613711490698
2015-04-24,231.2680053710937,21448700,0.022178278501861
2015-04-25,226.38999938964844,13957200,0.0223375023471483
2015-04-26,219.42999267578125,28943700,0.0229170942853257
2015-04-27,229.28599548339844,38574000,0.0240533406870523
2015-04-28,225.85499572753903,21469200,0.0231137944760425
2015-04-29,225.80799865722656,18936500,0.022742402740875
2015-04-30,236.1450042724609,33818600,0.0242585556094029
2015-05-01,232.07899475097656,18815300,0.024295135605729
2015-05-02,234.92999267578125,12535500,0.0239913709340331
2015-05-03,240.3580017089844,18494100,0.0243987139275345
2015-05-04,239.0180053710937,21223400,0.024407962229301
2015-05-05,236.1210021972656,23929100,0.0238524497721202
2015-05-06,229.7819976806641,29587200,0.0240671365133509
2015-05-07,237.33399963378903,29064400,0.0249111319181445
2015-05-08,243.86300659179688,27445500,0.0247738809392281
2015-05-09,241.83200073242188,19790500,0.0248006099665617
2015-05-10,240.29600524902344,15019100,0.0241146845539023
2015-05-11,242.1580047607422,20892300,0.0241487310412488
2015-05-12,241.11199951171875,19282600,0.0241628493232404
2015-05-13,236.3769989013672,27180100,0.0225375105797503
2015-05-14,236.9290008544922,24413700,0.0219888415167792
2015-05-15,237.60499572753903,16329400,0.0217099413588642
2015-05-16,236.1529998779297,11089700,0.0214557532896284
2015-05-17,236.802001953125,11134300,0.0208732636189949
2015-05-18,233.1280059814453,16780300,0.0211205990073747
2015-05-19,231.947006225586,14241900,0.0211361225302624
2015-05-20,234.0180053710937,15499400,0.021133997529352
2015-05-21,235.343994140625,15108900,0.0193849962456755
2015-05-22,240.34800720214844,27003000,0.019736183938693
2015-05-23,238.8719940185547,14605000,0.0197035764166527
2015-05-24,240.9530029296875,11508000,0.0192872706995747
2015-05-25,237.1100006103516,14423900,0.0190975280858231
2015-05-26,237.11599731445312,16425000,0.0180733656482779
2015-05-27,237.2830047607422,18837000,0.0162988370634337
2015-05-28,237.4080047607422,13829600,0.0160097980813512
2015-05-29,237.0959930419922,14805000,0.0160155338557319
2015-05-30,233.34500122070312,14098600,0.0140978847017181
2015-05-31,230.19000244140625,14730800,0.0139579839845417
2015-06-01,222.92599487304688,26090500,0.0149014788799263
2015-06-02,225.8029937744141,20459000,0.0144363866849562
2015-06-03,225.87399291992188,17752400,0.0144271549662846
2015-06-04,224.32400512695312,14728100,0.0143285688179131
2015-06-05,224.95199584960932,18056500,0.0135107808852843
2015-06-06,225.61900329589844,11131500,0.0120149063583855
2015-06-07,222.8809967041016,13318400,0.0108509997382418
2015-06-08,228.488998413086,23378400,0.0119259246047688
2015-06-09,229.04800415039065,28353100,0.011920336529306
2015-06-10,228.8029937744141,15904800,0.0117907577627311
2015-06-11,229.7050018310547,14416000,0.011828303518482
2015-06-12,229.98199462890625,14017700,0.0113238514847626
2015-06-13,232.4019927978516,13305300,0.0115003101672912
2015-06-14,233.54299926757807,12165900,0.0115278088640033
2015-06-15,236.822998046875,19912100,0.0117743212623813
2015-06-16,250.8950042724609,41612000,0.0157934008416803
2015-06-17,249.28399658203125,43858400,0.0155277824311302
2015-06-18,249.0070037841797,30980200,0.0154801829722439
2015-06-19,244.6060028076172,23965300,0.0158560867395658
2015-06-20,245.2120056152344,20608100,0.0158378417031648
2015-06-21,243.94400024414065,10600900,0.0154332580159904
2015-06-22,246.9900054931641,17692500,0.0155292169425783
2015-06-23,244.29600524902344,15108700,0.0156133044952009
2015-06-24,240.51499938964844,17344900,0.015596025403385
2015-06-25,242.7989959716797,16133100,0.0156813660892024
2015-06-26,243.593994140625,13983500,0.0156878750083596
2015-06-27,250.9900054931641,20488600,0.0165584840798595
2015-06-28,249.0110015869141,15137600,0.0166456810100909
2015-06-29,257.0639953613281,34742900,0.0171823344352418
2015-06-30,263.0719909667969,44533800,0.0172489633894155
2015-07-01,258.6210021972656,27029800,0.0163477776306909
2015-07-02,255.41200256347656,21551900,0.0165789170618201
2015-07-03,256.33599853515625,19033800,0.0165638292635093
2015-07-04,260.885986328125,15620400,0.0166009510756
2015-07-05,271.9129943847656,44156100,0.0178691919671531
2015-07-06,269.0299987792969,49154800,0.0181286160459297
2015-07-07,266.2070007324219,28857600,0.0180739591964476
2015-07-08,270.7850036621094,36980200,0.0178469678583181
2015-07-09,269.2279968261719,40301200,0.017960596648477
2015-07-10,284.8940124511719,100390000,0.0201896007859939
2015-07-11,293.114990234375,41109900,0.0205413233393038
2015-07-12,310.86700439453125,56405000,0.022472878037565
2015-07-13,292.0539855957031,62053900,0.0260773184387853
2015-07-14,287.4639892578125,28727200,0.0264244295882016
2015-07-15,285.8290100097656,27486600,0.0264878303603308
2015-07-16,278.0889892578125,49482600,0.0253217730315723
2015-07-17,279.47198486328125,27591400,0.0252539697689335
2015-07-18,274.9010009765625,25187100,0.0255121064160725
2015-07-19,273.614013671875,15332500,0.02524826777076
2015-07-20,278.9809875488281,22711400,0.0254082324971261
2015-07-21,275.8330078125,22930700,0.0255122801608855
2015-07-22,277.22198486328125,19389800,0.0254648757874421
2015-07-23,276.04901123046875,18531300,0.025359308608009
2015-07-24,288.27801513671875,37199400,0.0260565558705529
2015-07-25,288.6969909667969,20662200,0.0260613496172684
2015-07-26,292.6860046386719,16032300,0.0260965988211098
2015-07-27,293.6239929199219,30592000,0.0257097246936548
2015-07-28,294.427001953125,25453600,0.0255952346913956
2015-07-29,289.5899963378906,24672600,0.0254085096423137
2015-07-30,287.72198486328125,21635800,0.0252136183799974
2015-07-31,284.6499938964844,23629100,0.0250661081999027
2015-08-01,281.6010131835937,18995000,0.0250310089476832
2015-08-02,282.614013671875,17722200,0.0250309992257567
2015-08-03,281.2269897460937,21474100,0.0249234729602913
2015-08-04,285.2179870605469,21908700,0.023932918170818
2015-08-05,281.8819885253906,20128000,0.0239532848230998
2015-08-06,278.5769958496094,18792100,0.0239760529232485
2015-08-07,279.5849914550781,42484800,0.0238006564181339
2015-08-08,260.9970092773437,58533000,0.0269926233253252
2015-08-09,265.0830078125,23789600,0.0249349896797212
2015-08-10,264.4700012207031,20979400,0.0242455702836342
2015-08-11,270.385986328125,25433900,0.0218010108507595
2015-08-12,266.3760070800781,26815400,0.0190062752511968
2015-08-13,264.0799865722656,27685500,0.0188846543250937
2015-08-14,265.67999267578125,27091200,0.0189446213864979
2015-08-15,261.5509948730469,19321100,0.0185254495362034
2015-08-16,258.5069885253906,29717000,0.018558036989698
2015-08-17,257.9760131835937,21617900,0.0183716342012674
2015-08-18,211.07899475097656,42147200,0.0406457369550141
2015-08-19,226.6840057373047,60869200,0.0429225766048084
2015-08-20,235.3500061035156,32275000,0.0436693948559349
2015-08-21,232.56900024414065,23173800,0.0436408030378104
2015-08-22,230.38999938964844,23205900,0.0436444253067539
2015-08-23,228.16900634765625,18406600,0.0426380582155665
2015-08-24,210.4949951171875,59220700,0.0446118433010363
2015-08-25,221.60899353027344,61089200,0.0458342307853299
2015-08-26,225.8309936523437,31808000,0.0460700094794824
2015-08-27,224.7689971923828,21905400,0.0460260607182184
2015-08-28,231.39599609375,31336600,0.0465185065745952
2015-08-29,229.77999877929688,17142500,0.0465182093619443
2015-08-30,228.7610015869141,19412600,0.0465172837411237
2015-08-31,230.05599975585932,20710700,0.0465714033171821
2015-09-01,228.1210021972656,20575200,0.0465311738768156
2015-09-02,229.28399658203125,18760400,0.0465834615994849
2015-09-03,227.18299865722656,17482000,0.0464169525846146
2015-09-04,230.29800415039065,20962400,0.0465691959541806
2015-09-05,235.0189971923828,20671400,0.0468168503804783
2015-09-06,239.83999633789065,25473700,0.047029675241304
2015-09-07,239.8470001220703,21192200,0.0454686338245964
2015-09-08,243.60699462890625,26879200,0.0454689257298752
2015-09-09,238.16799926757807,23635700,0.0456115298085607
2015-09-10,238.4770050048828,21215500,0.0453660629537364
2015-09-11,240.10699462890625,19224700,0.0453620682040186
2015-09-12,235.22900390625,17962600,0.045460591595169
2015-09-13,230.51199340820312,18478800,0.0455166747509398
2015-09-14,230.6439971923828,20997800,0.045478738112666
2015-09-15,230.3040008544922,19177800,0.0454587998630921
2015-09-16,229.09100341796875,20144200,0.0454582225555674
2015-09-17,229.8099975585937,18935400,0.0262033714109244
2015-09-18,232.9750061035156,20242200,0.0229149538536584
2015-09-19,231.4929962158203,12712600,0.0218749182669473
2015-09-20,231.2120056152344,14444700,0.0217707394499482
2015-09-21,227.0850067138672,19678800,0.0219520954612048
2015-09-22,230.6179962158203,25009300,0.0220677660559038
2015-09-23,230.2830047607422,17254100,0.0159298935509003
2015-09-24,234.5290069580078,25097800,0.0134004167251184
2015-09-25,235.1439971923828,22363600,0.0130130573122608
2015-09-26,234.33999633789065,13724100,0.012994474848341
2015-09-27,232.7570037841797,14179900,0.0119701714617737
2015-09-28,239.1419982910156,24713000,0.0128472663319236
2015-09-29,236.6869964599609,22691300,0.0129823902914861
2015-09-30,236.0599975585937,19743500,0.0129713853318212
2015-10-01,237.5489959716797,20488800,0.0128855675672611
2015-10-02,237.29299926757807,19677900,0.0128730876032819
2015-10-03,238.72999572753903,16482700,0.0127507257755026
2015-10-04,238.25900268554688,12999000,0.0125625668316635
2015-10-05,240.38299560546875,23335900,0.0121275412673421
2015-10-06,246.06300354003903,27535100,0.0123084501228018
2015-10-07,242.968994140625,22999200,0.0125531345920261
2015-10-08,242.3040008544922,18515300,0.0122333959257169
2015-10-09,243.93099975585932,17353100,0.0115323527433927
2015-10-10,244.9409942626953,15912700,0.0115481960041377
2015-10-11,247.0500030517578,16827300,0.0115837627894136
2015-10-12,245.30799865722656,17388300,0.0109678655278572
2015-10-13,249.50799560546875,28198500,0.0105308159614732
2015-10-14,251.988998413086,27462600,0.0106049889830995
2015-10-15,254.32000732421875,25223500,0.0106305927498026
2015-10-16,262.8689880371094,35901500,0.0118029004074576
2015-10-17,270.6400146484375,43199600,0.0126190504512315
2015-10-18,261.6430053710937,22434300,0.0144036070180036
2015-10-19,263.43701171875,25258800,0.0142808803306093
2015-10-20,269.4630126953125,30889800,0.0146217922255534
2015-10-21,266.2720031738281,25637300,0.01432884978054
2015-10-22,274.02301025390625,37808600,0.0148470556751888
2015-10-23,276.4960021972656,29442500,0.0147946734280641
2015-10-24,281.65399169921875,25942400,0.0148007586147883
2015-10-25,283.67999267578125,45717100,0.0147871239036002
2015-10-26,285.29998779296875,32108800,0.0146745752661916
2015-10-27,293.7879943847656,46331800,0.0150190520164967
2015-10-28,304.6180114746094,50808100,0.0155086411898611
2015-10-29,313.8550109863281,64495900,0.0156013254377005
2015-10-30,328.0150146484375,78305000,0.0166566518567384
2015-10-31,314.1659851074219,48598100,0.019360264228726
2015-11-01,325.4309997558594,37001100,0.0198173680224009
2015-11-02,361.1889953613281,101918000,0.0261502987230946
2015-11-03,403.4169921875,206162000,0.0313622089548155
2015-11-04,411.56298828125,263900000,0.031321778766433
2015-11-05,386.35400390625,151824992,0.0346179950743621
2015-11-06,374.4700012207031,122687000,0.0352905742176936
2015-11-07,386.4819946289063,56625100,0.0352712991443524
2015-11-08,373.3680114746094,51817600,0.0364128386783414
2015-11-09,380.2569885253906,68224400,0.0363696921647915
2015-11-10,336.8190002441406,95797904,0.0440401085415245
2015-11-11,311.0840148925781,107070000,0.0469171143767755
2015-11-12,338.1520080566406,78477800,0.0488870574368221
2015-11-13,336.75299072265625,52003000,0.0489565809630322
2015-11-14,332.906005859375,38612000,0.0491088524963972
2015-11-15,320.1659851074219,44213100,0.0496501416476239
2015-11-16,330.7510070800781,47980100,0.0497071287159762
2015-11-17,335.093994140625,51001600,0.0491235687561947
2015-11-18,334.5899963378906,43783800,0.0491554273763066
2015-11-19,326.14898681640625,45011100,0.0494463226372382
2015-11-20,322.0220031738281,53152900,0.0494570214796399
2015-11-21,326.927001953125,28200500,0.0493072793432366
2015-11-22,324.5360107421875,23439400,0.0493619361159405
2015-11-23,323.0459899902344,27478900,0.049329909694318
2015-11-24,320.0459899902344,29362600,0.049391876792696
2015-11-25,328.2059936523437,41666900,0.0495424916560958
2015-11-26,352.6839904785156,106105000,0.0508667369820902
2015-11-27,358.0419921875,55179100,0.0505809797106015
2015-11-28,357.3810119628906,36816600,0.050382622680851
2015-11-29,371.29400634765625,40409300,0.0502323505406273
2015-11-30,377.3210144042969,71701600,0.0494686734802637
2015-12-01,362.4880065917969,60452200,0.0498499273234904
2015-12-02,359.18701171875,54160500,0.0461136184256076
2015-12-03,361.0459899902344,50714900,0.0411302185460282
2015-12-04,363.1830139160156,35784100,0.0409303347436758
2015-12-05,388.9490051269531,66282200,0.0414420831082656
2015-12-06,388.7829895019531,77762000,0.0410149817454596
2015-12-07,395.5360107421875,63455800,0.0407318027027751
2015-12-08,415.56298828125,57801400,0.0411041495466595
2015-12-09,417.56298828125,90917200,0.041011330365853
2015-12-10,415.47900390625,52138900,0.0336874307121491
2015-12-11,451.93798828125,110944000,0.0324232326019739
2015-12-12,434.99700927734375,131969000,0.0308057700046909
2015-12-13,433.7550048828125,55050600,0.03078860095406
2015-12-14,444.1820068359375,130496000,0.0306742109829682
2015-12-15,465.3210144042969,83121104,0.0299640934587664
2015-12-16,454.9339904785156,107944000,0.0303777857135166
2015-12-17,456.0780029296875,47978400,0.0304097217454888
2015-12-18,463.6159973144531,60220100,0.0303461394939654
2015-12-19,462.3219909667969,47892700,0.0296814223424613
2015-12-20,442.68499755859375,75409400,0.0310462965251987
2015-12-21,438.6390075683594,77639696,0.0312409546671634
2015-12-22,436.5719909667969,50840400,0.0311950705124142
2015-12-23,442.4010009765625,47161400,0.0310792865580075
2015-12-24,454.9849853515625,57157200,0.0310068420828552
2015-12-25,455.6530151367188,39078500,0.0309543143709164
2015-12-26,417.2739868164063,116166000,0.0337333481568282
2015-12-27,422.822998046875,53591200,0.0337169871742419
2015-12-28,422.2789916992188,49638600,0.0337129062506045
2015-12-29,432.9830017089844,51596500,0.0333574490802742
2015-12-30,426.6199951171875,46889400,0.0334837208484231
2015-12-31,430.5669860839844,45996600,0.0324330922611015
2016-01-01,434.3340148925781,36278900,0.0323141370238567
2016-01-02,433.43798828125,30096600,0.0323500824758829
2016-01-03,430.010986328125,39633800,0.032451402157887
2016-01-04,433.0910034179688,38477500,0.0302053182550533
2016-01-05,431.9599914550781,34522600,0.0302179740072511
2016-01-06,429.1050109863281,34042500,0.0301585324690164
2016-01-07,458.0480041503906,87562200,0.0311297624634076
2016-01-08,453.2300109863281,56993000,0.0312296611577545
2016-01-09,447.6109924316406,32278000,0.0313231354607299
2016-01-10,447.9909973144531,35995900,0.0272669893888822
2016-01-11,448.4280090332031,40450000,0.026309942924222
2016-01-12,435.6900024414063,115607000,0.0268627395727537
2016-01-13,432.3710021972656,173888000,0.0265208079608834
2016-01-14,430.3059997558594,43945500,0.0249680914455657
2016-01-15,364.33099365234375,153351008,0.0388761124699134
2016-01-16,387.5360107421875,120352000,0.0408510914303401
2016-01-17,382.2990112304688,45319600,0.0406652612619465
2016-01-18,387.1679992675781,54403900,0.0408104467916402
2016-01-19,380.1489868164063,46819800,0.0402689693748044
2016-01-20,420.2300109863281,121720000,0.0446061330848404
2016-01-21,410.2619934082031,68338000,0.0447937743585908
2016-01-22,382.4920043945313,91546600,0.0463671429109094
2016-01-23,387.4909973144531,56247400,0.0460792786507899
2016-01-24,402.9710083007813,54824800,0.046780568006609
2016-01-25,391.72601318359375,59062400,0.0442926763516087
2016-01-26,392.1530151367188,58147000,0.0442033347243085
2016-01-27,394.9719848632813,47424400,0.0442383033219991
2016-01-28,380.28900146484375,59247900,0.0443924447722376
2016-01-29,379.4739990234375,86125296,0.044349545062741
2016-01-30,378.2550048828125,30284400,0.04428082772024
2016-01-31,368.7669982910156,37894300,0.044372648936894
2016-02-01,373.0559997558594,51656700,0.0444781907844231
2016-02-02,374.447998046875,40378700,0.0445025917688079
2016-02-03,369.9490051269531,45933400,0.0444659760514029
2016-02-04,389.593994140625,69285504,0.0456682943677428
2016-02-05,386.5490112304688,43825000,0.0456717604819757
2016-02-06,376.5220031738281,49249300,0.043945408607662
2016-02-07,376.6199951171875,37076300,0.0439555723846492
2016-02-08,373.4469909667969,47671100,0.0439418302538594
2016-02-09,376.0289916992188,55318500,0.0439883009991505
2016-02-10,381.6489868164063,85130896,0.044134853018497
2016-02-11,379.6539916992188,74375600,0.0439123823023934
2016-02-12,384.2630004882813,67042800,0.0440124344876656
2016-02-13,391.8599853515625,61911700,0.0442204131201683
2016-02-14,407.2300109863281,74469800,0.0323594317437385
2016-02-15,400.18499755859375,74070496,0.0306467528376184
2016-02-16,407.4880065917969,73093104,0.0306695877858992
2016-02-17,416.3219909667969,83193600,0.0308153217278997
2016-02-18,422.37298583984375,76752600,0.0306354223023107
2016-02-19,420.7850036621094,55711300,0.0246026402912854
2016-02-20,437.16400146484375,93992096,0.0251210209816384
2016-02-21,438.7980041503906,89820704,0.0210976898199442
2016-02-22,437.74798583984375,85385200,0.0210732116986016
2016-02-23,420.7359924316406,85244896,0.021454630422867
2016-02-24,424.9549865722656,67743696,0.0207516910966253
2016-02-25,424.54400634765625,70798000,0.0207606406202549
2016-02-26,432.1520080566406,61486000,0.0209296631705265
2016-02-27,432.5190124511719,41893600,0.0194641519751582
2016-02-28,433.5039978027344,53033400,0.0194304597233394
2016-02-29,437.6969909667969,60694700,0.0193974495602494
2016-03-01,435.12298583984375,74895800,0.0186607980002863
2016-03-02,423.989013671875,74955296,0.0194788848981576
2016-03-03,421.6510009765625,100484000,0.0195608570448631
2016-03-04,410.9389953613281,90856096,0.0200980926423724
2016-03-05,400.5700073242188,135384992,0.0185996736441113
2016-03-06,407.7070007324219,91212496,0.0187670599480765
2016-03-07,414.3210144042969,85762400,0.0181675027235943
2016-03-08,413.9719848632813,70311696,0.0181747484577948
2016-03-09,414.8599853515625,70012304,0.0180437583364812
2016-03-10,417.1310119628906,81022896,0.0180363924919493
2016-03-11,421.6900024414063,73969696,0.017964532503788
2016-03-12,411.6239929199219,92712896,0.0185965873632448
2016-03-13,414.0650024414063,74322800,0.0185234397267243
2016-03-14,416.43798828125,95259400,0.0182534138069994
2016-03-15,416.8299865722656,66781700,0.016905777862053
2016-03-16,417.010986328125,65185800,0.0165524791033497
2016-03-17,420.6210021972656,83528600,0.0163114098145557
2016-03-18,409.5480041503906,104940000,0.0166008884018861
2016-03-19,410.4440002441406,58423000,0.0163688765226623
2016-03-20,413.7550048828125,45947900,0.0164406205095481
2016-03-21,413.3070068359375,61655400,0.0147227102873778
2016-03-22,418.0889892578125,66813300,0.0148921043377751
2016-03-23,418.0409851074219,61444200,0.0148937846596996
2016-03-24,416.3940124511719,68346704,0.0130575484707386
2016-03-25,417.177001953125,52560000,0.0129197451343339
2016-03-26,417.9450073242188,44650400,0.0129272704887079
2016-03-27,426.7650146484375,71229400,0.0130910605389997
2016-03-28,424.2309875488281,68522800,0.013127246576015
2016-03-29,416.5159912109375,75411504,0.0135038805253665
2016-03-30,414.8160095214844,66034100,0.013351397131931
2016-03-31,416.72900390625,60215200,0.0133775712974265
2016-04-01,417.9599914550781,51235700,0.0125697573811184
2016-04-02,420.87298583984375,45681200,0.0126031614278217
2016-04-03,420.9039916992188,38053700,0.0116339824467423
2016-04-04,421.4440002441406,50634300,0.010515637825697
2016-04-05,424.0299987792969,60718000,0.0101148023931624
2016-04-06,423.4129943847656,59091000,0.0097304818782325
2016-04-07,422.7449951171875,57858600,0.0097354948389364
2016-04-08,420.3489990234375,63454700,0.0098001241641498
2016-04-09,419.4110107421875,49792700,0.0097647960583916
2016-04-10,421.5639953613281,73478600,0.0096028570327898
2016-04-11,422.4830017089844,50747500,0.0084540582564306
2016-04-12,425.1900024414063,70728800,0.0084642537801826
2016-04-13,423.7340087890625,69060400,0.0084489343283343
2016-04-14,424.2820129394531,45281000,0.0084496974243382
2016-04-15,429.7130126953125,54801500,0.0087347318402115
2016-04-16,430.5719909667969,39392800,0.0086184367090664
2016-04-17,427.3989868164063,52125900,0.0070822426001989
2016-04-18,428.5910034179688,55670900,0.0070853171459446
2016-04-19,435.5090026855469,52810500,0.0074799984223674
2016-04-20,441.3890075683594,72890096,0.0077564833067246
2016-04-21,449.4249877929688,68204704,0.0081109571064644
2016-04-22,445.7369995117188,58804400,0.008330814935146
2016-04-23,450.2820129394531,50485400,0.0083730297593107
2016-04-24,458.5549926757813,68198400,0.008841521818116
2016-04-25,461.4259948730469,87091800,0.008855497830179
2016-04-26,466.0889892578125,78971904,0.008318423801519
2016-04-27,444.68701171875,93564896,0.0122697056977547
2016-04-28,449.010986328125,74064704,0.0117567766160969
2016-04-29,455.0969848632813,49258500,0.0118536839636358
2016-04-30,448.3179931640625,69322600,0.0122996799055328
2016-05-01,451.875,40660100,0.0123399972768467
2016-05-02,444.66900634765625,92127000,0.0127688248761979
2016-05-03,450.3039855957031,59366400,0.0129130880159887
2016-05-04,446.7219848632813,50407300,0.0130472390115889
2016-05-05,447.97601318359375,50440800,0.0130246757607172
2016-05-06,459.6029968261719,72796800,0.0137093496197811
2016-05-07,458.5360107421875,38364500,0.0137181073874493
2016-05-08,458.5480041503906,40315000,0.0136370172915698
2016-05-09,460.4830017089844,55493100,0.0136040870859964
2016-05-10,450.8949890136719,58956100,0.0142921725571193
2016-05-11,452.7279968261719,50605200,0.0142959986753404
2016-05-12,454.7659912109375,59849300,0.0142815164828315
2016-05-13,455.6700134277344,60845000,0.0142415228207361
2016-05-14,455.6709899902344,37209000,0.0142469993857479
2016-05-15,457.5679931640625,28514000,0.0141178797401853
2016-05-16,454.1629943847656,59171500,0.0142254928213042
2016-05-17,453.7829895019531,64100300,0.0141297018224531
2016-05-18,454.6189880371094,86850096,0.0141289367628003
2016-05-19,438.7149963378906,96027400,0.0154416609908321
2016-05-20,442.6759948730469,81987904,0.0153323420857588
2016-05-21,443.18798828125,42762300,0.0149561685082531
2016-05-22,439.322998046875,39657600,0.0149657730010767
2016-05-23,444.1549987792969,50582500,0.0149858975880212
2016-05-24,445.9809875488281,65783100,0.0145964019917838
2016-05-25,449.5989990234375,65231000,0.0146313491251856
2016-05-26,453.3840026855469,65203800,0.0145914577020358
2016-05-27,473.4639892578125,164780992,0.0140654803848184
2016-05-28,530.0399780273438,181199008,0.0246341223305432
2016-05-29,526.2329711914062,148736992,0.0246936080982491
2016-05-30,533.864013671875,87958704,0.0244610682093965
2016-05-31,531.385986328125,138450000,0.0245315310234451
2016-06-01,536.9199829101562,86061800,0.0242060523464227
2016-06-02,537.9719848632812,60378200,0.0241883450073247
2016-06-03,569.1939697265625,122020000,0.0257200252265704
2016-06-04,572.7269897460938,94925296,0.0257035160405262
2016-06-05,574.9769897460938,68874096,0.0255005138483146
2016-06-06,585.5369873046875,72138896,0.02550411928831
2016-06-07,576.5969848632812,107770000,0.0258265784470307
2016-06-08,581.64501953125,80265800,0.0258190742877226
2016-06-09,574.6300048828125,71301000,0.0255256786947186
2016-06-10,577.469970703125,66991900,0.0255214276646175
2016-06-11,606.7269897460938,82357000,0.0265973127567792
2016-06-12,672.7839965820312,277084992,0.0315686785060275
2016-06-13,704.3759765625,243295008,0.0320260701015013
2016-06-14,685.5590209960938,186694000,0.0328710599112751
2016-06-15,694.468994140625,99223800,0.032632971028658
2016-06-16,766.3079833984375,271633984,0.0359272556305281
2016-06-17,748.9089965820312,363320992,0.0365788583134694
2016-06-18,756.2269897460938,252718000,0.035258550214422
2016-06-19,763.781005859375,136184992,0.0352504525814003
2016-06-20,737.2260131835938,174511008,0.0364693501229665
2016-06-21,666.6519775390625,309944000,0.0421224687930747
2016-06-22,596.1160278320312,266392992,0.0479772156300809
2016-06-23,623.9769897460938,253462000,0.0484052663784029
2016-06-24,665.2990112304688,224316992,0.0493530752523785
2016-06-25,665.1229858398438,126656000,0.0494065761330098
2016-06-26,629.3670043945312,109225000,0.0505690215974898
2016-06-27,655.2750244140625,122134000,0.0470681239934529
2016-06-28,647.0009765625,138384992,0.0471363025257189
2016-06-29,639.8900146484375,142456000,0.0472253908797036
2016-06-30,673.3369750976562,138980000,0.0478779140052445
2016-07-01,676.2960205078125,134431008,0.0478797198924938
2016-07-02,703.7020263671875,112354000,0.0482190162749968
2016-07-03,658.6640014648438,129512000,0.0492399764976295
2016-07-04,683.6619873046875,92008400,0.049594033718286
2016-07-05,670.6270141601562,130476000,0.0498059321407951
2016-07-06,677.3309936523438,134960992,0.0497540196395555
2016-07-07,640.56201171875,258091008,0.0508564347201504
2016-07-08,666.5230102539062,141970000,0.0512794108120163
2016-07-09,650.9600219726562,180536000,0.0514509128153334
2016-07-10,649.3599853515625,102532000,0.0514647792245428
2016-07-11,647.6589965820312,107910000,0.0507499587286105
2016-07-12,664.551025390625,138172992,0.0472742782223497
2016-07-13,654.468017578125,131449000,0.0465217567097821
2016-07-14,658.0780029296875,98511400,0.0463067852325773
2016-07-15,663.2550048828125,81673104,0.0462620672163717
2016-07-16,660.7670288085938,50330200,0.042234198128841
2016-07-17,679.458984375,74407904,0.0425055853066472
2016-07-18,673.1060180664062,69465000,0.042447730735301
2016-07-19,672.864013671875,61203300,0.042373681298815
2016-07-20,665.6849975585938,94636400,0.0419857420196841
2016-07-21,665.0120239257812,60491800,0.0377577382483433
2016-07-22,650.6190185546875,134169000,0.0316560233888057
2016-07-23,655.5560302734375,69532200,0.0306287888550164
2016-07-24,661.2849731445312,118184000,0.0283144436268079
2016-07-25,654.0969848632812,78176496,0.0283821266271467
2016-07-26,651.7839965820312,225135008,0.0264499921676023
2016-07-27,654.3519897460938,147460992,0.0254052213803712
2016-07-28,655.0349731445312,86428400,0.0252927257295527
2016-07-29,656.9920043945312,60703500,0.0252030299953513
2016-07-30,655.0469970703125,38456100,0.0233647440906844
2016-07-31,624.6810302734375,110818000,0.0248307313473845
2016-08-01,606.27197265625,121887000,0.0239733599751529
2016-08-02,547.4650268554688,330932992,0.0277320282304844
2016-08-03,566.35498046875,207982000,0.0275585090586779
2016-08-04,578.2890014648438,125292000,0.0278781772667908
2016-08-05,575.0430297851562,66127900,0.0277360835826952
2016-08-06,587.7780151367188,80797296,0.0264711404201271
2016-08-07,592.6900024414062,82398400,0.0253246962236059
2016-08-08,591.0540161132812,61194100,0.0250496595601619
2016-08-09,587.801025390625,92228096,0.0250526942250804
2016-08-10,592.10302734375,102905000,0.0251274964481229
2016-08-11,589.1199951171875,74514400,0.0245351044063198
2016-08-12,587.5590209960938,69218000,0.0244431969964391
2016-08-13,585.5880126953125,43563000,0.0243829604678297
2016-08-14,570.4730224609375,60851100,0.0246078549614144
2016-08-15,567.239990234375,57262300,0.024606952817683
2016-08-16,577.4390258789062,58405200,0.0242067757099504
2016-08-17,573.2160034179688,54443000,0.0241980609456748
2016-08-18,574.3179931640625,59896600,0.0242178648134531
2016-08-19,575.6300048828125,50631600,0.0242334084702455
2016-08-20,581.697021484375,45301400,0.0243865294862922
2016-08-21,581.3079833984375,38299400,0.0241706195507206
2016-08-22,586.7529907226562,72844000,0.0242012136425161
2016-08-23,583.4149780273438,85349200,0.0240894128638761
2016-08-24,580.1820068359375,56328200,0.0240574279059882
2016-08-25,577.760986328125,136130000,0.0240572943565954
2016-08-26,579.6510009765625,48856800,0.0240500079152146
2016-08-27,569.947021484375,59698300,0.0241418561756499
2016-08-28,573.9119873046875,86301600,0.024195557826544
2016-08-29,574.1069946289062,110398000,0.0242103362015457
2016-08-30,577.5029907226562,70342400,0.0228594975734718
2016-08-31,575.4719848632812,75840896,0.0222731764977604
2016-09-01,572.302978515625,76923400,0.0117914021004145
2016-09-02,575.5369873046875,79910800,0.0101201368070092
2016-09-03,598.2119750976562,159014000,0.0117426731492923
2016-09-04,608.6339721679688,97942896,0.0120290757370524
2016-09-05,606.5900268554688,82446800,0.0114502279918354
2016-09-06,610.4359741210938,78529104,0.0114121567212583
2016-09-07,614.5440063476562,75032400,0.011435892672529
2016-09-08,626.3159790039062,86713000,0.0118008547705774
2016-09-09,622.8610229492188,64550200,0.0118390716032482
2016-09-10,623.5089721679688,45016800,0.0117715563112511
2016-09-11,606.718994140625,73610800,0.0129049458567606
2016-09-12,608.2429809570312,72812304,0.0128799368826839
2016-09-13,609.2410278320312,86920600,0.0117937113161479
2016-09-14,610.6840209960938,47877700,0.0116995610828691
2016-09-15,607.155029296875,59464600,0.0114215913853808
2016-09-16,606.9730224609375,64963400,0.0113017165217949
2016-09-17,605.9840087890625,37140300,0.0113201573976114
2016-09-18,609.8740234375,48679400,0.0113512499462322
2016-09-19,609.2269897460938,54796400,0.0112463208373775
2016-09-20,608.31201171875,72710896,0.011253001732339
2016-09-21,597.1489868164062,82776200,0.0117250578898672
2016-09-22,596.2979736328125,67085300,0.0116718000743478
2016-09-23,602.8419799804688,51067000,0.0117530896457415
2016-09-24,602.625,35359500,0.0117125252949741
2016-09-25,600.8259887695312,33977800,0.0117339093675595
2016-09-26,608.0430297851562,59153800,0.0113771713804539
2016-09-27,606.166015625,49422400,0.0113792743665897
2016-09-28,604.72802734375,48722600,0.0114022451350702
2016-09-29,605.6929931640625,55658600,0.011375067848476
2016-09-30,609.7349853515625,56122400,0.0113690773194867
2016-10-01,613.9829711914062,56357000,0.0113150693586322
2016-10-02,610.8920288085938,39249800,0.0113758217397019
2016-10-03,612.1329956054688,46798300,0.0090299152347435
2016-10-04,610.2039794921875,49801600,0.0084968643663453
2016-10-05,612.510986328125,68077504,0.008496864623843
2016-10-06,613.02099609375,56812100,0.0084220596568684
2016-10-07,617.1209716796875,64071400,0.008420954129012
2016-10-08,619.1079711914062,42345900,0.0076629032884224
2016-10-09,616.7520141601562,39243400,0.0076294539717325
2016-10-10,618.9940185546875,67481104,0.0076600436164341
2016-10-11,641.072021484375,103590000,0.0084798894178538
2016-10-12,636.1920166015625,92370200,0.0086528420314424
2016-10-13,636.7860107421875,61620700,0.0086534032041829
2016-10-14,640.3779907226562,58144600,0.0086853848921331
2016-10-15,638.64599609375,39035400,0.0086129390499411
2016-10-16,641.6309814453125,40298100,0.0086211482977459
2016-10-17,639.1929931640625,58063600,0.0086605190585885
2016-10-18,637.9600219726562,65546700,0.0086407830283867
2016-10-19,630.52001953125,69381696,0.008963418812534
2016-10-20,630.8569946289062,56957300,0.0089503719991537
2016-10-21,632.8280029296875,55951000,0.0081404600165125
2016-10-22,657.2940063476562,78556496,0.0104298906755897
2016-10-23,657.0709838867188,54474600,0.0103466297983745
2016-10-24,653.760986328125,62218200,0.0104322200405409
2016-10-25,657.5880126953125,90378800,0.0103901670930562
2016-10-26,678.3040161132812,88877104,0.0114820029564433
2016-10-27,688.31298828125,96105296,0.0115794841663744
2016-10-28,689.6510009765625,81145504,0.0115211664365067
2016-10-29,714.47900390625,134760992,0.0128167949658252
2016-10-30,701.864013671875,100665000,0.013501461111712
2016-10-31,700.9719848632812,97064400,0.0135374584223574
2016-11-01,729.7930297851562,130527000,0.0149062001089787
2016-11-02,740.8289794921875,84865200,0.014977333381508
2016-11-03,688.7000122070312,172808000,0.0207984519932192
2016-11-04,703.2349853515625,99907696,0.0210244847401437
2016-11-05,703.4180297851562,53752300,0.0210282826839882
2016-11-06,711.52197265625,59902200,0.0210627735127528
2016-11-07,703.1309814453125,65047100,0.0212793187729318
2016-11-08,709.8480224609375,79660800,0.0212443950332844
2016-11-09,723.2730102539062,132429000,0.0213969658608409
2016-11-10,715.5339965820312,68807800,0.0208194612088257
2016-11-11,716.4110107421875,63119700,0.0207161318435083
2016-11-12,705.0540161132812,64622500,0.0210290648579472
2016-11-13,702.031005859375,80318096,0.0210707591442889
2016-11-14,705.02099609375,62993000,0.0210433079391515
2016-11-15,711.6190185546875,72038496,0.021070852281305
2016-11-16,744.197998046875,141294000,0.0223228118727326
2016-11-17,740.9769897460938,108579000,0.0223531434905076
2016-11-18,751.5850219726562,87363104,0.0221852026686586
2016-11-19,751.6160278320312,110608000,0.0221894621077048
2016-11-20,731.0260009765625,154116000,0.0230213824528078
2016-11-21,739.2479858398438,60802400,0.0221974807296369
2016-11-22,751.3469848632812,129906000,0.022293933391765
2016-11-23,744.593994140625,76543800,0.0223642298817659
2016-11-24,740.2890014648438,85919296,0.0224380833091198
2016-11-25,741.6489868164062,67807600,0.0218489729728318
2016-11-26,735.3820190429688,54962700,0.0218310529762627
2016-11-27,732.0349731445312,52601800,0.0218660188328314
2016-11-28,735.81298828125,61888600,0.0209522341116979
2016-11-29,735.60400390625,68511104,0.020652296896268
2016-11-30,745.6909790039062,84070800,0.0207604314465917
2016-12-01,756.7739868164062,80461904,0.0196315690194108
2016-12-02,777.9439697265625,127605000,0.0200660690432407
2016-12-03,771.155029296875,69547296,0.0144833295256375
2016-12-04,773.8720092773438,60557900,0.014118090585401
2016-12-05,758.7000122070312,106363000,0.014723730786918
2016-12-06,764.2239990234375,116218000,0.0146556668137946
2016-12-07,768.1320190429688,96426096,0.0144123395380309
2016-12-08,770.8099975585938,80111904,0.0143596469795189
2016-12-09,772.7940063476562,68705296,0.014038666733531
2016-12-10,774.6500244140625,53843100,0.0138235330436692
2016-12-11,769.7310180664062,57313400,0.0139196746490471
2016-12-12,780.0869750976562,76571000,0.013611712147242
2016-12-13,780.5560302734375,81645600,0.0135457831081282
2016-12-14,781.4810180664062,75979000,0.013551759982297
2016-12-15,778.0880126953125,81580096,0.0135768575271891
2016-12-16,784.906982421875,83608200,0.0111248893028058
2016-12-17,790.8289794921875,78989800,0.0111107947878831
2016-12-18,790.530029296875,60524400,0.0108824009612701
2016-12-19,792.7139892578125,74886400,0.0108795656142332
2016-12-20,800.8759765625,99629296,0.0094373701356602
2016-12-21,834.281005859375,155576000,0.0116229801039082
2016-12-22,864.5399780273438,200027008,0.0128043343130489
2016-12-23,921.9840087890624,275564000,0.0165527126263125
2016-12-24,898.822021484375,137727008,0.0174459576385327
2016-12-25,896.1829833984375,143664992,0.0175113563665888
2016-12-26,907.6099853515624,123771000,0.0173199473715452
2016-12-27,933.197998046875,167308000,0.0175800427667674
2016-12-28,975.9210205078124,236630000,0.0187969851456574
2016-12-29,973.4970092773438,199320000,0.0188404263619608
2016-12-30,961.2379760742188,187474000,0.0192417458966667
2016-12-31,963.7429809570312,99135104,0.019232667464333
2017-01-01,998.3250122070312,147775008,0.0195493569557906
2017-01-02,1021.75,222184992,0.0194571026360367
2017-01-03,1043.8399658203125,185168000,0.0195448292708617
2017-01-04,1154.72998046875,344945984,0.0249023250129166
2017-01-05,1013.3800048828124,510199008,0.0362971716931545
2017-01-06,902.2009887695312,351876000,0.0429423099243254
2017-01-07,908.5850219726562,279550016,0.0429418616899875
2017-01-08,911.198974609375,158715008,0.042941190738945
2017-01-09,902.8280029296876,141876992,0.0430224724441762
2017-01-10,907.6790161132812,115808000,0.0429678636633761
2017-01-11,777.7570190429688,310928992,0.0519053720262611
2017-01-12,804.833984375,222326000,0.0522826081957285
2017-01-13,823.9840087890625,168968000,0.0524437297313391
2017-01-14,818.4119873046875,93063296,0.0524554004007083
2017-01-15,821.7979736328125,71013600,0.0524408344452195
2017-01-16,831.5339965820312,82755200,0.0524633709921989
2017-01-17,907.93798828125,155095008,0.0547695867562044
2017-01-18,886.6179809570312,225676992,0.0550140790764503
2017-01-19,899.072998046875,105625000,0.0550333657807114
2017-01-20,895.0260009765625,86728400,0.0546030124446002
2017-01-21,921.7890014648438,111158000,0.054484921718056
2017-01-22,924.6729736328124,116573000,0.0532067271604251
2017-01-23,921.0120239257812,73588600,0.0529953071572807
2017-01-24,892.68701171875,111349000,0.0533152625789986
2017-01-25,901.5419921875,120831000,0.0532945312973284
2017-01-26,917.5859985351562,131958000,0.0531423231522925
2017-01-27,919.75,125594000,0.0524546271714036
2017-01-28,921.5900268554688,68979600,0.0524595131016153
2017-01-29,919.4959716796876,60851700,0.0524197154855711
2017-01-30,920.3820190429688,78227296,0.0524161670702772
2017-01-31,970.4030151367188,164582000,0.0529404175179791
2017-02-01,989.0230102539062,150110000,0.0528800693913743
2017-02-02,1011.7999877929688,145820992,0.0529008783972565
2017-02-03,1029.9100341796875,201278000,0.0494363085296356
2017-02-04,1042.9000244140625,155064000,0.0433074158688235
2017-02-05,1027.3399658203125,114208000,0.0374059357457571
2017-02-06,1038.1500244140625,111762000,0.0374197038998588
2017-02-07,1061.3499755859375,146007008,0.0375563018415517
2017-02-08,1063.0699462890625,201855008,0.0374658466630864
2017-02-09,994.3829956054688,407220000,0.0397197333989862
2017-02-10,988.6740112304688,190452000,0.0264447429970133
2017-02-11,1004.4500122070312,102261000,0.0260257219959422
2017-02-12,999.1810302734376,67530000,0.0259408669682804
2017-02-13,990.6420288085938,100607000,0.0259744875748061
2017-02-14,1004.5499877929688,137946000,0.0260071060197269
2017-02-15,1007.47998046875,89759400,0.0259977074986956
2017-02-16,1027.43994140625,122277000,0.021153501763064
2017-02-17,1046.2099609375,136474000,0.020624922186358
2017-02-18,1054.4200439453125,99073504,0.0205687715246735
2017-02-19,1047.8699951171875,77423296,0.0205994721542099
2017-02-20,1079.97998046875,109478000,0.0206290222501442
2017-02-21,1115.300048828125,186868992,0.0211986051180349
2017-02-22,1117.43994140625,136100000,0.021127938196203
2017-02-23,1166.719970703125,189454000,0.0209175115540022
2017-02-24,1173.6800537109375,330759008,0.0209236494606178
2017-02-25,1143.8399658203125,139960992,0.0217735930186824
2017-02-26,1165.199951171875,116486000,0.0218454015532749
2017-02-27,1179.969970703125,131570000,0.0218326161825408
2017-02-28,1179.969970703125,184956000,0.0217987687514433
2017-03-01,1222.5,229056992,0.0222996502465334
2017-03-02,1251.010009765625,368275008,0.0209161897576349
2017-03-03,1274.989990234375,315739008,0.0209158592453534
2017-03-04,1255.1500244140625,183270000,0.0211855901239938
2017-03-05,1267.1199951171875,134127000,0.021097201715586
2017-03-06,1272.8299560546875,153656992,0.0210743329654929
2017-03-07,1223.5400390625,291256000,0.0223749415904663
2017-03-08,1150.0,332603008,0.0255427108539632
2017-03-09,1188.489990234375,212283008,0.025889769265783
2017-03-10,1116.719970703125,563795968,0.028564007096907
2017-03-11,1175.8299560546875,283320000,0.0269126966802857
2017-03-12,1221.3800048828125,227176000,0.0274571940598521
2017-03-13,1231.9200439453125,380276992,0.0274090957929804
2017-03-14,1240.0,245306000,0.0273145105104245
2017-03-15,1249.6099853515625,297804992,0.0271514170682286
2017-03-16,1187.81005859375,638568000,0.029136235624916
2017-03-17,1100.22998046875,706598976,0.032776165899069
2017-03-18,973.8179931640624,621302016,0.039752747887437
2017-03-19,1036.739990234375,406648000,0.0413203118105597
2017-03-20,1054.22998046875,286529984,0.041412643381912
2017-03-21,1120.5400390625,337391008,0.0428580366464462
2017-03-22,1049.1400146484375,380840992,0.0442614873366509
2017-03-23,1038.5899658203125,248540000,0.0438408352950721
2017-03-24,937.52001953125,491038016,0.0474736551101775
2017-03-25,972.7789916992188,435803008,0.0472648244812397
2017-03-26,966.7249755859376,303668000,0.0472104029795266
2017-03-27,1045.77001953125,372535008,0.049527512388952
2017-03-28,1047.1500244140625,326332000,0.049369528973606
2017-03-29,1039.969970703125,298457984,0.0492777103480945
2017-03-30,1026.4300537109375,352968992,0.0492971862152284
2017-03-31,1071.7900390625,447287008,0.0495368628454779
2017-04-01,1080.5,289633984,0.0493259754526741
2017-04-02,1102.1700439453125,514187008,0.0493407477124635
2017-04-03,1143.81005859375,580444032,0.0498790267546285
2017-04-04,1133.25,436310016,0.0498333731551484
2017-04-05,1124.780029296875,414784000,0.0498132868387597
2017-04-06,1182.6800537109375,511222016,0.0503061546363503
2017-04-07,1176.9000244140625,317022016,0.0489872927295713
2017-04-08,1175.949951171875,209312000,0.0486095558045905
2017-04-09,1187.8699951171875,242343008,0.0472054602808426
2017-04-10,1187.1300048828125,215883008,0.0462700018714384
2017-04-11,1205.010009765625,216182000,0.0458116072068079
2017-04-12,1200.3699951171875,288702016,0.045783253089806
2017-04-13,1169.280029296875,351968992,0.0459911749260685
2017-04-14,1167.5400390625,254827008,0.0459550733320905
2017-04-15,1172.52001953125,203559008,0.0450432769216585
2017-04-16,1182.93994140625,183231008,0.0427020160887525
2017-04-17,1193.9100341796875,253206000,0.0356518206197667
2017-04-18,1211.6700439453125,270524000,0.0341052792397646
2017-04-19,1210.2900390625,288060992,0.034052927026065
2017-04-20,1229.0799560546875,315108000,0.0324276922774569
2017-04-21,1222.050048828125,272167008,0.0297705177318573
2017-04-22,1231.7099609375,249320000,0.0296348037057516
2017-04-23,1207.2099609375,258951008,0.0221506596772721
2017-04-24,1250.1500244140625,235806000,0.0220661618805814
2017-04-25,1265.489990234375,242556000,0.0219015117430683
2017-04-26,1281.0799560546875,329631008,0.0175458709344151
2017-04-27,1317.72998046875,449196992,0.0179403924453087
2017-04-28,1316.47998046875,527488992,0.0178067966720674
2017-04-29,1321.7900390625,422705984,0.0173809278816251
2017-04-30,1347.8900146484375,413115008,0.0162458035744398
2017-05-01,1421.5999755859375,713624000,0.0182560974114334
2017-05-02,1452.8199462890625,477337984,0.0182969936441276
2017-05-03,1490.0899658203125,583795968,0.0177985474061719
2017-05-04,1537.6700439453125,933548992,0.0179230441624707
2017-05-05,1555.449951171875,946035968,0.0176099054100745
2017-05-06,1578.800048828125,582529984,0.0159922871431569
2017-05-07,1596.7099609375,1080029952,0.015756512475419
2017-05-08,1723.3499755859375,1340320000,0.0197026170868318
2017-05-09,1755.3599853515625,1167920000,0.0197224978782878
2017-05-10,1787.1300048828125,915723008,0.0195703843688797
2017-05-11,1848.5699462890625,799489984,0.0199136741906201
2017-05-12,1724.239990234375,740984000,0.0249586112343974
2017-05-13,1804.9100341796875,579635008,0.0246051322482642
2017-05-14,1808.9100341796875,437196000,0.0245314865979099
2017-05-15,1738.4300537109375,731529024,0.0264138451657365
2017-05-16,1734.449951171875,959044992,0.0265540155480112
2017-05-17,1839.0899658203125,1064729984,0.0278261928395912
2017-05-18,1888.6500244140625,894321024,0.0279151545050398
2017-05-19,1987.7099609375,1157289984,0.028510734372541
2017-05-20,2084.72998046875,961336000,0.0290691333300905
2017-05-21,2041.199951171875,1147859968,0.0296247607781336
2017-05-22,2173.39990234375,1942220032,0.0307099781451549
2017-05-23,2320.419921875,1378749952,0.0309326496352564
2017-05-24,2443.639892578125,1725379968,0.0313284814722008
2017-05-25,2304.97998046875,2406700032,0.034598880022225
2017-05-26,2202.419921875,1763480064,0.0365941355796957
2017-05-27,2038.8699951171875,1700480000,0.0404411698079167
2017-05-28,2155.800048828125,1147139968,0.0410132637564876
2017-05-29,2255.610107421875,994625024,0.041272960893572
2017-05-30,2175.469970703125,1443970048,0.0424299247580856
2017-05-31,2286.409912109375,1544829952,0.0423284361500706
2017-06-01,2407.8798828125,1653180032,0.0428248320454847
2017-06-02,2488.550048828125,1317030016,0.0428994936777144
2017-06-03,2515.35009765625,1514950016,0.0428274565048871
2017-06-04,2511.81005859375,1355120000,0.042943108448386
2017-06-05,2686.81005859375,1369309952,0.0439536910247946
2017-06-06,2863.199951171875,2089609984,0.0447200188590521
2017-06-07,2732.159912109375,1517709952,0.0449733522473261
2017-06-08,2805.6201171875,1281170048,0.0450167809436994
2017-06-09,2823.81005859375,1348950016,0.0450452560116953
2017-06-10,2947.7099609375,2018889984,0.04520568903667
2017-06-11,2958.110107421875,1752400000,0.0423344162059823
2017-06-12,2659.6298828125,2569530112,0.0476691662328099
2017-06-13,2717.02001953125,1781200000,0.047648949696451
2017-06-14,2506.3701171875,1696560000,0.0497685098111143
2017-06-15,2464.580078125,2026259968,0.0499844311828056
2017-06-16,2518.56005859375,1195190016,0.0492396615829932
2017-06-17,2655.8798828125,1534509952,0.0497733733053117
2017-06-18,2548.2900390625,1178659968,0.0500887835090299
2017-06-19,2589.60009765625,1446840064,0.0495618471851849
2017-06-20,2721.7900390625,1854189952,0.0498535636993453
2017-06-21,2689.10009765625,1626579968,0.0489661203120871
2017-06-22,2705.409912109375,1097939968,0.0477097944973097
2017-06-23,2744.909912109375,961318976,0.0469329853092558
2017-06-24,2608.719970703125,982750016,0.0466074396224461
2017-06-25,2589.409912109375,1161100032,0.0457188773975777
2017-06-26,2478.449951171875,1663280000,0.0440154471698269
2017-06-27,2552.449951171875,1489789952,0.0432550150388417
2017-06-28,2574.7900390625,1183869952,0.0426102810411188
2017-06-29,2539.320068359375,949979008,0.0420688292852307
2017-06-30,2480.840087890625,860273024,0.0415094415335154
2017-07-01,2434.550048828125,779913984,0.040624964033422
2017-07-02,2506.469970703125,803747008,0.0405246729004173
2017-07-03,2564.06005859375,964112000,0.0406905815303552
2017-07-04,2601.639892578125,985516032,0.0407671285239612
2017-07-05,2601.989990234375,941566016,0.0388043372009936
2017-07-06,2608.56005859375,761956992,0.0368482077286786
2017-07-07,2518.659912109375,917411968,0.0364264710856021
2017-07-08,2571.340087890625,733329984,0.0362802900028533
2017-07-09,2518.43994140625,527856000,0.0363786229769749
2017-07-10,2372.56005859375,1111200000,0.0366537314301137
2017-07-11,2337.7900390625,1329760000,0.0366206997413741
2017-07-12,2398.840087890625,1117410048,0.0320203390937416
2017-07-13,2357.89990234375,835769984,0.0317639076508513
2017-07-14,2233.340087890625,882502976,0.0298957745373877
2017-07-15,1998.8599853515625,993608000,0.0356810407701995
2017-07-16,1929.8199462890625,1182870016,0.0356158485164433
2017-07-17,2228.409912109375,1201760000,0.0439437511120837
2017-07-18,2318.8798828125,1512450048,0.0441798951046075
2017-07-19,2273.429931640625,1245100032,0.044127062063006
2017-07-20,2817.60009765625,2249260032,0.0588881793157218
2017-07-21,2667.760009765625,1489449984,0.0597248603030821
2017-07-22,2810.1201171875,1177129984,0.0604765420406767
2017-07-23,2730.39990234375,1072840000,0.0606659087610073
2017-07-24,2754.860107421875,866473984,0.0599200667298806
2017-07-25,2576.47998046875,1460089984,0.061208045604217
2017-07-26,2529.449951171875,937404032,0.060758015647432
2017-07-27,2671.780029296875,789104000,0.0613441519686978
2017-07-28,2809.010009765625,1380099968,0.0619732279701209
2017-07-29,2726.449951171875,803745984,0.0621903098372533
2017-07-30,2757.179931640625,705942976,0.0620180483381032
2017-07-31,2875.340087890625,860574976,0.0622552380075015
2017-08-01,2718.260009765625,1324669952,0.0630839471626026
2017-08-02,2710.669921875,1094950016,0.0629767316275887
2017-08-03,2804.72998046875,804796992,0.0632135445749852
2017-08-04,2895.889892578125,1002120000,0.0634394168238354
2017-08-05,3252.909912109375,1945699968,0.0666899792791186
2017-08-06,3213.93994140625,1105030016,0.0663163463629046
2017-08-07,3378.93994140625,1482279936,0.0667237938649947
2017-08-08,3419.93994140625,1752760064,0.0664854440037627
2017-08-09,3342.469970703125,1468960000,0.0654846015511175
2017-08-10,3381.280029296875,1515110016,0.0652976952116963
2017-08-11,3650.6201171875,2021190016,0.0663121598514111
2017-08-12,3884.7099609375,2219589888,0.0666065422799718
2017-08-13,4073.260009765625,3159089920,0.0654503409497787
2017-08-14,4325.1298828125,2463089920,0.0609419212648837
2017-08-15,4181.93017578125,3258050048,0.060891482603318
2017-08-16,4376.6298828125,2272039936,0.0568265519013737
2017-08-17,4331.68994140625,2553359872,0.0570368243907972
2017-08-18,4160.6201171875,2941710080,0.0576596667173595
2017-08-19,4193.7001953125,2975820032,0.0444620418497422
2017-08-20,4087.659912109375,2109769984,0.0432319673479377
2017-08-21,4001.739990234375,2800890112,0.0430934043373065
2017-08-22,4100.52001953125,3764239872,0.0424562489686557
2017-08-23,4151.52001953125,2369819904,0.0424479358759249
2017-08-24,4334.68017578125,2037750016,0.0399226888245856
2017-08-25,4371.60009765625,1727970048,0.0393902582259137
2017-08-26,4352.39990234375,1511609984,0.0389780945687083
2017-08-27,4382.8798828125,1537459968,0.0384796896369967
2017-08-28,4382.66015625,1959330048,0.0376632739630768
2017-08-29,4579.02001953125,2486080000,0.0379949146573091
2017-08-30,4565.2998046875,1937849984,0.0378591500563693
2017-08-31,4703.39013671875,1944930048,0.0354292534817682
2017-09-01,4892.009765625,2599079936,0.0353998686210911
2017-09-02,4578.77001953125,2722139904,0.0385820334785386
2017-09-03,4582.9599609375,1933190016,0.0385645257673468
2017-09-04,4236.31005859375,2987330048,0.0373697538278199
2017-09-05,4376.52978515625,2697969920,0.0373988577420387
2017-09-06,4597.1201171875,2172100096,0.0373665402533399
2017-09-07,4599.8798828125,1844620032,0.0374060821943475
2017-09-08,4228.75,2700890112,0.0407742733389752
2017-09-09,4226.06005859375,1386230016,0.0407967532212698
2017-09-10,4122.93994140625,1679090048,0.0390258370449917
2017-09-11,4161.27001953125,1557330048,0.037474639934108
2017-09-12,4130.81005859375,1864530048,0.0365234262950345
2017-09-13,3882.590087890625,2219409920,0.0364567030754151
2017-09-14,3154.949951171875,2716310016,0.0519349666504755
2017-09-15,3637.52001953125,4148069888,0.0581061347235346
2017-09-16,3625.0400390625,1818400000,0.0581027523440775
2017-09-17,3582.8798828125,1239149952,0.0577531882377212
2017-09-18,4065.199951171875,1943209984,0.0625129387360607
2017-09-19,3924.969970703125,1563980032,0.062665464290255
2017-09-20,3905.949951171875,1213830016,0.0625574449144756
2017-09-21,3631.0400390625,1411480064,0.0637203102832249
2017-09-22,3630.699951171875,1194829952,0.0636502164586656
2017-09-23,3792.39990234375,928113984,0.0636605890974559
2017-09-24,3682.840087890625,768014976,0.0637696544722731
2017-09-25,3926.070068359375,1374210048,0.0650270143585098
2017-09-26,3892.35009765625,1043740032,0.0650032386116538
2017-09-27,4200.669921875,1686880000,0.0666328073463567
2017-09-28,4174.72998046875,1712320000,0.0660852444158853
2017-09-29,4163.06982421875,1367049984,0.0660852634476779
2017-09-30,4338.7099609375,1207449984,0.0663160491971595
2017-10-01,4403.740234375,1208210048,0.0659311558480796
2017-10-02,4409.31982421875,1431730048,0.0648617913132721
2017-10-03,4317.47998046875,1288019968,0.064960310723038
2017-10-04,4229.35986328125,1116770048,0.0634450758086294
2017-10-05,4328.41015625,1161769984,0.0633013025010436
2017-10-06,4370.81005859375,1069939968,0.062643124315499
2017-10-07,4426.89013671875,906928000,0.0626976357586368
2017-10-08,4610.47998046875,1313869952,0.0611310580888225
2017-10-09,4772.02001953125,1968739968,0.0613962937167709
2017-10-10,4781.990234375,1597139968,0.0611580198416015
2017-10-11,4826.47998046875,1222279936,0.0611580362814443
2017-10-12,5446.91015625,2791610112,0.0646535823422444
2017-10-13,5647.2099609375,3615480064,0.0633972259912349
2017-10-14,5831.7900390625,1669030016,0.047929863804101
2017-10-15,5678.18994140625,1976039936,0.042768790134412
2017-10-16,5725.58984375,2008070016,0.042649238240976
2017-10-17,5605.509765625,1821570048,0.0428906220350105
2017-10-18,5590.68994140625,2399269888,0.0374617934717942
2017-10-19,5708.52001953125,1780540032,0.0364870069823188
2017-10-20,6011.4501953125,2354429952,0.0370174432928068
2017-10-21,6031.60009765625,2207099904,0.0332363940312718
2017-10-22,6008.419921875,2034630016,0.0333096918026542
2017-10-23,5930.31982421875,2401840128,0.0333449797422802
2017-10-24,5526.64013671875,2735699968,0.0359723585275932
2017-10-25,5750.7998046875,1966989952,0.0350625483903647
2017-10-26,5904.830078125,1905040000,0.0349103543427533
2017-10-27,5780.89990234375,1710130048,0.0334111484644242
2017-10-28,5753.08984375,1403920000,0.033388235886143
2017-10-29,6153.85009765625,2859040000,0.034835553117691
2017-10-30,6130.52978515625,1772150016,0.0345445435679561
2017-10-31,6468.39990234375,2311379968,0.0353892293349825
2017-11-01,6767.31005859375,2870320128,0.0358006841081135
2017-11-02,7078.5,4653770240,0.0355822885448288
2017-11-03,7207.759765625,3369860096,0.0348855496426428
2017-11-04,7379.9501953125,2483800064,0.0348880910888315
2017-11-05,7407.41015625,2380410112,0.0349533591544578
2017-11-06,7022.759765625,3111899904,0.0372732527385964
2017-11-07,7144.3798828125,2326340096,0.0369700304109104
2017-11-08,7459.68994140625,4602200064,0.0371659332769888
2017-11-09,7143.580078125,3226249984,0.038601186809974
2017-11-10,6618.14013671875,5208249856,0.0419400575909511
2017-11-11,6357.60009765625,4908680192,0.0373816659164958
2017-11-12,5950.06982421875,8957349888,0.0390908227700507
2017-11-13,6559.490234375,6263249920,0.0425151154974731
2017-11-14,6635.75,3197110016,0.0421373221530168
2017-11-15,7315.5400390625,4200880128,0.0453878631791128
2017-11-16,7871.68994140625,5123809792,0.0465426831440551
2017-11-17,7708.990234375,4651670016,0.0468494839779156
2017-11-18,7790.14990234375,3667190016,0.0468102692397956
2017-11-19,8036.490234375,3149319936,0.0463319531894452
2017-11-20,8200.6396484375,3488450048,0.0463548565123808
2017-11-21,8071.259765625,4277609984,0.0465330652766861
2017-11-22,8253.5498046875,3633530112,0.0463804990039466
2017-11-23,8038.77001953125,4225179904,0.0443618221612818
2017-11-24,8253.6904296875,5058610176,0.0441450045037111
2017-11-25,8790.919921875,4342060032,0.0450537824814772
2017-11-26,9330.5498046875,5475579904,0.0453354847413178
2017-11-27,9818.349609375,5653320192,0.0455969740642032
2017-11-28,10058.7998046875,6348819968,0.0446517046641674
2017-11-29,9888.6103515625,11568799744,0.0449233018152851
2017-11-30,10233.599609375,8310689792,0.0445000335055498
2017-12-01,10975.599609375,6783119872,0.0452984729299395
2017-12-02,11074.599609375,5138500096,0.0449837957675224
2017-12-03,11323.2001953125,6608309760,0.0450000228276524
2017-12-04,11657.2001953125,6132409856,0.0450468382488752
2017-12-05,11916.7001953125,6895260160,0.0450092989483847
2017-12-06,14291.5,12656300032,0.0524034136557859
2017-12-07,17899.69921875,17950699520,0.0639853830931314
2017-12-08,16569.400390625,21135998976,0.0668807882774468
2017-12-09,15178.2001953125,13911300096,0.0689403803260356
2017-12-10,15455.400390625,13433299968,0.0662481260325217
2017-12-11,16936.80078125,12153900032,0.065919452723945
2017-12-12,17415.400390625,14603799552,0.063234799051942
2017-12-13,16408.19921875,12976900096,0.0644407170541318
2017-12-14,16564.0,13777399808,0.0644633018678545
2017-12-15,17706.900390625,14309999616,0.0635981601569894
2017-12-16,19497.400390625,12740599808,0.0642813790898677
2017-12-17,19140.80078125,13314599936,0.0642163293786575
2017-12-18,19114.19921875,14839499776,0.0643790536019262
2017-12-19,17776.69921875,16894499840,0.0670393368769247
2017-12-20,16624.599609375,22149699584,0.0691768444834197
2017-12-21,15802.900390625,16516599808,0.0701458505185093
2017-12-22,13831.7998046875,22197999616,0.0756816262265516
2017-12-23,14699.2001953125,13086000128,0.075624545357437
2017-12-24,13925.7998046875,11572299776,0.0768112128551136
2017-12-25,14026.599609375,10664699904,0.0763427008226073
2017-12-26,16099.7998046875,13454300160,0.0791832012881402
2017-12-27,15838.5,12487600128,0.0791762747371508
2017-12-28,14606.5,12336499712,0.0811030836168781
2017-12-29,14656.2001953125,13025500160,0.0809323187651657
2017-12-30,12952.2001953125,14452599808,0.0845601989672437
2017-12-31,14156.400390625,12136299520,0.0851078950534247
2018-01-01,13657.2001953125,10291200000,0.0854924335999425
2018-01-02,14982.099609375,16846600192,0.0868790051894971
2018-01-03,15201.0,16871900160,0.0868055724576408
2018-01-04,15599.2001953125,21783199744,0.0868284996159128
2018-01-05,17429.5,23840899072,0.082842833882669
2018-01-06,17527.0,18314600448,0.0718418601791369
2018-01-07,16477.599609375,15866000384,0.0713268530993845
2018-01-08,15170.099609375,18413899776,0.0711199800293159
2018-01-09,14595.400390625,16659999744,0.0713752095076872
2018-01-10,14973.2998046875,18500800512,0.0693857210510337
2018-01-11,13405.7998046875,16534099968,0.0717496666376051
2018-01-12,13980.599609375,12065699840,0.0716634374826949
2018-01-13,14360.2001953125,12763599872,0.0718564768652662
2018-01-14,13772.0,11084099584,0.0708589161006569
2018-01-15,13819.7998046875,12750799872,0.0681019681633594
2018-01-16,11490.5,18853799936,0.0750853589422839
2018-01-17,11188.599609375,18830600192,0.0750456839815204
2018-01-18,11474.900390625,15020399616,0.0747115988431899
2018-01-19,11607.400390625,10740400128,0.074185233724006
2018-01-20,12899.2001953125,11801700352,0.0768099554196376
2018-01-21,11600.099609375,9935179776,0.0754195256593415
2018-01-22,10931.400390625,10537400320,0.0749458167073768
2018-01-23,10868.400390625,9660609536,0.0744813707079891
2018-01-24,11359.400390625,9940989952,0.0750500068059068
2018-01-25,11259.400390625,8873169920,0.0698860864482614
2018-01-26,11171.400390625,9746199552,0.0698847139526705
2018-01-27,11440.7001953125,7583269888,0.068911550171445
2018-01-28,11786.2998046875,8350360064,0.0692311468314162
2018-01-29,11296.400390625,7107359744,0.0660409783650621
2018-01-30,10106.2998046875,8637859840,0.0663866974772842
2018-01-31,10221.099609375,8041160192,0.066341198673595
2018-02-01,9170.5400390625,9959400448,0.0658085295019404
2018-02-02,8830.75,12726899712,0.0656547943854804
2018-02-03,9174.91015625,7263790080,0.0659785830224209
2018-02-04,8277.009765625,7073549824,0.0630941107591221
2018-02-05,6955.27001953125,9285289984,0.0684041474109731
2018-02-06,7754.0,13999800320,0.0726907724462303
2018-02-07,7621.2998046875,9169280000,0.0718815664215302
2018-02-08,8265.58984375,9346750464,0.0742676429934177
2018-02-09,8736.98046875,6784820224,0.0750818522763416
2018-02-10,8621.900390625,7780960256,0.0730158997325837
2018-02-11,8129.97021484375,6122189824,0.0726338953446921
2018-02-12,8926.5703125,6256439808,0.0750348210892417
2018-02-13,8598.3095703125,5696719872,0.0749870190569638
2018-02-14,9494.6298828125,7909819904,0.0778126486041116
2018-02-15,10166.400390625,9062540288,0.0720128378338011
2018-02-16,10233.900390625,7296159744,0.0719096659145357
2018-02-17,11112.7001953125,8660880384,0.0734232877523166
2018-02-18,10551.7998046875,8744009728,0.0739571814734622
2018-02-19,11225.2998046875,7652089856,0.0721523020507502
2018-02-20,11403.7001953125,9926540288,0.0696264440170281
2018-02-21,10690.400390625,9405339648,0.0697847298270061
2018-02-22,10005.0,8040079872,0.0708014870941273
2018-02-23,10301.099609375,7739500032,0.0705105726195094
2018-02-24,9813.0703125,6917929984,0.0709897233914677
2018-02-25,9664.73046875,5706939904,0.0710142330668201
2018-02-26,10366.7001953125,7287690240,0.0721521605537501
2018-02-27,10725.599609375,6966179840,0.0722238455741431
2018-02-28,10397.900390625,6936189952,0.0720393132756986
2018-03-01,10951.0,7317279744,0.0696808334812351
2018-03-02,11086.400390625,7620590080,0.069685305725574
2018-03-03,11489.7001953125,6690570240,0.0666603961638078
2018-03-04,11512.599609375,6084149760,0.0661224046915495
2018-03-05,11573.2998046875,6468539904,0.0658906250152627
2018-03-06,10779.900390625,6832169984,0.0642765922695609
2018-03-07,9965.5703125,8797910016,0.0568507646188565
2018-03-08,9395.009765625,7186089984,0.0552328740859536
2018-03-09,9337.5498046875,8704190464,0.0551057201528058
2018-03-10,8866.0,5386319872,0.0542576677237312
2018-03-11,9578.6298828125,6296370176,0.0551348367592783
2018-03-12,9205.1201171875,6457399808,0.055615992098873
2018-03-13,9194.849609375,5991139840,0.0544213155936315
2018-03-14,8269.8095703125,6438230016,0.0553061256496879
2018-03-15,8300.8603515625,6834429952,0.0549193482507882
2018-03-16,8338.349609375,5289379840,0.0515733655620014
2018-03-17,7916.8798828125,4426149888,0.0503877346160087
2018-03-18,8223.6796875,6639190016,0.0510311822499979
2018-03-19,8630.650390625,6729110016,0.0493166546243951
2018-03-20,8913.4697265625,6361789952,0.049154849370023
2018-03-21,8929.2802734375,6043129856,0.0475061099603037
2018-03-22,8728.4697265625,5530390016,0.0473722750143521
2018-03-23,8879.6201171875,5954120192,0.046400402454307
2018-03-24,8668.1201171875,5664600064,0.0451395675547766
2018-03-25,8495.7802734375,4569880064,0.0447563267025561
2018-03-26,8209.400390625,5921039872,0.0443679976225507
2018-03-27,7833.0400390625,5378250240,0.0449700447704475
2018-03-28,7954.47998046875,4935289856,0.0427909005403183
2018-03-29,7165.7001953125,6361229824,0.0453963106557398
2018-03-30,6890.52001953125,6289509888,0.045528976139546
2018-03-31,6973.52978515625,4553269760,0.0441099803048227
2018-04-01,6844.22998046875,4532100096,0.0438097068466468
2018-04-02,7083.7998046875,4333440000,0.0437562172349106
2018-04-03,7456.10986328125,5499700224,0.0453530388290913
2018-04-04,6853.83984375,4936000000,0.0469254007942654
2018-04-05,6811.47021484375,5639320064,0.0458545422126149
2018-04-06,6636.31982421875,3766810112,0.0443342721678657
2018-04-07,6911.08984375,3976610048,0.0445427898053286
2018-04-08,7023.52001953125,3652499968,0.0447983569316604
2018-04-09,6770.72998046875,4894060032,0.0443879583772113
2018-04-10,6834.759765625,4272750080,0.0414712044472422
2018-04-11,6968.31982421875,4641889792,0.0414738612120218
2018-04-12,7889.25,8906250240,0.0480983680690527
2018-04-13,7895.9599609375,7764460032,0.04416211926947
2018-04-14,7986.240234375,5191430144,0.0442154849382724
2018-04-15,8329.1103515625,5244480000,0.0449105456305716
2018-04-16,8058.669921875,5631309824,0.0442876672695147
2018-04-17,7902.08984375,6900879872,0.0438561195887463
2018-04-18,8163.419921875,6529909760,0.0433321958862369
2018-04-19,8294.3095703125,7063209984,0.0429901916793892
2018-04-20,8845.830078125,8438110208,0.0446857084944099
2018-04-21,8895.580078125,7548550144,0.0444943234439298
2018-04-22,8802.4599609375,6629899776,0.0444266247091464
2018-04-23,8930.8798828125,6925190144,0.0442716827516801
2018-04-24,9697.5,10678800384,0.046484895816456
2018-04-25,8845.740234375,11083100160,0.0492488031232994
2018-04-26,9281.509765625,8970559488,0.0490158903662722
2018-04-27,8987.0498046875,7566289920,0.0494591351459131
2018-04-28,9348.48046875,7805479936,0.0453829474367866
2018-04-29,9419.080078125,8853000192,0.0444707212969865
2018-04-30,9240.5498046875,8673920000,0.044794768044013
2018-05-01,9119.009765625,7713019904,0.0446873618090227
2018-05-02,9235.919921875,7558159872,0.0444465131826313
2018-05-03,9743.8603515625,10207299584,0.0445245296637006
2018-05-04,9700.759765625,8217829888,0.0410133274905947
2018-05-05,9858.150390625,7651939840,0.0408818097092279
2018-05-06,9654.7998046875,7222280192,0.0407240224559978
2018-05-07,9373.009765625,7394019840,0.0410703728472738
2018-05-08,9234.8203125,7415869952,0.0413038419000712
2018-05-09,9325.1796875,7226890240,0.040389092036882
2018-05-10,9043.9404296875,6906699776,0.0410874729916626
2018-05-11,8441.490234375,8488520192,0.0434398316413465
2018-05-12,8504.8896484375,6821380096,0.0373288668204627
2018-05-13,8723.9404296875,5866379776,0.0375603278886435
2018-05-14,8716.7900390625,7364149760,0.037536221115131
2018-05-15,8510.3798828125,6705710080,0.0370959754143249
2018-05-16,8368.830078125,6760220160,0.0367033400240236
2018-05-17,8094.31982421875,5862530048,0.0370565904923213
2018-05-18,8250.9697265625,5764190208,0.0367408594217737
2018-05-19,8247.1796875,4712399872,0.0366233094564939
2018-05-20,8513.25,5191059968,0.0350923680737044
2018-05-21,8418.990234375,5154990080,0.0351122078986003
2018-05-22,8041.77978515625,5137010176,0.0359944656215401
2018-05-23,7557.81982421875,6491120128,0.0373974337251335
2018-05-24,7587.33984375,6049220096,0.0335863982457864
2018-05-25,7480.14013671875,4867829760,0.029673043759243
2018-05-26,7355.8798828125,4051539968,0.0279391910096409
2018-05-27,7368.22021484375,4056519936,0.0275982125678832
2018-05-28,7135.990234375,5040600064,0.0265504352046517
2018-05-29,7472.58984375,5662660096,0.0282570524156383
2018-05-30,7406.52001953125,4922540032,0.0281760562973503
2018-05-31,7494.169921875,5127130112,0.0283657664546285
2018-06-01,7541.4501953125,4921460224,0.0282387535576316
2018-06-02,7643.4501953125,4939299840,0.0261587737325796
2018-06-03,7720.25,4851760128,0.0263602991879144
2018-06-04,7514.47021484375,4993169920,0.0261979763608428
2018-06-05,7633.759765625,4961739776,0.02648026295263
2018-06-06,7653.97998046875,4692259840,0.0262186132312049
2018-06-07,7678.240234375,4485799936,0.0262330425104918
2018-06-08,7624.919921875,4227579904,0.0260608506320509
2018-06-09,7531.97998046875,3845220096,0.0256929020530139
2018-06-10,6786.02001953125,5804839936,0.0292407743310052
2018-06-11,6906.919921875,4745269760,0.0294759833110172
2018-06-12,6582.35986328125,4654380032,0.0297489853853808
2018-06-13,6349.89990234375,5052349952,0.0300896258045766
2018-06-14,6675.35009765625,5138710016,0.0319264756110832
2018-06-15,6456.580078125,3955389952,0.0322231690577371
2018-06-16,6550.16015625,3194170112,0.0321398141177095
2018-06-17,6499.27001953125,3104019968,0.0317558997129099
2018-06-18,6734.81982421875,4039200000,0.0327173205028532
2018-06-19,6769.93994140625,4057029888,0.0319908479869027
2018-06-20,6776.5498046875,3888640000,0.0320215977858742
2018-06-21,6729.740234375,3529129984,0.0311809799825961
2018-06-22,6083.68994140625,5079810048,0.0342491411867817
2018-06-23,6162.47998046875,3431360000,0.0343885273056646
2018-06-24,6173.22998046875,4566909952,0.0343953155472838
2018-06-25,6249.18017578125,5500810240,0.0345013782198026
2018-06-26,6093.669921875,3279759872,0.0346589332330101
2018-06-27,6157.1298828125,3296219904,0.034438610478335
2018-06-28,5903.43994140625,3467800064,0.0336893572931465
2018-06-29,6218.2998046875,3966230016,0.0354128288352594
2018-06-30,6404.0,4543860224,0.0358593886225587
2018-07-01,6385.81982421875,4788259840,0.0357968505602544
2018-07-02,6614.18017578125,4396930048,0.0364076615635663
2018-07-03,6529.58984375,4672309760,0.0363260142618203
2018-07-04,6597.5498046875,4176689920,0.0362062536948708
2018-07-05,6639.14013671875,4999240192,0.0360661331345922
2018-07-06,6673.5,4313959936,0.0360866162602429
2018-07-07,6856.93017578125,3961080064,0.0365258815037501
2018-07-08,6773.8798828125,3386210048,0.0365540402440318
2018-07-09,6741.75,3718129920,0.0365208059753201
2018-07-10,6329.9501953125,4052430080,0.033230020951184
2018-07-11,6394.7099609375,3644859904,0.0331027622799899
2018-07-12,6228.81005859375,3770170112,0.0322964174873726
2018-07-13,6238.0498046875,3805400064,0.0316496207383423
2018-07-14,6276.1201171875,2923670016,0.0302129060931536
2018-07-15,6359.64013671875,3285459968,0.029743345007077
2018-07-16,6741.75,4725799936,0.031531401023791
2018-07-17,7321.0400390625,5961950208,0.0348009944647762
2018-07-18,7370.77978515625,6103410176,0.034291701708749
2018-07-19,7466.85986328125,5111629824,0.0343379549366289
2018-07-20,7354.1298828125,4936869888,0.0345019922958768
2018-07-21,7419.2900390625,3726609920,0.0344697943847979
2018-07-22,7418.490234375,3695460096,0.0283308848407124
2018-07-23,7711.10986328125,5132480000,0.0289136326141459
2018-07-24,8424.26953125,7277689856,0.0324401567220207
2018-07-25,8181.39013671875,5845400064,0.033232350298231
2018-07-26,7951.580078125,4899089920,0.0333543029022141
2018-07-27,8165.009765625,5195879936,0.0335087390743907
2018-07-28,8192.150390625,3988750080,0.032099013037184
2018-07-29,8218.4599609375,4107190016,0.0311703122267747
2018-07-30,8180.47998046875,5551400000,0.0310317819009607
2018-07-31,7780.43994140625,5287530000,0.0327631451699948
2018-08-01,7624.91015625,4797620000,0.0326576026207097
2018-08-02,7567.14990234375,4214110000,0.0325736974305671
2018-08-03,7434.39013671875,4627150000,0.0328139926621234
2018-08-04,7032.85009765625,4268390000,0.034558393499369
2018-08-05,7068.47998046875,3679110000,0.0345580479588747
2018-08-06,6951.7998046875,3925900000,0.0343808426180093
2018-08-07,6753.1201171875,4682800000,0.0347292376121719
2018-08-08,6305.7998046875,5064430000,0.036907735166135
2018-08-09,6568.22998046875,4267040000,0.0358622057999971
2018-08-10,6184.7099609375,4528680000,0.0375184185134288
2018-08-11,6295.72998046875,4047850000,0.0373613644692859
2018-08-12,6322.68994140625,5665250000,0.0373677389839708
2018-08-13,6297.56982421875,4083980000,0.0373605841479885
2018-08-14,6199.7099609375,5301700000,0.037383318371996
2018-08-15,6308.52001953125,4895450000,0.0358640585880717
2018-08-16,6334.72998046875,4328420000,0.0321482361046955
2018-08-17,6580.6298828125,4992990000,0.0330337543565598
2018-08-18,6423.759765625,3984520000,0.0330797878379494
2018-08-19,6506.06982421875,3311170000,0.0331760581048945
2018-08-20,6308.52978515625,3665100000,0.0334331027104433
2018-08-21,6488.759765625,3377180000,0.0339817097388985
2018-08-22,6376.7099609375,4668110000,0.0330563450310638
2018-08-23,6534.8798828125,3426180000,0.0284778194196605
2018-08-24,6719.9599609375,4097820000,0.0289481750530102
2018-08-25,6763.18994140625,3312600000,0.028736946016967
2018-08-26,6707.259765625,3295500000,0.0281008811942461
2018-08-27,6884.64013671875,4019000000,0.0286788804442446
2018-08-28,7096.27978515625,4659940000,0.029389020577889
2018-08-29,7047.16015625,4145880000,0.0293913463605131
2018-08-30,6978.22998046875,4463250000,0.0281504994162665
2018-08-31,7037.580078125,4495650000,0.0280551207133321
2018-09-01,7193.25,4116050000,0.0283907675072531
2018-09-02,7272.72021484375,4329540000,0.0283159194742986
2018-09-03,7260.06005859375,4087760000,0.0263624769919695
2018-09-04,7361.66015625,4273640000,0.0264579506592845
2018-09-05,6792.830078125,5800460000,0.030244897459781
2018-09-06,6529.169921875,5523470000,0.0306449175145819
2018-09-07,6467.06982421875,4264680000,0.0279440210020165
2018-09-08,6225.97998046875,3835060000,0.0277624332302435
2018-09-09,6300.85986328125,3671890000,0.0255686590250701
2018-09-10,6329.7001953125,3714100000,0.0253756773344712
2018-09-11,6321.2001953125,3849910000,0.025365150280328
2018-09-12,6351.7998046875,4064230000,0.0253685648247396
2018-09-13,6517.31005859375,4210910000,0.0255956855104857
2018-09-14,6512.7099609375,4076220000,0.0254248016178795
2018-09-15,6543.2001953125,3216300000,0.0254271765538325
2018-09-16,6517.18017578125,3273730000,0.0244576035273106
2018-09-17,6281.2001953125,3910780000,0.0249906724052309
2018-09-18,6371.2998046875,4180090000,0.0250202708404935
2018-09-19,6398.5400390625,4431340000,0.0243748406341231
2018-09-20,6519.669921875,4348110000,0.0240645827178341
2018-09-21,6734.9501953125,6531940000,0.0245280603660434
2018-09-22,6721.97998046875,4509660000,0.0241572089928044
2018-09-23,6710.6298828125,4197500000,0.0236153948035937
2018-09-24,6595.41015625,4177310000,0.0237884144750838
2018-09-25,6446.47021484375,4726180000,0.024091882232697
2018-09-26,6495.0,4437300000,0.0235959833964453
2018-09-27,6676.75,4606810000,0.0234745934548362
2018-09-28,6644.1298828125,5014430000,0.023462781729755
2018-09-29,6601.9599609375,4363690000,0.023431248274128
2018-09-30,6625.56005859375,4002280000,0.0233738553555704
2018-10-01,6589.6201171875,4000970000,0.022939151746409
2018-10-02,6556.10009765625,3979260000,0.0227903464043244
2018-10-03,6502.58984375,3887310000,0.0228040455610903
2018-10-04,6576.68994140625,3838410000,0.022740586801852
2018-10-05,6622.47998046875,3671500000,0.0175973055925699
2018-10-06,6588.31005859375,3259740000,0.0160372889576356
2018-10-07,6602.9501953125,3306630000,0.0159314684976848
2018-10-08,6652.22998046875,3979460000,0.0141916097476878
2018-10-09,6642.64013671875,3580810000,0.014084682143092
2018-10-10,6585.52978515625,3787650000,0.0141997489427848
2018-10-11,6256.240234375,5181640000,0.0171459624642114
2018-10-12,6274.580078125,3783500000,0.0171296822685664
2018-10-13,6285.990234375,3064030000,0.0164132100030034
2018-10-14,6290.93017578125,3085320000,0.0164170311919484
2018-10-15,6596.5400390625,7370770000,0.0186457487663783
2018-10-16,6596.10986328125,4074800000,0.0186286287008168
2018-10-17,6544.43017578125,4088420000,0.0173345204664672
2018-10-18,6476.7099609375,3924080000,0.0172872628271908
2018-10-19,6465.41015625,3578870000,0.0172775059328045
2018-10-20,6489.18994140625,3379130000,0.0169395419268826
2018-10-21,6482.35009765625,3253610000,0.0157778152149378
2018-10-22,6487.16015625,3672860000,0.0157815298808882
2018-10-23,6475.740234375,3716150000,0.0157816147596763
2018-10-24,6495.83984375,3424670000,0.0154997063427214
2018-10-25,6476.2900390625,3230550000,0.0149266619539375
2018-10-26,6474.75,3306050000,0.0148620606247689
2018-10-27,6480.3798828125,3393250000,0.0139150526423322
2018-10-28,6486.39013671875,3445190000,0.0138993498605612
2018-10-29,6332.6298828125,4199910000,0.0145020671451157
2018-10-30,6334.27001953125,3781100000,0.0144756255637257
2018-10-31,6317.60986328125,4191240000,0.0144583424375334
2018-11-01,6377.77978515625,3789400000,0.0145744204767056
2018-11-02,6388.43994140625,4234870000,0.0145157645339713
2018-11-03,6361.259765625,3658640000,0.014352438894931
2018-11-04,6376.1298828125,4390020000,0.0142878847325224
2018-11-05,6419.66015625,4174800000,0.0143421071646848
2018-11-06,6461.009765625,4700040000,0.0143936697216665
2018-11-07,6530.14013671875,4941260000,0.014468084498441
2018-11-08,6453.72021484375,4665260000,0.0146105980087482
2018-11-09,6385.6201171875,4346820000,0.0146507223029929
2018-11-10,6409.22021484375,3705320000,0.0111715154070022
2018-11-11,6411.27001953125,3939060000,0.0111645785856423
2018-11-12,6371.27001953125,4295770000,0.0112343127082751
2018-11-13,6359.490234375,4503800000,0.0112418980660964
2018-11-14,5738.35009765625,7398940000,0.0197695747007638
2018-11-15,5648.02978515625,7032140000,0.0198536138837155
2018-11-16,5575.5498046875,5279320000,0.019898596261776
2018-11-17,5554.330078125,4303150000,0.019877160702134
2018-11-18,5623.5400390625,4159680000,0.0201257371169507
2018-11-19,4871.490234375,7039560000,0.0322975578397398
2018-11-20,4451.8701171875,8428290000,0.0354271818997588
2018-11-21,4602.169921875,6120120000,0.0363306026268143
2018-11-22,4365.93994140625,4569370000,0.0370456055712831
2018-11-23,4347.10986328125,4871490000,0.0369580963853364
2018-11-24,3880.760009765625,4679500000,0.0411536741011366
2018-11-25,4009.969970703125,6825640000,0.0420499960365027
2018-11-26,3779.1298828125,6476900000,0.0426494058393628
2018-11-27,3820.719970703125,5998720000,0.0428413053099067
2018-11-28,4257.419921875,7280280000,0.048581738677169
2018-11-29,4278.8466796875,6503347767,0.0486350889060699
2018-11-30,4017.2685546875,6048016717,0.0494331415525812
2018-12-01,4214.671875,5375314093,0.0505790638290477
2018-12-02,4139.8779296875,5262697895,0.0504987005043648
2018-12-03,3894.130859375,5089570994,0.0511676015747122
2018-12-04,3956.893798828125,5028069239,0.0513998097313611
2018-12-05,3753.994873046875,5302481574,0.0516394522733209
2018-12-06,3521.101806640625,5878333109,0.052096397354567
2018-12-07,3419.937255859375,6835615448,0.0517888249933341
2018-12-08,3476.11474609375,5305024497,0.0522233881625803
2018-12-09,3614.234375,4947372847,0.0533239454194106
2018-12-10,3502.656005859375,5020968740,0.0531941115018453
2018-12-11,3424.588134765625,4696765188,0.0530544635166964
2018-12-12,3486.9501953125,4139364829,0.0534697400049585
2018-12-13,3313.67724609375,4343372456,0.0536436390740585
2018-12-14,3242.48486328125,4372763663,0.0514158025763761
2018-12-15,3236.76171875,3551763561,0.0515100510714873
2018-12-16,3252.839111328125,3744248994,0.0516805977619472
2018-12-17,3545.86474609375,5409247918,0.0550379222578585
2018-12-18,3696.05908203125,5911325473,0.0557878222899561
2018-12-19,3745.95068359375,6810689119,0.0503082482082718
2018-12-20,4134.44140625,8927129279,0.0515747110618558
2018-12-21,3896.543701171875,7206015706,0.052129520374365
2018-12-22,4014.1826171875,5605823233,0.0517298358090107
2018-12-23,3998.980224609375,6151275490,0.0517293898979961
2018-12-24,4078.59912109375,7240968501,0.0474387790557122
2018-12-25,3815.49072265625,6158207293,0.048649617956491
2018-12-26,3857.297607421875,5326547918,0.0474554762578673
2018-12-27,3654.83349609375,5130222366,0.0484391232081866
2018-12-28,3923.918701171875,5631554348,0.045946812466526
2018-12-29,3820.40869140625,4991655917,0.0461277686173174
2018-12-30,3865.95263671875,4770578575,0.0448159093763469
2018-12-31,3742.700439453125,4661840806,0.044167865112032
2019-01-01,3843.52001953125,4324200990,0.0444294968692557
2019-01-02,3943.409423828125,5244856836,0.0432863045002186
2019-01-03,3836.7412109375,4530215219,0.0434730745660783
2019-01-04,3857.717529296875,4847965467,0.0423748306121711
2019-01-05,3845.194580078125,5137609824,0.0405769162271721
2019-01-06,4076.632568359375,5597027440,0.0413331058942202
2019-01-07,4025.248291015625,5228625637,0.0414192692138996
2019-01-08,4030.847900390625,5306593305,0.0409183972279967
2019-01-09,4035.29638671875,5115905225,0.0403868284506762
2019-01-10,3678.924560546875,6874143796,0.0438804484066661
2019-01-11,3687.365478515625,5538712865,0.0437807516813205
2019-01-12,3661.301025390625,4778170883,0.0426738738279721
2019-01-13,3552.953125,4681302466,0.0428688573890937
2019-01-14,3706.05224609375,5651384490,0.0434458831446832
2019-01-15,3630.67529296875,5537192302,0.0436857945264189
2019-01-16,3655.0068359375,5394457145,0.0408199528325343
2019-01-17,3678.56396484375,5464420383,0.0401170422271696
2019-01-18,3657.83935546875,5002961727,0.0400456367976936
2019-01-19,3728.568359375,5955691380,0.0356218714073163
2019-01-20,3601.013671875,5582489560,0.0345646683865483
2019-01-21,3576.032470703125,5004347059,0.0340246479267996
2019-01-22,3604.5771484375,5313623556,0.0340928434001189
2019-01-23,3585.123046875,5433755649,0.0338113431728265
2019-01-24,3600.865478515625,5262869046,0.0317142620254965
2019-01-25,3599.765869140625,5265847539,0.0316238405316902
2019-01-26,3602.46044921875,5098183235,0.0300847945573029
2019-01-27,3583.9658203125,5570752966,0.0268846371239603
2019-01-28,3470.450439453125,6908930483,0.0270682617775337
2019-01-29,3448.116943359375,5897159493,0.0269231669484962
2019-01-30,3486.181640625,5955112627,0.0264963455015085
2019-01-31,3457.792724609375,5831198271,0.0259410056017676
2019-02-01,3487.9453125,5422926707,0.0254632599682987
2019-02-02,3521.060791015625,5071623601,0.0251866371108659
2019-02-03,3464.013427734375,5043937584,0.0252526467123515
2019-02-04,3459.154052734375,5332718886,0.0252557494052344
2019-02-05,3466.357421875,5227549545,0.0224242145767062
2019-02-06,3413.767822265625,5482196038,0.0224583609936615
2019-02-07,3399.4716796875,5004962683,0.0224224574320942
2019-02-08,3666.7802734375,7735623101,0.0268907522952866
2019-02-09,3671.20361328125,6158833645,0.0209503143720461
2019-02-10,3690.188232421875,6282256903,0.0209679836606254
2019-02-11,3648.4306640625,6277056434,0.021032677328208
2019-02-12,3653.528564453125,6480384532,0.0202593987604127
2019-02-13,3632.070556640625,6438903823,0.0187268355853573
2019-02-14,3616.880859375,6271044418,0.0183627500169466
2019-02-15,3620.810791015625,6091952231,0.0183196060407573
2019-02-16,3629.78759765625,5934744052,0.0182836788098593
2019-02-17,3673.836181640625,7039512503,0.0183954423720363
2019-02-18,3915.71435546875,9908216640,0.021522074248465
2019-02-19,3947.094482421875,9933626655,0.0204130580914967
2019-02-20,3999.820556640625,8693373948,0.0204047914668081
2019-02-21,3954.1181640625,7775128102,0.0205742780498085
2019-02-22,4005.526611328125,7826525254,0.0205854048325726
2019-02-23,4142.52685546875,8922258316,0.0212992745148496
2019-02-24,3810.427490234375,10794227451,0.0267077442888311
2019-02-25,3882.6962890625,9318796067,0.0268835308303055
2019-02-26,3854.35791015625,7931218996,0.0269078196467522
2019-02-27,3851.04736328125,8301309684,0.0261145412099436
2019-02-28,3854.785400390625,8399767798,0.0260523417422101
2019-03-01,3859.583740234375,7661247975,0.0260193689676433
2019-03-02,3864.4150390625,7578786076,0.0259316161488013
2019-03-03,3847.17578125,7253558152,0.0259557612085281
2019-03-04,3761.55712890625,9029175788,0.0263460926762554
2019-03-05,3896.375,10174126415,0.0267729530757334
2019-03-06,3903.942626953125,9175291529,0.0267569769915189
2019-03-07,3911.484375,9584165519,0.0267573690682297
2019-03-08,3901.131591796875,10638638944,0.0265414120751088
2019-03-09,3963.313720703125,10796103518,0.0265680923001938
2019-03-10,3951.599853515625,9713267607,0.0230050228565962
2019-03-11,3905.227294921875,10125901903,0.0231522960673023
2019-03-12,3909.15625,9809887079,0.0231455474987851
2019-03-13,3906.71728515625,9469184841,0.0230153320252833
2019-03-14,3924.369140625,10480789570,0.0230182241608497
2019-03-15,3960.9111328125,9394210605,0.0229966988652785
2019-03-16,4048.725830078125,9856166973,0.0232128224277783
2019-03-17,4025.22900390625,8221625400,0.0232744184711559
2019-03-18,4032.50732421875,9646954186,0.0232757844807939
2019-03-19,4071.190185546875,9344919956,0.023248419676127
2019-03-20,4087.476318359375,10175916388,0.020269514469503
2019-03-21,4029.326904296875,10831212662,0.0204295216002106
2019-03-22,4023.96826171875,9252935969,0.0202928934593786
2019-03-23,4035.826416015625,9578850549,0.0201768919229814
2019-03-24,4022.168212890625,9144851065,0.0200551870593688
2019-03-25,3963.070556640625,10359818883,0.0191971288876138
2019-03-26,3985.080810546875,10707678815,0.0113463168966136
2019-03-27,4087.066162109375,10897131934,0.0117417917724958
2019-03-28,4069.107177734375,9353915899,0.0116762009800506
2019-03-29,4098.37451171875,10918665557,0.0117049104197441
2019-03-30,4106.66015625,9732688060,0.0117030632192415
2019-03-31,4105.404296875,9045122443,0.0117104356236375
2019-04-01,4158.18310546875,10157794171,0.0118709241559915
2019-04-02,4879.8779296875,21315047816,0.0310585503249707
2019-04-03,4973.02197265625,22899891582,0.030575890760223
2019-04-04,4922.798828125,18251810240,0.0303715293373102
2019-04-05,5036.68115234375,16837325387,0.0304726398702649
2019-04-06,5059.8173828125,16929795194,0.0304567849296382
2019-04-07,5198.89697265625,16655416140,0.0305629723109522
2019-04-08,5289.77099609375,17154113634,0.030574886701984
2019-04-09,5204.95849609375,14722104361,0.0308559942876939
2019-04-10,5324.5517578125,15504590933,0.0306895688412509
2019-04-11,5064.48779296875,16555616019,0.0325835420904483
2019-04-12,5089.5390625,13675206312,0.032544880279229
2019-04-13,5096.58642578125,10823289598,0.0325641360179129
2019-04-14,5167.72216796875,10391952498,0.0325776333828906
2019-04-15,5067.1083984375,12290155061,0.0328860387283256
2019-04-16,5235.5595703125,11618660197,0.0331002586059459
2019-04-17,5251.93798828125,12438480677,0.0330915871484613
2019-04-18,5298.3857421875,13256489918,0.0330912922166
2019-04-19,5303.8125,13780238655,0.0331105426755599
2019-04-20,5337.88623046875,13169647522,0.032828847820792
2019-04-21,5314.53125,13731844223,0.0328679021480308
2019-04-22,5399.365234375,14601631648,0.0328665780773588
2019-04-23,5572.3623046875,15867308108,0.0330051484636571
2019-04-24,5464.86669921875,17048033399,0.0331413510469337
2019-04-25,5210.515625,15330283408,0.0348089751465302
2019-04-26,5279.34814453125,16812108040,0.0346828678479722
2019-04-27,5268.291015625,13111274675,0.0346557411089323
2019-04-28,5285.13916015625,12819992056,0.0346690372894891
2019-04-29,5247.3525390625,13735490672,0.0347685944199269
2019-04-30,5350.7265625,13878964574,0.0347902186446316
2019-05-01,5402.697265625,13679528236,0.0347826986486832
2019-05-02,5505.28369140625,14644460907,0.0200223181393839
2019-05-03,5768.28955078125,18720780006,0.0213326631809875
2019-05-04,5831.16748046875,17567780766,0.0211640589785593
2019-05-05,5795.70849609375,14808830723,0.0210113588291449
2019-05-06,5746.80712890625,15737171804,0.0211481888927678
2019-05-07,5829.50146484375,18026409033,0.0207965268481473
2019-05-08,5982.45751953125,15320605300,0.0210459535294584
2019-05-09,6174.52880859375,16784645411,0.0212655776126788
2019-05-10,6378.84912109375,19419875368,0.0216102114129028
2019-05-11,7204.771484375,28867562329,0.0280432116660056
2019-05-12,6972.37158203125,27773333680,0.0291819267959102
2019-05-13,7814.9150390625,28677672181,0.0347005904670157
2019-05-14,7994.416015625,32031452227,0.0347347671161603
2019-05-15,8205.16796875,28344112920,0.0341804394530043
2019-05-16,7884.9091796875,33167197581,0.0355019485858703
2019-05-17,7343.8955078125,30066644905,0.0387014141372249
2019-05-18,7271.2080078125,21354286562,0.0388919867280464
2019-05-19,8197.689453125,25902422040,0.0436549063057434
2019-05-20,7978.30908203125,23843404340,0.0442942419588613
2019-05-21,7963.32763671875,25127245056,0.0442619105405307
2019-05-22,7680.06640625,24719473175,0.0451772298314005
2019-05-23,7881.8466796875,24457107820,0.0451040985190077
2019-05-24,7987.37158203125,25919126991,0.0447217085972456
2019-05-25,8052.5439453125,22256813107,0.0432634833698944
2019-05-26,8673.2158203125,26677970091,0.0446143181335643
2019-05-27,8805.7783203125,27949839564,0.0444766630120486
2019-05-28,8719.9619140625,24226919267,0.0446796491457243
2019-05-29,8659.4873046875,23473479966,0.0446756891837117
2019-05-30,8319.47265625,29246528551,0.0458545259721744
2019-05-31,8574.501953125,25365190957,0.0459297306083869
2019-06-01,8564.0166015625,22488303544,0.0460239299342319
2019-06-02,8742.9580078125,20266216022,0.045645064107055
2019-06-03,8208.9951171875,22004511436,0.0477566848034496
2019-06-04,7707.77099609375,24609731549,0.0495711947908103
2019-06-05,7824.2314453125,21760923463,0.0494627806352727
2019-06-06,7822.0234375,19474611077,0.0494936562080285
2019-06-07,8043.951171875,19141423231,0.0495184020641438
2019-06-08,7954.1279296875,16522722810,0.0494876694996823
2019-06-09,7688.0771484375,16610726547,0.0498603948044404
2019-06-10,8000.32958984375,18689275117,0.0453538716112148
2019-06-11,7927.71435546875,17107279932,0.0449046345351322
2019-06-12,8145.857421875,19034432883,0.0401254693996168
2019-06-13,8230.923828125,18669407147,0.0399623832770418
2019-06-14,8693.8330078125,19831162906,0.0409146579794959
2019-06-15,8838.375,18371033226,0.0402193292624059
2019-06-16,8994.48828125,23348550311,0.037705053654787
2019-06-17,9320.3525390625,15562951919,0.0379252792246166
2019-06-18,9081.7626953125,15848210536,0.0320053180232016
2019-06-19,9273.521484375,15546809946,0.0316238216365388
2019-06-20,9527.16015625,17846823784,0.0318451281318544
2019-06-21,10144.556640625,20624008643,0.0324461679688203
2019-06-22,10701.69140625,29995204861,0.0333113212151343
2019-06-23,10855.37109375,20998326502,0.0333148620646599
2019-06-24,11011.1025390625,19271652365,0.0333202860504632
2019-06-25,11790.9169921875,24879684533,0.0329504070313754
2019-06-26,13016.2314453125,45105733173,0.036711277589118
2019-06-27,11182.806640625,39977475223,0.0473668364347615
2019-06-28,12407.33203125,35087757766,0.0503660273383946
2019-06-29,11959.37109375,29923961128,0.0502524457158832
2019-06-30,10817.1552734375,27256473494,0.0541357318039791
2019-07-01,10583.134765625,29378589324,0.0543843701870521
2019-07-02,10801.677734375,31015895223,0.054382319225614
2019-07-03,11961.26953125,30796494294,0.0553856445750745
2019-07-04,11215.4375,25920294033,0.0554511486920721
2019-07-05,10978.4599609375,23838480210,0.0557909164382449
2019-07-06,11208.55078125,21092024306,0.0557725790336297
2019-07-07,11450.8466796875,19369044277,0.0557203961048591
2019-07-08,12285.9580078125,23482551458,0.0565452289036279
2019-07-09,12573.8125,28167921523,0.0558125540609327
2019-07-10,12156.5126953125,33627574244,0.0563616905958003
2019-07-11,11358.662109375,28595327690,0.0581827464526865
2019-07-12,11815.986328125,23534692797,0.0583368240986082
2019-07-13,11392.37890625,21042616384,0.0590169178761013
2019-07-14,10256.05859375,22486000001,0.0620527021323914
2019-07-15,10895.08984375,25384047207,0.062834893106245
2019-07-16,9477.6416015625,24151199070,0.068225155631962
2019-07-17,9693.802734375,24569921549,0.0680434231577882
2019-07-18,10666.482421875,25187024648,0.0699573982393686
2019-07-19,10530.732421875,20727426310,0.0699699618998894
2019-07-20,10767.1396484375,20206615155,0.0699217836001818
2019-07-21,10599.10546875,17130580467,0.0691131830909661
2019-07-22,10343.1064453125,16334414913,0.0685532686851568
2019-07-23,9900.767578125,17851916995,0.0689203317445461
2019-07-24,9811.92578125,17398734322,0.0688496492503338
2019-07-25,9911.841796875,15821952090,0.0675500293028025
2019-07-26,9870.3037109375,14495714483,0.0646003862629892
2019-07-27,9477.677734375,16817809536,0.059091011189904
2019-07-28,9552.8603515625,13738687093,0.0554479070949002
2019-07-29,9519.1455078125,13791445323,0.0551994563579696
2019-07-30,9607.423828125,13829811132,0.0524036947010178
2019-07-31,10085.6279296875,16631520648,0.0531461950825358
2019-08-01,10399.6689453125,17165337858,0.0533248862804095
2019-08-02,10518.1748046875,17489094082,0.049719808069461
2019-08-03,10821.7265625,15352685061,0.0487295448348687
2019-08-04,10970.1845703125,16530894787,0.0486488489472457
2019-08-05,11805.6533203125,23875988832,0.0503442596153256
2019-08-06,11478.1689453125,23635107660,0.0504891213035829
2019-08-07,11941.96875,22194988641,0.0493099269005862
2019-08-08,11966.4072265625,19481591730,0.049104248051999
2019-08-09,11862.9365234375,18339989960,0.0487511832982718
2019-08-10,11354.0244140625,18125355447,0.0477990812468785
2019-08-11,11523.5791015625,15774371518,0.0473062335748199
2019-08-12,11382.6162109375,13647198229,0.046881366897249
2019-08-13,10895.830078125,16681503537,0.0433451791828168
2019-08-14,10051.7041015625,19990838300,0.0444274132166429
2019-08-15,10311.5458984375,22899115082,0.0364099763642666
2019-08-16,10374.3388671875,20228207096,0.0362257291417972
2019-08-17,10231.744140625,13778035685,0.0317321687619473
2019-08-18,10345.810546875,12999813869,0.0317354886859476
2019-08-19,10916.0537109375,16038264603,0.0330083662232267
2019-08-20,10763.232421875,15053082175,0.0329821236934574
2019-08-21,10138.0498046875,19473084768,0.0345035657311593
2019-08-22,10131.0556640625,17097508856,0.0335334205499639
2019-08-23,10407.96484375,15627023886,0.033813802700525
2019-08-24,10159.9609375,15451030650,0.0341054868749843
2019-08-25,10138.517578125,14153856610,0.0340970145959591
2019-08-26,10370.8203125,18438654080,0.0333914974666679
2019-08-27,10185.5,14762609503,0.0335953263255731
2019-08-28,9754.4228515625,17603790323,0.03459394956676
2019-08-29,9510.2001953125,17045878501,0.0348789188063649
2019-08-30,9598.173828125,13595263986,0.0336956462926222
2019-08-31,9630.6640625,11454806419,0.0331573115858655
2019-09-01,9757.970703125,11445355859,0.0331849581211454
2019-09-02,10346.7607421875,17248102294,0.0345810711746152
2019-09-03,10623.5400390625,19384917989,0.0348512574831616
2019-09-04,10594.4931640625,16742664769,0.0318876348202318
2019-09-05,10575.533203125,14551239508,0.0315499541331954
2019-09-06,10353.302734375,19536574783,0.0306778743100505
2019-09-07,10517.2548828125,15307366476,0.0308831769039129
2019-09-08,10441.2763671875,13670567493,0.0308772708173245
2019-09-09,10334.974609375,17595943368,0.0299881277647862
2019-09-10,10115.9755859375,14906809639,0.0299697344805284
2019-09-11,10178.3720703125,15428063426,0.0299900215460474
2019-09-12,10410.126953125,15323563925,0.0293766841434748
2019-09-13,10360.546875,14109864675,0.0253157944046961
2019-09-14,10358.048828125,13468713124,0.0248889466876326
2019-09-15,10347.712890625,12043433567,0.0248644070783588
2019-09-16,10276.7939453125,15160167779,0.0247638797056098
2019-09-17,10241.2724609375,15304603363,0.0246845782402873
2019-09-18,10198.248046875,16169268880,0.0224828193911293
2019-09-19,10266.4150390625,19937691247,0.0224255260348101
2019-09-20,10181.6416015625,14734189639,0.0196046671899748
2019-09-21,10019.716796875,13425266806,0.0198259840176723
2019-09-22,10070.392578125,13199651698,0.0191771655270473
2019-09-23,9729.32421875,15144925408,0.0196910662263688
2019-09-24,8620.56640625,25002886689,0.0293991939199517
2019-09-25,8486.9931640625,21744728353,0.0289667341822768
2019-09-26,8118.9677734375,19258205289,0.0297105132144529
2019-09-27,8251.845703125,16408941156,0.0292276604591935
2019-09-28,8245.9150390625,14141152736,0.0289979481339921
2019-09-29,8104.185546875,13034629109,0.028962172778741
2019-09-30,8293.8681640625,17115474183,0.0293956915957338
2019-10-01,8343.2763671875,15305343413,0.029271931689595
2019-10-02,8393.0419921875,13125712443,0.0267872654795449
2019-10-03,8259.9921875,13668823409,0.0260745067787219
2019-10-04,8205.939453125,13139456229,0.0260552631007783
2019-10-05,8151.50048828125,12200497197,0.026027090454047
2019-10-06,7988.15576171875,13160830305,0.0260111557064875
2019-10-07,8245.623046875,18009742607,0.0266836987279857
2019-10-08,8228.783203125,15592264032,0.0267064083683908
2019-10-09,8595.740234375,19384942333,0.0283091547117437
2019-10-10,8586.4736328125,17618660671,0.0281739339334395
2019-10-11,8321.7568359375,19604381101,0.0284701518925487
2019-10-12,8336.5556640625,14532641605,0.027983652132868
2019-10-13,8321.005859375,13808286059,0.0279981037773522
2019-10-14,8374.6865234375,15151387859,0.0280825352793377
2019-10-15,8205.369140625,15220412632,0.0281612117111787
2019-10-16,8047.52685546875,16071646996,0.0282411229489983
2019-10-17,8103.9111328125,14313052244,0.0283650183442184
2019-10-18,7973.20751953125,15651592610,0.0283976881495484
2019-10-19,7988.560546875,13797825640,0.0283252387236697
2019-10-20,8222.078125,15504249442,0.029127137716317
2019-10-21,8243.720703125,15868748866,0.0291296366433228
2019-10-22,8078.203125,16803377857,0.0291504117227455
2019-10-23,7514.671875,21942878958,0.0311173715218348
2019-10-24,7493.48876953125,16268708849,0.0227567800505618
2019-10-25,8660.7001953125,28705065488,0.0354142531684648
2019-10-26,9244.97265625,44496255609,0.0362553525738205
2019-10-27,9551.71484375,32593129501,0.0365635575556482
2019-10-28,9256.1484375,30948255332,0.037150903006185
2019-10-29,9427.6875,28426779937,0.0370202971228873
2019-10-30,9205.7265625,27706531577,0.0372211536237076
2019-10-31,9199.5849609375,26583653947,0.0372256263645981
2019-11-01,9261.1044921875,24324691031,0.0372276461348189
2019-11-02,9324.7177734375,21242676385,0.0370532807900598
2019-11-03,9235.3544921875,21132220847,0.0370877360400559
2019-11-04,9412.6123046875,26170255634,0.0371309184791416
2019-11-05,9342.52734375,26198609048,0.0369065360819375
2019-11-06,9360.8798828125,23133895765,0.0365680350675442
2019-11-07,9267.5615234375,22700383839,0.0366441122411764
2019-11-08,8804.880859375,24333037836,0.0371911190610399
2019-11-09,8813.58203125,17578630606,0.0371894307443948
2019-11-10,9055.5263671875,20587919881,0.0369743806766686
2019-11-11,8757.7880859375,20265510765,0.0375626355750354
2019-11-12,8815.662109375,20309769107,0.0375671035862554
2019-11-13,8808.2626953125,17545755405,0.0375604852330224
2019-11-14,8708.0947265625,19084739975,0.0374136273568799
2019-11-15,8491.9921875,21796856471,0.0375404784114971
2019-11-16,8550.7607421875,16495389808,0.0375400747606993
2019-11-17,8577.9755859375,18668638897,0.0373852381290518
2019-11-18,8309.2861328125,21579470673,0.037905341357105
2019-11-19,8206.1455078125,21083613816,0.0376210735783118
2019-11-20,8027.26806640625,20764300437,0.0378291745569046
2019-11-21,7642.75,22514243371,0.0386940850617542
2019-11-22,7296.57763671875,34242315785,0.0373301411600303
2019-11-23,7397.796875,21008924418,0.0374248136352219
2019-11-24,7047.9169921875,30433517289,0.026652052338341
2019-11-25,7146.1337890625,42685231262,0.0232928588217314
2019-11-26,7218.37109375,21129505542,0.0222565084409118
2019-11-27,7531.66357421875,23991412764,0.0237664317271826
2019-11-28,7463.10595703125,19050116751,0.0232850248091109
2019-11-29,7761.24365234375,19709695456,0.0245928298221555
2019-11-30,7569.6298828125,17158194786,0.0248216348089839
2019-12-01,7424.29248046875,18720708479,0.0248008611273964
2019-12-02,7321.98828125,17082040706,0.0246795867581393
2019-12-03,7320.1455078125,14797485769,0.0247183749272432
2019-12-04,7252.03466796875,21664240918,0.024196524334896
2019-12-05,7448.3076171875,18816085231,0.025045619863762
2019-12-06,7546.99658203125,18104466307,0.0252747858156343
2019-12-07,7556.23779296875,15453520564,0.0253145528480789
2019-12-08,7564.34521484375,15409908086,0.0239127128292621
2019-12-09,7400.8994140625,17872021272,0.0240763044748739
2019-12-10,7278.11962890625,18249031195,0.0233287222089924
2019-12-11,7217.42724609375,16350490689,0.0228028797363129
2019-12-12,7243.13427734375,18927080224,0.0227497866973708
2019-12-13,7269.6845703125,17125736940,0.0228034804812602
2019-12-14,7124.673828125,17137029730,0.022924995152094
2019-12-15,7152.3017578125,16881129804,0.0227312340379989
2019-12-16,6932.48046875,20213265950,0.0230642341319141
2019-12-17,6640.51513671875,22363804217,0.0238896109129296
2019-12-18,7276.802734375,31836522778,0.0296580461399193
2019-12-19,7202.84423828125,25904604416,0.0296396107971752
2019-12-20,7218.81640625,22633815180,0.0294706909352684
2019-12-21,7191.15869140625,19312552168,0.0281892134736409
2019-12-22,7511.5888671875,23134537956,0.0280957960790778
2019-12-23,7355.62841796875,27831788041,0.0282655355015853
2019-12-24,7322.5322265625,22991622105,0.026777874776423
2019-12-25,7275.15576171875,21559505149,0.0267060739521451
2019-12-26,7238.966796875,22787010034,0.026663501422143
2019-12-27,7290.08837890625,22777360996,0.0254792546332278
2019-12-28,7317.990234375,21365673026,0.0254478025032009
2019-12-29,7422.65283203125,22445257702,0.0244906456413609
2019-12-30,7292.9951171875,22874131672,0.0242826053308595
2019-12-31,7193.59912109375,21167946112,0.0241583544261344
2020-01-01,7200.17431640625,18565664997,0.024038255262953
2020-01-02,6985.47021484375,20802083465,0.024642310853278
2020-01-03,7344.88427734375,28111481032,0.0263317587407732
2020-01-04,7410.65673828125,18444271275,0.0259165475652924
2020-01-05,7411.3173828125,19725074095,0.0257942715815344
2020-01-06,7769.21923828125,23276261598,0.0272301249507671
2020-01-07,8163.6923828125,28767291327,0.0286396292832156
2020-01-08,8079.86279296875,31672559265,0.0283773760922302
2020-01-09,7879.0712890625,24045990466,0.0286196157777551
2020-01-10,8166.55419921875,28714583844,0.0291657362031334
2020-01-11,8037.53759765625,25521165085,0.0293946418813494
2020-01-12,8192.494140625,22903438381,0.0295328674486152
2020-01-13,8144.1943359375,22482910688,0.0292447037741227
2020-01-14,8827.7646484375,44841784107,0.0323785888836517
2020-01-15,8807.0107421875,40102834650,0.0316233965947115
2020-01-16,8723.7861328125,31313981931,0.0303243081229614
2020-01-17,8929.0380859375,36372139320,0.0262098627529961
2020-01-18,8942.80859375,32337772627,0.026033655584969
2020-01-19,8706.2451171875,34217320471,0.0267550818116706
2020-01-20,8657.642578125,26422375678,0.0267798646136443
2020-01-21,8745.89453125,24097418512,0.02584878552796
2020-01-22,8680.8759765625,22600204051,0.0254943465221331
2020-01-23,8406.515625,25770680779,0.0263526608475057
2020-01-24,8445.4345703125,24397913026,0.0262693330058842
2020-01-25,8367.84765625,19647331549,0.0263361288367714
2020-01-26,8596.830078125,22177678796,0.0266441117345366
2020-01-27,8909.8193359375,28647338393,0.0272070458533512
2020-01-28,9358.58984375,34398744403,0.0282723650096816
2020-01-29,9316.6298828125,30682598115,0.027966442079402
2020-01-30,9508.9931640625,32378792851,0.0277391260644351
2020-01-31,9350.529296875,29432489719,0.0281100339309371
2020-02-01,9392.875,25922656496,0.0271474480352484
2020-02-02,9344.365234375,30835736946,0.0261775726840218
2020-02-03,9293.521484375,30934096509,0.0262919765838382
2020-02-04,9180.962890625,29893183716,0.0265066624275272
2020-02-05,9613.423828125,35222060874,0.0264484069395225
2020-02-06,9729.8017578125,37628823716,0.0252323276767487
2020-02-07,9795.943359375,34522718159,0.0250468754978151
2020-02-08,9865.119140625,35172043762,0.0243262735157569
2020-02-09,10116.673828125,35807884663,0.0239733432609175
2020-02-10,9856.611328125,39386548075,0.0243767675849325
2020-02-11,10208.236328125,37648059389,0.0248242702260342
2020-02-12,10326.0546875,43444303830,0.0247070600710517
2020-02-13,10214.3798828125,49356071373,0.0207561621036306
2020-02-14,10312.1162109375,43338264162,0.0207270091481932
2020-02-15,9889.4248046875,43865054831,0.0223032994154738
2020-02-16,9934.43359375,43374780305,0.0220111890690948
2020-02-17,9690.142578125,45998298413,0.0226156544500807
2020-02-18,10141.99609375,47271023953,0.0232149079409266
2020-02-19,9633.38671875,46992019710,0.0253535755460165
2020-02-20,9608.4755859375,44925260237,0.0253461501171842
2020-02-21,9686.44140625,40930547513,0.0252808366337252
2020-02-22,9663.181640625,35838025154,0.0243978228964942
2020-02-23,9924.515625,41185185761,0.0247274401708275
2020-02-24,9650.1748046875,45080496648,0.0253411650755458
2020-02-25,9341.705078125,42515259129,0.0258624506376456
2020-02-26,8820.5224609375,50420050762,0.0273172532884557
2020-02-27,8784.494140625,45470195695,0.0256719875813037
2020-02-28,8672.455078125,44605450443,0.0257437798411242
2020-02-29,8599.5087890625,35792392544,0.0253984959605526
2020-03-01,8562.4541015625,35349164300,0.0252724147866893
2020-03-02,8869.669921875,42857674409,0.0261911143152705
2020-03-03,8787.7861328125,42386715821,0.0262194037601279
2020-03-04,8755.24609375,34746706368,0.0262135125390625
2020-03-05,9078.7626953125,39698054597,0.0270439540518107
2020-03-06,9122.5458984375,40826885651,0.0256145408803433
2020-03-07,8909.9541015625,36216930370,0.0257785921608562
2020-03-08,8108.1162109375,39973102121,0.0306172572763687
2020-03-09,7923.64453125,46936995808,0.0306573185819233
2020-03-10,7909.7294921875,42213940994,0.0300617671037587
2020-03-11,7911.43017578125,38682762605,0.0299063022212068
2020-03-12,4970.7880859375,53980357243,0.0880892932206766
2020-03-13,5563.70703125,74156772075,0.0913712700527348
2020-03-14,5200.3662109375,36154506008,0.0917478474283769
2020-03-15,5392.31494140625,33997889639,0.0921981116708015
2020-03-16,5014.47998046875,45368026430,0.0926017319584714
2020-03-17,5225.62939453125,38622642935,0.0932136660566187
2020-03-18,5238.4384765625,37878801016,0.0933120832689044
2020-03-19,6191.19287109375,51000731797,0.0987586703754641
2020-03-20,6198.7783203125,54442976103,0.0985830781060694
2020-03-21,6185.06640625,42494390880,0.0985846889488725
2020-03-22,5830.2548828125,40099664740,0.0988121640450292
2020-03-23,6416.31494140625,46491916000,0.1009133898090502
2020-03-24,6734.8037109375,48221910672,0.1012907861090126
2020-03-25,6681.06298828125,44590107888,0.1012537604849031
2020-03-26,6716.4404296875,35319797642,0.1012283431574966
2020-03-27,6469.79833984375,34585598367,0.100977758022487
2020-03-28,6242.19384765625,34885225901,0.1010762088969883
2020-03-29,5922.04296875,28373690931,0.1013568620320381
2020-03-30,6429.841796875,37101651525,0.1028310707192865
2020-03-31,6438.64453125,32786468812,0.1028465567936421
2020-04-01,6606.7763671875,40346426266,0.1027188786864563
2020-04-02,6793.62451171875,47660646124,0.1029494928377562
2020-04-03,6733.38720703125,38976504903,0.1029453887140926
2020-04-04,6867.52734375,33185988584,0.1027397701076277
2020-04-05,6791.12939453125,29510409856,0.1027054906597324
2020-04-06,7271.78125,46896904615,0.1036492759233503
2020-04-07,7176.41455078125,44243482668,0.1023368943383383
2020-04-08,7334.0986328125,37563249549,0.1023773445346492
2020-04-09,7302.08935546875,34815139178,0.1023777366899184
2020-04-10,6865.4931640625,43622840992,0.1029393124266784
2020-04-11,6859.0830078125,31222085946,0.0552547423599256
2020-04-12,6971.091796875,35759567632,0.0518168593020723
2020-04-13,6845.03759765625,38619308647,0.0501083638082236
2020-04-14,6842.427734375,34110434052,0.0498713052362101
2020-04-15,6642.10986328125,32288311031,0.0480623556336869
2020-04-16,7116.80419921875,46783242377,0.0489571031879759
2020-04-17,7096.1845703125,32513423567,0.0489964018959925
2020-04-18,7257.6650390625,32447188386,0.0391418023663927
2020-04-19,7189.4248046875,31311210215,0.0392284898722421
2020-04-20,6881.95849609375,37747113936,0.0402087492031549
2020-04-21,6880.3232421875,32589741511,0.0384444605965827
2020-04-22,7117.20751953125,33249153866,0.0349327472872295
2020-04-23,7429.724609375,43500782316,0.0347032960884801
2020-04-24,7550.90087890625,34636526286,0.0347130716569249
2020-04-25,7569.93603515625,32941541447,0.0347134398482546
2020-04-26,7679.8671875,33070154491,0.033861210879407
2020-04-27,7795.60107421875,36162144725,0.0329711191733237
2020-04-28,7807.05859375,33187959921,0.0309930182467966
2020-04-29,8801.0380859375,60201052203,0.0345967133350033
2020-04-30,8658.5537109375,66964629541,0.0349064594328901
2020-05-01,8864.7666015625,44068389997,0.0348736362319643
2020-05-02,8988.5966796875,40134388683,0.0347164695018909
2020-05-03,8897.46875,47101785174,0.0347405062992728
2020-05-04,8912.654296875,45718796276,0.0347096151850912
2020-05-05,9003.0703125,43148462663,0.0345062687042988
2020-05-06,9268.76171875,49371886931,0.0328982379094027
2020-05-07,9951.5185546875,61112700562,0.0345732096891781
2020-05-08,9842.666015625,51780748042,0.0347355411861461
2020-05-09,9593.896484375,46566121841,0.0352467427949268
2020-05-10,8756.4306640625,63325279337,0.037637205266742
2020-05-11,8601.7958984375,57119858802,0.0379023817808534
2020-05-12,8804.4775390625,42142717533,0.0379802295299926
2020-05-13,9269.9873046875,45558144023,0.0384643329075071
2020-05-14,9733.7216796875,56426907637,0.0390459769256909
2020-05-15,9328.197265625,48158802327,0.0395828823379829
2020-05-16,9377.013671875,36164766408,0.0380600867342406
2020-05-17,9670.7392578125,40084250663,0.0381887387524337
2020-05-18,9726.5751953125,41827139896,0.0381268550540347
2020-05-19,9729.0380859375,39254288955,0.0379992684202646
2020-05-20,9522.9814453125,36546239703,0.0371186135985935
2020-05-21,9081.76171875,39326160532,0.0385756129459187
2020-05-22,9182.5771484375,29810773699,0.0382978906307476
2020-05-23,9209.287109375,27727866812,0.0377486928176289
2020-05-24,8790.3681640625,32518803300,0.0389502391500192
2020-05-25,8906.9345703125,31288157264,0.0389747750514808
2020-05-26,8835.052734375,29584186947,0.0390123931253182
2020-05-27,9181.017578125,32740536902,0.0394580906451373
2020-05-28,9525.7509765625,34367073114,0.0398618866658654
2020-05-29,9439.1240234375,32896642044,0.0337117421348088
2020-05-30,9700.4140625,32722975141,0.0338200726548586
2020-05-31,9461.05859375,27773290299,0.034002742632633
2020-06-01,10167.2685546875,35198901068,0.0362722560522462
2020-06-02,9529.8037109375,39137252109,0.0383235916881378
2020-06-03,9656.7177734375,25007459262,0.0383752674791854
2020-06-04,9800.63671875,25921805072,0.0384161794219095
2020-06-05,9665.533203125,23509628646,0.0382039342745109
2020-06-06,9653.6796875,20438419222,0.0358657769424033
2020-06-07,9758.8525390625,25015250846,0.0358776885734784
2020-06-08,9771.4892578125,21486346312,0.0355579234342957
2020-06-09,9795.7001953125,23717842783,0.0310294018370352
2020-06-10,9870.0947265625,25706567601,0.0307663085048643
2020-06-11,9321.78125,30247143440,0.0325346989944285
2020-06-12,9480.84375,22610564515,0.0313051069172897
2020-06-13,9475.27734375,17564322315,0.0299600384580771
2020-06-14,9386.7880859375,18991732746,0.0289651955010667
2020-06-15,9450.7021484375,26699704768,0.0289759486806147
2020-06-16,9538.0244140625,21565537209,0.028452934393206
2020-06-17,9480.2548828125,20177709879,0.0284457811463922
2020-06-18,9411.8408203125,17770083003,0.0284686228854613
2020-06-19,9288.0185546875,19632223107,0.0283064230777924
2020-06-20,9332.3408203125,17130541557,0.0269127555939048
2020-06-21,9303.6298828125,15324301169,0.0268528499004283
2020-06-22,9648.7177734375,21104009514,0.0276445997916604
2020-06-23,9629.658203125,17006433272,0.0261258136972536
2020-06-24,9313.6103515625,18961716076,0.0268745568167281
2020-06-25,9264.8134765625,18616048626,0.0268445036921943
2020-06-26,9162.91796875,18341465837,0.0260107150658824
2020-06-27,9045.390625,17273093144,0.0251471428715016
2020-06-28,9143.58203125,14560870760,0.0252078357092715
2020-06-29,9190.8544921875,16460547078,0.0246669526887014
2020-06-30,9137.9931640625,15735797744,0.0242907476613264
2020-07-01,9228.3251953125,15971550355,0.020131249187379
2020-07-02,9123.41015625,16338916796,0.0165473630235505
2020-07-03,9087.3037109375,13078970999,0.0163174619353815
2020-07-04,9132.48828125,12290528515,0.0160647542991515
2020-07-05,9073.9423828125,12903406143,0.0159374961332725
2020-07-06,9375.474609375,17889263252,0.0171582203399097
2020-07-07,9252.27734375,13839652595,0.0171495191664149
2020-07-08,9428.3330078125,19702359883,0.0175526988565109
2020-07-09,9277.9677734375,18000702524,0.0177448128189578
2020-07-10,9278.8076171875,16860035605,0.0176608997308756
2020-07-11,9240.3466796875,13249910444,0.0142882095508608
2020-07-12,9276.5,14452361907,0.0139409494030515
2020-07-13,9243.6142578125,17519821266,0.0139504304863438
2020-07-14,9243.2138671875,18085038362,0.0138567666726212
2020-07-15,9192.8369140625,15844731575,0.0138146810510769
2020-07-16,9132.2275390625,15713967523,0.0137165725652756
2020-07-17,9151.392578125,13944570749,0.0137026713076114
2020-07-18,9159.0400390625,12252601475,0.0136586621005301
2020-07-19,9185.8173828125,12939002784,0.0134728070806996
2020-07-20,9164.2314453125,13755604146,0.0134419790323852
2020-07-21,9374.8876953125,18069581956,0.0140883838108827
2020-07-22,9525.36328125,16532254884,0.0127028742760676
2020-07-23,9581.072265625,18146399002,0.0127499686799975
2020-07-24,9536.892578125,16552768325,0.0111481808388102
2020-07-25,9677.11328125,16610070933,0.0113641001895943
2020-07-26,9905.1669921875,20507998997,0.0117830237282488
2020-07-27,10990.873046875,35359749590,0.0216673188399303
2020-07-28,10912.8232421875,28766551142,0.0217913264466313
2020-07-29,11100.4677734375,24617249715,0.0218853695711399
2020-07-30,11111.2138671875,22857247901,0.0217917216075888
2020-07-31,11323.466796875,23160469766,0.0219023020825295
2020-08-01,11759.5927734375,26075670303,0.022327424897686
2020-08-02,11053.6142578125,27410067336,0.0256924001619741
2020-08-03,11246.3486328125,20271713443,0.025764894354207
2020-08-04,11205.892578125,21250197042,0.0257194233158079
2020-08-05,11747.0224609375,24411254471,0.0263452094144081
2020-08-06,11779.7734375,23400740340,0.0260712290583136
2020-08-07,11601.47265625,23132312867,0.0263263187967419
2020-08-08,11754.0458984375,17572057837,0.0259841774346652
2020-08-09,11675.7392578125,17489608833,0.026083508002136
2020-08-10,11878.111328125,26114112569,0.0260411690400461
2020-08-11,11410.525390625,27039782640,0.0275034728087351
2020-08-12,11584.9345703125,25064548486,0.0274704813810231
2020-08-13,11784.1376953125,27522199497,0.0274853275501936
2020-08-14,11768.87109375,24237958589,0.0274248771512721
2020-08-15,11865.6982421875,23354924400,0.0272812808079791
2020-08-16,11892.8037109375,20583375490,0.027279748247466
2020-08-17,12254.40234375,28227687027,0.0275060407288707
2020-08-18,11991.2333984375,26043227672,0.0280771578229492
2020-08-19,11758.283203125,24502851117,0.0284893383338871
2020-08-20,11878.3720703125,20175242945,0.0283621375976368
2020-08-21,11592.4892578125,23762425999,0.0289168979404662
2020-08-22,11681.8251953125,20224191306,0.028917286856282
2020-08-23,11664.84765625,18482062658,0.0288806300694894
2020-08-24,11774.595703125,20681511755,0.0288471704290438
2020-08-25,11366.134765625,26301509932,0.0296464860620539
2020-08-26,11488.36328125,22466660958,0.0230073083319317
2020-08-27,11323.3974609375,23240415076,0.023140509732643
2020-08-28,11542.5,19807127588,0.0231935494251904
2020-08-29,11506.865234375,17485597759,0.0232074041817895
2020-08-30,11711.505859375,19760127945,0.0231744316470111
2020-08-31,11680.8203125,22285928250,0.0221200155855152
2020-09-01,11970.478515625,27311555343,0.0192500266802751
2020-09-02,11414.0341796875,28037405299,0.0211053506675786
2020-09-03,10245.296875,31927261555,0.0289551397208351
2020-09-04,10511.8134765625,29965130374,0.0279194257611876
2020-09-05,10169.5673828125,44916565292,0.0283965104828623
2020-09-06,10280.3515625,37071460174,0.0284678904959035
2020-09-07,10369.5634765625,33703098409,0.0283876105753239
2020-09-08,10131.5166015625,33430927462,0.0285978066402239
2020-09-09,10242.34765625,24128292755,0.0284540328992903
2020-09-10,10363.138671875,54406443211,0.0278088593411672
2020-09-11,10400.9150390625,45201121775,0.0276251602414114
2020-09-12,10442.1708984375,36750077324,0.0273902489868541
2020-09-13,10323.755859375,36506852789,0.0274176227117528
2020-09-14,10680.837890625,35453581940,0.0282185958511659
2020-09-15,10796.951171875,32509451925,0.0283217309879277
2020-09-16,10974.9052734375,30769986455,0.0278776781307868
2020-09-17,10948.990234375,38151810523,0.0276691149224642
2020-09-18,10944.5859375,26341903912,0.0274937566812009
2020-09-19,11094.3466796875,22764204008,0.0275548063330711
2020-09-20,10938.271484375,24699523788,0.0273350371088465
2020-09-21,10462.259765625,28884999244,0.0283432678637198
2020-09-22,10538.4599609375,23621787804,0.0284113482312532
2020-09-23,10246.1865234375,23788661867,0.0286546918984983
2020-09-24,10760.06640625,47144380902,0.0296556004411278
2020-09-25,10692.716796875,39348590957,0.0295702435571811
2020-09-26,10750.7236328125,46852525493,0.0295130504151757
2020-09-27,10775.26953125,53745972818,0.0292607654190154
2020-09-28,10709.65234375,47762394731,0.0292687871896211
2020-09-29,10844.640625,46582396602,0.0291630676836196
2020-09-30,10784.4912109375,44171073700,0.0291682106332695
2020-10-01,10619.4521484375,40023134100,0.0287947464934901
2020-10-02,10575.974609375,48661453918,0.027593275257636
2020-10-03,10549.3291015625,44660271563,0.0191028070487541
2020-10-04,10669.5830078125,71251776995,0.0186368864254235
2020-10-05,10793.33984375,47537578009,0.01761594570133
2020-10-06,10604.40625,42623695307,0.0178883660959633
2020-10-07,10668.96875,37799458436,0.0178568049142048
2020-10-08,10915.685546875,63314794397,0.0176870730307276
2020-10-09,11064.4580078125,22799117613,0.0177371482353394
2020-10-10,11296.361328125,22877978588,0.0179724463901196
2020-10-11,11384.181640625,19968627060,0.0179940855998029
2020-10-12,11555.36328125,26163972642,0.0181249105788253
2020-10-13,11425.8994140625,24241420251,0.0181210512747832
2020-10-14,11429.5068359375,24103426719,0.0171772041311415
2020-10-15,11495.349609375,24487233058,0.0171149806043529
2020-10-16,11322.123046875,25635480772,0.0171772516191897
2020-10-17,11358.1015625,19130430174,0.0171691777811796
2020-10-18,11483.359375,18283314340,0.0172573341628677
2020-10-19,11742.037109375,23860769928,0.0175360106710101
2020-10-20,11916.3349609375,30915821592,0.0174168471416946
2020-10-21,12823.689453125,43414712626,0.0195346078955422
2020-10-22,12965.8916015625,34729759598,0.0195498832000138
2020-10-23,12931.5390625,28974975003,0.0185007622942653
2020-10-24,13108.0625,24542317940,0.0168383882957827
2020-10-25,13031.173828125,24406920575,0.0168281162460098
2020-10-26,13075.248046875,29461458313,0.0168371380113474
2020-10-27,13654.21875,33749878156,0.0181007186458842
2020-10-28,13271.28515625,35867318895,0.0191268875869132
2020-10-29,13437.8828125,56499499598,0.0191264004547512
2020-10-30,13546.5224609375,30581485201,0.0189753783102175
2020-10-31,13780.9951171875,30306464719,0.0185396687659141
2020-11-01,13737.109375,24453857900,0.0185186894000144
2020-11-02,13550.4892578125,30771455468,0.0188610046640961
2020-11-03,13950.30078125,29869951617,0.0192325304392032
2020-11-04,14133.70703125,35116364962,0.0192416706696281
2020-11-05,15579.8486328125,40856321439,0.0244984405894088
2020-11-06,15565.880859375,39837841971,0.0245974879155225
2020-11-07,14833.75390625,35024953706,0.0268874194061778
2020-11-08,15479.5673828125,26632075029,0.027527512318259
2020-11-09,15332.3154296875,34149115566,0.0277202471842852
2020-11-10,15290.90234375,25574938143,0.0278174162085679
2020-11-11,15701.33984375,29772374934,0.0279700720223857
2020-11-12,16276.34375,34175758344,0.0280481526985419
2020-11-13,16317.80859375,31599492172,0.0280196389795205
2020-11-14,16068.138671875,27481710135,0.0284423595967188
2020-11-15,15955.587890625,23653867583,0.0282199745002612
2020-11-16,16716.111328125,31526766675,0.028886015032789
2020-11-17,17645.40625,39006849170,0.0298450881858941
2020-11-18,17804.005859375,49064800278,0.029821747459368
2020-11-19,17817.08984375,36985055355,0.0299172174319554
2020-11-20,18621.314453125,36992873940,0.0283302871306611
2020-11-21,18642.232421875,39650210707,0.0284048581972241
2020-11-22,18370.001953125,41280434226,0.0287045829090519
2020-11-23,18364.12109375,42741112308,0.0287853510548727
2020-11-24,19107.46484375,51469565009,0.0290515796465418
2020-11-25,18732.12109375,43710357371,0.0296138560381948
2020-11-26,17150.623046875,61396835737,0.0341957825082246
2020-11-27,17108.40234375,38886494645,0.0335747828856776
2020-11-28,17717.4140625,32601040734,0.0339170813468627
2020-11-29,18177.484375,31133957704,0.0340479586372692
2020-11-30,19625.8359375,47728480399,0.036159088968551
2020-12-01,18802.998046875,49633658712,0.0374272472246377
2020-12-02,19201.091796875,37387697139,0.0371902519521829
2020-12-03,19445.3984375,31930317405,0.0370449478666771
2020-12-04,18699.765625,33872388058,0.0381557005062432
2020-12-05,19154.23046875,27242455064,0.0344898647050419
2020-12-06,19345.12109375,25293775714,0.0344622283517073
2020-12-07,19191.630859375,26896357742,0.0329825772054187
2020-12-08,18321.14453125,31692288756,0.0338102376570941
2020-12-09,18553.916015625,34420373071,0.0337093145982587
2020-12-10,18264.9921875,25547132265,0.0339125457018062
2020-12-11,18058.904296875,27919640985,0.0338248462258662
2020-12-12,18803.65625,21752580802,0.0339761217973554
2020-12-13,19142.3828125,25450468637,0.0340557744975135
2020-12-14,19246.64453125,22473997681,0.0338299182347595
2020-12-15,19417.076171875,26741982541,0.0337427957032119
2020-12-16,21310.59765625,44409011479,0.0365912054377764
2020-12-17,22805.162109375,71378606374,0.0372633929249501
2020-12-18,23137.9609375,40387896275,0.0372791536481003
2020-12-19,23869.83203125,38487546580,0.0374670050007852
2020-12-20,23477.294921875,37844228422,0.0371838325774007
2020-12-21,22803.08203125,45852713981,0.0377748367647008
2020-12-22,23783.029296875,44171632681,0.0380856759154485
2020-12-23,23241.345703125,51146161904,0.0384930378656027
2020-12-24,23735.94921875,41080759713,0.0381103073898533
2020-12-25,24664.791015625,42068395846,0.038166769912093
2020-12-26,26437.037109375,48332647295,0.035017494190277
2020-12-27,26272.294921875,66479895605,0.035087216908757
2020-12-28,27084.80859375,49056742893,0.0350049572270966
2020-12-29,27362.4375,45265946774,0.0349436681079503
2020-12-30,28840.953125,51287442704,0.0337020738019386
2020-12-31,29001.720703125,46754964848,0.0320643902914817
2021-01-01,29374.15234375,40730301359,0.0320419444648288
2021-01-02,32127.267578125,67865420765,0.034870272574864
2021-01-03,32782.0234375,78665235202,0.0332385296693167
2021-01-04,31971.9140625,81163475344,0.0341617276166918
2021-01-05,33992.4296875,67547324782,0.0350656026157409
2021-01-06,36824.36328125,75289433811,0.0364046729292842
2021-01-07,39371.04296875,84762141031,0.0349388635582367
2021-01-08,40797.609375,88107519480,0.0348986502279859
2021-01-09,40254.546875,61984162837,0.034805927863556
2021-01-10,38356.44140625,79980747690,0.0367834125921928
2021-01-11,35566.65625,123320567399,0.0409711745919623
2021-01-12,33922.9609375,74773277909,0.0428421770731135
2021-01-13,37316.359375,69364315979,0.044947944309541
2021-01-14,39187.328125,63615990033,0.0451361756640223
2021-01-15,36825.3671875,67760757881,0.0457693706941445
2021-01-16,36178.140625,57706187875,0.0452368283604064
2021-01-17,35791.27734375,52359854336,0.0454880267269301
2021-01-18,36630.07421875,49511702429,0.0454109066455648
2021-01-19,36069.8046875,57244195486,0.045384029634862
2021-01-20,35547.75,66834573161,0.0449794058813856
2021-01-21,30825.69921875,75643067688,0.0530267324279407
2021-01-22,33005.76171875,77207272511,0.0537630619403178
2021-01-23,32067.642578125,48354737975,0.0542329634308769
2021-01-24,32289.37890625,48643830599,0.0539692921030797
2021-01-25,32366.392578125,59897054838,0.0527558706290096
2021-01-26,32569.849609375,60255421470,0.0526990091243991
2021-01-27,30432.546875,62576762015,0.0542357240442987
2021-01-28,33466.09765625,76517157706,0.0567298227113625
2021-01-29,34316.38671875,117894572511,0.056181471489368
2021-01-30,34269.5234375,65141828798,0.0561966979819531
2021-01-31,33114.359375,52754542671,0.0566436726207383
2021-02-01,33537.17578125,61400400660,0.0543293261908637
2021-02-02,35510.2890625,63088585433,0.0551825165382452
2021-02-03,37472.08984375,61166818159,0.0556921328554082
2021-02-04,36926.06640625,68838074392,0.0547780896252953
2021-02-05,38144.30859375,58598066402,0.0531282423889775
2021-02-06,39266.01171875,71326033653,0.0519499347645921
2021-02-07,38903.44140625,65500641143,0.0515314358627905
2021-02-08,46196.46484375,101467222687,0.0603996415466376
2021-02-09,46481.10546875,91809846886,0.0595678868362036
2021-02-10,44918.18359375,87301089896,0.0580674899986933
2021-02-11,47909.33203125,81388911810,0.057996508622861
2021-02-12,47504.8515625,76555041196,0.05588057834832
2021-02-13,47105.515625,70250456155,0.0554131670831185
2021-02-14,48717.2890625,71248675228,0.0540860408897748
2021-02-15,47945.05859375,77069903166,0.0540567268057262
2021-02-16,49199.87109375,77049582886,0.0539994181575122
2021-02-17,52149.0078125,80820545404,0.0546556658658974
2021-02-18,51679.796875,52054723579,0.0545586171574065
2021-02-19,55888.1328125,63495496918,0.0556233802558953
2021-02-20,56099.51953125,68145460026,0.0470868992458796
2021-02-21,57539.9453125,51897585191,0.0462099980315326
2021-02-22,54207.3203125,92052420332,0.0476207966398102
2021-02-23,48824.42578125,106102492824,0.0525692501124267
2021-02-24,49705.33203125,63695521388,0.0525294881639204
2021-02-25,47093.8515625,54506565949,0.0539783824932627
2021-02-26,46339.76171875,350967941479,0.052123516884673
2021-02-27,46188.453125,45910946382,0.0498978675438185
2021-02-28,45137.76953125,53443887451,0.0501927857646543
2021-03-01,49631.2421875,53891300112,0.0525214224632582
2021-03-02,48378.98828125,47530897720,0.0522776336241543
2021-03-03,50538.2421875,53220811975,0.0525837043865275
2021-03-04,48561.16796875,52343816680,0.0528009907137934
2021-03-05,48927.3046875,48625928883,0.0521632688033272
2021-03-06,48912.3828125,34363564661,0.0520050837812184
2021-03-07,51206.69140625,43137459378,0.0522666545161867
2021-03-08,52246.5234375,48597428048,0.0521794427409386
2021-03-09,54824.1171875,50912227385,0.052518508958835
2021-03-10,56008.55078125,57295577614,0.0429949406727617
2021-03-11,57805.12109375,56772343595,0.0432392783613745
2021-03-12,57332.08984375,55689944702,0.0426359271757106
2021-03-13,61243.0859375,60669829814,0.0427061584148703
2021-03-14,59302.31640625,43901225564,0.0432416520504949
2021-03-15,55907.19921875,66419369890,0.0448336984358449
2021-03-16,56804.90234375,59749798599,0.0445689835344023
2021-03-17,58870.89453125,60258313191,0.0447243857119053
2021-03-18,57858.921875,55746041000,0.0447867702563184
2021-03-19,58346.65234375,49063873786,0.0436708195014577
2021-03-20,58313.64453125,50361731222,0.0436126697589663
2021-03-21,57523.421875,51943414539,0.0413879566234894
2021-03-22,54529.14453125,56521454974,0.0425563184001001
2021-03-23,54738.9453125,56435023914,0.0422782400325504
2021-03-24,52774.265625,70567223787,0.0413860829037376
2021-03-25,51704.16015625,67999812841,0.0367035952672476
2021-03-26,55137.3125,56652197978,0.0383413127932625
2021-03-27,55973.51171875,47266542233,0.0368170784911615
2021-03-28,55950.74609375,47686580918,0.0366058046422547
2021-03-29,57750.19921875,57625587027,0.0368460994265808
2021-03-30,58917.69140625,54414116432,0.0364549960187248
2021-03-31,58918.83203125,65520826225,0.0326522748388495
2021-04-01,59095.80859375,61669163792,0.0321210951640327
2021-04-02,59384.3125,58727860620,0.0313520750860586
2021-04-03,57603.890625,59641344484,0.0309253496427221
2021-04-04,58758.5546875,50749662970,0.0310321896897969
2021-04-05,59057.87890625,60706272115,0.0310094075335508
2021-04-06,58192.359375,66058027988,0.0303097377689402
2021-04-07,56048.9375,75645303584,0.0310875503819164
2021-04-08,58323.953125,53053855641,0.0306973421287878
2021-04-09,58245.00390625,46655208546,0.0304840289707941
2021-04-10,59793.234375,58238470525,0.0303163601148899
2021-04-11,60204.96484375,46280252580,0.0302810799162794
2021-04-12,59893.453125,51828688519,0.0277468090338669
2021-04-13,63503.45703125,69983454362,0.0291106610088437
2021-04-14,63109.6953125,77451779687,0.0267846605675945
2021-04-15,63314.01171875,60954381579,0.0266904517870927
2021-04-16,61572.7890625,84293007468,0.0265782157598303
2021-04-17,60683.8203125,66138759198,0.0265147128147808
2021-04-18,56216.18359375,97468872758,0.0300545839912516
2021-04-19,55724.265625,65344865159,0.0300857067063594
2021-04-20,56473.03125,67849323955,0.0301140295609162
2021-04-21,53906.08984375,54926612466,0.0297183073417052
2021-04-22,51762.2734375,74798630778,0.0305943925669801
2021-04-23,51093.65234375,86668667320,0.0299694043487053
2021-04-24,50050.8671875,49014494781,0.0299724288787203
2021-04-25,49004.25390625,46117114240,0.027503820174011
2021-04-26,54021.75390625,58284039825,0.033027986444405
2021-04-27,55033.1171875,49448222757,0.0332240756645475
2021-04-28,54824.703125,48000572955,0.0326648198461861
2021-04-29,53555.109375,46088929780,0.0326304324958059
2021-04-30,57750.17578125,52395931985,0.035649270294542
2021-05-01,57828.05078125,42836427360,0.0356446868532009
2021-05-02,56631.078125,38177405335,0.0358156614178683
2021-05-03,57200.29296875,51713139031,0.0354512722608144
2021-05-04,53333.5390625,68564706967,0.0374354866250289
2021-05-05,57424.0078125,69241316747,0.0399838673879195
2021-05-06,56396.515625,69523285106,0.0400276097872067
2021-05-07,57356.40234375,68434023376,0.0395472334531133
2021-05-08,58803.77734375,65382980634,0.03913241942306
2021-05-09,58232.31640625,65906690347,0.039174591511104
2021-05-10,55859.796875,71776546298,0.0395633138562737
2021-05-11,56704.57421875,61308396325,0.0396560100950718
2021-05-12,49150.53515625,75215403907,0.0472831151332091
2021-05-13,49716.19140625,96721152926,0.0458055136927052
2021-05-14,49880.53515625,55737497453,0.04585236253583
2021-05-15,46760.1875,59161047474,0.0469468246802516
2021-05-16,46456.05859375,64047871555,0.0468296387128323
2021-05-17,43537.51171875,74903638450,0.0479100983768022
2021-05-18,42909.40234375,56187365084,0.0463019991584126
2021-05-19,37002.44140625,126358098747,0.0528090484329739
2021-05-20,40782.73828125,88281943359,0.0563900794170478
2021-05-21,37304.69140625,82051616861,0.057838000308057
2021-05-22,37536.6328125,57377273240,0.0576787886452306
2021-05-23,34770.58203125,78469274361,0.058919212890907
2021-05-24,38705.98046875,67359584098,0.0628297485584202
2021-05-25,38402.22265625,56211915803,0.0627849350598174
2021-05-26,39294.19921875,51346735160,0.0598691701705
2021-05-27,38436.96875,43210968721,0.0596458085645978
2021-05-28,35697.60546875,55200191952,0.0606803027858805
2021-05-29,34616.06640625,45231013335,0.0607331135550999
2021-05-30,35678.12890625,31646080921,0.0589592696367176
2021-05-31,37332.85546875,39009847639,0.0599456606179205
2021-06-01,36684.92578125,34639423297,0.059936480658884
2021-06-02,37575.1796875,33070867190,0.0601870765809807
2021-06-03,39208.765625,35460750427,0.0600846439053858
2021-06-04,36894.40625,41831090187,0.058594692465751
2021-06-05,35551.95703125,35959473399,0.0587343239943926
2021-06-06,35862.37890625,28913440585,0.0585981883304895
2021-06-07,33560.70703125,33683936663,0.0587875241277431
2021-06-08,33472.6328125,49902050442,0.0588393313808431
2021-06-09,37345.12109375,53972919008,0.063100960147986
2021-06-10,36702.59765625,43576032854,0.0628743727989497
2021-06-11,37334.3984375,38699736985,0.058215264830649
2021-06-12,35552.515625,37924228550,0.0585204143917193
2021-06-13,39097.859375,40669112838,0.0616189561048637
2021-06-14,40218.4765625,43148914673,0.0610132556923762
2021-06-15,40406.26953125,46420149185,0.0610379248922441
2021-06-16,38347.0625,39211635100,0.0606519253701828
2021-06-17,38053.50390625,37096670047,0.0606247044064587
2021-06-18,35787.24609375,36200887275,0.055355700146972
2021-06-19,35615.87109375,31207279719,0.0521435085140044
2021-06-20,35698.296875,36664034054,0.04963869120248
2021-06-21,31676.693359375,52809038594,0.0540776157076308
2021-06-22,32505.66015625,58964353058,0.0526617340136144
2021-06-23,33723.02734375,46317108925,0.0490593509570195
2021-06-24,34662.4375,33123368116,0.0494011631805742
2021-06-25,31637.779296875,40230904226,0.0516511336747606
2021-06-26,32186.27734375,38585385521,0.0517593755180352
2021-06-27,34649.64453125,35511640894,0.0520889292764049
2021-06-28,34434.3359375,33892523752,0.0517971627323909
2021-06-29,35867.77734375,37901460044,0.0520462671289082
2021-06-30,35040.8359375,34059036099,0.0514987262669539
2021-07-01,33572.1171875,37838957079,0.0519648615491137
2021-07-02,33897.046875,38728974942,0.0517741238172317
2021-07-03,34668.546875,24383958643,0.0512870664830436
2021-07-04,35287.78125,24924307911,0.0502857986692237
2021-07-05,33746.00390625,26721554282,0.050490253427866
2021-07-06,34235.1953125,26501259870,0.0505415450108819
2021-07-07,33855.328125,24796027477,0.0490856958590663
2021-07-08,32877.37109375,29910396946,0.0493812926644439
2021-07-09,33798.01171875,27436021028,0.0451715956715643
2021-07-10,33520.51953125,22971873468,0.0451046091692008
2021-07-11,34240.1875,20108729370,0.0451751142317911
2021-07-12,33155.84765625,24321499537,0.0446882153848719
2021-07-13,32702.025390625,19120856669,0.0407544979445237
2021-07-14,32822.34765625,21376531210,0.0402873016888905
2021-07-15,31780.73046875,21300524237,0.0404891783334654
2021-07-16,31421.5390625,23699476918,0.0396251938422049
2021-07-17,31533.068359375,18895018942,0.0396679819979613
2021-07-18,31796.810546875,18787986667,0.0383467897978632
2021-07-19,30817.83203125,20434789545,0.0386704616564055
2021-07-20,29807.34765625,23148267245,0.0389900890838662
2021-07-21,32110.693359375,28203024559,0.035437939362204
2021-07-22,32313.10546875,19555230518,0.0351335944721921
2021-07-23,33581.55078125,22552046192,0.0351979951594538
2021-07-24,34292.4453125,21664706865,0.0350412231010353
2021-07-25,35350.1875,20856685287,0.0309552228146602
2021-07-26,37337.53515625,51022126212,0.0322492328843284
2021-07-27,39406.94140625,35097370560,0.0309696649616268
2021-07-28,39995.90625,38702404695,0.0309617188098135
2021-07-29,40008.421875,27167146027,0.0302211728864697
2021-07-30,42235.546875,33072782960,0.0311349602911259
2021-07-31,41626.1953125,25802845343,0.030006411277322
2021-08-01,39974.89453125,26688438115,0.0312341046619529
2021-08-02,39201.9453125,25595265436,0.03138718499032
2021-08-03,38152.98046875,26189830450,0.0317815740447481
2021-08-04,39747.50390625,25372562724,0.0312291585719045
2021-08-05,40869.5546875,35185031017,0.0314574879714903
2021-08-06,42816.5,38226483046,0.0321347682322494
2021-08-07,44555.80078125,40030862141,0.0318571506356195
2021-08-08,43798.1171875,36302664750,0.0320577608603373
2021-08-09,46365.40234375,38734079049,0.0330681773428967
2021-08-10,45585.03125,33546019517,0.033387130365549
2021-08-11,45593.63671875,34319709073,0.0325037089069636
2021-08-12,44428.2890625,33723620826,0.0328900775072817
2021-08-13,47793.3203125,31744259539,0.0347955100341819
2021-08-14,47096.9453125,31211354442,0.0341578543136396
2021-08-15,47047.00390625,30988958446,0.0339544084247295
2021-08-16,46004.484375,32776876610,0.0345411513490871
2021-08-17,44695.359375,33451362600,0.0353574041938563
2021-08-18,44801.1875,32194123075,0.0344816611501421
2021-08-19,46717.578125,37204312299,0.0337631722531227
2021-08-20,49339.17578125,34706867452,0.0327373143190103
2021-08-21,48905.4921875,40585205312,0.0329805680815457
2021-08-22,49321.65234375,25370975378,0.0326595177396616
2021-08-23,49546.1484375,34305053719,0.0326559600345348
2021-08-24,47706.1171875,35361168834,0.0337096241345021
2021-08-25,48960.7890625,32646349931,0.0327913343723959
2021-08-26,46942.21875,32666549568,0.0329437909379385
2021-08-27,49058.66796875,34511076995,0.0336453463336241
2021-08-28,48902.40234375,28568103401,0.0336747332135339
2021-08-29,48829.83203125,25889650240,0.0324806518220259
2021-08-30,47054.984375,31847007016,0.0331948780153256
2021-08-31,47166.6875,34730363427,0.0321155580050842
2021-09-01,48847.02734375,39139399125,0.032192565441517
2021-09-02,49327.72265625,39508070319,0.0315288472076344
2021-09-03,50025.375,43206179619,0.0309534764317341
2021-09-04,49944.625,37471327794,0.0307580795500805
2021-09-05,51753.41015625,30322676319,0.030330414727194
2021-09-06,52633.53515625,38884105426,0.0297399411264056
2021-09-07,46811.12890625,65210059683,0.0370816939714148
2021-09-08,46091.390625,49007762488,0.0357280039573752
2021-09-09,46391.421875,38672657013,0.0356046864357833
2021-09-10,44883.91015625,39154666597,0.036130248062561
2021-09-11,45201.45703125,34499835245,0.0358320080194708
2021-09-12,46063.26953125,27881980161,0.0333347586116673
2021-09-13,44963.07421875,40969943253,0.0335114954873611
2021-09-14,47092.4921875,38652152880,0.0346306588065998
2021-09-15,48176.34765625,30484496466,0.0346031360467321
2021-09-16,47783.359375,31764293754,0.0341799224030574
2021-09-17,47267.51953125,28727713711,0.0342631875653087
2021-09-18,48278.36328125,28575630451,0.0336298649582881
2021-09-19,47260.21875,26967722648,0.0322948010559926
2021-09-20,42843.80078125,43909845642,0.0367990683352636
2021-09-21,40693.67578125,48701090088,0.0376926723542141
2021-09-22,43574.5078125,38139709246,0.0400611445405445
2021-09-23,44895.09765625,34244064430,0.0400120727141498
2021-09-24,42839.75,42839345714,0.0404622183925107
2021-09-25,42716.59375,31604717236,0.0398324820741641
2021-09-26,43208.5390625,30661222077,0.0389330469193333
2021-09-27,42235.73046875,30980029059,0.0390788363127321
2021-09-28,41034.54296875,30214940550,0.0393154343114416
2021-09-29,41564.36328125,30602359905,0.039002373376158
2021-09-30,43790.89453125,31141681925,0.0403267266559897
2021-10-01,48116.94140625,42850641582,0.0435443494308256
2021-10-02,47711.48828125,30614346492,0.0435230718501554
2021-10-03,48199.953125,26638115879,0.0434824277577101
2021-10-04,49112.90234375,33383173002,0.0436352637430455
2021-10-05,51514.8125,35873904236,0.0440375867169002
2021-10-06,55361.44921875,49034730168,0.0458848746385464
2021-10-07,53805.984375,36807860413,0.0404988646819663
2021-10-08,53967.84765625,34800873924,0.0403221362179284
2021-10-09,54968.22265625,32491211414,0.0403928856576821
2021-10-10,54771.578125,39527792364,0.0397732808684219
2021-10-11,57484.7890625,42637331698,0.040496238823345
2021-10-12,56041.05859375,41083758949,0.0408924248308678
2021-10-13,57401.09765625,41684252783,0.040589363639499
2021-10-14,57321.5234375,36615791366,0.0399734701597756
2021-10-15,61593.94921875,51780081801,0.0416322954036259
2021-10-16,60892.1796875,34250964237,0.0416808835792831
2021-10-17,61553.6171875,29032367511,0.0415288975879625
2021-10-18,62026.078125,38055562075,0.0414634772320891
2021-10-19,64261.9921875,40471196346,0.0413572664199472
2021-10-20,65992.8359375,40788955582,0.0360128738487888
2021-10-21,62210.171875,45908121370,0.0365113784196217
2021-10-22,60692.265625,38434082775,0.0356885724451801
2021-10-23,61393.6171875,26882546034,0.0355118398481675
2021-10-24,60930.8359375,27316183882,0.0340189785784564
2021-10-25,63039.82421875,31064911614,0.0341390983821739
2021-10-26,60363.79296875,34878965587,0.0356572024386479
2021-10-27,58482.38671875,43657076893,0.0359843232412887
2021-10-28,60622.13671875,45257083247,0.0354597859757897
2021-10-29,62227.96484375,36856881767,0.0355407067446327
2021-10-30,61888.83203125,32157938616,0.0349275681870708
2021-10-31,61318.95703125,32241199927,0.0314135565421695
2021-11-01,61004.40625,36150572843,0.0313590772446877
2021-11-02,63226.40234375,37746665647,0.0317606365186509
2021-11-03,62970.046875,36124731509,0.0317931984952825
2021-11-04,61452.23046875,32615846901,0.031431808974551
2021-11-05,61125.67578125,30605102446,0.0288893614237124
2021-11-06,61527.48046875,29094934221,0.0282608583943055
2021-11-07,63326.98828125,24726754302,0.0286058387912608
2021-11-08,67566.828125,41125608330,0.0305275194213869
2021-11-09,66971.828125,42357991721,0.0306047126384445
2021-11-10,64995.23046875,48730828378,0.0302678359084064
2021-11-11,64949.9609375,35880633236,0.0297684756961151
2021-11-12,64155.94140625,36084893887,0.0297042730415823
2021-11-13,64469.52734375,30474228777,0.029689229873575
2021-11-14,65466.83984375,25122092191,0.0268882071899473
2021-11-15,63557.87109375,30558763548,0.0274009114399755
2021-11-16,60161.24609375,46844335592,0.0291943450638379
2021-11-17,60368.01171875,39178392930,0.029162604371673
2021-11-18,56942.13671875,41388338699,0.0301487526207088
2021-11-19,58119.578125,38702407772,0.0299548368729268
2021-11-20,59697.1953125,30624264863,0.0286090407160058
2021-11-21,58730.4765625,26123447605,0.0284137355757354
2021-11-22,56289.2890625,35036121783,0.0292834436056191
2021-11-23,57569.07421875,37485803899,0.0296299130374188
2021-11-24,56280.42578125,36635566789,0.029061908665153
2021-11-25,57274.6796875,34284016248,0.0283178662504021
2021-11-26,53569.765625,41810748221,0.0302632240925301
2021-11-27,54815.078125,30560857714,0.0297781839296978
2021-11-28,57248.45703125,28116886357,0.0305267998084638
2021-11-29,57806.56640625,32370840356,0.0306062878000146
2021-11-30,57005.42578125,36708594618,0.0306552860391187
2021-12-01,57229.828125,36858195307,0.0306723546456835
2021-12-02,56477.81640625,32379968686,0.0298786931884269
2021-12-03,53598.24609375,39789134215,0.0311672680714046
2021-12-04,49200.703125,61385677469,0.0343017039557937
2021-12-05,49368.84765625,37198201161,0.0343570798484665
2021-12-06,50582.625,37707308001,0.0347508184042375
2021-12-07,50700.0859375,33676814852,0.0341526640624835
2021-12-08,50504.796875,28479699446,0.0313301128854439
2021-12-09,47672.12109375,29603577251,0.0325318161525564
2021-12-10,47243.3046875,30966005122,0.0323424303955692
2021-12-11,49362.5078125,25775869261,0.0338055887877882
2021-12-12,50098.3359375,21939223599,0.0340793309709671
2021-12-13,46737.48046875,32166727776,0.0357527242811278
2021-12-14,46612.6328125,34638619079,0.0354496233942421
2021-12-15,48896.72265625,36541828520,0.0368641387590218
2021-12-16,47665.42578125,27268150947,0.0359738521693172
2021-12-17,46202.14453125,32902725329,0.0361570827841341
2021-12-18,46848.77734375,26098292690,0.0351389460144928
2021-12-19,46707.015625,25154053861,0.0347770544854281
2021-12-20,46880.27734375,30961902129,0.0342486616578643
2021-12-21,48936.61328125,27055803928,0.0354431058114316
2021-12-22,48628.51171875,24447979559,0.0347720135753034
2021-12-23,50784.5390625,28223878108,0.0355399547657127
2021-12-24,50822.1953125,24367912228,0.0353771923534095
2021-12-25,50429.859375,19030650914,0.0351622579197658
2021-12-26,50809.515625,20964372926,0.0331589568547357
2021-12-27,50640.41796875,24324345758,0.0328282379871894
2021-12-28,47588.85546875,33430376883,0.03337356225009
2021-12-29,46444.7109375,30049226299,0.0333942984432115
2021-12-30,47178.125,26686491018,0.0336276995559376
2021-12-31,46306.4453125,36974172400,0.0336433627315944
2022-01-01,47686.8125,24582667004,0.0342673411154936
2022-01-02,47345.21875,27951569547,0.0331181872754027
2022-01-03,46458.1171875,33071628362,0.0295015293392029
2022-01-04,45897.57421875,42494677905,0.0295413549319369
2022-01-05,43569.00390625,36851084859,0.0304356679892021
2022-01-06,43160.9296875,30208048289,0.0304140584213093
2022-01-07,41557.90234375,84196607520,0.0309837043874816
2022-01-08,41733.94140625,28066355845,0.029480051106393
2022-01-09,41911.6015625,21294384372,0.0295083021342058
2022-01-10,41821.26171875,32104232331,0.0280961745437453
2022-01-11,42735.85546875,26327648900,0.0282937337471459
2022-01-12,43949.1015625,33499938689,0.0261910173002531
2022-01-13,42591.5703125,47691135082,0.0267331903416033
2022-01-14,43099.69921875,23577403399,0.0251326155862234
2022-01-15,43177.3984375,18371348298,0.0248273032609965
2022-01-16,43113.87890625,17902097845,0.0242628264401103
2022-01-17,42250.55078125,21690904261,0.0242768694415942
2022-01-18,42375.6328125,22417209227,0.0243049704762506
2022-01-19,41744.328125,23091543258,0.0243605979562978
2022-01-20,40680.41796875,20382033940,0.0230022705337874
2022-01-21,36457.31640625,43011992031,0.0297630482458754
2022-01-22,35030.25,39714385405,0.0285091794462131
2022-01-23,36276.8046875,26017975951,0.0297117568224663
2022-01-24,36654.328125,41856658597,0.0299677770580455
2022-01-25,36954.00390625,26428189594,0.0299814062366019
2022-01-26,36852.12109375,31324598034,0.0299863842627424
2022-01-27,37138.234375,25041426629,0.028521822009773
2022-01-28,37784.33203125,22238830523,0.0287236000893285
2022-01-29,38138.1796875,17194183075,0.0285748050897662
2022-01-30,37917.6015625,14643548444,0.0284917549833751
2022-01-31,38483.125,20734730465,0.0279758359364805
2022-02-01,38743.2734375,20288500328,0.0280904361534091
2022-02-02,36952.984375,19155189416,0.0289810832974974
2022-02-03,37154.6015625,18591534769,0.0290643888228353
2022-02-04,41500.875,29412210792,0.0349554399224687
2022-02-05,41441.1640625,19652846215,0.0349244719367057
2022-02-06,42412.43359375,16142097334,0.0345000642635386
2022-02-07,43840.28515625,28641855926,0.0350019126952235
2022-02-08,44118.4453125,33079398868,0.0350092992023313
2022-02-09,44338.796875,23245887300,0.0350063639980888
2022-02-10,43565.11328125,32142048537,0.0349785076436608
2022-02-11,42407.9375,26954925781,0.0349345736655061
2022-02-12,42244.46875,18152390304,0.0344728904277112
2022-02-13,42197.515625,14741589015,0.0343967344116395
2022-02-14,42586.91796875,20827783012,0.0344416827647684
2022-02-15,44575.203125,22721659051,0.0354527005038055
2022-02-16,43961.859375,19792547657,0.0353393528131561
2022-02-17,40538.01171875,26246662813,0.0384034239989671
2022-02-18,40030.9765625,23310007704,0.0383765176962834
2022-02-19,40122.15625,13736557863,0.0381018652190243
2022-02-20,38431.37890625,18340576452,0.0331428382299294
2022-02-21,37075.28125,29280402798,0.0329767237181896
2022-02-22,38286.02734375,25493150450,0.032882694827001
2022-02-23,37296.5703125,21849073843,0.0332296513988032
2022-02-24,38332.609375,46383802093,0.0335650980467558
2022-02-25,39214.21875,26545599159,0.0337829458954031
2022-02-26,39105.1484375,17467554129,0.0337767315238093
2022-02-27,37709.78515625,23450127612,0.0343393447895015
2022-02-28,43193.234375,35690014104,0.0423553497654748
2022-03-01,44354.63671875,32479047645,0.0425045709743345
2022-03-02,43924.1171875,29183112630,0.0425502122845115
2022-03-03,42451.7890625,24967782593,0.0431223388351304
2022-03-04,39137.60546875,28516271427,0.044899929536507
2022-03-05,39400.5859375,16975917450,0.0449039155910858
2022-03-06,38419.984375,19745229902,0.0401668336764256
2022-03-07,38062.0390625,28546143503,0.0401851670319092
2022-03-08,38737.26953125,25776583476,0.0400733846594675
2022-03-09,41982.92578125,32284121034,0.0424098880062207
2022-03-10,39437.4609375,31078064711,0.0438156762308927
2022-03-11,38794.97265625,26364890465,0.0438430647817792
2022-03-12,38904.01171875,14616450657,0.0437902808747359
2022-03-13,37849.6640625,17300745310,0.0438004979635913
2022-03-14,39666.75390625,24322159070,0.0447671353350601
2022-03-15,39338.78515625,23934000868,0.0447809173570733
2022-03-16,41143.9296875,39616916192,0.0455644849685276
2022-03-17,40951.37890625,22009601093,0.0447010565642692
2022-03-18,41801.15625,34421564942,0.0448492500020997
2022-03-19,42190.65234375,19664853187,0.0422942568672601
2022-03-20,41247.82421875,20127946682,0.042447130595953
2022-03-21,41077.99609375,24615543271,0.0424565766655089
2022-03-22,42358.80859375,32004652376,0.0419631171724399
2022-03-23,42892.95703125,25242943069,0.0413313453372159
2022-03-24,43960.93359375,31042992291,0.041182405783848
2022-03-25,44348.73046875,30574413034,0.040773694015765
2022-03-26,44500.828125,16950455995,0.0405696364753553
2022-03-27,46820.4921875,28160889722,0.0413105867102987
2022-03-28,47128.00390625,36362175703,0.0412779805639733
2022-03-29,47465.73046875,31397059069,0.040488056106807
2022-03-30,47062.6640625,29333883962,0.032536088138269
2022-03-31,45538.67578125,33327427106,0.032853446767463
2022-04-01,46281.64453125,38162644287,0.0329052510064822
2022-04-02,45868.94921875,29336594194,0.0322752318794517
2022-04-03,46453.56640625,25414397610,0.0281516856852446
2022-04-04,46622.67578125,32499785455,0.0281535463007075
2022-04-05,45555.9921875,29640604055,0.0280782808255308
2022-04-06,43206.73828125,39393395788,0.0299486006325319
2022-04-07,43503.84765625,26101973106,0.0298474551576041
2022-04-08,42287.6640625,27215995394,0.0266603178076708
2022-04-09,42782.13671875,16050772496,0.023936910225302
2022-04-10,42207.671875,17654475582,0.0238625336421432
2022-04-11,39521.90234375,33949912166,0.0269460856810663
2022-04-12,40127.18359375,30991500854,0.0265403015499931
2022-04-13,41166.73046875,27691105228,0.0255629627551601
2022-04-14,39935.515625,24342001973,0.026157294900709
2022-04-15,40553.46484375,21756855753,0.0249588486838436
2022-04-16,40424.484375,16833150693,0.0249516069598247
2022-04-17,39716.953125,19087633042,0.0248188253497459
2022-04-18,40826.21484375,33705182072,0.0253167509238175
2022-04-19,41502.75,25303206547,0.0251761390322767
2022-04-20,41374.37890625,27819532341,0.0251707402403445
2022-04-21,40527.36328125,35372786395,0.024771470252165
2022-04-22,39740.3203125,28011716745,0.0248398738705021
2022-04-23,39486.73046875,16138021249,0.0243111425581968
2022-04-24,39469.29296875,17964398167,0.0242075313775548
2022-04-25,40458.30859375,35445730570,0.0247368780832811
2022-04-26,38117.4609375,34569088416,0.0246410279529043
2022-04-27,39241.12109375,30981015184,0.0253942080954647
2022-04-28,39773.828125,33903704907,0.0255343197959818
2022-04-29,38609.82421875,30882994649,0.0258996921919348
2022-04-30,37714.875,23895713731,0.0256241953863153
2022-05-01,38469.09375,27002760110,0.0257417961243519
2022-05-02,38529.328125,32922642426,0.0257740718405254
2022-05-03,37750.453125,27326943244,0.0256638314666249
2022-05-04,39698.37109375,36754404490,0.0276626554053893
2022-05-05,36575.140625,43106256317,0.0308638350683868
2022-05-06,36040.921875,37795577489,0.0296815777221811
2022-05-07,35501.953125,24375896406,0.0296228750215137
2022-05-08,34059.265625,36763041910,0.030046712155576
2022-05-09,30296.953125,63355494961,0.0358828259692791
2022-05-10,31022.90625,59811038817,0.0364489558590487
2022-05-11,28936.35546875,70388855818,0.0366589055218545
2022-05-12,29047.751953125,66989173272,0.0364435349107474
2022-05-13,29283.103515625,42841124537,0.035978653786074
2022-05-14,30101.265625,28579868620,0.036474010315794
2022-05-15,31305.11328125,25835372065,0.0372840495897493
2022-05-16,29862.91796875,32613897286,0.0379218068453018
2022-05-17,30425.857421875,29101473475,0.0382506700312493
2022-05-18,28720.271484375,31285268319,0.0386153215057155
2022-05-19,30314.333984375,33773447707,0.0401398702289974
2022-05-20,29200.740234375,30749382605,0.0404108236532129
2022-05-21,29432.2265625,17274840442,0.0405263819376175
2022-05-22,30323.72265625,21631532270,0.0411507540425959
2022-05-23,29098.91015625,31483454557,0.0415637039819699
2022-05-24,29655.5859375,26616506245,0.0418699557778781
2022-05-25,29562.361328125,27525063551,0.041389437815565
2022-05-26,29267.224609375,36774325352,0.0403360776099665
2022-05-27,28627.57421875,36582005748,0.0397574849474877
2022-05-28,28814.900390625,35519577634,0.0396327187264027
2022-05-29,29445.95703125,18093886409,0.0398941340359466
2022-05-30,31726.390625,39277993274,0.0425964617257213
2022-05-31,31792.310546875,33538210634,0.042351873325105
2022-06-01,29799.080078125,41135817341,0.0436353082510047
2022-06-02,30467.48828125,29083562061,0.0439284129466856
2022-06-03,29704.390625,26175547452,0.0426700296632026
2022-06-04,29832.9140625,16588370958,0.0404820959854013
2022-06-05,29906.662109375,17264085441,0.0404877028773231
2022-06-06,31370.671875,31947336829,0.04162458984257
2022-06-07,31155.478515625,40770974039,0.0410287489633987
2022-06-08,30214.35546875,30242059107,0.0353898505637371
2022-06-09,30111.998046875,21692004719,0.0351068723473214
2022-06-10,29083.8046875,29867476527,0.0332856603483388
2022-06-11,28360.810546875,27246574439,0.0335953687874976
2022-06-12,26762.6484375,34163220274,0.0351248484540295
2022-06-13,22487.388671875,68204556440,0.0465163103613006
2022-06-14,22206.79296875,50913575242,0.0455893778522129
2022-06-15,22572.83984375,54912007015,0.0453475848814651
2022-06-16,20381.650390625,31183975654,0.04805668172976
2022-06-17,20471.482421875,27132421514,0.0474141823559816
2022-06-18,19017.642578125,42009436760,0.0470796718407496
2022-06-19,20553.271484375,35329942625,0.0498422517120019
2022-06-20,20599.537109375,30818458597,0.0497762835413592
2022-06-21,20710.59765625,28970212744,0.049266786493814
2022-06-22,19987.029296875,28574793478,0.0491644112932263
2022-06-23,21085.876953125,26188097173,0.0503190413187898
2022-06-24,21231.65625,24957784918,0.0504088817137065
2022-06-25,21502.337890625,18372538715,0.0505944698413162
2022-06-26,21027.294921875,18027170497,0.0505964423096707
2022-06-27,20735.478515625,20965695707,0.0504999589775987
2022-06-28,20280.634765625,21381535161,0.0501562698067321
2022-06-29,20104.0234375,23552740328,0.0474025802346825
2022-06-30,19784.7265625,26267239923,0.0472900675617045
2022-07-01,19269.3671875,30767551159,0.0464321372058371
2022-07-02,19242.255859375,18100418740,0.0459865354639458
2022-07-03,19297.076171875,16390821947,0.0460623712575007
2022-07-04,20231.26171875,21594638208,0.0473142963332336
2022-07-05,20190.115234375,26715546990,0.0472708147977315
2022-07-06,20548.24609375,24598943708,0.0462395295145004
2022-07-07,21637.587890625,25814972520,0.0477647624768188
2022-07-08,21731.1171875,49899834488,0.0477240545628143
2022-07-09,21592.20703125,29641127858,0.047710673247585
2022-07-10,20860.44921875,28688807249,0.0477061712148889
2022-07-11,19970.556640625,24150249025,0.0480114681165777
2022-07-12,19323.9140625,25810220018,0.0473915633967601
2022-07-13,20212.07421875,33042430345,0.0371454667278316
2022-07-14,20569.919921875,31158743333,0.0373002739624245
2022-07-15,20836.328125,25905575359,0.0372448213889868
2022-07-16,21190.31640625,24302954056,0.032296104444989
2022-07-17,20779.34375,22927802083,0.0325127973458849
2022-07-18,22485.689453125,39974475562,0.0324457855660839
2022-07-19,23389.43359375,48765202697,0.0301892268596724
2022-07-20,23231.732421875,42932549127,0.0302552215856637
2022-07-21,23164.62890625,33631012204,0.0302799839778527
2022-07-22,22714.978515625,31421555646,0.029700450792289
2022-07-23,22465.478515625,24021799169,0.0283151792519259
2022-07-24,22609.1640625,23565495303,0.0283123424818435
2022-07-25,21361.701171875,35574561406,0.0301931005003927
2022-07-26,21239.75390625,28624673855,0.0299245194180671
2022-07-27,22930.548828125,31758955233,0.0328561365125601
2022-07-28,23843.88671875,40212386158,0.0331163167712415
2022-07-29,23804.6328125,35887249746,0.0330370502297373
2022-07-30,23656.20703125,28148218301,0.0328642512632707
2022-07-31,23336.896484375,23553591896,0.0325108793362365
2022-08-01,23314.19921875,25849159141,0.0325073819365994
2022-08-02,22978.1171875,28389250717,0.0327267050990878
2022-08-03,22846.5078125,26288169966,0.0318301053906274
2022-08-04,22630.95703125,25120229769,0.0319081171460295
2022-08-05,23289.314453125,28881249043,0.0321367603735396
2022-08-06,22961.279296875,15978259885,0.0310107597478875
2022-08-07,23175.890625,15886817043,0.0310370818386411
2022-08-08,23809.486328125,28575544847,0.0313168713516926
2022-08-09,23164.318359375,23555719219,0.0310507423017644
2022-08-10,23947.642578125,32837431722,0.030190263062209
2022-08-11,23957.529296875,37127036580,0.0293071098573162
2022-08-12,24402.818359375,27265804688,0.0285178157531502
2022-08-13,24424.068359375,22987346289,0.0284530553814397
2022-08-14,24319.333984375,22994133555,0.028477034388992
2022-08-15,24136.97265625,35123501685,0.0284795878751524
2022-08-16,23883.291015625,27753685646,0.0282651169608196
2022-08-17,23335.998046875,30931623076,0.0249674415069541
2022-08-18,23212.73828125,23747613147,0.0239230807964961
2022-08-19,20877.552734375,40509610260,0.030746108094543
2022-08-20,21166.060546875,27595671000,0.030907829082074
2022-08-21,21534.12109375,23102307723,0.0309576240136771
2022-08-22,21398.908203125,31666498758,0.0309207493671297
2022-08-23,21528.087890625,31878280659,0.0309176352246265
2022-08-24,21395.01953125,31962253368,0.0291359986228238
2022-08-25,21600.904296875,31028679593,0.0291653042470253
2022-08-26,20260.01953125,42326789564,0.0277962906853012
2022-08-27,20041.73828125,30116729776,0.0265897373142593
2022-08-28,19616.814453125,24366810591,0.0267283907428135
2022-08-29,20297.994140625,32637854078,0.0277367592975873
2022-08-30,19796.80859375,34483360283,0.0279346972137696
2022-08-31,20049.763671875,33225232872,0.0281216723272244
2022-09-01,20127.140625,30182031010,0.0281078764758098
2022-09-02,19969.771484375,29123998928,0.0281139351359037
2022-09-03,19832.087890625,23613051457,0.0281021350833117
2022-09-04,19986.712890625,25245861652,0.0275064756663003
2022-09-05,19812.37109375,28813460025,0.0274624715873782
2022-09-06,18837.66796875,43403978910,0.0285411480713484
2022-09-07,19290.32421875,35239757134,0.0284148814184009
2022-09-08,19329.833984375,32194477850,0.0281923396551261
2022-09-09,21381.15234375,48469528171,0.0336203030930101
2022-09-10,21680.5390625,36913738894,0.0337682277175934
2022-09-11,21769.255859375,34493951963,0.0335506622328512
2022-09-12,22370.44921875,50212088965,0.0340196360494852
2022-09-13,20296.70703125,51091116622,0.0381356202447859
2022-09-14,20241.08984375,37872380889,0.0381391316446535
2022-09-15,19701.2109375,36389011503,0.0383271460031342
2022-09-16,19772.583984375,30123362273,0.0382351066586922
2022-09-17,20127.576171875,24957448100,0.0384715193939813
2022-09-18,19419.505859375,31254779144,0.0339704739551361
2022-09-19,19544.12890625,40177002624,0.0338766549868369
2022-09-20,18890.7890625,36791346508,0.0341296575503965
2022-09-21,18547.400390625,46363793975,0.0342239175688731
2022-09-22,19413.55078125,41135767926,0.0353989055715091
2022-09-23,19297.638671875,38896078052,0.0353983585744684
2022-09-24,18937.01171875,26149643168,0.0354185920732811
2022-09-25,18802.09765625,23359966112,0.0335875026075807
2022-09-26,19222.671875,44148798321,0.0338431476462041
2022-09-27,19110.546875,58571439619,0.0336439932108304
2022-09-28,19426.720703125,53071298734,0.0331601750953097
2022-09-29,19573.05078125,41037843771,0.0328945120192824
2022-09-30,19431.7890625,43975248085,0.0328225722334782
2022-10-01,19312.095703125,18719537670,0.032822073854474
2022-10-02,19044.107421875,20765955327,0.032882704021916
2022-10-03,19623.580078125,30484729489,0.0333626079544937
2022-10-04,20336.84375,35887278685,0.0339811565548212
2022-10-05,20160.716796875,33223790572,0.0339805618974507
2022-10-06,19955.443359375,34711412966,0.0326659025989082
2022-10-07,19546.849609375,29227315390,0.0326495869224872
2022-10-08,19416.568359375,16437423167,0.0326737024471981
2022-10-09,19446.42578125,16837262532,0.026581015966716
2022-10-10,19141.484375,27425022774,0.02647648817138
2022-10-11,19051.41796875,28711532910,0.0264308083506315
2022-10-12,19157.4453125,24950173846,0.0258237843910854
2022-10-13,19382.904296875,44219840004,0.0192468863185205
2022-10-14,19185.65625,38452356727,0.0193114904859211
2022-10-15,19067.634765625,16192235532,0.0187379937365812
2022-10-16,19268.09375,17988916650,0.0188386118003589
2022-10-17,19550.7578125,27472552998,0.0187372409705318
2022-10-18,19334.416015625,30580012344,0.0176657093247001
2022-10-19,19139.53515625,22425387184,0.0177122658742584
2022-10-20,19053.740234375,24493974420,0.0165823813564033
2022-10-21,19172.46875,32459287866,0.0162334044755933
2022-10-22,19208.189453125,16104440957,0.0138903745688425
2022-10-23,19567.0078125,22128794335,0.0142627871221763
2022-10-24,19345.572265625,30202235805,0.0139756816838954
2022-10-25,20095.857421875,47761524910,0.0154568817271867
2022-10-26,20770.44140625,58895950537,0.0160570130045922
2022-10-27,20285.8359375,49625110402,0.0166932608839888
2022-10-28,20595.3515625,43994715910,0.0166570959284149
2022-10-29,20818.4765625,40369840645,0.0167053660855878
2022-10-30,20635.603515625,31486345556,0.016738146367078
2022-10-31,20495.7734375,45668466815,0.0167489858004437
2022-11-01,20485.2734375,39819303159,0.0164849925605269
2022-11-02,20159.50390625,55552169483,0.0159661294596866
2022-11-03,20209.98828125,43228750179,0.0145591506229648
2022-11-04,21147.23046875,64072727950,0.0166626345951593
2022-11-05,21282.69140625,37846047609,0.0165316381339889
2022-11-06,20926.486328125,35082693210,0.0163639820413316
2022-11-07,20602.81640625,53510852236,0.0166108661275941
2022-11-08,18541.271484375,118992465607,0.0257012245395644
2022-11-09,15880.7802734375,102905151606,0.0379701467111559
2022-11-10,17586.771484375,83202283721,0.0428102515729002
2022-11-11,17034.29296875,55871616488,0.0431077976901059
2022-11-12,16799.185546875,29717699419,0.0430413410990927
2022-11-13,16353.365234375,27209183682,0.0432214554686152
2022-11-14,16618.19921875,49630243054,0.0433967370575772
2022-11-15,16884.61328125,36599436183,0.0434731518042898
2022-11-16,16669.439453125,33925512989,0.0433485544587879
2022-11-17,16687.517578125,27868914022,0.0433494222891319
2022-11-18,16697.77734375,26862218609,0.0433491696254188
2022-11-19,16711.546875,16106223492,0.043360277065216
2022-11-20,16291.83203125,21313378652,0.0434787207503481
2022-11-21,15787.2841796875,37429485518,0.0437110857765709
2022-11-22,16189.76953125,30726828760,0.043859498699783
2022-11-23,16610.70703125,32958875628,0.044231966220652
2022-11-24,16604.46484375,26129037414,0.0434900700725112
2022-11-25,16521.841796875,18678255976,0.0428522978649563
2022-11-26,16464.28125,18000008764,0.0427509007338222
2022-11-27,16444.626953125,20443898509,0.0425633188254081
2022-11-28,16217.322265625,27743025156,0.0424362477489008
2022-11-29,16444.982421875,23581685468,0.0426301114253623
2022-11-30,17168.56640625,29523576583,0.0436214278693707
2022-12-01,16967.1328125,22895392882,0.04362200324863
2022-12-02,17088.66015625,19539705127,0.0436485150501658
2022-12-03,16908.236328125,16217776704,0.0436312008424004
2022-12-04,17130.486328125,16824520830,0.042711465677975
2022-12-05,16974.826171875,22209086834,0.0426373975472573
2022-12-06,17089.50390625,19889922369,0.0426769551104601
2022-12-07,16848.126953125,19675404389,0.0426679491636168
2022-12-08,17233.474609375,20496603770,0.038668862824289
2022-12-09,17133.15234375,20328426366,0.025859532984461
2022-12-10,17128.724609375,12706781969,0.0177628275593032
2022-12-11,17104.193359375,14122486832,0.0167701965463064
2022-12-12,17206.4375,19617581341,0.016588052993855
2022-12-13,17781.318359375,26634741631,0.0167351822578067
2022-12-14,17815.650390625,25534481470,0.0165464857024294
2022-12-15,17364.865234375,20964448341,0.0170989216047455
2022-12-16,16647.484375,24031608960,0.0186810470833367
2022-12-17,16795.091796875,14463581825,0.0187505372941914
2022-12-18,16757.9765625,10924354698,0.0187555583304129
2022-12-19,16439.6796875,17221074814,0.0190822892266318
2022-12-20,16906.3046875,22722096615,0.0191721180287403
2022-12-21,16817.53515625,14882945045,0.0182038749903871
2022-12-22,16830.341796875,16441573050,0.0176751209223288
2022-12-23,16796.953125,15329265213,0.0170708801600029
2022-12-24,16847.755859375,9744636213,0.0170770099323251
2022-12-25,16841.986328125,11656379938,0.0170467031276873
2022-12-26,16919.8046875,11886957804,0.0170431835377582
2022-12-27,16717.173828125,15748580239,0.0172038362766217
2022-12-28,16552.572265625,17005713920,0.0171025466928165
2022-12-29,16642.341796875,14472237479,0.0169446815906581
2022-12-30,16602.5859375,15929162910,0.014908234961564
2022-12-31,16547.49609375,11239186456,0.0147785000098975
2023-01-01,16625.080078125,9244361700,0.01473952411021
2023-01-02,16688.470703125,12097775227,0.0146472110082715
2023-01-03,16679.857421875,13903079207,0.0144239184944095
2023-01-04,16863.23828125,18421743322,0.0144936392581276
2023-01-05,16836.736328125,13692758566,0.0144354570216546
2023-01-06,16951.96875,14413662913,0.0142555572865642
2023-01-07,16955.078125,7714767174,0.0136134506454971
2023-01-08,17091.14453125,9768827914,0.0136620522695807
2023-01-09,17196.5546875,18624736866,0.0137091928055267
2023-01-10,17446.29296875,15808338949,0.013950149657202
2023-01-11,17934.896484375,18372283782,0.0147703834681107
2023-01-12,18869.587890625,34971338710,0.0163657736008543
2023-01-13,19909.57421875,29225029694,0.0188897396628765
2023-01-14,20976.298828125,38967784639,0.0200316119531008
2023-01-15,20880.798828125,19298407543,0.0179620222300612
2023-01-16,21169.6328125,26792494050,0.0179963807287929
2023-01-17,21161.51953125,24999983362,0.0179646564112097
2023-01-18,20688.78125,30005625418,0.018151267223563
2023-01-19,21086.79296875,21152848261,0.0178775331579005
2023-01-20,22676.552734375,28799154319,0.0213130445984991
2023-01-21,22777.625,32442278429,0.0212687430847434
2023-01-22,22720.416015625,24746386230,0.0212793133399215
2023-01-23,22934.431640625,26518700512,0.0212383138121609
2023-01-24,22636.46875,26405069715,0.0215824334747305
2023-01-25,23117.859375,30685366709,0.0216531138635644
2023-01-26,23032.77734375,26357839322,0.0214065646683304
2023-01-27,23078.728515625,25383335641,0.0211206257305417
2023-01-28,23031.08984375,14712928379,0.021233616714611
2023-01-29,23774.56640625,27423687259,0.0214154005827194
2023-01-30,22840.138671875,27205595568,0.0232911486496749
2023-01-31,23139.283203125,22837828665,0.0232660020055814
2023-02-01,23723.76953125,26683255504,0.0233598938943256
2023-02-02,23471.87109375,32066936882,0.0236156885523523
2023-02-03,23449.322265625,27083066007,0.0237231657463738
2023-02-04,23331.84765625,15639298538,0.0237944094069265
2023-02-05,22955.666015625,19564262605,0.0242976347689017
2023-02-06,22760.109375,23825006542,0.0244724480058624
2023-02-07,23264.291015625,27187964471,0.0245684449971926
2023-02-08,22939.3984375,25371367758,0.0249596374151515
2023-02-09,21819.0390625,32572572185,0.0272068465252126
2023-02-10,21651.18359375,27078406594,0.0270683863477425
2023-02-11,21870.875,16356226232,0.0257474463318092
2023-02-12,21788.203125,17821046406,0.0240805610836989
2023-02-13,21808.1015625,23918742607,0.0222165751837295
2023-02-14,22220.8046875,26792596581,0.0224113643802435
2023-02-15,24307.841796875,32483312909,0.0274978151971113
2023-02-16,23623.474609375,39316664596,0.0281476190812022
2023-02-17,24565.6015625,41358451255,0.0284154178852864
2023-02-18,24641.27734375,19625427158,0.028306486403808
2023-02-19,24327.642578125,25555105670,0.0254353300409455
2023-02-20,24829.1484375,28987376573,0.0256468418808164
2023-02-21,24436.353515625,31252098714,0.0258605185207459
2023-02-22,24188.84375,30199996781,0.0259257171312986
2023-02-23,23947.4921875,30476264066,0.0258714032556157
2023-02-24,23198.126953125,26811744928,0.0263162048676842
2023-02-25,23175.375,16100721565,0.026307357683855
2023-02-26,23561.212890625,16644534842,0.0264743817595143
2023-02-27,23522.87109375,22660763494,0.0264729312436382
2023-02-28,23147.353515625,20535363434,0.0259736456550984
2023-03-01,23646.55078125,24662841200,0.0251858404319136
2023-03-02,23475.466796875,20386398516,0.0251286852012606
2023-03-03,22362.6796875,26062404610,0.0262209869646581
2023-03-04,22353.349609375,11166012913,0.0261703864244544
2023-03-05,22435.513671875,13317001733,0.0261880987188624
2023-03-06,22429.7578125,17353192895,0.0261802807730894
2023-03-07,22219.76953125,22765452204,0.0260751645826827
2023-03-08,21718.080078125,22536575684,0.0263452140285775
2023-03-09,20363.021484375,30364664171,0.028333183576715
2023-03-10,20187.244140625,39578257695,0.0282870832008504
2023-03-11,20632.41015625,30180288176,0.0272999445827831
2023-03-12,22163.94921875,29279035521,0.030380785563102
2023-03-13,24197.533203125,49466362688,0.0342648936787882
2023-03-14,24746.07421875,54622230164,0.0344098314545155
2023-03-15,24375.9609375,43655701450,0.034586439669341
2023-03-16,25052.7890625,33866061747,0.0347515536558202
2023-03-17,27423.9296875,50730261335,0.0348079575120321
2023-03-18,26965.87890625,35723036817,0.0344941750161011
2023-03-19,28038.67578125,37769448859,0.0344909279599389
2023-03-20,27767.236328125,44774027664,0.0345870645889411
2023-03-21,28175.81640625,36102192830,0.0344901844664795
2023-03-22,27307.4375,33382021890,0.0349770159256269
2023-03-23,28333.97265625,24220433689,0.0353102284982653
2023-03-24,27493.28515625,25980310960,0.0357889315921326
2023-03-25,27494.70703125,13383005987,0.0356972863789659
2023-03-26,27994.330078125,13878363192,0.0350993147563589
2023-03-27,27139.888671875,18188895178,0.0357350425966392
2023-03-28,27268.130859375,17783600385,0.0356718550680788
2023-03-29,28348.44140625,20684945906,0.0361795918335298
2023-03-30,28033.5625,22435349951,0.0360859394443284
2023-03-31,28478.484375,19001327598,0.0360204363329031
2023-04-01,28411.03515625,10876469901,0.0359684567308221
2023-04-02,28199.30859375,12284641999,0.0345597564141844
2023-04-03,27790.220703125,19556501327,0.0347716966387945
2023-04-04,28168.08984375,15284538859,0.0347830728159389
2023-04-05,28177.984375,17052315986,0.0347785247462543
2023-04-06,28044.140625,13837809380,0.0347104541931965
2023-04-07,27925.859375,10861680497,0.0343087373216958
2023-04-08,27947.794921875,9373255556,0.0314867240500014
2023-04-09,28333.05078125,12175322951,0.0312799522843855
2023-04-10,29652.98046875,19282400094,0.0318495063690715
2023-04-11,30235.05859375,20121259843,0.02984947520207
2023-04-12,30139.052734375,18651929926,0.0260967990785086
2023-04-13,30399.06640625,17487721001,0.0259426191437565
2023-04-14,30485.69921875,22659995079,0.0256247096934184
2023-04-15,30318.49609375,11940685378,0.0254454305389673
2023-04-16,30315.35546875,12854816417,0.0198937901081624
2023-04-17,29445.044921875,17872186762,0.0204424864897068
2023-04-18,30397.552734375,19480529496,0.0200438374169525
2023-04-19,28822.6796875,24571565421,0.0224050262787144
2023-04-20,28245.98828125,21340360360,0.0225899527387685
2023-04-21,27276.91015625,20759504330,0.0227715853811708
2023-04-22,27817.5,13125734602,0.0220108990247096
2023-04-23,27591.384765625,12785446832,0.0213510753227268
2023-04-24,27525.33984375,17703288330,0.021356018631044
2023-04-25,28307.59765625,17733373139,0.0217217630593417
2023-04-26,28422.701171875,31854242019,0.0209036134414583
2023-04-27,29473.787109375,27153445027,0.0218440536219057
2023-04-28,29340.26171875,17544464887,0.0207705030810029
2023-04-29,29248.48828125,10662634333,0.0206577001599908
2023-04-30,29268.806640625,14652199272,0.0204796195932711
2023-05-01,28091.568359375,18655599976,0.021864361160948
2023-05-02,28680.537109375,16432924527,0.0221536606930088
2023-05-03,29006.30859375,19122972518,0.0220463272213712
2023-05-04,28847.7109375,15548678514,0.0219600210548222
2023-05-05,29534.384765625,17936566518,0.0223480165879482
2023-05-06,28904.623046875,15913866714,0.0227192027344374
2023-05-07,28454.978515625,11301355486,0.0229056181821478
2023-05-08,27694.2734375,19122903752,0.023457948940063
2023-05-09,27658.775390625,14128593256,0.0233087418513901
2023-05-10,27621.755859375,20656025026,0.0216042824411607
2023-05-11,27000.7890625,16724343943,0.0215085321546642
2023-05-12,26804.990234375,19313599897,0.0215176596996425
2023-05-13,26784.078125,9999171605,0.0213976600742878
2023-05-14,26930.638671875,10014858959,0.0214326759528679
2023-05-15,27192.693359375,14413231792,0.0215780698236098
2023-05-16,27036.650390625,12732238816,0.0215709168106654
2023-05-17,27398.802734375,15140006925,0.0212425882868916
2023-05-18,26832.208984375,15222938600,0.020479909212952
2023-05-19,26890.12890625,11258983301,0.018285192612678
2023-05-20,27129.5859375,7044911360,0.0180731863524618
2023-05-21,26753.826171875,8647416921,0.0171102225128992
2023-05-22,26851.27734375,11056770492,0.0167011865908807
2023-05-23,27225.7265625,13697203143,0.0168664784881911
2023-05-24,26334.818359375,16299104428,0.0178999210815716
2023-05-25,26476.20703125,13851122697,0.0170710786327186
2023-05-26,26719.291015625,12711619225,0.017160587930389
2023-05-27,26868.353515625,7892015141,0.0156405554247413
2023-05-28,28085.646484375,14545229578,0.0178680650017546
2023-05-29,27745.884765625,15181308984,0.0179731891315222
2023-05-30,27702.349609375,13251081851,0.0179672883311054
2023-05-31,27219.658203125,15656371534,0.0166642667100294
2023-06-01,26819.97265625,14678970415,0.0163208218352557
2023-06-02,27249.58984375,14837415000,0.0164731063549323
2023-06-03,27075.12890625,8385597470,0.0164806910616565
2023-06-04,27119.06640625,9360912318,0.0157758193760991
2023-06-05,25760.09765625,21513292646,0.0178077350989297
2023-06-06,27238.783203125,21929670693,0.0207151745813703
2023-06-07,26345.998046875,19530045082,0.0210101096365199
2023-06-08,26508.216796875,11904824295,0.0210583810435858
2023-06-09,26480.375,11015551640,0.0210584832510555
2023-06-10,25851.240234375,19872933189,0.0211054603816528
2023-06-11,25940.16796875,10732609603,0.0210940767108824
2023-06-12,25902.5,11677889997,0.0210940903700219
2023-06-13,25918.728515625,14143474486,0.0210605989427672
2023-06-14,25124.67578125,14265717766,0.021637811528012
2023-06-15,25576.39453125,15837384409,0.0219465254660881
2023-06-16,26327.462890625,16324646965,0.0224976747433825
2023-06-17,26510.67578125,11090276850,0.0222352929997532
2023-06-18,26336.212890625,9565695129,0.0222580380675485
2023-06-19,26851.029296875,12826986222,0.0224946428587991
2023-06-20,28327.48828125,22211859147,0.024381798407164
2023-06-21,30027.296875,33346760979,0.0264670599544163
2023-06-22,29912.28125,20653160491,0.0264307662587729
2023-06-23,30695.46875,24115570085,0.025819461903795
2023-06-24,30548.6953125,12147822496,0.0258825065756236
2023-06-25,30480.26171875,12703464114,0.0258996536228833
2023-06-26,30271.130859375,16493186997,0.0259797960473339
2023-06-27,30688.1640625,16428827944,0.0249203093315583
2023-06-28,30086.24609375,14571500779,0.0251183877992758
2023-06-29,30445.3515625,13180860821,0.0251593778003694
2023-06-30,30477.251953125,26387306197,0.0248583266862387
2023-07-01,30590.078125,9086606733,0.0246102524733264
2023-07-02,30620.76953125,10533418042,0.0245201522950229
2023-07-03,31156.439453125,15271884873,0.0245594130658678
2023-07-04,30777.58203125,12810828427,0.0247484764539387
2023-07-05,30514.166015625,12481622280,0.0225684159101141
2023-07-06,29909.337890625,21129219509,0.020943855548802
2023-07-07,30342.265625,13384770155,0.0198645553053382
2023-07-08,30292.541015625,7509378699,0.0198959747723298
2023-07-09,30171.234375,7903327692,0.0199315179759336
2023-07-10,30414.470703125,14828209155,0.0192028021265145
2023-07-11,30620.951171875,12151839152,0.0192005632235836
2023-07-12,30391.646484375,14805659717,0.0193082163646669
2023-07-13,31476.048828125,23686079548,0.0200290730964352
2023-07-14,30334.068359375,20917902660,0.0204313706055736
2023-07-15,30295.806640625,8011667756,0.0203566500477769
2023-07-16,30249.1328125,8516564470,0.0199095092617255
2023-07-17,30145.888671875,13240156074,0.0199578322213365
2023-07-18,29856.5625,13138897269,0.020022653267668
2023-07-19,29913.923828125,12128602812,0.0198189431188056
2023-07-20,29792.015625,14655207121,0.0174657754232706
2023-07-21,29908.744140625,10972789818,0.013834153449816
2023-07-22,29771.802734375,7873300598,0.0138417727009668
2023-07-23,30084.5390625,9220145050,0.0131105337378753
2023-07-24,29176.916015625,15395817395,0.0141947619238756
2023-07-25,29227.390625,10266772793,0.0142064123294144
2023-07-26,29354.97265625,13497554655,0.0142049707953296
2023-07-27,29210.689453125,10770779217,0.0139445295573319
2023-07-28,29319.24609375,11218474952,0.0135434680102873
2023-07-29,29356.91796875,6481775959,0.0133368269913861
2023-07-30,29275.30859375,8678454527,0.0133327742705473
2023-07-31,29230.111328125,11656781982,0.0132988003757887
2023-08-01,29675.732421875,18272392391,0.0136368935248239
2023-08-02,29151.958984375,19212655598,0.0135120430911362
2023-08-03,29178.6796875,12780357746,0.0133885933457407
2023-08-04,29074.091796875,12036639988,0.013331779485884
2023-08-05,29042.126953125,6598366353,0.0128704383672612
2023-08-06,29041.85546875,7269806994,0.0125425807900241
2023-08-07,29180.578125,13618163710,0.0125938259626511
2023-08-08,29765.4921875,17570561357,0.0131540187405685
2023-08-09,29561.494140625,18379521213,0.013104062551647
2023-08-10,29429.591796875,11865344789,0.0130363898523236
2023-08-11,29397.71484375,10195168197,0.0129837962129908
2023-08-12,29415.96484375,6194358008,0.0110549708157764
2023-08-13,29282.9140625,7329897180,0.0089255033834729
2023-08-14,29408.443359375,14013695304,0.0089807850821554
2023-08-15,29170.34765625,12640195779,0.0090747557802739
2023-08-16,28701.779296875,14949271904,0.0094729388715591
2023-08-17,26664.55078125,31120851211,0.0161715314931493
2023-08-18,26049.556640625,24026236529,0.0165187647306861
2023-08-19,26096.205078125,10631443812,0.0165599742394747
2023-08-20,26189.583984375,9036580420,0.0165542188105323
2023-08-21,26124.140625,13371557893,0.0165578963574211
2023-08-22,26031.65625,14503820706,0.0163218191831979
2023-08-23,26431.640625,16985265785,0.0159656784864978
2023-08-24,26162.373046875,12871532023,0.0159853686583244
2023-08-25,26047.66796875,12406045118,0.0159131159042803
2023-08-26,26008.462890625,6034817316,0.0159183834168897
2023-08-27,26089.693359375,6913768611,0.0159090411416077
2023-08-28,26106.150390625,11002805166,0.0159021583009313
2023-08-29,27727.392578125,29368391712,0.0197540945231647
2023-08-30,27297.265625,16343655235,0.0199143900325162
2023-08-31,25931.47265625,20181001451,0.0215409170933819
2023-09-01,25800.724609375,17202862221,0.0213944970070183
2023-09-02,25868.798828125,10100387473,0.0214106074063816
2023-09-03,25969.56640625,8962524523,0.0214591786348031
2023-09-04,25812.416015625,10680635106,0.0214570860436059
2023-09-05,25779.982421875,11094740040,0.0214504322573483
2023-09-06,25753.236328125,12752705327,0.021395023447878
2023-09-07,26240.1953125,11088307100,0.0213528272262124
2023-09-08,25905.654296875,10817356400,0.0214061537348357
2023-09-09,25895.677734375,5481314132,0.0214186826701326
2023-09-10,25832.2265625,7899553047,0.021413129111539
2023-09-11,25162.654296875,14600006467,0.0217593710660049
2023-09-12,25833.34375,18657279324,0.0225077979225302
2023-09-13,26228.32421875,13072077070,0.0227357123884671
2023-09-14,26539.673828125,13811359124,0.0228959097004074
2023-09-15,26608.693359375,11479735788,0.0227835380496111
2023-09-16,26568.28125,7402031417,0.0184073491601263
2023-09-17,26534.1875,6774210670,0.0178811750314816
2023-09-18,26754.28125,15615339655,0.0179347886525535
2023-09-19,27211.1171875,13807690550,0.0181695247557133
2023-09-20,27132.0078125,13281116604,0.0181726141444386
2023-09-21,26567.6328125,13371443708,0.0186068911844745
2023-09-22,26579.568359375,10578746709,0.0184023695203112
2023-09-23,26579.390625,7404700301,0.0182969966794163
2023-09-24,26256.826171875,8192867686,0.018424689587846
2023-09-25,26298.48046875,11997833257,0.018423077222168
2023-09-26,26217.25,9985498161,0.0184260268582152
2023-09-27,26352.716796875,11718380997,0.0184484805957391
2023-09-28,27021.546875,14079002707,0.0153678377362738
2023-09-29,26911.720703125,10396435377,0.0151276385745376
2023-09-30,26967.916015625,5331172801,0.0116880963601446
2023-10-01,27983.75,9503917434,0.0133063607661684
2023-10-02,27530.78515625,19793041322,0.0137524242573402
2023-10-03,27429.978515625,11407814187,0.0137872394069568
2023-10-04,27799.39453125,11143355314,0.0138603049451689
2023-10-05,27415.912109375,11877253670,0.0141660611295311
2023-10-06,27946.59765625,13492391599,0.0144909195373158
2023-10-07,27968.83984375,6553044316,0.0141742472732254
2023-10-08,27935.08984375,7916875290,0.0139076344405894
2023-10-09,27583.677734375,12007668568,0.0141738625920597
2023-10-10,27391.01953125,9973350678,0.0142485909186019
2023-10-11,26873.3203125,13648094333,0.0138118976769124
2023-10-12,26756.798828125,9392909295,0.0130810378551845
2023-10-13,26862.375,15165312851,0.0128246203124991
2023-10-14,26861.70703125,5388116782,0.0126553339391516
2023-10-15,27159.65234375,7098201980,0.0127986353330847
2023-10-16,28519.466796875,27833876539,0.0155157058892571
2023-10-17,28415.748046875,14872527508,0.0155407845572448
2023-10-18,28328.341796875,12724128586,0.015528316402053
2023-10-19,28719.806640625,14448058195,0.0154320549372807
2023-10-20,29682.94921875,21536125230,0.0164146633841176
2023-10-21,29918.412109375,11541146996,0.0157930846610032
2023-10-22,29993.896484375,10446520040,0.0157817353789382
2023-10-23,33086.234375,38363572311,0.0232967677129077
2023-10-24,33901.52734375,44934999645,0.0231968794434213
2023-10-25,34502.8203125,25254318008,0.0232158629035247
2023-10-26,34156.6484375,19427195376,0.0233764797041601
2023-10-27,33909.80078125,16418032871,0.0235526255419268
2023-10-28,34089.57421875,10160330825,0.0233461383316961
2023-10-29,34538.48046875,11160323986,0.0232566166744066
2023-10-30,34502.36328125,17184860315,0.0232925579791497
2023-10-31,34667.78125,15758270810,0.0226545530235461
2023-11-01,35437.25390625,22446272005,0.0223637121316763
2023-11-02,34938.2421875,20998158544,0.0226402575124817
2023-11-03,34732.32421875,17158456701,0.022757763366289
2023-11-04,35082.1953125,9561294264,0.0224015369605017
2023-11-05,35049.35546875,12412743996,0.0223633141347013
2023-11-06,35037.37109375,12693436420,0.0223761201139899
2023-11-07,35443.5625,18834737789,0.0223257576373276
2023-11-08,35655.27734375,17295394918,0.0219897885399537
2023-11-09,36693.125,37762672382,0.0220842452359952
2023-11-10,37313.96875,22711265155,0.0214309623040128
2023-11-11,37138.05078125,13924272142,0.0214404266544496
2023-11-12,37054.51953125,11545715999,0.0215395698518035
2023-11-13,36502.35546875,19057712790,0.0219670417548621
2023-11-14,35537.640625,23857403554,0.0229806253052729
2023-11-15,37880.58203125,27365821679,0.0240176266267628
2023-11-16,36154.76953125,26007385366,0.0260248296393141
2023-11-17,36596.68359375,22445028430,0.0259490753864456
2023-11-18,36585.703125,11886022717,0.0259787030646893
2023-11-19,37386.546875,12915986553,0.0256846306699185
2023-11-20,37476.95703125,20888209068,0.0257026065594298
2023-11-21,35813.8125,25172163756,0.0274522835627552
2023-11-22,37432.33984375,24397247860,0.0225307070383172
2023-11-23,37289.62109375,14214948217,0.0222436768789715
2023-11-24,37720.28125,22922957823,0.0221350900533405
2023-11-25,37796.79296875,9099571165,0.0219987915218148
2023-11-26,37479.12109375,13744796068,0.0220196264689334
2023-11-27,37254.16796875,19002925720,0.0220817618551043
2023-11-28,37831.0859375,21696137014,0.0221217859470518
2023-11-29,37858.4921875,20728546658,0.0221128819841325
2023-11-30,37712.74609375,18115982627,0.0221463699666303
2023-12-01,38688.75,23512784002,0.0222630636020984
2023-12-02,39476.33203125,15534035612,0.0222357654190591
2023-12-03,39978.390625,15769696322,0.022206505843959
2023-12-04,41980.09765625,39856129827,0.0236153056247649
2023-12-05,44080.6484375,36312154535,0.0248289277064434
2023-12-06,43746.4453125,29909761586,0.0249447180408046
2023-12-07,43292.6640625,27635760671,0.0251407333720173
2023-12-08,44166.6015625,24421116687,0.0252572474128606
2023-12-09,43725.984375,17368210171,0.0251065386840092
2023-12-10,43779.69921875,13000481418,0.0250334495143558
2023-12-11,41243.83203125,40632672038,0.0276656515598178
2023-12-12,41450.22265625,24779520132,0.0276453659593327
2023-12-13,42890.7421875,26797884674,0.0279514838709703
2023-12-14,43023.97265625,25578530178,0.027290514000043
2023-12-15,41929.7578125,19639442462,0.0256367596147644
2023-12-16,42240.1171875,14386729590,0.023836555255894
2023-12-17,41364.6640625,16678702876,0.0242650470265713
2023-12-18,42623.5390625,25224642008,0.024702288250138
2023-12-19,42270.52734375,23171001281,0.0246152718882448
2023-12-20,43652.25,27868908174,0.0251390376224259
2023-12-21,43869.15234375,22452766169,0.0232636774354318
2023-12-22,43997.90234375,21028503216,0.0221678602070833
2023-12-23,43739.54296875,13507796558,0.0222006925767016
2023-12-24,43016.1171875,18830554085,0.0225240242406999
2023-12-25,43613.140625,21115795370,0.0225838798406532
2023-12-26,42520.40234375,30026850982,0.023130496284443
2023-12-27,43442.85546875,25260941032,0.0232553821689748
2023-12-28,42627.85546875,22992093014,0.0235755086558162
2023-12-29,42099.40234375,26000021055,0.0237607708333469
2023-12-30,42156.90234375,16013925945,0.0237238160522585
2023-12-31,42265.1875,16397498810,0.0233626577306232
2024-01-01,44167.33203125,18426978443,0.0243542117098078
2024-01-02,44957.96875,39335274536,0.0244361987983223
2024-01-03,42848.17578125,46342323118,0.0246949367856525
2024-01-04,44179.921875,30448091210,0.0236731035902196
2024-01-05,44162.69140625,32336029347,0.023628935152954
2024-01-06,43989.1953125,16092503468,0.0235567819353015
2024-01-07,43943.09765625,19330573863,0.0232690728008338
2024-01-08,46970.50390625,42746192015,0.0261760543988998
2024-01-09,46139.73046875,39821290992,0.026435495921273
2024-01-10,46627.77734375,50114613298,0.0237854507135569
2024-01-11,46368.5859375,45833734549,0.0238497754883208
2024-01-12,42853.16796875,43332698900,0.0275203245919116
2024-01-13,42842.3828125,20601860469,0.0275139796987385
2024-01-14,41796.26953125,17521429522,0.0274811931409316
2024-01-15,42511.96875,22320220558,0.027626896496126
2024-01-16,43154.9453125,24062872740,0.027456776197721
2024-01-17,42742.65234375,20851232595,0.0269835947403888
2024-01-18,41262.05859375,25218357242,0.0277114528024302
2024-01-19,41618.40625,25752407154,0.0270712609129282
2024-01-20,41665.5859375,11586690904,0.0270483656915335
2024-01-21,41545.78515625,9344043642,0.0270347316010393
2024-01-22,39507.3671875,31338708143,0.0284399779107108
2024-01-23,39845.55078125,29244553045,0.0284061965859
2024-01-24,40077.07421875,22359526178,0.0282849514744289
2024-01-25,39933.80859375,18491782013,0.027963703275631
2024-01-26,41816.87109375,25598119893,0.02901979137965
2024-01-27,42120.0546875,11422941934,0.0288632568168881
2024-01-28,42035.59375,16858971687,0.0287753903673418
2024-01-29,43288.24609375,20668476578,0.0292726626135395
2024-01-30,42952.609375,23842814518,0.029313102649163
2024-01-31,42582.60546875,24673628793,0.0281740867804671
2024-02-01,43075.7734375,21423953779,0.028052245078954
2024-02-02,43185.859375,18603843039,0.0266368385975193
2024-02-03,42992.25,11169245236,0.0260217374986404
2024-02-04,42583.58203125,14802225490,0.0260691551357352
2024-02-05,42658.66796875,18715487317,0.0260693922012155
2024-02-06,43084.671875,16798476726,0.0261460714084165
2024-02-07,44318.22265625,21126587775,0.0235498873676172
2024-02-08,45301.56640625,26154524080,0.0237427898763451
2024-02-09,47147.19921875,39316770844,0.0248019223450977
2024-02-10,47771.27734375,16398681570,0.0248826621098088
2024-02-11,48293.91796875,19315867136,0.0198363015026799
2024-02-12,49958.22265625,34511985805,0.0205509923061542
2024-02-13,49742.44140625,35593051468,0.0198553539180826
2024-02-14,51826.6953125,39105608050,0.0207869367699767
2024-02-15,51938.5546875,38564360533,0.0207400972604194
2024-02-16,52160.203125,28180567298,0.0205298892185653
2024-02-17,51662.99609375,20009091006,0.0192164593026466
2024-02-18,52122.546875,17595377311,0.0192170258512067
2024-02-19,51779.14453125,21362184346,0.0193570054213385
2024-02-20,52284.875,33353758256,0.0192662619830403
2024-02-21,51839.1796875,28624907020,0.0161979077246949
2024-02-22,51304.97265625,25413900611,0.0165815898798328
2024-02-23,50731.94921875,21427078270,0.0169617817674262
2024-02-24,51571.1015625,15174077879,0.0168893307862047
2024-02-25,51733.23828125,15413239245,0.0153461610471543
2024-02-26,54522.40234375,34074411896,0.0174435381630989
2024-02-27,57085.37109375,49756832031,0.01859608170418
2024-02-28,62504.7890625,83239156760,0.0235000519510473
2024-02-29,61198.3828125,65496611844,0.0240126651562588
2024-03-01,62440.6328125,40186368423,0.0237404007052168
2024-03-02,62029.84765625,23888473685,0.0240020817342818
2024-03-03,63167.37109375,26253811450,0.0239559627951573
2024-03-04,68330.4140625,70670471105,0.0265613601030631
2024-03-05,63801.19921875,102802940877,0.0303879227434495
2024-03-06,66106.8046875,68750229073,0.0305632043817648
2024-03-07,66925.484375,46989543159,0.0305537895826419
2024-03-08,68300.09375,59202881172,0.0304669333831343
2024-03-09,68498.8828125,21609650379,0.0305029821069004
2024-03-10,69019.7890625,35683977532,0.0301160412256595
2024-03-11,72123.90625,65716656765,0.0306534328496505
2024-03-12,71481.2890625,62554434520,0.0309296118373501
2024-03-13,73083.5,48212536929,0.0307311314808455
2024-03-14,71396.59375,59594605698,0.0312854891406109
2024-03-15,69403.7734375,78320453976,0.0316292404571232
2024-03-16,65315.1171875,46842198371,0.0341326886715686
2024-03-17,68390.625,44716864318,0.0348341683339045
2024-03-18,67548.59375,49261579492,0.0348896747002879
2024-03-19,61912.7734375,74215844794,0.0390496566350484
2024-03-20,67913.671875,66792634382,0.042047190175542
2024-03-21,65491.390625,44480350565,0.0428539900408444
2024-03-22,63778.76171875,41401116964,0.0432095690826043
2024-03-23,64062.203125,24738964812,0.0430899607131762
2024-03-24,67234.171875,27206630673,0.0435711751965387
2024-03-25,69958.8125,42700139523,0.0439074093782554
2024-03-26,69987.8359375,36010437368,0.0439252544701886
2024-03-27,69455.34375,40827113309,0.0432895625054399
2024-03-28,70744.953125,34374900617,0.0427474823728683
2024-03-29,69892.828125,25230851763,0.0398412327489845
2024-03-30,69645.3046875,17130241883,0.0395917222588882
2024-03-31,71333.6484375,20050941373,0.0396509755784562
2024-04-01,69702.1484375,34873527352,0.0399237312890334
2024-04-02,65446.97265625,50705240709,0.0416356363280192
2024-04-03,65980.8125,34488018367,0.0390254348959599
2024-04-04,68508.84375,34439527442,0.0374849284446581
2024-04-05,67837.640625,33748230056,0.0370143752310391
2024-04-06,68896.109375,19967785809,0.0370527430270019
2024-04-07,69362.5546875,21204930369,0.0368905943194228
2024-04-08,71631.359375,37261432669,0.0373406196534549
2024-04-09,69139.015625,36426900409,0.0379194362521529
2024-04-10,70587.8828125,38318601774,0.0372216446832696
2024-04-11,70060.609375,30153382941,0.0372115133034327
2024-04-12,67195.8671875,44129299406,0.0376856758021396
2024-04-13,63821.47265625,52869738185,0.0385563159057592
2024-04-14,65738.7265625,49084320047,0.0387329454340706
2024-04-15,63426.2109375,43595917654,0.0376793104010812
2024-04-16,63811.86328125,42847528078,0.0366532881971415
2024-04-17,61276.69140625,41915247049,0.0372752842322193
2024-04-18,63512.75390625,36006307335,0.0343829165279203
2024-04-19,63843.5703125,49920425401,0.0297382142144856
2024-04-20,64994.44140625,23097485495,0.029226820256355
2024-04-21,64926.64453125,20506644853,0.0288050838698425
2024-04-22,66837.6796875,28282686673,0.0292638131578604
2024-04-23,66407.2734375,24310975583,0.0279135591161297
2024-04-24,64276.8984375,30276655120,0.0274470402165228
2024-04-25,64481.70703125,32155786816,0.0274629384043324
2024-04-26,63755.3203125,24139372950,0.027493931124202
2024-04-27,63419.140625,19530783039,0.0272011418171306
2024-04-28,63113.23046875,17334827993,0.0271553633522881
2024-04-29,63841.12109375,26635912073,0.0272905979686328
2024-04-30,60636.85546875,37840840057,0.0281921081535135
2024-05-01,58254.01171875,48439780271,0.0287244564526015
2024-05-02,59123.43359375,32711813559,0.026850933712814
2024-05-03,62889.8359375,33172023048,0.0293161144309351
2024-05-04,63891.47265625,20620477992,0.0285717792538368
2024-05-05,64031.1328125,18296164805,0.0285470063494333
2024-05-06,63161.94921875,28697928697,0.0284299248862442
2024-05-07,62334.81640625,25930730982,0.0284296467155589
2024-05-08,61187.94140625,26088172222,0.0277306467471826
2024-05-09,63049.9609375,25453338161,0.0278478706416773
2024-05-10,60792.77734375,27804954694,0.0281179722828811
2024-05-11,60793.7109375,13842272968,0.0281282267870836
2024-05-12,61448.39453125,13800459405,0.0273678157564143
2024-05-13,62901.44921875,27889181179,0.0261771784529219
2024-05-14,61552.7890625,28186271527,0.0258166783212291
2024-05-15,66267.4921875,39815167074,0.0285110081051096
2024-05-16,65231.58203125,31573077994,0.028667426430956
2024-05-17,67051.875,28031279310,0.027973266168162
2024-05-18,66940.8046875,16712277406,0.0272846116854018
2024-05-19,66278.3671875,19249094538,0.0273586564607446
2024-05-20,71448.1953125,43850655717,0.0303863138509918
2024-05-21,70136.53125,46932005990,0.0306363026719036
2024-05-22,69122.3359375,32802561717,0.0303715427367021
2024-05-23,67929.5625,41895680979,0.0305310887227872
2024-05-24,68526.1015625,29197308153,0.0298998778371355
2024-05-25,69265.9453125,15473071741,0.0299408154703409
2024-05-26,68518.09375,15628433737,0.0299334617124949
2024-05-27,69394.5546875,25870990717,0.0299544017104689
2024-05-28,68296.21875,32722265965,0.030123019192069
2024-05-29,67578.09375,26707072906,0.0301687773762387
2024-05-30,68364.9921875,29509712534,0.0284696048057261
2024-05-31,67491.4140625,27387283769,0.0274306334634027
2024-06-01,67706.9375,11641495604,0.0273678798016085
2024-06-02,67751.6015625,17110588415,0.0251445762255967
2024-06-03,68804.78125,32401285324,0.0251377974564039
2024-06-04,70567.765625,33149696545,0.0254806896787308
2024-06-05,71082.8203125,32810771409,0.0252876414264829
2024-06-06,70757.1640625,25223152007,0.0251352786685662
2024-06-07,69342.5859375,36188381096,0.0251877764587267
2024-06-08,69305.7734375,14262185861,0.0247214649505637
2024-06-09,69647.9921875,13534028500,0.0235624592671875
2024-06-10,69512.28125,20597699541,0.0235781832961606
2024-06-11,67332.03125,37116136345,0.0244545844635042
2024-06-12,68241.1875,34497940694,0.0242357956640006
2024-06-13,66756.3984375,28955204146,0.0242471128395012
2024-06-14,66011.09375,27403884779,0.0202975855562127
2024-06-15,66191.0,14121265576,0.020086302591517
2024-06-16,66639.046875,13281140541,0.0194707263705399
2024-06-17,66490.296875,30006354476,0.0194724943565572
2024-06-18,65140.74609375,39481285950,0.0197477819077658
2024-06-19,64960.296875,21103423504,0.0136249073698872
2024-06-20,64828.65625,25641109124,0.0133131307223465
2024-06-21,64096.19921875,26188171739,0.0132266096879516
2024-06-22,64252.578125,9858198793,0.0129495636612702
2024-06-23,63180.796875,11170471802,0.0130686894909252
2024-06-24,60277.4140625,43152133651,0.0151162290100268
2024-06-25,61804.640625,29201215431,0.016000279804864
2024-06-26,60811.27734375,22506003064,0.0158643030160656
2024-06-27,61604.80078125,21231745045,0.0160159701012463
2024-06-28,60320.13671875,24952866877,0.0162897440032361
2024-06-29,60887.37890625,12652903396,0.016222526614561
2024-06-30,62678.29296875,17333226409,0.0171923439764781
2024-07-01,62851.98046875,25468379421,0.0171877406176516
2024-07-02,62029.015625,20151616992,0.0172860136692051
2024-07-03,60173.921875,29756701685,0.01762649834222
2024-07-04,56977.703125,41149609230,0.0189576851482228
2024-07-05,56662.375,55417544033,0.0187653415438407
2024-07-06,58303.5390625,20610320577,0.0198880806842833
2024-07-07,55849.109375,20553359505,0.0208448386624772
2024-07-08,56705.09765625,39766159899,0.0212137189005189
2024-07-09,58009.2265625,27849512607,0.021791407024522
2024-07-10,57742.49609375,26175260526,0.0217793741434083
2024-07-11,57344.9140625,28707803842,0.0212343273351926
2024-07-12,57899.46484375,25604805221,0.0211299023076419
2024-07-13,59231.953125,17080061806,0.0214998230384102
2024-07-14,60787.79296875,22223416061,0.0221292724084695
2024-07-15,64870.15234375,38094526099,0.0253471192096109
2024-07-16,65097.1484375,41617346768,0.0253212353020079
2024-07-17,64118.79296875,32525071311,0.0254561201174539
2024-07-18,63974.06640625,27239305337,0.0251958588702699
2024-07-19,66710.15625,37003855410,0.026355418356542
2024-07-20,67163.6484375,19029581250,0.026370853474086
2024-07-21,68154.5234375,26652190004,0.0263718195495282
2024-07-22,67585.25,42649109453,0.0264402561414426
2024-07-23,65927.671875,35605668666,0.0266730101553001
2024-07-24,65372.1328125,27470942309,0.0251420304218386
2024-07-25,65777.2265625,38315761670,0.0247983141690046
2024-07-26,67912.0625,30488630457,0.025130114072607
2024-07-27,67813.3359375,34691905492,0.0250842896563539
2024-07-28,68255.8671875,18043166945,0.0246658641432423
2024-07-29,66819.9140625,40780682628,0.0250718140047257
2024-07-30,66201.015625,31380492109,0.0246800018405132
2024-07-31,64619.25,31292785994,0.0251308217544287
2024-08-01,65357.5,40975554494,0.0250551646509333
2024-08-02,61415.06640625,43060875727,0.0270575933209638
2024-08-03,60680.09375,31753030589,0.025106081138779
2024-08-04,58116.9765625,31758917219,0.0264064035131291
2024-08-05,53991.45703125,108991085584,0.0291563537292951
2024-08-06,56034.31640625,49300484106,0.0289938166367624
2024-08-07,55027.4609375,41637562185,0.0290340523081704
2024-08-08,61710.13671875,45298472567,0.0357040781977713
2024-08-09,60880.11328125,33425553115,0.0357987488272462
2024-08-10,60945.8125,15745822278,0.0357617034206478
2024-08-11,58719.484375,22759754812,0.0364348018607222
2024-08-12,59354.515625,37078637820,0.0362471422728569
2024-08-13,60609.56640625,30327698167,0.0361353978370384
2024-08-14,58737.26953125,29961696180,0.0343905242740448
2024-08-15,57560.09765625,35682112440,0.034501494065497
2024-08-16,58894.10546875,29350938673,0.0347799792361592
2024-08-17,59478.97265625,13589684021,0.0348574395043016
2024-08-18,58483.96484375,17740625837,0.0339200444646508
2024-08-19,59493.453125,25911207712,0.0340894542659366
2024-08-20,59012.79296875,31613400008,0.0339120112708363
2024-08-21,61175.19140625,32731154072,0.0347085838192148
2024-08-22,60381.9140625,27625734377,0.0345229907262905
2024-08-23,64094.35546875,42530509233,0.0363394665642155
2024-08-24,64178.9921875,21430585163,0.0363187739495311
2024-08-25,64333.54296875,18827683555,0.0357966765859845
2024-08-26,62880.66015625,27682040631,0.0360018634501841
2024-08-27,59504.1328125,39103882198,0.0372106415216619
2024-08-28,59027.625,40289564698,0.0370842521814161
2024-08-29,59388.1796875,32224990582,0.0371167153165395
2024-08-30,59119.4765625,32292756405,0.0369141498144311
2024-08-31,58969.8984375,12403470760,0.0368152557426672
2024-09-01,57325.48828125,24592449997,0.0354423841386495
2024-09-02,59112.48046875,27036454524,0.0358932831664914
2024-09-03,57431.0234375,26666961053,0.0354039696052106
2024-09-04,57971.5390625,35627680312,0.0326168666073592
2024-09-05,56160.48828125,31030280656,0.0325091416039203
2024-09-06,53948.75390625,49361693566,0.0331772467023044
2024-09-07,54139.6875,19061486526,0.0250784432445391
2024-09-08,54841.56640625,18268287531,0.0252086041933647
2024-09-09,57019.53515625,34618096173,0.0263662739228758
2024-09-10,57648.7109375,28857630507,0.0256181067320374
2024-09-11,57343.171875,37049062672,0.0255400587358286
2024-09-12,58127.01171875,33835707949,0.0253556404525348
2024-09-13,60571.30078125,32490528356,0.0258531767812485
2024-09-14,60005.12109375,16428405496,0.0256201586877749
2024-09-15,59182.8359375,18120960867,0.02543262435585
2024-09-16,58192.5078125,32032822113,0.025548942752522
2024-09-17,60308.5390625,38075570118,0.0261990323040163
2024-09-18,61649.6796875,40990702891,0.0263172767571759
2024-09-19,62940.45703125,42710252573,0.026491889935767
2024-09-20,63192.9765625,35177164222,0.0257152923942615
2024-09-21,63394.83984375,14408616220,0.0255780722795538
2024-09-22,63648.7109375,20183348802,0.0231234814615838
2024-09-23,63329.80078125,31400285425,0.0231377918534006
2024-09-24,64301.96875,29938335243,0.0233101783371289
2024-09-25,63143.14453125,25078377700,0.0231680119644628
2024-09-26,65181.01953125,36873129847,0.0213771128192459
2024-09-27,65790.6640625,32058813449,0.0213016434602955
2024-09-28,65887.6484375,15243637984,0.0212998307321917
2024-09-29,65635.3046875,14788214575,0.0212911795503965
2024-09-30,63329.5,37112957475,0.0224479945609907
2024-10-01,60837.0078125,50220923500,0.0231021816700256
2024-10-02,60632.78515625,40762722398,0.0224706379611107
2024-10-03,60759.40234375,36106447279,0.0217590693931299
2024-10-04,62067.4765625,29585472513,0.0220083397702953
2024-10-05,62089.94921875,13305410749,0.0210573748588882
2024-10-06,62818.953125,14776233667,0.0194265294375625
2024-10-07,62236.66015625,34253562610,0.0196024388458243
2024-10-08,62131.96875,28134475157,0.0195717851146118
2024-10-09,60582.1015625,27670982363,0.0191426556123616
2024-10-10,60274.5,30452813570,0.0191082077835614
2024-10-11,62445.08984375,30327141594,0.0200309692175853
2024-10-12,63193.0234375,16744110886,0.0200023998174881
2024-10-13,62851.375,18177529690,0.0186831512484862
2024-10-14,66046.125,43706958056,0.0205372516590861
2024-10-15,67041.109375,48863870879,0.0203870785038563
2024-10-16,67612.71875,38195189534,0.0200072425625726
2024-10-17,67399.8359375,32790898511,0.0191914866003271
2024-10-18,68418.7890625,36857165014,0.0190033119002752
2024-10-19,68362.734375,14443497908,0.0187341630572807
2024-10-20,69001.703125,18975847518,0.0187712964981904
2024-10-21,67367.8515625,37498611780,0.0194024166463672
2024-10-22,67361.40625,31808472566,0.0194024712937828
2024-10-23,66432.1953125,32263980353,0.0195781612666101
2024-10-24,68161.0546875,31414428647,0.0199195051667766
2024-10-25,66642.4140625,41469984306,0.02008605555435
2024-10-26,67014.6953125,19588098156,0.0192921589372147
2024-10-27,67929.296875,16721307878,0.0193712037517529
2024-10-28,69907.7578125,38799856657,0.0200183536592508
2024-10-29,72720.4921875,58541874402,0.021114840588763
2024-10-30,72339.5390625,40646637831,0.0198601636315842
2024-10-31,70215.1875,40627912076,0.0191357973349244
2024-11-01,69482.46875,49989795365,0.019284039378357
2024-11-02,69289.2734375,18184612091,0.0193258782404317
2024-11-03,68741.1171875,34868307655,0.0191798933394242
2024-11-04,67811.5078125,41184819348,0.0194245551531603
2024-11-05,69359.5625,46046889204,0.0196936229310373
2024-11-06,75639.078125,118592653963,0.0247269625453692
2024-11-07,75904.859375,63467654989,0.0246858417838421
2024-11-08,76545.4765625,55176858003,0.0239379180373068
2024-11-09,76778.8671875,29009480361,0.0238327535042014
2024-11-10,80474.1875,82570594495,0.0243805312628589
2024-11-11,88701.484375,117966845037,0.0292923812634598
2024-11-12,87955.8125,133673285375,0.0293569771088956
2024-11-13,90584.1640625,123559027869,0.0286714486462496
2024-11-14,87250.4296875,87616705248,0.0299625772752787
2024-11-15,91066.0078125,78243109518,0.030599147395229
2024-11-16,90558.4765625,44333192814,0.0306382484844142
2024-11-17,89845.8515625,46350159305,0.0307902555755107
2024-11-18,90542.640625,75535775084,0.0307349774094432
2024-11-19,92343.7890625,74521048295,0.0307927738648779
2024-11-20,94339.4921875,71730956426,0.030189736130268
2024-11-21,98504.7265625,106024505582,0.0306612633964499
2024-11-22,98997.6640625,78473580551,0.0302888274034557
2024-11-23,97777.28125,44414644677,0.0305487350627719
2024-11-24,98013.8203125,51712020623,0.0299083669672926
2024-11-25,93102.296875,80909462490,0.0321150436567163
2024-11-26,91985.3203125,91656519855,0.0323832819169239
2024-11-27,95962.53125,71133452438,0.0327465160922907
2024-11-28,95652.46875,52260008261,0.0323732632487446
2024-11-29,97461.5234375,54968682476,0.0323017797422337
2024-11-30,96449.0546875,31634227866,0.0316674998411922
2024-12-01,97279.7890625,36590695296,0.0314203795553522
2024-12-02,95865.3046875,72680784305,0.0316762699988366
2024-12-03,96002.1640625,67067810961,0.0315307391407592
2024-12-04,98768.53125,77199817112,0.0313261047753698
2024-12-05,96593.5703125,149218945580,0.0318952056731383
2024-12-06,99920.7109375,94534772658,0.0288934590051486
2024-12-07,99923.3359375,44177510897,0.0289244173296133
2024-12-08,101236.015625,44125751925,0.0289326502215912
2024-12-09,97432.71875,110676473908,0.0301984098176965
2024-12-10,96675.4296875,104823780634,0.0294008903280931
2024-12-11,101173.03125,85391409936,0.0250552576168482
2024-12-12,100043.0,72073983533,0.0251096320492164
2024-12-13,101459.2578125,56894751583,0.0247324453752819
2024-12-14,101372.96875,40422968793,0.0234976679808267
2024-12-15,104298.6953125,51145914137,0.0228384465639224
2024-12-16,106029.71875,91020417816,0.0228566135356378
2024-12-17,106140.6015625,68589364868,0.0227370776462987
2024-12-18,100041.5390625,93865656139,0.0256158249869942
2024-12-19,97490.953125,97221662392,0.025958603705394
2024-12-20,97755.9296875,105634083408,0.0256956400676123
2024-12-21,97224.7265625,51765334294,0.0244577337178823
2024-12-22,95104.9375,43147981314,0.0247472262530016
2024-12-23,94686.2421875,65239002919,0.0246668722779402
2024-12-24,98676.09375,47114953674,0.0258482128779098
2024-12-25,99299.1953125,33700394629,0.0239507734181453
2024-12-26,95795.515625,47054980873,0.0248191581668419
2024-12-27,94164.859375,52419934565,0.0237876789582048
2024-12-28,95163.9296875,24107436185,0.02386868842089
2024-12-29,93530.2265625,29635885267,0.0237914010448988
2024-12-30,92643.2109375,56188003691,0.0237799708750288
2024-12-31,93429.203125,43625106843,0.0237781410511334
2025-01-01,94419.7578125,24519888919,0.0237370392781551
2025-01-02,96886.875,46009564411,0.024217501739684
2025-01-03,98107.4296875,35611391163,0.023750956469659
2025-01-04,98236.2265625,22342608078,0.0233836539637283
2025-01-05,98314.9609375,20525254825,0.0225232521124848
2025-01-06,102078.0859375,51823432705,0.0235738592876254
2025-01-07,96922.703125,58685738547,0.0253142161798039
2025-01-08,95043.5234375,63875859171,0.0245954436798108
2025-01-09,92484.0390625,62777261693,0.0250396544728624
2025-01-10,94701.453125,62058693684,0.0239222577809408
2025-01-11,94566.59375,18860894100,0.0238615550131618
2025-01-12,94488.4375,20885130965,0.0236728226552371
2025-01-13,94516.5234375,72978998252,0.0236762952325693
2025-01-14,96534.046875,53769675818,0.0233835962993162
2025-01-15,100504.4921875,57805923627,0.024434778775739
2025-01-16,99756.90625,54103781805,0.0244502049119848
2025-01-17,104462.0390625,71888972663,0.0235066949350908
2025-01-18,104408.0703125,50445655726,0.0229417249511093
2025-01-19,101089.609375,76789928525,0.0237939430139558
2025-01-20,102016.6640625,126279678351,0.0238040661440934
2025-01-21,106146.265625,88733878242,0.0243509481865878
2025-01-22,103653.0703125,53878181052,0.0248240815739698
2025-01-23,103960.171875,104104515428,0.0237502890884632
2025-01-24,104819.484375,52388229265,0.0237657301145895
2025-01-25,104714.6484375,23888996502,0.0226848924262945
2025-01-26,102682.5,22543395879,0.0227634228198272
2025-01-27,102087.6875,89006608428,0.0227694107094303
2025-01-28,101332.4765625,47180685494,0.0225454650572314
2025-01-29,103703.2109375,47432049818,0.022723742437332
2025-01-30,104735.3046875,41915744521,0.0227356441143379
2025-01-31,102405.0234375,45732764360,0.0231938506744606
2025-02-01,100655.90625,27757944848,0.0230466738994261
2025-02-02,97688.9765625,63091816853,0.023627637940464
2025-02-03,101405.421875,115400897748,0.0245996141869941
2025-02-04,97871.8203125,73002130211,0.0254878903815914
2025-02-05,96615.4453125,49125911241,0.0245618344784369
2025-02-06,96593.296875,45302471947,0.0226745861949324
2025-02-07,96529.0859375,55741290456,0.0223756700418067
2025-02-08,96482.453125,22447526395,0.0217531276870551
2025-02-09,96500.09375,27732901800,0.0213423126847991
2025-02-10,97437.5546875,40078962391,0.0214015417773618
2025-02-11,95747.4296875,37488783272,0.0216653406715518
2025-02-12,97885.859375,49340445530,0.0220226925422138
2025-02-13,96623.8671875,37147280860,0.0218364795743769
2025-02-14,97508.96875,32697987277,0.0205578706790429
2025-02-15,97580.3515625,17047266288,0.0205235309857933
2025-02-16,96175.03125,16536755396,0.0186530252567445
2025-02-17,95773.3828125,27336550690,0.018649869021941
2025-02-18,95539.546875,37325720482,0.0178030606355302
2025-02-19,96635.609375,28990872862,0.0178564276661269
2025-02-20,98333.9375,31668022771,0.0164826454939505
2025-02-21,96125.546875,49608706470,0.0164368947784942
2025-02-22,96577.7578125,18353824477,0.0164598457600179
2025-02-23,96273.921875,16999478976,0.0163357230133811
2025-02-24,91418.171875,44046480529,0.0186090553371047
2025-02-25,88736.171875,92139104128,0.0189823866692885
2025-02-26,84347.0234375,64597492134,0.0207487445823245
2025-02-27,84704.2265625,52659591954,0.0208370335190115
2025-02-28,84373.0078125,83610570576,0.0201068432080165
2025-03-01,86031.9140625,29190628396,0.0204550250790002
2025-03-02,94248.3515625,58398341092,0.0269149523328982
2025-03-03,86065.671875,70072228536,0.0312786205688603
2025-03-04,87222.1953125,68095241474,0.0310974736128778
2025-03-05,90623.5625,50498988027,0.031139729970836
2025-03-06,89961.7265625,47749810486,0.0305698949586172
2025-03-07,86742.671875,65945677657,0.0311344657424683
2025-03-08,86154.59375,18206118081,0.0311331066069245
2025-03-09,80601.0390625,30899345977,0.0331663390781679
2025-03-10,78532.0,54061099422,0.0333464963523755
2025-03-11,82862.2109375,54702837196,0.035119075028076
2025-03-12,83722.359375,40353484454,0.035128825174631
2025-03-13,81066.703125,31412940153,0.0354106756830776
2025-03-14,83969.1015625,29588112414,0.0358409221861509
2025-03-15,84343.109375,13650491277,0.0358502294368898
2025-03-16,82579.6875,21330270174,0.0358784448878863
2025-03-17,84075.6875,25092785558,0.0361192140838082
2025-03-18,82718.5,24095774594,0.0361367541457073
2025-03-19,86854.2265625,34931960257,0.0374495453329329
2025-03-20,84167.1953125,29028988961,0.0377999867581981
2025-03-21,84043.2421875,19030452299,0.0376893024063668
2025-03-22,83832.484375,9863214091,0.0374617187170159
2025-03-23,86054.375,12594615537,0.0377407693254648
2025-03-24,87498.9140625,34582604933,0.0378951074516306
2025-03-25,87471.703125,30005840049,0.0378990156099932
2025-03-26,86900.8828125,26704046038,0.0367841050069454
2025-03-27,87177.1015625,24413471941,0.0364065126632137
2025-03-28,84353.1484375,34198619509,0.0356994550975057
2025-03-29,82597.5859375,16969396135,0.0358937184375181
2025-03-30,82334.5234375,14763760943,0.035891811427456
2025-03-31,82548.9140625,29004228247,0.0356946338282604
2025-04-01,85169.171875,28175650319,0.0317969353307585
2025-04-02,82485.7109375,47584398470,0.0277788785316927
2025-04-03,83102.828125,36852112080,0.0276915557258377
2025-04-04,83843.8046875,45157640207,0.0267360284868262
2025-04-05,83504.796875,14380803631,0.0267226915117911
2025-04-06,78214.484375,36294853736,0.0284621390248573
2025-04-07,79235.3359375,91262424987,0.0286103195946818
2025-04-08,76271.953125,48314590749,0.0268348282914241
2025-04-09,82573.953125,84213627038,0.0302444626113353
2025-04-10,79626.140625,44718000633,0.029360326479173
2025-04-11,83404.8359375,41656778779,0.0305660464217392
2025-04-12,85287.109375,24258059104,0.0302106811544518
2025-04-13,83684.9765625,28796984817,0.0297550811575934
2025-04-14,84542.390625,34090769777,0.0298039204248495
2025-04-15,83668.9921875,28040322885,0.0296041630119969
2025-04-16,84033.8671875,29617804112,0.029430282087962
2025-04-17,84895.75,21276866029,0.0293227509822355
2025-04-18,84450.8046875,12728372364,0.0279028457575233
2025-04-19,85063.4140625,15259300427,0.0273329777966524
2025-04-20,85174.3046875,14664050812,0.0273312794130738
2025-04-21,87518.90625,41396190190,0.0277540201666578
2025-04-22,93441.890625,55899038456,0.0298143095296498
2025-04-23,93699.109375,41719568821,0.0296986029429223
2025-04-24,93943.796875,31483175315,0.029694595739506
2025-04-25,94720.5,40915232364,0.0296639858368313
2025-04-26,94646.9296875,17612825123,0.029671369206358
2025-04-27,93754.84375,18090367764,0.0290004280466519
2025-04-28,94978.75,32363449569,0.0286702636431229
2025-04-29,94284.7890625,25806129921,0.0287192995495188
2025-04-30,94207.3125,28344679831,0.0287339721418023
2025-05-01,96492.3359375,32875889623,0.0285293883866474
2025-05-02,96910.0703125,26421924677,0.027699884128203
2025-05-03,95891.796875,15775154889,0.0278481057093315
2025-05-04,94315.9765625,18198688416,0.0281050992525713
2025-05-05,94748.0546875,25816260327,0.0280647939204614
2025-05-06,96802.4765625,26551275827,0.0249374234970669
2025-05-07,97032.3203125,76983822462,0.0249265954088643
2025-05-08,103241.4609375,69895404397,0.0254111314153287
2025-05-09,102970.8515625,58198593958,0.021862816138017
2025-05-10,104696.328125,42276713994,0.0202936449525572
2025-05-11,104106.359375,46285517406,0.0191945061976313
2025-05-12,102812.953125,63250475404,0.0193131287266728
2025-05-13,104169.8125,52608876410,0.0187499535995858
2025-05-14,103539.4140625,45956071155,0.0188979014259138
2025-05-15,103744.640625,50408241840,0.0186442976043585
2025-05-16,103489.2890625,44386499364,0.0187211823628882
2025-05-17,103191.0859375,37898552742,0.0187949157094397
2025-05-18,106446.0078125,49887082058,0.0191767433429163
2025-05-19,105606.1796875,61761126647,0.0193883127936486
2025-05-20,106791.0859375,36515726122,0.0193682384992315
2025-05-21,109678.078125,78086364051,0.0193516667642357
2025-05-22,111673.28125,70157575642,0.0161200635842161
2025-05-23,107287.796875,67548133399,0.0181762476758938
2025-05-24,107791.15625,45903627163,0.0181726910990166
2025-05-25,109035.390625,47518041841,0.018204773584888
2025-05-26,109440.3671875,45950461571,0.0181767132935852
2025-05-27,108994.640625,57450176272,0.0180566384001975
2025-05-28,107802.328125,49155377493,0.0182223054306381
2025-05-29,105641.7578125,56022752042,0.0186520640348991
2025-05-30,103998.5703125,57655287183,0.0189731570621113
2025-05-31,104638.09375,38997843858,0.018578473562551
2025-06-01,105652.1015625,37397056873,0.0186198493699809
2025-06-02,105881.53125,45819706290,0.0184472026794666
2025-06-03,105432.46875,46196508367,0.0181238389477242
2025-06-04,104731.984375,44544857105,0.0182213743122032
2025-06-05,101575.953125,57479298400,0.0189025871838025
2025-06-06,104390.34375,48856653697,0.0194780105361565
2025-06-07,105615.625,38365033776,0.0160302990227482
2025-06-08,105793.6484375,36626232328,0.0160182465592934
2025-06-09,110294.1015625,55903193732,0.0174536639779025
2025-06-10,110257.234375,54700101509,0.0174029876422767
2025-06-11,108686.625,50842662052,0.0174588774823918
2025-06-12,105929.0546875,54843867968,0.0180245486057422
2025-06-13,106090.96875,69550440846,0.0179815302337807
2025-06-14,105472.40625,38007870453,0.0180207371711491
2025-06-15,105552.0234375,36744307742,0.0180117475333774
2025-06-16,106796.7578125,50366626945,0.0181098646497868
2025-06-17,104601.1171875,55964092176,0.0176237219474125
2025-06-18,104883.328125,47318089133,0.0175778129620975
2025-06-19,104684.2890625,37333806920,0.0174473206986866
2025-06-20,103309.6015625,50951862476,0.0168000343547809
2025-06-21,102257.40625,38360555118,0.0164268851554193
2025-06-22,100987.140625,65536997201,0.0149864398590935
2025-06-23,105577.7734375,65237759656,0.0171958944653206
2025-06-24,106045.6328125,48822986421,0.0170715315374688
2025-06-25,107361.2578125,51624120283,0.0172241456289437
2025-06-26,106960.0,43891990613,0.0172219355638923
2025-06-27,107088.4296875,45353692675,0.0171122798466001
2025-06-28,107327.703125,30037708335,0.0166922330515256
2025-06-29,108385.5703125,35534874438,0.0164863418893708
2025-06-30,107135.3359375,42064804590,0.0166273285685814
2025-07-01,105698.28125,44110692247,0.0167388329216174
2025-07-02,108859.3203125,56248657737,0.0175808242443031
2025-07-03,109647.9765625,50494742270,0.0175891125281851
2025-07-04,108034.3359375,42616442656,0.0177787242352195
2025-07-05,108231.1796875,30615537520,0.0167449176813208
2025-07-06,109232.0703125,36746020463,0.0161190586186114
2025-07-07,108299.8515625,45415696597,0.0161028049430738
2025-07-08,108950.2734375,44282204127,0.016129763282882
2025-07-09,111326.5546875,57927418065,0.0147400588459578
